#pragma once

#include <Arduino.h>
#include "eyes.h"

namespace anime {

  // upper eyelid lookup table (466 columns, 0-255 range)
  const uint8_t upper[932] PROGMEM = {
    147, 164, 143, 165, 140, 165, 136, 166, 134, 166, 131, 167, 129, 167, 127, 168,
    125, 169, 123, 169, 120, 170, 118, 170, 117, 171, 115, 171, 113, 172, 111, 172,
    109, 173, 108, 174, 107, 174, 105, 175, 103, 175, 102, 176, 101, 176, 99, 177,
    98, 177, 96, 178, 95, 178, 94, 179, 93, 180, 91, 180, 90, 181, 89, 181,
    88, 181, 85, 182, 84, 182, 83, 183, 82, 183, 81, 183, 80, 184, 79, 184,
    78, 185, 77, 186, 76, 186, 74, 186, 74, 187, 73, 187, 72, 188, 71, 188,
    71, 188, 70, 189, 68, 189, 68, 189, 67, 190, 66, 190, 65, 190, 64, 191,
    64, 191, 62, 192, 61, 192, 61, 192, 60, 193, 59, 193, 59, 193, 58, 194,
    57, 194, 56, 194, 55, 194, 54, 195, 54, 195, 53, 196, 52, 196, 51, 196,
    51, 197, 50, 197, 49, 198, 49, 198, 48, 198, 47, 198, 47, 199, 46, 199,
    45, 199, 45, 199, 44, 200, 43, 200, 43, 200, 42, 200, 42, 200, 41, 200,
    41, 201, 40, 201, 39, 201, 38, 201, 38, 201, 37, 202, 37, 202, 36, 203,
    36, 203, 36, 203, 35, 203, 35, 204, 33, 204, 33, 204, 32, 204, 32, 205,
    32, 205, 31, 205, 31, 205, 30, 205, 30, 206, 29, 206, 29, 206, 28, 206,
    28, 206, 27, 207, 27, 207, 26, 207, 26, 207, 25, 207, 25, 208, 25, 208,
    24, 208, 24, 209, 23, 209, 23, 209, 22, 209, 22, 209, 21, 209, 21, 210,
    21, 210, 20, 210, 20, 210, 20, 210, 19, 210, 19, 211, 19, 211, 18, 211,
    18, 211, 18, 211, 17, 212, 17, 212, 16, 212, 16, 212, 16, 212, 15, 212,
    15, 212, 15, 213, 14, 213, 14, 213, 14, 213, 14, 213, 13, 213, 13, 213,
    13, 213, 12, 214, 12, 214, 12, 214, 12, 214, 11, 215, 11, 215, 10, 215,
    10, 215, 10, 215, 10, 215, 9, 215, 9, 215, 9, 216, 9, 216, 8, 216,
    8, 216, 8, 216, 8, 216, 7, 216, 7, 216, 7, 217, 7, 217, 6, 217,
    6, 217, 6, 217, 6, 217, 6, 217, 5, 217, 5, 217, 5, 217, 4, 218,
    4, 218, 4, 218, 4, 218, 4, 218, 4, 218, 3, 218, 3, 218, 3, 218,
    3, 218, 3, 218, 3, 218, 3, 218, 2, 218, 2, 218, 2, 218, 2, 218,
    2, 219, 2, 219, 1, 219, 1, 219, 1, 219, 1, 219, 1, 219, 1, 219,
    1, 219, 1, 219, 1, 219, 1, 219, 1, 219, 1, 219, 0, 220, 0, 220,
    0, 220, 0, 220, 0, 220, 0, 220, 0, 220, 0, 220, 0, 220, 0, 220,
    0, 221, 0, 221, 0, 221, 0, 221, 0, 221, 0, 221, 0, 221, 0, 221,
    0, 221, 0, 221, 0, 221, 0, 221, 0, 221, 0, 221, 0, 221, 0, 221,
    0, 221, 0, 221, 0, 221, 0, 221, 0, 221, 0, 221, 0, 221, 0, 221,
    0, 221, 0, 221, 0, 221, 0, 221, 0, 221, 0, 221, 0, 221, 0, 221,
    0, 221, 0, 221, 0, 221, 0, 221, 0, 221, 0, 221, 0, 221, 0, 221,
    0, 221, 0, 221, 0, 221, 0, 221, 0, 221, 0, 221, 0, 221, 0, 221,
    0, 221, 0, 221, 0, 221, 0, 221, 0, 221, 0, 221, 0, 221, 0, 221,
    0, 221, 0, 221, 0, 221, 0, 221, 0, 221, 0, 221, 0, 221, 0, 221,
    0, 221, 0, 221, 0, 221, 0, 221, 0, 221, 0, 221, 0, 221, 0, 221,
    0, 221, 0, 221, 1, 221, 1, 221, 1, 221, 1, 220, 1, 220, 1, 220,
    1, 220, 1, 220, 1, 220, 2, 220, 2, 220, 2, 220, 2, 220, 2, 220,
    2, 220, 2, 220, 2, 219, 3, 219, 3, 219, 3, 219, 3, 219, 3, 219,
    3, 219, 3, 219, 4, 219, 4, 219, 4, 219, 4, 219, 4, 219, 5, 219,
    5, 219, 5, 219, 6, 218, 6, 218, 6, 218, 6, 218, 7, 218, 7, 218,
    7, 218, 7, 218, 7, 218, 8, 218, 8, 218, 8, 218, 8, 218, 9, 218,
    9, 218, 9, 218, 9, 217, 10, 217, 10, 217, 10, 217, 10, 217, 11, 217,
    11, 217, 12, 217, 12, 217, 12, 217, 13, 216, 13, 216, 13, 216, 14, 216,
    14, 216, 14, 216, 15, 216, 15, 216, 15, 215, 16, 215, 16, 215, 17, 215,
    17, 215, 18, 215, 18, 215, 18, 214, 19, 214, 19, 214, 19, 213, 20, 213,
    20, 213, 21, 213, 21, 213, 21, 213, 22, 213, 22, 212, 23, 212, 24, 212,
    24, 212, 25, 212, 25, 212, 26, 211, 26, 211, 27, 211, 27, 211, 28, 211,
    29, 211, 29, 210, 30, 210, 30, 210, 31, 210, 32, 210, 32, 209, 33, 209,
    34, 209, 35, 209, 36, 208, 36, 208, 37, 207, 37, 207, 38, 207, 39, 207,
    39, 207, 40, 206, 41, 206, 42, 206, 43, 206, 43, 205, 44, 205, 45, 205,
    46, 205, 47, 204, 48, 204, 49, 204, 50, 204, 51, 203, 52, 203, 53, 203,
    54, 202, 54, 202, 55, 201, 56, 201, 58, 201, 59, 200, 60, 200, 61, 200,
    62, 199, 65, 199, 66, 199, 67, 198, 69, 198, 71, 197, 72, 196, 73, 196,
    74, 196, 76, 195, 78, 195, 79, 194, 81, 194, 83, 193, 84, 193, 87, 193,
    88, 192, 90, 192, 92, 191, 94, 190, 96, 190, 99, 189, 101, 189, 103, 188,
    106, 187, 109, 187, 111, 186, 114, 186, 118, 185, 122, 184, 126, 183, 130, 182,
    135, 182, 142, 181,
  };

  // lower eyelid lookup table (466 columns, 0-255 range)
  const uint8_t lower[932] PROGMEM = {
    166, 163, 167, 163, 168, 163, 169, 163, 170, 164, 171, 164, 172, 165, 174, 165,
    175, 165, 175, 166, 176, 166, 177, 167, 178, 167, 179, 167, 180, 168, 181, 169,
    181, 169, 182, 170, 183, 170, 184, 170, 185, 171, 186, 171, 187, 172, 188, 172,
    188, 173, 189, 173, 190, 174, 191, 174, 192, 175, 193, 175, 193, 175, 194, 176,
    195, 176, 196, 177, 197, 177, 198, 178, 198, 178, 199, 179, 199, 179, 200, 180,
    200, 180, 201, 180, 202, 181, 203, 181, 203, 181, 204, 181, 205, 182, 205, 182,
    206, 182, 206, 183, 207, 183, 207, 183, 208, 184, 209, 184, 209, 184, 210, 185,
    210, 185, 211, 186, 211, 186, 212, 186, 213, 187, 213, 187, 214, 187, 214, 188,
    215, 188, 215, 188, 216, 189, 216, 189, 217, 189, 217, 190, 218, 190, 218, 190,
    219, 190, 219, 191, 219, 192, 220, 192, 221, 192, 221, 192, 222, 193, 222, 193,
    222, 193, 223, 193, 223, 194, 224, 194, 224, 194, 224, 194, 225, 195, 225, 195,
    226, 195, 226, 195, 227, 196, 227, 196, 228, 196, 228, 196, 228, 197, 229, 197,
    229, 197, 229, 198, 230, 198, 230, 198, 231, 199, 232, 199, 232, 199, 232, 199,
    233, 199, 233, 199, 233, 199, 233, 200, 234, 200, 234, 200, 234, 200, 235, 200,
    235, 201, 235, 201, 236, 201, 236, 201, 236, 201, 236, 202, 236, 202, 236, 202,
    237, 203, 238, 203, 238, 203, 238, 203, 238, 203, 239, 203, 239, 204, 239, 204,
    239, 204, 240, 204, 240, 204, 240, 205, 240, 205, 241, 205, 241, 205, 241, 205,
    241, 206, 242, 206, 242, 206, 242, 206, 242, 206, 243, 206, 243, 206, 243, 207,
    244, 207, 244, 207, 244, 207, 244, 207, 245, 207, 245, 207, 245, 208, 245, 208,
    245, 208, 245, 209, 246, 209, 246, 209, 246, 209, 246, 209, 246, 209, 247, 209,
    247, 209, 247, 210, 247, 210, 247, 210, 247, 210, 248, 210, 248, 210, 248, 210,
    248, 211, 248, 211, 249, 211, 249, 211, 249, 211, 249, 211, 250, 211, 250, 211,
    250, 212, 250, 212, 250, 212, 250, 212, 250, 212, 251, 212, 251, 212, 251, 212,
    251, 212, 251, 212, 251, 213, 251, 213, 251, 213, 251, 213, 252, 213, 252, 213,
    252, 213, 252, 213, 252, 213, 252, 213, 252, 213, 252, 214, 252, 214, 253, 214,
    253, 214, 253, 215, 253, 215, 253, 215, 253, 215, 253, 215, 253, 215, 253, 215,
    253, 215, 253, 215, 254, 215, 254, 215, 254, 215, 254, 215, 254, 215, 254, 215,
    254, 216, 254, 216, 254, 216, 254, 216, 254, 216, 254, 216, 254, 216, 254, 216,
    254, 216, 254, 216, 254, 216, 254, 216, 254, 216, 254, 216, 254, 216, 254, 216,
    254, 216, 254, 216, 254, 216, 254, 216, 254, 216, 254, 216, 254, 216, 254, 216,
    254, 216, 254, 216, 254, 216, 254, 216, 254, 216, 254, 216, 254, 216, 254, 217,
    254, 217, 254, 217, 254, 217, 254, 217, 254, 217, 254, 217, 254, 217, 254, 217,
    254, 217, 254, 217, 254, 217, 254, 217, 254, 217, 254, 217, 254, 217, 254, 217,
    254, 217, 254, 217, 254, 217, 254, 217, 254, 217, 254, 217, 254, 217, 254, 217,
    254, 217, 254, 217, 254, 217, 254, 217, 254, 217, 254, 217, 254, 217, 254, 217,
    253, 217, 253, 217, 253, 216, 253, 216, 253, 216, 253, 216, 253, 216, 253, 216,
    253, 216, 253, 216, 253, 216, 253, 216, 253, 216, 253, 216, 253, 216, 253, 216,
    253, 216, 252, 216, 252, 216, 252, 216, 252, 216, 252, 216, 252, 216, 252, 216,
    252, 216, 252, 216, 251, 216, 251, 216, 251, 216, 251, 216, 251, 216, 251, 216,
    251, 216, 251, 216, 251, 216, 250, 216, 250, 216, 250, 215, 250, 215, 250, 215,
    250, 215, 250, 215, 249, 215, 249, 215, 249, 215, 249, 215, 248, 215, 248, 215,
    248, 215, 248, 215, 248, 215, 248, 215, 247, 215, 247, 214, 247, 214, 247, 214,
    247, 214, 246, 214, 246, 213, 246, 213, 246, 213, 246, 213, 245, 213, 245, 213,
    245, 213, 245, 213, 245, 213, 245, 213, 244, 212, 244, 212, 244, 212, 244, 212,
    243, 212, 243, 212, 243, 212, 242, 212, 242, 211, 242, 211, 242, 211, 241, 211,
    241, 211, 241, 211, 241, 211, 241, 211, 240, 210, 240, 210, 240, 210, 239, 210,
    239, 210, 239, 210, 239, 209, 238, 209, 238, 209, 238, 209, 237, 209, 237, 209,
    236, 208, 236, 208, 236, 208, 236, 207, 236, 207, 235, 207, 235, 207, 235, 207,
    235, 207, 234, 206, 234, 206, 234, 206, 233, 206, 233, 206, 233, 205, 232, 205,
    232, 205, 232, 205, 231, 205, 230, 205, 230, 204, 230, 204, 229, 204, 229, 204,
    228, 203, 228, 203, 228, 203, 227, 203, 227, 202, 226, 202, 225, 201, 225, 201,
    225, 201, 224, 201, 224, 200, 223, 200, 223, 200, 223, 200, 222, 199, 222, 199,
    221, 199, 221, 199, 220, 199, 219, 199, 219, 198, 218, 198, 218, 198, 217, 198,
    217, 197, 217, 196, 216, 196, 216, 196, 215, 196, 215, 195, 214, 195, 213, 195,
    212, 194, 211, 194, 211, 193, 210, 193, 210, 193, 209, 192, 208, 192, 207, 191,
    207, 191, 206, 190, 205, 190, 204, 189, 204, 189, 203, 189, 202, 188, 201, 188,
    200, 187, 200, 187, 199, 186, 198, 186, 198, 185, 196, 184, 195, 184, 194, 183,
    193, 183, 193, 182, 192, 181, 190, 181, 189, 181, 188, 180, 187, 180, 186, 179,
    184, 178, 183, 178,
  };

  // iris_texture (256x116 px, RGB565 angle-major: T[angle*116+radius])
  const uint16_t iris_texture[29696] PROGMEM = {
    0x3087, 0x3088, 0x3089, 0x38A9, 0x38AA, 0x40AB, 0x40AB, 0x48CD,
    0x48ED, 0x50EE, 0x58EF, 0x6110, 0x6110, 0x6110, 0x50ED, 0x40CB,
    0x40CB, 0x48CC, 0x48CC, 0x48CC, 0x48CC, 0x48CC, 0x48CC, 0x48CC,
    0x40CC, 0x40CC, 0x40CC, 0x40CB, 0x40CB, 0x40CB, 0x40CB, 0x40CB,
    0x40CB, 0x40CB, 0x40AB, 0x40AB, 0x40AB, 0x38AB, 0x38AA, 0x38AA,
    0x38AA, 0x38AA, 0x38AA, 0x38A9, 0x30A9, 0x3089, 0x3089, 0x3088,
    0x3088, 0x3088, 0x2888, 0x2867, 0x2867, 0x2867, 0x2867, 0x2066,
    0x2066, 0x2066, 0x2045, 0x2045, 0x1845, 0x1845, 0x1844, 0x1844,
    0x1844, 0x1844, 0x1044, 0x1024, 0x1023, 0x1023, 0x1023, 0x1023,
    0x1023, 0x1023, 0x1023, 0x0822, 0x0822, 0x0822, 0x0822, 0x0822,
    0x0822, 0x0822, 0x0822, 0x0802, 0x0802, 0x0802, 0x0802, 0x0802,
    0x0801, 0x0020, 0x1003, 0x1806, 0x0804, 0x0000, 0x0000, 0x0000,
    0x0000, 0x0000, 0x0000, 0x0000, 0x0000, 0x0000, 0x0000, 0x0000,
    0x0000, 0x0000, 0x0000, 0x0000, 0x0000, 0x0000, 0x0000, 0x0000,
    0x0000, 0x0000, 0x0000, 0x0000, 0x3087, 0x3088, 0x3089, 0x38A9,
    0x38AA, 0x40AB, 0x40AB, 0x48CD, 0x48ED, 0x50EE, 0x58EF, 0x6110,
    0x6110, 0x6110, 0x50ED, 0x40CB, 0x40CB, 0x48CC, 0x48CC, 0x48CC,
    0x48CC, 0x48CC, 0x48CC, 0x48CC, 0x40CC, 0x40CC, 0x40CC, 0x40CB,
    0x40CB, 0x40CB, 0x40CB, 0x40CB, 0x40CB, 0x40CB, 0x40AB, 0x40AB,
    0x40AB, 0x38AB, 0x38AA, 0x38AA, 0x38AA, 0x38AA, 0x38AA, 0x38A9,
    0x30A9, 0x3089, 0x3089, 0x3088, 0x3088, 0x3088, 0x2888, 0x2887,
    0x2867, 0x2867, 0x2867, 0x2066, 0x2066, 0x2066, 0x2045, 0x2045,
    0x1845, 0x1845, 0x1844, 0x1844, 0x1844, 0x1044, 0x1044, 0x1024,
    0x1023, 0x1023, 0x1023, 0x1023, 0x1023, 0x1023, 0x1023, 0x0822,
    0x0822, 0x0822, 0x0822, 0x0822, 0x0822, 0x0822, 0x0822, 0x0802,
    0x0802, 0x0802, 0x0802, 0x0802, 0x0801, 0x0020, 0x1003, 0x1806,
    0x1004, 0x0000, 0x0000, 0x0000, 0x0000, 0x0000, 0x0000, 0x0000,
    0x0000, 0x0000, 0x0000, 0x0000, 0x0000, 0x0000, 0x0000, 0x0000,
    0x0000, 0x0000, 0x0000, 0x0000, 0x0000, 0x0000, 0x0000, 0x0000,
    0x3087, 0x3088, 0x3089, 0x38A9, 0x38AA, 0x40AB, 0x40AB, 0x48CD,
    0x48ED, 0x50EE, 0x58EF, 0x6110, 0x6110, 0x6110, 0x50ED, 0x40CB,
    0x40CB, 0x48CC, 0x48CC, 0x48CC, 0x48CC, 0x48CC, 0x48CC, 0x48CC,
    0x40CC, 0x40CC, 0x40CC, 0x40CB, 0x40CB, 0x40CB, 0x40CB, 0x40CB,
    0x40CB, 0x40CB, 0x40AB, 0x40AB, 0x40AB, 0x40AB, 0x38AA, 0x38AA,
    0x38AA, 0x38AA, 0x38AA, 0x38A9, 0x30A9, 0x3089, 0x3089, 0x3088,
    0x3088, 0x3088, 0x2888, 0x2887, 0x2867, 0x2867, 0x2867, 0x2066,
    0x2066, 0x2066, 0x2045, 0x2045, 0x1845, 0x1845, 0x1844, 0x1844,
    0x1844, 0x1044, 0x1044, 0x1023, 0x1023, 0x1023, 0x1023, 0x1023,
    0x1023, 0x1023, 0x1023, 0x1022, 0x0822, 0x0822, 0x0822, 0x0822,
    0x0822, 0x0822, 0x0822, 0x0802, 0x0802, 0x0802, 0x0802, 0x0802,
    0x0801, 0x0020, 0x1003, 0x1806, 0x1004, 0x0001, 0x0000, 0x0000,
    0x0000, 0x0000, 0x0000, 0x0000, 0x0000, 0x0000, 0x0000, 0x0000,
    0x0000, 0x0000, 0x0000, 0x0000, 0x0000, 0x0000, 0x0000, 0x0000,
    0x0000, 0x0000, 0x0000, 0x0000, 0x3087, 0x3088, 0x3089, 0x38A9,
    0x38AA, 0x40AB, 0x40AB, 0x48CD, 0x48ED, 0x50EE, 0x58EF, 0x6110,
    0x6110, 0x6110, 0x50ED, 0x40CB, 0x40CB, 0x48CC, 0x48CC, 0x48CC,
    0x48CC, 0x48CC, 0x48CC, 0x48CC, 0x40CC, 0x40CC, 0x40CC, 0x40CB,
    0x40CB, 0x40CB, 0x40CB, 0x40CB, 0x40CB, 0x40CB, 0x40AB, 0x40AB,
    0x40AB, 0x38AB, 0x38AA, 0x38AA, 0x38AA, 0x38AA, 0x38AA, 0x38A9,
    0x30A9, 0x3089, 0x3089, 0x3088, 0x3088, 0x3088, 0x2888, 0x2887,
    0x2887, 0x2867, 0x2867, 0x2066, 0x2066, 0x2066, 0x2045, 0x2045,
    0x1845, 0x1845, 0x1844, 0x1844, 0x1844, 0x1044, 0x1044, 0x1023,
    0x1023, 0x1023, 0x1023, 0x1023, 0x1023, 0x1023, 0x1023, 0x1022,
    0x1022, 0x0822, 0x0822, 0x0822, 0x0822, 0x0822, 0x0822, 0x0802,
    0x0802, 0x0802, 0x0802, 0x0802, 0x0801, 0x0020, 0x1003, 0x1806,
    0x1004, 0x0001, 0x0000, 0x0000, 0x0000, 0x0000, 0x0000, 0x0000,
    0x0000, 0x0000, 0x0000, 0x0000, 0x0000, 0x0000, 0x0000, 0x0000,
    0x0000, 0x0000, 0x0000, 0x0000, 0x0000, 0x0000, 0x0000, 0x0000,
    0x2867, 0x3088, 0x3089, 0x38A9, 0x38AA, 0x40AB, 0x40CC, 0x48CD,
    0x48ED, 0x50EE, 0x58EF, 0x6110, 0x6110, 0x6110, 0x50ED, 0x40CB,
    0x40CB, 0x48CC, 0x48CC, 0x48CC, 0x48CC, 0x48CC, 0x48CC, 0x48CC,
    0x40CC, 0x40CC, 0x40CC, 0x40CB, 0x40CB, 0x40CB, 0x40CB, 0x40CB,
    0x40CB, 0x40CB, 0x40AB, 0x40AB, 0x40AB, 0x38AB, 0x38AA, 0x38AA,
    0x38AA, 0x38AA, 0x38AA, 0x38A9, 0x30A9, 0x3089, 0x3089, 0x3088,
    0x3088, 0x3088, 0x2888, 0x2887, 0x2887, 0x2867, 0x2867, 0x2066,
    0x2066, 0x2066, 0x2046, 0x2045, 0x1845, 0x1845, 0x1844, 0x1844,
    0x1844, 0x1044, 0x1044, 0x1023, 0x1023, 0x1023, 0x1023, 0x1023,
    0x1023, 0x1023, 0x1023, 0x1023, 0x0822, 0x0822, 0x0822, 0x0822,
    0x0822, 0x0822, 0x0822, 0x0822, 0x0822, 0x0802, 0x0802, 0x0802,
    0x0801, 0x0000, 0x1003, 0x1806, 0x0804, 0x0001, 0x0000, 0x0000,
    0x0000, 0x0000, 0x0000, 0x0000, 0x0000, 0x0000, 0x0000, 0x0000,
    0x0000, 0x0000, 0x0000, 0x0000, 0x0000, 0x0000, 0x0000, 0x0000,
    0x0000, 0x0000, 0x0000, 0x0000, 0x2867, 0x3067, 0x3088, 0x38A9,
    0x38AA, 0x40AB, 0x40CC, 0x48CD, 0x48ED, 0x50EE, 0x58EF, 0x6110,
    0x6110, 0x6110, 0x50ED, 0x40CB, 0x40CB, 0x48CC, 0x48CC, 0x48CC,
    0x48CC, 0x48CC, 0x48CC, 0x48CC, 0x40CC, 0x40CC, 0x40CC, 0x40CC,
    0x40CB, 0x40CB, 0x40CB, 0x40CB, 0x40CB, 0x40CB, 0x40AB, 0x40AB,
    0x40AB, 0x40AB, 0x38AA, 0x38AA, 0x38AA, 0x38AA, 0x38AA, 0x38A9,
    0x30A9, 0x3089, 0x3089, 0x3088, 0x3088, 0x3088, 0x2888, 0x2887,
    0x2887, 0x2867, 0x2867, 0x2066, 0x2066, 0x2066, 0x2046, 0x2045,
    0x1845, 0x1845, 0x1845, 0x1844, 0x1844, 0x1844, 0x1044, 0x1024,
    0x1023, 0x1023, 0x1023, 0x1023, 0x1023, 0x1023, 0x1023, 0x0823,
    0x0822, 0x0822, 0x0822, 0x0822, 0x0822, 0x0822, 0x0822, 0x0822,
    0x0822, 0x0802, 0x0802, 0x0802, 0x0801, 0x0000, 0x1003, 0x1806,
    0x0804, 0x0001, 0x0000, 0x0000, 0x0000, 0x0000, 0x0000, 0x0000,
    0x0000, 0x0000, 0x0000, 0x0000, 0x0000, 0x0000, 0x0000, 0x0000,
    0x0000, 0x0000, 0x0000, 0x0000, 0x0000, 0x0000, 0x0000, 0x0000,
    0x2867, 0x3067, 0x3088, 0x38A9, 0x38AA, 0x40AB, 0x40CC, 0x48CD,
    0x48CD, 0x50EE, 0x58EF, 0x6110, 0x6110, 0x6110, 0x50ED, 0x40CB,
    0x40CB, 0x48CC, 0x48CC, 0x48CC, 0x48CC, 0x48CC, 0x48CC, 0x48CC,
    0x40CC, 0x40CC, 0x40CC, 0x40CC, 0x40CC, 0x40CB, 0x40CB, 0x40CB,
    0x40CB, 0x40CB, 0x40AB, 0x40AB, 0x40AB, 0x40AB, 0x40AA, 0x38AA,
    0x38AA, 0x38AA, 0x38AA, 0x38AA, 0x30A9, 0x3089, 0x3089, 0x3089,
    0x3088, 0x3088, 0x2888, 0x2887, 0x2887, 0x2867, 0x2867, 0x2066,
    0x2066, 0x2046, 0x2046, 0x2045, 0x2045, 0x1845, 0x1845, 0x1844,
    0x1844, 0x1844, 0x1044, 0x1024, 0x1023, 0x1023, 0x1023, 0x1023,
    0x1023, 0x1023, 0x1023, 0x0823, 0x0822, 0x0822, 0x0822, 0x0822,
    0x0822, 0x0822, 0x0822, 0x0822, 0x0822, 0x0822, 0x0822, 0x0822,
    0x0821, 0x0021, 0x1003, 0x1806, 0x0804, 0x0001, 0x0000, 0x0000,
    0x0000, 0x0000, 0x0000, 0x0000, 0x0000, 0x0000, 0x0000, 0x0000,
    0x0000, 0x0000, 0x0000, 0x0000, 0x0000, 0x0000, 0x0000, 0x0000,
    0x0000, 0x0000, 0x0000, 0x0000, 0x2867, 0x3088, 0x3088, 0x38A9,
    0x38AA, 0x40AB, 0x40CB, 0x48CD, 0x48ED, 0x50EE, 0x58EF, 0x6110,
    0x6110, 0x6110, 0x50ED, 0x40CB, 0x40CB, 0x48CC, 0x48CC, 0x48CC,
    0x48CC, 0x48CC, 0x48CC, 0x48CC, 0x40CC, 0x40CC, 0x40CC, 0x40CC,
    0x40CC, 0x40CB, 0x40CB, 0x40CB, 0x40CB, 0x40CB, 0x40AB, 0x40AB,
    0x40AB, 0x40AB, 0x40AA, 0x38AA, 0x38AA, 0x38AA, 0x38AA, 0x38AA,
    0x38A9, 0x3089, 0x3089, 0x3089, 0x3088, 0x3088, 0x2888, 0x2888,
    0x2887, 0x2867, 0x2867, 0x2066, 0x2066, 0x2066, 0x2046, 0x2045,
    0x2045, 0x1845, 0x1845, 0x1844, 0x1844, 0x1844, 0x1844, 0x1024,
    0x1024, 0x1023, 0x1023, 0x1023, 0x1023, 0x1023, 0x1023, 0x1023,
    0x0822, 0x0822, 0x0822, 0x0822, 0x0822, 0x0822, 0x0822, 0x0822,
    0x0822, 0x0822, 0x0822, 0x0822, 0x0821, 0x0021, 0x1003, 0x1806,
    0x1004, 0x0001, 0x0000, 0x0000, 0x0000, 0x0000, 0x0000, 0x0000,
    0x0000, 0x0000, 0x0000, 0x0000, 0x0000, 0x0000, 0x0000, 0x0000,
    0x0000, 0x0000, 0x0000, 0x0000, 0x0000, 0x0000, 0x0000, 0x0000,
    0x3087, 0x3088, 0x3088, 0x38A9, 0x38AA, 0x40AB, 0x40AB, 0x48CD,
    0x48EE, 0x50EE, 0x590F, 0x6110, 0x6110, 0x6110, 0x50ED, 0x40CB,
    0x40CB, 0x48CC, 0x48CC, 0x48CC, 0x48CC, 0x48CC, 0x48CC, 0x48CC,
    0x40CC, 0x40CC, 0x40CC, 0x40CC, 0x40CC, 0x40CB, 0x40CB, 0x40CB,
    0x40CB, 0x40CB, 0x40AB, 0x40AB, 0x40AB, 0x40AA, 0x40AA, 0x38AA,
    0x38AA, 0x38AA, 0x38AA, 0x38A9, 0x38A9, 0x3089, 0x3089, 0x3089,
    0x3088, 0x3088, 0x2888, 0x2888, 0x2887, 0x2867, 0x2867, 0x2067,
    0x2066, 0x2066, 0x2066, 0x2065, 0x2045, 0x1845, 0x1845, 0x1844,
    0x1844, 0x1844, 0x1844, 0x1044, 0x1044, 0x1043, 0x1023, 0x1023,
    0x1023, 0x1023, 0x1023, 0x1023, 0x1023, 0x0822, 0x0822, 0x0822,
    0x0822, 0x0822, 0x0822, 0x0822, 0x0822, 0x0822, 0x0822, 0x0822,
    0x0821, 0x0021, 0x1003, 0x1806, 0x1004, 0x0001, 0x0000, 0x0000,
    0x0000, 0x0000, 0x0000, 0x0000, 0x0000, 0x0000, 0x0000, 0x0000,
    0x0000, 0x0000, 0x0000, 0x0000, 0x0000, 0x0000, 0x0000, 0x0000,
    0x0000, 0x0000, 0x0000, 0x0000, 0x3088, 0x3088, 0x3088, 0x38A9,
    0x38CA, 0x40CB, 0x40CB, 0x48CD, 0x48EE, 0x510E, 0x590F, 0x6110,
    0x6110, 0x6110, 0x50ED, 0x40CB, 0x40CB, 0x48CC, 0x48CC, 0x48CC,
    0x48CC, 0x48CC, 0x48CC, 0x48CC, 0x40CC, 0x40CC, 0x40CC, 0x40CC,
    0x40CC, 0x40CC, 0x40CB, 0x40CB, 0x40CB, 0x40CB, 0x40AB, 0x40AB,
    0x40AB, 0x40AB, 0x38AA, 0x38AA, 0x38AA, 0x38AA, 0x38AA, 0x38A9,
    0x38A9, 0x3889, 0x3089, 0x3089, 0x3088, 0x3088, 0x3088, 0x2888,
    0x2887, 0x2867, 0x2867, 0x2866, 0x2066, 0x2066, 0x2066, 0x2065,
    0x2045, 0x1845, 0x1845, 0x1845, 0x1844, 0x1844, 0x1844, 0x1844,
    0x1044, 0x1024, 0x1023, 0x1023, 0x1023, 0x1023, 0x1023, 0x1023,
    0x1023, 0x1023, 0x0822, 0x0822, 0x0822, 0x0822, 0x0822, 0x0822,
    0x0822, 0x0822, 0x0822, 0x0822, 0x0822, 0x0021, 0x1003, 0x1806,
    0x0804, 0x0000, 0x0000, 0x0000, 0x0000, 0x0000, 0x0000, 0x0000,
    0x0000, 0x0000, 0x0000, 0x0000, 0x0000, 0x0000, 0x0000, 0x0000,
    0x0000, 0x0000, 0x0000, 0x0000, 0x0000, 0x0000, 0x0000, 0x0000,
    0x3088, 0x3088, 0x3088, 0x38A9, 0x38CA, 0x40CB, 0x40CB, 0x48CD,
    0x48EE, 0x510E, 0x590F, 0x6110, 0x6110, 0x6110, 0x50ED, 0x40CB,
    0x40CB, 0x48CC, 0x48CC, 0x48CC, 0x48CC, 0x48CC, 0x48CC, 0x48CC,
    0x40CC, 0x40CC, 0x40CC, 0x40CC, 0x40CC, 0x40CB, 0x40CB, 0x40CB,
    0x40CB, 0x40CB, 0x40AB, 0x40AB, 0x40AB, 0x40AB, 0x38AB, 0x38AA,
    0x38AA, 0x38AA, 0x38AA, 0x38AA, 0x38A9, 0x3889, 0x3089, 0x3089,
    0x3088, 0x3088, 0x3088, 0x3088, 0x2867, 0x2867, 0x2867, 0x2867,
    0x2066, 0x2066, 0x2066, 0x2066, 0x2045, 0x2045, 0x1845, 0x1845,
    0x1844, 0x1844, 0x1844, 0x1844, 0x1044, 0x1024, 0x1023, 0x1023,
    0x1023, 0x1023, 0x1023, 0x1023, 0x1023, 0x1023, 0x1023, 0x1023,
    0x1023, 0x1023, 0x0822, 0x0822, 0x0822, 0x0822, 0x0822, 0x0802,
    0x0822, 0x0021, 0x1003, 0x1806, 0x0804, 0x0000, 0x0000, 0x0000,
    0x0000, 0x0000, 0x0000, 0x0000, 0x0000, 0x0000, 0x0000, 0x0000,
    0x0000, 0x0000, 0x0000, 0x0000, 0x0000, 0x0000, 0x0000, 0x0000,
    0x0000, 0x0000, 0x0000, 0x0000, 0x3087, 0x3088, 0x3088, 0x38A9,
    0x38AA, 0x40AB, 0x40AB, 0x48CD, 0x48EE, 0x50EE, 0x590F, 0x6110,
    0x6110, 0x6110, 0x50ED, 0x40CB, 0x40CB, 0x48CC, 0x48CC, 0x48CC,
    0x48CC, 0x48CC, 0x48CC, 0x48CC, 0x40CC, 0x40CC, 0x40CC, 0x40CC,
    0x40CC, 0x40CB, 0x40CB, 0x40CB, 0x40CB, 0x40CB, 0x40AB, 0x40AB,
    0x40AB, 0x40AB, 0x40AB, 0x38AA, 0x38AA, 0x38AA, 0x38AA, 0x38AA,
    0x38A9, 0x3889, 0x3089, 0x3089, 0x3089, 0x3088, 0x3088, 0x2888,
    0x2887, 0x2867, 0x2867, 0x2867, 0x2066, 0x2066, 0x2066, 0x2066,
    0x2045, 0x2045, 0x1845, 0x1845, 0x1845, 0x1844, 0x1844, 0x1844,
    0x1844, 0x1024, 0x1024, 0x1023, 0x1023, 0x1023, 0x1023, 0x1023,
    0x1023, 0x1023, 0x1023, 0x1023, 0x1023, 0x0823, 0x0822, 0x0822,
    0x0822, 0x0822, 0x0822, 0x0823, 0x0822, 0x0821, 0x1023, 0x1806,
    0x0803, 0x0000, 0x0000, 0x0000, 0x0000, 0x0000, 0x0000, 0x0000,
    0x0000, 0x0000, 0x0000, 0x0000, 0x0000, 0x0000, 0x0000, 0x0000,
    0x0000, 0x0000, 0x0000, 0x0000, 0x0000, 0x0000, 0x0000, 0x0000,
    0x2867, 0x3067, 0x3088, 0x38A9, 0x38AA, 0x40AB, 0x40AB, 0x48CD,
    0x48ED, 0x50EE, 0x58EF, 0x6110, 0x6130, 0x6110, 0x50ED, 0x40CB,
    0x40CB, 0x48CC, 0x48CC, 0x48CC, 0x48CC, 0x48CC, 0x48CC, 0x48CC,
    0x40CC, 0x40CC, 0x40CC, 0x40CC, 0x40CC, 0x40CB, 0x40CB, 0x40CB,
    0x40AB, 0x40CB, 0x40CB, 0x40CB, 0x40AB, 0x40AB, 0x40AA, 0x40AA,
    0x38AA, 0x38AA, 0x38AA, 0x38AA, 0x38A9, 0x38A9, 0x30A9, 0x3089,
    0x3089, 0x3088, 0x3088, 0x2888, 0x2888, 0x2887, 0x2867, 0x2867,
    0x2066, 0x2066, 0x2066, 0x2066, 0x2066, 0x2065, 0x1845, 0x1845,
    0x1845, 0x1844, 0x1844, 0x1844, 0x1844, 0x1844, 0x1024, 0x1024,
    0x1023, 0x1023, 0x1023, 0x1023, 0x1023, 0x1023, 0x1023, 0x1023,
    0x1023, 0x1023, 0x1023, 0x1023, 0x1022, 0x1022, 0x1022, 0x1023,
    0x0822, 0x0821, 0x1024, 0x1806, 0x0803, 0x0000, 0x0000, 0x0000,
    0x0000, 0x0000, 0x0000, 0x0000, 0x0000, 0x0000, 0x0000, 0x0000,
    0x0000, 0x0000, 0x0000, 0x0000, 0x0000, 0x0000, 0x0000, 0x0000,
    0x0000, 0x0000, 0x0000, 0x0000, 0x2867, 0x3067, 0x3088, 0x38A9,
    0x38AA, 0x40AB, 0x40CC, 0x48CD, 0x48CD, 0x50CE, 0x58EF, 0x6130,
    0x6131, 0x6110, 0x50ED, 0x40CB, 0x40CB, 0x48CC, 0x48CC, 0x48CC,
    0x48CC, 0x48CC, 0x48CC, 0x48CC, 0x40CC, 0x40CC, 0x40CC, 0x40CC,
    0x40CC, 0x40CB, 0x40CB, 0x40CB, 0x40CB, 0x40CB, 0x40CB, 0x40CB,
    0x40AB, 0x40AB, 0x40AA, 0x40AA, 0x38AA, 0x38AA, 0x38AA, 0x38AA,
    0x38A9, 0x38A9, 0x30A9, 0x30A9, 0x3089, 0x3088, 0x3088, 0x3088,
    0x2888, 0x2887, 0x2887, 0x2867, 0x2867, 0x2066, 0x2066, 0x2066,
    0x2066, 0x2065, 0x1845, 0x1845, 0x1845, 0x1845, 0x1844, 0x1844,
    0x1844, 0x1844, 0x1844, 0x1024, 0x1024, 0x1043, 0x1023, 0x1023,
    0x1023, 0x1023, 0x1023, 0x1023, 0x1023, 0x1023, 0x1023, 0x1023,
    0x1023, 0x1023, 0x1022, 0x1023, 0x0822, 0x0821, 0x1024, 0x1806,
    0x0803, 0x0000, 0x0000, 0x0000, 0x0000, 0x0000, 0x0000, 0x0000,
    0x0000, 0x0000, 0x0000, 0x0000, 0x0000, 0x0000, 0x0000, 0x0000,
    0x0000, 0x0000, 0x0000, 0x0000, 0x0000, 0x0000, 0x0000, 0x0000,
    0x2867, 0x3087, 0x30A9, 0x38A9, 0x38AA, 0x40AB, 0x40CC, 0x48CD,
    0x48CD, 0x50CE, 0x58EF, 0x6110, 0x6131, 0x6110, 0x50ED, 0x40CB,
    0x40CB, 0x48CC, 0x48CC, 0x48CC, 0x48CC, 0x48CC, 0x48CC, 0x48CC,
    0x40CC, 0x40CC, 0x40CC, 0x40CC, 0x40CB, 0x40CB, 0x40CB, 0x40CB,
    0x40CB, 0x40CB, 0x40CB, 0x40CB, 0x40AB, 0x40AB, 0x40AB, 0x38AA,
    0x38AA, 0x38AA, 0x38AA, 0x38AA, 0x38A9, 0x38A9, 0x30A9, 0x3089,
    0x3089, 0x3088, 0x3088, 0x3088, 0x3088, 0x2888, 0x2867, 0x2867,
    0x2867, 0x2867, 0x2066, 0x2066, 0x2066, 0x2066, 0x2045, 0x1845,
    0x1845, 0x1845, 0x1845, 0x1844, 0x1844, 0x1844, 0x1844, 0x1024,
    0x1024, 0x1044, 0x1023, 0x1023, 0x1023, 0x1023, 0x1023, 0x1023,
    0x1023, 0x1023, 0x1023, 0x1023, 0x1023, 0x1023, 0x1023, 0x1023,
    0x0822, 0x0821, 0x1024, 0x1806, 0x0803, 0x0000, 0x0000, 0x0000,
    0x0000, 0x0000, 0x0000, 0x0000, 0x0000, 0x0000, 0x0000, 0x0000,
    0x0000, 0x0000, 0x0000, 0x0000, 0x0000, 0x0000, 0x0000, 0x0000,
    0x0000, 0x0000, 0x0000, 0x0000, 0x2867, 0x3067, 0x3088, 0x38A9,
    0x38AA, 0x40CB, 0x40CB, 0x48CD, 0x48ED, 0x50EE, 0x58EF, 0x6110,
    0x6130, 0x6110, 0x50ED, 0x40CB, 0x40CB, 0x48CC, 0x48CC, 0x48CC,
    0x48CC, 0x48CC, 0x48CC, 0x48CC, 0x40CC, 0x40CC, 0x40CC, 0x40CC,
    0x40CC, 0x40CB, 0x40CB, 0x40CB, 0x40CB, 0x40CB, 0x40CB, 0x40CB,
    0x40AB, 0x40AB, 0x40AB, 0x40AB, 0x38AA, 0x38AA, 0x38AA, 0x38AA,
    0x38AA, 0x38A9, 0x38A9, 0x3089, 0x3089, 0x3089, 0x3088, 0x3088,
    0x3088, 0x2888, 0x2867, 0x2867, 0x2867, 0x2867, 0x2866, 0x2066,
    0x2066, 0x2066, 0x2045, 0x2045, 0x1845, 0x1845, 0x1845, 0x1845,
    0x1845, 0x1844, 0x1844, 0x1844, 0x1844, 0x1044, 0x1024, 0x1023,
    0x1023, 0x1023, 0x1023, 0x1023, 0x1023, 0x1023, 0x1023, 0x1023,
    0x1023, 0x1023, 0x1023, 0x1023, 0x1022, 0x0822, 0x1024, 0x1806,
    0x0803, 0x0000, 0x0000, 0x0000, 0x0000, 0x0000, 0x0000, 0x0000,
    0x0000, 0x0000, 0x0000, 0x0000, 0x0000, 0x0000, 0x0000, 0x0000,
    0x0000, 0x0000, 0x0000, 0x0000, 0x0000, 0x0000, 0x0000, 0x0000,
    0x2867, 0x3067, 0x3088, 0x38A9, 0x38AA, 0x38AA, 0x40CB, 0x48CD,
    0x48ED, 0x50EE, 0x590F, 0x5910, 0x6110, 0x6130, 0x50ED, 0x40CB,
    0x40CB, 0x48CC, 0x48CC, 0x48CC, 0x48CC, 0x48CC, 0x48CC, 0x48CC,
    0x48CC, 0x40CC, 0x40CC, 0x40CC, 0x40CC, 0x40CC, 0x40CC, 0x40CB,
    0x40CB, 0x40AB, 0x40AB, 0x40CB, 0x40CB, 0x40CB, 0x40AB, 0x40AB,
    0x38AA, 0x38AA, 0x38AA, 0x38AA, 0x38AA, 0x38AA, 0x3889, 0x3089,
    0x3089, 0x3089, 0x3088, 0x3088, 0x3088, 0x2888, 0x2887, 0x2887,
    0x2867, 0x2867, 0x2867, 0x2066, 0x2066, 0x2066, 0x2046, 0x2045,
    0x2045, 0x1845, 0x1845, 0x1845, 0x1845, 0x1844, 0x1844, 0x1844,
    0x1844, 0x1844, 0x1844, 0x1024, 0x1044, 0x1044, 0x1024, 0x1023,
    0x1023, 0x1023, 0x1023, 0x1023, 0x1023, 0x1023, 0x1023, 0x1023,
    0x1023, 0x0822, 0x1824, 0x1806, 0x0803, 0x0000, 0x0000, 0x0000,
    0x0000, 0x0000, 0x0000, 0x0000, 0x0000, 0x0000, 0x0000, 0x0000,
    0x0000, 0x0000, 0x0000, 0x0000, 0x0000, 0x0000, 0x0000, 0x0000,
    0x0000, 0x0000, 0x0000, 0x0000, 0x2867, 0x3067, 0x3088, 0x3889,
    0x38AA, 0x38AA, 0x40CB, 0x48CD, 0x48ED, 0x510E, 0x510F, 0x5910,
    0x6130, 0x5930, 0x50ED, 0x40CB, 0x40CB, 0x48CC, 0x48CC, 0x48CC,
    0x48CC, 0x48CC, 0x48CC, 0x48CC, 0x48CC, 0x40CC, 0x40CC, 0x40CC,
    0x40CC, 0x40CC, 0x40CC, 0x40CB, 0x40CB, 0x40CB, 0x40CB, 0x40CB,
    0x40CB, 0x40CB, 0x40AB, 0x40AB, 0x40AB, 0x38AA, 0x38AA, 0x38AA,
    0x38AA, 0x38AA, 0x38A9, 0x3889, 0x3089, 0x3089, 0x3089, 0x3088,
    0x3088, 0x2888, 0x2888, 0x2887, 0x2887, 0x2867, 0x2867, 0x2866,
    0x2066, 0x2066, 0x2066, 0x2046, 0x2045, 0x2045, 0x1845, 0x1845,
    0x1845, 0x1845, 0x1844, 0x1844, 0x1844, 0x1844, 0x1844, 0x1844,
    0x1844, 0x1044, 0x1024, 0x1024, 0x1024, 0x1023, 0x1023, 0x1043,
    0x1023, 0x1023, 0x1023, 0x1023, 0x1023, 0x0822, 0x1024, 0x1806,
    0x0803, 0x0000, 0x0000, 0x0000, 0x0000, 0x0000, 0x0000, 0x0000,
    0x0000, 0x0000, 0x0000, 0x0000, 0x0000, 0x0000, 0x0000, 0x0000,
    0x0000, 0x0000, 0x0000, 0x0000, 0x0000, 0x0000, 0x0000, 0x0000,
    0x3067, 0x3067, 0x3088, 0x3889, 0x38AA, 0x38AB, 0x40CB, 0x48CD,
    0x48ED, 0x510E, 0x590F, 0x5910, 0x6110, 0x6130, 0x50ED, 0x40AB,
    0x40CB, 0x48CC, 0x48CC, 0x48CC, 0x48CC, 0x48CC, 0x48CC, 0x48CC,
    0x48CC, 0x40CC, 0x40CC, 0x40CC, 0x40CC, 0x40CC, 0x40CC, 0x40CB,
    0x40CB, 0x40CB, 0x40CB, 0x40CB, 0x40CB, 0x40CB, 0x40AB, 0x40AB,
    0x40AB, 0x40AA, 0x38AA, 0x38AA, 0x38AA, 0x38AA, 0x38AA, 0x38A9,
    0x3089, 0x3089, 0x3089, 0x3088, 0x3088, 0x3088, 0x2888, 0x2887,
    0x2887, 0x2887, 0x2867, 0x2867, 0x2867, 0x2066, 0x2066, 0x2046,
    0x2046, 0x2066, 0x2065, 0x2045, 0x1845, 0x1845, 0x1845, 0x1845,
    0x1845, 0x1844, 0x1844, 0x1844, 0x1844, 0x1844, 0x1044, 0x1024,
    0x1844, 0x1844, 0x1044, 0x1043, 0x1043, 0x1023, 0x1023, 0x1024,
    0x1023, 0x1042, 0x1824, 0x2006, 0x0803, 0x0000, 0x0000, 0x0000,
    0x0000, 0x0000, 0x0000, 0x0000, 0x0000, 0x0000, 0x0000, 0x0000,
    0x0000, 0x0000, 0x0000, 0x0000, 0x0000, 0x0000, 0x0000, 0x0000,
    0x0000, 0x0000, 0x0000, 0x0000, 0x3067, 0x3067, 0x3088, 0x38A9,
    0x38AA, 0x38AB, 0x40CB, 0x48CD, 0x48ED, 0x50EE, 0x590F, 0x6110,
    0x6110, 0x6130, 0x50ED, 0x40AB, 0x40CB, 0x48CC, 0x48CC, 0x48CC,
    0x48CC, 0x48CC, 0x48CC, 0x48CC, 0x48CC, 0x40CC, 0x40CC, 0x40CC,
    0x40CC, 0x40CC, 0x40CC, 0x40CB, 0x40CB, 0x40CB, 0x40CB, 0x40CB,
    0x40CB, 0x40CB, 0x40AB, 0x40AB, 0x40AB, 0x40AB, 0x38AA, 0x38AA,
    0x38AA, 0x38AA, 0x38AA, 0x38A9, 0x38A9, 0x3089, 0x3089, 0x3089,
    0x3088, 0x3088, 0x3088, 0x2888, 0x2887, 0x2887, 0x2867, 0x2867,
    0x2867, 0x2867, 0x2066, 0x2066, 0x2066, 0x2066, 0x2065, 0x2045,
    0x2045, 0x1865, 0x1845, 0x1845, 0x1845, 0x1845, 0x1844, 0x1844,
    0x1844, 0x1844, 0x1844, 0x1844, 0x1844, 0x1844, 0x1044, 0x1044,
    0x1044, 0x1024, 0x1024, 0x1024, 0x1043, 0x1042, 0x1824, 0x1806,
    0x0803, 0x0000, 0x0000, 0x0000, 0x0000, 0x0000, 0x0000, 0x0000,
    0x0000, 0x0000, 0x0000, 0x0000, 0x0000, 0x0000, 0x0000, 0x0000,
    0x0000, 0x0000, 0x0000, 0x0000, 0x0000, 0x0000, 0x0000, 0x0000,
    0x3067, 0x3067, 0x3088, 0x38A9, 0x38AA, 0x38AB, 0x40CB, 0x48CD,
    0x48ED, 0x50EE, 0x590F, 0x5910, 0x6110, 0x6130, 0x50ED, 0x40AB,
    0x40CB, 0x48CC, 0x48CC, 0x48CC, 0x48CC, 0x48CC, 0x48CC, 0x48CC,
    0x48CC, 0x48CC, 0x48CC, 0x40CC, 0x40CC, 0x40CC, 0x40CC, 0x40CC,
    0x40CB, 0x40CB, 0x40CB, 0x40CB, 0x40CB, 0x40CB, 0x40CB, 0x40CB,
    0x40AB, 0x40AB, 0x38AA, 0x38AA, 0x38AA, 0x38AA, 0x38AA, 0x38AA,
    0x38A9, 0x38A9, 0x3089, 0x3089, 0x3088, 0x3088, 0x3088, 0x3088,
    0x2888, 0x2888, 0x2887, 0x2867, 0x2867, 0x2867, 0x2866, 0x2066,
    0x2066, 0x2066, 0x2066, 0x2066, 0x2066, 0x2065, 0x2065, 0x2045,
    0x1845, 0x1845, 0x1845, 0x1845, 0x1844, 0x1844, 0x1844, 0x1844,
    0x1844, 0x1844, 0x1844, 0x1844, 0x1844, 0x1024, 0x1824, 0x1844,
    0x1044, 0x0822, 0x1824, 0x2027, 0x0803, 0x0000, 0x0000, 0x0000,
    0x0000, 0x0000, 0x0000, 0x0000, 0x0000, 0x0000, 0x0000, 0x0000,
    0x0000, 0x0000, 0x0000, 0x0000, 0x0000, 0x0000, 0x0000, 0x0000,
    0x0000, 0x0000, 0x0000, 0x0000, 0x3067, 0x3067, 0x3088, 0x3889,
    0x38AA, 0x38AB, 0x40CB, 0x48CD, 0x48ED, 0x50EE, 0x590F, 0x5910,
    0x6110, 0x6130, 0x50ED, 0x40AB, 0x40CB, 0x48CC, 0x48CC, 0x48CC,
    0x48CC, 0x48CC, 0x48CC, 0x48CC, 0x48CC, 0x48CC, 0x48CC, 0x40CC,
    0x40CC, 0x40CC, 0x40CC, 0x40CC, 0x40CC, 0x40CC, 0x40CB, 0x40CB,
    0x40CB, 0x40CB, 0x40CB, 0x40CB, 0x40AB, 0x40AB, 0x40AB, 0x38AA,
    0x38AA, 0x38AA, 0x38AA, 0x38AA, 0x38AA, 0x38A9, 0x38A9, 0x30A9,
    0x3089, 0x3088, 0x3088, 0x3088, 0x3088, 0x2888, 0x2887, 0x2887,
    0x2887, 0x2867, 0x2867, 0x2067, 0x2067, 0x2066, 0x2066, 0x2066,
    0x2066, 0x2066, 0x2065, 0x2045, 0x2065, 0x1865, 0x1845, 0x1845,
    0x1845, 0x1845, 0x1845, 0x1845, 0x1844, 0x1844, 0x1844, 0x1844,
    0x1844, 0x1844, 0x1844, 0x1845, 0x1043, 0x0822, 0x2066, 0x388B,
    0x1825, 0x0000, 0x0000, 0x0000, 0x0000, 0x0000, 0x0000, 0x0000,
    0x0000, 0x0000, 0x0000, 0x0000, 0x0000, 0x0000, 0x0000, 0x0000,
    0x0000, 0x0000, 0x0000, 0x0000, 0x0000, 0x0000, 0x0000, 0x0000,
    0x3067, 0x3067, 0x3088, 0x3889, 0x38AA, 0x38AB, 0x40CB, 0x48CD,
    0x48ED, 0x50EE, 0x590F, 0x5910, 0x6130, 0x6130, 0x50ED, 0x40AB,
    0x40CB, 0x48CC, 0x48CC, 0x48CC, 0x48CC, 0x48CC, 0x48CC, 0x48CC,
    0x48CC, 0x48CC, 0x48CC, 0x40CC, 0x40CC, 0x40CC, 0x40CC, 0x40CC,
    0x40CC, 0x40CC, 0x40CB, 0x40CB, 0x40CB, 0x40CB, 0x40CB, 0x40CB,
    0x40CB, 0x40CB, 0x40AB, 0x40AA, 0x38AA, 0x38AA, 0x38AA, 0x38AA,
    0x38AA, 0x38AA, 0x38A9, 0x38A9, 0x30A9, 0x3089, 0x3089, 0x3088,
    0x3088, 0x3088, 0x2888, 0x2888, 0x2887, 0x2867, 0x2867, 0x2867,
    0x2867, 0x2066, 0x2066, 0x2066, 0x2066, 0x2066, 0x2066, 0x2046,
    0x2045, 0x2065, 0x1845, 0x1845, 0x1845, 0x1845, 0x1845, 0x1845,
    0x1845, 0x1845, 0x1845, 0x1845, 0x1844, 0x1844, 0x1844, 0x2065,
    0x1844, 0x0822, 0x38A9, 0x5910, 0x2868, 0x0000, 0x0000, 0x0020,
    0x0000, 0x0000, 0x0000, 0x0000, 0x0000, 0x0000, 0x0000, 0x0000,
    0x0000, 0x0000, 0x0000, 0x0000, 0x0000, 0x0000, 0x0000, 0x0000,
    0x0000, 0x0000, 0x0000, 0x0000, 0x3067, 0x3067, 0x3088, 0x3889,
    0x38AA, 0x38AB, 0x40CB, 0x48CD, 0x48ED, 0x50EE, 0x590F, 0x5910,
    0x6130, 0x6130, 0x50ED, 0x40CB, 0x40CB, 0x48CC, 0x48CC, 0x48CC,
    0x48CC, 0x48CC, 0x48CC, 0x48CC, 0x48CC, 0x48CC, 0x48CC, 0x40CC,
    0x40CC, 0x40CC, 0x40CC, 0x40CC, 0x40CC, 0x40CC, 0x40CB, 0x40CB,
    0x40CB, 0x40CB, 0x40CB, 0x40CB, 0x40CB, 0x40CB, 0x40AB, 0x40AB,
    0x38AA, 0x38AA, 0x38AA, 0x38AA, 0x38AA, 0x38AA, 0x38AA, 0x38A9,
    0x38A9, 0x30A9, 0x3089, 0x3088, 0x3088, 0x3088, 0x3088, 0x2888,
    0x2888, 0x2887, 0x2867, 0x2867, 0x2867, 0x2867, 0x2866, 0x2066,
    0x2066, 0x2066, 0x2066, 0x2066, 0x2066, 0x2066, 0x2065, 0x2045,
    0x2045, 0x1845, 0x1865, 0x1845, 0x1845, 0x1845, 0x1845, 0x1845,
    0x1845, 0x1844, 0x1845, 0x2066, 0x1844, 0x0822, 0x40CB, 0x6952,
    0x2889, 0x0000, 0x0000, 0x0020, 0x0000, 0x0000, 0x0000, 0x0000,
    0x0000, 0x0000, 0x0000, 0x0000, 0x0000, 0x0000, 0x0000, 0x0000,
    0x0000, 0x0000, 0x0000, 0x0000, 0x0000, 0x0000, 0x0000, 0x0000,
    0x2867, 0x3067, 0x3088, 0x38A9, 0x38AA, 0x38AB, 0x40CB, 0x48CD,
    0x48ED, 0x50EE, 0x590F, 0x5910, 0x6130, 0x6110, 0x50ED, 0x40CB,
    0x40CB, 0x48CC, 0x48CC, 0x48CC, 0x48CC, 0x48CC, 0x48CC, 0x48CC,
    0x48CC, 0x48CC, 0x48CC, 0x48CC, 0x48CC, 0x40CC, 0x40CC, 0x40CC,
    0x40CC, 0x40CC, 0x40CC, 0x40CC, 0x40CC, 0x40CB, 0x40CB, 0x40CB,
    0x40CB, 0x40CB, 0x40CB, 0x40CB, 0x38AB, 0x38AB, 0x38AA, 0x38AA,
    0x38AA, 0x38AA, 0x38AA, 0x38AA, 0x38A9, 0x30A9, 0x3089, 0x3089,
    0x3089, 0x3088, 0x3088, 0x3088, 0x3088, 0x2888, 0x2887, 0x2887,
    0x2887, 0x2867, 0x2867, 0x2867, 0x2866, 0x2066, 0x2066, 0x2066,
    0x2066, 0x2066, 0x2066, 0x2066, 0x2066, 0x2046, 0x2065, 0x2065,
    0x2065, 0x2045, 0x1845, 0x1845, 0x1845, 0x1845, 0x1845, 0x2066,
    0x1844, 0x0802, 0x38AA, 0x6131, 0x2067, 0x0000, 0x0000, 0x0000,
    0x0000, 0x0000, 0x0000, 0x0000, 0x0000, 0x0000, 0x0000, 0x0000,
    0x0000, 0x0000, 0x0000, 0x0000, 0x0000, 0x0000, 0x0000, 0x0000,
    0x0000, 0x0000, 0x0000, 0x0000, 0x2867, 0x2887, 0x3088, 0x38A9,
    0x38AA, 0x38AB, 0x40CB, 0x40CD, 0x48ED, 0x50EE, 0x58EF, 0x5910,
    0x6110, 0x6110, 0x50ED, 0x40CB, 0x40CB, 0x48CC, 0x48CC, 0x48CC,
    0x48CC, 0x48CC, 0x48CC, 0x48CC, 0x48CC, 0x48CC, 0x48CC, 0x48CC,
    0x48CC, 0x40CC, 0x40CC, 0x40CC, 0x40CC, 0x40CC, 0x40CC, 0x40CC,
    0x40CC, 0x40CB, 0x40CB, 0x40CB, 0x40CB, 0x40CB, 0x40CB, 0x40CB,
    0x40AB, 0x38AB, 0x38AA, 0x38AA, 0x38AA, 0x38AA, 0x38AA, 0x38AA,
    0x38A9, 0x38A9, 0x3089, 0x3089, 0x3089, 0x3089, 0x3088, 0x3088,
    0x3088, 0x3088, 0x2888, 0x2887, 0x2887, 0x2867, 0x2867, 0x2887,
    0x2867, 0x2867, 0x2866, 0x2066, 0x2066, 0x2066, 0x2066, 0x2066,
    0x2066, 0x2066, 0x2066, 0x2066, 0x2065, 0x2065, 0x2045, 0x2045,
    0x1845, 0x1845, 0x2045, 0x2066, 0x1845, 0x0822, 0x30A9, 0x5910,
    0x1846, 0x0000, 0x0000, 0x0800, 0x0800, 0x0000, 0x0000, 0x0000,
    0x0000, 0x0000, 0x0000, 0x0000, 0x0000, 0x0000, 0x0000, 0x0000,
    0x0000, 0x0000, 0x0000, 0x0000, 0x0000, 0x0000, 0x0000, 0x0000,
    0x2867, 0x3087, 0x3088, 0x30A9, 0x38AA, 0x38AB, 0x40CB, 0x48CD,
    0x48ED, 0x50EE, 0x58EF, 0x5910, 0x6110, 0x6110, 0x50ED, 0x40CB,
    0x40CC, 0x48CC, 0x48CC, 0x48CC, 0x48CC, 0x48CC, 0x48CC, 0x48CC,
    0x48CC, 0x48CC, 0x48CC, 0x48CC, 0x48CC, 0x40CC, 0x40CC, 0x40CC,
    0x40CC, 0x40CC, 0x40CC, 0x40CC, 0x40CB, 0x40CB, 0x40CB, 0x40CB,
    0x40CB, 0x40CB, 0x40CB, 0x40CB, 0x40CB, 0x40AB, 0x38AB, 0x38AA,
    0x38AA, 0x38AA, 0x38AA, 0x38AA, 0x38AA, 0x38A9, 0x38A9, 0x30A9,
    0x30A9, 0x30A9, 0x3089, 0x3089, 0x3088, 0x3088, 0x3088, 0x3088,
    0x2888, 0x2868, 0x2887, 0x2887, 0x2887, 0x2867, 0x2867, 0x2867,
    0x2867, 0x2066, 0x2066, 0x2066, 0x2066, 0x2066, 0x2066, 0x2066,
    0x2066, 0x2066, 0x2066, 0x2065, 0x2065, 0x2065, 0x2065, 0x2867,
    0x1865, 0x1023, 0x38A9, 0x590F, 0x1866, 0x0000, 0x0000, 0x0800,
    0x0800, 0x0000, 0x0000, 0x0000, 0x0000, 0x0000, 0x0000, 0x0000,
    0x0000, 0x0000, 0x0000, 0x0000, 0x0000, 0x0000, 0x0000, 0x0000,
    0x0000, 0x0000, 0x0000, 0x0000, 0x2867, 0x2887, 0x3088, 0x38A9,
    0x38AA, 0x38AB, 0x40CB, 0x48CD, 0x48ED, 0x50EE, 0x58EF, 0x5910,
    0x6130, 0x6110, 0x50ED, 0x40CB, 0x40CB, 0x48CC, 0x48CC, 0x48CC,
    0x48CC, 0x48CC, 0x48CC, 0x48CC, 0x48CC, 0x48CC, 0x48CC, 0x48CC,
    0x48CC, 0x40CC, 0x40CC, 0x40CC, 0x40CC, 0x40CC, 0x40CC, 0x40CC,
    0x40CB, 0x40CB, 0x40CB, 0x40CB, 0x40CB, 0x40CB, 0x40CB, 0x40CB,
    0x40CB, 0x40AB, 0x40AB, 0x38AB, 0x38AA, 0x38AA, 0x38AA, 0x38AA,
    0x38AA, 0x38AA, 0x38A9, 0x38A9, 0x38A9, 0x30A9, 0x30A9, 0x3089,
    0x3089, 0x3088, 0x3088, 0x3088, 0x3088, 0x3088, 0x2888, 0x2887,
    0x2887, 0x2867, 0x2867, 0x2867, 0x2867, 0x2867, 0x2866, 0x2066,
    0x2066, 0x2066, 0x2066, 0x2066, 0x2066, 0x2066, 0x2066, 0x2066,
    0x2066, 0x2065, 0x2066, 0x2867, 0x2065, 0x1043, 0x38A9, 0x590F,
    0x1846, 0x0000, 0x0000, 0x0800, 0x0000, 0x0000, 0x0000, 0x0000,
    0x0000, 0x0000, 0x0000, 0x0000, 0x0000, 0x0000, 0x0000, 0x0000,
    0x0000, 0x0000, 0x0000, 0x0000, 0x0000, 0x0000, 0x0000, 0x0000,
    0x2867, 0x3088, 0x3088, 0x30A9, 0x38AA, 0x38AA, 0x40CB, 0x48CD,
    0x48ED, 0x50EE, 0x590F, 0x6130, 0x6130, 0x6110, 0x50ED, 0x40CB,
    0x40CB, 0x48CC, 0x48CC, 0x48CC, 0x48CC, 0x48CC, 0x48CC, 0x48CC,
    0x48CC, 0x48CC, 0x48CC, 0x48CC, 0x48CC, 0x48CC, 0x48CC, 0x40CC,
    0x40CC, 0x40CC, 0x40CC, 0x40CC, 0x40CC, 0x40CB, 0x40CB, 0x40CB,
    0x40CB, 0x40CB, 0x40CB, 0x40CB, 0x40CB, 0x40CB, 0x40CB, 0x40AB,
    0x38AB, 0x38AA, 0x38AA, 0x38AA, 0x38AA, 0x38AA, 0x38AA, 0x38AA,
    0x38A9, 0x38A9, 0x30A9, 0x30A9, 0x3089, 0x3089, 0x3089, 0x3088,
    0x3088, 0x3088, 0x3088, 0x2888, 0x2888, 0x2887, 0x2887, 0x2887,
    0x2887, 0x2887, 0x2867, 0x2867, 0x2867, 0x2867, 0x2866, 0x2066,
    0x2066, 0x2066, 0x2066, 0x2066, 0x2066, 0x2066, 0x2066, 0x2867,
    0x2065, 0x1043, 0x38AA, 0x590F, 0x1846, 0x0000, 0x0000, 0x0800,
    0x0000, 0x0000, 0x0000, 0x0000, 0x0000, 0x0000, 0x0000, 0x0000,
    0x0000, 0x0000, 0x0000, 0x0000, 0x0000, 0x0000, 0x0000, 0x0000,
    0x0000, 0x0000, 0x0000, 0x0000, 0x2867, 0x2887, 0x3088, 0x38A9,
    0x38AA, 0x38AB, 0x40CB, 0x48CD, 0x48ED, 0x50EE, 0x590F, 0x6130,
    0x6130, 0x6110, 0x50ED, 0x40CB, 0x40CB, 0x48CC, 0x48CC, 0x48CC,
    0x48CC, 0x48CC, 0x48CC, 0x48CC, 0x48CC, 0x48CC, 0x48CC, 0x48CC,
    0x48CC, 0x48CC, 0x48CC, 0x40CC, 0x40CC, 0x40CC, 0x40CC, 0x40CC,
    0x40CC, 0x40CC, 0x40CC, 0x40CB, 0x40CB, 0x40CB, 0x40CB, 0x40CB,
    0x40CB, 0x40CB, 0x40CB, 0x40AB, 0x40AB, 0x38AB, 0x38AA, 0x38AA,
    0x38AA, 0x38AA, 0x38AA, 0x38AA, 0x38AA, 0x38A9, 0x38A9, 0x30A9,
    0x3089, 0x3089, 0x30A9, 0x3088, 0x3088, 0x3088, 0x3088, 0x3088,
    0x2888, 0x2888, 0x2888, 0x2887, 0x2887, 0x2887, 0x2867, 0x2867,
    0x2867, 0x2867, 0x2867, 0x2867, 0x2867, 0x2067, 0x2066, 0x2066,
    0x2066, 0x2066, 0x2066, 0x2867, 0x2066, 0x1044, 0x38AA, 0x590F,
    0x1846, 0x0000, 0x0000, 0x0820, 0x0000, 0x0000, 0x0000, 0x0000,
    0x0000, 0x0000, 0x0000, 0x0000, 0x0000, 0x0000, 0x0000, 0x0000,
    0x0000, 0x0000, 0x0000, 0x0000, 0x0000, 0x0000, 0x0000, 0x0000,
    0x2867, 0x2867, 0x3088, 0x30A9, 0x38AA, 0x38AB, 0x40CB, 0x48CD,
    0x48ED, 0x50EE, 0x590F, 0x6130, 0x6130, 0x6110, 0x50ED, 0x40CB,
    0x40CB, 0x48CC, 0x48CC, 0x48CC, 0x48CC, 0x48CC, 0x48CC, 0x48CC,
    0x48CC, 0x48CC, 0x48CC, 0x48CC, 0x48CC, 0x48CC, 0x48CC, 0x40CC,
    0x40CC, 0x40CC, 0x40CC, 0x40CC, 0x40CC, 0x40CC, 0x40CC, 0x40CC,
    0x40CB, 0x40CB, 0x40CB, 0x40CB, 0x40CB, 0x40CB, 0x40CB, 0x40CB,
    0x40CB, 0x40AB, 0x38AB, 0x38AA, 0x38AA, 0x38AA, 0x38AA, 0x38AA,
    0x38AA, 0x38AA, 0x38A9, 0x38A9, 0x38A9, 0x30A9, 0x30A9, 0x3089,
    0x3089, 0x3088, 0x3088, 0x3088, 0x3088, 0x3088, 0x3088, 0x3088,
    0x2888, 0x2887, 0x2887, 0x2867, 0x2887, 0x2887, 0x2867, 0x2867,
    0x2867, 0x2867, 0x2867, 0x2867, 0x2866, 0x2066, 0x2067, 0x2867,
    0x2066, 0x1844, 0x38AA, 0x590F, 0x1846, 0x0000, 0x0000, 0x0820,
    0x0800, 0x0000, 0x0000, 0x0000, 0x0000, 0x0000, 0x0000, 0x0000,
    0x0000, 0x0000, 0x0000, 0x0000, 0x0000, 0x0000, 0x0000, 0x0000,
    0x0000, 0x0000, 0x0000, 0x0000, 0x2867, 0x3068, 0x3088, 0x30A9,
    0x38AA, 0x38AB, 0x40CB, 0x48CC, 0x48ED, 0x50EE, 0x58EF, 0x6110,
    0x6130, 0x6110, 0x48ED, 0x40CB, 0x40CB, 0x48CC, 0x48CC, 0x48CC,
    0x48CC, 0x48CC, 0x48CC, 0x48CC, 0x48CC, 0x48CC, 0x48CC, 0x48CC,
    0x48CC, 0x48CC, 0x48CC, 0x40CC, 0x40CC, 0x40CC, 0x40CC, 0x40CC,
    0x40CC, 0x40CC, 0x40CC, 0x40CC, 0x40CC, 0x40CB, 0x40CB, 0x40CB,
    0x40CB, 0x40CB, 0x40CB, 0x40CB, 0x40CB, 0x40AB, 0x40AB, 0x38AB,
    0x38AA, 0x38AA, 0x38AA, 0x38AA, 0x38AA, 0x38AA, 0x38AA, 0x38A9,
    0x38A9, 0x38A9, 0x38A9, 0x3089, 0x3089, 0x3089, 0x3089, 0x3088,
    0x3088, 0x3088, 0x3088, 0x3088, 0x3088, 0x2888, 0x2888, 0x2887,
    0x2887, 0x2887, 0x2887, 0x2867, 0x2867, 0x2867, 0x2867, 0x2887,
    0x2867, 0x2867, 0x2867, 0x2888, 0x2066, 0x1844, 0x38CA, 0x510F,
    0x1846, 0x0000, 0x0000, 0x0820, 0x0000, 0x0000, 0x0000, 0x0000,
    0x0000, 0x0000, 0x0000, 0x0000, 0x0000, 0x0000, 0x0000, 0x0000,
    0x0000, 0x0000, 0x0000, 0x0000, 0x0000, 0x0000, 0x0000, 0x0000,
    0x3088, 0x3088, 0x3089, 0x38A9, 0x38AA, 0x38AA, 0x40CB, 0x48EC,
    0x48ED, 0x50EE, 0x50EF, 0x5910, 0x6131, 0x5910, 0x48ED, 0x40AB,
    0x40CB, 0x48CC, 0x48CC, 0x40CC, 0x40CC, 0x40CC, 0x40CC, 0x40CC,
    0x40CC, 0x40CC, 0x40CC, 0x40CC, 0x40CC, 0x40CC, 0x40CC, 0x40CC,
    0x40CC, 0x40CC, 0x40CC, 0x40CC, 0x40CC, 0x40CC, 0x40CC, 0x40CC,
    0x40CC, 0x40CC, 0x40CB, 0x40CB, 0x40CB, 0x40CB, 0x40CB, 0x40CB,
    0x40CB, 0x40CB, 0x40CB, 0x40AB, 0x38AB, 0x38AA, 0x38AA, 0x38AA,
    0x38AA, 0x38AA, 0x38AA, 0x38AA, 0x38AA, 0x38A9, 0x38A9, 0x30A9,
    0x30A9, 0x3089, 0x3089, 0x3089, 0x3089, 0x3088, 0x3088, 0x3088,
    0x3088, 0x3088, 0x3088, 0x2888, 0x2888, 0x2888, 0x2887, 0x2887,
    0x2887, 0x2887, 0x2887, 0x2887, 0x2887, 0x2867, 0x2867, 0x2888,
    0x2866, 0x1845, 0x38CA, 0x490E, 0x1845, 0x0000, 0x0000, 0x0020,
    0x0000, 0x0000, 0x0000, 0x0000, 0x0000, 0x0000, 0x0000, 0x0000,
    0x0000, 0x0000, 0x0000, 0x0000, 0x0000, 0x0000, 0x0000, 0x0000,
    0x0000, 0x0000, 0x0000, 0x0000, 0x3088, 0x3088, 0x3889, 0x38A9,
    0x38AA, 0x38AA, 0x40CB, 0x48EC, 0x490D, 0x50EE, 0x50EF, 0x5910,
    0x5910, 0x5910, 0x48ED, 0x40AB, 0x40CB, 0x48CC, 0x40CC, 0x40CC,
    0x40CC, 0x40CC, 0x40CC, 0x40CC, 0x40CC, 0x40CC, 0x40CC, 0x40CC,
    0x40CC, 0x40CC, 0x40CC, 0x40CC, 0x40CC, 0x40CC, 0x40CC, 0x40CC,
    0x40CC, 0x40CC, 0x40CC, 0x40CC, 0x40CC, 0x40CC, 0x40CC, 0x40CB,
    0x40CB, 0x40CB, 0x40CB, 0x40CB, 0x40CB, 0x40CB, 0x40CB, 0x40AB,
    0x38AB, 0x38AA, 0x38AA, 0x38AA, 0x38AA, 0x38AA, 0x38AA, 0x38AA,
    0x38AA, 0x38AA, 0x38A9, 0x38A9, 0x30A9, 0x3089, 0x3089, 0x3089,
    0x3089, 0x3089, 0x3088, 0x3088, 0x3088, 0x3088, 0x3088, 0x3088,
    0x3088, 0x2888, 0x2888, 0x2887, 0x2887, 0x2887, 0x2887, 0x2887,
    0x2887, 0x2867, 0x2867, 0x2888, 0x2867, 0x2065, 0x38AA, 0x490E,
    0x1845, 0x0000, 0x0000, 0x0000, 0x0000, 0x0000, 0x0000, 0x0000,
    0x0000, 0x0000, 0x0000, 0x0000, 0x0000, 0x0000, 0x0000, 0x0000,
    0x0000, 0x0000, 0x0000, 0x0000, 0x0000, 0x0000, 0x0000, 0x0000,
    0x3068, 0x3068, 0x3089, 0x38A9, 0x38AA, 0x38AA, 0x40AB, 0x48CC,
    0x48ED, 0x50EE, 0x58EF, 0x5910, 0x5910, 0x5910, 0x48ED, 0x40AA,
    0x40CB, 0x48CC, 0x40CC, 0x40CC, 0x40CC, 0x40CC, 0x40CC, 0x40CC,
    0x40CC, 0x40CC, 0x40CC, 0x40CC, 0x40CC, 0x40CC, 0x40CC, 0x40CC,
    0x40CC, 0x40CC, 0x40CC, 0x40CC, 0x40CC, 0x40CC, 0x40CC, 0x40CC,
    0x40CC, 0x40CC, 0x40CB, 0x40CB, 0x40CB, 0x40CB, 0x40CB, 0x40CB,
    0x40CB, 0x40CB, 0x40CB, 0x40CB, 0x40CB, 0x38AA, 0x38AA, 0x38AA,
    0x38AA, 0x38AA, 0x38AA, 0x38AA, 0x38AA, 0x38AA, 0x38A9, 0x38A9,
    0x38A9, 0x38A9, 0x38A9, 0x30A9, 0x30A9, 0x3089, 0x3089, 0x3089,
    0x3088, 0x3088, 0x3088, 0x3088, 0x3088, 0x3088, 0x3088, 0x2888,
    0x2888, 0x2888, 0x2888, 0x3088, 0x3088, 0x3088, 0x2888, 0x3088,
    0x2887, 0x2066, 0x38CA, 0x490D, 0x1845, 0x0000, 0x0000, 0x0000,
    0x0000, 0x0000, 0x0000, 0x0000, 0x0000, 0x0000, 0x0000, 0x0000,
    0x0000, 0x0000, 0x0000, 0x0000, 0x0000, 0x0000, 0x0000, 0x0000,
    0x0000, 0x0000, 0x0000, 0x0000, 0x3068, 0x3068, 0x3089, 0x38A9,
    0x38A9, 0x38AA, 0x40AB, 0x40CB, 0x48EC, 0x50ED, 0x50EE, 0x58EF,
    0x6131, 0x6131, 0x48ED, 0x38AA, 0x40AB, 0x48CC, 0x48CC, 0x40CC,
    0x40CC, 0x40CC, 0x40CC, 0x40CC, 0x40CC, 0x40CC, 0x40CC, 0x40CC,
    0x40CC, 0x40CC, 0x40CC, 0x40CC, 0x40CC, 0x40CC, 0x40CC, 0x40CC,
    0x40CC, 0x40CC, 0x40CC, 0x40CC, 0x40CC, 0x40CC, 0x40CB, 0x40CB,
    0x40CB, 0x40CB, 0x40CB, 0x40CB, 0x40CB, 0x40CB, 0x40CB, 0x40CB,
    0x40CB, 0x40AB, 0x38AB, 0x38AA, 0x38AA, 0x38AA, 0x38AA, 0x38AA,
    0x38AA, 0x38AA, 0x38AA, 0x38A9, 0x38A9, 0x38A9, 0x38A9, 0x38A9,
    0x30A9, 0x3089, 0x3089, 0x3089, 0x3089, 0x3088, 0x3088, 0x3088,
    0x3088, 0x3088, 0x3088, 0x3088, 0x3088, 0x3088, 0x3088, 0x2887,
    0x2867, 0x2867, 0x2888, 0x3089, 0x2887, 0x2066, 0x38AA, 0x40ED,
    0x1845, 0x0000, 0x0000, 0x0000, 0x0000, 0x0000, 0x0000, 0x0000,
    0x0000, 0x0000, 0x0000, 0x0000, 0x0000, 0x0000, 0x0000, 0x0000,
    0x0000, 0x0000, 0x0000, 0x0000, 0x0000, 0x0000, 0x0000, 0x0000,
    0x2867, 0x3068, 0x3089, 0x3089, 0x30A9, 0x38AA, 0x38AA, 0x40CB,
    0x40EC, 0x48ED, 0x50EE, 0x510F, 0x6132, 0x6952, 0x510E, 0x38AA,
    0x38AA, 0x48CC, 0x48CC, 0x40CC, 0x40CB, 0x40CB, 0x40CC, 0x40CC,
    0x40CC, 0x40CC, 0x40CC, 0x40CC, 0x40CC, 0x40CC, 0x40CC, 0x40CC,
    0x40CC, 0x40CC, 0x40CC, 0x40CC, 0x40CC, 0x40CC, 0x40CC, 0x40CC,
    0x40CB, 0x40CB, 0x40CB, 0x40CB, 0x40CB, 0x40CB, 0x40CB, 0x40CB,
    0x40CB, 0x40CB, 0x40CB, 0x40CB, 0x40CB, 0x40AB, 0x40AB, 0x40AB,
    0x38AA, 0x38AA, 0x38AA, 0x38AA, 0x38AA, 0x38AA, 0x38AA, 0x38AA,
    0x38A9, 0x38A9, 0x38A9, 0x38A9, 0x38A9, 0x30A9, 0x30A9, 0x3089,
    0x3089, 0x3089, 0x3088, 0x3088, 0x3088, 0x3088, 0x3088, 0x3088,
    0x30A9, 0x3088, 0x2867, 0x2867, 0x2066, 0x2066, 0x2887, 0x3088,
    0x2888, 0x2866, 0x30A9, 0x38CC, 0x1845, 0x0000, 0x0000, 0x0000,
    0x0000, 0x0000, 0x0000, 0x0000, 0x0000, 0x0000, 0x0000, 0x0000,
    0x0000, 0x0000, 0x0000, 0x0000, 0x0000, 0x0000, 0x0000, 0x0000,
    0x0000, 0x0000, 0x0000, 0x0000, 0x2867, 0x3068, 0x3088, 0x3089,
    0x30A9, 0x38AA, 0x38AA, 0x40CB, 0x40EC, 0x48ED, 0x50ED, 0x50EE,
    0x6131, 0x6953, 0x6131, 0x48ED, 0x38AA, 0x38AA, 0x40CB, 0x48CC,
    0x40CC, 0x40CB, 0x40CC, 0x40CC, 0x40CC, 0x40CC, 0x40CC, 0x40CC,
    0x40CC, 0x40CC, 0x40CC, 0x40CC, 0x40CC, 0x40CC, 0x40CC, 0x40CC,
    0x40CC, 0x40CC, 0x40CC, 0x40CC, 0x40CB, 0x40CB, 0x40CB, 0x40CB,
    0x40CB, 0x40CB, 0x40CB, 0x40CB, 0x40CB, 0x40CB, 0x40CB, 0x40CB,
    0x40CB, 0x40AB, 0x40AB, 0x40AB, 0x38AB, 0x38AA, 0x38AA, 0x38AA,
    0x38AA, 0x38AA, 0x38AA, 0x38AA, 0x38AA, 0x38A9, 0x38A9, 0x38A9,
    0x38A9, 0x30A9, 0x30A9, 0x3089, 0x3089, 0x30A9, 0x30A9, 0x3089,
    0x3089, 0x3088, 0x3088, 0x30A9, 0x38A9, 0x2867, 0x2046, 0x3088,
    0x38CB, 0x3089, 0x2867, 0x2066, 0x2866, 0x3088, 0x38CA, 0x38CB,
    0x1044, 0x0000, 0x0000, 0x0000, 0x0000, 0x0000, 0x0000, 0x0000,
    0x0000, 0x0000, 0x0000, 0x0000, 0x0000, 0x0000, 0x0000, 0x0000,
    0x0000, 0x0000, 0x0000, 0x0000, 0x0000, 0x0000, 0x0000, 0x0000,
    0x2868, 0x3068, 0x3088, 0x3089, 0x3089, 0x38AA, 0x38AA, 0x40CB,
    0x48EC, 0x48ED, 0x50ED, 0x50EE, 0x590F, 0x6932, 0x7153, 0x6131,
    0x48CC, 0x3089, 0x38AA, 0x40CC, 0x40CC, 0x40CC, 0x40CB, 0x40CB,
    0x40CB, 0x40CB, 0x40CC, 0x40CC, 0x40CB, 0x40CB, 0x40CB, 0x40CB,
    0x40CB, 0x40CB, 0x40CB, 0x40CB, 0x40CB, 0x40CB, 0x40CC, 0x40CB,
    0x40CB, 0x40CB, 0x40CB, 0x40CB, 0x40CB, 0x40CB, 0x40CB, 0x40CB,
    0x40CB, 0x40CB, 0x40CB, 0x40CB, 0x40CB, 0x40CB, 0x40AB, 0x40AB,
    0x38AA, 0x38AA, 0x38AA, 0x38AA, 0x38AA, 0x38AA, 0x38AA, 0x38AA,
    0x38AA, 0x38AA, 0x38AA, 0x38A9, 0x38A9, 0x38A9, 0x30A9, 0x38A9,
    0x38A9, 0x38AA, 0x38AA, 0x38AA, 0x38AA, 0x38AA, 0x38AA, 0x38AA,
    0x30A9, 0x2066, 0x2066, 0x48ED, 0x6951, 0x50EE, 0x2867, 0x1024,
    0x2066, 0x40CA, 0x40EC, 0x30AA, 0x0823, 0x0000, 0x0000, 0x0000,
    0x0000, 0x0000, 0x0000, 0x0000, 0x0000, 0x0000, 0x0000, 0x0000,
    0x0000, 0x0000, 0x0000, 0x0000, 0x0000, 0x0000, 0x0000, 0x0000,
    0x0000, 0x0000, 0x0000, 0x0000, 0x2868, 0x2868, 0x3088, 0x30A8,
    0x30A9, 0x38A9, 0x38AA, 0x40CB, 0x40EC, 0x48ED, 0x48ED, 0x50EE,
    0x50EE, 0x6110, 0x7153, 0x7154, 0x50EE, 0x38AA, 0x38AA, 0x40CB,
    0x40CC, 0x40CC, 0x40CB, 0x40CB, 0x40CB, 0x40CB, 0x40CB, 0x40CB,
    0x40CB, 0x40CB, 0x40CB, 0x40CB, 0x40CB, 0x40CB, 0x40CB, 0x40CB,
    0x40CB, 0x40CB, 0x40CB, 0x40CB, 0x40CB, 0x40CB, 0x40CB, 0x40CB,
    0x40CB, 0x40CB, 0x40CB, 0x40CB, 0x40CB, 0x40CB, 0x40CB, 0x40CB,
    0x40CB, 0x40CB, 0x40AB, 0x40AB, 0x38AA, 0x38AA, 0x38CA, 0x38AA,
    0x38AA, 0x38AA, 0x38AA, 0x38AA, 0x38AA, 0x38AA, 0x38AA, 0x38AA,
    0x38AA, 0x38A9, 0x38A9, 0x38A9, 0x38A9, 0x30A9, 0x3088, 0x3088,
    0x3088, 0x3088, 0x38A9, 0x2888, 0x2065, 0x2066, 0x40CC, 0x6952,
    0x7974, 0x6931, 0x40AB, 0x2867, 0x38AA, 0x514E, 0x512E, 0x2889,
    0x0802, 0x0000, 0x0000, 0x0000, 0x0000, 0x0000, 0x0000, 0x0000,
    0x0000, 0x0000, 0x0000, 0x0000, 0x0000, 0x0000, 0x0000, 0x0000,
    0x0000, 0x0000, 0x0000, 0x0000, 0x0000, 0x0000, 0x0000, 0x0000,
    0x2867, 0x2887, 0x2888, 0x30A8, 0x30A8, 0x30A9, 0x38AA, 0x38CA,
    0x40CB, 0x40CC, 0x48CD, 0x50CD, 0x50EE, 0x590F, 0x6932, 0x6933,
    0x6131, 0x50ED, 0x40CB, 0x40AB, 0x40CB, 0x40CC, 0x40CB, 0x40CB,
    0x40CB, 0x40CB, 0x40CB, 0x40CB, 0x40CB, 0x40CB, 0x40CB, 0x40CB,
    0x40CB, 0x40CB, 0x40CB, 0x40CB, 0x40CB, 0x40CB, 0x40CB, 0x40CB,
    0x40CB, 0x40CB, 0x40CB, 0x40CB, 0x40CB, 0x40CB, 0x40CB, 0x40CB,
    0x40CB, 0x40CB, 0x40CB, 0x40CB, 0x40CB, 0x40AB, 0x40AB, 0x40AB,
    0x40AB, 0x38AB, 0x38CB, 0x40CB, 0x40AB, 0x40AB, 0x40CB, 0x40CB,
    0x40CB, 0x40AB, 0x40AB, 0x40AB, 0x40AB, 0x40AA, 0x40AA, 0x38AA,
    0x38A9, 0x2888, 0x2066, 0x2066, 0x2065, 0x2066, 0x2867, 0x1023,
    0x0821, 0x30A9, 0x6953, 0x8175, 0x7152, 0x6931, 0x6110, 0x50EF,
    0x6151, 0x69B3, 0x594F, 0x2868, 0x0801, 0x0000, 0x0000, 0x0001,
    0x0000, 0x0000, 0x0000, 0x0000, 0x0000, 0x0000, 0x0000, 0x0000,
    0x0000, 0x0000, 0x0000, 0x0000, 0x0000, 0x0000, 0x0000, 0x0000,
    0x0000, 0x0000, 0x0000, 0x0000, 0x2867, 0x2867, 0x2887, 0x30A8,
    0x30A8, 0x30A9, 0x38A9, 0x38CA, 0x40CB, 0x40CC, 0x48CC, 0x48CD,
    0x50EE, 0x590F, 0x5910, 0x6111, 0x7153, 0x6931, 0x40CC, 0x3089,
    0x38AB, 0x40CC, 0x40CB, 0x40CB, 0x40CB, 0x40CB, 0x40CB, 0x40CB,
    0x40CB, 0x40CB, 0x40CB, 0x40CB, 0x40CB, 0x40CB, 0x40CB, 0x40CB,
    0x40CB, 0x40CB, 0x40CB, 0x40CB, 0x40CB, 0x40CB, 0x40CB, 0x40CB,
    0x40CB, 0x40CB, 0x40CB, 0x40CB, 0x40CB, 0x40CB, 0x40CB, 0x40CB,
    0x40AB, 0x40AB, 0x40AB, 0x40CB, 0x40AB, 0x40AB, 0x38AA, 0x38AA,
    0x38AA, 0x38AA, 0x38AA, 0x38A9, 0x38A9, 0x38A9, 0x38A9, 0x38AA,
    0x38A9, 0x38A9, 0x30A9, 0x3088, 0x3088, 0x30A9, 0x38AA, 0x38AA,
    0x38A9, 0x38A9, 0x38AA, 0x2066, 0x2045, 0x50EE, 0x8196, 0x7974,
    0x692F, 0x6930, 0x7153, 0x6933, 0x7174, 0x71D4, 0x514F, 0x2867,
    0x1001, 0x0000, 0x0000, 0x0001, 0x0000, 0x0000, 0x0000, 0x0000,
    0x0000, 0x0000, 0x0000, 0x0000, 0x0000, 0x0000, 0x0000, 0x0000,
    0x0000, 0x0000, 0x0000, 0x0000, 0x0000, 0x0000, 0x0000, 0x0000,
    0x2867, 0x2867, 0x2887, 0x3088, 0x30A8, 0x3088, 0x3089, 0x38AA,
    0x40CA, 0x40CB, 0x40CC, 0x48CD, 0x50EE, 0x590F, 0x58EF, 0x6110,
    0x7153, 0x6952, 0x40CC, 0x3088, 0x38AA, 0x40CC, 0x40CB, 0x40CB,
    0x40CB, 0x40CB, 0x40CB, 0x40CB, 0x40CB, 0x40CB, 0x40CB, 0x40CB,
    0x40CB, 0x40CB, 0x40CB, 0x40CB, 0x40CB, 0x40CB, 0x40CB, 0x40CB,
    0x40CB, 0x40CB, 0x40CB, 0x40CB, 0x40CB, 0x40CB, 0x40CB, 0x40CC,
    0x40CC, 0x40CC, 0x40CC, 0x40CC, 0x40CB, 0x40CB, 0x40CB, 0x40CC,
    0x40CB, 0x40CB, 0x38CB, 0x38AA, 0x3889, 0x3088, 0x2888, 0x2887,
    0x2887, 0x2887, 0x2887, 0x2887, 0x2887, 0x2867, 0x2066, 0x2066,
    0x3088, 0x48CC, 0x6932, 0x7174, 0x7153, 0x6931, 0x6932, 0x6111,
    0x50EF, 0x6932, 0x7955, 0x6931, 0x590E, 0x610F, 0x6931, 0x60F1,
    0x6152, 0x69B2, 0x512E, 0x2847, 0x0801, 0x0000, 0x0000, 0x0000,
    0x0000, 0x0000, 0x0000, 0x0000, 0x0000, 0x0000, 0x0000, 0x0000,
    0x0000, 0x0000, 0x0000, 0x0000, 0x0000, 0x0000, 0x0000, 0x0000,
    0x0000, 0x0000, 0x0000, 0x0000, 0x2846, 0x2847, 0x2867, 0x2887,
    0x3088, 0x3088, 0x3089, 0x38A9, 0x38CA, 0x40CB, 0x40CC, 0x48CC,
    0x50ED, 0x510F, 0x58EF, 0x5910, 0x6932, 0x6952, 0x50EE, 0x40CB,
    0x40AB, 0x38AA, 0x38AA, 0x40AA, 0x40CB, 0x40CB, 0x40CB, 0x40CB,
    0x40CB, 0x40CB, 0x40CB, 0x40CB, 0x40CB, 0x40CB, 0x40CB, 0x40CB,
    0x40CB, 0x40CB, 0x40CB, 0x40CB, 0x40CB, 0x40CB, 0x40CB, 0x40CB,
    0x40CB, 0x40CB, 0x40CB, 0x40AB, 0x38AA, 0x38AA, 0x38AA, 0x38AA,
    0x38AA, 0x38AA, 0x40AB, 0x38AA, 0x38AA, 0x38AA, 0x38CB, 0x38CA,
    0x38AA, 0x38AA, 0x38CB, 0x38AB, 0x38AA, 0x38AA, 0x38AA, 0x38AA,
    0x38AA, 0x38AA, 0x3089, 0x38A9, 0x40CB, 0x590F, 0x7975, 0x8997,
    0x8176, 0x7954, 0x7975, 0x7975, 0x7154, 0x6933, 0x6912, 0x590F,
    0x590E, 0x610F, 0x5910, 0x50CF, 0x5930, 0x6191, 0x490D, 0x2847,
    0x0802, 0x0000, 0x0000, 0x0000, 0x0000, 0x0000, 0x0000, 0x0000,
    0x0000, 0x0000, 0x0000, 0x0000, 0x0000, 0x0000, 0x0000, 0x0000,
    0x0000, 0x0000, 0x0000, 0x0000, 0x0000, 0x0000, 0x0000, 0x0000,
    0x2046, 0x2046, 0x2867, 0x2887, 0x2888, 0x3088, 0x3088, 0x38A9,
    0x38CA, 0x40CB, 0x40CB, 0x40CC, 0x48ED, 0x50EE, 0x50EF, 0x590F,
    0x6131, 0x6952, 0x6932, 0x5910, 0x48CC, 0x38AA, 0x3089, 0x38A9,
    0x38AA, 0x40CB, 0x40CC, 0x48CC, 0x48CC, 0x40CC, 0x48CC, 0x48CC,
    0x48CC, 0x48CC, 0x48CC, 0x48CC, 0x48CC, 0x48CC, 0x48CC, 0x40CC,
    0x40CC, 0x40CC, 0x40CC, 0x40CC, 0x48CC, 0x40CB, 0x38AA, 0x38AA,
    0x3088, 0x2887, 0x2887, 0x3088, 0x3088, 0x3088, 0x3089, 0x3088,
    0x2867, 0x3088, 0x40CB, 0x40CC, 0x48CC, 0x50EE, 0x6131, 0x6953,
    0x6953, 0x6952, 0x6932, 0x6931, 0x6131, 0x6131, 0x6131, 0x6131,
    0x6131, 0x6131, 0x6952, 0x7133, 0x6932, 0x6131, 0x6131, 0x6151,
    0x6132, 0x6111, 0x58F0, 0x590F, 0x610F, 0x610F, 0x5910, 0x50CF,
    0x5931, 0x6191, 0x492D, 0x2867, 0x1002, 0x0000, 0x0000, 0x0000,
    0x0000, 0x0000, 0x0000, 0x0000, 0x0000, 0x0000, 0x0000, 0x0000,
    0x0000, 0x0000, 0x0000, 0x0000, 0x0000, 0x0000, 0x0000, 0x0000,
    0x0000, 0x0000, 0x0000, 0x0000, 0x2046, 0x2046, 0x2866, 0x2867,
    0x2887, 0x3088, 0x3088, 0x30A9, 0x38CA, 0x38CA, 0x40CB, 0x40CC,
    0x48EC, 0x48ED, 0x50EE, 0x50EF, 0x590F, 0x6131, 0x6952, 0x6932,
    0x590F, 0x48CD, 0x48CC, 0x40CB, 0x38AA, 0x38AA, 0x38AA, 0x38AA,
    0x38CA, 0x38AA, 0x38AA, 0x40AA, 0x40AA, 0x40AA, 0x40AA, 0x40AA,
    0x40AA, 0x40AA, 0x40AA, 0x40AB, 0x40CB, 0x40CB, 0x40CB, 0x40CB,
    0x40CB, 0x38AA, 0x38AA, 0x40CC, 0x48CC, 0x40CB, 0x40AB, 0x40CB,
    0x40CB, 0x40CB, 0x40CB, 0x40AB, 0x38AA, 0x40CB, 0x50EE, 0x510F,
    0x590F, 0x6131, 0x7954, 0x8176, 0x7976, 0x7975, 0x7974, 0x7154,
    0x7154, 0x7154, 0x7954, 0x7154, 0x7153, 0x6131, 0x5910, 0x590F,
    0x58EF, 0x590F, 0x510F, 0x510F, 0x510F, 0x590F, 0x58EF, 0x590F,
    0x590E, 0x590F, 0x590F, 0x50CF, 0x5911, 0x6191, 0x492D, 0x2067,
    0x1001, 0x0000, 0x0000, 0x0000, 0x0000, 0x0000, 0x0000, 0x0000,
    0x0000, 0x0000, 0x0000, 0x0000, 0x0000, 0x0000, 0x0000, 0x0000,
    0x0000, 0x0000, 0x0000, 0x0000, 0x0000, 0x0000, 0x0000, 0x0000,
    0x2046, 0x2046, 0x2866, 0x2867, 0x2887, 0x2888, 0x3088, 0x30A9,
    0x38A9, 0x38AA, 0x38AA, 0x40CB, 0x40CC, 0x48ED, 0x50EE, 0x50EE,
    0x510E, 0x590F, 0x6131, 0x6131, 0x6131, 0x6952, 0x6952, 0x590F,
    0x40CB, 0x3089, 0x3088, 0x2888, 0x2888, 0x2888, 0x2888, 0x2887,
    0x2888, 0x2888, 0x3088, 0x3088, 0x3088, 0x3088, 0x3088, 0x3088,
    0x3089, 0x30A9, 0x30A9, 0x38A9, 0x30A9, 0x2888, 0x30AA, 0x5930,
    0x7174, 0x7153, 0x6953, 0x7153, 0x6952, 0x6931, 0x6931, 0x6132,
    0x6131, 0x6131, 0x6952, 0x6932, 0x6111, 0x6131, 0x6932, 0x6932,
    0x6132, 0x6131, 0x6131, 0x6131, 0x6130, 0x6110, 0x6111, 0x6131,
    0x6130, 0x6110, 0x590F, 0x590F, 0x590F, 0x5910, 0x590F, 0x510F,
    0x590F, 0x5910, 0x590F, 0x590E, 0x590E, 0x590E, 0x58EF, 0x50CF,
    0x5910, 0x5971, 0x490D, 0x2066, 0x0801, 0x0000, 0x0000, 0x0000,
    0x0000, 0x0000, 0x0000, 0x0000, 0x0000, 0x0000, 0x0000, 0x0000,
    0x0000, 0x0000, 0x0000, 0x0000, 0x0000, 0x0000, 0x0000, 0x0000,
    0x0000, 0x0000, 0x0000, 0x0000, 0x2046, 0x2046, 0x2066, 0x2867,
    0x2887, 0x2887, 0x2888, 0x3088, 0x30A9, 0x38A9, 0x38AA, 0x40AB,
    0x40CC, 0x48CD, 0x48ED, 0x50EE, 0x50EE, 0x50EE, 0x510F, 0x5910,
    0x6131, 0x7173, 0x7974, 0x6131, 0x48ED, 0x40CB, 0x40AA, 0x40CB,
    0x40CB, 0x40CB, 0x40AB, 0x40CB, 0x40AB, 0x40AB, 0x40CB, 0x40CB,
    0x40CB, 0x40AB, 0x40AB, 0x40CB, 0x40CB, 0x40CB, 0x40CB, 0x40CC,
    0x40CB, 0x38AA, 0x40CC, 0x6952, 0x8196, 0x7996, 0x7975, 0x8175,
    0x7974, 0x7153, 0x7153, 0x7154, 0x7153, 0x7153, 0x7153, 0x6952,
    0x6131, 0x6111, 0x6110, 0x590F, 0x510F, 0x510F, 0x590F, 0x590F,
    0x58EF, 0x58EE, 0x50EE, 0x510F, 0x590F, 0x590F, 0x590F, 0x590F,
    0x590F, 0x590F, 0x590F, 0x510F, 0x510F, 0x510F, 0x590F, 0x590E,
    0x590E, 0x58EE, 0x50EE, 0x48CE, 0x510F, 0x5970, 0x410C, 0x2066,
    0x0801, 0x0000, 0x0000, 0x0000, 0x0000, 0x0000, 0x0000, 0x0000,
    0x0000, 0x0000, 0x0000, 0x0000, 0x0000, 0x0000, 0x0000, 0x0000,
    0x0000, 0x0000, 0x0000, 0x0000, 0x0000, 0x0000, 0x0000, 0x0000,
    0x2045, 0x2045, 0x2066, 0x2066, 0x2067, 0x2887, 0x2887, 0x30A8,
    0x30A9, 0x38A9, 0x38AA, 0x38AA, 0x40CB, 0x40CC, 0x48CD, 0x48ED,
    0x50EE, 0x50EE, 0x510E, 0x590F, 0x5910, 0x6131, 0x6932, 0x6931,
    0x6131, 0x6130, 0x6131, 0x6952, 0x7153, 0x7153, 0x7153, 0x7153,
    0x7153, 0x6953, 0x6953, 0x6952, 0x6953, 0x6953, 0x6952, 0x6932,
    0x6931, 0x6131, 0x6131, 0x6931, 0x6931, 0x6110, 0x5910, 0x6932,
    0x6952, 0x6131, 0x6111, 0x6931, 0x6131, 0x6130, 0x6130, 0x6131,
    0x6131, 0x6130, 0x6130, 0x6130, 0x6130, 0x5930, 0x590F, 0x590F,
    0x590F, 0x5910, 0x5910, 0x5910, 0x590F, 0x590F, 0x590F, 0x590F,
    0x590F, 0x58EF, 0x58EF, 0x50EF, 0x510F, 0x510F, 0x510F, 0x510E,
    0x510E, 0x50EE, 0x50EE, 0x50ED, 0x50ED, 0x50EE, 0x50EE, 0x48CD,
    0x510E, 0x596E, 0x410B, 0x1845, 0x0801, 0x0000, 0x0000, 0x0000,
    0x0000, 0x0000, 0x0000, 0x0000, 0x0000, 0x0000, 0x0000, 0x0000,
    0x0000, 0x0000, 0x0000, 0x0000, 0x0000, 0x0000, 0x0000, 0x0000,
    0x0000, 0x0000, 0x0000, 0x0000, 0x1845, 0x1845, 0x2066, 0x2066,
    0x2066, 0x2886, 0x2887, 0x2888, 0x30A8, 0x30A9, 0x38AA, 0x38AA,
    0x40CB, 0x40CB, 0x48CC, 0x48CD, 0x50ED, 0x50EE, 0x510E, 0x510E,
    0x50EF, 0x58EF, 0x590F, 0x6110, 0x6932, 0x7152, 0x7153, 0x7974,
    0x7975, 0x7975, 0x7975, 0x8175, 0x8175, 0x7975, 0x7995, 0x7995,
    0x7975, 0x7975, 0x7974, 0x7174, 0x7153, 0x7153, 0x7153, 0x7153,
    0x7153, 0x7152, 0x6931, 0x6111, 0x5910, 0x58EF, 0x58EF, 0x58EF,
    0x58EF, 0x590F, 0x590F, 0x590F, 0x58EF, 0x58EF, 0x590F, 0x590F,
    0x590F, 0x590F, 0x590F, 0x590F, 0x590F, 0x590F, 0x590F, 0x58EF,
    0x590F, 0x590F, 0x510F, 0x510F, 0x50EF, 0x50EE, 0x50EE, 0x50EE,
    0x50EE, 0x50EE, 0x50EE, 0x50EE, 0x50ED, 0x50ED, 0x50ED, 0x50ED,
    0x50CD, 0x50CE, 0x50CE, 0x48CD, 0x510D, 0x516D, 0x410A, 0x1844,
    0x0802, 0x0000, 0x0000, 0x0001, 0x0000, 0x0000, 0x0000, 0x0000,
    0x0000, 0x0000, 0x0000, 0x0000, 0x0000, 0x0000, 0x0000, 0x0000,
    0x0000, 0x0000, 0x0000, 0x0000, 0x0000, 0x0000, 0x0000, 0x0000,
    0x1845, 0x1845, 0x2065, 0x2066, 0x2066, 0x2066, 0x2866, 0x2887,
    0x3088, 0x3088, 0x3089, 0x38AA, 0x40AA, 0x40CB, 0x40CB, 0x48CC,
    0x48CD, 0x50ED, 0x50EE, 0x50EE, 0x50EF, 0x50EF, 0x50EF, 0x590F,
    0x5910, 0x6130, 0x6110, 0x6111, 0x6111, 0x6131, 0x6931, 0x6931,
    0x6931, 0x6131, 0x6131, 0x6111, 0x6131, 0x6131, 0x6131, 0x6130,
    0x6130, 0x6130, 0x6111, 0x6110, 0x6110, 0x6110, 0x6110, 0x590F,
    0x590F, 0x590F, 0x5910, 0x5910, 0x590F, 0x590F, 0x590F, 0x590F,
    0x58EF, 0x58EF, 0x58EF, 0x58EF, 0x50EF, 0x50EE, 0x50EE, 0x50EE,
    0x50EE, 0x50EE, 0x50EE, 0x50EE, 0x50EE, 0x50EE, 0x50EE, 0x50EE,
    0x50EE, 0x50EE, 0x50EE, 0x50CD, 0x50CD, 0x50CE, 0x50EE, 0x50EE,
    0x50ED, 0x50ED, 0x50EC, 0x50CC, 0x48CD, 0x48CD, 0x48CE, 0x40AD,
    0x48ED, 0x514D, 0x3909, 0x1844, 0x0801, 0x0000, 0x0000, 0x0000,
    0x0000, 0x0000, 0x0000, 0x0000, 0x0000, 0x0000, 0x0000, 0x0000,
    0x0000, 0x0000, 0x0000, 0x0000, 0x0000, 0x0000, 0x0000, 0x0000,
    0x0000, 0x0000, 0x0000, 0x0000, 0x1845, 0x1845, 0x1845, 0x2065,
    0x2066, 0x2066, 0x2066, 0x2887, 0x2887, 0x3088, 0x3088, 0x3889,
    0x38AA, 0x40CA, 0x40CB, 0x40AB, 0x48CC, 0x48CD, 0x48CD, 0x48CD,
    0x50EE, 0x50EE, 0x50EE, 0x50EE, 0x50EF, 0x58EE, 0x58EE, 0x50EE,
    0x50EE, 0x58EE, 0x58EE, 0x58EF, 0x58EF, 0x50EF, 0x50EE, 0x50EE,
    0x50EE, 0x50EE, 0x510E, 0x590E, 0x590E, 0x590F, 0x590F, 0x58EF,
    0x58EF, 0x58EE, 0x58EE, 0x590F, 0x590F, 0x590F, 0x590F, 0x590F,
    0x590F, 0x590F, 0x590F, 0x58EF, 0x58EF, 0x58EF, 0x50EF, 0x50EF,
    0x50EE, 0x50EE, 0x50EE, 0x50EE, 0x50EE, 0x50EE, 0x50ED, 0x50ED,
    0x50ED, 0x50ED, 0x50EE, 0x50CE, 0x48CD, 0x48ED, 0x48ED, 0x48CD,
    0x48CD, 0x48CD, 0x48EE, 0x48ED, 0x48ED, 0x48CC, 0x48CC, 0x48CC,
    0x48CC, 0x48CD, 0x48AD, 0x40AC, 0x48ED, 0x514D, 0x38E9, 0x1844,
    0x0801, 0x0000, 0x0000, 0x0000, 0x0000, 0x0000, 0x0000, 0x0000,
    0x0000, 0x0000, 0x0000, 0x0000, 0x0000, 0x0000, 0x0000, 0x0000,
    0x0000, 0x0000, 0x0000, 0x0000, 0x0000, 0x0000, 0x0000, 0x0000,
    0x1824, 0x1824, 0x1844, 0x1845, 0x2065, 0x2065, 0x2066, 0x2886,
    0x2887, 0x2887, 0x3088, 0x3088, 0x38A9, 0x38AA, 0x38AA, 0x38AB,
    0x40CB, 0x40CC, 0x48EC, 0x48EC, 0x48ED, 0x50ED, 0x50ED, 0x50EE,
    0x510E, 0x510E, 0x58EE, 0x50EE, 0x50EE, 0x50EF, 0x590F, 0x58EF,
    0x58EF, 0x590F, 0x510F, 0x510F, 0x510E, 0x510E, 0x590E, 0x590E,
    0x590E, 0x50EE, 0x50EE, 0x50EE, 0x50EE, 0x50EE, 0x50EE, 0x50EE,
    0x50EE, 0x50EE, 0x50EE, 0x50EE, 0x50EE, 0x50EE, 0x50EE, 0x50EE,
    0x50EE, 0x50EE, 0x50EE, 0x50EE, 0x50ED, 0x50ED, 0x50CD, 0x50CD,
    0x50ED, 0x48ED, 0x48ED, 0x48ED, 0x48ED, 0x48ED, 0x48CD, 0x48CD,
    0x48CD, 0x48CC, 0x48EC, 0x48CC, 0x48CC, 0x48CD, 0x48ED, 0x40ED,
    0x48EC, 0x48CB, 0x48CB, 0x48CB, 0x48CC, 0x48CD, 0x48AD, 0x40AC,
    0x48EC, 0x494C, 0x38E9, 0x1864, 0x0801, 0x0000, 0x0000, 0x0000,
    0x0000, 0x0000, 0x0000, 0x0000, 0x0000, 0x0000, 0x0000, 0x0000,
    0x0000, 0x0000, 0x0000, 0x0000, 0x0000, 0x0000, 0x0000, 0x0000,
    0x0000, 0x0000, 0x0000, 0x0000, 0x1824, 0x1824, 0x1844, 0x1845,
    0x2065, 0x2065, 0x2065, 0x2066, 0x2866, 0x2867, 0x2887, 0x3088,
    0x3088, 0x3889, 0x38AA, 0x38AA, 0x40AB, 0x40CB, 0x40CB, 0x40EC,
    0x48EC, 0x48EC, 0x48EC, 0x48ED, 0x50ED, 0x50EE, 0x50EE, 0x50EE,
    0x50EE, 0x50EE, 0x50EE, 0x50EE, 0x50EE, 0x510E, 0x510E, 0x510E,
    0x510E, 0x510E, 0x510E, 0x50EE, 0x50EE, 0x50EE, 0x50EE, 0x50EE,
    0x50EE, 0x50ED, 0x50EE, 0x50EE, 0x50EE, 0x50ED, 0x50ED, 0x48ED,
    0x50ED, 0x50ED, 0x50ED, 0x48ED, 0x48ED, 0x48ED, 0x48ED, 0x48ED,
    0x48ED, 0x48CD, 0x48CD, 0x48ED, 0x48ED, 0x48ED, 0x48EC, 0x48EC,
    0x48CC, 0x48CC, 0x48CC, 0x48CC, 0x48CC, 0x48CC, 0x48CC, 0x48CC,
    0x48CC, 0x40CC, 0x40CC, 0x40EC, 0x40EB, 0x40CB, 0x40CB, 0x48CB,
    0x48CC, 0x40CC, 0x40AD, 0x40AC, 0x40EC, 0x492C, 0x30C8, 0x1864,
    0x0801, 0x0000, 0x0000, 0x0000, 0x0000, 0x0000, 0x0000, 0x0000,
    0x0000, 0x0000, 0x0000, 0x0000, 0x0000, 0x0000, 0x0000, 0x0000,
    0x0000, 0x0000, 0x0000, 0x0000, 0x0000, 0x0000, 0x0000, 0x0000,
    0x1044, 0x1044, 0x1844, 0x1844, 0x1845, 0x1845, 0x1845, 0x2045,
    0x2066, 0x2866, 0x2867, 0x3088, 0x3088, 0x3088, 0x3089, 0x38A9,
    0x38AA, 0x40AA, 0x40AB, 0x40CB, 0x40CB, 0x40EB, 0x40EC, 0x48EC,
    0x48EC, 0x48ED, 0x50ED, 0x50ED, 0x50ED, 0x50ED, 0x50ED, 0x50ED,
    0x50ED, 0x50ED, 0x50ED, 0x48ED, 0x48ED, 0x48ED, 0x48ED, 0x50ED,
    0x50ED, 0x50ED, 0x50ED, 0x48ED, 0x48ED, 0x48ED, 0x48ED, 0x48ED,
    0x48ED, 0x48EC, 0x48EC, 0x48EC, 0x48EC, 0x48EC, 0x48EC, 0x48EC,
    0x48EC, 0x48EC, 0x48CC, 0x48CC, 0x48CC, 0x48CC, 0x48CC, 0x48CC,
    0x48CC, 0x48CC, 0x48CC, 0x48CC, 0x40CC, 0x40CC, 0x40CC, 0x40CC,
    0x40CC, 0x40CC, 0x40CC, 0x40CC, 0x40CC, 0x40CC, 0x40CC, 0x40CC,
    0x40EB, 0x40EA, 0x40CA, 0x40CA, 0x40CB, 0x40AC, 0x40AC, 0x388C,
    0x40CC, 0x410B, 0x30C8, 0x1844, 0x0800, 0x0000, 0x0000, 0x0000,
    0x0000, 0x0000, 0x0000, 0x0000, 0x0000, 0x0000, 0x0000, 0x0000,
    0x0000, 0x0000, 0x0000, 0x0000, 0x0000, 0x0000, 0x0000, 0x0000,
    0x0000, 0x0000, 0x0000, 0x0000, 0x1044, 0x1044, 0x1844, 0x1844,
    0x1844, 0x1844, 0x1845, 0x2045, 0x2065, 0x2066, 0x2867, 0x2887,
    0x3088, 0x3088, 0x3088, 0x30A9, 0x38A9, 0x38AA, 0x38AA, 0x38AA,
    0x40CB, 0x40CB, 0x40CB, 0x40CB, 0x40EB, 0x48EC, 0x48EC, 0x48EC,
    0x48CC, 0x48CC, 0x48CD, 0x48CD, 0x48CD, 0x48EC, 0x48EC, 0x48EC,
    0x48ED, 0x48ED, 0x48EC, 0x48EC, 0x48CD, 0x48CD, 0x48ED, 0x48EC,
    0x48CC, 0x48CC, 0x48CC, 0x48CC, 0x48CC, 0x48CC, 0x48EC, 0x48EC,
    0x48EC, 0x48EC, 0x40CC, 0x40CC, 0x48CC, 0x40CC, 0x40CB, 0x40CB,
    0x40CC, 0x40CC, 0x40CB, 0x40CB, 0x40CB, 0x40CB, 0x40CB, 0x40AB,
    0x40AB, 0x40CB, 0x40CB, 0x40CB, 0x40CB, 0x40CB, 0x40CB, 0x40CB,
    0x40CB, 0x40CB, 0x40CB, 0x40CB, 0x40CB, 0x40CA, 0x40CA, 0x40AA,
    0x40AB, 0x40AB, 0x38AB, 0x38AB, 0x40CB, 0x40EB, 0x30C8, 0x1843,
    0x0801, 0x0000, 0x0000, 0x0000, 0x0000, 0x0000, 0x0000, 0x0000,
    0x0000, 0x0000, 0x0000, 0x0000, 0x0000, 0x0000, 0x0000, 0x0000,
    0x0000, 0x0000, 0x0000, 0x0000, 0x0000, 0x0000, 0x0000, 0x0000,
    0x1023, 0x1023, 0x1843, 0x1843, 0x1844, 0x1844, 0x1844, 0x2045,
    0x2065, 0x2065, 0x2066, 0x2866, 0x2887, 0x2887, 0x2888, 0x2888,
    0x3088, 0x30A8, 0x30A9, 0x38A9, 0x40AA, 0x40AA, 0x40AA, 0x38CA,
    0x40CB, 0x40CB, 0x40CB, 0x40CB, 0x40CB, 0x40CC, 0x48CC, 0x48CC,
    0x48CC, 0x40EC, 0x40EC, 0x48CC, 0x48CC, 0x48CC, 0x40EC, 0x40EB,
    0x40CB, 0x40CB, 0x40CB, 0x40CB, 0x40CB, 0x40CB, 0x40CB, 0x40CB,
    0x40CB, 0x40CB, 0x40CB, 0x40CB, 0x40CB, 0x40CB, 0x40CB, 0x40CB,
    0x40CB, 0x40CB, 0x40CB, 0x40CB, 0x40CB, 0x40CB, 0x40CB, 0x40CB,
    0x40AB, 0x40CB, 0x40CB, 0x40AA, 0x38AA, 0x38CA, 0x40CA, 0x40CA,
    0x38CA, 0x38AA, 0x38AA, 0x38AA, 0x38AA, 0x38AA, 0x38AA, 0x38AA,
    0x38AA, 0x38AA, 0x38AA, 0x38AA, 0x38AA, 0x38AA, 0x38AA, 0x38A9,
    0x38EA, 0x390A, 0x30C7, 0x1844, 0x0801, 0x0000, 0x0000, 0x0000,
    0x0000, 0x0000, 0x0000, 0x0000, 0x0000, 0x0000, 0x0000, 0x0000,
    0x0000, 0x0000, 0x0000, 0x0000, 0x0000, 0x0000, 0x0000, 0x0000,
    0x0000, 0x0000, 0x0000, 0x0000, 0x1022, 0x1023, 0x1023, 0x1043,
    0x1843, 0x1844, 0x1844, 0x1864, 0x2065, 0x2065, 0x2066, 0x2066,
    0x2866, 0x2887, 0x2887, 0x2887, 0x2888, 0x30A8, 0x30A8, 0x30A9,
    0x38A9, 0x38AA, 0x38AA, 0x38AA, 0x38AA, 0x38AA, 0x40AB, 0x40CB,
    0x40CB, 0x40CB, 0x40CB, 0x40CB, 0x40CC, 0x40CB, 0x40CB, 0x40CB,
    0x40CB, 0x40CB, 0x40CB, 0x40CB, 0x40CB, 0x40CB, 0x40CB, 0x40CB,
    0x38CB, 0x40AB, 0x40AB, 0x40AB, 0x40AB, 0x40AB, 0x40AB, 0x40AB,
    0x40AB, 0x38AB, 0x38AB, 0x38AB, 0x40AB, 0x38CB, 0x38AA, 0x38CA,
    0x38AA, 0x38CA, 0x38CA, 0x38AA, 0x38AA, 0x38AA, 0x38AA, 0x38AA,
    0x38AA, 0x38AA, 0x38AA, 0x38AA, 0x38AA, 0x38AA, 0x38AA, 0x38AA,
    0x38AA, 0x38AA, 0x38AA, 0x38AA, 0x38AA, 0x38AA, 0x388A, 0x388A,
    0x388A, 0x38AA, 0x38A9, 0x30A9, 0x38E9, 0x3909, 0x28C7, 0x1044,
    0x0002, 0x0000, 0x0000, 0x0000, 0x0000, 0x0000, 0x0000, 0x0000,
    0x0000, 0x0000, 0x0000, 0x0000, 0x0000, 0x0000, 0x0000, 0x0000,
    0x0000, 0x0000, 0x0000, 0x0000, 0x0000, 0x0000, 0x0000, 0x0000,
    0x1022, 0x1022, 0x1023, 0x1023, 0x1023, 0x1023, 0x1844, 0x1844,
    0x1845, 0x2065, 0x2045, 0x2045, 0x2046, 0x2066, 0x2867, 0x2867,
    0x2887, 0x2888, 0x2888, 0x30A8, 0x3889, 0x3889, 0x3889, 0x3889,
    0x388A, 0x38AA, 0x38AA, 0x38AA, 0x38AA, 0x38AA, 0x38AA, 0x38AA,
    0x38AA, 0x38AA, 0x38AA, 0x38AA, 0x38AA, 0x38AA, 0x38AA, 0x38AA,
    0x38CA, 0x38CA, 0x38CA, 0x38CA, 0x38AA, 0x38AA, 0x38AA, 0x38AA,
    0x38AA, 0x38AA, 0x38AA, 0x38AA, 0x38AA, 0x38AA, 0x38AA, 0x38AA,
    0x38AA, 0x38AA, 0x38AA, 0x38AA, 0x38AA, 0x38AA, 0x38AA, 0x38AA,
    0x38AA, 0x38AA, 0x38AA, 0x38AA, 0x38AA, 0x38AA, 0x38AA, 0x38AA,
    0x38AA, 0x38AA, 0x388A, 0x308A, 0x308A, 0x308A, 0x38A9, 0x38A9,
    0x38A9, 0x3889, 0x388A, 0x388A, 0x388A, 0x3889, 0x3889, 0x3088,
    0x30A9, 0x38E9, 0x28C7, 0x1044, 0x0002, 0x0000, 0x0000, 0x0000,
    0x0000, 0x0000, 0x0000, 0x0000, 0x0000, 0x0000, 0x0000, 0x0000,
    0x0000, 0x0000, 0x0000, 0x0000, 0x0000, 0x0000, 0x0000, 0x0000,
    0x0000, 0x0000, 0x0000, 0x0000, 0x1022, 0x1022, 0x1023, 0x1023,
    0x1023, 0x1023, 0x1043, 0x1844, 0x1844, 0x1845, 0x1845, 0x1845,
    0x2045, 0x2066, 0x2066, 0x2867, 0x2867, 0x2887, 0x2888, 0x2888,
    0x3088, 0x3088, 0x3088, 0x3089, 0x3089, 0x38AA, 0x38AA, 0x38AA,
    0x38AA, 0x38AA, 0x38AA, 0x38AA, 0x38AA, 0x38AA, 0x38AA, 0x38AA,
    0x38AA, 0x38AA, 0x38AA, 0x38AA, 0x38AA, 0x38AA, 0x38AA, 0x38AA,
    0x38AA, 0x38AA, 0x38AA, 0x38AA, 0x38AA, 0x38AA, 0x38AA, 0x38AA,
    0x38AA, 0x38AA, 0x38AA, 0x38AA, 0x38AA, 0x38AA, 0x38AA, 0x38AA,
    0x38AA, 0x38AA, 0x38AA, 0x38AA, 0x38AA, 0x30AA, 0x308A, 0x30AA,
    0x30AA, 0x308A, 0x308A, 0x308A, 0x30AA, 0x308A, 0x308A, 0x3089,
    0x3089, 0x3089, 0x3889, 0x38A9, 0x38A9, 0x3089, 0x3089, 0x3889,
    0x3889, 0x3889, 0x3089, 0x3088, 0x30A9, 0x38C9, 0x28A7, 0x1044,
    0x0802, 0x0000, 0x0000, 0x0000, 0x0000, 0x0000, 0x0000, 0x0000,
    0x0000, 0x0000, 0x0000, 0x0000, 0x0000, 0x0000, 0x0000, 0x0000,
    0x0000, 0x0000, 0x0000, 0x0000, 0x0000, 0x0000, 0x0000, 0x0000,
    0x1022, 0x1022, 0x1023, 0x1023, 0x1023, 0x1023, 0x1023, 0x1043,
    0x1844, 0x1844, 0x1844, 0x1845, 0x1845, 0x2046, 0x2066, 0x2066,
    0x2866, 0x2867, 0x2887, 0x2887, 0x2868, 0x3068, 0x3088, 0x3088,
    0x3089, 0x3089, 0x3089, 0x3089, 0x30A9, 0x30A9, 0x38A9, 0x38A9,
    0x38A9, 0x38AA, 0x38AA, 0x38A9, 0x38A9, 0x38A9, 0x30A9, 0x30A9,
    0x3089, 0x3089, 0x3889, 0x3889, 0x3089, 0x3889, 0x3889, 0x3889,
    0x3089, 0x3089, 0x3089, 0x3089, 0x3089, 0x3889, 0x3089, 0x3089,
    0x3889, 0x3889, 0x3089, 0x30A9, 0x30A9, 0x3089, 0x3089, 0x30A9,
    0x30A9, 0x3089, 0x3089, 0x3089, 0x3089, 0x3089, 0x3089, 0x3089,
    0x3089, 0x3089, 0x3089, 0x3089, 0x3089, 0x3089, 0x3089, 0x3088,
    0x3088, 0x3089, 0x3089, 0x3089, 0x3089, 0x3089, 0x3089, 0x3088,
    0x30A8, 0x38C8, 0x28A6, 0x1044, 0x0802, 0x0000, 0x0000, 0x0000,
    0x0000, 0x0000, 0x0000, 0x0000, 0x0000, 0x0000, 0x0000, 0x0000,
    0x0000, 0x0000, 0x0000, 0x0000, 0x0000, 0x0000, 0x0000, 0x0000,
    0x0000, 0x0000, 0x0000, 0x0000, 0x1022, 0x1022, 0x1022, 0x1043,
    0x1043, 0x1023, 0x1023, 0x1043, 0x1044, 0x1844, 0x1844, 0x1844,
    0x1845, 0x1845, 0x2045, 0x2065, 0x2066, 0x2866, 0x2886, 0x2886,
    0x2867, 0x2867, 0x2867, 0x3087, 0x3088, 0x3088, 0x3088, 0x3088,
    0x3088, 0x30A9, 0x30A9, 0x30A9, 0x30A9, 0x30A9, 0x30A9, 0x30A9,
    0x30A9, 0x30A9, 0x30A9, 0x3089, 0x3089, 0x3088, 0x3089, 0x3089,
    0x3089, 0x3089, 0x3089, 0x3089, 0x3089, 0x3089, 0x3089, 0x3089,
    0x3089, 0x3089, 0x3089, 0x3089, 0x3089, 0x3089, 0x3088, 0x3088,
    0x3088, 0x3088, 0x3088, 0x30A8, 0x30A8, 0x3088, 0x3088, 0x3088,
    0x3088, 0x3088, 0x3088, 0x3088, 0x3088, 0x3088, 0x3088, 0x30A8,
    0x3088, 0x3088, 0x3088, 0x3088, 0x3088, 0x3088, 0x3088, 0x3089,
    0x3089, 0x3089, 0x3089, 0x3088, 0x30A8, 0x30C8, 0x2886, 0x1043,
    0x0801, 0x0000, 0x0000, 0x0000, 0x0000, 0x0000, 0x0000, 0x0000,
    0x0000, 0x0000, 0x0000, 0x0000, 0x0000, 0x0000, 0x0000, 0x0000,
    0x0000, 0x0000, 0x0000, 0x0000, 0x0000, 0x0000, 0x0000, 0x0000,
    0x0822, 0x0822, 0x0822, 0x0822, 0x0842, 0x0822, 0x1022, 0x1043,
    0x1043, 0x1043, 0x1843, 0x1844, 0x1844, 0x1844, 0x2045, 0x2045,
    0x2045, 0x2065, 0x2066, 0x2086, 0x2066, 0x2866, 0x2866, 0x2887,
    0x2887, 0x2887, 0x2888, 0x2888, 0x3088, 0x30A8, 0x30A8, 0x3088,
    0x3088, 0x3088, 0x3088, 0x3088, 0x3088, 0x3088, 0x3088, 0x3088,
    0x3088, 0x3088, 0x3088, 0x3088, 0x3088, 0x3088, 0x3088, 0x3088,
    0x3088, 0x3088, 0x3088, 0x3088, 0x3088, 0x3088, 0x3088, 0x3088,
    0x3088, 0x3088, 0x3088, 0x3088, 0x3088, 0x3088, 0x3088, 0x3088,
    0x3088, 0x3088, 0x3088, 0x3088, 0x3088, 0x3088, 0x3088, 0x3088,
    0x3088, 0x3088, 0x3088, 0x3088, 0x3088, 0x3088, 0x28A7, 0x2887,
    0x3087, 0x3088, 0x2888, 0x3088, 0x3068, 0x3068, 0x3088, 0x2888,
    0x30A8, 0x30C8, 0x2086, 0x1043, 0x0801, 0x0000, 0x0000, 0x0000,
    0x0000, 0x0000, 0x0000, 0x0000, 0x0000, 0x0000, 0x0000, 0x0000,
    0x0000, 0x0000, 0x0000, 0x0000, 0x0000, 0x0000, 0x0000, 0x0000,
    0x0000, 0x0000, 0x0000, 0x0000, 0x0822, 0x0822, 0x0822, 0x0822,
    0x0822, 0x0822, 0x1022, 0x1023, 0x1043, 0x1043, 0x1043, 0x1844,
    0x1844, 0x1844, 0x1844, 0x2045, 0x1845, 0x1865, 0x2065, 0x2065,
    0x2066, 0x2066, 0x2066, 0x2066, 0x2866, 0x2867, 0x2887, 0x2887,
    0x2887, 0x2888, 0x2888, 0x2888, 0x2888, 0x2888, 0x2888, 0x3088,
    0x3088, 0x3088, 0x3088, 0x3088, 0x3088, 0x3088, 0x3088, 0x3088,
    0x3088, 0x3088, 0x3088, 0x3088, 0x3088, 0x3088, 0x3088, 0x3088,
    0x3088, 0x3088, 0x3088, 0x3088, 0x3088, 0x2888, 0x2888, 0x2888,
    0x2888, 0x2888, 0x2888, 0x2888, 0x2888, 0x2888, 0x2888, 0x2888,
    0x2888, 0x2888, 0x2888, 0x2888, 0x2888, 0x2888, 0x2888, 0x2888,
    0x2888, 0x2887, 0x2887, 0x2887, 0x2887, 0x2887, 0x2888, 0x3088,
    0x3068, 0x3068, 0x3068, 0x2867, 0x30A8, 0x30A8, 0x2086, 0x1043,
    0x0801, 0x0000, 0x0000, 0x0000, 0x0000, 0x0000, 0x0000, 0x0000,
    0x0000, 0x0000, 0x0000, 0x0000, 0x0000, 0x0000, 0x0000, 0x0000,
    0x0000, 0x0000, 0x0000, 0x0000, 0x0000, 0x0000, 0x0000, 0x0000,
    0x0802, 0x0802, 0x0822, 0x0822, 0x0822, 0x0822, 0x1022, 0x1023,
    0x1023, 0x1023, 0x1024, 0x1024, 0x1844, 0x1844, 0x1844, 0x1845,
    0x1865, 0x1865, 0x2065, 0x2066, 0x2066, 0x2066, 0x2866, 0x2866,
    0x2866, 0x2867, 0x2887, 0x2887, 0x2887, 0x2888, 0x2888, 0x2888,
    0x2888, 0x2888, 0x2888, 0x2888, 0x2887, 0x2887, 0x2887, 0x2887,
    0x2887, 0x2888, 0x2888, 0x2888, 0x2888, 0x2888, 0x2888, 0x2888,
    0x2887, 0x2887, 0x2887, 0x2887, 0x2887, 0x2887, 0x2887, 0x2887,
    0x2887, 0x2887, 0x2887, 0x2887, 0x2887, 0x2887, 0x2887, 0x2887,
    0x2887, 0x2887, 0x2887, 0x2887, 0x2887, 0x2887, 0x2887, 0x2887,
    0x2887, 0x2887, 0x2887, 0x2887, 0x2887, 0x2887, 0x2887, 0x2887,
    0x2888, 0x2888, 0x2888, 0x2868, 0x3068, 0x3068, 0x2868, 0x2867,
    0x3088, 0x30A8, 0x2086, 0x1043, 0x0801, 0x0001, 0x0000, 0x0000,
    0x0000, 0x0000, 0x0000, 0x0000, 0x0000, 0x0000, 0x0000, 0x0000,
    0x0000, 0x0000, 0x0000, 0x0000, 0x0000, 0x0000, 0x0000, 0x0000,
    0x0000, 0x0000, 0x0000, 0x0000, 0x0802, 0x0802, 0x0822, 0x0822,
    0x0822, 0x0822, 0x1022, 0x1023, 0x1023, 0x1024, 0x1024, 0x1024,
    0x1844, 0x1864, 0x1865, 0x1845, 0x1865, 0x2065, 0x2066, 0x2066,
    0x2066, 0x2866, 0x2866, 0x2866, 0x2887, 0x2887, 0x2887, 0x2887,
    0x2887, 0x2888, 0x2888, 0x2888, 0x2888, 0x2888, 0x2888, 0x2888,
    0x2887, 0x2887, 0x2887, 0x2887, 0x2888, 0x2888, 0x2888, 0x2888,
    0x2888, 0x2888, 0x2888, 0x2888, 0x2888, 0x2887, 0x2887, 0x2887,
    0x2887, 0x2887, 0x2887, 0x2887, 0x2887, 0x2887, 0x2887, 0x2887,
    0x2887, 0x2887, 0x2887, 0x2887, 0x2887, 0x2887, 0x2887, 0x2887,
    0x2887, 0x2887, 0x2887, 0x2887, 0x2887, 0x2887, 0x2887, 0x2887,
    0x3088, 0x2887, 0x2887, 0x2887, 0x2888, 0x2888, 0x2888, 0x2868,
    0x3068, 0x3068, 0x2868, 0x2868, 0x3088, 0x30C8, 0x2086, 0x1043,
    0x0802, 0x0001, 0x0000, 0x0000, 0x0000, 0x0000, 0x0000, 0x0000,
    0x0000, 0x0000, 0x0000, 0x0000, 0x0000, 0x0000, 0x0000, 0x0000,
    0x0000, 0x0000, 0x0000, 0x0000, 0x0000, 0x0000, 0x0000, 0x0000,
    0x0822, 0x0822, 0x1022, 0x1022, 0x1022, 0x1023, 0x1023, 0x1043,
    0x1044, 0x1044, 0x1044, 0x1044, 0x1844, 0x1865, 0x1845, 0x2045,
    0x2066, 0x2086, 0x2886, 0x2887, 0x2867, 0x2866, 0x2867, 0x2867,
    0x2887, 0x2888, 0x2888, 0x2888, 0x2888, 0x3088, 0x3088, 0x3088,
    0x3088, 0x3088, 0x3088, 0x30A8, 0x30A8, 0x3088, 0x3088, 0x3088,
    0x3088, 0x30A8, 0x30A8, 0x30A8, 0x30A8, 0x30A8, 0x30A8, 0x30A8,
    0x30A8, 0x3088, 0x3088, 0x3088, 0x3088, 0x3088, 0x3088, 0x3088,
    0x3088, 0x3088, 0x3088, 0x3088, 0x3088, 0x3088, 0x3088, 0x3088,
    0x3088, 0x3088, 0x3088, 0x3088, 0x3088, 0x3088, 0x30A8, 0x30A8,
    0x30A8, 0x30A8, 0x30A8, 0x30A8, 0x30A8, 0x30A8, 0x2888, 0x2888,
    0x3088, 0x3088, 0x3088, 0x3088, 0x3088, 0x3068, 0x3088, 0x2888,
    0x30A8, 0x30E8, 0x28A6, 0x1043, 0x0802, 0x0001, 0x0000, 0x0000,
    0x0000, 0x0000, 0x0000, 0x0000, 0x0000, 0x0000, 0x0000, 0x0000,
    0x0000, 0x0000, 0x0000, 0x0000, 0x0000, 0x0000, 0x0000, 0x0000,
    0x0000, 0x0000, 0x0000, 0x0000, 0x0822, 0x0822, 0x1022, 0x1023,
    0x1023, 0x1023, 0x1023, 0x1044, 0x1844, 0x1844, 0x1844, 0x1865,
    0x1865, 0x2066, 0x2046, 0x2046, 0x2066, 0x2887, 0x2887, 0x2887,
    0x2867, 0x2867, 0x2867, 0x2887, 0x3088, 0x3088, 0x30A9, 0x30A9,
    0x3089, 0x30A9, 0x30A9, 0x30A9, 0x30A9, 0x3089, 0x30A9, 0x30A9,
    0x38A9, 0x38A9, 0x3889, 0x3089, 0x30A9, 0x30A8, 0x30A8, 0x30A8,
    0x30A8, 0x30A8, 0x30A8, 0x30A8, 0x30A8, 0x30A8, 0x30A9, 0x30A9,
    0x30A9, 0x3088, 0x30A9, 0x30A9, 0x3089, 0x30A9, 0x30A9, 0x30A9,
    0x30A9, 0x30A9, 0x30A9, 0x30A9, 0x30A9, 0x30A9, 0x30A9, 0x30A9,
    0x30A9, 0x30A8, 0x30A8, 0x30A9, 0x30A9, 0x30A8, 0x30A8, 0x30A9,
    0x30A9, 0x30A9, 0x30A8, 0x3088, 0x3089, 0x3089, 0x3088, 0x3089,
    0x3089, 0x3089, 0x3089, 0x3088, 0x30A8, 0x30E8, 0x28A6, 0x1063,
    0x0802, 0x0001, 0x0000, 0x0000, 0x0000, 0x0000, 0x0000, 0x0000,
    0x0000, 0x0000, 0x0000, 0x0000, 0x0000, 0x0000, 0x0000, 0x0000,
    0x0000, 0x0000, 0x0000, 0x0000, 0x0000, 0x0000, 0x0000, 0x0000,
    0x0822, 0x0822, 0x1023, 0x1023, 0x1023, 0x1023, 0x1023, 0x1844,
    0x1844, 0x1844, 0x1845, 0x1865, 0x2066, 0x2066, 0x2066, 0x2066,
    0x2066, 0x2887, 0x2867, 0x3068, 0x3088, 0x3088, 0x3088, 0x3088,
    0x3089, 0x30A9, 0x30A9, 0x30AA, 0x30AA, 0x38AA, 0x38AA, 0x38A9,
    0x38AA, 0x38AA, 0x38AA, 0x38AA, 0x38AA, 0x38A9, 0x3889, 0x38A9,
    0x38A9, 0x38A9, 0x38A9, 0x38A9, 0x38A9, 0x38A9, 0x38A9, 0x38A9,
    0x38A9, 0x38A9, 0x38A9, 0x38A9, 0x38A9, 0x3889, 0x3889, 0x3889,
    0x3889, 0x38A9, 0x30A9, 0x30A9, 0x30A9, 0x30A9, 0x30A9, 0x30A9,
    0x30A9, 0x30A9, 0x30A9, 0x30A9, 0x30A9, 0x30A9, 0x30A9, 0x30A9,
    0x30A9, 0x30A9, 0x30A9, 0x30A9, 0x30A9, 0x30A9, 0x3089, 0x3089,
    0x3089, 0x3889, 0x3089, 0x3089, 0x3089, 0x3089, 0x3089, 0x3088,
    0x30A9, 0x38E9, 0x28A7, 0x1044, 0x0001, 0x0000, 0x0000, 0x0000,
    0x0000, 0x0000, 0x0000, 0x0000, 0x0000, 0x0000, 0x0000, 0x0000,
    0x0000, 0x0000, 0x0000, 0x0000, 0x0000, 0x0000, 0x0000, 0x0000,
    0x0000, 0x0000, 0x0000, 0x0000, 0x0822, 0x0822, 0x1023, 0x1023,
    0x1043, 0x1043, 0x1044, 0x1844, 0x1844, 0x1845, 0x2045, 0x2066,
    0x2066, 0x2866, 0x2867, 0x2867, 0x2867, 0x2887, 0x3088, 0x3088,
    0x3089, 0x30A9, 0x3089, 0x3089, 0x38A9, 0x38A9, 0x38AA, 0x38AA,
    0x38AA, 0x38AA, 0x38AA, 0x38AA, 0x38AA, 0x38AA, 0x38CA, 0x38AA,
    0x38AA, 0x38AA, 0x38AA, 0x38AA, 0x38CA, 0x40CA, 0x38AA, 0x38AA,
    0x38AA, 0x38AA, 0x38AA, 0x38AA, 0x38AA, 0x38AA, 0x38AA, 0x38AA,
    0x38AA, 0x38AA, 0x38AA, 0x38AA, 0x38AA, 0x38AA, 0x38AA, 0x38AA,
    0x38AA, 0x38AA, 0x38AA, 0x38AA, 0x38AA, 0x38AA, 0x38AA, 0x38AA,
    0x38AA, 0x38AA, 0x38AA, 0x38AA, 0x38AA, 0x38AA, 0x38AA, 0x38AA,
    0x38AA, 0x38AA, 0x30A9, 0x3889, 0x3889, 0x3889, 0x3889, 0x388A,
    0x388A, 0x388A, 0x3889, 0x3089, 0x30A9, 0x38E9, 0x28C7, 0x1044,
    0x0001, 0x0000, 0x0000, 0x0000, 0x0000, 0x0000, 0x0000, 0x0000,
    0x0000, 0x0000, 0x0000, 0x0000, 0x0000, 0x0000, 0x0000, 0x0000,
    0x0000, 0x0000, 0x0000, 0x0000, 0x0000, 0x0000, 0x0000, 0x0000,
    0x1023, 0x1023, 0x1043, 0x1043, 0x1043, 0x1044, 0x1044, 0x1864,
    0x1865, 0x2046, 0x2046, 0x2046, 0x2066, 0x2867, 0x2867, 0x2867,
    0x3088, 0x30A8, 0x3088, 0x38A9, 0x38A9, 0x38AA, 0x38AA, 0x38AA,
    0x38AA, 0x38AA, 0x38CA, 0x38CB, 0x38CB, 0x40CB, 0x40AB, 0x40CB,
    0x40CB, 0x40CB, 0x40CB, 0x40CB, 0x40CB, 0x40CB, 0x40CB, 0x40CB,
    0x40CB, 0x40CB, 0x40CB, 0x40CB, 0x40CB, 0x40CB, 0x40AA, 0x40AB,
    0x40AB, 0x40AB, 0x40CB, 0x40CB, 0x40CB, 0x40CB, 0x40AB, 0x40AB,
    0x40AB, 0x40AA, 0x38AA, 0x38AA, 0x38AA, 0x38AA, 0x38AA, 0x38AA,
    0x38AA, 0x38AA, 0x38AA, 0x38AA, 0x38AA, 0x38CA, 0x38AA, 0x38AA,
    0x38AA, 0x38AA, 0x38AA, 0x38AA, 0x38AA, 0x38AA, 0x38AA, 0x38AA,
    0x38AA, 0x38AA, 0x38AA, 0x388A, 0x38AB, 0x38AA, 0x38AA, 0x30A9,
    0x38C9, 0x3909, 0x30C7, 0x1864, 0x0802, 0x0001, 0x0000, 0x0000,
    0x0000, 0x0000, 0x0000, 0x0000, 0x0000, 0x0000, 0x0000, 0x0000,
    0x0000, 0x0000, 0x0000, 0x0000, 0x0000, 0x0000, 0x0000, 0x0000,
    0x0000, 0x0000, 0x0000, 0x0000, 0x1023, 0x1043, 0x1043, 0x1044,
    0x1044, 0x1044, 0x1844, 0x1865, 0x2065, 0x2046, 0x2046, 0x2046,
    0x2867, 0x2867, 0x2888, 0x3088, 0x3088, 0x30A9, 0x30A9, 0x38A9,
    0x38AA, 0x38AA, 0x38AA, 0x40AA, 0x40CA, 0x40CB, 0x40CB, 0x40CB,
    0x40CB, 0x40CB, 0x40CB, 0x40CC, 0x40CC, 0x40CC, 0x40CC, 0x40CC,
    0x40CB, 0x40CB, 0x40CB, 0x40CB, 0x40CB, 0x40CB, 0x40CB, 0x40CB,
    0x40CB, 0x40CB, 0x40CB, 0x40CB, 0x40CB, 0x40CB, 0x40CB, 0x40CB,
    0x40CB, 0x40CB, 0x40CB, 0x40CB, 0x40CB, 0x40CB, 0x40AB, 0x40AA,
    0x40AA, 0x40AA, 0x38AA, 0x40AA, 0x40AA, 0x38AA, 0x38AA, 0x38AA,
    0x40AA, 0x40CB, 0x40CB, 0x38AA, 0x38AA, 0x40AA, 0x40AA, 0x38AA,
    0x38AA, 0x38AA, 0x38CA, 0x38CA, 0x38AA, 0x38AA, 0x38AA, 0x40AB,
    0x40AB, 0x38AA, 0x38AA, 0x38A9, 0x38CA, 0x390A, 0x30C8, 0x1845,
    0x0802, 0x0001, 0x0000, 0x0000, 0x0000, 0x0000, 0x0000, 0x0000,
    0x0000, 0x0000, 0x0000, 0x0000, 0x0000, 0x0000, 0x0000, 0x0000,
    0x0000, 0x0000, 0x0000, 0x0000, 0x0000, 0x0000, 0x0000, 0x0000,
    0x1024, 0x1024, 0x1844, 0x1844, 0x1844, 0x1844, 0x1844, 0x2045,
    0x2065, 0x2066, 0x2066, 0x2867, 0x2887, 0x3088, 0x3088, 0x3089,
    0x3089, 0x38A9, 0x388A, 0x38AA, 0x38AA, 0x40AB, 0x40AB, 0x40CB,
    0x40CB, 0x40CB, 0x48CC, 0x48CC, 0x48CC, 0x48CC, 0x48CC, 0x48CC,
    0x48CC, 0x48CC, 0x48CC, 0x48EC, 0x48EC, 0x48CC, 0x48CC, 0x48CC,
    0x48CC, 0x48CC, 0x48CC, 0x48CC, 0x48CC, 0x48CC, 0x48CC, 0x48EC,
    0x40EC, 0x40CC, 0x40CC, 0x40CC, 0x40CC, 0x40CC, 0x40CB, 0x40CB,
    0x40CB, 0x40CB, 0x40CB, 0x40AB, 0x40CB, 0x40CB, 0x40AB, 0x40CB,
    0x40CB, 0x40AB, 0x40AB, 0x40AB, 0x40AB, 0x40AB, 0x40CB, 0x40CB,
    0x40CB, 0x40AB, 0x40CB, 0x40AB, 0x40AB, 0x40AB, 0x40CB, 0x38CB,
    0x38CA, 0x38CA, 0x40CA, 0x40AA, 0x40AA, 0x38AB, 0x38AA, 0x388A,
    0x38CA, 0x410A, 0x30C8, 0x1845, 0x0802, 0x0001, 0x0000, 0x0000,
    0x0000, 0x0000, 0x0000, 0x0000, 0x0000, 0x0000, 0x0000, 0x0000,
    0x0000, 0x0000, 0x0000, 0x0000, 0x0000, 0x0000, 0x0000, 0x0000,
    0x0000, 0x0000, 0x0000, 0x0000, 0x1824, 0x1824, 0x1844, 0x1844,
    0x1844, 0x2044, 0x2045, 0x2065, 0x2066, 0x2866, 0x2866, 0x2867,
    0x2888, 0x30A8, 0x30A9, 0x30A9, 0x38AA, 0x38AA, 0x38AA, 0x38AA,
    0x40CB, 0x40CB, 0x40CB, 0x48CC, 0x48EC, 0x48EC, 0x48CD, 0x48CD,
    0x48CD, 0x48CD, 0x48CD, 0x48ED, 0x50CD, 0x50CD, 0x50ED, 0x48ED,
    0x48ED, 0x48ED, 0x48ED, 0x48CD, 0x48CD, 0x48ED, 0x48CD, 0x48CD,
    0x48CD, 0x48CD, 0x48ED, 0x48EC, 0x48EC, 0x48CC, 0x48CC, 0x48CC,
    0x48CC, 0x40CC, 0x40CC, 0x40EC, 0x40EC, 0x40EC, 0x40CC, 0x48CC,
    0x48CC, 0x48CC, 0x48CC, 0x48CC, 0x48CC, 0x40CB, 0x40CB, 0x40CB,
    0x40CB, 0x40CC, 0x40CB, 0x40CB, 0x40CB, 0x40CB, 0x40CB, 0x40CB,
    0x40CB, 0x40CB, 0x40CB, 0x40CB, 0x38CB, 0x40CB, 0x40CA, 0x40CA,
    0x40AA, 0x40AB, 0x40AB, 0x388A, 0x40CA, 0x410B, 0x30C9, 0x1845,
    0x0802, 0x0001, 0x0000, 0x0000, 0x0000, 0x0000, 0x0000, 0x0000,
    0x0000, 0x0000, 0x0000, 0x0000, 0x0000, 0x0000, 0x0000, 0x0000,
    0x0000, 0x0000, 0x0000, 0x0000, 0x0000, 0x0000, 0x0000, 0x0000,
    0x1824, 0x1824, 0x1844, 0x1844, 0x1865, 0x2065, 0x2065, 0x2066,
    0x2886, 0x2886, 0x2887, 0x2888, 0x3088, 0x30A9, 0x38A9, 0x38AA,
    0x38AA, 0x38CB, 0x40AB, 0x40CB, 0x40CC, 0x48EC, 0x48EC, 0x48EC,
    0x48ED, 0x50ED, 0x50ED, 0x50ED, 0x50ED, 0x50ED, 0x50ED, 0x50ED,
    0x50EE, 0x50EE, 0x510E, 0x510E, 0x50EE, 0x50ED, 0x50ED, 0x50ED,
    0x50ED, 0x50ED, 0x50ED, 0x50ED, 0x50ED, 0x50ED, 0x50ED, 0x50ED,
    0x50ED, 0x48ED, 0x48ED, 0x48ED, 0x48ED, 0x48ED, 0x48ED, 0x48ED,
    0x48ED, 0x48ED, 0x48ED, 0x48EC, 0x48EC, 0x48EC, 0x48CC, 0x48CC,
    0x48EC, 0x48EC, 0x48EC, 0x48EC, 0x48EC, 0x40CC, 0x40CC, 0x40CC,
    0x40CC, 0x40CC, 0x40CC, 0x40CC, 0x40CC, 0x40EC, 0x40CC, 0x40CB,
    0x40CB, 0x40CB, 0x40CB, 0x40CB, 0x40CB, 0x40CB, 0x40CB, 0x40AB,
    0x40EB, 0x492B, 0x38C9, 0x1865, 0x0802, 0x0000, 0x0000, 0x0000,
    0x0000, 0x0000, 0x0000, 0x0000, 0x0000, 0x0000, 0x0000, 0x0000,
    0x0000, 0x0000, 0x0000, 0x0000, 0x0000, 0x0000, 0x0000, 0x0000,
    0x0000, 0x0000, 0x0000, 0x0000, 0x1844, 0x1844, 0x1844, 0x1845,
    0x1865, 0x2065, 0x2066, 0x2866, 0x2887, 0x2887, 0x3087, 0x3088,
    0x30A9, 0x38A9, 0x38AA, 0x40AA, 0x40CB, 0x40CB, 0x40CB, 0x48CC,
    0x48ED, 0x48ED, 0x48ED, 0x50ED, 0x50EE, 0x50EE, 0x510E, 0x510E,
    0x510E, 0x50EE, 0x50EE, 0x510E, 0x510E, 0x510E, 0x510E, 0x510E,
    0x510E, 0x510E, 0x510E, 0x510E, 0x510E, 0x510E, 0x510E, 0x510E,
    0x510E, 0x50EE, 0x50EE, 0x50EE, 0x50EE, 0x50EE, 0x50EE, 0x50ED,
    0x50ED, 0x50ED, 0x50ED, 0x50ED, 0x50ED, 0x50ED, 0x48ED, 0x48ED,
    0x48ED, 0x48ED, 0x48ED, 0x48ED, 0x48ED, 0x48ED, 0x48EC, 0x48EC,
    0x48EC, 0x48EC, 0x48EC, 0x48EC, 0x48EC, 0x48EC, 0x48CC, 0x48CC,
    0x48EC, 0x40EC, 0x40EC, 0x40CC, 0x40CC, 0x40CC, 0x40CC, 0x40CC,
    0x48CC, 0x48CC, 0x40CB, 0x40CB, 0x40EB, 0x492C, 0x38E9, 0x1866,
    0x0802, 0x0001, 0x0000, 0x0000, 0x0000, 0x0000, 0x0000, 0x0000,
    0x0000, 0x0000, 0x0000, 0x0000, 0x0000, 0x0000, 0x0000, 0x0000,
    0x0000, 0x0000, 0x0000, 0x0000, 0x0000, 0x0000, 0x0000, 0x0000,
    0x1844, 0x1844, 0x1845, 0x1865, 0x2065, 0x2066, 0x2066, 0x2867,
    0x2867, 0x3087, 0x3088, 0x3089, 0x38A9, 0x38AA, 0x40AB, 0x40AB,
    0x40CC, 0x48CC, 0x48CC, 0x48CD, 0x50ED, 0x50EE, 0x50EE, 0x510E,
    0x510E, 0x510E, 0x50EE, 0x510E, 0x510E, 0x50EE, 0x50EE, 0x510E,
    0x590E, 0x58EE, 0x510F, 0x510E, 0x510E, 0x510E, 0x510E, 0x510E,
    0x510E, 0x510E, 0x50EE, 0x50EE, 0x510E, 0x50EE, 0x50EE, 0x50EE,
    0x50EE, 0x50EE, 0x50EE, 0x510E, 0x510E, 0x50EE, 0x50EE, 0x50EE,
    0x50EE, 0x50EE, 0x50EE, 0x50EE, 0x50EE, 0x50EE, 0x50EE, 0x50EE,
    0x50EE, 0x50EE, 0x50ED, 0x50ED, 0x48ED, 0x48ED, 0x50ED, 0x50ED,
    0x50ED, 0x48CD, 0x48CD, 0x48CD, 0x48ED, 0x48ED, 0x48ED, 0x48ED,
    0x48ED, 0x48EC, 0x48CC, 0x48CC, 0x48CC, 0x48CC, 0x48CC, 0x40AB,
    0x48EC, 0x494C, 0x38EA, 0x2066, 0x0803, 0x0001, 0x0000, 0x0000,
    0x0000, 0x0000, 0x0000, 0x0000, 0x0000, 0x0000, 0x0000, 0x0000,
    0x0000, 0x0000, 0x0000, 0x0000, 0x0000, 0x0000, 0x0000, 0x0000,
    0x0000, 0x0000, 0x0000, 0x0000, 0x1845, 0x1845, 0x1865, 0x2065,
    0x2066, 0x2066, 0x2866, 0x2867, 0x2887, 0x3088, 0x3088, 0x3089,
    0x388A, 0x38AA, 0x40AB, 0x40AC, 0x48CC, 0x48CC, 0x50ED, 0x50ED,
    0x50EE, 0x50EE, 0x50EE, 0x590F, 0x590F, 0x5910, 0x6110, 0x6131,
    0x6131, 0x6111, 0x6111, 0x6131, 0x6131, 0x6111, 0x6131, 0x6131,
    0x6131, 0x6131, 0x6130, 0x6130, 0x6130, 0x6130, 0x6130, 0x6110,
    0x6110, 0x6110, 0x6110, 0x6110, 0x6110, 0x5910, 0x5910, 0x590F,
    0x590F, 0x590F, 0x590F, 0x58EF, 0x58EF, 0x58EF, 0x50EF, 0x510F,
    0x510E, 0x50EE, 0x50EE, 0x50EE, 0x50EE, 0x50EE, 0x50EE, 0x50EE,
    0x50EE, 0x50EE, 0x50EE, 0x50EE, 0x50EE, 0x50EE, 0x50ED, 0x50ED,
    0x48ED, 0x48ED, 0x48ED, 0x48ED, 0x48ED, 0x48ED, 0x48CD, 0x48CD,
    0x50CD, 0x48CC, 0x48CC, 0x40AB, 0x48EC, 0x514D, 0x410A, 0x2066,
    0x0803, 0x0001, 0x0000, 0x0000, 0x0000, 0x0000, 0x0000, 0x0000,
    0x0000, 0x0000, 0x0000, 0x0000, 0x0000, 0x0000, 0x0000, 0x0000,
    0x0000, 0x0000, 0x0000, 0x0000, 0x0000, 0x0000, 0x0000, 0x0000,
    0x1845, 0x1845, 0x2065, 0x2066, 0x2066, 0x2066, 0x2887, 0x2887,
    0x3088, 0x3088, 0x3089, 0x3889, 0x38AA, 0x40AB, 0x40AB, 0x40AC,
    0x48CD, 0x50ED, 0x50ED, 0x50EE, 0x50EE, 0x58EF, 0x590F, 0x5910,
    0x6131, 0x6933, 0x7154, 0x7975, 0x7975, 0x7975, 0x7955, 0x7975,
    0x7975, 0x7975, 0x7975, 0x7975, 0x7975, 0x7975, 0x7975, 0x7954,
    0x7974, 0x7974, 0x7974, 0x7954, 0x7954, 0x7154, 0x7153, 0x7954,
    0x7954, 0x7153, 0x6952, 0x6931, 0x6110, 0x590F, 0x5910, 0x58F0,
    0x58F0, 0x58F0, 0x5910, 0x590F, 0x590F, 0x590F, 0x590F, 0x590E,
    0x510E, 0x510E, 0x590E, 0x50EE, 0x50EE, 0x50EE, 0x50EE, 0x510E,
    0x510E, 0x50EE, 0x50EE, 0x50EE, 0x50EE, 0x50EE, 0x50EE, 0x50EE,
    0x50ED, 0x50ED, 0x50ED, 0x50ED, 0x50CD, 0x50CD, 0x50CC, 0x48CB,
    0x510C, 0x516D, 0x410B, 0x2067, 0x1004, 0x0002, 0x0000, 0x0000,
    0x0000, 0x0000, 0x0000, 0x0000, 0x0000, 0x0000, 0x0000, 0x0000,
    0x0000, 0x0000, 0x0000, 0x0000, 0x0000, 0x0000, 0x0000, 0x0000,
    0x0000, 0x0000, 0x0000, 0x0000, 0x1845, 0x1845, 0x2066, 0x2066,
    0x2066, 0x2067, 0x2887, 0x28A8, 0x30A8, 0x30A9, 0x3889, 0x38AA,
    0x38AA, 0x40CB, 0x48CC, 0x48CC, 0x50CD, 0x50EE, 0x50EE, 0x50EE,
    0x590F, 0x6131, 0x6931, 0x6932, 0x6131, 0x5910, 0x5910, 0x6131,
    0x6931, 0x6931, 0x6931, 0x6931, 0x6131, 0x6131, 0x6131, 0x6131,
    0x6131, 0x6131, 0x6131, 0x6131, 0x6131, 0x6131, 0x6131, 0x6131,
    0x6110, 0x6110, 0x6110, 0x6111, 0x6110, 0x590F, 0x5910, 0x6131,
    0x6131, 0x6110, 0x6110, 0x6110, 0x5910, 0x6110, 0x6110, 0x6110,
    0x5910, 0x5910, 0x5910, 0x590F, 0x590F, 0x590F, 0x590F, 0x590F,
    0x590F, 0x590F, 0x510F, 0x510E, 0x510E, 0x510E, 0x50EE, 0x50EE,
    0x58EF, 0x50EE, 0x510E, 0x510E, 0x50EE, 0x50EE, 0x50EE, 0x50EE,
    0x50EE, 0x50EE, 0x50ED, 0x48CD, 0x512E, 0x516E, 0x410B, 0x2046,
    0x0802, 0x0000, 0x0000, 0x0000, 0x0000, 0x0000, 0x0000, 0x0000,
    0x0000, 0x0000, 0x0000, 0x0000, 0x0000, 0x0000, 0x0000, 0x0000,
    0x0000, 0x0000, 0x0000, 0x0000, 0x0000, 0x0000, 0x0000, 0x0000,
    0x2025, 0x2045, 0x2066, 0x2066, 0x2067, 0x2867, 0x2888, 0x2888,
    0x30A9, 0x38AA, 0x38AA, 0x40AB, 0x40CB, 0x48CC, 0x48CD, 0x50CD,
    0x50EE, 0x50EE, 0x58EF, 0x58EF, 0x6111, 0x6933, 0x7153, 0x6932,
    0x5910, 0x38AA, 0x2867, 0x2887, 0x3088, 0x3088, 0x3088, 0x3088,
    0x2888, 0x2888, 0x2888, 0x3088, 0x3088, 0x3088, 0x3088, 0x3088,
    0x3088, 0x3088, 0x3088, 0x3088, 0x3088, 0x3088, 0x3088, 0x3089,
    0x2888, 0x2067, 0x38AA, 0x58F0, 0x6912, 0x6111, 0x6131, 0x6131,
    0x6130, 0x6130, 0x6110, 0x6110, 0x6110, 0x6111, 0x60F1, 0x58F1,
    0x58F0, 0x58F0, 0x5910, 0x5910, 0x5110, 0x5110, 0x5110, 0x510F,
    0x590F, 0x590F, 0x590F, 0x590F, 0x590F, 0x590F, 0x510E, 0x510E,
    0x50EF, 0x50EF, 0x50EF, 0x50EF, 0x50EF, 0x50EF, 0x50EF, 0x48CF,
    0x5110, 0x514F, 0x38EB, 0x2025, 0x0000, 0x0000, 0x0000, 0x0000,
    0x0000, 0x0000, 0x0000, 0x0000, 0x0000, 0x0000, 0x0000, 0x0000,
    0x0000, 0x0000, 0x0000, 0x0000, 0x0000, 0x0000, 0x0000, 0x0000,
    0x0000, 0x0000, 0x0000, 0x0000, 0x2046, 0x2046, 0x2866, 0x2866,
    0x2867, 0x2867, 0x2888, 0x30A9, 0x30A9, 0x38AA, 0x38AB, 0x40CB,
    0x48CC, 0x48ED, 0x50ED, 0x50EE, 0x50EE, 0x590F, 0x6110, 0x6111,
    0x6932, 0x6931, 0x5910, 0x6130, 0x5910, 0x40CB, 0x2867, 0x2887,
    0x3088, 0x3088, 0x3088, 0x3088, 0x3088, 0x3088, 0x3088, 0x3088,
    0x3088, 0x3088, 0x3088, 0x3089, 0x3089, 0x30A9, 0x30A9, 0x30A8,
    0x3088, 0x3088, 0x3088, 0x30A9, 0x2887, 0x2886, 0x38AA, 0x590F,
    0x6932, 0x6951, 0x6951, 0x6151, 0x6151, 0x6151, 0x6151, 0x6952,
    0x6952, 0x6932, 0x6932, 0x6932, 0x6932, 0x6132, 0x6131, 0x6151,
    0x6151, 0x6151, 0x6151, 0x6130, 0x6110, 0x5910, 0x5910, 0x5910,
    0x6110, 0x590F, 0x592F, 0x592F, 0x590F, 0x5910, 0x510F, 0x510F,
    0x510E, 0x510F, 0x50EF, 0x48CF, 0x5110, 0x512F, 0x492D, 0x30C8,
    0x1021, 0x0000, 0x0000, 0x0820, 0x0000, 0x0000, 0x0000, 0x0000,
    0x0000, 0x0000, 0x0000, 0x0000, 0x0000, 0x0000, 0x0000, 0x0000,
    0x0000, 0x0000, 0x0000, 0x0000, 0x0000, 0x0000, 0x0000, 0x0000,
    0x2066, 0x2066, 0x2866, 0x2887, 0x2887, 0x2888, 0x3088, 0x30A9,
    0x38C9, 0x38CA, 0x40AB, 0x40CB, 0x48CC, 0x48ED, 0x50ED, 0x50EE,
    0x590F, 0x6130, 0x6931, 0x6953, 0x6952, 0x50EE, 0x38AA, 0x50ED,
    0x7153, 0x6952, 0x6131, 0x6932, 0x6953, 0x6953, 0x7153, 0x7153,
    0x7153, 0x7153, 0x7153, 0x7153, 0x7153, 0x6953, 0x6953, 0x7153,
    0x7153, 0x6953, 0x6952, 0x6952, 0x6952, 0x6931, 0x6130, 0x6930,
    0x6130, 0x614F, 0x694F, 0x7191, 0x7191, 0x71B1, 0x7192, 0x7193,
    0x71B3, 0x71D3, 0x79F4, 0x8215, 0x8A35, 0x8A35, 0x8A14, 0x8234,
    0x8234, 0x8234, 0x8233, 0x8233, 0x8253, 0x8233, 0x8233, 0x79F3,
    0x79D2, 0x71B2, 0x7192, 0x6972, 0x7172, 0x7171, 0x6970, 0x6970,
    0x6970, 0x6150, 0x612F, 0x612E, 0x592D, 0x592E, 0x590E, 0x50EE,
    0x510F, 0x514F, 0x61D0, 0x59CF, 0x28A7, 0x0000, 0x0000, 0x0821,
    0x0001, 0x0001, 0x0000, 0x0000, 0x0000, 0x0000, 0x0000, 0x0000,
    0x0000, 0x0000, 0x0000, 0x0000, 0x0000, 0x0000, 0x0000, 0x0000,
    0x0000, 0x0000, 0x0000, 0x0000, 0x2066, 0x2066, 0x2887, 0x2887,
    0x2887, 0x2888, 0x3088, 0x30A9, 0x38CA, 0x38CA, 0x40CB, 0x40CB,
    0x48CC, 0x48ED, 0x50EE, 0x50EE, 0x6130, 0x6932, 0x6130, 0x6110,
    0x6130, 0x40CB, 0x2066, 0x40CC, 0x7995, 0x8196, 0x8176, 0x8997,
    0x8997, 0x8997, 0x8998, 0x91B8, 0x91B8, 0x9198, 0x9198, 0x91B8,
    0x89B8, 0x8998, 0x8998, 0x8997, 0x8997, 0x81B7, 0x81B7, 0x81B7,
    0x89B7, 0x89B6, 0x89B6, 0x89B6, 0x89D6, 0x89B5, 0x8194, 0x7973,
    0x7152, 0x6932, 0x6932, 0x6952, 0x6952, 0x6952, 0x6112, 0x60F2,
    0x68F2, 0x68F2, 0x60F1, 0x60F1, 0x60F1, 0x60F1, 0x60F1, 0x60F1,
    0x60F1, 0x60F1, 0x58D0, 0x58D0, 0x6111, 0x6931, 0x6111, 0x60F0,
    0x6111, 0x60F1, 0x6110, 0x6110, 0x6930, 0x6951, 0x6930, 0x692F,
    0x690F, 0x612F, 0x610F, 0x610F, 0x58EE, 0x512E, 0x6A12, 0x7272,
    0x38E9, 0x0000, 0x0000, 0x0821, 0x0001, 0x0001, 0x0000, 0x0000,
    0x0000, 0x0000, 0x0000, 0x0000, 0x0000, 0x0000, 0x0000, 0x0000,
    0x0000, 0x0000, 0x0000, 0x0000, 0x0000, 0x0000, 0x0000, 0x0000,
    0x2046, 0x2866, 0x2887, 0x2887, 0x2888, 0x3088, 0x3088, 0x38A9,
    0x38CA, 0x40CB, 0x40CB, 0x48CC, 0x48ED, 0x510E, 0x510E, 0x590F,
    0x6932, 0x6932, 0x48ED, 0x38AA, 0x48CC, 0x38AA, 0x2867, 0x50ED,
    0x8196, 0x8196, 0x7974, 0x7975, 0x7975, 0x7975, 0x8175, 0x8176,
    0x8176, 0x8176, 0x8176, 0x8176, 0x8176, 0x7976, 0x7975, 0x7975,
    0x7975, 0x7995, 0x79B5, 0x81D5, 0x89F6, 0x9237, 0x9258, 0x9A58,
    0x9A78, 0x9A58, 0x91F7, 0x8196, 0x7115, 0x68D4, 0x60D2, 0x60F1,
    0x60F0, 0x508F, 0x380E, 0x280D, 0x280C, 0x200C, 0x180C, 0x180C,
    0x180C, 0x180B, 0x180B, 0x180B, 0x180B, 0x180B, 0x100B, 0x180B,
    0x300D, 0x484F, 0x488E, 0x404E, 0x486E, 0x506F, 0x5090, 0x58D1,
    0x6132, 0x7173, 0x7973, 0x7973, 0x7972, 0x7152, 0x7152, 0x6931,
    0x5910, 0x510E, 0x69F1, 0x7A72, 0x38C9, 0x0000, 0x0000, 0x0820,
    0x0021, 0x0002, 0x0001, 0x0000, 0x0000, 0x0000, 0x0000, 0x0000,
    0x0000, 0x0000, 0x0000, 0x0000, 0x0000, 0x0000, 0x0000, 0x0000,
    0x0000, 0x0000, 0x0000, 0x0000, 0x2847, 0x2867, 0x2887, 0x2888,
    0x2888, 0x3088, 0x3089, 0x38A9, 0x40CA, 0x40EB, 0x40EC, 0x48CD,
    0x50EE, 0x510F, 0x510F, 0x6110, 0x7153, 0x6932, 0x40CB, 0x2887,
    0x40AB, 0x38AA, 0x3088, 0x590F, 0x8196, 0x8196, 0x7173, 0x7974,
    0x7975, 0x7955, 0x7955, 0x7975, 0x7975, 0x7975, 0x7975, 0x8195,
    0x8195, 0x8195, 0x7975, 0x7995, 0x8195, 0x8195, 0x8175, 0x8174,
    0x7955, 0x7915, 0x70F5, 0x70F5, 0x70F5, 0x70D5, 0x70D5, 0x70D5,
    0x68B5, 0x70B4, 0x7113, 0x71B3, 0x8213, 0x79F2, 0x6952, 0x58F1,
    0x58D1, 0x50D1, 0x50D1, 0x50D1, 0x50D1, 0x50D1, 0x50D1, 0x50D0,
    0x50D0, 0x50D0, 0x48B0, 0x48D0, 0x69B2, 0x7A73, 0x7A53, 0x69F1,
    0x6191, 0x6171, 0x5931, 0x5911, 0x58D1, 0x58B1, 0x5871, 0x5870,
    0x58B0, 0x60F1, 0x6912, 0x6932, 0x60F1, 0x50EF, 0x69D2, 0x7A52,
    0x38A8, 0x0000, 0x0000, 0x0040, 0x0020, 0x0001, 0x0000, 0x0000,
    0x0000, 0x0000, 0x0000, 0x0000, 0x0000, 0x0000, 0x0000, 0x0000,
    0x0000, 0x0000, 0x0000, 0x0000, 0x0000, 0x0000, 0x0000, 0x0000,
    0x2867, 0x2867, 0x3088, 0x3088, 0x3088, 0x3088, 0x3889, 0x38AA,
    0x40CA, 0x40EB, 0x48EC, 0x48CD, 0x50EE, 0x510F, 0x5930, 0x6131,
    0x6952, 0x6130, 0x40CB, 0x30A9, 0x40CB, 0x38AA, 0x3088, 0x590F,
    0x8997, 0x8997, 0x7975, 0x8176, 0x8977, 0x8977, 0x8977, 0x8177,
    0x8197, 0x8196, 0x81B6, 0x89D6, 0x89F7, 0x91F7, 0x9219, 0x9A39,
    0xA219, 0xA1F8, 0x9997, 0x80F5, 0x6854, 0x5012, 0x4010, 0x300F,
    0x300F, 0x300F, 0x4010, 0x4831, 0x60D3, 0x7995, 0x8A76, 0xA378,
    0xC47A, 0xD51C, 0xE59D, 0xEDFE, 0xF67E, 0xF6DF, 0xF71F, 0xFF3F,
    0xFF5F, 0xFF7F, 0xFF7F, 0xFF7F, 0xFF7F, 0xFF7F, 0xF71F, 0xEEBE,
    0xF6BE, 0xF6DF, 0xE63D, 0xCD7A, 0xB498, 0x9BD5, 0x82F3, 0x6A11,
    0x50EF, 0x382E, 0x280C, 0x200B, 0x300C, 0x486E, 0x6111, 0x6933,
    0x6133, 0x5952, 0x79F4, 0x8254, 0x40C9, 0x0000, 0x0000, 0x0820,
    0x0000, 0x0000, 0x0000, 0x0000, 0x0000, 0x0000, 0x0000, 0x0000,
    0x0000, 0x0000, 0x0000, 0x0000, 0x0000, 0x0000, 0x0000, 0x0000,
    0x0000, 0x0000, 0x0000, 0x0000, 0x2887, 0x2867, 0x3088, 0x3088,
    0x3088, 0x3089, 0x38A9, 0x38AA, 0x40CB, 0x40EC, 0x48EC, 0x50ED,
    0x50EE, 0x590F, 0x6131, 0x6932, 0x5910, 0x48ED, 0x40CB, 0x40CB,
    0x48ED, 0x38AA, 0x3088, 0x590F, 0x9198, 0x89B8, 0x7995, 0x8197,
    0x8997, 0x8997, 0x8997, 0x8998, 0x8998, 0x89B8, 0x91B8, 0x91D8,
    0x91B8, 0x8998, 0x8978, 0x8937, 0x80F6, 0x80F6, 0x8116, 0x8116,
    0x78F5, 0x70F5, 0x68F4, 0x6113, 0x5912, 0x6132, 0x69B3, 0x82B5,
    0x9377, 0xAC38, 0xC4FA, 0xD5BD, 0xEE9F, 0xFF5F, 0xFFFF, 0xFFFF,
    0xFFFF, 0xFFFF, 0xFFFF, 0xFFFF, 0xFFFF, 0xFFFF, 0xFFFF, 0xFFFF,
    0xFFFF, 0xFFFF, 0xFFFF, 0xFFFF, 0xFFFF, 0xFFFF, 0xFFFF, 0xFFBF,
    0xEEFD, 0xD63A, 0xC578, 0xAC96, 0x8B94, 0x7293, 0x61F1, 0x61F1,
    0x6211, 0x61B0, 0x6130, 0x58D1, 0x50D1, 0x5131, 0x71F4, 0x8214,
    0x38AA, 0x0000, 0x0000, 0x0840, 0x0020, 0x0000, 0x0000, 0x0000,
    0x0000, 0x0000, 0x0000, 0x0000, 0x0000, 0x0000, 0x0000, 0x0000,
    0x0000, 0x0000, 0x0000, 0x0000, 0x0000, 0x0000, 0x0000, 0x0000,
    0x2867, 0x2867, 0x3088, 0x3088, 0x3089, 0x30A9, 0x38AA, 0x38CB,
    0x40CC, 0x48ED, 0x50ED, 0x50EE, 0x50EE, 0x590F, 0x6952, 0x6932,
    0x48ED, 0x3089, 0x38AA, 0x40CC, 0x48CD, 0x38AA, 0x2888, 0x6110,
    0x99BA, 0x91B9, 0x81B6, 0x89B7, 0x89B7, 0x89D7, 0x91D7, 0x91D8,
    0x99D9, 0x99FA, 0xA1FB, 0xA1FB, 0x919A, 0x8117, 0x7096, 0x5813,
    0x4811, 0x4811, 0x60B3, 0x8216, 0xAB7A, 0xDD1E, 0xF67F, 0xFF7F,
    0xF7DF, 0xF7BF, 0xF79F, 0xFFDF, 0xFFDF, 0xFFFF, 0xFFFF, 0xFFFF,
    0xFFFF, 0xFFFF, 0xFFFF, 0xFFFF, 0xFFFF, 0xFFFF, 0xFFFF, 0xFFFF,
    0xFFFF, 0xFFFF, 0xFFFF, 0xFFFF, 0xFFFF, 0xFFFF, 0xFFFF, 0xFFFF,
    0xFFFF, 0xFFFF, 0xFFFF, 0xFFFF, 0xFFFF, 0xFFFF, 0xFFFF, 0xFFFF,
    0xFFDF, 0xF7BF, 0xF7BF, 0xFF7F, 0xE67D, 0xB457, 0x7A31, 0x58CF,
    0x488E, 0x490E, 0x69F3, 0x7A14, 0x30AA, 0x0001, 0x0020, 0x1061,
    0x0040, 0x0020, 0x0000, 0x0000, 0x0000, 0x0000, 0x0000, 0x0000,
    0x0000, 0x0000, 0x0000, 0x0000, 0x0000, 0x0000, 0x0000, 0x0000,
    0x0000, 0x0000, 0x0000, 0x0000, 0x2867, 0x2867, 0x3088, 0x3088,
    0x3089, 0x30A9, 0x38AA, 0x40CB, 0x40EC, 0x48ED, 0x50ED, 0x50EE,
    0x50EE, 0x590F, 0x7153, 0x7954, 0x48CC, 0x2867, 0x38A9, 0x48CC,
    0x48ED, 0x38AA, 0x2887, 0x6111, 0x99BB, 0x91DA, 0x81B6, 0x89D7,
    0x89D7, 0x89D6, 0x91F7, 0x99F9, 0xA1DA, 0x99BB, 0x997B, 0x893B,
    0x78D8, 0x78F7, 0x8958, 0x81B6, 0x71F4, 0x7254, 0x8B36, 0xAC7A,
    0xDDFE, 0xFFBF, 0xFFFF, 0xFFFF, 0xFFFF, 0xFFFF, 0xFFFF, 0xFFFF,
    0xFFFF, 0xFFFF, 0xFFFF, 0xFFFF, 0xFFFF, 0xFFFF, 0xF7FE, 0xEFBE,
    0xEF9E, 0xE77E, 0xE75E, 0xE73E, 0xE73D, 0xE73D, 0xE73D, 0xE73D,
    0xE73D, 0xE73D, 0xEF5D, 0xEF7E, 0xEF7E, 0xF79E, 0xF7DF, 0xFFFF,
    0xFFFF, 0xFFFF, 0xFFFF, 0xFFFF, 0xFFFF, 0xFFFF, 0xFFFF, 0xFFFF,
    0xFFFF, 0xE69C, 0xB4B7, 0x9394, 0x7AB2, 0x61F0, 0x7212, 0x7213,
    0x288A, 0x0001, 0x0000, 0x0861, 0x0040, 0x0020, 0x0000, 0x0000,
    0x0000, 0x0000, 0x0000, 0x0000, 0x0000, 0x0000, 0x0000, 0x0000,
    0x0000, 0x0000, 0x0000, 0x0000, 0x0000, 0x0000, 0x0000, 0x0000,
    0x2867, 0x2867, 0x3088, 0x3088, 0x30A9, 0x38A9, 0x38AA, 0x40CB,
    0x40CC, 0x48ED, 0x50ED, 0x50EE, 0x50EE, 0x6110, 0x7974, 0x7975,
    0x50ED, 0x3088, 0x38AA, 0x48ED, 0x48ED, 0x38AA, 0x2887, 0x6111,
    0x99DB, 0x91DB, 0x81B7, 0x89D8, 0x91D8, 0x91F7, 0x99F8, 0xA1F9,
    0x99BA, 0x915A, 0x80F9, 0x7898, 0x70D6, 0x89F8, 0xCC1E, 0xF61F,
    0xF77F, 0xF7DE, 0xFFDF, 0xFFBF, 0xFFFF, 0xFFFF, 0xFFFF, 0xFFFF,
    0xFFFF, 0xFFFF, 0xFFFF, 0xFFFF, 0xFFFF, 0xFFFF, 0xFFFF, 0xFFFF,
    0xFFFF, 0xFFFF, 0xFFDF, 0xFFDF, 0xFFDF, 0xFFFF, 0xFFFF, 0xFFDF,
    0xFFDF, 0xFFDF, 0xFFDF, 0xFFFF, 0xFFFF, 0xFFFF, 0xFFFF, 0xFFDF,
    0xFFFF, 0xFFDF, 0xFFFF, 0xFFFF, 0xFFFF, 0xFFFF, 0xFFFF, 0xFFFF,
    0xFFFF, 0xFFFF, 0xFFFF, 0xFFFF, 0xFFFF, 0xFFDF, 0xFFFF, 0xFFFF,
    0xDE9C, 0xA417, 0x9336, 0x82B4, 0x30AB, 0x0001, 0x0000, 0x0841,
    0x0040, 0x0020, 0x0000, 0x0000, 0x0000, 0x0000, 0x0000, 0x0000,
    0x0000, 0x0000, 0x0000, 0x0000, 0x0000, 0x0000, 0x0000, 0x0000,
    0x0000, 0x0000, 0x0000, 0x0000, 0x2868, 0x3088, 0x3088, 0x30A8,
    0x30A9, 0x38A9, 0x38AA, 0x40CB, 0x48CC, 0x48ED, 0x50ED, 0x50EE,
    0x5910, 0x6932, 0x7153, 0x6952, 0x48ED, 0x38A9, 0x40CB, 0x48EC,
    0x48ED, 0x38AA, 0x2888, 0x6130, 0x99DB, 0x99DB, 0x89B8, 0x91B9,
    0x99DA, 0x99D9, 0xA1D9, 0xA1BA, 0x9179, 0x8958, 0x8999, 0x9239,
    0x9B18, 0xBCBB, 0xFEBF, 0xFFFF, 0xFFFF, 0xFFFF, 0xFFFF, 0xFFFF,
    0xFFFF, 0xFFFF, 0xF79E, 0xEF5E, 0xEF3E, 0xEF1E, 0xEF3E, 0xEF5E,
    0xEF5E, 0xF77E, 0xF77E, 0xF79F, 0xFFBF, 0xFFBF, 0xFFBF, 0xFFBF,
    0xFFDF, 0xFFFF, 0xFFFF, 0xFFFF, 0xFFFF, 0xFFFF, 0xFFFF, 0xFFFF,
    0xFFFF, 0xFFFF, 0xFFFF, 0xFFDF, 0xFFDF, 0xFFDF, 0xFFDF, 0xFFBF,
    0xF7BF, 0xF79E, 0xF79E, 0xF77E, 0xEF3E, 0xEF3E, 0xEF3E, 0xEF5E,
    0xF7BF, 0xFFFF, 0xFFFF, 0xFFFF, 0xFFDF, 0xDE3C, 0xC53B, 0xB498,
    0x516C, 0x0002, 0x0000, 0x0040, 0x0020, 0x0020, 0x0000, 0x0000,
    0x0000, 0x0000, 0x0000, 0x0000, 0x0000, 0x0000, 0x0000, 0x0000,
    0x0000, 0x0000, 0x0000, 0x0000, 0x0000, 0x0000, 0x0000, 0x0000,
    0x2868, 0x3088, 0x3088, 0x3089, 0x3889, 0x3889, 0x38AA, 0x40AB,
    0x48CC, 0x48ED, 0x50EE, 0x50EF, 0x6932, 0x7153, 0x6110, 0x48ED,
    0x40CB, 0x40AB, 0x40CB, 0x48CC, 0x48ED, 0x38AA, 0x2888, 0x6130,
    0xA1FA, 0xA1DB, 0x9199, 0x999B, 0xA19C, 0xA1BC, 0xA19B, 0x999A,
    0x8998, 0x9218, 0xBBBC, 0xE59F, 0xF71F, 0xFFDE, 0xFFFF, 0xFFFF,
    0xFFFE, 0xFFFE, 0xFFFF, 0xFFFF, 0xFFFE, 0xFFFF, 0xFFDF, 0xF7DF,
    0xF7DF, 0xF7DF, 0xF7DF, 0xFFFF, 0xFFFF, 0xFFFF, 0xFFFF, 0xFFFF,
    0xFFFF, 0xFFFF, 0xFFFE, 0xFFFE, 0xFFFF, 0xFFFF, 0xFFFF, 0xFFFF,
    0xFFFF, 0xFFFF, 0xFFFF, 0xFFFF, 0xFFFF, 0xFFFF, 0xFFFF, 0xFFFF,
    0xFFFF, 0xFFFF, 0xFFFF, 0xFFFF, 0xFFFF, 0xFFFF, 0xFFFF, 0xFFFF,
    0xFFDF, 0xFFDF, 0xFFDF, 0xFFDE, 0xFFDE, 0xFFDE, 0xFFFF, 0xFFFF,
    0xFFFF, 0xF79E, 0xFFBF, 0xEEFD, 0x8371, 0x1844, 0x0000, 0x0020,
    0x0000, 0x0020, 0x0000, 0x0000, 0x0000, 0x0000, 0x0000, 0x0000,
    0x0000, 0x0000, 0x0000, 0x0000, 0x0000, 0x0000, 0x0000, 0x0000,
    0x0000, 0x0000, 0x0000, 0x0000, 0x2868, 0x3068, 0x3088, 0x3889,
    0x3889, 0x38AA, 0x40AA, 0x40CB, 0x48EC, 0x48ED, 0x50EE, 0x590F,
    0x6932, 0x7133, 0x50EE, 0x38A9, 0x38AA, 0x40CC, 0x48CC, 0x48CC,
    0x48ED, 0x38AA, 0x2888, 0x6130, 0xAA1A, 0xA9FB, 0x9999, 0x999B,
    0xA19C, 0xA1BD, 0xA1DC, 0x91FB, 0x9A7A, 0xB3DB, 0xE5DE, 0xFFBF,
    0xFFFF, 0xFFFF, 0xFFFF, 0xF7DD, 0xEF7C, 0xEF5C, 0xF75D, 0xF77E,
    0xF79E, 0xFFBF, 0xFFDF, 0xFFFF, 0xFFFF, 0xFFFF, 0xFFFF, 0xFFFF,
    0xFFFF, 0xFFFF, 0xFFFF, 0xFFFF, 0xFFFF, 0xFFFF, 0xFFFE, 0xFFFE,
    0xFFFF, 0xFFFF, 0xFFFF, 0xFFFF, 0xFFFF, 0xFFFF, 0xFFFF, 0xFFFF,
    0xFFFF, 0xFFFF, 0xFFFF, 0xFFFF, 0xFFFF, 0xFFFF, 0xFFFF, 0xFFFF,
    0xFFFF, 0xFFFF, 0xFFFF, 0xFFFF, 0xFFFF, 0xFFFF, 0xFFFF, 0xFFDF,
    0xFFDD, 0xF79D, 0xF77D, 0xF79E, 0xFFFF, 0xFFFF, 0xFFFF, 0xFFFF,
    0xBD76, 0x4A09, 0x10A3, 0x0041, 0x0000, 0x0020, 0x0020, 0x0000,
    0x0000, 0x0000, 0x0000, 0x0000, 0x0000, 0x0000, 0x0000, 0x0000,
    0x0000, 0x0000, 0x0000, 0x0000, 0x0000, 0x0000, 0x0000, 0x0000,
    0x2868, 0x3068, 0x3088, 0x3089, 0x3889, 0x38AA, 0x40AA, 0x40CB,
    0x48EC, 0x50ED, 0x510F, 0x58EF, 0x6111, 0x6111, 0x48ED, 0x38A9,
    0x40AB, 0x48CC, 0x48CC, 0x48CC, 0x48ED, 0x38AA, 0x2888, 0x6951,
    0xAA1C, 0xA9FC, 0x99B9, 0x99DA, 0xA1DB, 0xA21C, 0xA23C, 0xA2DB,
    0xC41D, 0xE5BF, 0xFF5F, 0xFFFF, 0xFFFF, 0xFFFF, 0xFFFF, 0xF7DF,
    0xF7DE, 0xFFDF, 0xFFDF, 0xFFFF, 0xFFFF, 0xFFFF, 0xFFFF, 0xFFFF,
    0xFFFF, 0xFFFF, 0xFFFF, 0xFFFF, 0xFFFF, 0xFFFF, 0xFFFF, 0xFFFF,
    0xFFFF, 0xFFFF, 0xFFFF, 0xFFFF, 0xFFFF, 0xFFFF, 0xFFFF, 0xFFFF,
    0xFFFF, 0xFFFF, 0xFFFF, 0xFFFF, 0xFFFF, 0xFFFF, 0xFFFF, 0xFFFF,
    0xFFFF, 0xFFFF, 0xFFFF, 0xFFFF, 0xFFFF, 0xFFFF, 0xFFFF, 0xFFFF,
    0xFFFF, 0xFFFF, 0xFFFF, 0xFFFF, 0xFFFE, 0xFFFF, 0xFFDF, 0xFFDF,
    0xFFBF, 0xF7BE, 0xFFFF, 0xFFFF, 0xDEDB, 0x83EF, 0x39C8, 0x1083,
    0x0001, 0x0020, 0x0000, 0x0000, 0x0000, 0x0000, 0x0000, 0x0000,
    0x0000, 0x0000, 0x0000, 0x0000, 0x0000, 0x0000, 0x0000, 0x0000,
    0x0000, 0x0000, 0x0000, 0x0000, 0x2868, 0x3068, 0x3088, 0x3889,
    0x38AA, 0x38AA, 0x40AB, 0x40CC, 0x48ED, 0x50EE, 0x510F, 0x5910,
    0x5910, 0x590F, 0x48CD, 0x38AA, 0x40CB, 0x48CC, 0x40CC, 0x48CC,
    0x50ED, 0x38AA, 0x2888, 0x6931, 0xA9FC, 0xA9FC, 0x99B9, 0x99FA,
    0xA1FB, 0xA25C, 0xA2BC, 0xAB9C, 0xDD7E, 0xFF5F, 0xFFFF, 0xFFFF,
    0xF7BE, 0xF75E, 0xF77F, 0xFFBF, 0xFFDF, 0xFFFF, 0xFFFF, 0xFFFF,
    0xFFFF, 0xFFFF, 0xFFFF, 0xFFFF, 0xFFFF, 0xFFFF, 0xFFFF, 0xFFFF,
    0xFFFF, 0xFFFF, 0xFFFF, 0xFFFF, 0xFFFF, 0xFFFF, 0xFFFF, 0xFFFF,
    0xFFFF, 0xFFFF, 0xFFFF, 0xFFFF, 0xFFFF, 0xFFFF, 0xFFFF, 0xFFFF,
    0xFFFF, 0xFFFF, 0xFFFF, 0xFFFF, 0xFFFF, 0xFFFF, 0xFFFF, 0xFFFF,
    0xFFFF, 0xFFFF, 0xFFFF, 0xFFFF, 0xFFFF, 0xFFFF, 0xFFFF, 0xFFFF,
    0xFFFF, 0xFFFF, 0xFFFF, 0xFFFF, 0xF79E, 0xEF3D, 0xFFBF, 0xFFFF,
    0xEF5D, 0xAD35, 0x62CB, 0x2103, 0x0020, 0x0020, 0x0000, 0x0000,
    0x0000, 0x0000, 0x0000, 0x0000, 0x0000, 0x0000, 0x0000, 0x0000,
    0x0000, 0x0000, 0x0000, 0x0000, 0x0000, 0x0000, 0x0000, 0x0000,
    0x2867, 0x3088, 0x3088, 0x38A9, 0x38AA, 0x38AA, 0x40AB, 0x40CC,
    0x48ED, 0x50EE, 0x590F, 0x5910, 0x6110, 0x590F, 0x48ED, 0x40AB,
    0x40CB, 0x48CC, 0x40CC, 0x48CC, 0x50ED, 0x38AA, 0x2867, 0x6911,
    0xA9DD, 0xA9FD, 0x99DA, 0xA1FB, 0xA1FC, 0xAA7D, 0xAAFD, 0xB3DC,
    0xE5BE, 0xFF9F, 0xFFFF, 0xFFFF, 0xF79D, 0xF75E, 0xFF9F, 0xFFBF,
    0xFFDF, 0xFFFF, 0xFFFF, 0xFFFF, 0xFFFF, 0xFFFF, 0xFFFF, 0xFFFF,
    0xFFFF, 0xFFFF, 0xFFFE, 0xFFFE, 0xFFFE, 0xFFFE, 0xFFFF, 0xFFFF,
    0xFFDF, 0xFFDF, 0xFFDF, 0xFFDF, 0xFFDF, 0xFFFF, 0xFFFF, 0xFFFF,
    0xFFFF, 0xFFFF, 0xFFFF, 0xFFFF, 0xFFFF, 0xFFFF, 0xFFFF, 0xFFFF,
    0xFFFF, 0xFFFF, 0xFFFF, 0xFFFF, 0xFFFF, 0xFFFF, 0xFFFF, 0xFFFF,
    0xFFFD, 0xFFFE, 0xFFFF, 0xFFFF, 0xFFDF, 0xFFFF, 0xFFFF, 0xFFFE,
    0xFFBD, 0xEF3C, 0xFFBE, 0xFFFF, 0xEF5E, 0xB537, 0x6B0B, 0x2122,
    0x0840, 0x0020, 0x0000, 0x0000, 0x0000, 0x0000, 0x0000, 0x0000,
    0x0000, 0x0000, 0x0000, 0x0000, 0x0000, 0x0000, 0x0000, 0x0000,
    0x0000, 0x0000, 0x0000, 0x0000, 0x2887, 0x3087, 0x30A8, 0x38A9,
    0x38AA, 0x38AA, 0x40AB, 0x40CC, 0x48ED, 0x50ED, 0x590E, 0x590F,
    0x6110, 0x6130, 0x50ED, 0x40AB, 0x40CB, 0x48CC, 0x40CC, 0x48CC,
    0x50ED, 0x38AA, 0x2887, 0x6911, 0xA9FD, 0xB21D, 0xA1FA, 0xA9FC,
    0xA9FD, 0xAA5E, 0xAABD, 0xAB7B, 0xD4FD, 0xF6DF, 0xFFDF, 0xFFFF,
    0xFFFE, 0xFFBE, 0xFFBF, 0xFFBF, 0xFFBF, 0xFFDF, 0xFFFF, 0xFFFF,
    0xFFFF, 0xFFFF, 0xFFFF, 0xFFFF, 0xFFFF, 0xFFFF, 0xFFFF, 0xFFFE,
    0xFFFE, 0xFFFE, 0xFFFF, 0xFFFF, 0xFFDF, 0xFFDF, 0xFFDF, 0xFFDF,
    0xFFDF, 0xFFFF, 0xFFFF, 0xFFFF, 0xFFFF, 0xFFFF, 0xFFFF, 0xFFFF,
    0xFFFF, 0xFFFF, 0xFFFF, 0xFFFF, 0xFFFF, 0xFFFF, 0xFFFF, 0xFFFF,
    0xFFFF, 0xFFFF, 0xFFFF, 0xFFFE, 0xFFFD, 0xFFFE, 0xFFFF, 0xFFFF,
    0xFFDF, 0xFFDF, 0xFFFF, 0xFFFD, 0xF7BC, 0xF77D, 0xFFFF, 0xFFFF,
    0xEF1E, 0xA475, 0x5A69, 0x20E0, 0x0040, 0x0020, 0x0000, 0x0000,
    0x0000, 0x0000, 0x0000, 0x0000, 0x0000, 0x0000, 0x0000, 0x0000,
    0x0000, 0x0000, 0x0000, 0x0000, 0x0000, 0x0000, 0x0000, 0x0000,
    0x2867, 0x3087, 0x3088, 0x38A9, 0x38AA, 0x38AA, 0x40AB, 0x40CC,
    0x48ED, 0x50ED, 0x590E, 0x590F, 0x6110, 0x6130, 0x50ED, 0x40AB,
    0x40CB, 0x48CC, 0x40CC, 0x48CC, 0x50ED, 0x38AA, 0x2887, 0x6952,
    0xB21E, 0xB23D, 0xA1FA, 0xA9DC, 0xA9DD, 0xAA1D, 0xA23D, 0xA2BC,
    0xBBDD, 0xE59F, 0xFF7F, 0xFFFF, 0xFFFF, 0xFFFF, 0xF7BE, 0xF77D,
    0xFF5E, 0xFF7F, 0xFF9F, 0xFFBF, 0xFFDF, 0xFFDF, 0xFFDF, 0xFFDF,
    0xFFDF, 0xFFDF, 0xFFDF, 0xFFDF, 0xFFFF, 0xFFFF, 0xFFFF, 0xFFFF,
    0xFFFF, 0xFFFE, 0xFFFF, 0xFFFF, 0xFFFF, 0xFFFF, 0xFFFF, 0xFFFF,
    0xFFFF, 0xFFFF, 0xFFFF, 0xFFFF, 0xFFFF, 0xFFFF, 0xFFFF, 0xFFFF,
    0xFFFF, 0xFFFF, 0xFFFF, 0xFFFF, 0xFFFF, 0xFFFF, 0xFFFF, 0xFFFF,
    0xFFFE, 0xFFFF, 0xFFFF, 0xFFFF, 0xF7DF, 0xF7DF, 0xFFBF, 0xF7BD,
    0xF77C, 0xF77E, 0xFFFF, 0xFFFF, 0xDE9D, 0x7B52, 0x3166, 0x1060,
    0x0000, 0x0002, 0x0000, 0x0000, 0x0000, 0x0000, 0x0000, 0x0000,
    0x0000, 0x0000, 0x0000, 0x0000, 0x0000, 0x0000, 0x0000, 0x0000,
    0x0000, 0x0000, 0x0000, 0x0000, 0x2867, 0x3088, 0x30A8, 0x38A9,
    0x3889, 0x38AA, 0x40AB, 0x40CC, 0x48ED, 0x50ED, 0x590E, 0x590F,
    0x6110, 0x6110, 0x50ED, 0x40AB, 0x40AB, 0x48CC, 0x40CC, 0x48CC,
    0x50EE, 0x38AA, 0x2887, 0x6952, 0xB23E, 0xB21D, 0xA1DA, 0xA9DC,
    0xB1DD, 0xB1FE, 0xA9DE, 0x99FD, 0xA29E, 0xBBDF, 0xDD9F, 0xFF3F,
    0xFFFF, 0xFFFF, 0xFFFE, 0xFFFE, 0xFFFE, 0xFFFF, 0xFFDF, 0xFFBF,
    0xFFBF, 0xFFBF, 0xFFDF, 0xFFDF, 0xFFDF, 0xFFDF, 0xFFDF, 0xFFDF,
    0xFFFF, 0xFFFF, 0xFFFF, 0xFFFF, 0xFFFF, 0xFFFE, 0xFFFF, 0xFFFF,
    0xFFFF, 0xFFFF, 0xFFFF, 0xFFFF, 0xFFFF, 0xFFFF, 0xFFFF, 0xFFFF,
    0xFFFF, 0xFFFF, 0xFFFF, 0xFFFF, 0xFFFF, 0xFFFF, 0xFFFF, 0xFFFF,
    0xFFFF, 0xFFFF, 0xFFFF, 0xFFFF, 0xFFFF, 0xFFFF, 0xFFFF, 0xFFFF,
    0xF7DF, 0xF7DF, 0xFFFF, 0xFFFE, 0xFFFF, 0xFFFF, 0xFFFF, 0xFFDF,
    0xB518, 0x41AC, 0x1042, 0x0000, 0x0001, 0x0002, 0x0001, 0x0000,
    0x0000, 0x0000, 0x0000, 0x0000, 0x0000, 0x0000, 0x0000, 0x0000,
    0x0000, 0x0000, 0x0000, 0x0000, 0x0000, 0x0000, 0x0000, 0x0000,
    0x3067, 0x3088, 0x3088, 0x38A9, 0x38A9, 0x38AA, 0x40AB, 0x40CC,
    0x48ED, 0x50ED, 0x590F, 0x5910, 0x6110, 0x6110, 0x50ED, 0x40AB,
    0x40AB, 0x48CC, 0x40CC, 0x48CC, 0x50EE, 0x38AA, 0x2887, 0x6932,
    0xB21E, 0xB1FD, 0xA1B9, 0xB1FB, 0xBA1E, 0xBA1F, 0xB1DF, 0xA1BE,
    0x99DE, 0xA23E, 0xAB1D, 0xBC5D, 0xDDDF, 0xFFBF, 0xFFFF, 0xFFFF,
    0xFFFF, 0xFFFF, 0xFFFE, 0xEFBD, 0xEF7D, 0xEF5D, 0xF73D, 0xF75D,
    0xF77D, 0xFF9E, 0xFF9E, 0xFFBF, 0xFFBF, 0xFFDF, 0xFFDF, 0xFFFF,
    0xFFFF, 0xFFFF, 0xFFFF, 0xFFFF, 0xFFFF, 0xFFFF, 0xFFFF, 0xFFFF,
    0xFFFF, 0xFFFF, 0xFFFF, 0xFFFF, 0xFFFF, 0xFFFF, 0xFFFF, 0xFFFF,
    0xFFFF, 0xFFFF, 0xFFFF, 0xFFFF, 0xFFFF, 0xFFFF, 0xFFFF, 0xFFDF,
    0xFFBE, 0xFF9D, 0xFF9D, 0xF77D, 0xF75E, 0xF79F, 0xFFFF, 0xFFFF,
    0xFFFF, 0xFFFF, 0xFFFF, 0xDE9D, 0x7311, 0x1045, 0x0000, 0x0000,
    0x0000, 0x0001, 0x0000, 0x0000, 0x0000, 0x0000, 0x0000, 0x0000,
    0x0000, 0x0000, 0x0000, 0x0000, 0x0000, 0x0000, 0x0000, 0x0000,
    0x0000, 0x0000, 0x0000, 0x0000, 0x3067, 0x3088, 0x3088, 0x38A9,
    0x38AA, 0x38AA, 0x40AB, 0x40CC, 0x48ED, 0x50ED, 0x590E, 0x590F,
    0x6110, 0x6110, 0x50ED, 0x40AB, 0x40CB, 0x48CC, 0x40CC, 0x48CC,
    0x50EE, 0x38AA, 0x2887, 0x6932, 0xB21E, 0xB1FE, 0xA1BA, 0xA9FC,
    0xB23E, 0xBA3F, 0xB9FF, 0xB1DF, 0xA9BE, 0xA19E, 0x99BD, 0xA23C,
    0xBB7E, 0xDD3F, 0xF73F, 0xFFFF, 0xFFFF, 0xFFDF, 0xFFFF, 0xFFFE,
    0xFFFD, 0xFFFD, 0xFFFD, 0xFFFD, 0xFFFD, 0xFFFD, 0xFFFE, 0xFFFF,
    0xFFFF, 0xFFDF, 0xFFDF, 0xFFDF, 0xFFDF, 0xFFDF, 0xFFDF, 0xFFDF,
    0xFFDF, 0xFFFF, 0xFFFF, 0xFFDF, 0xFFDF, 0xFFDF, 0xFFDF, 0xFFDF,
    0xFFDF, 0xFFDF, 0xFFDF, 0xFFFF, 0xFFFF, 0xFFDF, 0xFFFF, 0xFFFF,
    0xFFDF, 0xFFDF, 0xFFDF, 0xFFDF, 0xFFFE, 0xFFFD, 0xFFFE, 0xFFFE,
    0xFFFF, 0xFFFF, 0xFFFF, 0xFFFF, 0xFF9F, 0xEE9E, 0xDDDE, 0xB49A,
    0x496D, 0x0002, 0x0000, 0x0020, 0x0000, 0x0021, 0x0000, 0x0000,
    0x0000, 0x0000, 0x0000, 0x0000, 0x0000, 0x0000, 0x0000, 0x0000,
    0x0000, 0x0000, 0x0000, 0x0000, 0x0000, 0x0000, 0x0000, 0x0000,
    0x3087, 0x3088, 0x3088, 0x38A9, 0x38AA, 0x38AA, 0x40AB, 0x40CC,
    0x48ED, 0x50EE, 0x510E, 0x590F, 0x6110, 0x6110, 0x50ED, 0x40AB,
    0x40CB, 0x48CC, 0x48CC, 0x48CC, 0x50EE, 0x38AA, 0x2887, 0x6952,
    0xB21E, 0xB1FF, 0x99DD, 0xAA1E, 0xB23F, 0xB23E, 0xBA3D, 0xC21D,
    0xC1FE, 0xB9BE, 0xB99F, 0xB19F, 0xA99E, 0xA9FD, 0xB2DD, 0xC39D,
    0xD49E, 0xEDDF, 0xFF7F, 0xFFFF, 0xFFFF, 0xFFFF, 0xFFFF, 0xFFFF,
    0xFFFF, 0xFFFF, 0xFFFF, 0xFFFF, 0xF7DF, 0xF79F, 0xF75F, 0xF73F,
    0xF73F, 0xF71F, 0xF71F, 0xF71F, 0xF73F, 0xF73F, 0xF75F, 0xF75F,
    0xF75F, 0xF75F, 0xF75F, 0xF75F, 0xF75F, 0xF75F, 0xF75F, 0xF75F,
    0xF73F, 0xF73F, 0xF73F, 0xF73F, 0xF73F, 0xF73F, 0xF75F, 0xF79F,
    0xEFFF, 0xFFFF, 0xFFFF, 0xFFFF, 0xFFFF, 0xFFFF, 0xFFFF, 0xF69E,
    0xCCBB, 0xAB39, 0xAB3B, 0x9AFA, 0x48CE, 0x0002, 0x0000, 0x1040,
    0x0040, 0x0021, 0x0020, 0x0000, 0x0000, 0x0000, 0x0000, 0x0000,
    0x0000, 0x0000, 0x0000, 0x0000, 0x0000, 0x0000, 0x0000, 0x0000,
    0x0000, 0x0000, 0x0000, 0x0000, 0x3067, 0x3088, 0x3088, 0x3889,
    0x38AA, 0x38AA, 0x40AB, 0x40CC, 0x48ED, 0x50EE, 0x590E, 0x590F,
    0x6110, 0x6110, 0x50ED, 0x40AB, 0x40CB, 0x48EC, 0x48CC, 0x48CC,
    0x50EE, 0x38AA, 0x2887, 0x6932, 0xB21E, 0xA9FE, 0x91BC, 0xA1FE,
    0xA21E, 0xAA1D, 0xB23C, 0xBA5D, 0xC21E, 0xC1FF, 0xC1FF, 0xB9BF,
    0xA91E, 0x909D, 0x909C, 0x991C, 0xAA1D, 0xCB7E, 0xE4FF, 0xFE5F,
    0xFF5F, 0xFFBF, 0xFF9F, 0xFFBF, 0xFFDF, 0xFFFF, 0xFFFF, 0xFFFF,
    0xFFFF, 0xFFFF, 0xFFFF, 0xFFFF, 0xFFFF, 0xFFFF, 0xFFFF, 0xFFFF,
    0xFFFF, 0xFFFF, 0xFFFF, 0xFFFF, 0xFFFF, 0xFFFF, 0xFFFF, 0xFFFF,
    0xFFFF, 0xFFFF, 0xFFFF, 0xFFFF, 0xFFFF, 0xFFFF, 0xFFFF, 0xFFFF,
    0xFFFF, 0xFFFF, 0xFFFF, 0xFFFF, 0xFFFF, 0xFFFF, 0xFFFF, 0xFFDF,
    0xFFBF, 0xFF7F, 0xEE3D, 0xBC19, 0x8A16, 0x68D4, 0x89B9, 0xA29B,
    0x50D0, 0x0003, 0x0000, 0x1080, 0x0040, 0x0021, 0x0000, 0x0000,
    0x0000, 0x0000, 0x0000, 0x0000, 0x0000, 0x0000, 0x0000, 0x0000,
    0x0000, 0x0000, 0x0000, 0x0000, 0x0000, 0x0000, 0x0000, 0x0000,
    0x3068, 0x3068, 0x3088, 0x3889, 0x38AA, 0x38AA, 0x40AA, 0x40CC,
    0x48ED, 0x50ED, 0x590F, 0x5910, 0x6111, 0x6110, 0x50ED, 0x40AB,
    0x40CB, 0x48EC, 0x48CC, 0x48CC, 0x50EE, 0x38AA, 0x2066, 0x6110,
    0xA9FC, 0x99DA, 0x8197, 0x91B9, 0x99DB, 0x91DB, 0x99DB, 0xA1FC,
    0xA1DC, 0x99DD, 0xA1DD, 0xA1DD, 0x99BD, 0x917C, 0x995C, 0x993C,
    0x913C, 0x913C, 0x911B, 0x913A, 0x897A, 0x89B9, 0x9219, 0x9AFA,
    0xB3DC, 0xCD1C, 0xE63D, 0xF75D, 0xFFFC, 0xFFFC, 0xFFFC, 0xFFFC,
    0xFFFC, 0xFFFC, 0xFFFC, 0xFFFC, 0xFFFC, 0xFFFC, 0xFFFC, 0xFFFC,
    0xFFFC, 0xFFFC, 0xFFFC, 0xFFFC, 0xFFFC, 0xFFFC, 0xFFFC, 0xFFFD,
    0xFFFD, 0xFFFD, 0xFFFD, 0xFFFD, 0xFFFD, 0xFFFD, 0xFFFD, 0xFFFE,
    0xFFBE, 0xEE7C, 0xD539, 0xB416, 0x9314, 0x8273, 0x71F2, 0x5931,
    0x5090, 0x4811, 0x8197, 0xA2FA, 0x48EF, 0x0002, 0x0000, 0x0860,
    0x0040, 0x0021, 0x0000, 0x0000, 0x0000, 0x0000, 0x0000, 0x0000,
    0x0000, 0x0000, 0x0000, 0x0000, 0x0000, 0x0000, 0x0000, 0x0000,
    0x0000, 0x0000, 0x0000, 0x0000, 0x3068, 0x3068, 0x3088, 0x3889,
    0x38AA, 0x38AA, 0x40AA, 0x40CB, 0x48EC, 0x50ED, 0x590F, 0x5910,
    0x6111, 0x6110, 0x48ED, 0x40AB, 0x40CB, 0x48CC, 0x48CC, 0x48CC,
    0x50EE, 0x38A9, 0x2066, 0x6932, 0xC23F, 0xBA3E, 0xA1FB, 0xAA1D,
    0xB23E, 0xB23F, 0xB23F, 0xBA3F, 0xB23F, 0xBA3F, 0xBA5F, 0xC27F,
    0xC29F, 0xCA9F, 0xCA9F, 0xC25F, 0xB9DF, 0xA91F, 0xA05E, 0x981D,
    0x901D, 0x901C, 0x983C, 0xA0FE, 0xB1DF, 0xCB1F, 0xE41F, 0xF53F,
    0xFE1F, 0xFEDF, 0xFF7F, 0xFFDF, 0xFFDF, 0xFFBF, 0xFFBF, 0xFFDF,
    0xFFFF, 0xFFFF, 0xFFDF, 0xFFDF, 0xFFDF, 0xFFFF, 0xFFDF, 0xFFDF,
    0xFFDF, 0xFFDF, 0xFFDF, 0xFFDF, 0xFFDF, 0xFFDF, 0xFFBF, 0xFFDF,
    0xFFDF, 0xFFDF, 0xFF7F, 0xFEBF, 0xF59F, 0xDC5F, 0xCAFB, 0xA9F9,
    0x8917, 0x7077, 0x6876, 0x68D6, 0x70D7, 0x78D8, 0xBA9E, 0xD3DF,
    0x6172, 0x0002, 0x0000, 0x0060, 0x0040, 0x0001, 0x0000, 0x0000,
    0x0000, 0x0000, 0x0000, 0x0000, 0x0000, 0x0000, 0x0000, 0x0000,
    0x0000, 0x0000, 0x0000, 0x0000, 0x0000, 0x0000, 0x0000, 0x0000,
    0x3068, 0x3068, 0x3088, 0x3889, 0x38AA, 0x38AA, 0x40AA, 0x40CB,
    0x48EC, 0x50ED, 0x590F, 0x5910, 0x6111, 0x6110, 0x48ED, 0x40AB,
    0x40CB, 0x48CC, 0x48CC, 0x48CC, 0x50ED, 0x3889, 0x3088, 0x8197,
    0xE2BF, 0xEADF, 0xD29F, 0xE2BF, 0xEADF, 0xF2DF, 0xF2DF, 0xF2DF,
    0xF2DF, 0xFADF, 0xFADF, 0xFAFF, 0xFAFF, 0xFB1F, 0xFB1F, 0xFB1F,
    0xFAFF, 0xFABF, 0xFA9F, 0xFA7F, 0xFA7F, 0xFA9F, 0xFA7F, 0xFA5F,
    0xFA3F, 0xFA3F, 0xFA3F, 0xF23F, 0xF21F, 0xF21F, 0xEA3F, 0xEA3F,
    0xEA3F, 0xEA1F, 0xEA1F, 0xEA7F, 0xEAFF, 0xF33F, 0xF33F, 0xF35F,
    0xF39F, 0xF39F, 0xF39F, 0xF39F, 0xEB9F, 0xEB7F, 0xEB7F, 0xEB3F,
    0xE2FF, 0xDABF, 0xDA9F, 0xDA5F, 0xD25F, 0xD23F, 0xCA1F, 0xC21F,
    0xC21F, 0xC9FF, 0xD1DF, 0xD9DF, 0xD9FF, 0xD1DF, 0xCA1F, 0xD27F,
    0xD23F, 0xD9DF, 0xFB5F, 0xFC5F, 0x91B7, 0x1805, 0x0000, 0x0040,
    0x0020, 0x0000, 0x0000, 0x0000, 0x0000, 0x0000, 0x0000, 0x0000,
    0x0000, 0x0000, 0x0000, 0x0000, 0x0000, 0x0000, 0x0000, 0x0000,
    0x0000, 0x0000, 0x0000, 0x0000, 0x3068, 0x3068, 0x3088, 0x3889,
    0x38AA, 0x38AA, 0x40AA, 0x40CB, 0x48EC, 0x50ED, 0x590F, 0x5910,
    0x6110, 0x6110, 0x48ED, 0x40AB, 0x40AB, 0x48CC, 0x48CC, 0x48CC,
    0x48ED, 0x38AA, 0x3089, 0x7974, 0xC25F, 0xC25F, 0xB23F, 0xC23F,
    0xC25F, 0xCA7F, 0xCA7F, 0xCA5F, 0xCA5F, 0xCA5F, 0xD25F, 0xD25F,
    0xD27F, 0xD27E, 0xD29E, 0xD2BF, 0xDADF, 0xDADF, 0xE2FF, 0xE31F,
    0xE33F, 0xE33F, 0xE2FF, 0xDA7F, 0xD1FF, 0xC17F, 0xB91F, 0xA87E,
    0xA81E, 0xA01F, 0xA01E, 0x981E, 0x981E, 0x981E, 0x981E, 0x981E,
    0x983E, 0xA07E, 0xA07E, 0xA09E, 0xA0DE, 0xA0DE, 0xA0DE, 0x98DE,
    0x98DE, 0x98BE, 0x989D, 0x907D, 0x883C, 0x881C, 0x801C, 0x801C,
    0x801B, 0x781A, 0x7019, 0x701A, 0x701B, 0x809B, 0x90FB, 0xA97D,
    0xB1FF, 0xBA3F, 0xBA5F, 0xBA7F, 0xB23E, 0xA9BC, 0xCABF, 0xD35F,
    0x7953, 0x1004, 0x0000, 0x0020, 0x0000, 0x0001, 0x0000, 0x0000,
    0x0000, 0x0000, 0x0000, 0x0000, 0x0000, 0x0000, 0x0000, 0x0000,
    0x0000, 0x0000, 0x0000, 0x0000, 0x0000, 0x0000, 0x0000, 0x0000,
    0x3068, 0x3068, 0x3088, 0x3889, 0x38AA, 0x38AA, 0x40AA, 0x40CB,
    0x48EC, 0x50ED, 0x590F, 0x5910, 0x6110, 0x6130, 0x48ED, 0x40AB,
    0x40AB, 0x48CC, 0x48CC, 0x48CC, 0x48CD, 0x40CB, 0x30A9, 0x48CC,
    0x590F, 0x50EE, 0x40CC, 0x48CC, 0x48CC, 0x48CC, 0x48EC, 0x48EC,
    0x48CC, 0x48CC, 0x48CC, 0x48CC, 0x48CC, 0x40CC, 0x40CB, 0x40CB,
    0x40CB, 0x40CB, 0x40EB, 0x40CB, 0x40EB, 0x40EB, 0x40EA, 0x40CA,
    0x38AA, 0x38AA, 0x3889, 0x3069, 0x3069, 0x3049, 0x3048, 0x2848,
    0x2848, 0x2848, 0x2827, 0x2847, 0x2867, 0x2867, 0x2847, 0x2046,
    0x2046, 0x2046, 0x2046, 0x2046, 0x2046, 0x1845, 0x1845, 0x2045,
    0x1825, 0x1825, 0x1825, 0x1825, 0x1824, 0x1804, 0x1804, 0x1004,
    0x1024, 0x1024, 0x1823, 0x1844, 0x1865, 0x1864, 0x1864, 0x1864,
    0x1043, 0x0801, 0x2867, 0x40EC, 0x1845, 0x0000, 0x0000, 0x0021,
    0x0001, 0x0001, 0x0000, 0x0000, 0x0000, 0x0000, 0x0000, 0x0000,
    0x0000, 0x0000, 0x0000, 0x0000, 0x0000, 0x0000, 0x0000, 0x0000,
    0x0000, 0x0000, 0x0000, 0x0000, 0x3068, 0x3068, 0x3088, 0x3089,
    0x38AA, 0x38AA, 0x40AA, 0x40CB, 0x48EC, 0x50ED, 0x590F, 0x5910,
    0x6111, 0x6110, 0x48ED, 0x40AB, 0x40CB, 0x48CC, 0x48CC, 0x48CC,
    0x48CC, 0x48CC, 0x40AA, 0x3089, 0x2867, 0x1845, 0x1844, 0x1845,
    0x1845, 0x1845, 0x1045, 0x1045, 0x1045, 0x1025, 0x1024, 0x1024,
    0x1024, 0x0824, 0x0824, 0x0824, 0x0823, 0x0823, 0x0803, 0x0003,
    0x0002, 0x0002, 0x0022, 0x0042, 0x0061, 0x0081, 0x08A1, 0x08C1,
    0x08C0, 0x08E0, 0x08E0, 0x00E0, 0x00E0, 0x00E0, 0x00E0, 0x00C0,
    0x00A0, 0x0080, 0x0060, 0x0060, 0x0040, 0x0040, 0x0040, 0x0040,
    0x0040, 0x0040, 0x0040, 0x0060, 0x0060, 0x0060, 0x0080, 0x00A0,
    0x00A0, 0x00A0, 0x00A0, 0x0080, 0x0060, 0x0040, 0x0020, 0x0000,
    0x0000, 0x0000, 0x0000, 0x0000, 0x0000, 0x0000, 0x0000, 0x0002,
    0x0001, 0x0000, 0x0020, 0x0021, 0x0001, 0x0001, 0x0000, 0x0000,
    0x0000, 0x0000, 0x0000, 0x0000, 0x0000, 0x0000, 0x0000, 0x0000,
    0x0000, 0x0000, 0x0000, 0x0000, 0x0000, 0x0000, 0x0000, 0x0000,
    0x3068, 0x3068, 0x3088, 0x3089, 0x38AA, 0x38AA, 0x40AA, 0x40CB,
    0x48EC, 0x50ED, 0x590F, 0x5910, 0x6111, 0x6110, 0x48ED, 0x40AB,
    0x40CB, 0x48CC, 0x48CC, 0x48CC, 0x40CC, 0x48CC, 0x48CC, 0x40CC,
    0x40AB, 0x38AA, 0x40AB, 0x40AB, 0x40AB, 0x40AB, 0x40AB, 0x40AB,
    0x40AA, 0x38AA, 0x38AA, 0x38AA, 0x38AA, 0x38AA, 0x38AA, 0x38AA,
    0x38AA, 0x38A9, 0x38A9, 0x30A9, 0x3089, 0x3089, 0x3088, 0x3088,
    0x3088, 0x3088, 0x2888, 0x28A7, 0x28A7, 0x2887, 0x2886, 0x2886,
    0x2086, 0x2086, 0x2085, 0x2085, 0x2065, 0x1865, 0x1864, 0x1844,
    0x1844, 0x1844, 0x1844, 0x1843, 0x1043, 0x1043, 0x1043, 0x1043,
    0x1043, 0x1043, 0x1043, 0x1042, 0x1042, 0x1042, 0x1042, 0x1042,
    0x1042, 0x1042, 0x0842, 0x0822, 0x0821, 0x0821, 0x0822, 0x0822,
    0x0021, 0x0020, 0x1003, 0x2808, 0x1804, 0x0000, 0x0000, 0x0000,
    0x0000, 0x0000, 0x0000, 0x0000, 0x0000, 0x0000, 0x0000, 0x0000,
    0x0000, 0x0000, 0x0000, 0x0000, 0x0000, 0x0000, 0x0000, 0x0000,
    0x0000, 0x0000, 0x0000, 0x0000, 0x3068, 0x3068, 0x3088, 0x3089,
    0x38AA, 0x38AA, 0x40AA, 0x40CB, 0x48EC, 0x50ED, 0x590F, 0x5910,
    0x6111, 0x6110, 0x48ED, 0x40AB, 0x40CB, 0x48CC, 0x48CC, 0x48CC,
    0x40CC, 0x48CC, 0x48CC, 0x48CD, 0x50ED, 0x50EE, 0x50EE, 0x50EE,
    0x50EE, 0x50EE, 0x50EE, 0x50EE, 0x50EE, 0x50EE, 0x50ED, 0x50ED,
    0x50ED, 0x50ED, 0x50ED, 0x50ED, 0x50ED, 0x50ED, 0x50ED, 0x48EC,
    0x48CC, 0x48CC, 0x48CC, 0x48CC, 0x48CB, 0x40AB, 0x40AB, 0x40AB,
    0x40AB, 0x38AA, 0x38AA, 0x38AA, 0x388A, 0x3889, 0x3889, 0x3089,
    0x3089, 0x3089, 0x30A8, 0x3088, 0x3088, 0x30A8, 0x28A8, 0x2887,
    0x2887, 0x2887, 0x2887, 0x2887, 0x2887, 0x2067, 0x2066, 0x2066,
    0x2066, 0x2046, 0x2046, 0x2046, 0x2046, 0x2046, 0x2066, 0x2046,
    0x2046, 0x2066, 0x2066, 0x2066, 0x2065, 0x1063, 0x2867, 0x404B,
    0x2826, 0x0000, 0x0000, 0x0000, 0x0000, 0x0000, 0x0000, 0x0000,
    0x0000, 0x0000, 0x0000, 0x0000, 0x0000, 0x0000, 0x0000, 0x0000,
    0x0000, 0x0000, 0x0000, 0x0000, 0x0000, 0x0000, 0x0000, 0x0000,
    0x3087, 0x3087, 0x3088, 0x3889, 0x38AA, 0x38AA, 0x40AB, 0x40CC,
    0x48ED, 0x50EE, 0x590F, 0x590F, 0x6110, 0x6110, 0x48ED, 0x40AB,
    0x40CB, 0x48CC, 0x48CC, 0x48CC, 0x40CC, 0x40CC, 0x40CC, 0x48CC,
    0x48CC, 0x40CC, 0x40CC, 0x48CC, 0x48CC, 0x40CC, 0x40CC, 0x40CB,
    0x40CB, 0x40CB, 0x40CB, 0x40CB, 0x40CB, 0x40CB, 0x40CB, 0x40CB,
    0x40AA, 0x40AA, 0x38AA, 0x38AA, 0x38AA, 0x38A9, 0x38A9, 0x38A9,
    0x30A9, 0x3089, 0x3088, 0x3088, 0x3088, 0x2888, 0x2887, 0x2887,
    0x2867, 0x2867, 0x2866, 0x2066, 0x2066, 0x2066, 0x2065, 0x2045,
    0x2045, 0x1845, 0x1845, 0x1844, 0x1844, 0x1844, 0x1844, 0x1844,
    0x1044, 0x1044, 0x1043, 0x1043, 0x1023, 0x1023, 0x1023, 0x1023,
    0x1023, 0x1023, 0x1023, 0x1023, 0x1023, 0x1023, 0x1023, 0x1023,
    0x0822, 0x0020, 0x1825, 0x3029, 0x1805, 0x0000, 0x0000, 0x0000,
    0x0000, 0x0000, 0x0000, 0x0000, 0x0000, 0x0000, 0x0000, 0x0000,
    0x0000, 0x0000, 0x0000, 0x0000, 0x0000, 0x0000, 0x0000, 0x0000,
    0x0000, 0x0000, 0x0000, 0x0000, 0x3087, 0x3087, 0x3088, 0x38A9,
    0x38AA, 0x38AB, 0x40AB, 0x40CC, 0x48ED, 0x50EE, 0x590E, 0x590F,
    0x6130, 0x6110, 0x48ED, 0x40AB, 0x40CB, 0x48CC, 0x48CC, 0x48CC,
    0x40CC, 0x40CC, 0x40CC, 0x40CC, 0x40CC, 0x40CC, 0x40CC, 0x40CB,
    0x40CB, 0x40CB, 0x40CB, 0x40CB, 0x40CB, 0x40CB, 0x40CB, 0x40CB,
    0x40AB, 0x40AB, 0x40AB, 0x40AA, 0x38AA, 0x38AA, 0x38AA, 0x38AA,
    0x38A9, 0x38A9, 0x30A9, 0x3089, 0x3089, 0x3088, 0x3088, 0x3088,
    0x2888, 0x2867, 0x2867, 0x2867, 0x2866, 0x2866, 0x2066, 0x2066,
    0x2065, 0x2065, 0x2045, 0x1845, 0x1845, 0x1844, 0x1844, 0x1844,
    0x1844, 0x1844, 0x1044, 0x1043, 0x1043, 0x1023, 0x1023, 0x1023,
    0x1023, 0x1023, 0x1023, 0x1022, 0x1022, 0x1022, 0x1022, 0x1022,
    0x1022, 0x0822, 0x0822, 0x1023, 0x0821, 0x0020, 0x1824, 0x3009,
    0x1805, 0x0000, 0x0000, 0x0000, 0x0000, 0x0000, 0x0000, 0x0000,
    0x0000, 0x0000, 0x0000, 0x0000, 0x0000, 0x0000, 0x0000, 0x0000,
    0x0000, 0x0000, 0x0000, 0x0000, 0x0000, 0x0000, 0x0000, 0x0000,
    0x3087, 0x3088, 0x3088, 0x3889, 0x38AA, 0x38AA, 0x40AB, 0x40CC,
    0x48ED, 0x50EE, 0x590F, 0x590F, 0x6130, 0x6110, 0x48ED, 0x40AB,
    0x40CB, 0x48CC, 0x48CC, 0x48CC, 0x40CC, 0x40CC, 0x40CC, 0x40CC,
    0x40CC, 0x40CC, 0x40CC, 0x40CB, 0x40CB, 0x40CB, 0x40CB, 0x40CB,
    0x40CB, 0x40CB, 0x40AB, 0x40AB, 0x40AB, 0x40AB, 0x40AA, 0x38AA,
    0x38AA, 0x38AA, 0x38AA, 0x38AA, 0x38A9, 0x3089, 0x3089, 0x3089,
    0x3088, 0x3088, 0x3088, 0x2888, 0x2887, 0x2867, 0x2867, 0x2867,
    0x2866, 0x2066, 0x2066, 0x2066, 0x2045, 0x2045, 0x2045, 0x1845,
    0x1844, 0x1844, 0x1844, 0x1844, 0x1844, 0x1844, 0x1043, 0x1043,
    0x1023, 0x1023, 0x1023, 0x1023, 0x1023, 0x1023, 0x1022, 0x1022,
    0x1022, 0x0822, 0x0822, 0x1022, 0x0822, 0x0822, 0x0822, 0x1023,
    0x0821, 0x0020, 0x1824, 0x3029, 0x1805, 0x0000, 0x0000, 0x0000,
    0x0000, 0x0000, 0x0000, 0x0000, 0x0000, 0x0000, 0x0000, 0x0000,
    0x0000, 0x0000, 0x0000, 0x0000, 0x0000, 0x0000, 0x0000, 0x0000,
    0x0000, 0x0000, 0x0000, 0x0000, 0x3088, 0x3088, 0x3088, 0x3889,
    0x38AA, 0x38AA, 0x40AB, 0x40CC, 0x48ED, 0x50EE, 0x590F, 0x5910,
    0x6110, 0x6110, 0x48ED, 0x40AB, 0x40CB, 0x48CC, 0x48CC, 0x48CC,
    0x40CC, 0x40CC, 0x40CC, 0x40CC, 0x40CC, 0x40CC, 0x40CC, 0x40CB,
    0x40CB, 0x40CB, 0x40CB, 0x40CB, 0x40CB, 0x40CB, 0x40AB, 0x40AB,
    0x40AB, 0x40AA, 0x38AA, 0x38AA, 0x38AA, 0x38AA, 0x38AA, 0x38A9,
    0x38A9, 0x3089, 0x3089, 0x3089, 0x3088, 0x3088, 0x3088, 0x2888,
    0x2887, 0x2867, 0x2867, 0x2867, 0x2066, 0x2066, 0x2066, 0x2066,
    0x2045, 0x2045, 0x1845, 0x1845, 0x1844, 0x1844, 0x1844, 0x1844,
    0x1044, 0x1043, 0x1043, 0x1023, 0x1023, 0x1023, 0x1023, 0x1023,
    0x1023, 0x1022, 0x1022, 0x1022, 0x1022, 0x1022, 0x0822, 0x0822,
    0x0822, 0x0822, 0x0822, 0x1023, 0x0821, 0x0020, 0x1824, 0x3029,
    0x1805, 0x0000, 0x0000, 0x0000, 0x0000, 0x0000, 0x0000, 0x0000,
    0x0000, 0x0000, 0x0000, 0x0000, 0x0000, 0x0000, 0x0000, 0x0000,
    0x0000, 0x0000, 0x0000, 0x0000, 0x0000, 0x0000, 0x0000, 0x0000,
    0x3088, 0x3088, 0x3088, 0x3889, 0x38AA, 0x38AA, 0x40AB, 0x40CC,
    0x48ED, 0x50EE, 0x510F, 0x590F, 0x6110, 0x6110, 0x50ED, 0x40AB,
    0x40CB, 0x48CC, 0x48CC, 0x48CC, 0x40CC, 0x40CC, 0x40CC, 0x40CC,
    0x40CC, 0x40CC, 0x40CC, 0x40CB, 0x40CB, 0x40CB, 0x40CB, 0x40CB,
    0x40CB, 0x40CB, 0x40AB, 0x40AB, 0x40AB, 0x40AA, 0x38AA, 0x38AA,
    0x38AA, 0x38AA, 0x38AA, 0x38A9, 0x38A9, 0x3889, 0x3089, 0x3089,
    0x3088, 0x3088, 0x3088, 0x3088, 0x2887, 0x2867, 0x2867, 0x2866,
    0x2066, 0x2066, 0x2066, 0x2066, 0x2065, 0x2045, 0x1845, 0x1845,
    0x1844, 0x1844, 0x1844, 0x1044, 0x1044, 0x1043, 0x1023, 0x1023,
    0x1023, 0x1023, 0x1023, 0x1023, 0x1023, 0x1022, 0x1022, 0x1022,
    0x1022, 0x0822, 0x0822, 0x0822, 0x0822, 0x0822, 0x0822, 0x1023,
    0x0821, 0x0020, 0x1824, 0x3029, 0x1805, 0x0000, 0x0000, 0x0000,
    0x0000, 0x0000, 0x0000, 0x0000, 0x0000, 0x0000, 0x0000, 0x0000,
    0x0000, 0x0000, 0x0000, 0x0000, 0x0000, 0x0000, 0x0000, 0x0000,
    0x0000, 0x0000, 0x0000, 0x0000, 0x3087, 0x3088, 0x3088, 0x3889,
    0x38AA, 0x38AA, 0x40AB, 0x40CC, 0x48ED, 0x50EE, 0x510F, 0x590F,
    0x6110, 0x6110, 0x50ED, 0x40AB, 0x40CB, 0x48CC, 0x48CC, 0x48CC,
    0x40CC, 0x40CC, 0x40CC, 0x40CC, 0x40CC, 0x40CC, 0x40CC, 0x40CB,
    0x40CB, 0x40CB, 0x40CB, 0x40CB, 0x40CB, 0x40CB, 0x40AB, 0x40AB,
    0x40AB, 0x38AB, 0x38AA, 0x38AA, 0x38AA, 0x38AA, 0x38AA, 0x38AA,
    0x38A9, 0x3889, 0x3089, 0x3089, 0x3088, 0x3088, 0x3088, 0x2888,
    0x2887, 0x2867, 0x2867, 0x2867, 0x2066, 0x2066, 0x2066, 0x2065,
    0x2045, 0x1845, 0x1845, 0x1844, 0x1844, 0x1844, 0x1844, 0x1044,
    0x1043, 0x1023, 0x1023, 0x1023, 0x1023, 0x1023, 0x1023, 0x1023,
    0x1022, 0x1022, 0x1022, 0x1022, 0x0822, 0x0822, 0x0822, 0x0822,
    0x0822, 0x0822, 0x0822, 0x1022, 0x0821, 0x0020, 0x1824, 0x3029,
    0x1805, 0x0000, 0x0000, 0x0000, 0x0000, 0x0000, 0x0000, 0x0000,
    0x0000, 0x0000, 0x0000, 0x0000, 0x0000, 0x0000, 0x0000, 0x0000,
    0x0000, 0x0000, 0x0000, 0x0000, 0x0000, 0x0000, 0x0000, 0x0000,
    0x3087, 0x3088, 0x3088, 0x3889, 0x38AA, 0x38AA, 0x40AB, 0x40CC,
    0x48ED, 0x50EE, 0x510F, 0x590F, 0x6110, 0x6110, 0x50ED, 0x40AB,
    0x40CB, 0x48CC, 0x48CC, 0x48CC, 0x40CC, 0x40CC, 0x40CC, 0x40CC,
    0x40CC, 0x40CB, 0x40CB, 0x40CB, 0x40CB, 0x40CB, 0x40CB, 0x40CB,
    0x40CB, 0x40CB, 0x40AB, 0x40AB, 0x40AB, 0x38AA, 0x38AA, 0x38AA,
    0x38AA, 0x38AA, 0x38AA, 0x38AA, 0x38A9, 0x3089, 0x3089, 0x3088,
    0x3088, 0x3088, 0x3088, 0x2887, 0x2887, 0x2867, 0x2867, 0x2866,
    0x2066, 0x2066, 0x2046, 0x2045, 0x2045, 0x1845, 0x1845, 0x1844,
    0x1844, 0x1844, 0x1844, 0x1844, 0x1023, 0x1023, 0x1023, 0x1023,
    0x1023, 0x1023, 0x1023, 0x1023, 0x1022, 0x1022, 0x0822, 0x0822,
    0x0822, 0x0822, 0x0822, 0x0802, 0x0802, 0x0802, 0x0802, 0x1002,
    0x0801, 0x0000, 0x1804, 0x3029, 0x1805, 0x0000, 0x0000, 0x0000,
    0x0000, 0x0000, 0x0000, 0x0000, 0x0000, 0x0000, 0x0000, 0x0000,
    0x0000, 0x0000, 0x0000, 0x0000, 0x0000, 0x0000, 0x0000, 0x0000,
    0x0000, 0x0000, 0x0000, 0x0000, 0x3087, 0x3088, 0x3088, 0x3889,
    0x38AA, 0x38AA, 0x40AB, 0x40CC, 0x48ED, 0x50EE, 0x590F, 0x590F,
    0x6110, 0x6110, 0x50ED, 0x40AB, 0x40CB, 0x48CC, 0x48CC, 0x48CC,
    0x40CC, 0x40CC, 0x40CC, 0x40CC, 0x40CB, 0x40CB, 0x40CB, 0x40CB,
    0x40CB, 0x40CB, 0x40CB, 0x40CB, 0x40CB, 0x40CB, 0x40AB, 0x40AB,
    0x40AB, 0x40AA, 0x38AA, 0x38AA, 0x38AA, 0x38AA, 0x38AA, 0x38AA,
    0x38A9, 0x3089, 0x3089, 0x3089, 0x3088, 0x3088, 0x2888, 0x2887,
    0x2887, 0x2867, 0x2867, 0x2066, 0x2066, 0x2046, 0x2046, 0x2045,
    0x2045, 0x1845, 0x1845, 0x1844, 0x1844, 0x1844, 0x1844, 0x1024,
    0x1023, 0x1023, 0x1023, 0x1023, 0x1023, 0x1023, 0x1023, 0x1022,
    0x1022, 0x1022, 0x0822, 0x0822, 0x0822, 0x0822, 0x0822, 0x0802,
    0x0802, 0x0802, 0x0802, 0x1002, 0x0801, 0x0000, 0x1804, 0x3029,
    0x1805, 0x0000, 0x0000, 0x0000, 0x0000, 0x0000, 0x0000, 0x0000,
    0x0000, 0x0000, 0x0000, 0x0000, 0x0000, 0x0000, 0x0000, 0x0000,
    0x0000, 0x0000, 0x0000, 0x0000, 0x0000, 0x0000, 0x0000, 0x0000,
    0x3087, 0x3088, 0x3088, 0x3889, 0x38AA, 0x38AA, 0x40AB, 0x40CC,
    0x48ED, 0x50EE, 0x590F, 0x590F, 0x6110, 0x6110, 0x50ED, 0x40AB,
    0x40CB, 0x48CC, 0x48CC, 0x40CC, 0x40CC, 0x40CC, 0x40CC, 0x40CC,
    0x40CC, 0x40CB, 0x40CB, 0x40CB, 0x40CB, 0x40CB, 0x40CB, 0x40CB,
    0x40CB, 0x40CB, 0x40AB, 0x40AB, 0x40AB, 0x38AB, 0x38AA, 0x38AA,
    0x38AA, 0x38AA, 0x38AA, 0x38A9, 0x38A9, 0x3889, 0x3089, 0x3089,
    0x3088, 0x3088, 0x3088, 0x2887, 0x2887, 0x2867, 0x2867, 0x2866,
    0x2066, 0x2066, 0x2046, 0x2045, 0x2045, 0x1845, 0x1845, 0x1844,
    0x1844, 0x1824, 0x1824, 0x1024, 0x1023, 0x1023, 0x1023, 0x1023,
    0x1023, 0x1023, 0x1022, 0x1022, 0x1022, 0x1022, 0x1022, 0x0822,
    0x0802, 0x0802, 0x0802, 0x0802, 0x0802, 0x0802, 0x0802, 0x1002,
    0x0801, 0x0000, 0x1804, 0x302A, 0x1805, 0x0000, 0x0000, 0x0000,
    0x0000, 0x0000, 0x0000, 0x0000, 0x0000, 0x0000, 0x0000, 0x0000,
    0x0000, 0x0000, 0x0000, 0x0000, 0x0000, 0x0000, 0x0000, 0x0000,
    0x0000, 0x0000, 0x0000, 0x0000, 0x3087, 0x3088, 0x3088, 0x3889,
    0x38AA, 0x38AA, 0x40AB, 0x40CC, 0x48ED, 0x50ED, 0x510E, 0x590F,
    0x6110, 0x6130, 0x50ED, 0x40AB, 0x40CB, 0x48CC, 0x40CC, 0x40CC,
    0x40CC, 0x40CC, 0x40CC, 0x40CC, 0x40CC, 0x40CB, 0x40CB, 0x40CB,
    0x40CB, 0x40CB, 0x40CB, 0x40CB, 0x40CB, 0x40CB, 0x40AB, 0x40AB,
    0x40AB, 0x38AB, 0x38AA, 0x38AA, 0x38AA, 0x38AA, 0x38AA, 0x38A9,
    0x38A9, 0x3089, 0x3089, 0x3089, 0x3088, 0x3088, 0x3088, 0x2887,
    0x2867, 0x2867, 0x2867, 0x2866, 0x2066, 0x2066, 0x2046, 0x2045,
    0x1845, 0x1845, 0x1845, 0x1844, 0x1824, 0x1824, 0x1024, 0x1023,
    0x1023, 0x1023, 0x1023, 0x1023, 0x1023, 0x1023, 0x1023, 0x1022,
    0x1022, 0x1022, 0x0822, 0x0822, 0x0802, 0x0802, 0x0802, 0x0802,
    0x0802, 0x0802, 0x0802, 0x0802, 0x0801, 0x0000, 0x1804, 0x302A,
    0x1805, 0x0000, 0x0000, 0x0000, 0x0000, 0x0000, 0x0000, 0x0000,
    0x0000, 0x0000, 0x0000, 0x0000, 0x0000, 0x0000, 0x0000, 0x0000,
    0x0000, 0x0000, 0x0000, 0x0000, 0x0000, 0x0000, 0x0000, 0x0000,
    0x3087, 0x3088, 0x3088, 0x3889, 0x38AA, 0x38AA, 0x40AB, 0x40CC,
    0x48ED, 0x50ED, 0x510E, 0x590F, 0x6110, 0x6130, 0x50ED, 0x40AB,
    0x40CB, 0x48CC, 0x40CC, 0x40CC, 0x40CC, 0x40CC, 0x40CC, 0x40CC,
    0x40CC, 0x40CB, 0x40CB, 0x40CB, 0x40CB, 0x40CB, 0x40CB, 0x40CB,
    0x40CB, 0x40AB, 0x40AB, 0x40AB, 0x40AB, 0x38AB, 0x38AA, 0x38AA,
    0x38AA, 0x38AA, 0x38AA, 0x38A9, 0x38A9, 0x3089, 0x3089, 0x3088,
    0x3088, 0x3088, 0x3088, 0x2887, 0x2867, 0x2867, 0x2867, 0x2866,
    0x2066, 0x2066, 0x2046, 0x2045, 0x1845, 0x1845, 0x1845, 0x1844,
    0x1844, 0x1824, 0x1824, 0x1024, 0x1023, 0x1023, 0x1023, 0x1023,
    0x1023, 0x1023, 0x1023, 0x1022, 0x0822, 0x0822, 0x0802, 0x0802,
    0x0802, 0x0802, 0x0802, 0x0802, 0x0802, 0x0802, 0x0802, 0x0802,
    0x0801, 0x0000, 0x1804, 0x302A, 0x1805, 0x0000, 0x0000, 0x0000,
    0x0000, 0x0000, 0x0000, 0x0000, 0x0000, 0x0000, 0x0000, 0x0000,
    0x0000, 0x0000, 0x0000, 0x0000, 0x0000, 0x0000, 0x0000, 0x0000,
    0x0000, 0x0000, 0x0000, 0x0000, 0x3087, 0x3088, 0x3088, 0x38A9,
    0x38AA, 0x38AA, 0x40AB, 0x40CC, 0x48ED, 0x50ED, 0x510E, 0x590F,
    0x6110, 0x6110, 0x50ED, 0x40AB, 0x40CB, 0x48CC, 0x40CC, 0x40CC,
    0x40CC, 0x40CC, 0x40CC, 0x40CC, 0x40CC, 0x40CB, 0x40CB, 0x40CB,
    0x40CB, 0x40CB, 0x40CB, 0x40CB, 0x40CB, 0x40AB, 0x40AB, 0x40AB,
    0x40AB, 0x40AB, 0x38AA, 0x38AA, 0x38AA, 0x38AA, 0x38AA, 0x38A9,
    0x30A9, 0x3089, 0x3089, 0x3088, 0x3088, 0x3088, 0x3088, 0x2867,
    0x2867, 0x2867, 0x2867, 0x2866, 0x2066, 0x2066, 0x2046, 0x2045,
    0x2045, 0x1845, 0x1845, 0x1844, 0x1844, 0x1824, 0x1824, 0x1024,
    0x1023, 0x1023, 0x1023, 0x1023, 0x1023, 0x1023, 0x1023, 0x1022,
    0x0822, 0x0822, 0x0802, 0x0802, 0x0802, 0x0802, 0x0802, 0x0802,
    0x0802, 0x0802, 0x0802, 0x0802, 0x0001, 0x0000, 0x1804, 0x302A,
    0x1805, 0x0000, 0x0000, 0x0000, 0x0000, 0x0000, 0x0000, 0x0000,
    0x0000, 0x0000, 0x0000, 0x0000, 0x0000, 0x0000, 0x0000, 0x0000,
    0x0000, 0x0000, 0x0000, 0x0000, 0x0000, 0x0000, 0x0000, 0x0000,
    0x3088, 0x3088, 0x3088, 0x38A9, 0x38AA, 0x38AA, 0x40AB, 0x40CC,
    0x48ED, 0x50EE, 0x590F, 0x5910, 0x6110, 0x6110, 0x48ED, 0x40AB,
    0x40CB, 0x48CC, 0x40CC, 0x40CC, 0x40CC, 0x40CC, 0x40CC, 0x40CC,
    0x40CC, 0x40CB, 0x40CB, 0x40CB, 0x40CB, 0x40CB, 0x40CB, 0x40CB,
    0x40CB, 0x40AB, 0x40AB, 0x40AB, 0x40AB, 0x40AB, 0x40AA, 0x38AA,
    0x38AA, 0x38AA, 0x38AA, 0x38A9, 0x3089, 0x3089, 0x3089, 0x3088,
    0x3088, 0x3088, 0x3088, 0x2867, 0x2867, 0x2867, 0x2867, 0x2866,
    0x2066, 0x2066, 0x2046, 0x2045, 0x1845, 0x1845, 0x1845, 0x1844,
    0x1844, 0x1824, 0x1824, 0x1023, 0x1023, 0x1023, 0x1023, 0x1023,
    0x1023, 0x1023, 0x1022, 0x1022, 0x0822, 0x0822, 0x0802, 0x0802,
    0x0802, 0x0802, 0x0802, 0x0802, 0x0802, 0x0802, 0x0802, 0x0802,
    0x0001, 0x0000, 0x1804, 0x302A, 0x2005, 0x0000, 0x0000, 0x0000,
    0x0000, 0x0000, 0x0000, 0x0000, 0x0000, 0x0000, 0x0000, 0x0000,
    0x0000, 0x0000, 0x0000, 0x0000, 0x0000, 0x0000, 0x0000, 0x0000,
    0x0000, 0x0000, 0x0000, 0x0000, 0x3067, 0x3088, 0x3088, 0x38A9,
    0x38AA, 0x38AA, 0x40AB, 0x40CC, 0x48ED, 0x50EE, 0x590F, 0x5910,
    0x6110, 0x6110, 0x48ED, 0x40AB, 0x40CB, 0x48CC, 0x40CC, 0x40CC,
    0x40CC, 0x40CC, 0x40CC, 0x40CC, 0x40CC, 0x40CB, 0x40CB, 0x40CB,
    0x40CB, 0x40CB, 0x40CB, 0x40CB, 0x40CB, 0x40AB, 0x40AB, 0x40AB,
    0x40AB, 0x40AB, 0x38AA, 0x38AA, 0x38AA, 0x38AA, 0x38AA, 0x38A9,
    0x3089, 0x3089, 0x3089, 0x3088, 0x3088, 0x3088, 0x2868, 0x2867,
    0x2867, 0x2867, 0x2867, 0x2866, 0x2066, 0x2066, 0x2046, 0x2045,
    0x2045, 0x1845, 0x1845, 0x1844, 0x1844, 0x1824, 0x1824, 0x1023,
    0x1023, 0x1023, 0x1023, 0x1023, 0x1023, 0x1023, 0x1022, 0x1022,
    0x1022, 0x0822, 0x0802, 0x0802, 0x0802, 0x0802, 0x0802, 0x0802,
    0x0802, 0x0802, 0x0802, 0x0802, 0x0001, 0x0000, 0x1824, 0x302A,
    0x2005, 0x0000, 0x0000, 0x0000, 0x0000, 0x0000, 0x0000, 0x0000,
    0x0000, 0x0000, 0x0000, 0x0000, 0x0000, 0x0000, 0x0000, 0x0000,
    0x0000, 0x0000, 0x0000, 0x0000, 0x0000, 0x0000, 0x0000, 0x0000,
    0x3087, 0x3087, 0x3088, 0x38A9, 0x38AA, 0x38AB, 0x40AB, 0x40CC,
    0x48ED, 0x50EE, 0x590F, 0x590F, 0x6110, 0x6110, 0x48ED, 0x40AB,
    0x40CB, 0x48CC, 0x40CC, 0x40CC, 0x40CC, 0x40CC, 0x40CC, 0x40CC,
    0x40CC, 0x40CB, 0x40CB, 0x40CB, 0x40CB, 0x40CB, 0x40CB, 0x40CB,
    0x40CB, 0x40AB, 0x40AB, 0x40AB, 0x40AB, 0x40AB, 0x38AA, 0x38AA,
    0x38AA, 0x38AA, 0x38AA, 0x38A9, 0x3089, 0x3089, 0x3089, 0x3088,
    0x3088, 0x3088, 0x2888, 0x2867, 0x2867, 0x2867, 0x2867, 0x2866,
    0x2066, 0x2066, 0x2046, 0x2045, 0x2045, 0x1845, 0x1845, 0x1844,
    0x1844, 0x1824, 0x1824, 0x1024, 0x1023, 0x1023, 0x1023, 0x1023,
    0x1023, 0x1023, 0x1023, 0x1022, 0x1022, 0x0822, 0x0802, 0x0802,
    0x0802, 0x0802, 0x0802, 0x0802, 0x0802, 0x0802, 0x0802, 0x0802,
    0x0001, 0x0000, 0x1804, 0x302A, 0x1805, 0x0000, 0x0000, 0x0000,
    0x0000, 0x0000, 0x0000, 0x0000, 0x0000, 0x0000, 0x0000, 0x0000,
    0x0000, 0x0000, 0x0000, 0x0000, 0x0000, 0x0000, 0x0000, 0x0000,
    0x0000, 0x0000, 0x0000, 0x0000, 0x3087, 0x3088, 0x3088, 0x38A9,
    0x38AA, 0x38AA, 0x40AB, 0x40CC, 0x48ED, 0x50EE, 0x590F, 0x5910,
    0x6110, 0x6110, 0x50ED, 0x40AB, 0x40CB, 0x48CC, 0x40CC, 0x40CC,
    0x40CC, 0x40CC, 0x40CC, 0x40CC, 0x40CC, 0x40CB, 0x40CB, 0x40CB,
    0x40CB, 0x40CB, 0x40CB, 0x40CB, 0x40CB, 0x40AB, 0x40AB, 0x40AB,
    0x40AB, 0x40AB, 0x38AA, 0x38AA, 0x38AA, 0x38AA, 0x38AA, 0x38A9,
    0x3089, 0x3089, 0x3089, 0x3088, 0x3088, 0x3088, 0x3088, 0x2867,
    0x2867, 0x2867, 0x2867, 0x2866, 0x2066, 0x2066, 0x2046, 0x2045,
    0x1845, 0x1845, 0x1845, 0x1844, 0x1844, 0x1824, 0x1824, 0x1024,
    0x1023, 0x1023, 0x1023, 0x1023, 0x1023, 0x1023, 0x1023, 0x1022,
    0x0822, 0x0822, 0x0802, 0x0802, 0x0802, 0x0802, 0x0802, 0x0802,
    0x0802, 0x0802, 0x0802, 0x0802, 0x0801, 0x0000, 0x1804, 0x3009,
    0x1805, 0x0000, 0x0000, 0x0000, 0x0000, 0x0000, 0x0000, 0x0000,
    0x0000, 0x0000, 0x0000, 0x0000, 0x0000, 0x0000, 0x0000, 0x0000,
    0x0000, 0x0000, 0x0000, 0x0000, 0x0000, 0x0000, 0x0000, 0x0000,
    0x3088, 0x3088, 0x3088, 0x38A9, 0x38AA, 0x38AA, 0x40AB, 0x40CC,
    0x48ED, 0x50EE, 0x58EF, 0x5910, 0x6110, 0x6110, 0x50ED, 0x40AB,
    0x40CB, 0x48CC, 0x40CC, 0x40CC, 0x40CC, 0x40CC, 0x40CC, 0x40CC,
    0x40CC, 0x40CB, 0x40CB, 0x40CB, 0x40CB, 0x40CB, 0x40CB, 0x40CB,
    0x40CB, 0x40AB, 0x40AB, 0x40AB, 0x40AB, 0x40AB, 0x38AA, 0x38AA,
    0x38AA, 0x38AA, 0x38AA, 0x38A9, 0x3089, 0x3089, 0x3089, 0x3088,
    0x3088, 0x3088, 0x3088, 0x2867, 0x2867, 0x2867, 0x2867, 0x2866,
    0x2066, 0x2066, 0x2046, 0x2045, 0x2045, 0x1845, 0x1845, 0x1844,
    0x1844, 0x1824, 0x1824, 0x1023, 0x1023, 0x1023, 0x1023, 0x1023,
    0x1023, 0x1023, 0x1023, 0x0822, 0x0822, 0x0822, 0x0802, 0x0802,
    0x0802, 0x0802, 0x0802, 0x0802, 0x0802, 0x0802, 0x0802, 0x0802,
    0x0001, 0x0000, 0x1804, 0x3009, 0x1805, 0x0000, 0x0000, 0x0000,
    0x0000, 0x0000, 0x0000, 0x0000, 0x0000, 0x0000, 0x0000, 0x0000,
    0x0000, 0x0000, 0x0000, 0x0000, 0x0000, 0x0000, 0x0000, 0x0000,
    0x0000, 0x0000, 0x0000, 0x0000, 0x3088, 0x3088, 0x3089, 0x38A9,
    0x38AA, 0x38AA, 0x40AA, 0x40CB, 0x48ED, 0x50ED, 0x50EF, 0x58F0,
    0x6111, 0x6110, 0x50ED, 0x40AB, 0x40CB, 0x48CC, 0x40CC, 0x40CC,
    0x40CC, 0x40CC, 0x40CC, 0x40CC, 0x40CC, 0x40CB, 0x40CB, 0x40CB,
    0x40CB, 0x40CB, 0x40CB, 0x40CB, 0x40CB, 0x40AB, 0x40AB, 0x40AB,
    0x40AB, 0x40AB, 0x40AA, 0x38AA, 0x38AA, 0x38AA, 0x38AA, 0x38A9,
    0x3889, 0x3089, 0x3089, 0x3088, 0x3088, 0x3088, 0x3088, 0x2867,
    0x2867, 0x2867, 0x2867, 0x2866, 0x2066, 0x2066, 0x2046, 0x2045,
    0x1845, 0x1845, 0x1845, 0x1844, 0x1844, 0x1824, 0x1024, 0x1024,
    0x1023, 0x1023, 0x1023, 0x1023, 0x1023, 0x1023, 0x1022, 0x1022,
    0x0822, 0x0822, 0x0802, 0x0802, 0x0802, 0x0802, 0x0802, 0x0802,
    0x0802, 0x0802, 0x0802, 0x0802, 0x0801, 0x0000, 0x1804, 0x3029,
    0x1805, 0x0000, 0x0000, 0x0000, 0x0000, 0x0000, 0x0000, 0x0000,
    0x0000, 0x0000, 0x0000, 0x0000, 0x0000, 0x0000, 0x0000, 0x0000,
    0x0000, 0x0000, 0x0000, 0x0000, 0x0000, 0x0000, 0x0000, 0x0000,
    0x3088, 0x3088, 0x3088, 0x38A9, 0x38AA, 0x38AA, 0x40AA, 0x40CC,
    0x48ED, 0x50EE, 0x58EF, 0x58F0, 0x6110, 0x6110, 0x50ED, 0x40AB,
    0x40CB, 0x48CC, 0x40CC, 0x40CC, 0x40CC, 0x40CC, 0x40CC, 0x40CC,
    0x40CC, 0x40CB, 0x40CB, 0x40CB, 0x40CB, 0x40CB, 0x40CB, 0x40CB,
    0x40CB, 0x40AB, 0x40AB, 0x40AB, 0x40AB, 0x40AB, 0x38AA, 0x38AA,
    0x38AA, 0x38AA, 0x38AA, 0x38A9, 0x38A9, 0x30A9, 0x3089, 0x3089,
    0x3088, 0x3088, 0x3088, 0x2867, 0x2867, 0x2867, 0x2867, 0x2866,
    0x2066, 0x2066, 0x2046, 0x2045, 0x1845, 0x1845, 0x1845, 0x1844,
    0x1844, 0x1824, 0x1824, 0x1024, 0x1023, 0x1023, 0x1023, 0x1023,
    0x1023, 0x1023, 0x1023, 0x1023, 0x1022, 0x1022, 0x0802, 0x0802,
    0x0802, 0x0802, 0x0802, 0x0802, 0x0802, 0x0802, 0x0802, 0x1002,
    0x0801, 0x0000, 0x1824, 0x384A, 0x2006, 0x0000, 0x0000, 0x0000,
    0x0000, 0x0000, 0x0000, 0x0000, 0x0000, 0x0000, 0x0000, 0x0000,
    0x0000, 0x0000, 0x0000, 0x0000, 0x0000, 0x0000, 0x0000, 0x0000,
    0x0000, 0x0000, 0x0000, 0x0000, 0x3088, 0x3088, 0x3088, 0x38A9,
    0x38AA, 0x38AA, 0x40AB, 0x40CC, 0x48ED, 0x50EE, 0x58EF, 0x58F0,
    0x6110, 0x6110, 0x50ED, 0x40AB, 0x40CB, 0x48CC, 0x40CC, 0x40CC,
    0x40CC, 0x40CC, 0x40CC, 0x40CC, 0x40CC, 0x40CB, 0x40CB, 0x40CB,
    0x40CB, 0x40CB, 0x40CB, 0x40CB, 0x40CB, 0x40AB, 0x40AB, 0x40AB,
    0x40AB, 0x40AB, 0x38AA, 0x38AA, 0x38AA, 0x38AA, 0x38AA, 0x38A9,
    0x38A9, 0x3889, 0x3089, 0x3089, 0x3088, 0x3088, 0x3088, 0x2867,
    0x2867, 0x2867, 0x2867, 0x2866, 0x2066, 0x2066, 0x2046, 0x2045,
    0x1845, 0x1845, 0x1845, 0x1844, 0x1844, 0x1824, 0x1824, 0x1024,
    0x1024, 0x1023, 0x1023, 0x1023, 0x1023, 0x1023, 0x1023, 0x1023,
    0x1023, 0x1022, 0x0802, 0x0802, 0x0802, 0x0802, 0x0802, 0x0802,
    0x0802, 0x0802, 0x0802, 0x1002, 0x0801, 0x0000, 0x1824, 0x386A,
    0x2026, 0x0000, 0x0000, 0x0000, 0x0000, 0x0000, 0x0000, 0x0000,
    0x0000, 0x0000, 0x0000, 0x0000, 0x0000, 0x0000, 0x0000, 0x0000,
    0x0000, 0x0000, 0x0000, 0x0000, 0x0000, 0x0000, 0x0000, 0x0000,
    0x3068, 0x3068, 0x3088, 0x38A9, 0x38AA, 0x38AA, 0x40AB, 0x40CC,
    0x48ED, 0x50EE, 0x58EF, 0x58F0, 0x6110, 0x6110, 0x50ED, 0x40AB,
    0x40CB, 0x48CC, 0x40CC, 0x40CC, 0x40CC, 0x40CC, 0x40CC, 0x40CC,
    0x40CC, 0x40CB, 0x40CB, 0x40CB, 0x40CB, 0x40CB, 0x40CB, 0x40CB,
    0x40CB, 0x40AB, 0x40AB, 0x40AB, 0x40AB, 0x38AB, 0x38AA, 0x38AA,
    0x38AA, 0x38AA, 0x38AA, 0x38AA, 0x38A9, 0x3089, 0x3089, 0x3089,
    0x3088, 0x3088, 0x2888, 0x2867, 0x2867, 0x2867, 0x2867, 0x2067,
    0x2066, 0x2066, 0x2046, 0x2045, 0x2045, 0x1845, 0x1845, 0x1844,
    0x1844, 0x1824, 0x1824, 0x1024, 0x1024, 0x1023, 0x1023, 0x1023,
    0x1023, 0x1023, 0x1023, 0x1023, 0x1022, 0x1022, 0x0822, 0x0822,
    0x0802, 0x0802, 0x0802, 0x0802, 0x0802, 0x0802, 0x0802, 0x1023,
    0x0801, 0x0000, 0x1825, 0x386A, 0x2026, 0x0000, 0x0000, 0x0000,
    0x0000, 0x0000, 0x0000, 0x0000, 0x0000, 0x0000, 0x0000, 0x0000,
    0x0000, 0x0000, 0x0000, 0x0000, 0x0000, 0x0000, 0x0000, 0x0000,
    0x0000, 0x0000, 0x0000, 0x0000, 0x3068, 0x3068, 0x3089, 0x38A9,
    0x38AA, 0x38AA, 0x40AA, 0x40CC, 0x48ED, 0x50EE, 0x58EF, 0x58F0,
    0x6110, 0x6130, 0x50ED, 0x40AB, 0x40CB, 0x48CC, 0x40CC, 0x40CC,
    0x40CC, 0x40CC, 0x40CC, 0x40CC, 0x40CC, 0x40CB, 0x40CB, 0x40CB,
    0x40CB, 0x40CB, 0x40CB, 0x40CB, 0x40CB, 0x40AB, 0x40AB, 0x40AB,
    0x40AB, 0x38AB, 0x38AA, 0x38AA, 0x38AA, 0x38AA, 0x38AA, 0x38AA,
    0x38A9, 0x3089, 0x3089, 0x3089, 0x3088, 0x3088, 0x3088, 0x2887,
    0x2867, 0x2867, 0x2867, 0x2866, 0x2066, 0x2066, 0x2046, 0x2045,
    0x2045, 0x1845, 0x1845, 0x1845, 0x1844, 0x1824, 0x1824, 0x1824,
    0x1023, 0x1023, 0x1023, 0x1023, 0x1023, 0x1023, 0x1023, 0x1023,
    0x1022, 0x1022, 0x0822, 0x0822, 0x0822, 0x0802, 0x0802, 0x0802,
    0x0802, 0x0802, 0x0802, 0x1023, 0x0801, 0x0000, 0x1825, 0x386B,
    0x1825, 0x0000, 0x0000, 0x0000, 0x0000, 0x0000, 0x0000, 0x0000,
    0x0000, 0x0000, 0x0000, 0x0000, 0x0000, 0x0000, 0x0000, 0x0000,
    0x0000, 0x0000, 0x0000, 0x0000, 0x0000, 0x0000, 0x0000, 0x0000,
    0x3068, 0x3068, 0x3089, 0x38A9, 0x38AA, 0x38AA, 0x40AA, 0x40CB,
    0x48ED, 0x50EE, 0x58EF, 0x58F0, 0x6111, 0x6110, 0x50ED, 0x40AB,
    0x40CB, 0x48CC, 0x40CC, 0x40CC, 0x40CC, 0x40CC, 0x40CC, 0x40CC,
    0x40CC, 0x40CB, 0x40CB, 0x40CB, 0x40CB, 0x40CB, 0x40CB, 0x40CB,
    0x40CB, 0x40CB, 0x40AB, 0x40AB, 0x40AB, 0x38AA, 0x38AA, 0x38AA,
    0x38AA, 0x38AA, 0x38AA, 0x38AA, 0x38A9, 0x3889, 0x3089, 0x3089,
    0x3088, 0x3088, 0x3088, 0x2888, 0x2887, 0x2867, 0x2867, 0x2866,
    0x2066, 0x2066, 0x2046, 0x2045, 0x2045, 0x1845, 0x1845, 0x1845,
    0x1844, 0x1844, 0x1844, 0x1844, 0x1024, 0x1023, 0x1023, 0x1023,
    0x1023, 0x1023, 0x1023, 0x1023, 0x1023, 0x1022, 0x1022, 0x0822,
    0x0822, 0x0822, 0x0802, 0x0802, 0x0802, 0x0802, 0x0802, 0x1023,
    0x0801, 0x0000, 0x1825, 0x386B, 0x1826, 0x0000, 0x0000, 0x0000,
    0x0000, 0x0000, 0x0000, 0x0000, 0x0000, 0x0000, 0x0000, 0x0000,
    0x0000, 0x0000, 0x0000, 0x0000, 0x0000, 0x0000, 0x0000, 0x0000,
    0x0000, 0x0000, 0x0000, 0x0000, 0x3068, 0x3068, 0x3088, 0x38A9,
    0x38AA, 0x38AA, 0x40AB, 0x40CC, 0x48ED, 0x50EE, 0x58EF, 0x58F0,
    0x6110, 0x6110, 0x50ED, 0x40AB, 0x40CB, 0x48CC, 0x40CC, 0x40CC,
    0x40CC, 0x40CC, 0x40CC, 0x40CC, 0x40CC, 0x40CB, 0x40CB, 0x40CB,
    0x40CB, 0x40CB, 0x40CB, 0x40CB, 0x40CB, 0x40CB, 0x40AB, 0x40AB,
    0x40AB, 0x40AA, 0x38AA, 0x38AA, 0x38AA, 0x38AA, 0x38AA, 0x38A9,
    0x38A9, 0x3889, 0x3089, 0x3089, 0x3088, 0x3088, 0x3088, 0x3088,
    0x2887, 0x2887, 0x2867, 0x2866, 0x2066, 0x2066, 0x2046, 0x2046,
    0x2045, 0x2045, 0x1845, 0x1845, 0x1844, 0x1844, 0x1844, 0x1824,
    0x1824, 0x1024, 0x1023, 0x1023, 0x1023, 0x1023, 0x1023, 0x1023,
    0x1023, 0x1023, 0x1023, 0x1022, 0x0822, 0x0822, 0x0802, 0x0802,
    0x0802, 0x0802, 0x0802, 0x1023, 0x0801, 0x0000, 0x1825, 0x406B,
    0x2026, 0x0000, 0x0000, 0x0000, 0x0000, 0x0000, 0x0000, 0x0000,
    0x0000, 0x0000, 0x0000, 0x0000, 0x0000, 0x0000, 0x0000, 0x0000,
    0x0000, 0x0000, 0x0000, 0x0000, 0x0000, 0x0000, 0x0000, 0x0000,
    0x3087, 0x3087, 0x3088, 0x38A9, 0x38AA, 0x38AA, 0x40AB, 0x40CC,
    0x48ED, 0x50EE, 0x590E, 0x590F, 0x6110, 0x6130, 0x48ED, 0x40AB,
    0x40CB, 0x48CC, 0x40CC, 0x40CC, 0x40CC, 0x40CC, 0x40CC, 0x40CC,
    0x40CC, 0x40CB, 0x40CB, 0x40CB, 0x40CB, 0x40CB, 0x40CB, 0x40CB,
    0x40CB, 0x40CB, 0x40AB, 0x40AB, 0x40AB, 0x40AA, 0x40AA, 0x38AA,
    0x38AA, 0x38AA, 0x38AA, 0x38AA, 0x38A9, 0x3089, 0x3089, 0x3089,
    0x3088, 0x3088, 0x3088, 0x2888, 0x2887, 0x2887, 0x2867, 0x2867,
    0x2866, 0x2066, 0x2066, 0x2066, 0x2045, 0x2045, 0x1845, 0x1845,
    0x1844, 0x1844, 0x1844, 0x1824, 0x1824, 0x1024, 0x1023, 0x1023,
    0x1023, 0x1023, 0x1023, 0x1023, 0x1023, 0x1023, 0x1023, 0x1023,
    0x0822, 0x0822, 0x1022, 0x0822, 0x0822, 0x0822, 0x1022, 0x1023,
    0x0801, 0x0000, 0x1825, 0x406B, 0x2026, 0x0000, 0x0000, 0x0000,
    0x0000, 0x0000, 0x0000, 0x0000, 0x0000, 0x0000, 0x0000, 0x0000,
    0x0000, 0x0000, 0x0000, 0x0000, 0x0000, 0x0000, 0x0000, 0x0000,
    0x0000, 0x0000, 0x0000, 0x0000, 0x3087, 0x3087, 0x3088, 0x3889,
    0x38AA, 0x38AB, 0x40AB, 0x40CC, 0x48ED, 0x50ED, 0x510E, 0x590F,
    0x6110, 0x6130, 0x50ED, 0x40AB, 0x40CB, 0x48CC, 0x40CC, 0x40CC,
    0x40CC, 0x40CC, 0x40CC, 0x40CC, 0x40CC, 0x40CB, 0x40CB, 0x40CB,
    0x40CB, 0x40CB, 0x40CB, 0x40CB, 0x40CB, 0x40CB, 0x40AB, 0x40AB,
    0x40AB, 0x40AA, 0x38AA, 0x38AA, 0x38AA, 0x38AA, 0x38AA, 0x38AA,
    0x38A9, 0x3889, 0x3089, 0x3089, 0x3089, 0x3088, 0x3088, 0x2888,
    0x2887, 0x2867, 0x2867, 0x2867, 0x2866, 0x2066, 0x2066, 0x2066,
    0x2065, 0x2045, 0x1845, 0x1845, 0x1845, 0x1844, 0x1844, 0x1824,
    0x1824, 0x1024, 0x1023, 0x1023, 0x1023, 0x1023, 0x1023, 0x1023,
    0x1023, 0x1023, 0x1023, 0x1023, 0x1023, 0x1022, 0x1022, 0x0822,
    0x0822, 0x0822, 0x1022, 0x1023, 0x0801, 0x0000, 0x1825, 0x406B,
    0x2026, 0x0000, 0x0000, 0x0000, 0x0000, 0x0000, 0x0000, 0x0000,
    0x0000, 0x0000, 0x0000, 0x0000, 0x0000, 0x0000, 0x0000, 0x0000,
    0x0000, 0x0000, 0x0000, 0x0000, 0x0000, 0x0000, 0x0000, 0x0000,
    0x3087, 0x3087, 0x3088, 0x3889, 0x38AA, 0x38AB, 0x40AB, 0x40CC,
    0x48ED, 0x50ED, 0x590E, 0x590F, 0x6110, 0x6130, 0x50ED, 0x40AB,
    0x40CB, 0x48CC, 0x40CC, 0x40CC, 0x40CC, 0x40CC, 0x40CC, 0x40CC,
    0x40CC, 0x40CB, 0x40CB, 0x40CB, 0x40CB, 0x40CB, 0x40CB, 0x40CB,
    0x40CB, 0x40CB, 0x40AB, 0x40AB, 0x40AB, 0x40AB, 0x38AA, 0x38AA,
    0x38AA, 0x38AA, 0x38AA, 0x38AA, 0x38A9, 0x3889, 0x3089, 0x3089,
    0x3089, 0x3088, 0x3088, 0x3088, 0x2868, 0x2867, 0x2867, 0x2867,
    0x2867, 0x2066, 0x2066, 0x2066, 0x2046, 0x2045, 0x1845, 0x1845,
    0x1845, 0x1844, 0x1844, 0x1844, 0x1824, 0x1824, 0x1024, 0x1023,
    0x1023, 0x1023, 0x1023, 0x1023, 0x1023, 0x1023, 0x1023, 0x1023,
    0x1023, 0x1022, 0x1022, 0x1023, 0x1022, 0x1022, 0x1022, 0x1023,
    0x0801, 0x0000, 0x2025, 0x386B, 0x1826, 0x0000, 0x0000, 0x0000,
    0x0000, 0x0000, 0x0000, 0x0000, 0x0000, 0x0000, 0x0000, 0x0000,
    0x0000, 0x0000, 0x0000, 0x0000, 0x0000, 0x0000, 0x0000, 0x0000,
    0x0000, 0x0000, 0x0000, 0x0000, 0x3087, 0x3088, 0x3088, 0x38A9,
    0x38AA, 0x38AA, 0x40AB, 0x40CC, 0x48ED, 0x50EE, 0x590F, 0x5910,
    0x6110, 0x590F, 0x48ED, 0x40AB, 0x40CB, 0x48CC, 0x40CC, 0x40CC,
    0x40CC, 0x40CC, 0x40CC, 0x40CC, 0x40CC, 0x40CB, 0x40CB, 0x40CB,
    0x40CB, 0x40CB, 0x40CB, 0x40CB, 0x40CB, 0x40CB, 0x40AB, 0x40AB,
    0x40AB, 0x40AB, 0x38AB, 0x38AA, 0x38AA, 0x38AA, 0x38AA, 0x38AA,
    0x38A9, 0x3889, 0x3089, 0x3089, 0x3089, 0x3088, 0x3088, 0x3088,
    0x2888, 0x2867, 0x2867, 0x2867, 0x2867, 0x2066, 0x2066, 0x2066,
    0x2046, 0x2045, 0x2045, 0x1845, 0x1845, 0x1845, 0x1844, 0x1844,
    0x1844, 0x1824, 0x1824, 0x1824, 0x1024, 0x1023, 0x1023, 0x1023,
    0x1023, 0x1023, 0x1023, 0x1023, 0x1023, 0x1023, 0x1023, 0x1023,
    0x1023, 0x1023, 0x1023, 0x1023, 0x0802, 0x0000, 0x2025, 0x386B,
    0x1826, 0x0000, 0x0000, 0x0000, 0x0000, 0x0000, 0x0000, 0x0000,
    0x0000, 0x0000, 0x0000, 0x0000, 0x0000, 0x0000, 0x0000, 0x0000,
    0x0000, 0x0000, 0x0000, 0x0000, 0x0000, 0x0000, 0x0000, 0x0000,
    0x3087, 0x3088, 0x3088, 0x38A9, 0x38AA, 0x38AA, 0x40CB, 0x40CC,
    0x48ED, 0x50EE, 0x590F, 0x590F, 0x590F, 0x58EE, 0x48CC, 0x38AA,
    0x40CB, 0x48CC, 0x40CC, 0x40CC, 0x40CC, 0x40CC, 0x40CB, 0x40CB,
    0x40CC, 0x40CC, 0x40CC, 0x40CB, 0x40CB, 0x40CB, 0x40CB, 0x40CB,
    0x40CB, 0x40CB, 0x40AB, 0x40AB, 0x40AB, 0x40AB, 0x40AA, 0x38AA,
    0x38AA, 0x38AA, 0x38AA, 0x38AA, 0x38AA, 0x38A9, 0x30A9, 0x3089,
    0x3089, 0x3089, 0x3088, 0x3088, 0x2888, 0x2887, 0x2867, 0x2867,
    0x2867, 0x2867, 0x2066, 0x2066, 0x2066, 0x2066, 0x2045, 0x2045,
    0x1845, 0x1845, 0x1845, 0x1844, 0x1844, 0x1844, 0x1824, 0x1824,
    0x1824, 0x1024, 0x1023, 0x1023, 0x1023, 0x1023, 0x1023, 0x1023,
    0x1023, 0x1023, 0x1023, 0x1023, 0x1023, 0x1023, 0x1023, 0x1023,
    0x0802, 0x0000, 0x2045, 0x406B, 0x1825, 0x0000, 0x0000, 0x0000,
    0x0000, 0x0000, 0x0000, 0x0000, 0x0000, 0x0000, 0x0000, 0x0000,
    0x0000, 0x0000, 0x0000, 0x0000, 0x0000, 0x0000, 0x0000, 0x0000,
    0x0000, 0x0000, 0x0000, 0x0000, 0x3087, 0x3087, 0x3088, 0x3889,
    0x38AA, 0x38AA, 0x40AB, 0x40CC, 0x48ED, 0x50EE, 0x510E, 0x590F,
    0x6110, 0x6110, 0x50ED, 0x38AA, 0x40CB, 0x48CC, 0x40CC, 0x40CC,
    0x40CC, 0x40CC, 0x40CC, 0x40CC, 0x40CC, 0x40CC, 0x40CC, 0x40CB,
    0x40CB, 0x40CB, 0x40CB, 0x40CB, 0x40CB, 0x40CB, 0x40AB, 0x40AB,
    0x40AB, 0x40AB, 0x40AB, 0x40AA, 0x38AA, 0x38AA, 0x38AA, 0x38AA,
    0x38AA, 0x38A9, 0x30A9, 0x30A9, 0x3089, 0x3089, 0x3088, 0x3088,
    0x2888, 0x2888, 0x2887, 0x2867, 0x2867, 0x2867, 0x2866, 0x2066,
    0x2066, 0x2066, 0x2066, 0x2045, 0x2045, 0x1845, 0x1845, 0x1845,
    0x1844, 0x1844, 0x1844, 0x1824, 0x1824, 0x1024, 0x1024, 0x1023,
    0x1023, 0x1023, 0x1023, 0x1023, 0x1023, 0x1023, 0x1023, 0x1023,
    0x1023, 0x1023, 0x1023, 0x1023, 0x0802, 0x0000, 0x2046, 0x406B,
    0x2025, 0x0000, 0x0000, 0x0000, 0x0000, 0x0000, 0x0000, 0x0000,
    0x0000, 0x0000, 0x0000, 0x0000, 0x0000, 0x0000, 0x0000, 0x0000,
    0x0000, 0x0000, 0x0000, 0x0000, 0x0000, 0x0000, 0x0000, 0x0000,
    0x2887, 0x3087, 0x3088, 0x3889, 0x38AA, 0x38AB, 0x38AB, 0x40CC,
    0x48ED, 0x50EE, 0x50EE, 0x590F, 0x6932, 0x7954, 0x6110, 0x40CB,
    0x40CB, 0x48CC, 0x48CC, 0x40CC, 0x40CC, 0x40CC, 0x40CC, 0x40CC,
    0x40CC, 0x40CC, 0x40CC, 0x40CB, 0x40CB, 0x40CB, 0x40CB, 0x40CB,
    0x40CB, 0x40CB, 0x40CB, 0x40CB, 0x40AB, 0x40AB, 0x40AB, 0x40AA,
    0x38AA, 0x38AA, 0x38AA, 0x38AA, 0x38AA, 0x38A9, 0x38A9, 0x3089,
    0x3089, 0x3089, 0x3088, 0x3088, 0x3088, 0x3088, 0x2867, 0x2867,
    0x2867, 0x2867, 0x2867, 0x2066, 0x2066, 0x2066, 0x2066, 0x2045,
    0x2045, 0x2045, 0x1845, 0x1845, 0x1845, 0x1844, 0x1844, 0x1844,
    0x1844, 0x1844, 0x1024, 0x1024, 0x1024, 0x1024, 0x1023, 0x1023,
    0x1023, 0x1023, 0x1023, 0x1023, 0x1023, 0x1023, 0x1023, 0x1024,
    0x0822, 0x0000, 0x2046, 0x406B, 0x2025, 0x0000, 0x0000, 0x0000,
    0x0000, 0x0000, 0x0000, 0x0000, 0x0000, 0x0000, 0x0000, 0x0000,
    0x0000, 0x0000, 0x0000, 0x0000, 0x0000, 0x0000, 0x0000, 0x0000,
    0x0000, 0x0000, 0x0000, 0x0000, 0x2887, 0x3087, 0x3088, 0x3089,
    0x38AA, 0x38AA, 0x38AB, 0x40CC, 0x48ED, 0x50ED, 0x50EE, 0x58EF,
    0x6932, 0x7954, 0x6110, 0x40CB, 0x40CB, 0x48CC, 0x48CC, 0x40CC,
    0x40CC, 0x40CC, 0x40CC, 0x48CC, 0x48CC, 0x40CC, 0x40CC, 0x40CB,
    0x40CB, 0x40CB, 0x40CB, 0x40CB, 0x40CB, 0x40CB, 0x40CB, 0x40CB,
    0x40AB, 0x40AB, 0x40AB, 0x40AB, 0x40AA, 0x38AA, 0x38AA, 0x38AA,
    0x38AA, 0x38AA, 0x38A9, 0x3889, 0x3089, 0x3089, 0x3089, 0x3088,
    0x3088, 0x3088, 0x2868, 0x2867, 0x2867, 0x2867, 0x2867, 0x2866,
    0x2066, 0x2066, 0x2066, 0x2046, 0x2045, 0x2045, 0x2045, 0x1845,
    0x1845, 0x1845, 0x1844, 0x1844, 0x1844, 0x1844, 0x1824, 0x1824,
    0x1824, 0x1024, 0x1044, 0x1023, 0x1023, 0x1023, 0x1023, 0x1023,
    0x1023, 0x1023, 0x1023, 0x1024, 0x0822, 0x0000, 0x2046, 0x406B,
    0x1825, 0x0000, 0x0000, 0x0000, 0x0000, 0x0000, 0x0000, 0x0000,
    0x0000, 0x0000, 0x0000, 0x0000, 0x0000, 0x0000, 0x0000, 0x0000,
    0x0000, 0x0000, 0x0000, 0x0000, 0x0000, 0x0000, 0x0000, 0x0000,
    0x3088, 0x3088, 0x3088, 0x30A9, 0x38A9, 0x38AA, 0x38AA, 0x40CB,
    0x48EC, 0x50ED, 0x50EE, 0x50EE, 0x6110, 0x6131, 0x50EE, 0x38AA,
    0x40CB, 0x48CC, 0x40CC, 0x40CC, 0x40CC, 0x40CC, 0x40CC, 0x40CC,
    0x40CC, 0x40CC, 0x40CC, 0x40CB, 0x40CB, 0x40CB, 0x40CB, 0x40CB,
    0x40AB, 0x40CB, 0x40CB, 0x40CB, 0x40AB, 0x40AB, 0x40AB, 0x40AB,
    0x40AA, 0x40AA, 0x38AA, 0x38AA, 0x38AA, 0x38AA, 0x38A9, 0x38A9,
    0x30A9, 0x3089, 0x3089, 0x3088, 0x3088, 0x3088, 0x3088, 0x2888,
    0x2867, 0x2867, 0x2867, 0x2867, 0x2866, 0x2066, 0x2066, 0x2066,
    0x2066, 0x2045, 0x2045, 0x2045, 0x1845, 0x1845, 0x1845, 0x1845,
    0x1844, 0x1844, 0x1844, 0x1824, 0x1824, 0x1844, 0x1844, 0x1844,
    0x1824, 0x1024, 0x1024, 0x1024, 0x1023, 0x1023, 0x1023, 0x1824,
    0x1022, 0x0001, 0x2046, 0x406B, 0x1826, 0x0000, 0x0000, 0x0000,
    0x0000, 0x0000, 0x0000, 0x0000, 0x0000, 0x0000, 0x0000, 0x0000,
    0x0000, 0x0000, 0x0000, 0x0000, 0x0000, 0x0000, 0x0000, 0x0000,
    0x0000, 0x0000, 0x0000, 0x0000, 0x3088, 0x3088, 0x3088, 0x30A9,
    0x38A9, 0x38A9, 0x38AA, 0x40CB, 0x48EC, 0x50ED, 0x50EE, 0x590F,
    0x590F, 0x590F, 0x48CC, 0x38AA, 0x40CB, 0x48CC, 0x40CC, 0x40CC,
    0x40CC, 0x40CC, 0x40CC, 0x40CC, 0x40CC, 0x40CC, 0x40CC, 0x40CB,
    0x40CB, 0x40CB, 0x40CB, 0x40CB, 0x40CB, 0x40CB, 0x40CB, 0x40CB,
    0x40AB, 0x40AB, 0x40AB, 0x40AB, 0x40AB, 0x40AA, 0x38AA, 0x38AA,
    0x38AA, 0x38AA, 0x38AA, 0x38A9, 0x38A9, 0x3089, 0x3089, 0x3089,
    0x3088, 0x3088, 0x3088, 0x2888, 0x2888, 0x2867, 0x2867, 0x2867,
    0x2867, 0x2866, 0x2066, 0x2066, 0x2066, 0x2046, 0x2045, 0x2045,
    0x2045, 0x2045, 0x1845, 0x1845, 0x1845, 0x1844, 0x1844, 0x1844,
    0x1844, 0x1844, 0x1844, 0x1844, 0x1824, 0x1824, 0x1024, 0x1824,
    0x1024, 0x1044, 0x1024, 0x1824, 0x1023, 0x0001, 0x2046, 0x408C,
    0x1826, 0x0000, 0x0000, 0x0000, 0x0001, 0x0000, 0x0000, 0x0000,
    0x0000, 0x0000, 0x0000, 0x0000, 0x0000, 0x0000, 0x0000, 0x0000,
    0x0000, 0x0000, 0x0000, 0x0000, 0x0000, 0x0000, 0x0000, 0x0000,
    0x3088, 0x3088, 0x3088, 0x30A9, 0x38A9, 0x38A9, 0x38AA, 0x40CB,
    0x48EC, 0x50ED, 0x50EE, 0x590F, 0x5910, 0x590F, 0x48CD, 0x40AB,
    0x40CB, 0x48CC, 0x40CC, 0x40CC, 0x40CC, 0x40CC, 0x40CC, 0x40CC,
    0x40CC, 0x40CC, 0x40CC, 0x40CC, 0x40CC, 0x40CB, 0x40CB, 0x40CB,
    0x40CB, 0x40CB, 0x40CB, 0x40CB, 0x40CB, 0x40CB, 0x40AB, 0x40AB,
    0x40AB, 0x40AA, 0x38AA, 0x38AA, 0x38AA, 0x38AA, 0x38AA, 0x38A9,
    0x38A9, 0x3889, 0x3089, 0x3089, 0x3089, 0x3088, 0x3088, 0x3088,
    0x2888, 0x2888, 0x2867, 0x2867, 0x2867, 0x2867, 0x2866, 0x2066,
    0x2066, 0x2066, 0x2066, 0x2066, 0x2065, 0x2045, 0x2045, 0x1845,
    0x1845, 0x1845, 0x1845, 0x1845, 0x1845, 0x1844, 0x1844, 0x1844,
    0x1824, 0x1824, 0x1844, 0x1844, 0x1844, 0x1844, 0x1844, 0x1824,
    0x1023, 0x0801, 0x2867, 0x408C, 0x2026, 0x0000, 0x0000, 0x0000,
    0x0000, 0x0000, 0x0000, 0x0000, 0x0000, 0x0000, 0x0000, 0x0000,
    0x0000, 0x0000, 0x0000, 0x0000, 0x0000, 0x0000, 0x0000, 0x0000,
    0x0000, 0x0000, 0x0000, 0x0000, 0x3088, 0x3088, 0x3088, 0x30A9,
    0x38A9, 0x38AA, 0x38AA, 0x40CB, 0x48EC, 0x50ED, 0x50EE, 0x590F,
    0x6110, 0x6110, 0x50CD, 0x40AB, 0x40CB, 0x48CC, 0x40CC, 0x40CC,
    0x40CC, 0x40CC, 0x40CC, 0x40CC, 0x40CC, 0x40CC, 0x40CC, 0x40CC,
    0x40CC, 0x40CC, 0x40CB, 0x40CB, 0x40CB, 0x40CB, 0x40CB, 0x40CB,
    0x40CB, 0x40CB, 0x40CB, 0x40AB, 0x40AB, 0x40AB, 0x38AA, 0x38AA,
    0x38AA, 0x38AA, 0x38AA, 0x38AA, 0x38A9, 0x3889, 0x3889, 0x3089,
    0x3089, 0x3089, 0x3088, 0x3088, 0x3088, 0x2888, 0x2868, 0x2867,
    0x2867, 0x2867, 0x2867, 0x2866, 0x2066, 0x2066, 0x2066, 0x2066,
    0x2066, 0x2065, 0x2045, 0x2045, 0x2045, 0x2045, 0x1845, 0x1845,
    0x1845, 0x1845, 0x1844, 0x1844, 0x1844, 0x1844, 0x1844, 0x1844,
    0x1844, 0x1844, 0x1844, 0x1844, 0x1023, 0x0821, 0x2867, 0x408C,
    0x2025, 0x0000, 0x0000, 0x0000, 0x0000, 0x0000, 0x0000, 0x0000,
    0x0000, 0x0000, 0x0000, 0x0000, 0x0000, 0x0000, 0x0000, 0x0000,
    0x0000, 0x0000, 0x0000, 0x0000, 0x0000, 0x0000, 0x0000, 0x0000,
    0x3088, 0x3088, 0x3088, 0x30A9, 0x38A9, 0x38AA, 0x40AA, 0x40CB,
    0x48EC, 0x50ED, 0x510E, 0x590F, 0x5910, 0x6110, 0x50ED, 0x40AB,
    0x40CB, 0x48CC, 0x40CC, 0x40CC, 0x40CC, 0x40CC, 0x40CC, 0x40CC,
    0x40CC, 0x40CC, 0x40CC, 0x40CC, 0x40CC, 0x40CC, 0x40CC, 0x40CB,
    0x40CB, 0x40CB, 0x40CB, 0x40CB, 0x40CB, 0x40CB, 0x40CB, 0x40CB,
    0x40AB, 0x40AB, 0x40AB, 0x40AA, 0x38AA, 0x38AA, 0x38AA, 0x38AA,
    0x38AA, 0x38A9, 0x3889, 0x3889, 0x3089, 0x3089, 0x3089, 0x3088,
    0x3088, 0x3088, 0x2888, 0x2888, 0x2887, 0x2887, 0x2867, 0x2867,
    0x2866, 0x2866, 0x2066, 0x2066, 0x2066, 0x2066, 0x2046, 0x2066,
    0x2046, 0x2045, 0x2045, 0x2045, 0x1845, 0x1845, 0x1845, 0x1845,
    0x1845, 0x1845, 0x1844, 0x1844, 0x1844, 0x1844, 0x1844, 0x1845,
    0x1043, 0x0822, 0x2847, 0x406B, 0x1825, 0x0000, 0x0000, 0x0000,
    0x0000, 0x0000, 0x0000, 0x0000, 0x0000, 0x0000, 0x0000, 0x0000,
    0x0000, 0x0000, 0x0000, 0x0000, 0x0000, 0x0000, 0x0000, 0x0000,
    0x0000, 0x0000, 0x0000, 0x0000, 0x3088, 0x3088, 0x3088, 0x30A9,
    0x38A9, 0x38AA, 0x40AA, 0x40CB, 0x48EC, 0x50ED, 0x510E, 0x590F,
    0x6110, 0x6110, 0x50ED, 0x40CB, 0x40AB, 0x48CC, 0x40CC, 0x40CC,
    0x40CC, 0x40CC, 0x40CC, 0x40CC, 0x40CC, 0x40CC, 0x40CC, 0x40CC,
    0x40CC, 0x40CC, 0x40CC, 0x40CC, 0x40CB, 0x40CB, 0x40CB, 0x40CB,
    0x40CB, 0x40CB, 0x40CB, 0x40CB, 0x40AB, 0x40AB, 0x40AB, 0x40AA,
    0x38AA, 0x38AA, 0x38AA, 0x38AA, 0x38AA, 0x38AA, 0x38A9, 0x3889,
    0x3889, 0x3089, 0x3089, 0x3088, 0x3088, 0x3088, 0x3088, 0x2888,
    0x2887, 0x2887, 0x2887, 0x2867, 0x2867, 0x2867, 0x2867, 0x2066,
    0x2066, 0x2066, 0x2066, 0x2066, 0x2066, 0x2045, 0x2045, 0x2045,
    0x2045, 0x2045, 0x2045, 0x2045, 0x1845, 0x1845, 0x1845, 0x1845,
    0x1845, 0x1845, 0x1845, 0x1845, 0x1844, 0x0822, 0x2847, 0x406B,
    0x1825, 0x0000, 0x0000, 0x0000, 0x0000, 0x0000, 0x0000, 0x0000,
    0x0000, 0x0000, 0x0000, 0x0000, 0x0000, 0x0000, 0x0000, 0x0000,
    0x0000, 0x0000, 0x0000, 0x0000, 0x0000, 0x0000, 0x0000, 0x0000,
    0x3088, 0x3088, 0x3088, 0x30A9, 0x38A9, 0x38AA, 0x40AA, 0x40CB,
    0x48EC, 0x50ED, 0x510E, 0x590F, 0x6110, 0x6110, 0x50ED, 0x40AB,
    0x40CB, 0x48CC, 0x40CC, 0x40CC, 0x40CC, 0x40CC, 0x40CC, 0x40CC,
    0x40CC, 0x40CC, 0x40CC, 0x40CC, 0x40CC, 0x40CC, 0x40CC, 0x40CC,
    0x40CC, 0x40CB, 0x40CB, 0x40CB, 0x40CB, 0x40CB, 0x40CB, 0x40CB,
    0x40CB, 0x40CB, 0x40AB, 0x40AB, 0x40AA, 0x38AA, 0x38AA, 0x38AA,
    0x38AA, 0x38AA, 0x38A9, 0x38A9, 0x38A9, 0x30A9, 0x3089, 0x3089,
    0x3088, 0x3088, 0x3088, 0x3088, 0x3088, 0x2888, 0x2868, 0x2867,
    0x2867, 0x2867, 0x2867, 0x2867, 0x2867, 0x2866, 0x2066, 0x2066,
    0x2066, 0x2066, 0x2066, 0x2066, 0x2066, 0x2045, 0x2045, 0x2045,
    0x2045, 0x2045, 0x1845, 0x1845, 0x1845, 0x1845, 0x1845, 0x2045,
    0x1844, 0x1042, 0x2867, 0x406B, 0x1825, 0x0000, 0x0000, 0x0020,
    0x0000, 0x0000, 0x0000, 0x0000, 0x0000, 0x0000, 0x0000, 0x0000,
    0x0000, 0x0000, 0x0000, 0x0000, 0x0000, 0x0000, 0x0000, 0x0000,
    0x0000, 0x0000, 0x0000, 0x0000, 0x3088, 0x3088, 0x3088, 0x30A9,
    0x38A9, 0x38AA, 0x40AA, 0x40CB, 0x48EC, 0x50ED, 0x510E, 0x590F,
    0x6110, 0x6110, 0x50ED, 0x40AB, 0x40CB, 0x48CC, 0x40CC, 0x40CC,
    0x40CC, 0x40CC, 0x40CC, 0x40CC, 0x40CC, 0x40CC, 0x40CC, 0x40CC,
    0x40CC, 0x40CC, 0x40CC, 0x40CC, 0x40CC, 0x40CC, 0x40CB, 0x40CB,
    0x40CB, 0x40CB, 0x40CB, 0x40CB, 0x40CB, 0x40CB, 0x40AB, 0x40AB,
    0x40AB, 0x40AA, 0x38AA, 0x38AA, 0x38AA, 0x38AA, 0x38AA, 0x38AA,
    0x38A9, 0x38A9, 0x30A9, 0x3089, 0x3089, 0x3088, 0x3088, 0x3088,
    0x3088, 0x3088, 0x2888, 0x2868, 0x2887, 0x2887, 0x2867, 0x2867,
    0x2867, 0x2867, 0x2866, 0x2066, 0x2066, 0x2066, 0x2066, 0x2066,
    0x2066, 0x2066, 0x2066, 0x2046, 0x2045, 0x2065, 0x2065, 0x2045,
    0x2045, 0x2045, 0x2045, 0x2045, 0x1844, 0x1043, 0x2867, 0x408C,
    0x1825, 0x0000, 0x0000, 0x0020, 0x0000, 0x0000, 0x0000, 0x0000,
    0x0000, 0x0000, 0x0000, 0x0000, 0x0000, 0x0000, 0x0000, 0x0000,
    0x0000, 0x0000, 0x0000, 0x0000, 0x0000, 0x0000, 0x0000, 0x0000,
    0x3088, 0x3088, 0x3088, 0x30A9, 0x38A9, 0x38AA, 0x40AA, 0x40CB,
    0x48EC, 0x50ED, 0x510E, 0x590F, 0x6110, 0x6110, 0x50ED, 0x40AB,
    0x40CB, 0x48CC, 0x40CC, 0x40CC, 0x40CC, 0x40CC, 0x40CC, 0x40CC,
    0x40CC, 0x40CC, 0x40CC, 0x40CC, 0x40CC, 0x40CC, 0x40CC, 0x40CC,
    0x40CC, 0x40CC, 0x40CB, 0x40CB, 0x40CB, 0x40CB, 0x40CB, 0x40CB,
    0x40CB, 0x40CB, 0x40CB, 0x40CB, 0x40AB, 0x40AB, 0x40AA, 0x38AA,
    0x38AA, 0x38AA, 0x38AA, 0x38AA, 0x38AA, 0x38AA, 0x38A9, 0x30A9,
    0x3089, 0x3089, 0x3089, 0x3089, 0x3088, 0x3088, 0x3088, 0x3088,
    0x2888, 0x2887, 0x2867, 0x2867, 0x2867, 0x2867, 0x2867, 0x2867,
    0x2867, 0x2066, 0x2066, 0x2066, 0x2066, 0x2066, 0x2066, 0x2066,
    0x2066, 0x2066, 0x2066, 0x2065, 0x2065, 0x2065, 0x2065, 0x2046,
    0x1845, 0x1043, 0x2868, 0x408B, 0x1825, 0x0000, 0x0000, 0x0000,
    0x0000, 0x0000, 0x0000, 0x0000, 0x0000, 0x0000, 0x0000, 0x0000,
    0x0000, 0x0000, 0x0000, 0x0000, 0x0000, 0x0000, 0x0000, 0x0000,
    0x0000, 0x0000, 0x0000, 0x0000, 0x3088, 0x3088, 0x3088, 0x30A9,
    0x38A9, 0x38AA, 0x40AA, 0x40CB, 0x48EC, 0x50ED, 0x510E, 0x590F,
    0x6110, 0x6110, 0x50ED, 0x40AB, 0x40CB, 0x48CC, 0x40CC, 0x40CC,
    0x40CC, 0x40CC, 0x40CC, 0x40CC, 0x40CC, 0x40CC, 0x40CC, 0x40CC,
    0x40CC, 0x40CC, 0x40CC, 0x40CC, 0x40CC, 0x40CC, 0x40CC, 0x40CB,
    0x40CB, 0x40CB, 0x40CB, 0x40CB, 0x40CB, 0x40CB, 0x40CB, 0x40CB,
    0x40AB, 0x40AB, 0x40AB, 0x40AA, 0x38AA, 0x38AA, 0x38AA, 0x38AA,
    0x38AA, 0x38AA, 0x38A9, 0x38A9, 0x3889, 0x3089, 0x30A9, 0x30A9,
    0x3088, 0x3088, 0x3088, 0x3088, 0x3088, 0x3088, 0x2887, 0x2867,
    0x2867, 0x2867, 0x2867, 0x2867, 0x2867, 0x2867, 0x2867, 0x2066,
    0x2066, 0x2066, 0x2066, 0x2066, 0x2066, 0x2066, 0x2066, 0x2066,
    0x2066, 0x2066, 0x2066, 0x2066, 0x1845, 0x1043, 0x2868, 0x408B,
    0x1825, 0x0000, 0x0000, 0x0000, 0x0000, 0x0000, 0x0000, 0x0000,
    0x0000, 0x0000, 0x0000, 0x0000, 0x0000, 0x0000, 0x0000, 0x0000,
    0x0000, 0x0000, 0x0000, 0x0000, 0x0000, 0x0000, 0x0000, 0x0000,
    0x3088, 0x3088, 0x3088, 0x30A9, 0x38A9, 0x38AA, 0x40AA, 0x40CB,
    0x48EC, 0x50ED, 0x50EE, 0x590F, 0x6110, 0x6110, 0x50ED, 0x40CB,
    0x40AB, 0x48CC, 0x40CC, 0x40CC, 0x40CC, 0x40CC, 0x40CC, 0x40CC,
    0x40CC, 0x40CC, 0x40CC, 0x40CC, 0x40CC, 0x40CC, 0x40CC, 0x40CC,
    0x40CC, 0x40CC, 0x40CC, 0x40CC, 0x40CB, 0x40CB, 0x40CB, 0x40CB,
    0x40CB, 0x40CB, 0x40CB, 0x40CB, 0x40CB, 0x40AB, 0x40AB, 0x40AB,
    0x38AA, 0x38AA, 0x38AA, 0x38AA, 0x38AA, 0x38AA, 0x38AA, 0x38A9,
    0x38A9, 0x38A9, 0x30A9, 0x30A9, 0x3089, 0x3089, 0x3089, 0x3088,
    0x3088, 0x3088, 0x3088, 0x2888, 0x2888, 0x2888, 0x2887, 0x2887,
    0x2887, 0x2867, 0x2867, 0x2867, 0x2867, 0x2867, 0x2066, 0x2066,
    0x2066, 0x2066, 0x2066, 0x2066, 0x2066, 0x2066, 0x2066, 0x2066,
    0x2065, 0x1844, 0x3068, 0x408B, 0x1825, 0x0000, 0x0000, 0x0000,
    0x0000, 0x0000, 0x0000, 0x0000, 0x0000, 0x0000, 0x0000, 0x0000,
    0x0000, 0x0000, 0x0000, 0x0000, 0x0000, 0x0000, 0x0000, 0x0000,
    0x0000, 0x0000, 0x0000, 0x0000, 0x3088, 0x3088, 0x3088, 0x30A9,
    0x38A9, 0x38AA, 0x40AA, 0x40CB, 0x48EC, 0x50ED, 0x510E, 0x590F,
    0x6110, 0x5910, 0x48ED, 0x40AB, 0x40CB, 0x48CC, 0x40CC, 0x40CC,
    0x40CC, 0x40CC, 0x40CC, 0x40CC, 0x40CC, 0x40CC, 0x40CC, 0x40CC,
    0x40CC, 0x40CC, 0x40CC, 0x40CC, 0x40CC, 0x40CC, 0x40CC, 0x40CC,
    0x40CC, 0x40CB, 0x40CB, 0x40CB, 0x40CB, 0x40CB, 0x40CB, 0x40CB,
    0x40CB, 0x40AB, 0x40AB, 0x40AB, 0x40AB, 0x40AA, 0x38AA, 0x38AA,
    0x38AA, 0x38AA, 0x38AA, 0x38AA, 0x38A9, 0x38A9, 0x38A9, 0x30A9,
    0x30A9, 0x3089, 0x3089, 0x3088, 0x3088, 0x3088, 0x3088, 0x3088,
    0x3088, 0x2888, 0x2888, 0x2887, 0x2867, 0x2867, 0x2867, 0x2867,
    0x2867, 0x2867, 0x2867, 0x2867, 0x2867, 0x2866, 0x2866, 0x2066,
    0x2066, 0x2066, 0x2066, 0x2867, 0x2066, 0x1844, 0x3068, 0x408B,
    0x1825, 0x0000, 0x0000, 0x0000, 0x0000, 0x0000, 0x0000, 0x0000,
    0x0000, 0x0000, 0x0000, 0x0000, 0x0000, 0x0000, 0x0000, 0x0000,
    0x0000, 0x0000, 0x0000, 0x0000, 0x0000, 0x0000, 0x0000, 0x0000,
    0x3088, 0x3088, 0x3088, 0x30A9, 0x38A9, 0x38AA, 0x40AA, 0x40CB,
    0x48EC, 0x50ED, 0x510E, 0x590F, 0x6110, 0x5910, 0x48CD, 0x40AB,
    0x40CB, 0x48CC, 0x40CC, 0x40CC, 0x40CC, 0x40CC, 0x40CC, 0x40CC,
    0x40CC, 0x40CC, 0x40CC, 0x40CC, 0x40CC, 0x40CC, 0x40CC, 0x40CC,
    0x40CC, 0x40CC, 0x40CC, 0x40CC, 0x40CC, 0x40CC, 0x40CB, 0x40CB,
    0x40CB, 0x40CB, 0x40CB, 0x40CB, 0x40CB, 0x40CB, 0x40CB, 0x40AB,
    0x40AB, 0x40AB, 0x40AA, 0x38AA, 0x38AA, 0x38AA, 0x38AA, 0x38AA,
    0x38AA, 0x38AA, 0x38A9, 0x38A9, 0x38A9, 0x30A9, 0x3089, 0x3089,
    0x3089, 0x3088, 0x3088, 0x3088, 0x3088, 0x3088, 0x3088, 0x2888,
    0x2887, 0x2867, 0x2887, 0x2887, 0x2887, 0x2867, 0x2867, 0x2867,
    0x2867, 0x2867, 0x2867, 0x2867, 0x2867, 0x2067, 0x2066, 0x2867,
    0x2066, 0x1865, 0x3068, 0x386B, 0x1825, 0x0000, 0x0000, 0x0000,
    0x0000, 0x0000, 0x0000, 0x0000, 0x0000, 0x0000, 0x0000, 0x0000,
    0x0000, 0x0000, 0x0000, 0x0000, 0x0000, 0x0000, 0x0000, 0x0000,
    0x0000, 0x0000, 0x0000, 0x0000, 0x3088, 0x3088, 0x3088, 0x3089,
    0x38A9, 0x38AA, 0x40AA, 0x40CB, 0x48EC, 0x50ED, 0x510E, 0x590F,
    0x6110, 0x5910, 0x48CD, 0x40AB, 0x40CB, 0x48CC, 0x40CC, 0x40CC,
    0x40CC, 0x40CC, 0x40CC, 0x40CC, 0x40CC, 0x40CC, 0x40CC, 0x40CC,
    0x40CC, 0x40CC, 0x40CC, 0x40CC, 0x40CC, 0x40CC, 0x40CC, 0x40CC,
    0x40CC, 0x40CC, 0x40CC, 0x40CB, 0x40CB, 0x40CB, 0x40CB, 0x40CB,
    0x40CB, 0x40CB, 0x40CB, 0x40AB, 0x40AB, 0x40AB, 0x40AB, 0x40AB,
    0x38AA, 0x38AA, 0x38AA, 0x38AA, 0x38AA, 0x38AA, 0x38AA, 0x38A9,
    0x38A9, 0x38A9, 0x3889, 0x3089, 0x3089, 0x3089, 0x3088, 0x3088,
    0x3088, 0x3088, 0x3088, 0x3088, 0x3088, 0x2888, 0x2888, 0x2887,
    0x2887, 0x2887, 0x2867, 0x2867, 0x2867, 0x2887, 0x2887, 0x2867,
    0x2867, 0x2867, 0x2867, 0x2867, 0x2066, 0x1865, 0x3068, 0x406B,
    0x1824, 0x0000, 0x0000, 0x0000, 0x0000, 0x0000, 0x0000, 0x0000,
    0x0000, 0x0000, 0x0000, 0x0000, 0x0000, 0x0000, 0x0000, 0x0000,
    0x0000, 0x0000, 0x0000, 0x0000, 0x0000, 0x0000, 0x0000, 0x0000,
    0x2888, 0x2888, 0x3088, 0x3089, 0x38A9, 0x38AA, 0x40AA, 0x40CB,
    0x48EC, 0x50ED, 0x510E, 0x590F, 0x6110, 0x6110, 0x50CD, 0x40CB,
    0x40CB, 0x48CC, 0x40CC, 0x40CC, 0x40CC, 0x40CC, 0x40CC, 0x40CC,
    0x40CC, 0x40CC, 0x40CC, 0x40CC, 0x40CC, 0x40CC, 0x40CC, 0x40CC,
    0x40CC, 0x40CC, 0x40CC, 0x40CC, 0x40CC, 0x40CC, 0x40CC, 0x40CC,
    0x40CB, 0x40CB, 0x40CB, 0x40CB, 0x40CB, 0x40CB, 0x40CB, 0x40CB,
    0x40CB, 0x40CB, 0x40CB, 0x40AB, 0x40AB, 0x40AA, 0x38AA, 0x38AA,
    0x38AA, 0x38AA, 0x38AA, 0x38AA, 0x38AA, 0x38A9, 0x38A9, 0x38A9,
    0x30A9, 0x3089, 0x3089, 0x3089, 0x3089, 0x3088, 0x3088, 0x3088,
    0x3088, 0x3088, 0x2888, 0x2888, 0x2888, 0x2888, 0x2888, 0x2867,
    0x2887, 0x2887, 0x2887, 0x2867, 0x2867, 0x2867, 0x2867, 0x2867,
    0x2066, 0x2065, 0x3089, 0x408B, 0x1825, 0x0000, 0x0000, 0x0000,
    0x0000, 0x0000, 0x0000, 0x0000, 0x0000, 0x0000, 0x0000, 0x0000,
    0x0000, 0x0000, 0x0000, 0x0000, 0x0000, 0x0000, 0x0000, 0x0000,
    0x0000, 0x0000, 0x0000, 0x0000, 0x3088, 0x3088, 0x3088, 0x3089,
    0x38A9, 0x38AA, 0x40AA, 0x40CB, 0x48EC, 0x50ED, 0x510E, 0x590F,
    0x5910, 0x590F, 0x48CD, 0x40CB, 0x40CB, 0x48CC, 0x40CC, 0x40CC,
    0x40CC, 0x40CC, 0x40CC, 0x40CC, 0x40CC, 0x40CC, 0x40CC, 0x40CC,
    0x40CC, 0x40CC, 0x40CC, 0x40CC, 0x40CC, 0x40CC, 0x40CC, 0x40CC,
    0x40CC, 0x40CC, 0x40CC, 0x40CC, 0x40CB, 0x40CB, 0x40CB, 0x40CB,
    0x40CB, 0x40CB, 0x40CB, 0x40CB, 0x40CB, 0x40CB, 0x40CB, 0x40AB,
    0x40AB, 0x40AB, 0x38AA, 0x38AA, 0x38AA, 0x38AA, 0x38AA, 0x38AA,
    0x38AA, 0x38AA, 0x38A9, 0x38A9, 0x38A9, 0x3089, 0x3089, 0x30A9,
    0x3089, 0x3089, 0x3088, 0x3088, 0x3088, 0x3088, 0x3088, 0x3088,
    0x2888, 0x2888, 0x2888, 0x2888, 0x2888, 0x2887, 0x2887, 0x2867,
    0x2867, 0x2867, 0x2867, 0x2867, 0x2867, 0x2065, 0x3089, 0x408B,
    0x1825, 0x0000, 0x0000, 0x0000, 0x0000, 0x0000, 0x0000, 0x0000,
    0x0000, 0x0000, 0x0000, 0x0000, 0x0000, 0x0000, 0x0000, 0x0000,
    0x0000, 0x0000, 0x0000, 0x0000, 0x0000, 0x0000, 0x0000, 0x0000,
    0x3088, 0x3088, 0x3088, 0x3889, 0x38A9, 0x38AA, 0x40AA, 0x40AB,
    0x48CC, 0x48ED, 0x50EE, 0x58EF, 0x58EF, 0x590F, 0x48EC, 0x38AA,
    0x40CB, 0x48CC, 0x40CC, 0x40CC, 0x40CC, 0x40CC, 0x40CC, 0x40CC,
    0x40CC, 0x40CC, 0x40CC, 0x40CC, 0x40CC, 0x40CC, 0x40CC, 0x40CC,
    0x40CC, 0x40CC, 0x40CC, 0x40CC, 0x40CC, 0x40CC, 0x40CC, 0x40CC,
    0x40CB, 0x40CB, 0x40CB, 0x40CB, 0x40CB, 0x40CB, 0x40CB, 0x40CB,
    0x40CB, 0x40CB, 0x40CB, 0x40CB, 0x40CB, 0x40AB, 0x40AA, 0x38AA,
    0x38AA, 0x38AA, 0x38AA, 0x38AA, 0x38AA, 0x38AA, 0x38AA, 0x38A9,
    0x38A9, 0x38A9, 0x30A9, 0x30A9, 0x30A9, 0x3089, 0x3089, 0x3089,
    0x3089, 0x3088, 0x3088, 0x3088, 0x3088, 0x3088, 0x3088, 0x3088,
    0x2888, 0x2888, 0x2888, 0x2888, 0x2888, 0x2888, 0x2888, 0x3088,
    0x2887, 0x2065, 0x2888, 0x388B, 0x2025, 0x0000, 0x0000, 0x0000,
    0x0000, 0x0000, 0x0000, 0x0000, 0x0000, 0x0000, 0x0000, 0x0000,
    0x0000, 0x0000, 0x0000, 0x0000, 0x0000, 0x0000, 0x0000, 0x0000,
    0x0000, 0x0000, 0x0000, 0x0000, 0x3088, 0x3088, 0x3088, 0x3089,
    0x38A9, 0x38AA, 0x38AA, 0x40AB, 0x48CC, 0x48EE, 0x50EE, 0x50EF,
    0x5910, 0x6110, 0x48CD, 0x38A9, 0x40AB, 0x48CC, 0x48CC, 0x40CC,
    0x40CB, 0x40CC, 0x40CC, 0x40CC, 0x40CC, 0x40CC, 0x40CC, 0x40CC,
    0x40CC, 0x40CC, 0x40CC, 0x40CC, 0x40CC, 0x40CC, 0x40CC, 0x40CC,
    0x40CC, 0x40CC, 0x40CC, 0x40CC, 0x40CB, 0x40CB, 0x40CB, 0x40CB,
    0x40CB, 0x40CB, 0x40CB, 0x40CB, 0x40CB, 0x40CB, 0x40CB, 0x40CB,
    0x40CB, 0x40AB, 0x40AB, 0x40AA, 0x38AA, 0x38AA, 0x38AA, 0x38AA,
    0x38AA, 0x38AA, 0x38AA, 0x38AA, 0x38A9, 0x38A9, 0x38A9, 0x38A9,
    0x30A9, 0x3089, 0x3089, 0x30A9, 0x3089, 0x3089, 0x3088, 0x3088,
    0x3088, 0x3088, 0x3088, 0x3088, 0x3088, 0x3088, 0x2888, 0x2888,
    0x2888, 0x3088, 0x2888, 0x2888, 0x2866, 0x2065, 0x38AA, 0x48AE,
    0x2027, 0x0000, 0x0000, 0x0000, 0x0000, 0x0000, 0x0000, 0x0000,
    0x0000, 0x0000, 0x0000, 0x0000, 0x0000, 0x0000, 0x0000, 0x0000,
    0x0000, 0x0000, 0x0000, 0x0000, 0x0000, 0x0000, 0x0000, 0x0000,
    0x3088, 0x3068, 0x3068, 0x3089, 0x30A9, 0x38A9, 0x38CA, 0x40CB,
    0x40CC, 0x48ED, 0x50EE, 0x50EF, 0x6112, 0x6933, 0x50EE, 0x38A9,
    0x38AA, 0x40CC, 0x48CC, 0x40CC, 0x40CB, 0x40CB, 0x40CB, 0x40CB,
    0x40CB, 0x40CC, 0x40CC, 0x40CC, 0x40CC, 0x40CC, 0x40CC, 0x40CC,
    0x40CC, 0x40CC, 0x40CC, 0x40CC, 0x40CC, 0x40CC, 0x40CC, 0x40CC,
    0x40CB, 0x40CB, 0x40CB, 0x40CB, 0x40CB, 0x40CB, 0x40CB, 0x40CB,
    0x40CB, 0x40CB, 0x40CB, 0x40CB, 0x40CB, 0x40AB, 0x40AB, 0x40AA,
    0x38AA, 0x38AA, 0x38AA, 0x38AA, 0x38AA, 0x38AA, 0x38AA, 0x38AA,
    0x38AA, 0x38AA, 0x38A9, 0x38A9, 0x38A9, 0x38A9, 0x30A9, 0x30A9,
    0x30A9, 0x3089, 0x3089, 0x3088, 0x3088, 0x3088, 0x3088, 0x3088,
    0x3088, 0x3088, 0x3088, 0x3088, 0x3088, 0x3088, 0x2888, 0x3089,
    0x2887, 0x2065, 0x48ED, 0x6133, 0x3069, 0x0000, 0x0000, 0x0000,
    0x0000, 0x0000, 0x0000, 0x0000, 0x0000, 0x0000, 0x0000, 0x0000,
    0x0000, 0x0000, 0x0000, 0x0000, 0x0000, 0x0000, 0x0000, 0x0000,
    0x0000, 0x0000, 0x0000, 0x0000, 0x2888, 0x2888, 0x3088, 0x3089,
    0x30A9, 0x38A9, 0x38AA, 0x40CB, 0x40CC, 0x48ED, 0x50ED, 0x50EE,
    0x6111, 0x6953, 0x6111, 0x48CD, 0x40AB, 0x40AB, 0x40CC, 0x40CC,
    0x40CB, 0x40CB, 0x40CB, 0x40CB, 0x40CB, 0x40CC, 0x40CC, 0x40CC,
    0x40CC, 0x40CC, 0x40CC, 0x40CC, 0x40CC, 0x40CC, 0x40CC, 0x40CC,
    0x40CC, 0x40CC, 0x40CC, 0x40CC, 0x40CB, 0x40CB, 0x40CB, 0x40CB,
    0x40CB, 0x40CB, 0x40CB, 0x40CB, 0x40CB, 0x40CB, 0x40CB, 0x40CB,
    0x40CB, 0x40AB, 0x40AB, 0x40AB, 0x38AA, 0x38AA, 0x38AA, 0x38AA,
    0x38AA, 0x38AA, 0x38AA, 0x38AA, 0x38AA, 0x38AA, 0x38AA, 0x38A9,
    0x38A9, 0x38A9, 0x38A9, 0x38A9, 0x30A9, 0x3089, 0x3089, 0x3089,
    0x3089, 0x3089, 0x3089, 0x3088, 0x3088, 0x3088, 0x3088, 0x3089,
    0x3088, 0x2866, 0x2867, 0x38AA, 0x3088, 0x1844, 0x48CC, 0x7175,
    0x388A, 0x0000, 0x0000, 0x0000, 0x0000, 0x0000, 0x0000, 0x0000,
    0x0000, 0x0000, 0x0000, 0x0000, 0x0000, 0x0000, 0x0000, 0x0000,
    0x0000, 0x0000, 0x0000, 0x0000, 0x0000, 0x0000, 0x0000, 0x0000,
    0x2887, 0x2888, 0x3088, 0x30A8, 0x30A9, 0x38A9, 0x38AA, 0x40AB,
    0x40CC, 0x48EC, 0x48ED, 0x50EE, 0x590F, 0x6131, 0x7153, 0x6952,
    0x48ED, 0x38A9, 0x40CB, 0x48CC, 0x40CB, 0x40CB, 0x40CB, 0x40CB,
    0x40CB, 0x40CB, 0x40CB, 0x40CB, 0x40CB, 0x40CB, 0x40CB, 0x40CB,
    0x40CB, 0x40CB, 0x40CB, 0x40CB, 0x40CB, 0x40CB, 0x40CB, 0x40CB,
    0x40CB, 0x40CB, 0x40CB, 0x40CB, 0x40CB, 0x40CB, 0x40CB, 0x40CB,
    0x40CB, 0x40CB, 0x40CB, 0x40CB, 0x40CB, 0x40CB, 0x40AB, 0x40AB,
    0x40AB, 0x40AB, 0x38AB, 0x38AA, 0x38AA, 0x38AA, 0x38AA, 0x38AA,
    0x38AA, 0x38AA, 0x38AA, 0x38AA, 0x38A9, 0x38A9, 0x38A9, 0x38A9,
    0x30A9, 0x30A9, 0x30A9, 0x3089, 0x38A9, 0x38A9, 0x38A9, 0x38A9,
    0x30A9, 0x3089, 0x38AA, 0x38AA, 0x3088, 0x2066, 0x2888, 0x48EC,
    0x38A9, 0x1023, 0x38AA, 0x6953, 0x3089, 0x0000, 0x0000, 0x0021,
    0x0000, 0x0000, 0x0000, 0x0000, 0x0000, 0x0000, 0x0000, 0x0000,
    0x0000, 0x0000, 0x0000, 0x0000, 0x0000, 0x0000, 0x0000, 0x0000,
    0x0000, 0x0000, 0x0000, 0x0000, 0x2868, 0x2888, 0x3088, 0x30A8,
    0x3089, 0x3889, 0x38AA, 0x40AB, 0x40CC, 0x48EC, 0x48ED, 0x50EE,
    0x50EE, 0x590F, 0x7954, 0x7975, 0x50ED, 0x2888, 0x38AA, 0x48ED,
    0x40CC, 0x40CB, 0x40CB, 0x40CB, 0x40CB, 0x40CB, 0x40CB, 0x40CB,
    0x40CB, 0x40CB, 0x40CB, 0x40CB, 0x40CB, 0x40CB, 0x40CB, 0x40CB,
    0x40CB, 0x40CB, 0x40CB, 0x40CB, 0x40CB, 0x40CB, 0x40CB, 0x40CB,
    0x40CB, 0x40CB, 0x40CB, 0x40CB, 0x40CB, 0x40CB, 0x40CB, 0x40CB,
    0x40CB, 0x40CB, 0x40AB, 0x40AB, 0x40AB, 0x40AB, 0x38AB, 0x38AA,
    0x38AA, 0x38AA, 0x38AA, 0x38AA, 0x38AA, 0x38AA, 0x38AA, 0x38AA,
    0x38AA, 0x38A9, 0x38A9, 0x38A9, 0x38A9, 0x38A9, 0x38A9, 0x38A9,
    0x3089, 0x3088, 0x3088, 0x2888, 0x2888, 0x30A9, 0x38A9, 0x2888,
    0x2066, 0x3088, 0x48CC, 0x6130, 0x50ED, 0x2887, 0x40CB, 0x5931,
    0x2867, 0x0000, 0x0000, 0x0021, 0x0000, 0x0000, 0x0000, 0x0000,
    0x0000, 0x0000, 0x0000, 0x0000, 0x0000, 0x0000, 0x0000, 0x0000,
    0x0000, 0x0000, 0x0000, 0x0000, 0x0000, 0x0000, 0x0000, 0x0000,
    0x2868, 0x2868, 0x3088, 0x3088, 0x3089, 0x3089, 0x38AA, 0x40CB,
    0x40CB, 0x48CC, 0x48ED, 0x50EE, 0x50EE, 0x58EF, 0x7153, 0x7154,
    0x48CC, 0x2867, 0x38AA, 0x48CC, 0x48CC, 0x40CB, 0x40CB, 0x40CB,
    0x40CB, 0x40CB, 0x40CB, 0x40CB, 0x40CB, 0x40CB, 0x40CB, 0x40CB,
    0x40CB, 0x40CB, 0x40CB, 0x40CB, 0x40CB, 0x40CB, 0x40CB, 0x40CB,
    0x40CB, 0x40CB, 0x40CB, 0x40CB, 0x40CB, 0x40CB, 0x40CB, 0x40CB,
    0x40CB, 0x40CB, 0x40CB, 0x40CB, 0x40CB, 0x40CB, 0x40AB, 0x40AB,
    0x40AB, 0x40AB, 0x38AA, 0x38AA, 0x38AA, 0x38AA, 0x38AA, 0x38AA,
    0x38AA, 0x38AA, 0x38AA, 0x38AA, 0x38AA, 0x38AA, 0x38AA, 0x38AA,
    0x38AA, 0x38AA, 0x38AA, 0x38A9, 0x3088, 0x2867, 0x2066, 0x2045,
    0x2067, 0x2888, 0x2867, 0x1845, 0x2066, 0x48EC, 0x7152, 0x7974,
    0x6952, 0x592F, 0x5931, 0x5931, 0x2046, 0x0000, 0x0000, 0x0020,
    0x0000, 0x0000, 0x0000, 0x0000, 0x0000, 0x0000, 0x0000, 0x0000,
    0x0000, 0x0000, 0x0000, 0x0000, 0x0000, 0x0000, 0x0000, 0x0000,
    0x0000, 0x0000, 0x0000, 0x0000, 0x2867, 0x2867, 0x3088, 0x3088,
    0x3088, 0x3089, 0x38A9, 0x38CA, 0x40CB, 0x48CC, 0x48CD, 0x50CE,
    0x50EE, 0x58EF, 0x6932, 0x6932, 0x48CD, 0x3088, 0x38A9, 0x40AB,
    0x40CB, 0x40CC, 0x40CB, 0x40CB, 0x40CB, 0x40AB, 0x40CB, 0x40CB,
    0x40CB, 0x40CB, 0x40CB, 0x40CB, 0x40CB, 0x40CB, 0x40CB, 0x40CB,
    0x40CB, 0x40CB, 0x40CB, 0x40CB, 0x40CB, 0x40CB, 0x40CB, 0x40CB,
    0x40CB, 0x40CB, 0x40CB, 0x40CB, 0x40CB, 0x40CB, 0x40CB, 0x40CB,
    0x40CB, 0x40CB, 0x40AB, 0x40AB, 0x40AB, 0x40AB, 0x38AB, 0x40AB,
    0x40AA, 0x40AA, 0x38AA, 0x38AA, 0x38AA, 0x38AA, 0x38AA, 0x38AA,
    0x38AA, 0x38A9, 0x30A9, 0x3089, 0x3889, 0x3089, 0x3088, 0x3088,
    0x30A9, 0x38AA, 0x3889, 0x38AA, 0x40CC, 0x3089, 0x1845, 0x2066,
    0x40AB, 0x6931, 0x8174, 0x7974, 0x7173, 0x7173, 0x6973, 0x510F,
    0x1845, 0x0000, 0x0000, 0x0000, 0x0000, 0x0000, 0x0000, 0x0000,
    0x0000, 0x0000, 0x0000, 0x0000, 0x0000, 0x0000, 0x0000, 0x0000,
    0x0000, 0x0000, 0x0000, 0x0000, 0x0000, 0x0000, 0x0000, 0x0000,
    0x2867, 0x2867, 0x2887, 0x2888, 0x3088, 0x3088, 0x3889, 0x38AA,
    0x40CB, 0x40CC, 0x48CC, 0x48CD, 0x50EE, 0x510F, 0x6131, 0x6932,
    0x590F, 0x40CB, 0x38AA, 0x38AA, 0x38AA, 0x40CB, 0x48CC, 0x40CB,
    0x40CB, 0x40CB, 0x40CB, 0x40CB, 0x40CB, 0x40CB, 0x40CB, 0x40CB,
    0x40CB, 0x40CB, 0x40CB, 0x40CB, 0x40CB, 0x40CB, 0x40CB, 0x40CB,
    0x40CB, 0x40CB, 0x40CB, 0x40CB, 0x40CB, 0x40CB, 0x40CB, 0x40CB,
    0x40CB, 0x40CB, 0x40CB, 0x40CB, 0x40CB, 0x40CB, 0x40AB, 0x40AB,
    0x40CB, 0x40CB, 0x40CB, 0x40CB, 0x40CB, 0x40CB, 0x40CB, 0x40CB,
    0x40CB, 0x40CB, 0x40CB, 0x38AA, 0x38AA, 0x3089, 0x2887, 0x2867,
    0x2867, 0x2066, 0x2065, 0x2087, 0x40CB, 0x590F, 0x6130, 0x7973,
    0x7975, 0x48CC, 0x2066, 0x40CB, 0x6953, 0x7974, 0x7153, 0x6131,
    0x6131, 0x6972, 0x6151, 0x490C, 0x1844, 0x0000, 0x0000, 0x0000,
    0x0000, 0x0000, 0x0000, 0x0000, 0x0000, 0x0000, 0x0000, 0x0000,
    0x0000, 0x0000, 0x0000, 0x0000, 0x0000, 0x0000, 0x0000, 0x0000,
    0x0000, 0x0000, 0x0000, 0x0000, 0x2866, 0x2866, 0x2887, 0x2887,
    0x3088, 0x3088, 0x3089, 0x38A9, 0x40CA, 0x40CB, 0x48CC, 0x48CD,
    0x50EE, 0x50EE, 0x5910, 0x6111, 0x6110, 0x58EF, 0x50EE, 0x40CB,
    0x30A9, 0x38A9, 0x40CB, 0x40CC, 0x40CB, 0x40CB, 0x40CB, 0x40CB,
    0x40CB, 0x40CB, 0x40CB, 0x40CB, 0x40CB, 0x40CB, 0x40CB, 0x40CB,
    0x40CB, 0x40CB, 0x40CB, 0x40CB, 0x40CB, 0x40CB, 0x40CB, 0x40CB,
    0x40CB, 0x40CB, 0x40CB, 0x40CB, 0x40CB, 0x40CB, 0x40CB, 0x40CB,
    0x40CB, 0x40CB, 0x40AB, 0x40CB, 0x40AB, 0x40AB, 0x38AA, 0x38AA,
    0x38AA, 0x38AA, 0x38AA, 0x38AA, 0x38AA, 0x38AA, 0x38A9, 0x3088,
    0x3089, 0x38AA, 0x38AB, 0x38AA, 0x38AA, 0x38A9, 0x3088, 0x38AA,
    0x50EF, 0x6952, 0x7973, 0x8996, 0x8998, 0x58EF, 0x3089, 0x5910,
    0x8176, 0x7154, 0x6110, 0x58EF, 0x5930, 0x5930, 0x592F, 0x48EB,
    0x2044, 0x0000, 0x0000, 0x0020, 0x0000, 0x0000, 0x0000, 0x0000,
    0x0000, 0x0000, 0x0000, 0x0000, 0x0000, 0x0000, 0x0000, 0x0000,
    0x0000, 0x0000, 0x0000, 0x0000, 0x0000, 0x0000, 0x0000, 0x0000,
    0x2866, 0x2866, 0x2867, 0x2887, 0x2888, 0x3088, 0x3088, 0x3889,
    0x38AA, 0x40CB, 0x40CC, 0x48CD, 0x48CD, 0x50EE, 0x58EF, 0x58F0,
    0x6110, 0x6932, 0x7153, 0x590F, 0x30A9, 0x2867, 0x38AA, 0x48CC,
    0x48CC, 0x40CC, 0x40CB, 0x40CB, 0x40CB, 0x40CB, 0x40CB, 0x40CB,
    0x40CB, 0x40CB, 0x40CB, 0x40CB, 0x40CB, 0x40CB, 0x40CB, 0x40CB,
    0x40CB, 0x40CB, 0x40CB, 0x40CB, 0x40CB, 0x40CC, 0x40CC, 0x48CC,
    0x48CC, 0x48CC, 0x40CC, 0x40CC, 0x40CC, 0x40CC, 0x40CB, 0x40CB,
    0x40AB, 0x38A9, 0x3089, 0x3088, 0x2887, 0x2867, 0x2888, 0x2887,
    0x2887, 0x2888, 0x2867, 0x2066, 0x3088, 0x50EE, 0x6131, 0x6932,
    0x6952, 0x6932, 0x6131, 0x6111, 0x6932, 0x6932, 0x6930, 0x7152,
    0x7954, 0x6111, 0x50CE, 0x6111, 0x7154, 0x6130, 0x590F, 0x5910,
    0x6131, 0x5930, 0x592F, 0x48EC, 0x1825, 0x0000, 0x0000, 0x0020,
    0x0000, 0x0000, 0x0000, 0x0000, 0x0000, 0x0000, 0x0000, 0x0000,
    0x0000, 0x0000, 0x0000, 0x0000, 0x0000, 0x0000, 0x0000, 0x0000,
    0x0000, 0x0000, 0x0000, 0x0000, 0x2866, 0x2866, 0x2867, 0x2867,
    0x2887, 0x2888, 0x3088, 0x3089, 0x38AA, 0x40AB, 0x40CC, 0x40CC,
    0x48CD, 0x50EE, 0x50EE, 0x58EF, 0x590F, 0x6932, 0x7975, 0x7153,
    0x48ED, 0x38A9, 0x38A9, 0x38AA, 0x38AA, 0x38AA, 0x38AA, 0x40CB,
    0x40CB, 0x40CB, 0x40CB, 0x40CB, 0x40CB, 0x40CB, 0x40CB, 0x40CB,
    0x40CB, 0x40CB, 0x40CB, 0x40CB, 0x40CB, 0x40CB, 0x40CB, 0x40CB,
    0x40CB, 0x40AB, 0x38AA, 0x38AA, 0x40CB, 0x40AB, 0x40AB, 0x38CA,
    0x40AA, 0x38AA, 0x40AA, 0x38AA, 0x38A9, 0x38AA, 0x40CC, 0x40CC,
    0x38AA, 0x38AA, 0x38AA, 0x38AA, 0x38AA, 0x40AA, 0x38AA, 0x38A9,
    0x40CB, 0x6130, 0x7154, 0x7975, 0x7975, 0x7975, 0x7954, 0x7153,
    0x7133, 0x6931, 0x590F, 0x590E, 0x6131, 0x6112, 0x6111, 0x6111,
    0x6110, 0x590E, 0x590E, 0x5910, 0x5930, 0x5930, 0x592F, 0x48EC,
    0x1825, 0x0000, 0x0000, 0x0020, 0x0020, 0x0000, 0x0000, 0x0000,
    0x0000, 0x0000, 0x0000, 0x0000, 0x0000, 0x0000, 0x0000, 0x0000,
    0x0000, 0x0000, 0x0000, 0x0000, 0x0000, 0x0000, 0x0000, 0x0000,
    0x2066, 0x2066, 0x2866, 0x2867, 0x2887, 0x2887, 0x30A8, 0x30A8,
    0x38A9, 0x38AA, 0x40AB, 0x40CC, 0x48CC, 0x48ED, 0x50EE, 0x590F,
    0x590F, 0x6110, 0x6932, 0x7153, 0x7152, 0x590E, 0x38AA, 0x3088,
    0x3088, 0x3088, 0x3889, 0x38AA, 0x40CB, 0x48CC, 0x40CC, 0x40CC,
    0x40CC, 0x40CC, 0x40CC, 0x40CC, 0x40CC, 0x40CC, 0x40CB, 0x40CC,
    0x40CC, 0x40CB, 0x40CC, 0x40CB, 0x38CA, 0x38A9, 0x3089, 0x3088,
    0x3088, 0x3088, 0x3088, 0x3088, 0x3088, 0x3088, 0x3089, 0x3088,
    0x3088, 0x40CC, 0x6131, 0x7153, 0x6952, 0x6131, 0x6932, 0x6952,
    0x6952, 0x6952, 0x6131, 0x6130, 0x6130, 0x6931, 0x6952, 0x6932,
    0x6131, 0x6131, 0x6131, 0x6131, 0x6131, 0x6130, 0x590F, 0x590E,
    0x5910, 0x6131, 0x6132, 0x5931, 0x590F, 0x590E, 0x590F, 0x590F,
    0x5930, 0x592F, 0x512E, 0x490B, 0x1844, 0x0000, 0x0000, 0x0000,
    0x0020, 0x0020, 0x0000, 0x0000, 0x0000, 0x0000, 0x0000, 0x0000,
    0x0000, 0x0000, 0x0000, 0x0000, 0x0000, 0x0000, 0x0000, 0x0000,
    0x0000, 0x0000, 0x0000, 0x0000, 0x2066, 0x2066, 0x2866, 0x2866,
    0x2867, 0x2887, 0x3088, 0x30A8, 0x38A9, 0x38AA, 0x38AA, 0x40CB,
    0x40CC, 0x48ED, 0x50EE, 0x50EE, 0x590F, 0x510E, 0x590F, 0x6932,
    0x7975, 0x6952, 0x48ED, 0x38AA, 0x40AB, 0x48CC, 0x48CC, 0x38AA,
    0x3089, 0x38AA, 0x40AB, 0x38AA, 0x38AA, 0x38AA, 0x38AA, 0x40AA,
    0x40AA, 0x38CA, 0x38AA, 0x38AA, 0x38CB, 0x40CB, 0x40CB, 0x38A9,
    0x30A9, 0x40CB, 0x48CD, 0x40AB, 0x38AA, 0x40CB, 0x40CB, 0x40CB,
    0x40AB, 0x40AB, 0x40CB, 0x40CB, 0x40CB, 0x50EE, 0x7154, 0x8196,
    0x7974, 0x7174, 0x7174, 0x7174, 0x7174, 0x7154, 0x7154, 0x7153,
    0x6952, 0x6131, 0x5930, 0x5910, 0x590F, 0x590F, 0x590F, 0x590F,
    0x5910, 0x590F, 0x590F, 0x590F, 0x5910, 0x5910, 0x5110, 0x5110,
    0x590F, 0x590E, 0x590E, 0x590F, 0x590F, 0x510F, 0x512E, 0x490B,
    0x1844, 0x0000, 0x0000, 0x0000, 0x0020, 0x0000, 0x0000, 0x0000,
    0x0000, 0x0000, 0x0000, 0x0000, 0x0000, 0x0000, 0x0000, 0x0000,
    0x0000, 0x0000, 0x0000, 0x0000, 0x0000, 0x0000, 0x0000, 0x0000,
    0x2046, 0x2046, 0x2046, 0x2046, 0x2867, 0x2867, 0x2888, 0x3088,
    0x3088, 0x38A9, 0x38AA, 0x38AB, 0x40CB, 0x48CC, 0x48CD, 0x50CE,
    0x50EF, 0x50EF, 0x50EE, 0x5910, 0x6953, 0x6953, 0x6131, 0x5910,
    0x6932, 0x7174, 0x6952, 0x38AB, 0x2066, 0x2887, 0x30A8, 0x3088,
    0x3088, 0x3088, 0x3088, 0x3088, 0x3088, 0x3088, 0x3088, 0x3088,
    0x30A9, 0x38A9, 0x30A9, 0x2887, 0x3088, 0x590F, 0x7954, 0x7153,
    0x6131, 0x6132, 0x6952, 0x6932, 0x6932, 0x6131, 0x6951, 0x6131,
    0x6111, 0x6111, 0x6932, 0x6952, 0x6131, 0x6131, 0x6111, 0x6111,
    0x6111, 0x6111, 0x6111, 0x6131, 0x6111, 0x5910, 0x5910, 0x5910,
    0x5910, 0x5910, 0x590F, 0x590F, 0x590F, 0x590F, 0x590E, 0x510F,
    0x590F, 0x50F0, 0x50F0, 0x50EF, 0x510E, 0x50ED, 0x50EE, 0x50EE,
    0x510F, 0x50EE, 0x50ED, 0x40CA, 0x1844, 0x0000, 0x0000, 0x0000,
    0x0000, 0x0000, 0x0000, 0x0000, 0x0000, 0x0000, 0x0000, 0x0000,
    0x0000, 0x0000, 0x0000, 0x0000, 0x0000, 0x0000, 0x0000, 0x0000,
    0x0000, 0x0000, 0x0000, 0x0000, 0x2046, 0x2046, 0x2046, 0x2046,
    0x2066, 0x2867, 0x2867, 0x3088, 0x3088, 0x30A9, 0x38AA, 0x38AA,
    0x40AB, 0x40CC, 0x48CC, 0x48CD, 0x50EE, 0x50EF, 0x50EE, 0x50EE,
    0x5910, 0x6111, 0x6932, 0x6953, 0x7154, 0x8196, 0x7975, 0x48CD,
    0x3088, 0x38AA, 0x40CB, 0x40AB, 0x40AA, 0x40CA, 0x40CB, 0x40CB,
    0x40CB, 0x40AB, 0x40AB, 0x40AB, 0x40CB, 0x40CC, 0x40CC, 0x38A9,
    0x38AA, 0x6931, 0x8197, 0x7975, 0x7153, 0x7174, 0x7174, 0x7154,
    0x7154, 0x7154, 0x7153, 0x7153, 0x6933, 0x6131, 0x6110, 0x590F,
    0x510F, 0x590F, 0x590F, 0x58EF, 0x50EF, 0x50EF, 0x50EF, 0x58EF,
    0x58EF, 0x58EF, 0x590F, 0x590F, 0x590F, 0x590F, 0x590F, 0x58EF,
    0x58EF, 0x58EF, 0x510E, 0x510E, 0x510F, 0x50EF, 0x50EF, 0x50EF,
    0x50EE, 0x50ED, 0x50EE, 0x50EE, 0x50EE, 0x50EE, 0x48ED, 0x38AA,
    0x1824, 0x0000, 0x0000, 0x0000, 0x0000, 0x0000, 0x0000, 0x0000,
    0x0000, 0x0000, 0x0000, 0x0000, 0x0000, 0x0000, 0x0000, 0x0000,
    0x0000, 0x0000, 0x0000, 0x0000, 0x0000, 0x0000, 0x0000, 0x0000,
    0x1845, 0x1845, 0x2066, 0x2066, 0x2066, 0x2066, 0x2887, 0x2887,
    0x3088, 0x3088, 0x3089, 0x38A9, 0x38AA, 0x40AB, 0x40CB, 0x48CC,
    0x48ED, 0x50EE, 0x510E, 0x50EE, 0x50EF, 0x58EF, 0x6110, 0x6110,
    0x6111, 0x6932, 0x7133, 0x6110, 0x58EF, 0x6131, 0x6932, 0x6131,
    0x6131, 0x6931, 0x6931, 0x6131, 0x6131, 0x6131, 0x6131, 0x6111,
    0x6111, 0x6111, 0x6131, 0x590F, 0x58EF, 0x6131, 0x7132, 0x6111,
    0x6110, 0x6130, 0x6110, 0x6110, 0x6110, 0x6110, 0x6110, 0x6110,
    0x6110, 0x6110, 0x590F, 0x590F, 0x590F, 0x5910, 0x590F, 0x590F,
    0x590F, 0x590F, 0x590F, 0x590F, 0x590F, 0x58EF, 0x58EF, 0x510E,
    0x510E, 0x510E, 0x510E, 0x50EE, 0x50EE, 0x50EE, 0x50EE, 0x50EE,
    0x50EE, 0x50EE, 0x50EE, 0x50EE, 0x50ED, 0x50ED, 0x50ED, 0x48CD,
    0x510D, 0x512D, 0x490C, 0x38A9, 0x1824, 0x0001, 0x0000, 0x0000,
    0x0000, 0x0000, 0x0000, 0x0000, 0x0000, 0x0000, 0x0000, 0x0000,
    0x0000, 0x0000, 0x0000, 0x0000, 0x0000, 0x0000, 0x0000, 0x0000,
    0x0000, 0x0000, 0x0000, 0x0000, 0x1045, 0x1865, 0x1866, 0x2066,
    0x2066, 0x2066, 0x2866, 0x2887, 0x2887, 0x3088, 0x3088, 0x38A9,
    0x38AA, 0x40AA, 0x40AB, 0x48CC, 0x48CC, 0x50ED, 0x50EE, 0x50EE,
    0x50EF, 0x50EF, 0x50EF, 0x50EF, 0x50EE, 0x590F, 0x6110, 0x6911,
    0x7133, 0x7954, 0x7154, 0x7153, 0x7133, 0x7153, 0x7153, 0x7153,
    0x7153, 0x7153, 0x7153, 0x7153, 0x6932, 0x6932, 0x7133, 0x6932,
    0x6931, 0x6110, 0x590F, 0x50EE, 0x58EE, 0x58EF, 0x58EF, 0x50EE,
    0x50EE, 0x58EF, 0x58EE, 0x50EE, 0x50EE, 0x58EF, 0x58EF, 0x590F,
    0x590F, 0x590F, 0x590F, 0x590F, 0x590E, 0x510E, 0x50EE, 0x510E,
    0x510E, 0x58EF, 0x50EE, 0x50EE, 0x50EE, 0x50EE, 0x50EE, 0x50EE,
    0x50EE, 0x50EE, 0x50EE, 0x50ED, 0x50ED, 0x50ED, 0x50ED, 0x48ED,
    0x48ED, 0x48ED, 0x48CD, 0x48AC, 0x48ED, 0x512D, 0x490B, 0x3089,
    0x1024, 0x0001, 0x0000, 0x0000, 0x0000, 0x0000, 0x0000, 0x0000,
    0x0000, 0x0000, 0x0000, 0x0000, 0x0000, 0x0000, 0x0000, 0x0000,
    0x0000, 0x0000, 0x0000, 0x0000, 0x0000, 0x0000, 0x0000, 0x0000,
    0x1844, 0x1845, 0x1865, 0x1865, 0x1865, 0x2066, 0x2066, 0x2867,
    0x2867, 0x3088, 0x3088, 0x3889, 0x38A9, 0x38AA, 0x40AB, 0x40AB,
    0x40CC, 0x48CC, 0x48ED, 0x48ED, 0x50EE, 0x50EE, 0x50EE, 0x50EF,
    0x58EF, 0x58EF, 0x590F, 0x5910, 0x6110, 0x6131, 0x6110, 0x6110,
    0x6110, 0x6110, 0x6110, 0x5910, 0x5910, 0x5910, 0x6110, 0x6110,
    0x6110, 0x5910, 0x5910, 0x6110, 0x6110, 0x590F, 0x58EF, 0x58EF,
    0x58EF, 0x590F, 0x590F, 0x590F, 0x590F, 0x58EF, 0x590F, 0x50EF,
    0x50EF, 0x50EF, 0x50EE, 0x50EE, 0x50EE, 0x50EE, 0x50EE, 0x50EE,
    0x50EE, 0x50CE, 0x50CE, 0x50EE, 0x50EE, 0x50EE, 0x50EE, 0x50ED,
    0x50ED, 0x50CE, 0x50CD, 0x48CD, 0x48CD, 0x48CD, 0x48ED, 0x50ED,
    0x50ED, 0x48ED, 0x48ED, 0x48ED, 0x48CD, 0x48CD, 0x48CD, 0x40AC,
    0x48CC, 0x490C, 0x48EB, 0x3088, 0x1004, 0x0001, 0x0000, 0x0020,
    0x0000, 0x0000, 0x0000, 0x0000, 0x0000, 0x0000, 0x0000, 0x0000,
    0x0000, 0x0000, 0x0000, 0x0000, 0x0000, 0x0000, 0x0000, 0x0000,
    0x0000, 0x0000, 0x0000, 0x0000, 0x1844, 0x1844, 0x1845, 0x1845,
    0x1845, 0x2045, 0x2066, 0x2066, 0x2867, 0x2867, 0x3088, 0x3088,
    0x3889, 0x3889, 0x388A, 0x38AB, 0x40AB, 0x40CB, 0x40CC, 0x48CC,
    0x50CD, 0x50EE, 0x50ED, 0x50EE, 0x50EE, 0x50EE, 0x50EE, 0x50EE,
    0x50EE, 0x50EE, 0x50EE, 0x50EE, 0x50EE, 0x50EE, 0x50EE, 0x50EE,
    0x50EE, 0x50EE, 0x50EE, 0x50EE, 0x50EE, 0x50EE, 0x50EE, 0x50EE,
    0x50EE, 0x50EE, 0x50EE, 0x50EF, 0x58EF, 0x58EF, 0x590F, 0x510E,
    0x510E, 0x50EE, 0x50EE, 0x50EE, 0x50EE, 0x50EE, 0x50EE, 0x50EE,
    0x50ED, 0x50ED, 0x50ED, 0x50CD, 0x50CD, 0x50CD, 0x48CD, 0x48CD,
    0x48ED, 0x48ED, 0x48ED, 0x48ED, 0x48CD, 0x48CD, 0x48CD, 0x48CD,
    0x48CD, 0x48CD, 0x48EC, 0x48CC, 0x48CC, 0x48EC, 0x48EC, 0x48CC,
    0x48CC, 0x48CC, 0x40CC, 0x40AC, 0x48CC, 0x490C, 0x40EB, 0x3088,
    0x1004, 0x0001, 0x0000, 0x0000, 0x0000, 0x0000, 0x0000, 0x0000,
    0x0000, 0x0000, 0x0000, 0x0000, 0x0000, 0x0000, 0x0000, 0x0000,
    0x0000, 0x0000, 0x0000, 0x0000, 0x0000, 0x0000, 0x0000, 0x0000,
    0x1024, 0x1024, 0x1844, 0x1844, 0x1845, 0x2065, 0x2065, 0x2066,
    0x2866, 0x2867, 0x2867, 0x3067, 0x3088, 0x3089, 0x3889, 0x38AA,
    0x38AA, 0x40CA, 0x40CB, 0x40CB, 0x48CC, 0x48CD, 0x48EC, 0x48ED,
    0x50ED, 0x50ED, 0x50ED, 0x50EE, 0x50EE, 0x50EE, 0x50EE, 0x50EE,
    0x50EE, 0x50EE, 0x50EE, 0x50EE, 0x50EE, 0x50EE, 0x50EE, 0x50EE,
    0x50EE, 0x50EE, 0x50EE, 0x50EE, 0x50EE, 0x50EE, 0x50EE, 0x50EE,
    0x50EE, 0x50EE, 0x50ED, 0x48ED, 0x48ED, 0x48ED, 0x48ED, 0x48ED,
    0x48ED, 0x48ED, 0x48ED, 0x48ED, 0x48ED, 0x48ED, 0x48ED, 0x48ED,
    0x48CD, 0x48CD, 0x48CD, 0x48ED, 0x48EC, 0x48CC, 0x48CC, 0x48CC,
    0x48CC, 0x48CC, 0x48CC, 0x48CC, 0x40CC, 0x40CC, 0x40CC, 0x48CB,
    0x48CC, 0x40CC, 0x40CC, 0x40CC, 0x40CC, 0x40CB, 0x40CC, 0x40AB,
    0x40CC, 0x490B, 0x40EA, 0x30A8, 0x1024, 0x0001, 0x0000, 0x0000,
    0x0000, 0x0000, 0x0000, 0x0000, 0x0000, 0x0000, 0x0000, 0x0000,
    0x0000, 0x0000, 0x0000, 0x0000, 0x0000, 0x0000, 0x0000, 0x0000,
    0x0000, 0x0000, 0x0000, 0x0000, 0x1024, 0x1024, 0x1844, 0x1844,
    0x1844, 0x1845, 0x2065, 0x2065, 0x2066, 0x2866, 0x2866, 0x2867,
    0x2887, 0x3088, 0x3088, 0x3889, 0x38AA, 0x38AA, 0x38AA, 0x40CB,
    0x40CC, 0x40CC, 0x40EC, 0x48EC, 0x48EC, 0x48EC, 0x50ED, 0x50ED,
    0x48ED, 0x50ED, 0x50ED, 0x50ED, 0x50ED, 0x50ED, 0x50ED, 0x50ED,
    0x50ED, 0x48ED, 0x50ED, 0x50ED, 0x50ED, 0x50ED, 0x50ED, 0x50ED,
    0x48ED, 0x48CD, 0x48ED, 0x48ED, 0x48ED, 0x48CD, 0x48CD, 0x48CD,
    0x48CC, 0x48CD, 0x48CC, 0x48CC, 0x48CC, 0x48EC, 0x48EC, 0x48EC,
    0x48EC, 0x48EC, 0x48EC, 0x48CC, 0x48CC, 0x48EC, 0x48EC, 0x48EC,
    0x48EC, 0x40CC, 0x40CC, 0x40CC, 0x40CC, 0x40CB, 0x40CB, 0x40CC,
    0x40CC, 0x40CC, 0x40CB, 0x40CB, 0x40CB, 0x40CB, 0x40CB, 0x40CB,
    0x40CB, 0x40CB, 0x40CB, 0x40AB, 0x40CB, 0x40EB, 0x40EA, 0x30A7,
    0x1024, 0x0001, 0x0000, 0x0000, 0x0000, 0x0000, 0x0000, 0x0000,
    0x0000, 0x0000, 0x0000, 0x0000, 0x0000, 0x0000, 0x0000, 0x0000,
    0x0000, 0x0000, 0x0000, 0x0000, 0x0000, 0x0000, 0x0000, 0x0000,
    0x1824, 0x1824, 0x1844, 0x1844, 0x1844, 0x1844, 0x1844, 0x2045,
    0x2065, 0x2066, 0x2066, 0x2866, 0x2867, 0x3067, 0x3088, 0x3088,
    0x3089, 0x38A9, 0x38AA, 0x38AA, 0x38AB, 0x40CB, 0x40CB, 0x40CB,
    0x40CC, 0x48CC, 0x48CC, 0x48CC, 0x48CC, 0x48CD, 0x48ED, 0x48ED,
    0x48CD, 0x48CD, 0x48CD, 0x48ED, 0x48EC, 0x48CC, 0x48EC, 0x48CC,
    0x48CC, 0x48CC, 0x48CC, 0x48CC, 0x48CC, 0x48CC, 0x48CC, 0x48EC,
    0x48EC, 0x48CC, 0x48CC, 0x48CC, 0x48CC, 0x48CC, 0x40CC, 0x40CC,
    0x40CC, 0x40CC, 0x40CC, 0x48CC, 0x48CC, 0x48CC, 0x48CC, 0x40CC,
    0x40CB, 0x40CC, 0x40CB, 0x40CB, 0x40CB, 0x40CB, 0x40CB, 0x40CB,
    0x40CB, 0x40CB, 0x40CB, 0x40CB, 0x40CB, 0x40CB, 0x40CB, 0x40CA,
    0x40CB, 0x40CB, 0x38AA, 0x40CB, 0x38AB, 0x38AB, 0x38AB, 0x38AB,
    0x40AB, 0x40CB, 0x38CA, 0x3087, 0x1024, 0x0001, 0x0000, 0x0000,
    0x0000, 0x0000, 0x0000, 0x0000, 0x0000, 0x0000, 0x0000, 0x0000,
    0x0000, 0x0000, 0x0000, 0x0000, 0x0000, 0x0000, 0x0000, 0x0000,
    0x0000, 0x0000, 0x0000, 0x0000, 0x1024, 0x1024, 0x1024, 0x1044,
    0x1844, 0x1844, 0x1844, 0x1845, 0x2045, 0x2066, 0x2066, 0x2866,
    0x2867, 0x2867, 0x3088, 0x3088, 0x3089, 0x3089, 0x3089, 0x38AA,
    0x38AA, 0x38AA, 0x40AA, 0x40CB, 0x40CB, 0x40CC, 0x48CC, 0x40CC,
    0x40CC, 0x48CC, 0x48CC, 0x48CC, 0x48CC, 0x48CC, 0x48CC, 0x48CC,
    0x40CC, 0x40CC, 0x48CC, 0x48CC, 0x48CC, 0x48CC, 0x48CC, 0x48CC,
    0x48CC, 0x48CC, 0x48CC, 0x40CC, 0x40CC, 0x40CC, 0x40CB, 0x40CB,
    0x40CB, 0x40CB, 0x40CB, 0x40CB, 0x40CB, 0x40CB, 0x40CB, 0x40CB,
    0x40CB, 0x40CB, 0x40AB, 0x40AB, 0x40AB, 0x40CB, 0x40CB, 0x40AB,
    0x40AB, 0x40AB, 0x40AB, 0x40AB, 0x40CB, 0x40CB, 0x40AB, 0x38AA,
    0x38AB, 0x38AB, 0x38CA, 0x38CA, 0x40CA, 0x38CA, 0x38AA, 0x38AA,
    0x38AB, 0x38AB, 0x38AB, 0x388A, 0x38AA, 0x40CA, 0x38C9, 0x2887,
    0x1004, 0x0000, 0x0000, 0x0020, 0x0000, 0x0000, 0x0000, 0x0000,
    0x0000, 0x0000, 0x0000, 0x0000, 0x0000, 0x0000, 0x0000, 0x0000,
    0x0000, 0x0000, 0x0000, 0x0000, 0x0000, 0x0000, 0x0000, 0x0000,
    0x1023, 0x1023, 0x1023, 0x1043, 0x1844, 0x1844, 0x1844, 0x1845,
    0x2045, 0x2065, 0x2066, 0x2066, 0x2866, 0x2867, 0x2888, 0x2888,
    0x3088, 0x30A8, 0x30A9, 0x38A9, 0x38AA, 0x38AA, 0x38AA, 0x38AA,
    0x40CA, 0x40CB, 0x40CB, 0x40CB, 0x40CB, 0x40CB, 0x40CB, 0x40CB,
    0x40CB, 0x40CB, 0x40CB, 0x40CB, 0x40CB, 0x40CB, 0x40CB, 0x40CB,
    0x40CB, 0x40CB, 0x40CB, 0x40CB, 0x40CB, 0x40CB, 0x40CB, 0x40CB,
    0x40CB, 0x40CB, 0x40AB, 0x40CB, 0x40CB, 0x40AA, 0x40AA, 0x40AA,
    0x40AA, 0x40AA, 0x40AA, 0x38AA, 0x38AA, 0x38AA, 0x40AA, 0x38AA,
    0x38AA, 0x38AA, 0x38AA, 0x38AA, 0x38AA, 0x38AA, 0x38AA, 0x38AA,
    0x38AA, 0x38AA, 0x38AA, 0x38AA, 0x388A, 0x38AA, 0x38AA, 0x38CA,
    0x38AA, 0x38AA, 0x38AA, 0x38AA, 0x38AA, 0x38AA, 0x38AA, 0x3089,
    0x38A9, 0x38E9, 0x30E9, 0x2887, 0x0823, 0x0000, 0x0000, 0x0000,
    0x0000, 0x0000, 0x0000, 0x0000, 0x0000, 0x0000, 0x0000, 0x0000,
    0x0000, 0x0000, 0x0000, 0x0000, 0x0000, 0x0000, 0x0000, 0x0000,
    0x0000, 0x0000, 0x0000, 0x0000, 0x1022, 0x1022, 0x1022, 0x1043,
    0x1843, 0x1844, 0x1844, 0x1844, 0x2045, 0x2065, 0x2065, 0x2066,
    0x2066, 0x2867, 0x2867, 0x2887, 0x2888, 0x3088, 0x3088, 0x3088,
    0x38A9, 0x38A9, 0x3889, 0x38A9, 0x38AA, 0x38AA, 0x38AA, 0x38AA,
    0x38AA, 0x40AB, 0x40AB, 0x40AA, 0x40AA, 0x40AA, 0x40AB, 0x40AB,
    0x40AA, 0x40CB, 0x40CB, 0x40CB, 0x38CA, 0x38CA, 0x38CA, 0x38CA,
    0x38CA, 0x38CA, 0x38CA, 0x38AA, 0x38AA, 0x38CA, 0x38CA, 0x38CA,
    0x38CA, 0x38AA, 0x38AA, 0x38AA, 0x38AA, 0x38AA, 0x38AA, 0x38AA,
    0x38AA, 0x38AA, 0x38AA, 0x38AA, 0x38AA, 0x38AA, 0x38AA, 0x38AA,
    0x38AA, 0x38AA, 0x38AA, 0x38AA, 0x38AA, 0x38AA, 0x38AA, 0x388A,
    0x388A, 0x38AA, 0x38AA, 0x38CA, 0x38AA, 0x38AA, 0x38A9, 0x3889,
    0x388A, 0x38A9, 0x38A9, 0x3089, 0x30A9, 0x30E9, 0x30E9, 0x2087,
    0x0823, 0x0000, 0x0000, 0x0000, 0x0000, 0x0000, 0x0000, 0x0000,
    0x0000, 0x0000, 0x0000, 0x0000, 0x0000, 0x0000, 0x0000, 0x0000,
    0x0000, 0x0000, 0x0000, 0x0000, 0x0000, 0x0000, 0x0000, 0x0000,
    0x0802, 0x1022, 0x1023, 0x1043, 0x1043, 0x1044, 0x1044, 0x1844,
    0x1844, 0x1845, 0x1845, 0x2045, 0x2046, 0x2046, 0x2846, 0x2846,
    0x2867, 0x2867, 0x2867, 0x3068, 0x3088, 0x3088, 0x3088, 0x3088,
    0x3089, 0x3089, 0x38AA, 0x38AA, 0x38AA, 0x38AA, 0x38AA, 0x38AA,
    0x38AA, 0x38AA, 0x38AA, 0x38AA, 0x38AA, 0x38AA, 0x38AA, 0x38AA,
    0x38AA, 0x38AA, 0x38AA, 0x38AA, 0x38AA, 0x38AA, 0x38AA, 0x38AA,
    0x38AA, 0x38CA, 0x38CA, 0x38CA, 0x38AA, 0x38AA, 0x38AA, 0x38AA,
    0x38AA, 0x38AA, 0x38AA, 0x38AA, 0x38AA, 0x38AA, 0x38AA, 0x30AA,
    0x30AA, 0x38A9, 0x3089, 0x3089, 0x3089, 0x38AA, 0x38AA, 0x30A9,
    0x30AA, 0x38AA, 0x30A9, 0x3089, 0x3089, 0x3089, 0x30A9, 0x30A9,
    0x3889, 0x3889, 0x3889, 0x3889, 0x3889, 0x3889, 0x3089, 0x3068,
    0x3089, 0x30C9, 0x30C8, 0x2066, 0x0803, 0x0000, 0x0000, 0x0000,
    0x0000, 0x0000, 0x0000, 0x0000, 0x0000, 0x0000, 0x0000, 0x0000,
    0x0000, 0x0000, 0x0000, 0x0000, 0x0000, 0x0000, 0x0000, 0x0000,
    0x0000, 0x0000, 0x0000, 0x0000, 0x0802, 0x0822, 0x1023, 0x1043,
    0x1043, 0x1023, 0x1023, 0x1044, 0x1844, 0x1844, 0x1845, 0x1845,
    0x2045, 0x2046, 0x2046, 0x2046, 0x2066, 0x2866, 0x2867, 0x2867,
    0x3068, 0x3068, 0x3088, 0x3088, 0x3088, 0x3089, 0x3089, 0x30A9,
    0x30A9, 0x38A9, 0x38A9, 0x388A, 0x388A, 0x3889, 0x3889, 0x3889,
    0x3889, 0x3889, 0x3889, 0x3889, 0x38A9, 0x38A9, 0x38A9, 0x30A9,
    0x30A9, 0x30A9, 0x30A9, 0x30A9, 0x30A9, 0x38AA, 0x38AA, 0x38AA,
    0x38A9, 0x30A9, 0x30A9, 0x30AA, 0x30A9, 0x30A9, 0x30A9, 0x30A9,
    0x38A9, 0x30A9, 0x30A9, 0x30A9, 0x30A9, 0x30A9, 0x30A9, 0x3089,
    0x3089, 0x30A9, 0x30A9, 0x30A9, 0x30A9, 0x30A9, 0x30A9, 0x3089,
    0x3089, 0x3089, 0x30A9, 0x30A9, 0x3089, 0x3089, 0x3089, 0x3089,
    0x3089, 0x3089, 0x3089, 0x3068, 0x3088, 0x30C9, 0x30A8, 0x2066,
    0x0803, 0x0000, 0x0000, 0x0000, 0x0000, 0x0000, 0x0000, 0x0000,
    0x0000, 0x0000, 0x0000, 0x0000, 0x0000, 0x0000, 0x0000, 0x0000,
    0x0000, 0x0000, 0x0000, 0x0000, 0x0000, 0x0000, 0x0000, 0x0000,
    0x0822, 0x0822, 0x1022, 0x1023, 0x1023, 0x1023, 0x1023, 0x1043,
    0x1044, 0x1844, 0x1844, 0x1845, 0x2045, 0x2065, 0x2065, 0x2065,
    0x2066, 0x2886, 0x2886, 0x2887, 0x2887, 0x2887, 0x2887, 0x2887,
    0x3088, 0x3088, 0x30A8, 0x30A9, 0x30A9, 0x30A9, 0x3089, 0x3089,
    0x3089, 0x30A9, 0x30A9, 0x30A9, 0x3089, 0x3088, 0x3088, 0x3089,
    0x30A9, 0x30A9, 0x3089, 0x3089, 0x3089, 0x3089, 0x3089, 0x3089,
    0x3089, 0x3089, 0x3089, 0x3089, 0x3089, 0x3089, 0x3089, 0x3089,
    0x30A9, 0x30A9, 0x30A9, 0x30A9, 0x30A9, 0x30A9, 0x30A9, 0x30A9,
    0x30A9, 0x30A9, 0x30A9, 0x30A9, 0x30A9, 0x30A8, 0x3088, 0x3088,
    0x3088, 0x3088, 0x3088, 0x3088, 0x3088, 0x3088, 0x30A8, 0x30A8,
    0x30A8, 0x30A8, 0x30A8, 0x3088, 0x3088, 0x3088, 0x3088, 0x3088,
    0x30A8, 0x30C8, 0x30C8, 0x2086, 0x0822, 0x0000, 0x0000, 0x0000,
    0x0000, 0x0000, 0x0000, 0x0000, 0x0000, 0x0000, 0x0000, 0x0000,
    0x0000, 0x0000, 0x0000, 0x0000, 0x0000, 0x0000, 0x0000, 0x0000,
    0x0000, 0x0000, 0x0000, 0x0000, 0x0822, 0x0822, 0x0822, 0x0822,
    0x1022, 0x1022, 0x1022, 0x1043, 0x1043, 0x1044, 0x1844, 0x1844,
    0x1845, 0x2045, 0x2065, 0x2065, 0x2065, 0x2066, 0x2086, 0x2886,
    0x2886, 0x2887, 0x2887, 0x2887, 0x2887, 0x2887, 0x2888, 0x2888,
    0x3088, 0x3088, 0x3088, 0x3088, 0x3088, 0x3088, 0x3088, 0x3088,
    0x3088, 0x3088, 0x3088, 0x3088, 0x3088, 0x3088, 0x3088, 0x3088,
    0x3088, 0x3088, 0x3088, 0x3088, 0x3088, 0x3088, 0x3088, 0x3088,
    0x3088, 0x3088, 0x3088, 0x3088, 0x3088, 0x3088, 0x3088, 0x3088,
    0x30A8, 0x30A8, 0x3088, 0x3088, 0x3088, 0x3088, 0x3088, 0x3088,
    0x3088, 0x3088, 0x3088, 0x3088, 0x3088, 0x3088, 0x3088, 0x3088,
    0x3088, 0x3088, 0x2888, 0x2888, 0x2888, 0x28A8, 0x30A8, 0x3088,
    0x3088, 0x3088, 0x3088, 0x3068, 0x30A8, 0x30C8, 0x28A8, 0x2066,
    0x0822, 0x0000, 0x0000, 0x0000, 0x0000, 0x0000, 0x0000, 0x0000,
    0x0000, 0x0000, 0x0000, 0x0000, 0x0000, 0x0000, 0x0000, 0x0000,
    0x0000, 0x0000, 0x0000, 0x0000, 0x0000, 0x0000, 0x0000, 0x0000,
    0x0821, 0x0821, 0x0821, 0x0822, 0x0822, 0x0822, 0x0822, 0x1023,
    0x1023, 0x1023, 0x1023, 0x1044, 0x1844, 0x1844, 0x1844, 0x1845,
    0x2045, 0x2045, 0x2065, 0x2066, 0x2866, 0x2866, 0x2866, 0x2866,
    0x2866, 0x2867, 0x2887, 0x2887, 0x2887, 0x2887, 0x2887, 0x2887,
    0x2887, 0x2887, 0x2887, 0x2887, 0x2887, 0x2887, 0x2887, 0x2887,
    0x2888, 0x2868, 0x2888, 0x2888, 0x2888, 0x2888, 0x2888, 0x2888,
    0x2888, 0x2888, 0x2887, 0x2887, 0x2888, 0x2888, 0x2888, 0x2888,
    0x2887, 0x2888, 0x2868, 0x2867, 0x2867, 0x2867, 0x2867, 0x2867,
    0x2867, 0x2867, 0x2867, 0x2887, 0x2887, 0x2867, 0x2867, 0x2867,
    0x2867, 0x2867, 0x2867, 0x2867, 0x2867, 0x2867, 0x2867, 0x2868,
    0x2887, 0x2887, 0x2867, 0x2867, 0x2867, 0x2867, 0x2867, 0x2867,
    0x2888, 0x28A8, 0x28A7, 0x2066, 0x0802, 0x0000, 0x0000, 0x0000,
    0x0000, 0x0000, 0x0000, 0x0000, 0x0000, 0x0000, 0x0000, 0x0000,
    0x0000, 0x0000, 0x0000, 0x0000, 0x0000, 0x0000, 0x0000, 0x0000,
    0x0000, 0x0000, 0x0000, 0x0000, 0x0802, 0x0801, 0x0821, 0x0822,
    0x0822, 0x0822, 0x0822, 0x1023, 0x1023, 0x1023, 0x1023, 0x1024,
    0x1844, 0x1844, 0x1844, 0x1845, 0x1845, 0x2045, 0x2065, 0x2065,
    0x2066, 0x2866, 0x2066, 0x2866, 0x2866, 0x2866, 0x2887, 0x2887,
    0x2887, 0x2887, 0x2887, 0x2887, 0x2887, 0x2887, 0x2887, 0x2887,
    0x2887, 0x2887, 0x2887, 0x2887, 0x2887, 0x2887, 0x2887, 0x2887,
    0x2887, 0x2887, 0x2887, 0x2887, 0x2887, 0x2887, 0x2887, 0x2887,
    0x2887, 0x2887, 0x2887, 0x2887, 0x2887, 0x2887, 0x2887, 0x2867,
    0x2867, 0x2867, 0x2867, 0x2867, 0x2867, 0x2867, 0x2867, 0x2867,
    0x2867, 0x2887, 0x2887, 0x2887, 0x2887, 0x2887, 0x2887, 0x2887,
    0x2867, 0x2867, 0x2868, 0x2888, 0x2887, 0x2887, 0x2867, 0x2867,
    0x2867, 0x2868, 0x2867, 0x2867, 0x2887, 0x28A8, 0x2887, 0x2045,
    0x0802, 0x0000, 0x0000, 0x0000, 0x0000, 0x0000, 0x0000, 0x0000,
    0x0000, 0x0000, 0x0000, 0x0000, 0x0000, 0x0000, 0x0000, 0x0000,
    0x0000, 0x0000, 0x0000, 0x0000, 0x0000, 0x0000, 0x0000, 0x0000,
    0x0822, 0x0822, 0x0822, 0x0842, 0x0842, 0x0822, 0x0823, 0x1023,
    0x1023, 0x1023, 0x1043, 0x1044, 0x1844, 0x1844, 0x1845, 0x1865,
    0x2065, 0x2065, 0x2066, 0x2066, 0x2866, 0x2866, 0x2866, 0x2886,
    0x2887, 0x2887, 0x2887, 0x28A8, 0x2888, 0x3088, 0x3088, 0x3088,
    0x3088, 0x3088, 0x3088, 0x3088, 0x3088, 0x3088, 0x3088, 0x3088,
    0x3088, 0x3088, 0x3088, 0x3088, 0x3088, 0x3088, 0x3088, 0x3088,
    0x3088, 0x3088, 0x3088, 0x3088, 0x3088, 0x3088, 0x3088, 0x3088,
    0x3088, 0x3088, 0x3088, 0x3088, 0x3088, 0x3088, 0x3088, 0x3088,
    0x3088, 0x3088, 0x3088, 0x3088, 0x3088, 0x3088, 0x3088, 0x3088,
    0x3088, 0x3088, 0x3088, 0x3088, 0x3088, 0x3088, 0x28A8, 0x28A8,
    0x28A8, 0x30A8, 0x3088, 0x3088, 0x3088, 0x3088, 0x3088, 0x3068,
    0x3088, 0x30A8, 0x2887, 0x2045, 0x0802, 0x0000, 0x0000, 0x0000,
    0x0000, 0x0000, 0x0000, 0x0000, 0x0000, 0x0000, 0x0000, 0x0000,
    0x0000, 0x0000, 0x0000, 0x0000, 0x0000, 0x0000, 0x0000, 0x0000,
    0x0000, 0x0000, 0x0000, 0x0000, 0x0822, 0x0822, 0x0842, 0x0842,
    0x0842, 0x0822, 0x1023, 0x1023, 0x1044, 0x1844, 0x1844, 0x1844,
    0x1844, 0x1865, 0x2065, 0x2065, 0x2066, 0x2066, 0x2066, 0x2886,
    0x2887, 0x2887, 0x2887, 0x2887, 0x2887, 0x2888, 0x30A8, 0x30A8,
    0x30A8, 0x30A9, 0x30A9, 0x30A9, 0x30A9, 0x30A9, 0x30A8, 0x30A8,
    0x30A8, 0x30A8, 0x30A8, 0x30A8, 0x30A8, 0x30A8, 0x30A8, 0x30A8,
    0x30A8, 0x30A8, 0x30A8, 0x30A8, 0x30A8, 0x30A8, 0x30A8, 0x30A8,
    0x30A8, 0x30A8, 0x30A8, 0x30A8, 0x30A8, 0x30A8, 0x30A8, 0x30A8,
    0x30A8, 0x30A8, 0x30A8, 0x30A8, 0x30A8, 0x30A8, 0x30A8, 0x30A8,
    0x3088, 0x3088, 0x3088, 0x3088, 0x3088, 0x3088, 0x3088, 0x3088,
    0x3088, 0x3088, 0x30A8, 0x30A8, 0x30A8, 0x30A8, 0x30A8, 0x3088,
    0x3088, 0x30A9, 0x3088, 0x3068, 0x3088, 0x30C8, 0x28A7, 0x2066,
    0x0802, 0x0000, 0x0000, 0x0000, 0x0000, 0x0000, 0x0000, 0x0000,
    0x0000, 0x0000, 0x0000, 0x0000, 0x0000, 0x0000, 0x0000, 0x0000,
    0x0000, 0x0000, 0x0000, 0x0000, 0x0000, 0x0000, 0x0000, 0x0000,
    0x0822, 0x0822, 0x1043, 0x1043, 0x1023, 0x1023, 0x1023, 0x1023,
    0x1844, 0x1844, 0x1844, 0x1844, 0x1865, 0x2065, 0x2066, 0x2066,
    0x2066, 0x2066, 0x2866, 0x2866, 0x2887, 0x2887, 0x2887, 0x3087,
    0x3088, 0x3088, 0x3088, 0x3088, 0x3089, 0x30A9, 0x30A9, 0x30A9,
    0x30A9, 0x30A9, 0x3089, 0x3089, 0x30A9, 0x30A9, 0x30A9, 0x30A9,
    0x30A9, 0x30A9, 0x3089, 0x30A9, 0x30A9, 0x30A9, 0x30A9, 0x30A9,
    0x3089, 0x3089, 0x3089, 0x3089, 0x3089, 0x3089, 0x3089, 0x3089,
    0x3089, 0x3089, 0x3089, 0x3088, 0x3088, 0x3088, 0x3088, 0x3088,
    0x3088, 0x3088, 0x3088, 0x3088, 0x3088, 0x3088, 0x3088, 0x3088,
    0x3088, 0x3088, 0x3088, 0x3088, 0x3088, 0x3088, 0x3088, 0x3088,
    0x3088, 0x3088, 0x3088, 0x3088, 0x3088, 0x3088, 0x3088, 0x3068,
    0x3088, 0x30C8, 0x30C8, 0x2066, 0x0823, 0x0000, 0x0000, 0x0000,
    0x0000, 0x0000, 0x0000, 0x0000, 0x0000, 0x0000, 0x0000, 0x0000,
    0x0000, 0x0000, 0x0000, 0x0000, 0x0000, 0x0000, 0x0000, 0x0000,
    0x0000, 0x0000, 0x0000, 0x0000, 0x0822, 0x0822, 0x1043, 0x1043,
    0x1023, 0x1023, 0x1023, 0x1024, 0x1844, 0x1844, 0x1844, 0x1845,
    0x2045, 0x2066, 0x2046, 0x2046, 0x2866, 0x2867, 0x2867, 0x2867,
    0x3088, 0x3088, 0x3088, 0x3088, 0x3088, 0x3089, 0x30A9, 0x30A9,
    0x30A9, 0x38A9, 0x38A9, 0x38AA, 0x38A9, 0x38A9, 0x38A9, 0x38A9,
    0x38A9, 0x38A9, 0x30A9, 0x38A9, 0x38A9, 0x38A9, 0x38A9, 0x38A9,
    0x38A9, 0x38A9, 0x38A9, 0x38A9, 0x30A9, 0x3089, 0x3089, 0x3089,
    0x3089, 0x3089, 0x3089, 0x3089, 0x3089, 0x3089, 0x3089, 0x3089,
    0x3089, 0x3089, 0x3089, 0x3089, 0x3089, 0x3089, 0x3089, 0x3089,
    0x3089, 0x3089, 0x3089, 0x3089, 0x3089, 0x3089, 0x3089, 0x3089,
    0x3088, 0x3089, 0x3089, 0x3089, 0x3089, 0x3089, 0x3089, 0x3088,
    0x3888, 0x3889, 0x3089, 0x3068, 0x30A8, 0x30C9, 0x30C8, 0x2086,
    0x0823, 0x0000, 0x0000, 0x0000, 0x0000, 0x0000, 0x0000, 0x0000,
    0x0000, 0x0000, 0x0000, 0x0000, 0x0000, 0x0000, 0x0000, 0x0000,
    0x0000, 0x0000, 0x0000, 0x0000, 0x0000, 0x0000, 0x0000, 0x0000,
    0x1022, 0x1022, 0x1023, 0x1043, 0x1043, 0x1023, 0x1024, 0x1824,
    0x1844, 0x1845, 0x2045, 0x2046, 0x2046, 0x2046, 0x2846, 0x2846,
    0x2867, 0x2867, 0x2867, 0x3088, 0x3089, 0x38A9, 0x3089, 0x3889,
    0x38A9, 0x38AA, 0x38AA, 0x38AA, 0x38AA, 0x38AA, 0x38AA, 0x38AA,
    0x38AA, 0x38AA, 0x38AA, 0x38AA, 0x38AA, 0x38AA, 0x38AA, 0x38AA,
    0x38AA, 0x38AA, 0x38AA, 0x38AA, 0x38AA, 0x38AA, 0x38AA, 0x38AA,
    0x38AA, 0x38AA, 0x38AA, 0x38AA, 0x38AA, 0x38AA, 0x38AA, 0x38AA,
    0x38AA, 0x38AA, 0x38AA, 0x38AA, 0x38AA, 0x38AA, 0x38AA, 0x38AA,
    0x38AA, 0x38AA, 0x38AA, 0x38AA, 0x38AA, 0x38AA, 0x38AA, 0x38AA,
    0x38AA, 0x38AA, 0x38AA, 0x38AA, 0x388A, 0x388A, 0x30AA, 0x30AA,
    0x38A9, 0x38A9, 0x38A9, 0x38A9, 0x3889, 0x3889, 0x3889, 0x3089,
    0x38A9, 0x30C9, 0x30A8, 0x2066, 0x0803, 0x0000, 0x0000, 0x0000,
    0x0000, 0x0000, 0x0000, 0x0000, 0x0000, 0x0000, 0x0000, 0x0000,
    0x0000, 0x0000, 0x0000, 0x0000, 0x0000, 0x0000, 0x0000, 0x0000,
    0x0000, 0x0000, 0x0000, 0x0000, 0x1022, 0x1022, 0x1023, 0x1023,
    0x1043, 0x1024, 0x1844, 0x1844, 0x1844, 0x1845, 0x2045, 0x2046,
    0x2046, 0x2867, 0x2867, 0x2867, 0x2887, 0x2888, 0x3088, 0x3088,
    0x38A9, 0x38A9, 0x3889, 0x38A9, 0x38AA, 0x38CA, 0x38CB, 0x40CB,
    0x40AA, 0x40AB, 0x38AB, 0x40AB, 0x40AB, 0x40CB, 0x40CB, 0x40CB,
    0x40CB, 0x40AB, 0x40AB, 0x40AB, 0x40CB, 0x40CB, 0x40CB, 0x40CB,
    0x40AB, 0x40AB, 0x40AA, 0x40AA, 0x40AA, 0x40AB, 0x40AB, 0x40AA,
    0x40AB, 0x40AB, 0x38AA, 0x38AA, 0x38AA, 0x38AA, 0x38AA, 0x38AA,
    0x38AA, 0x38AA, 0x38AA, 0x38AA, 0x38AA, 0x38AA, 0x38AA, 0x38AA,
    0x38CA, 0x38AA, 0x38AA, 0x38AA, 0x38AA, 0x38AA, 0x38AA, 0x38AA,
    0x38AA, 0x38AA, 0x38AA, 0x38AA, 0x38AA, 0x38AA, 0x38AA, 0x38A9,
    0x38A9, 0x388A, 0x388A, 0x38A9, 0x38A9, 0x30C9, 0x28A8, 0x2066,
    0x0803, 0x0000, 0x0000, 0x0000, 0x0000, 0x0000, 0x0000, 0x0000,
    0x0000, 0x0000, 0x0000, 0x0000, 0x0000, 0x0000, 0x0000, 0x0000,
    0x0000, 0x0000, 0x0000, 0x0000, 0x0000, 0x0000, 0x0000, 0x0000,
    0x1022, 0x1023, 0x1023, 0x1043, 0x1043, 0x1844, 0x1844, 0x1865,
    0x2065, 0x2066, 0x2046, 0x2066, 0x2066, 0x2867, 0x2887, 0x3087,
    0x3088, 0x30A8, 0x30A8, 0x38A9, 0x38A9, 0x40CA, 0x38AA, 0x38AA,
    0x38CA, 0x40CA, 0x40CB, 0x40CB, 0x40CB, 0x40CB, 0x40CB, 0x40CB,
    0x40CC, 0x40CC, 0x40CB, 0x40CB, 0x40CB, 0x40AB, 0x40AB, 0x40CB,
    0x40CB, 0x40CB, 0x40CB, 0x40CB, 0x40CB, 0x40CB, 0x40CB, 0x40CB,
    0x40CB, 0x40AB, 0x40AB, 0x40AB, 0x40AB, 0x40AB, 0x40AB, 0x40AB,
    0x40AB, 0x40AB, 0x40AA, 0x38CA, 0x40CA, 0x40CA, 0x40CA, 0x40CA,
    0x40CA, 0x40CA, 0x40CA, 0x40CA, 0x40CA, 0x38CA, 0x38CA, 0x38CA,
    0x38CA, 0x38CA, 0x38AA, 0x38AA, 0x38AA, 0x38AA, 0x38AA, 0x38AA,
    0x38AA, 0x38AA, 0x38AA, 0x38AA, 0x38A9, 0x38A9, 0x38AA, 0x38A9,
    0x38C9, 0x38E9, 0x30C8, 0x2086, 0x0823, 0x0001, 0x0000, 0x0000,
    0x0000, 0x0000, 0x0000, 0x0000, 0x0000, 0x0000, 0x0000, 0x0000,
    0x0000, 0x0000, 0x0000, 0x0000, 0x0000, 0x0000, 0x0000, 0x0000,
    0x0000, 0x0000, 0x0000, 0x0000, 0x1023, 0x1023, 0x1023, 0x1044,
    0x1844, 0x1844, 0x1844, 0x2065, 0x2065, 0x2066, 0x2066, 0x2066,
    0x2867, 0x2887, 0x3088, 0x3088, 0x30A8, 0x30A9, 0x30A9, 0x38A9,
    0x38AA, 0x40CA, 0x40CA, 0x40CA, 0x40CB, 0x40CB, 0x40CB, 0x40CC,
    0x40CC, 0x40CC, 0x40CC, 0x40CC, 0x48CC, 0x40EC, 0x40EC, 0x48CC,
    0x48CC, 0x48CC, 0x48CC, 0x40CC, 0x40CC, 0x40CC, 0x40CC, 0x40CC,
    0x40CC, 0x40CC, 0x40CC, 0x40CC, 0x40CC, 0x40CC, 0x40CC, 0x40CB,
    0x40CB, 0x40CB, 0x40AB, 0x40AB, 0x40AB, 0x40CB, 0x40CB, 0x40CB,
    0x40CB, 0x40CB, 0x40CB, 0x40CB, 0x40CB, 0x40CB, 0x40CB, 0x40CB,
    0x40CA, 0x40CA, 0x40CA, 0x40CA, 0x40CA, 0x38CA, 0x38AA, 0x40AA,
    0x40CA, 0x40AA, 0x38AA, 0x38AA, 0x38AA, 0x38AA, 0x38AA, 0x38AA,
    0x38AA, 0x38AA, 0x38AA, 0x38AA, 0x38CA, 0x38E9, 0x30C9, 0x2087,
    0x1023, 0x0001, 0x0000, 0x0000, 0x0000, 0x0000, 0x0000, 0x0000,
    0x0000, 0x0000, 0x0000, 0x0000, 0x0000, 0x0000, 0x0000, 0x0000,
    0x0000, 0x0000, 0x0000, 0x0000, 0x0000, 0x0000, 0x0000, 0x0000,
    0x1044, 0x1044, 0x1844, 0x1844, 0x1844, 0x1844, 0x1845, 0x2065,
    0x2065, 0x2866, 0x2866, 0x2867, 0x2887, 0x3088, 0x3088, 0x3089,
    0x3889, 0x38AA, 0x38AA, 0x38AA, 0x40AB, 0x40AB, 0x40CB, 0x40CC,
    0x48CC, 0x48CC, 0x48EC, 0x48EC, 0x48ED, 0x48CD, 0x48CD, 0x48CD,
    0x48ED, 0x48ED, 0x50ED, 0x50ED, 0x48ED, 0x48ED, 0x48EC, 0x48EC,
    0x48CD, 0x48CD, 0x48CD, 0x48EC, 0x48CC, 0x48CC, 0x48CC, 0x48CC,
    0x48CC, 0x48CC, 0x40CC, 0x48EC, 0x48EC, 0x48EC, 0x40CC, 0x40CC,
    0x40CC, 0x40CC, 0x40CC, 0x40CC, 0x40CC, 0x40CC, 0x40CC, 0x40CC,
    0x40CC, 0x40CB, 0x40CB, 0x40CB, 0x40CB, 0x40CB, 0x40CB, 0x40CB,
    0x40CB, 0x40CB, 0x40CB, 0x40CB, 0x40CB, 0x40CB, 0x40CB, 0x40CB,
    0x40CB, 0x40CB, 0x40CB, 0x40CB, 0x40AB, 0x40AB, 0x40AB, 0x38AB,
    0x40CB, 0x40CA, 0x38A9, 0x2867, 0x1003, 0x0000, 0x0000, 0x0000,
    0x0000, 0x0000, 0x0000, 0x0000, 0x0000, 0x0000, 0x0000, 0x0000,
    0x0000, 0x0000, 0x0000, 0x0000, 0x0000, 0x0000, 0x0000, 0x0000,
    0x0000, 0x0000, 0x0000, 0x0000, 0x1844, 0x1844, 0x1844, 0x1844,
    0x1844, 0x1845, 0x1845, 0x2065, 0x2066, 0x2866, 0x2867, 0x2887,
    0x3088, 0x3088, 0x3889, 0x3889, 0x38AA, 0x38AA, 0x38AB, 0x40CB,
    0x40CB, 0x40CC, 0x48CC, 0x48EC, 0x48ED, 0x48EC, 0x48ED, 0x50ED,
    0x50ED, 0x50ED, 0x50CD, 0x50CD, 0x50ED, 0x50EE, 0x50EE, 0x50ED,
    0x50ED, 0x48ED, 0x48ED, 0x50ED, 0x50ED, 0x50ED, 0x48ED, 0x48ED,
    0x48ED, 0x48ED, 0x48ED, 0x48ED, 0x48ED, 0x48ED, 0x48ED, 0x48ED,
    0x48EC, 0x48EC, 0x48EC, 0x48EC, 0x48EC, 0x48EC, 0x48CC, 0x48CC,
    0x48CC, 0x48CC, 0x48CC, 0x48CC, 0x48CC, 0x48CC, 0x48CC, 0x48CC,
    0x48CC, 0x40CC, 0x40CC, 0x40CC, 0x40CC, 0x40CC, 0x40CC, 0x40CC,
    0x40CC, 0x40CC, 0x40CB, 0x40CB, 0x40CB, 0x40CB, 0x40CB, 0x40CB,
    0x40CB, 0x40AC, 0x40AC, 0x40AB, 0x40CB, 0x40CB, 0x38AA, 0x2867,
    0x1003, 0x0000, 0x0000, 0x0000, 0x0000, 0x0000, 0x0000, 0x0000,
    0x0000, 0x0000, 0x0000, 0x0000, 0x0000, 0x0000, 0x0000, 0x0000,
    0x0000, 0x0000, 0x0000, 0x0000, 0x0000, 0x0000, 0x0000, 0x0000,
    0x1824, 0x1824, 0x1844, 0x1864, 0x1865, 0x2065, 0x2065, 0x2066,
    0x2866, 0x2867, 0x2887, 0x3088, 0x3088, 0x3889, 0x38AA, 0x38AA,
    0x38AB, 0x40CB, 0x40CB, 0x40CC, 0x48CC, 0x48ED, 0x50ED, 0x50ED,
    0x50ED, 0x50ED, 0x50ED, 0x50EE, 0x50EE, 0x50EE, 0x50EE, 0x50EE,
    0x50EE, 0x50EE, 0x510E, 0x510E, 0x510E, 0x510E, 0x510E, 0x50EE,
    0x50EE, 0x50EE, 0x50EE, 0x50EE, 0x50EE, 0x510E, 0x510E, 0x510E,
    0x50EE, 0x50ED, 0x50ED, 0x50ED, 0x50ED, 0x48ED, 0x48ED, 0x48ED,
    0x50ED, 0x50ED, 0x48ED, 0x48ED, 0x48ED, 0x48ED, 0x48ED, 0x48CD,
    0x48CD, 0x48CD, 0x48CD, 0x48ED, 0x48EC, 0x48EC, 0x48CC, 0x48EC,
    0x48CC, 0x48CC, 0x48CC, 0x48EC, 0x48EC, 0x48CC, 0x40CC, 0x40CB,
    0x40CC, 0x40CC, 0x40CC, 0x40CC, 0x40CC, 0x40CC, 0x40CC, 0x40CC,
    0x40EC, 0x40EB, 0x40CA, 0x3067, 0x1003, 0x0000, 0x0000, 0x0000,
    0x0000, 0x0000, 0x0000, 0x0000, 0x0000, 0x0000, 0x0000, 0x0000,
    0x0000, 0x0000, 0x0000, 0x0000, 0x0000, 0x0000, 0x0000, 0x0000,
    0x0000, 0x0000, 0x0000, 0x0000, 0x1824, 0x1824, 0x1844, 0x1865,
    0x2065, 0x2065, 0x2066, 0x2886, 0x2887, 0x2887, 0x3088, 0x3088,
    0x3089, 0x38AA, 0x38AA, 0x40AB, 0x40CB, 0x40CC, 0x48CC, 0x48EC,
    0x48ED, 0x50EE, 0x50EE, 0x50EE, 0x510E, 0x50EE, 0x58EE, 0x58EF,
    0x590F, 0x590F, 0x590F, 0x590F, 0x590F, 0x590F, 0x590F, 0x590F,
    0x590F, 0x590F, 0x590F, 0x590F, 0x590F, 0x590F, 0x590F, 0x58EF,
    0x590F, 0x590F, 0x590F, 0x590F, 0x590E, 0x50EE, 0x50EE, 0x50EE,
    0x50EE, 0x50EE, 0x50EE, 0x50EE, 0x50EE, 0x50EE, 0x50EE, 0x50EE,
    0x50ED, 0x50ED, 0x50ED, 0x50ED, 0x50ED, 0x50ED, 0x48ED, 0x48ED,
    0x48ED, 0x48ED, 0x48ED, 0x48ED, 0x48ED, 0x48ED, 0x48ED, 0x48ED,
    0x48ED, 0x48ED, 0x48CC, 0x48CC, 0x48CC, 0x48CC, 0x48CC, 0x40EC,
    0x40EC, 0x48CC, 0x48CC, 0x40CC, 0x40EC, 0x490C, 0x40EA, 0x3068,
    0x1004, 0x0001, 0x0000, 0x0000, 0x0000, 0x0000, 0x0000, 0x0000,
    0x0000, 0x0000, 0x0000, 0x0000, 0x0000, 0x0000, 0x0000, 0x0000,
    0x0000, 0x0000, 0x0000, 0x0000, 0x0000, 0x0000, 0x0000, 0x0000,
    0x1845, 0x1845, 0x1845, 0x2045, 0x2066, 0x2066, 0x2066, 0x2887,
    0x2887, 0x3088, 0x3088, 0x3889, 0x38AA, 0x38AA, 0x40AB, 0x40AB,
    0x48CC, 0x48CD, 0x48CD, 0x50CD, 0x50EE, 0x50EF, 0x58EF, 0x590F,
    0x590F, 0x590F, 0x58EF, 0x6110, 0x6110, 0x6130, 0x6131, 0x6131,
    0x6111, 0x6111, 0x6131, 0x6130, 0x5910, 0x5910, 0x590F, 0x5910,
    0x5910, 0x6130, 0x5910, 0x590F, 0x590F, 0x590F, 0x590F, 0x590F,
    0x590F, 0x590F, 0x590F, 0x590F, 0x590F, 0x590F, 0x590F, 0x590F,
    0x590F, 0x590F, 0x510F, 0x510F, 0x50EE, 0x50EE, 0x50EE, 0x50EE,
    0x50EE, 0x50EE, 0x50EE, 0x50EE, 0x50EE, 0x50EE, 0x50EE, 0x50ED,
    0x50ED, 0x50ED, 0x48CD, 0x48CD, 0x50ED, 0x50ED, 0x50ED, 0x50ED,
    0x50ED, 0x50ED, 0x50ED, 0x490D, 0x48ED, 0x50ED, 0x50CD, 0x48CC,
    0x48EC, 0x490C, 0x40EB, 0x3068, 0x1004, 0x0001, 0x0000, 0x0000,
    0x0000, 0x0000, 0x0000, 0x0000, 0x0000, 0x0000, 0x0000, 0x0000,
    0x0000, 0x0000, 0x0000, 0x0000, 0x0000, 0x0000, 0x0000, 0x0000,
    0x0000, 0x0000, 0x0000, 0x0000, 0x1845, 0x1845, 0x2065, 0x2066,
    0x2066, 0x2066, 0x2867, 0x2887, 0x3087, 0x3088, 0x3089, 0x388A,
    0x38AA, 0x40AB, 0x40AB, 0x48AC, 0x48CD, 0x48CD, 0x50EE, 0x50EE,
    0x50EF, 0x58EF, 0x590F, 0x5910, 0x6110, 0x5910, 0x6110, 0x6131,
    0x6931, 0x6131, 0x6131, 0x6131, 0x6931, 0x6931, 0x6131, 0x6131,
    0x6131, 0x6131, 0x6131, 0x6111, 0x6131, 0x6131, 0x6130, 0x6110,
    0x6110, 0x6110, 0x6110, 0x6130, 0x6110, 0x5910, 0x5910, 0x5910,
    0x6110, 0x6110, 0x5910, 0x5910, 0x5910, 0x5910, 0x592F, 0x592F,
    0x592F, 0x592F, 0x592F, 0x590F, 0x590F, 0x590F, 0x590F, 0x590F,
    0x590F, 0x590F, 0x590E, 0x590E, 0x590E, 0x510E, 0x510E, 0x510E,
    0x510E, 0x510E, 0x50EE, 0x50CE, 0x50EE, 0x50EE, 0x50EE, 0x48ED,
    0x48CD, 0x48CD, 0x48CD, 0x48CD, 0x50ED, 0x512D, 0x48EB, 0x3088,
    0x1004, 0x0001, 0x0000, 0x0020, 0x0000, 0x0000, 0x0000, 0x0000,
    0x0000, 0x0000, 0x0000, 0x0000, 0x0000, 0x0000, 0x0000, 0x0000,
    0x0000, 0x0000, 0x0000, 0x0000, 0x0000, 0x0000, 0x0000, 0x0000,
    0x1845, 0x1865, 0x2066, 0x2066, 0x2066, 0x2867, 0x2867, 0x3087,
    0x3088, 0x3089, 0x3889, 0x38AA, 0x40AA, 0x40CB, 0x48CC, 0x48CC,
    0x50ED, 0x50EE, 0x510E, 0x590F, 0x590F, 0x5910, 0x5910, 0x6130,
    0x6131, 0x6131, 0x6132, 0x6952, 0x6952, 0x6111, 0x6110, 0x6111,
    0x6131, 0x6931, 0x6130, 0x6151, 0x6952, 0x7153, 0x6952, 0x6932,
    0x6932, 0x6911, 0x6911, 0x6931, 0x6932, 0x6932, 0x6931, 0x6931,
    0x6931, 0x6111, 0x6110, 0x6130, 0x6151, 0x6951, 0x6951, 0x6951,
    0x6951, 0x6971, 0x6991, 0x71D1, 0x71F1, 0x71F1, 0x71F1, 0x71F1,
    0x71F1, 0x71F1, 0x71F1, 0x71F1, 0x71F1, 0x69F1, 0x69F1, 0x69F1,
    0x69F1, 0x69D1, 0x69D0, 0x69D0, 0x61B0, 0x6170, 0x592F, 0x590F,
    0x58EF, 0x590F, 0x50EE, 0x48CD, 0x48CD, 0x40AC, 0x48CD, 0x48CC,
    0x512D, 0x516D, 0x492B, 0x38A8, 0x1824, 0x0001, 0x0000, 0x0020,
    0x0000, 0x0000, 0x0000, 0x0000, 0x0000, 0x0000, 0x0000, 0x0000,
    0x0000, 0x0000, 0x0000, 0x0000, 0x0000, 0x0000, 0x0000, 0x0000,
    0x0000, 0x0000, 0x0000, 0x0000, 0x2045, 0x2066, 0x2066, 0x2066,
    0x2866, 0x2887, 0x2887, 0x3088, 0x3088, 0x3889, 0x38AA, 0x38AA,
    0x40AB, 0x40CC, 0x48CC, 0x50ED, 0x50EE, 0x510E, 0x510F, 0x590F,
    0x5910, 0x6131, 0x6931, 0x6931, 0x6131, 0x6131, 0x6932, 0x7153,
    0x7152, 0x6932, 0x6111, 0x6111, 0x6131, 0x6131, 0x6131, 0x6131,
    0x6953, 0x7174, 0x7173, 0x6952, 0x6951, 0x6951, 0x6951, 0x6952,
    0x7152, 0x7173, 0x7173, 0x6953, 0x6953, 0x7153, 0x7152, 0x6971,
    0x6131, 0x60F1, 0x58F0, 0x5910, 0x5910, 0x58F0, 0x58CF, 0x58CF,
    0x58CF, 0x58EF, 0x58CF, 0x50CF, 0x50CF, 0x50CF, 0x50CF, 0x50AE,
    0x50CE, 0x50CE, 0x50CE, 0x50CE, 0x50AE, 0x50AE, 0x50CE, 0x50CE,
    0x488E, 0x488E, 0x510E, 0x510D, 0x50CD, 0x48AD, 0x48CD, 0x510E,
    0x592F, 0x510E, 0x50EE, 0x510D, 0x512E, 0x514E, 0x48EC, 0x3068,
    0x1004, 0x0001, 0x0000, 0x0020, 0x0020, 0x0020, 0x0000, 0x0000,
    0x0000, 0x0000, 0x0000, 0x0000, 0x0000, 0x0000, 0x0000, 0x0000,
    0x0000, 0x0000, 0x0000, 0x0000, 0x0000, 0x0000, 0x0000, 0x0000,
    0x2046, 0x2046, 0x2066, 0x2866, 0x2867, 0x2887, 0x2888, 0x30A8,
    0x30A8, 0x38A9, 0x38AA, 0x40AB, 0x40CB, 0x48CC, 0x50ED, 0x510E,
    0x510F, 0x590F, 0x590F, 0x6110, 0x6110, 0x6932, 0x7153, 0x7152,
    0x7131, 0x6911, 0x7131, 0x7132, 0x7153, 0x7153, 0x7133, 0x7113,
    0x6913, 0x6913, 0x6913, 0x6913, 0x6934, 0x7155, 0x7193, 0x69B2,
    0x69F1, 0x69F0, 0x69F1, 0x7213, 0x7A34, 0x7A35, 0x7A36, 0x79F6,
    0x79F6, 0x8216, 0x8235, 0x7A34, 0x6992, 0x58D1, 0x50B0, 0x50CF,
    0x48CD, 0x406D, 0x380D, 0x300C, 0x200B, 0x200A, 0x180A, 0x1809,
    0x200A, 0x200A, 0x1809, 0x1809, 0x1808, 0x1808, 0x1809, 0x1809,
    0x1809, 0x1809, 0x200A, 0x200A, 0x280B, 0x300B, 0x40AB, 0x492B,
    0x490B, 0x40EB, 0x492D, 0x69F1, 0x8274, 0x8233, 0x71D2, 0x69B0,
    0x6190, 0x594F, 0x48CD, 0x3849, 0x1004, 0x0000, 0x0020, 0x0841,
    0x0040, 0x0040, 0x0020, 0x0000, 0x0000, 0x0000, 0x0000, 0x0000,
    0x0000, 0x0000, 0x0000, 0x0000, 0x0000, 0x0000, 0x0000, 0x0000,
    0x0000, 0x0000, 0x0000, 0x0000, 0x2046, 0x2046, 0x2866, 0x2866,
    0x2887, 0x2887, 0x2888, 0x30A8, 0x30A9, 0x38A9, 0x38AA, 0x40CB,
    0x40CC, 0x48ED, 0x510E, 0x510E, 0x590F, 0x590F, 0x6110, 0x6110,
    0x6111, 0x6932, 0x7174, 0x7153, 0x7131, 0x6931, 0x7132, 0x7132,
    0x7153, 0x7153, 0x7974, 0x7954, 0x7154, 0x7154, 0x7154, 0x7154,
    0x6954, 0x6953, 0x6953, 0x7172, 0x6972, 0x6972, 0x6151, 0x6131,
    0x6112, 0x60F2, 0x60D3, 0x58D3, 0x60F3, 0x6933, 0x7193, 0x71D2,
    0x6951, 0x58F1, 0x6131, 0x6190, 0x61B0, 0x596F, 0x5930, 0x50D0,
    0x48AF, 0x48AF, 0x48AF, 0x50AF, 0x50AF, 0x50CF, 0x50CF, 0x50CE,
    0x50CE, 0x50CE, 0x50CE, 0x50CE, 0x50AE, 0x50AE, 0x50CF, 0x50AF,
    0x508F, 0x590F, 0x59EF, 0x622E, 0x59CE, 0x516D, 0x598E, 0x7211,
    0x8253, 0x79F3, 0x6970, 0x590F, 0x50EE, 0x48ED, 0x512D, 0x492C,
    0x1865, 0x0000, 0x0000, 0x0000, 0x0000, 0x0020, 0x0000, 0x0000,
    0x0000, 0x0000, 0x0000, 0x0000, 0x0000, 0x0000, 0x0000, 0x0000,
    0x0000, 0x0000, 0x0000, 0x0000, 0x0000, 0x0000, 0x0000, 0x0000,
    0x2066, 0x2866, 0x2866, 0x2867, 0x2867, 0x2888, 0x3088, 0x30A9,
    0x38A9, 0x38CA, 0x40CB, 0x40CC, 0x48ED, 0x50ED, 0x510E, 0x590F,
    0x590F, 0x6130, 0x6131, 0x6131, 0x6132, 0x6132, 0x6153, 0x6973,
    0x6953, 0x6953, 0x6953, 0x6953, 0x6973, 0x7194, 0x79B4, 0x81D4,
    0x81F5, 0x8215, 0x8215, 0x8214, 0x81F3, 0x79D3, 0x7994, 0x8135,
    0x78B5, 0x7054, 0x6812, 0x5010, 0x400E, 0x380D, 0x300D, 0x300D,
    0x300D, 0x380D, 0x482D, 0x50CE, 0x5950, 0x69B1, 0x8293, 0x9355,
    0xA3D6, 0xAC38, 0xBCBA, 0xC51B, 0xC55B, 0xCDDC, 0xDE3D, 0xE67E,
    0xE67E, 0xEE9E, 0xEEBE, 0xEEDF, 0xF6DF, 0xEEDE, 0xEEDE, 0xEEBE,
    0xEE9E, 0xE65D, 0xDE3C, 0xD5FB, 0xCD7B, 0xBCF9, 0xA497, 0x9BF6,
    0x9355, 0x82D3, 0x7231, 0x69D0, 0x6170, 0x50CE, 0x404C, 0x382B,
    0x384A, 0x410A, 0x624E, 0x6AEF, 0x3989, 0x0021, 0x0000, 0x0000,
    0x0000, 0x0000, 0x0000, 0x0000, 0x0020, 0x0020, 0x0000, 0x0000,
    0x0000, 0x0000, 0x0000, 0x0000, 0x0000, 0x0000, 0x0000, 0x0000,
    0x0000, 0x0000, 0x0000, 0x0000, 0x2866, 0x2866, 0x2867, 0x2867,
    0x2887, 0x3088, 0x3088, 0x3089, 0x38AA, 0x38AB, 0x40CB, 0x48CC,
    0x48ED, 0x50EE, 0x510E, 0x590F, 0x6130, 0x6931, 0x6932, 0x6952,
    0x6152, 0x6152, 0x6153, 0x6974, 0x6974, 0x7195, 0x7195, 0x7175,
    0x7975, 0x7996, 0x7996, 0x8195, 0x8175, 0x7974, 0x7974, 0x7933,
    0x7112, 0x70F2, 0x70B3, 0x7094, 0x7075, 0x7895, 0x78B5, 0x78D4,
    0x70D3, 0x70F2, 0x6931, 0x6991, 0x69B1, 0x71F1, 0x7A51, 0x8AF3,
    0x9395, 0xA456, 0xBD19, 0xD59B, 0xDE1C, 0xE69E, 0xFF5F, 0xFFDF,
    0xFFFF, 0xFFFF, 0xFFFF, 0xFFFF, 0xFFFF, 0xFFFF, 0xFFFF, 0xFFFF,
    0xFFFF, 0xFFFF, 0xFFFF, 0xFFFF, 0xFFFF, 0xFFFF, 0xFFFF, 0xFFFF,
    0xFFFF, 0xFFBF, 0xE6BE, 0xD5FC, 0xCD9C, 0xC51A, 0xB498, 0x9BF5,
    0x8B54, 0x7AF2, 0x7AB1, 0x7251, 0x6A50, 0x6A8E, 0x734F, 0x6B2F,
    0x3968, 0x1003, 0x1063, 0x2103, 0x0861, 0x0000, 0x0000, 0x0000,
    0x0000, 0x0000, 0x0000, 0x0000, 0x0000, 0x0000, 0x0000, 0x0000,
    0x0000, 0x0000, 0x0000, 0x0000, 0x0000, 0x0000, 0x0000, 0x0000,
    0x2867, 0x2867, 0x2887, 0x2888, 0x2888, 0x3088, 0x3089, 0x38AA,
    0x38AA, 0x40AB, 0x40CC, 0x48CD, 0x50EE, 0x510F, 0x590F, 0x6110,
    0x6932, 0x7153, 0x6952, 0x6952, 0x7173, 0x7173, 0x7173, 0x7174,
    0x7995, 0x81B6, 0x81D7, 0x89D8, 0x91D9, 0x91F9, 0x89B8, 0x8157,
    0x78B5, 0x6854, 0x6013, 0x5813, 0x5812, 0x5813, 0x5813, 0x5872,
    0x6132, 0x7A55, 0xA399, 0xC4BD, 0xDDBF, 0xF6BF, 0xFF5F, 0xFFBF,
    0xFFDF, 0xFFBF, 0xFFBF, 0xFFDF, 0xFFDF, 0xFFFF, 0xFFFF, 0xFFFF,
    0xFFFF, 0xFFFF, 0xFFFF, 0xFFFF, 0xFFFF, 0xFFFF, 0xFFFF, 0xFFFF,
    0xFFFF, 0xFFFF, 0xFFFF, 0xFFFF, 0xFFFF, 0xFFFF, 0xFFFF, 0xFFFF,
    0xFFFF, 0xFFFF, 0xFFFF, 0xFFFF, 0xFFFF, 0xFFFF, 0xFFFF, 0xFFDF,
    0xFFFF, 0xFFFF, 0xFFFF, 0xFFDF, 0xFFDF, 0xFFDF, 0xFFBF, 0xEEFF,
    0xDE3D, 0xBD38, 0x8C13, 0x5A8D, 0x30E8, 0x2887, 0x4A09, 0x5B0A,
    0x39C6, 0x18C2, 0x0881, 0x0020, 0x0000, 0x0000, 0x0000, 0x0000,
    0x0000, 0x0000, 0x0000, 0x0000, 0x0000, 0x0000, 0x0000, 0x0000,
    0x0000, 0x0000, 0x0000, 0x0000, 0x2847, 0x2867, 0x2888, 0x2888,
    0x3088, 0x3089, 0x30A9, 0x38AA, 0x40AB, 0x40CB, 0x48CC, 0x48CD,
    0x50EE, 0x590F, 0x5910, 0x6111, 0x6933, 0x7153, 0x6952, 0x6952,
    0x7974, 0x7995, 0x7994, 0x8175, 0x8176, 0x8996, 0x8997, 0x8957,
    0x8938, 0x8938, 0x8117, 0x78D6, 0x7095, 0x7095, 0x78F6, 0x8157,
    0x89B7, 0x89F7, 0x9277, 0x8B16, 0x93F6, 0xAD18, 0xD63D, 0xF75F,
    0xFFFF, 0xFFFF, 0xFFFF, 0xFFFF, 0xFFFF, 0xFFFF, 0xFFFF, 0xFFFF,
    0xFFFF, 0xFFFF, 0xFFFF, 0xFFFF, 0xFFFF, 0xFFFF, 0xFFFF, 0xFFFF,
    0xFFDF, 0xF7BE, 0xF7BE, 0xF79E, 0xEF7E, 0xEF7D, 0xEF7D, 0xEF7D,
    0xEF5D, 0xEF5D, 0xEF5D, 0xEF7D, 0xEF7E, 0xF79E, 0xF79E, 0xF7BF,
    0xFFDF, 0xFFFF, 0xFFFF, 0xFFFF, 0xFFFF, 0xFFFF, 0xFFFF, 0xFFFF,
    0xFFFF, 0xFFFF, 0xFFFF, 0xFFFF, 0xFFFF, 0xF75F, 0xBD98, 0x8C12,
    0x7310, 0x7330, 0x7BCF, 0x636C, 0x39C7, 0x2925, 0x2965, 0x18E3,
    0x0020, 0x0000, 0x0020, 0x0000, 0x0000, 0x0000, 0x0000, 0x0000,
    0x0000, 0x0000, 0x0000, 0x0000, 0x0000, 0x0000, 0x0000, 0x0000,
    0x2047, 0x2867, 0x2888, 0x3088, 0x3088, 0x3089, 0x38A9, 0x38AA,
    0x40CB, 0x40CC, 0x48CC, 0x48CD, 0x50EE, 0x590F, 0x5930, 0x6131,
    0x6932, 0x6932, 0x6952, 0x7173, 0x7975, 0x8196, 0x89B6, 0x8996,
    0x8976, 0x8956, 0x8916, 0x78D5, 0x7074, 0x7074, 0x6894, 0x70F5,
    0x81D6, 0x9AD8, 0xBC5C, 0xDDBF, 0xF6DF, 0xFF7F, 0xFFDF, 0xFFDF,
    0xF7DE, 0xFFFF, 0xFFFF, 0xFFFF, 0xFFFF, 0xFFFF, 0xFFFF, 0xFFFF,
    0xFFFF, 0xFFFF, 0xFFFF, 0xFFFF, 0xFFFF, 0xFFFF, 0xFFFF, 0xFFFF,
    0xFFFF, 0xFFFF, 0xFFFF, 0xFFFF, 0xFFDF, 0xFFDF, 0xFFDF, 0xFFDF,
    0xFFDF, 0xFFDF, 0xFFDF, 0xFFDF, 0xFFDF, 0xFFDF, 0xFFDF, 0xFFDF,
    0xFFDF, 0xFFDF, 0xFFDF, 0xFFDF, 0xFFFF, 0xFFFF, 0xFFFF, 0xFFFF,
    0xFFFF, 0xFFFF, 0xFFFF, 0xFFFE, 0xFFFE, 0xFFFF, 0xFFFF, 0xFFFF,
    0xFFFF, 0xFFFF, 0xFFDF, 0xF79E, 0xF79E, 0xDEDB, 0x9D53, 0x5B0B,
    0x3147, 0x3968, 0x4A69, 0x4228, 0x2103, 0x0861, 0x0861, 0x0841,
    0x0020, 0x0000, 0x0000, 0x0000, 0x0000, 0x0000, 0x0000, 0x0000,
    0x0000, 0x0000, 0x0000, 0x0000, 0x2847, 0x2867, 0x2888, 0x3088,
    0x3088, 0x3089, 0x38A9, 0x40CA, 0x40CB, 0x40CC, 0x48CD, 0x50CE,
    0x50EF, 0x5910, 0x6131, 0x6931, 0x6932, 0x6932, 0x6953, 0x7954,
    0x8135, 0x8155, 0x8976, 0x8176, 0x8136, 0x7915, 0x7915, 0x7114,
    0x7975, 0x8A36, 0x9AF7, 0xA398, 0xB479, 0xCD9C, 0xF6FF, 0xFFFF,
    0xFFFF, 0xFFFF, 0xFFFF, 0xFFFF, 0xFFFF, 0xFFFF, 0xFFFF, 0xFFFF,
    0xF7DE, 0xF77D, 0xEF5D, 0xE73D, 0xE73D, 0xE73D, 0xEF3D, 0xEF5D,
    0xEF5D, 0xEF7E, 0xF77E, 0xF79E, 0xF79E, 0xF7BF, 0xFF9F, 0xFFBF,
    0xFFBF, 0xFFBF, 0xFFDF, 0xFFDF, 0xFFDF, 0xFFDF, 0xFFDF, 0xFFDF,
    0xFFDF, 0xFFDF, 0xFFDF, 0xFFDF, 0xFFDF, 0xFFDF, 0xFFBF, 0xFFBF,
    0xFFBF, 0xFFBF, 0xF79F, 0xF79E, 0xF79E, 0xF79E, 0xF77D, 0xEF5D,
    0xEF3C, 0xEF5C, 0xEF7D, 0xF77E, 0xFFDE, 0xFFFF, 0xFFFF, 0xFFFF,
    0xFFFF, 0xFFFF, 0xCEB9, 0x8C71, 0x6AEE, 0x62AD, 0x62EC, 0x52AA,
    0x39E7, 0x2965, 0x18E3, 0x1082, 0x0841, 0x0020, 0x0000, 0x0000,
    0x0000, 0x0000, 0x0000, 0x0000, 0x0000, 0x0000, 0x0000, 0x0000,
    0x2868, 0x2868, 0x3088, 0x3089, 0x3089, 0x30A9, 0x38AA, 0x40CB,
    0x40CC, 0x48ED, 0x48ED, 0x50EE, 0x5910, 0x6131, 0x6932, 0x7133,
    0x7133, 0x7134, 0x7975, 0x8175, 0x8914, 0x8114, 0x8155, 0x7976,
    0x7156, 0x7197, 0x7A17, 0x82B8, 0xA43A, 0xDE3E, 0xFF7F, 0xFFDF,
    0xFFFF, 0xFFFF, 0xFFFF, 0xFFFF, 0xFFFF, 0xFFFF, 0xFFFF, 0xFFFF,
    0xFFFF, 0xFFFF, 0xFFFF, 0xFFFF, 0xFFFF, 0xFFFF, 0xFFDF, 0xFFDF,
    0xFFDF, 0xFFFF, 0xFFFF, 0xFFDF, 0xFFFF, 0xFFFF, 0xFFFF, 0xFFFF,
    0xFFFF, 0xFFFF, 0xFFFF, 0xFFFF, 0xFFFF, 0xFFFF, 0xFFFF, 0xFFFF,
    0xFFFF, 0xFFFF, 0xFFFF, 0xFFFF, 0xFFFF, 0xFFFF, 0xFFFF, 0xFFFF,
    0xFFFF, 0xFFFF, 0xFFFF, 0xFFFF, 0xFFFF, 0xFFFF, 0xFFFF, 0xFFFF,
    0xFFDF, 0xFFFF, 0xFFFF, 0xFFFF, 0xFFDF, 0xFFFF, 0xFFDF, 0xFFFF,
    0xFFFF, 0xFFFF, 0xFFFF, 0xFFFF, 0xFFFF, 0xFFFF, 0xFFFF, 0xF79D,
    0xDE9B, 0xAD15, 0x73AE, 0x5AEB, 0x52AA, 0x528A, 0x4208, 0x2124,
    0x18C3, 0x10A2, 0x1082, 0x0841, 0x0000, 0x0000, 0x0000, 0x0000,
    0x0000, 0x0000, 0x0000, 0x0000, 0x3068, 0x3068, 0x3088, 0x30A9,
    0x30A9, 0x30A9, 0x38AA, 0x40CB, 0x40EC, 0x48ED, 0x50EE, 0x590F,
    0x5910, 0x6932, 0x6932, 0x7133, 0x7133, 0x7134, 0x7975, 0x8155,
    0x8914, 0x8934, 0x8996, 0x79B6, 0x7A17, 0x935A, 0xAC7C, 0xB55C,
    0xD69E, 0xFFFF, 0xFFFF, 0xFFFF, 0xFFFF, 0xFFFF, 0xFFFE, 0xFFDD,
    0xF79E, 0xEF5E, 0xEF5E, 0xEF5E, 0xF75E, 0xF77F, 0xF77F, 0xFFBF,
    0xFFDF, 0xFFFF, 0xFFFF, 0xFFFF, 0xFFFF, 0xFFFF, 0xFFFF, 0xFFFF,
    0xFFFF, 0xFFFF, 0xFFFF, 0xFFFF, 0xFFFF, 0xFFFF, 0xFFFF, 0xFFFF,
    0xFFFF, 0xFFFF, 0xFFFF, 0xFFFF, 0xFFFF, 0xFFFF, 0xFFFF, 0xFFFF,
    0xFFFF, 0xFFFF, 0xFFFF, 0xFFFF, 0xFFFF, 0xFFFF, 0xFFFF, 0xFFFF,
    0xFFFF, 0xFFFF, 0xFFFF, 0xFFFF, 0xFFFF, 0xFFFF, 0xFFFF, 0xFFFF,
    0xFFFF, 0xFFFF, 0xFFFF, 0xFFFF, 0xFFDF, 0xF7BE, 0xF79E, 0xEF7D,
    0xF77E, 0xFFDF, 0xFFFF, 0xFFFF, 0xFFFF, 0xE73C, 0xAD95, 0x7BEF,
    0x5AEC, 0x5AEC, 0x5AEB, 0x4208, 0x2965, 0x2104, 0x18C3, 0x1082,
    0x0841, 0x0000, 0x0000, 0x0000, 0x0000, 0x0000, 0x0000, 0x0000,
    0x3068, 0x3068, 0x3088, 0x30A9, 0x30A9, 0x38A9, 0x38AA, 0x40CB,
    0x40CC, 0x48ED, 0x50EE, 0x58EE, 0x6110, 0x6132, 0x6932, 0x6933,
    0x7133, 0x7133, 0x7954, 0x8175, 0x8996, 0x91F7, 0x9A98, 0x9AD9,
    0xABBA, 0xDDBE, 0xFF7F, 0xFFDF, 0xFFFF, 0xFFFF, 0xFFFF, 0xFFFF,
    0xFFFF, 0xFFFF, 0xFFFF, 0xFFDF, 0xFFDF, 0xFFDF, 0xFFDF, 0xFFFF,
    0xFFFF, 0xFFFF, 0xFFFF, 0xFFFF, 0xFFFF, 0xFFFF, 0xFFFF, 0xFFFF,
    0xFFFF, 0xFFFF, 0xFFFF, 0xFFFF, 0xFFFF, 0xFFFF, 0xFFFF, 0xFFFF,
    0xFFFF, 0xFFFF, 0xFFFF, 0xFFFF, 0xFFFF, 0xFFFF, 0xFFFF, 0xFFFF,
    0xFFFF, 0xFFFF, 0xFFFF, 0xFFFF, 0xFFFF, 0xFFFF, 0xFFFF, 0xFFFF,
    0xFFFF, 0xFFFF, 0xFFFF, 0xFFFF, 0xFFFF, 0xFFFF, 0xFFFF, 0xFFFF,
    0xFFFF, 0xFFFF, 0xFFFF, 0xFFFF, 0xFFFF, 0xFFFF, 0xFFFF, 0xFFFF,
    0xFFFF, 0xFFDF, 0xFFDF, 0xFFDF, 0xF7BE, 0xFFDF, 0xFFFF, 0xFFFF,
    0xFFFF, 0xFFFF, 0xFFFF, 0xBDD7, 0x6B4D, 0x630C, 0x73AE, 0x630C,
    0x4228, 0x2965, 0x2104, 0x18C3, 0x1082, 0x0841, 0x0020, 0x0000,
    0x0000, 0x0000, 0x0000, 0x0000, 0x2868, 0x3088, 0x3088, 0x30A9,
    0x38A9, 0x38AA, 0x38AA, 0x40CB, 0x48CC, 0x48ED, 0x50EE, 0x590F,
    0x6130, 0x6952, 0x6952, 0x6952, 0x6933, 0x7133, 0x7974, 0x81D5,
    0x8A37, 0x9AD9, 0xB3BB, 0xC49C, 0xDDDD, 0xFF9F, 0xFFFF, 0xFFFF,
    0xFFFF, 0xFFDF, 0xF77F, 0xF75E, 0xF75E, 0xF77E, 0xFF7F, 0xFFBF,
    0xFFDF, 0xFFFF, 0xFFFF, 0xFFFF, 0xFFFF, 0xFFFF, 0xFFFF, 0xFFFF,
    0xFFFF, 0xFFFF, 0xFFFF, 0xFFFF, 0xFFFF, 0xFFFF, 0xFFFF, 0xFFFF,
    0xFFFF, 0xFFFF, 0xFFFF, 0xFFFF, 0xFFFF, 0xFFFF, 0xFFFF, 0xFFFF,
    0xFFFF, 0xFFFF, 0xFFFF, 0xFFFF, 0xFFFF, 0xFFFF, 0xFFFF, 0xFFFF,
    0xFFFF, 0xFFFF, 0xFFFF, 0xFFFF, 0xFFFF, 0xFFFF, 0xFFFF, 0xFFFF,
    0xFFFF, 0xFFFF, 0xFFFF, 0xFFFF, 0xFFFF, 0xFFFF, 0xFFFF, 0xFFFF,
    0xFFFF, 0xFFFF, 0xFFFF, 0xFFFF, 0xFFFF, 0xFFDF, 0xFFFF, 0xFFFF,
    0xFFDF, 0xF7BE, 0xF79E, 0xF79E, 0xF7BE, 0xFFFF, 0xFFFF, 0xEF5D,
    0x8C51, 0x7BCF, 0x9492, 0x7BEF, 0x5ACB, 0x4208, 0x2965, 0x2104,
    0x18C3, 0x1082, 0x0841, 0x0020, 0x0020, 0x0020, 0x0000, 0x0000,
    0x2888, 0x2888, 0x3088, 0x3089, 0x3889, 0x38AA, 0x40AB, 0x40CC,
    0x48CC, 0x50ED, 0x50EE, 0x590F, 0x6131, 0x6952, 0x6972, 0x7152,
    0x7153, 0x7974, 0x81D5, 0x8A57, 0x9319, 0xABDB, 0xCD1E, 0xE65F,
    0xFF9F, 0xFFFF, 0xFFFE, 0xFFFD, 0xFFFC, 0xFFDD, 0xFFDE, 0xFFDF,
    0xFFDF, 0xFFDF, 0xFFDF, 0xFFDF, 0xFFFF, 0xFFFF, 0xFFFF, 0xFFFF,
    0xFFFF, 0xFFFF, 0xFFFF, 0xFFFF, 0xFFFF, 0xFFFF, 0xFFFF, 0xFFFF,
    0xFFFF, 0xFFFF, 0xFFFF, 0xFFFF, 0xFFFF, 0xFFFF, 0xFFFF, 0xFFFF,
    0xFFFF, 0xFFFF, 0xFFFF, 0xFFFF, 0xFFFF, 0xFFFF, 0xFFFF, 0xFFFF,
    0xFFFF, 0xFFFF, 0xFFFF, 0xFFFF, 0xFFFF, 0xFFFF, 0xFFFF, 0xFFFF,
    0xFFFF, 0xFFFF, 0xFFFF, 0xFFFF, 0xFFFF, 0xFFFF, 0xFFFF, 0xFFFF,
    0xFFFF, 0xFFFF, 0xFFFF, 0xFFFF, 0xFFFF, 0xFFFF, 0xFFFF, 0xFFFF,
    0xFFFF, 0xFFFF, 0xFFFF, 0xFFFF, 0xFFFF, 0xFFFF, 0xFFFF, 0xFFDF,
    0xF7BE, 0xFFFF, 0xFFFF, 0xF7BE, 0xC618, 0xB5B6, 0xB596, 0x8C71,
    0x6B4D, 0x52AA, 0x4208, 0x2965, 0x2104, 0x10A2, 0x0861, 0x0020,
    0x0020, 0x0000, 0x0000, 0x0000, 0x2888, 0x2888, 0x3088, 0x3089,
    0x3889, 0x388A, 0x40AB, 0x48CC, 0x48CD, 0x50EE, 0x50EF, 0x590F,
    0x6131, 0x6952, 0x7172, 0x7172, 0x7193, 0x81D5, 0x9257, 0x9B19,
    0xA3FA, 0xC51D, 0xE69F, 0xFFBF, 0xFFFF, 0xFFFF, 0xF7BD, 0xEF9B,
    0xF79B, 0xF7DD, 0xFFFE, 0xFFFF, 0xFFFF, 0xFFFF, 0xFFDF, 0xFFFF,
    0xFFFF, 0xFFFF, 0xFFFF, 0xFFFF, 0xFFFF, 0xFFFF, 0xFFFF, 0xFFFF,
    0xFFFF, 0xFFFF, 0xFFFF, 0xFFFF, 0xFFFF, 0xFFFF, 0xFFFF, 0xFFFF,
    0xFFFF, 0xFFFF, 0xFFFF, 0xFFFF, 0xFFFF, 0xFFFF, 0xFFFF, 0xFFFF,
    0xFFFF, 0xFFFF, 0xFFFF, 0xFFFF, 0xFFFF, 0xFFFF, 0xFFFF, 0xFFFF,
    0xFFFF, 0xFFFF, 0xFFFF, 0xFFFF, 0xFFFF, 0xFFFF, 0xFFFF, 0xFFFF,
    0xFFFF, 0xFFFF, 0xFFFF, 0xFFFF, 0xFFFF, 0xFFFF, 0xFFFF, 0xFFFF,
    0xFFFF, 0xFFFF, 0xFFFF, 0xFFFF, 0xFFFF, 0xFFFF, 0xFFFF, 0xFFFF,
    0xFFFF, 0xFFFF, 0xFFFF, 0xFFFF, 0xF7BE, 0xF7BE, 0xFFFF, 0xFFFF,
    0xEF7D, 0xE71C, 0xC638, 0x94B2, 0x73AE, 0x630C, 0x528A, 0x31A6,
    0x2124, 0x18C3, 0x1082, 0x0841, 0x0020, 0x0020, 0x0000, 0x0000,
    0x2868, 0x2868, 0x3088, 0x3089, 0x3889, 0x38AA, 0x40AB, 0x48CC,
    0x50ED, 0x50EE, 0x58EF, 0x590F, 0x6110, 0x6931, 0x6972, 0x7192,
    0x79F4, 0x8A36, 0x9AD9, 0xABBA, 0xBCFB, 0xDE7D, 0xFFBF, 0xFFFF,
    0xFFFF, 0xFFFF, 0xFFDE, 0xF7DE, 0xF7FE, 0xFFFE, 0xFFFF, 0xFFFF,
    0xFFFF, 0xFFFF, 0xFFFF, 0xFFFF, 0xFFFF, 0xFFFF, 0xFFFF, 0xFFFF,
    0xFFFF, 0xFFFF, 0xFFFF, 0xFFFF, 0xFFFF, 0xFFFF, 0xFFFF, 0xFFFF,
    0xFFFF, 0xFFFF, 0xFFFF, 0xFFFF, 0xFFFF, 0xFFFF, 0xFFFF, 0xFFFF,
    0xFFFF, 0xFFFF, 0xFFFF, 0xFFFF, 0xFFFF, 0xFFFF, 0xFFFF, 0xFFFF,
    0xFFFF, 0xFFFF, 0xFFFF, 0xFFFF, 0xFFFF, 0xFFFF, 0xFFFF, 0xFFFF,
    0xFFFF, 0xFFFF, 0xFFFF, 0xFFFF, 0xFFFF, 0xFFFF, 0xFFFF, 0xFFFF,
    0xFFFF, 0xFFFF, 0xFFFF, 0xFFFF, 0xFFFF, 0xFFFF, 0xFFFF, 0xFFFF,
    0xFFFF, 0xFFFF, 0xFFFF, 0xFFFF, 0xFFFF, 0xFFFF, 0xFFFF, 0xFFFF,
    0xFFDF, 0xFFDF, 0xFFDF, 0xFFFF, 0xFFFF, 0xEF7D, 0xCE59, 0x9CF3,
    0x7BEF, 0x6B6D, 0x5ACB, 0x39E7, 0x2945, 0x18E3, 0x1082, 0x0861,
    0x0841, 0x0841, 0x0000, 0x0000, 0x2867, 0x2887, 0x30A8, 0x30A9,
    0x38A9, 0x38AA, 0x40AB, 0x48CC, 0x50ED, 0x50EE, 0x58EF, 0x58EF,
    0x6110, 0x6931, 0x6972, 0x71B3, 0x8215, 0x9298, 0xAB3A, 0xBC5B,
    0xD5BB, 0xF75D, 0xFFFF, 0xFFFF, 0xFFBF, 0xF79F, 0xFFDF, 0xFFFF,
    0xFFFF, 0xFFFF, 0xFFFF, 0xFFFF, 0xFFFF, 0xFFFF, 0xFFFF, 0xFFFF,
    0xFFFF, 0xFFFF, 0xFFFF, 0xFFFF, 0xFFFF, 0xFFFF, 0xFFFF, 0xFFFF,
    0xFFFF, 0xFFFF, 0xFFFF, 0xFFFF, 0xFFFF, 0xFFFF, 0xFFFF, 0xFFFF,
    0xFFFF, 0xFFFF, 0xFFFF, 0xFFFF, 0xFFFF, 0xFFFF, 0xFFFF, 0xFFFF,
    0xFFFF, 0xFFFF, 0xFFFF, 0xFFFF, 0xFFFF, 0xFFFF, 0xFFFF, 0xFFFF,
    0xFFFF, 0xFFFF, 0xFFFF, 0xFFFF, 0xFFFF, 0xFFFF, 0xFFFF, 0xFFFF,
    0xFFFF, 0xFFFF, 0xFFFF, 0xFFFF, 0xFFFF, 0xFFFF, 0xFFFF, 0xFFFF,
    0xFFFF, 0xFFFF, 0xFFFF, 0xFFFF, 0xFFFF, 0xFFFF, 0xFFFF, 0xFFFF,
    0xFFFF, 0xFFFF, 0xFFFF, 0xFFFF, 0xFFFF, 0xFFDF, 0xFFDF, 0xFFFF,
    0xFFFF, 0xEF7D, 0xCE59, 0xA514, 0x8410, 0x6B6D, 0x52AA, 0x39E7,
    0x2965, 0x2104, 0x10A2, 0x0861, 0x0841, 0x0841, 0x0020, 0x0000,
    0x2887, 0x2887, 0x30A8, 0x30A9, 0x38A9, 0x38AA, 0x40AB, 0x48CC,
    0x50CD, 0x50EE, 0x50EF, 0x590F, 0x6131, 0x6952, 0x7193, 0x79B4,
    0x8A36, 0x9AB8, 0xAB7B, 0xC47C, 0xDDFC, 0xF77D, 0xFFFF, 0xFFFF,
    0xF79F, 0xF79F, 0xFFDF, 0xFFDF, 0xFFDF, 0xFFDF, 0xFFDF, 0xFFBF,
    0xFFDE, 0xFFFD, 0xFFFD, 0xFFFE, 0xF7FF, 0xF7FF, 0xF7FF, 0xF7FF,
    0xFFFF, 0xFFFF, 0xFFFF, 0xFFFF, 0xFFFF, 0xFFFF, 0xFFFF, 0xFFFF,
    0xFFFF, 0xFFFF, 0xFFFF, 0xFFFF, 0xFFFF, 0xFFFF, 0xFFFF, 0xFFFF,
    0xFFFF, 0xFFFF, 0xFFFF, 0xFFFF, 0xFFFF, 0xFFFF, 0xFFFF, 0xFFFF,
    0xFFFF, 0xFFFF, 0xFFFF, 0xFFFF, 0xFFFF, 0xFFFF, 0xFFFF, 0xFFFF,
    0xFFFF, 0xFFFF, 0xFFFF, 0xFFFF, 0xFFFF, 0xFFFF, 0xFFFF, 0xFFFF,
    0xFFFF, 0xFFFF, 0xFFFF, 0xFFFF, 0xFFFF, 0xFFFF, 0xFFFF, 0xFFFF,
    0xFFFF, 0xFFFF, 0xFFFF, 0xFFFF, 0xFFFF, 0xFFFF, 0xFFFF, 0xFFFF,
    0xFFFF, 0xFFDF, 0xFFDF, 0xFFFF, 0xFFFF, 0xEF5D, 0xBDF7, 0x9CD3,
    0x7BEF, 0x632C, 0x528A, 0x31A6, 0x2945, 0x2104, 0x10A2, 0x0841,
    0x0841, 0x0020, 0x0000, 0x0000, 0x2887, 0x2887, 0x30A8, 0x30A9,
    0x38A9, 0x38AA, 0x40AB, 0x40CC, 0x48CD, 0x50EE, 0x50EF, 0x590F,
    0x6131, 0x7172, 0x7193, 0x79B4, 0x8216, 0x9278, 0xAB3A, 0xC43C,
    0xD59C, 0xEF1E, 0xFFFF, 0xFFFF, 0xFFDF, 0xF7DF, 0xFFDF, 0xFFDF,
    0xFFDF, 0xFFDF, 0xFFDF, 0xFFBF, 0xFFBE, 0xFFDD, 0xFFFD, 0xFFFE,
    0xF7FF, 0xF7FF, 0xF7FF, 0xFFFF, 0xFFFF, 0xFFFF, 0xFFFF, 0xFFFF,
    0xFFFF, 0xFFFF, 0xFFFF, 0xFFFF, 0xFFFF, 0xFFFF, 0xFFFF, 0xFFFF,
    0xFFFF, 0xFFFF, 0xFFFF, 0xFFFF, 0xFFFF, 0xFFFF, 0xFFFF, 0xFFFF,
    0xFFFF, 0xFFFF, 0xFFFF, 0xFFFF, 0xFFFF, 0xFFFF, 0xFFFF, 0xFFFF,
    0xFFFF, 0xFFFF, 0xFFFF, 0xFFFF, 0xFFFF, 0xFFFF, 0xFFFF, 0xFFFF,
    0xFFFF, 0xFFFF, 0xFFFF, 0xFFFF, 0xFFFF, 0xFFFF, 0xFFFF, 0xFFFF,
    0xFFFF, 0xFFFF, 0xFFFF, 0xFFFF, 0xFFFF, 0xFFFF, 0xFFFF, 0xFFFF,
    0xFFFF, 0xFFFF, 0xFFFF, 0xFFFF, 0xFFFF, 0xFFDF, 0xF7BE, 0xFFFF,
    0xFFFF, 0xE71C, 0xAD75, 0x8C51, 0x738E, 0x5AEB, 0x4A49, 0x2965,
    0x2104, 0x18E3, 0x10A2, 0x0841, 0x0020, 0x0020, 0x0000, 0x0000,
    0x2867, 0x2888, 0x30A8, 0x30A9, 0x3889, 0x38AA, 0x40AB, 0x48CC,
    0x48ED, 0x50EE, 0x58EF, 0x5910, 0x6131, 0x6952, 0x7193, 0x7194,
    0x81F5, 0x8A37, 0xA2B9, 0xB39B, 0xC4DD, 0xE63F, 0xFF9F, 0xFFFF,
    0xFFFF, 0xF7FE, 0xF7BE, 0xEFBE, 0xF7DF, 0xFFFF, 0xFFFF, 0xFFFF,
    0xFFFF, 0xFFDF, 0xFFFF, 0xFFFF, 0xFFFF, 0xFFFF, 0xFFFF, 0xFFFF,
    0xFFFF, 0xFFFF, 0xFFFF, 0xFFFF, 0xFFFF, 0xFFFF, 0xFFFF, 0xFFFF,
    0xFFFF, 0xFFFF, 0xFFFF, 0xFFFF, 0xFFFF, 0xFFFF, 0xFFFF, 0xFFFF,
    0xFFFF, 0xFFFF, 0xFFFF, 0xFFFF, 0xFFFF, 0xFFFF, 0xFFFF, 0xFFFF,
    0xFFFF, 0xFFFF, 0xFFFF, 0xFFFF, 0xFFFF, 0xFFFF, 0xFFFF, 0xFFFF,
    0xFFFF, 0xFFFF, 0xFFFF, 0xFFFF, 0xFFFF, 0xFFFF, 0xFFFF, 0xFFFF,
    0xFFFF, 0xFFFF, 0xFFFF, 0xFFFF, 0xFFFF, 0xFFFF, 0xFFFF, 0xFFFF,
    0xFFFF, 0xFFFF, 0xFFFF, 0xFFFF, 0xFFFF, 0xFFFF, 0xFFFF, 0xFFFF,
    0xF7BE, 0xF7BE, 0xF7BE, 0xFFFF, 0xFFFF, 0xD6BA, 0x94B2, 0x73AE,
    0x632C, 0x52AA, 0x4208, 0x2124, 0x18C3, 0x10A2, 0x0861, 0x0841,
    0x0020, 0x0000, 0x0000, 0x0000, 0x3068, 0x3068, 0x3088, 0x30A9,
    0x388A, 0x38AA, 0x40AB, 0x48CC, 0x48ED, 0x50EE, 0x590F, 0x5910,
    0x6131, 0x6952, 0x7173, 0x7173, 0x79B5, 0x81D6, 0x9238, 0x9ADA,
    0xB3DC, 0xCD1E, 0xEE5F, 0xFF7F, 0xFFFF, 0xFFFF, 0xFFFE, 0xF7FE,
    0xF7DE, 0xF7FF, 0xFFFF, 0xFFFF, 0xFFFF, 0xFFFF, 0xFFFF, 0xFFFF,
    0xFFFF, 0xFFFF, 0xFFFF, 0xFFFF, 0xFFFF, 0xFFFF, 0xFFFF, 0xFFFF,
    0xFFFF, 0xFFFF, 0xFFFF, 0xFFFF, 0xFFFF, 0xFFFF, 0xFFFF, 0xFFFF,
    0xFFFF, 0xFFFF, 0xFFFF, 0xFFFF, 0xFFFF, 0xFFFF, 0xFFFF, 0xFFFF,
    0xFFFF, 0xFFFF, 0xFFFF, 0xFFFF, 0xFFFF, 0xFFFF, 0xFFFF, 0xFFFF,
    0xFFFF, 0xFFFF, 0xFFFF, 0xFFFF, 0xFFFF, 0xFFFF, 0xFFFF, 0xFFFF,
    0xFFFF, 0xFFFF, 0xFFFF, 0xFFFF, 0xFFFF, 0xFFFF, 0xFFFF, 0xFFFF,
    0xFFFF, 0xFFFF, 0xFFFF, 0xFFFF, 0xFFFF, 0xFFFF, 0xFFFF, 0xFFFF,
    0xFFFF, 0xFFFF, 0xFFFF, 0xFFDF, 0xF7BE, 0xFFDF, 0xFFFF, 0xFFFF,
    0xF79E, 0xB5B6, 0x7BCF, 0x5AEB, 0x528A, 0x4208, 0x31A6, 0x2104,
    0x1082, 0x0841, 0x0841, 0x0020, 0x0020, 0x0000, 0x0000, 0x0000,
    0x3068, 0x3068, 0x3088, 0x38A9, 0x38AA, 0x38AA, 0x40AB, 0x48CC,
    0x48ED, 0x50EE, 0x50EF, 0x5910, 0x6111, 0x6932, 0x6952, 0x7153,
    0x7975, 0x8196, 0x89D7, 0x9258, 0xA31B, 0xB3DC, 0xCCBC, 0xEE1E,
    0xFF9F, 0xFFFF, 0xFFFF, 0xFFFF, 0xF7BE, 0xF79E, 0xF79E, 0xF79F,
    0xF7BF, 0xFFDF, 0xFFFF, 0xFFFF, 0xFFFE, 0xFFFD, 0xFFFE, 0xFFFF,
    0xFFFF, 0xFFFF, 0xFFFF, 0xFFFF, 0xFFFF, 0xFFFF, 0xFFFF, 0xFFFF,
    0xFFFF, 0xFFFF, 0xFFFF, 0xFFFF, 0xFFFF, 0xFFFF, 0xFFFF, 0xFFFF,
    0xFFFF, 0xFFFF, 0xFFFF, 0xFFFF, 0xFFFF, 0xFFFF, 0xFFFF, 0xFFFF,
    0xFFFF, 0xFFFF, 0xFFFF, 0xFFFF, 0xFFFF, 0xFFFF, 0xFFFF, 0xFFFF,
    0xFFFF, 0xFFFF, 0xFFFF, 0xFFFF, 0xFFFF, 0xFFFF, 0xFFFF, 0xFFFF,
    0xFFFF, 0xFFFF, 0xFFFF, 0xFFFF, 0xFFFF, 0xFFFF, 0xFFFF, 0xFFFF,
    0xFFFF, 0xFFFF, 0xFFFF, 0xFFFF, 0xFFFF, 0xFFFF, 0xFFDF, 0xF79E,
    0xEF9D, 0xFFFF, 0xFFFF, 0xFFDF, 0xCE59, 0x8C51, 0x5ACB, 0x4208,
    0x39C7, 0x2965, 0x2124, 0x18E3, 0x1082, 0x0020, 0x0000, 0x0000,
    0x0000, 0x0000, 0x0000, 0x0000, 0x3048, 0x3068, 0x3089, 0x38A9,
    0x38AA, 0x38AA, 0x40AB, 0x48CC, 0x48ED, 0x50EE, 0x50EF, 0x5910,
    0x6111, 0x6932, 0x7133, 0x7954, 0x7975, 0x8175, 0x8196, 0x89D7,
    0x9A59, 0xA2B9, 0xAB3B, 0xCC5D, 0xEDDF, 0xFF3F, 0xFFFF, 0xFFFF,
    0xFFFF, 0xFFFE, 0xFFFE, 0xF7FE, 0xF7FF, 0xFFFF, 0xFFDF, 0xFFDF,
    0xFFDE, 0xFFDD, 0xFFFD, 0xFFFE, 0xFFFF, 0xFFFF, 0xFFFF, 0xFFFF,
    0xFFFF, 0xFFFF, 0xFFFF, 0xFFFF, 0xFFFF, 0xFFFF, 0xFFFF, 0xFFFF,
    0xFFFF, 0xFFFF, 0xFFFF, 0xFFFF, 0xFFFF, 0xFFFF, 0xFFFF, 0xFFFF,
    0xFFFF, 0xFFFF, 0xFFFF, 0xFFFF, 0xFFFF, 0xFFFF, 0xFFFF, 0xFFFF,
    0xFFFF, 0xFFFF, 0xFFFF, 0xFFFF, 0xFFFF, 0xFFFF, 0xFFFF, 0xFFFF,
    0xFFFF, 0xFFFF, 0xFFFF, 0xFFFF, 0xFFFF, 0xFFFF, 0xFFFF, 0xFFFF,
    0xFFFF, 0xFFFF, 0xFFFF, 0xFFFF, 0xFFFF, 0xFFFF, 0xFFFF, 0xFFDF,
    0xFFDF, 0xF7BF, 0xF7BE, 0xFFFF, 0xFFFF, 0xFFFF, 0xFFFF, 0xDEFB,
    0x9CD3, 0x5AEB, 0x39E7, 0x2965, 0x2945, 0x18E3, 0x18C3, 0x1082,
    0x0841, 0x0000, 0x0000, 0x0000, 0x0000, 0x0000, 0x0000, 0x0000,
    0x2848, 0x3068, 0x3089, 0x38A9, 0x38AA, 0x38AA, 0x40AB, 0x40EC,
    0x48ED, 0x50EE, 0x50EF, 0x5910, 0x6111, 0x6932, 0x7154, 0x7975,
    0x8155, 0x8155, 0x8976, 0x8997, 0x91B7, 0x91D8, 0x99FA, 0xAABE,
    0xCBBF, 0xD4BF, 0xEDDF, 0xFF7F, 0xFFFF, 0xFFFF, 0xFFFF, 0xFFFF,
    0xFFFF, 0xF7DF, 0xF79F, 0xF77F, 0xF77F, 0xFF7F, 0xFF9E, 0xFF9F,
    0xFFDF, 0xFFDF, 0xFFFF, 0xFFFF, 0xFFFF, 0xFFFF, 0xFFFF, 0xFFFF,
    0xFFFF, 0xFFFF, 0xFFFF, 0xFFFF, 0xFFFF, 0xFFFF, 0xFFFF, 0xFFFF,
    0xFFFF, 0xFFFF, 0xFFFF, 0xFFFF, 0xFFFF, 0xFFFF, 0xFFFF, 0xFFFF,
    0xFFFF, 0xFFFF, 0xFFFF, 0xFFFF, 0xFFFF, 0xFFFF, 0xFFFF, 0xFFFF,
    0xFFFF, 0xFFFF, 0xFFFF, 0xFFFF, 0xFFFF, 0xFFFF, 0xFFFF, 0xFFFF,
    0xFFFF, 0xFFFF, 0xFFFF, 0xFFFF, 0xFFFF, 0xFFFF, 0xFFFF, 0xFFFF,
    0xFFFF, 0xFFFF, 0xFFDF, 0xF7BE, 0xEF7D, 0xEF5D, 0xF77E, 0xFFFF,
    0xFFFF, 0xFFFF, 0xEF7D, 0xAD55, 0x632D, 0x39E7, 0x2124, 0x18C3,
    0x18C3, 0x1082, 0x0861, 0x0020, 0x0000, 0x0000, 0x0000, 0x0000,
    0x0000, 0x0000, 0x0000, 0x0000, 0x2868, 0x3068, 0x3089, 0x3889,
    0x38AA, 0x38AA, 0x40AB, 0x40CC, 0x48ED, 0x510E, 0x58EF, 0x5910,
    0x6111, 0x6952, 0x7174, 0x7975, 0x8175, 0x8176, 0x8997, 0x9197,
    0x9198, 0x9199, 0x919A, 0x99FD, 0xAA5E, 0xAABE, 0xC39E, 0xED5F,
    0xFEDF, 0xFFBF, 0xFFFF, 0xFFFF, 0xFFFF, 0xFFFF, 0xFFFF, 0xFFFF,
    0xFFFF, 0xFFFF, 0xFFFF, 0xFFFF, 0xFFFF, 0xFFFF, 0xFFFF, 0xFFDF,
    0xFFDF, 0xFFFF, 0xFFFF, 0xFFFF, 0xFFFF, 0xFFFF, 0xFFFF, 0xFFFF,
    0xFFFF, 0xFFFF, 0xFFFF, 0xFFFF, 0xFFFF, 0xFFFF, 0xFFFF, 0xFFFF,
    0xFFFF, 0xFFFF, 0xFFFF, 0xFFFF, 0xFFFF, 0xFFFF, 0xFFFF, 0xFFFF,
    0xFFFF, 0xFFFF, 0xFFFF, 0xFFFF, 0xFFFF, 0xFFFF, 0xFFFF, 0xFFFF,
    0xFFFF, 0xFFFF, 0xFFFF, 0xFFFF, 0xFFFF, 0xFFFF, 0xFFFF, 0xFFFF,
    0xFFFF, 0xFFFF, 0xFFFF, 0xFFFF, 0xFFDF, 0xFFDF, 0xFFDF, 0xFFFF,
    0xFFFF, 0xFFFF, 0xFFFF, 0xFFFF, 0xFFFF, 0xE6FC, 0xAD75, 0x738E,
    0x41E8, 0x2104, 0x1082, 0x0861, 0x0861, 0x0841, 0x0020, 0x0000,
    0x0000, 0x0000, 0x0020, 0x0000, 0x0000, 0x0000, 0x0000, 0x0000,
    0x3088, 0x3088, 0x3088, 0x3889, 0x38AA, 0x38AA, 0x40AB, 0x40CC,
    0x48ED, 0x50EE, 0x590F, 0x590F, 0x6130, 0x6952, 0x7153, 0x7954,
    0x7975, 0x8196, 0x8197, 0x91B8, 0x91B9, 0x91BA, 0x91BA, 0x91BA,
    0x99DB, 0x99BB, 0x99FB, 0xB2BC, 0xBB5C, 0xC41D, 0xDCFE, 0xF63F,
    0xFF7F, 0xFFFF, 0xFFFF, 0xFFFF, 0xFFFF, 0xFFFF, 0xFFFE, 0xFFFE,
    0xFFFE, 0xFFBF, 0xFF7F, 0xF73F, 0xF73F, 0xF75F, 0xF75F, 0xF77F,
    0xF77F, 0xF79F, 0xFFBF, 0xFFDF, 0xFFDF, 0xFFDF, 0xFFDF, 0xFFFE,
    0xFFFD, 0xFFFE, 0xFFFE, 0xFFFF, 0xFFFF, 0xFFFF, 0xFFFF, 0xFFFF,
    0xFFFF, 0xFFFF, 0xFFFF, 0xFFFF, 0xFFFF, 0xFFFF, 0xFFFF, 0xFFFF,
    0xFFFF, 0xFFFF, 0xFFFF, 0xFFFE, 0xFFFE, 0xFFFF, 0xFFFF, 0xFFDF,
    0xFFDF, 0xFFDF, 0xFFDF, 0xF7DF, 0xF7BF, 0xF7BF, 0xF79F, 0xF77F,
    0xF75F, 0xF75F, 0xFFBF, 0xFFFF, 0xFFFF, 0xFFFF, 0xFFFF, 0xF7FD,
    0xB5F6, 0x8430, 0x630B, 0x4207, 0x18E4, 0x0861, 0x0020, 0x0000,
    0x0000, 0x0000, 0x0000, 0x0000, 0x0000, 0x0000, 0x0000, 0x0000,
    0x0000, 0x0000, 0x0000, 0x0000, 0x3087, 0x3087, 0x3088, 0x3089,
    0x38AA, 0x38AA, 0x40AB, 0x40AC, 0x48CD, 0x50EE, 0x590E, 0x590F,
    0x6130, 0x6952, 0x7153, 0x7954, 0x7975, 0x8196, 0x81B7, 0x89B9,
    0x99DA, 0x99FB, 0x99DA, 0x99DA, 0x99DB, 0x99BB, 0x997B, 0x995B,
    0x995C, 0xA1BC, 0xBA9E, 0xD3FF, 0xED3F, 0xFE5F, 0xFF5F, 0xFFDF,
    0xFFFF, 0xFFDF, 0xFFFE, 0xFFFE, 0xFFFF, 0xFFFF, 0xFFFF, 0xFFFF,
    0xFFFF, 0xFFFF, 0xFFFF, 0xFFFF, 0xFFFF, 0xFFFF, 0xFFFF, 0xFFFF,
    0xFFFF, 0xFFDF, 0xFFDF, 0xFFFE, 0xFFFD, 0xFFFE, 0xFFFE, 0xFFFF,
    0xFFFF, 0xFFFF, 0xFFFF, 0xFFFF, 0xFFDF, 0xFFDF, 0xFFFF, 0xFFFF,
    0xFFFF, 0xFFFF, 0xFFFF, 0xFFFF, 0xFFFF, 0xFFFF, 0xFFFE, 0xFFFE,
    0xFFFF, 0xFFFF, 0xFFDF, 0xFFBF, 0xFFBF, 0xFFDF, 0xF7FF, 0xFFFF,
    0xFFFF, 0xFFFE, 0xFFFF, 0xFFFF, 0xFFFF, 0xFFFF, 0xFFFF, 0xFFFF,
    0xFFFF, 0xF7BE, 0xEF7C, 0xB5F6, 0x5B4D, 0x31A7, 0x2944, 0x1903,
    0x0861, 0x0020, 0x0000, 0x0000, 0x0000, 0x0000, 0x0000, 0x0000,
    0x0000, 0x0000, 0x0000, 0x0000, 0x0000, 0x0000, 0x0000, 0x0000,
    0x3087, 0x3067, 0x3068, 0x3089, 0x38AA, 0x38AA, 0x40AB, 0x40AC,
    0x48CD, 0x50EE, 0x590F, 0x590F, 0x6130, 0x6952, 0x7153, 0x7154,
    0x7975, 0x8196, 0x8197, 0x8998, 0x99BA, 0xA1BB, 0xA1DB, 0xA9DC,
    0xA9DD, 0xB1DE, 0xB1DE, 0xB1BE, 0xA97E, 0xA95E, 0xA99E, 0xA9FE,
    0xAA1D, 0xAA3C, 0xAABD, 0xB35E, 0xC3FF, 0xDCBF, 0xE5DF, 0xF6FF,
    0xFFFF, 0xFFFF, 0xFFFF, 0xFFFF, 0xFFFF, 0xFFFF, 0xFFFF, 0xFFFF,
    0xFFFE, 0xFFFD, 0xFFFD, 0xFFFD, 0xFFDE, 0xF79F, 0xF77F, 0xF75F,
    0xF75F, 0xF73F, 0xF73F, 0xF73F, 0xF75F, 0xF75F, 0xF75F, 0xF75F,
    0xF75F, 0xF75F, 0xF75F, 0xF75F, 0xF75F, 0xF75F, 0xF75F, 0xF75F,
    0xF75F, 0xF75F, 0xF75F, 0xF73F, 0xF75F, 0xF75E, 0xEF5E, 0xEF5E,
    0xEF5E, 0xEF9F, 0xF7BF, 0xFFFE, 0xFFFD, 0xFFFD, 0xFFFE, 0xFFFF,
    0xFFFF, 0xFFFF, 0xFFFF, 0xF77D, 0xB575, 0x83EF, 0x738D, 0x5ACB,
    0x2126, 0x0842, 0x0841, 0x0020, 0x0000, 0x0000, 0x0000, 0x0000,
    0x0000, 0x0000, 0x0000, 0x0000, 0x0000, 0x0000, 0x0000, 0x0000,
    0x0000, 0x0000, 0x0000, 0x0000, 0x3087, 0x3087, 0x3088, 0x3889,
    0x38AA, 0x38AA, 0x40AB, 0x40CC, 0x48CD, 0x50EE, 0x590F, 0x590F,
    0x6130, 0x6952, 0x7153, 0x7954, 0x7975, 0x8196, 0x8997, 0x8998,
    0x91B9, 0xA1DA, 0xA9FB, 0xA9FC, 0xB21D, 0xBA1F, 0xC23F, 0xBA1F,
    0xB9FF, 0xB1BF, 0xA97F, 0xA13E, 0x90DD, 0x887C, 0x889D, 0x991E,
    0xA9BF, 0xBA7F, 0xCB7F, 0xD49F, 0xDDBF, 0xEEBF, 0xFF7F, 0xFFDF,
    0xFFDF, 0xFFDF, 0xFFFF, 0xFFDF, 0xFFFE, 0xFFFD, 0xFFFD, 0xFFFD,
    0xFFFE, 0xFFFF, 0xFFFF, 0xFFFF, 0xFFFF, 0xFFFF, 0xFFFF, 0xFFFF,
    0xFFFF, 0xFFFF, 0xFFFF, 0xFFFF, 0xFFFF, 0xFFFF, 0xFFFF, 0xFFFF,
    0xFFFF, 0xFFFF, 0xFFFF, 0xFFFF, 0xFFFF, 0xFFFF, 0xFFFF, 0xFFFF,
    0xFFFF, 0xFFFF, 0xFFFF, 0xFFFE, 0xFFFF, 0xFFFF, 0xFFFF, 0xFFFF,
    0xFFFE, 0xFFFE, 0xFFFE, 0xFFDF, 0xFFFF, 0xFFFF, 0xF71E, 0xBD37,
    0x6ACC, 0x20C3, 0x1882, 0x18A4, 0x0842, 0x0001, 0x0000, 0x0000,
    0x0000, 0x0000, 0x0020, 0x0000, 0x0000, 0x0000, 0x0000, 0x0000,
    0x0000, 0x0000, 0x0000, 0x0000, 0x0000, 0x0000, 0x0000, 0x0000,
    0x3088, 0x3088, 0x3088, 0x3889, 0x38AA, 0x38AA, 0x40AB, 0x40CC,
    0x48ED, 0x510E, 0x590F, 0x590F, 0x6130, 0x6952, 0x7153, 0x7954,
    0x8175, 0x8196, 0x8997, 0x8998, 0x91D9, 0x99FA, 0x99FA, 0x99FB,
    0xA1FC, 0xA9FD, 0xB21E, 0xB21F, 0xBA1F, 0xB9FF, 0xB9FF, 0xB9DF,
    0xB1BF, 0xB19F, 0xB19F, 0xB1BF, 0xB1BF, 0xB1BE, 0xB1BE, 0xB1BE,
    0xA9BF, 0xB1FF, 0xBA3F, 0xBA7F, 0xBAFF, 0xCB7F, 0xCC1F, 0xD49F,
    0xDD7F, 0xF65F, 0xFF1F, 0xFFBF, 0xFFFF, 0xFFFF, 0xFFFF, 0xFFFF,
    0xFFFF, 0xFFFF, 0xFFFF, 0xFFFF, 0xFFFF, 0xFFFF, 0xFFFF, 0xFFFF,
    0xFFFF, 0xFFFF, 0xFFFF, 0xFFFF, 0xFFFF, 0xFFFF, 0xFFFF, 0xFFFF,
    0xFFFF, 0xFFFF, 0xFFFF, 0xFFFF, 0xFFFF, 0xFFFF, 0xFFFF, 0xFFFF,
    0xFFFF, 0xFFFF, 0xFFFF, 0xFFFF, 0xF75F, 0xE67F, 0xD5BF, 0xC51E,
    0xC4DE, 0xB47D, 0xA3BA, 0x7252, 0x2886, 0x0000, 0x0000, 0x0000,
    0x0020, 0x0000, 0x0000, 0x0000, 0x0000, 0x0000, 0x0000, 0x0000,
    0x0000, 0x0000, 0x0000, 0x0000, 0x0000, 0x0000, 0x0000, 0x0000,
    0x0000, 0x0000, 0x0000, 0x0000, 0x3088, 0x3088, 0x3088, 0x3889,
    0x38AA, 0x38AB, 0x40CB, 0x40CC, 0x48ED, 0x510E, 0x590F, 0x590F,
    0x6130, 0x6952, 0x7153, 0x7954, 0x8175, 0x8196, 0x8197, 0x8998,
    0x91D9, 0x91FA, 0x91FA, 0x99FA, 0x99FB, 0xA21C, 0xA21D, 0xAA3D,
    0xB23E, 0xBA5F, 0xBA5F, 0xC25F, 0xC27F, 0xC27F, 0xC27F, 0xC25F,
    0xBA1E, 0xB1BE, 0xA93E, 0xA0DE, 0x985E, 0x981E, 0x981E, 0x983E,
    0xA09E, 0xA93F, 0xB1BF, 0xB25F, 0xBB1F, 0xD3FF, 0xDCBF, 0xE55F,
    0xEDFF, 0xF69F, 0xFEFF, 0xFF5F, 0xFFBF, 0xFFDF, 0xFFDF, 0xFFBF,
    0xFFDF, 0xFFDF, 0xFFDF, 0xFFDF, 0xFFDF, 0xFFDF, 0xFFDF, 0xFFDF,
    0xFFDF, 0xFFDF, 0xFFDF, 0xFFDF, 0xFFDF, 0xFFDF, 0xFFDF, 0xFFDF,
    0xFFBF, 0xFFDF, 0xFFDF, 0xFFBF, 0xFF7F, 0xFEDF, 0xEE5F, 0xE5BF,
    0xD4FF, 0xBBFD, 0xAB3C, 0x9A9B, 0x927B, 0x8A5A, 0x71B6, 0x488E,
    0x1004, 0x0000, 0x0000, 0x0020, 0x0040, 0x0060, 0x0020, 0x0020,
    0x0020, 0x0000, 0x0000, 0x0000, 0x0000, 0x0000, 0x0000, 0x0000,
    0x0000, 0x0000, 0x0000, 0x0000, 0x0000, 0x0000, 0x0000, 0x0000,
    0x3088, 0x3088, 0x3088, 0x3889, 0x38AA, 0x38AB, 0x40AB, 0x40CC,
    0x48ED, 0x510E, 0x590F, 0x590F, 0x6130, 0x6951, 0x7152, 0x7153,
    0x7974, 0x7995, 0x7976, 0x8177, 0x91B8, 0x91B9, 0x91B9, 0x91B9,
    0x99D9, 0x99DA, 0x99FA, 0x99FB, 0xA1FB, 0xA21B, 0xAA1C, 0xA21C,
    0xA21C, 0xAA1C, 0xAA1D, 0xAA1D, 0xA9FC, 0xA9FC, 0xA9FD, 0xA9DD,
    0xA99C, 0xA19C, 0xA19C, 0xA17C, 0xA17C, 0xA17C, 0xA17C, 0x995C,
    0x995C, 0x997C, 0x997C, 0x997B, 0x999B, 0x919B, 0x919A, 0x99BA,
    0x99FB, 0x9A1B, 0x9A3A, 0x9A59, 0x9A98, 0x9AB8, 0xA2D9, 0xA2F9,
    0xA2F9, 0xA318, 0xA338, 0x9B38, 0xA358, 0xA379, 0xA379, 0xA358,
    0xA358, 0xA339, 0x9B18, 0x9AF8, 0x92B7, 0x9297, 0x9296, 0x9297,
    0x9258, 0x9218, 0x89B8, 0x8998, 0x8977, 0x8136, 0x7915, 0x70F4,
    0x8176, 0x89F7, 0x7174, 0x406C, 0x1804, 0x0000, 0x0000, 0x0820,
    0x0040, 0x0040, 0x0000, 0x0000, 0x0000, 0x0000, 0x0000, 0x0000,
    0x0000, 0x0000, 0x0000, 0x0000, 0x0000, 0x0000, 0x0000, 0x0000,
    0x0000, 0x0000, 0x0000, 0x0000, 0x3088, 0x3088, 0x3088, 0x3889,
    0x38AA, 0x38AB, 0x40AB, 0x40CC, 0x48ED, 0x510E, 0x590E, 0x590F,
    0x6130, 0x6952, 0x7153, 0x7954, 0x8196, 0x8197, 0x8197, 0x9199,
    0x99BA, 0xA1DB, 0xA1DC, 0xA1DC, 0xA9FC, 0xAA1D, 0xAA1D, 0xAA1D,
    0xB23E, 0xB23E, 0xB25F, 0xB25F, 0xB25F, 0xB23F, 0xBA5F, 0xBA5F,
    0xBA5F, 0xC27F, 0xC2BF, 0xCADF, 0xCADF, 0xCADF, 0xCADF, 0xCABF,
    0xC27F, 0xBA3F, 0xB9FF, 0xB1BF, 0xA97F, 0xA91F, 0xA0DF, 0x987F,
    0x985E, 0x903E, 0x901E, 0x901E, 0x981F, 0x981F, 0x983D, 0x905C,
    0x909C, 0x98BC, 0x98DC, 0x98FC, 0x98FC, 0x991C, 0x991B, 0x993B,
    0x993C, 0x995C, 0x995C, 0x995B, 0x993B, 0x991B, 0x90FB, 0x90DB,
    0x88BA, 0x8899, 0x8898, 0x8879, 0x885A, 0x805B, 0x803A, 0x807A,
    0x8899, 0x88D8, 0x88D8, 0x88D8, 0xA19B, 0xB29D, 0x9217, 0x50ED,
    0x1845, 0x0021, 0x0821, 0x0842, 0x0040, 0x0040, 0x0000, 0x0000,
    0x0000, 0x0000, 0x0000, 0x0000, 0x0000, 0x0000, 0x0000, 0x0000,
    0x0000, 0x0000, 0x0000, 0x0000, 0x0000, 0x0000, 0x0000, 0x0000,
    0x2867, 0x3068, 0x3088, 0x38A9, 0x38AA, 0x40AB, 0x40AB, 0x48CD,
    0x48ED, 0x50EE, 0x590F, 0x58EF, 0x6931, 0x7153, 0x8175, 0x8977,
    0x91B9, 0x99DA, 0x99BB, 0xA1DC, 0xB21E, 0xBA1F, 0xBA1F, 0xBA3F,
    0xC25F, 0xCA5F, 0xCA7F, 0xD27F, 0xD27F, 0xDA9F, 0xDA9F, 0xDA7F,
    0xDA7F, 0xDA7F, 0xDA9F, 0xE29F, 0xE29F, 0xE29F, 0xE2BF, 0xE2BF,
    0xE2BF, 0xE2BF, 0xE2BF, 0xE2BF, 0xE2BF, 0xE29F, 0xE2BF, 0xE29F,
    0xE29F, 0xE29F, 0xE27F, 0xE27F, 0xE27F, 0xE25F, 0xE25F, 0xE23F,
    0xE23F, 0xE23F, 0xE23F, 0xE23F, 0xE23F, 0xE23F, 0xE23F, 0xDA3F,
    0xDA3F, 0xDA1F, 0xDA1F, 0xDA1F, 0xDA1F, 0xDA1F, 0xDA1F, 0xDA1F,
    0xDA1F, 0xD21F, 0xD1FF, 0xD1FF, 0xD1FF, 0xD21F, 0xD21F, 0xCA1F,
    0xD1FF, 0xC9FF, 0xC21F, 0xC23F, 0xC25F, 0xC25F, 0xC21F, 0xC1BF,
    0xDA5F, 0xEB3F, 0xB29C, 0x590F, 0x1025, 0x0000, 0x0000, 0x0020,
    0x0000, 0x0000, 0x0000, 0x0000, 0x0000, 0x0000, 0x0000, 0x0000,
    0x0000, 0x0000, 0x0000, 0x0000, 0x0000, 0x0000, 0x0000, 0x0000,
    0x0000, 0x0000, 0x0000, 0x0000, 0x2867, 0x3067, 0x3088, 0x38A9,
    0x38AA, 0x40AB, 0x40AB, 0x48CD, 0x48EE, 0x50EE, 0x58EE, 0x60EF,
    0x6911, 0x7152, 0x7153, 0x7154, 0x7975, 0x8196, 0x8977, 0x8997,
    0x91B9, 0x99D9, 0x99DA, 0x99DA, 0x99FB, 0xA1FC, 0xA9FD, 0xA9FD,
    0xA9FE, 0xB21E, 0xB21F, 0xB1FF, 0xB1FF, 0xB1FF, 0xB1FF, 0xB21F,
    0xB21F, 0xB21E, 0xB21E, 0xB21E, 0xB21F, 0xB21F, 0xB23F, 0xB23F,
    0xBA3F, 0xBA5F, 0xBA7F, 0xBA7F, 0xBA9F, 0xBABF, 0xC2BF, 0xC2BF,
    0xC2DF, 0xC2DF, 0xC2DF, 0xC2DF, 0xBABF, 0xBABF, 0xBA9F, 0xBA9F,
    0xBA7F, 0xBA5F, 0xBA3F, 0xB23F, 0xB23E, 0xB21E, 0xB21E, 0xB21E,
    0xB1FE, 0xA9FD, 0xA9FD, 0xA9FD, 0xA9FD, 0xA9FC, 0xA9FC, 0xAA1D,
    0xAA1D, 0xAA3C, 0xAA3C, 0xAA3C, 0xAA3C, 0xAA3C, 0xA25C, 0xA27B,
    0x9A7A, 0x9A7B, 0x9A1B, 0x99BA, 0xAA1C, 0xB2BC, 0x8A16, 0x48EC,
    0x1024, 0x0000, 0x0000, 0x0000, 0x0000, 0x0000, 0x0000, 0x0000,
    0x0000, 0x0000, 0x0000, 0x0000, 0x0000, 0x0000, 0x0000, 0x0000,
    0x0000, 0x0000, 0x0000, 0x0000, 0x0000, 0x0000, 0x0000, 0x0000,
    0x2867, 0x3067, 0x3088, 0x38A9, 0x38AA, 0x38AA, 0x40AB, 0x48CD,
    0x48ED, 0x50EE, 0x590E, 0x60EF, 0x6110, 0x6130, 0x50EE, 0x40CC,
    0x48CC, 0x48ED, 0x48CC, 0x48CC, 0x48EC, 0x48EC, 0x48CC, 0x48CC,
    0x48EC, 0x48ED, 0x48CC, 0x48CC, 0x48CC, 0x48CC, 0x48CC, 0x48CC,
    0x48CC, 0x48CC, 0x48CC, 0x48CC, 0x48CC, 0x48CC, 0x40CC, 0x40CB,
    0x40CB, 0x40CB, 0x40CB, 0x40CB, 0x40CB, 0x40CA, 0x40CA, 0x38CA,
    0x38CA, 0x38CA, 0x38C9, 0x38A9, 0x38A9, 0x30A9, 0x30A8, 0x30A8,
    0x30A8, 0x30A8, 0x30A7, 0x28A7, 0x28A7, 0x2887, 0x2887, 0x2886,
    0x2086, 0x2086, 0x2086, 0x2066, 0x2065, 0x2065, 0x2065, 0x2065,
    0x1865, 0x1864, 0x1864, 0x1864, 0x1864, 0x1864, 0x1864, 0x1864,
    0x1864, 0x1864, 0x1864, 0x1864, 0x1063, 0x1084, 0x1064, 0x1023,
    0x1843, 0x20A4, 0x2065, 0x1805, 0x0803, 0x0000, 0x0000, 0x0000,
    0x0000, 0x0000, 0x0000, 0x0000, 0x0000, 0x0000, 0x0000, 0x0000,
    0x0000, 0x0000, 0x0000, 0x0000, 0x0000, 0x0000, 0x0000, 0x0000,
    0x0000, 0x0000, 0x0000, 0x0000, 0x2867, 0x3067, 0x3088, 0x38A9,
    0x38AA, 0x38AA, 0x40AB, 0x48CC, 0x48ED, 0x50EE, 0x590F, 0x610F,
    0x6110, 0x590F, 0x40CB, 0x3088, 0x3088, 0x30A9, 0x3088, 0x3088,
    0x2888, 0x2887, 0x2867, 0x2867, 0x2867, 0x2066, 0x2066, 0x2066,
    0x2065, 0x2065, 0x2065, 0x2065, 0x1865, 0x1865, 0x1845, 0x1844,
    0x1844, 0x1844, 0x1844, 0x1844, 0x1844, 0x1043, 0x1043, 0x1023,
    0x1023, 0x1023, 0x0822, 0x0822, 0x0822, 0x0801, 0x0801, 0x0001,
    0x0000, 0x0000, 0x0000, 0x0000, 0x0000, 0x0000, 0x0000, 0x0000,
    0x0000, 0x0000, 0x0000, 0x0000, 0x0000, 0x0000, 0x0000, 0x0000,
    0x0000, 0x0000, 0x0000, 0x0000, 0x0000, 0x0000, 0x0000, 0x0000,
    0x0000, 0x0000, 0x0000, 0x0000, 0x0000, 0x0000, 0x0000, 0x0000,
    0x0000, 0x0000, 0x0000, 0x0000, 0x0000, 0x0000, 0x0000, 0x0803,
    0x0803, 0x0000, 0x0000, 0x0000, 0x0000, 0x0000, 0x0000, 0x0000,
    0x0000, 0x0000, 0x0000, 0x0000, 0x0000, 0x0000, 0x0000, 0x0000,
    0x0000, 0x0000, 0x0000, 0x0000, 0x0000, 0x0000, 0x0000, 0x0000,
    0x2867, 0x3067, 0x3088, 0x38A9, 0x38AA, 0x40AB, 0x40CB, 0x48CD,
    0x48ED, 0x50EE, 0x590F, 0x6110, 0x6130, 0x6130, 0x48ED, 0x40AA,
    0x40CB, 0x48CC, 0x40CC, 0x40CC, 0x40CB, 0x40CB, 0x40CB, 0x40CB,
    0x40CB, 0x40CB, 0x40CB, 0x40CB, 0x40AB, 0x40AB, 0x40CB, 0x40CB,
    0x40CB, 0x40CB, 0x38CB, 0x38AA, 0x38AA, 0x38AA, 0x38AA, 0x38AA,
    0x38AA, 0x38AA, 0x38A9, 0x38A9, 0x30A9, 0x30A9, 0x3089, 0x3088,
    0x3088, 0x3088, 0x2887, 0x2887, 0x2887, 0x2887, 0x2887, 0x2086,
    0x2066, 0x2066, 0x2065, 0x2065, 0x2065, 0x1865, 0x1864, 0x1844,
    0x1844, 0x1844, 0x1044, 0x1043, 0x1043, 0x1043, 0x1043, 0x1043,
    0x1042, 0x1042, 0x1042, 0x1042, 0x0842, 0x0842, 0x0842, 0x0842,
    0x0822, 0x0822, 0x0822, 0x0822, 0x0822, 0x0822, 0x0822, 0x0822,
    0x0020, 0x0020, 0x1003, 0x2006, 0x1005, 0x0001, 0x0000, 0x0000,
    0x0000, 0x0000, 0x0000, 0x0000, 0x0000, 0x0000, 0x0000, 0x0000,
    0x0000, 0x0000, 0x0000, 0x0000, 0x0000, 0x0000, 0x0000, 0x0000,
    0x0000, 0x0000, 0x0000, 0x0000, 0x2867, 0x3067, 0x3089, 0x38A9,
    0x38AA, 0x40CB, 0x40CC, 0x48CD, 0x48ED, 0x50EE, 0x590F, 0x6110,
    0x6130, 0x6130, 0x50EE, 0x48CC, 0x48CD, 0x50EE, 0x50ED, 0x50ED,
    0x50ED, 0x50ED, 0x50EE, 0x50EE, 0x50EE, 0x50EE, 0x50EE, 0x50EE,
    0x50EE, 0x50EE, 0x50EE, 0x50EE, 0x50EE, 0x50EE, 0x50EE, 0x50EE,
    0x50ED, 0x50ED, 0x50ED, 0x48ED, 0x48ED, 0x48ED, 0x48ED, 0x48CD,
    0x48CC, 0x48CC, 0x48CC, 0x48CC, 0x40CC, 0x40CB, 0x40CB, 0x40CB,
    0x40CB, 0x38AB, 0x38AA, 0x38AA, 0x38AA, 0x38A9, 0x38A9, 0x30A9,
    0x30A9, 0x3088, 0x3088, 0x3088, 0x3088, 0x2888, 0x2887, 0x2887,
    0x2887, 0x2887, 0x2887, 0x2867, 0x2866, 0x2866, 0x2066, 0x2066,
    0x2066, 0x2066, 0x2066, 0x2066, 0x2066, 0x2066, 0x2066, 0x2065,
    0x2065, 0x2065, 0x2065, 0x2066, 0x1865, 0x1063, 0x2045, 0x2828,
    0x1005, 0x0001, 0x0000, 0x0000, 0x0000, 0x0000, 0x0000, 0x0000,
    0x0000, 0x0000, 0x0000, 0x0000, 0x0000, 0x0000, 0x0000, 0x0000,
    0x0000, 0x0000, 0x0000, 0x0000, 0x0000, 0x0000, 0x0000, 0x0000,
    0x2867, 0x3067, 0x3088, 0x38A9, 0x38AA, 0x40CB, 0x40CC, 0x48CD,
    0x48CD, 0x50EE, 0x590F, 0x6110, 0x6130, 0x6110, 0x50ED, 0x40CB,
    0x40CB, 0x48CC, 0x48CC, 0x48CC, 0x48CC, 0x48CC, 0x48CC, 0x48CC,
    0x48CC, 0x48CC, 0x48CC, 0x40CC, 0x40CC, 0x48CC, 0x48CC, 0x40CC,
    0x40CC, 0x40CB, 0x40CB, 0x40CB, 0x40CB, 0x40CB, 0x40CB, 0x40CB,
    0x40CB, 0x40CA, 0x40AA, 0x38AA, 0x38AA, 0x38AA, 0x38A9, 0x38A9,
    0x38A9, 0x30A9, 0x30A9, 0x3088, 0x3088, 0x3088, 0x2887, 0x2887,
    0x2887, 0x2867, 0x2866, 0x2066, 0x2066, 0x2066, 0x2065, 0x2065,
    0x1865, 0x1865, 0x1865, 0x1844, 0x1844, 0x1844, 0x1844, 0x1844,
    0x1844, 0x1043, 0x1043, 0x1043, 0x1043, 0x1043, 0x1043, 0x1043,
    0x1023, 0x1023, 0x1043, 0x1043, 0x1043, 0x1043, 0x1043, 0x1023,
    0x0842, 0x0841, 0x1824, 0x2026, 0x1004, 0x0000, 0x0000, 0x0000,
    0x0000, 0x0000, 0x0000, 0x0000, 0x0000, 0x0000, 0x0000, 0x0000,
    0x0000, 0x0000, 0x0000, 0x0000, 0x0000, 0x0000, 0x0000, 0x0000,
    0x0000, 0x0000, 0x0000, 0x0000, 0x2867, 0x3067, 0x3088, 0x38A9,
    0x38AA, 0x40CB, 0x40CC, 0x48CD, 0x48ED, 0x50EE, 0x590F, 0x6110,
    0x6110, 0x6110, 0x50ED, 0x40CB, 0x40CB, 0x48CC, 0x48CC, 0x48CC,
    0x48CC, 0x48CC, 0x48CC, 0x48CC, 0x40CC, 0x40CC, 0x40CC, 0x40CC,
    0x40CC, 0x40CB, 0x40CB, 0x40CB, 0x40CB, 0x40AB, 0x40AB, 0x40CB,
    0x40CB, 0x40CB, 0x40AB, 0x40AA, 0x38AA, 0x38AA, 0x38AA, 0x38AA,
    0x38A9, 0x38A9, 0x30A9, 0x30A9, 0x30A9, 0x3088, 0x3088, 0x3088,
    0x2888, 0x2887, 0x2887, 0x2887, 0x2866, 0x2066, 0x2066, 0x2066,
    0x2066, 0x2065, 0x2065, 0x1865, 0x1864, 0x1844, 0x1844, 0x1844,
    0x1844, 0x1844, 0x1843, 0x1043, 0x1043, 0x1043, 0x1043, 0x1043,
    0x1023, 0x1043, 0x1043, 0x1043, 0x1022, 0x1022, 0x0822, 0x0822,
    0x0822, 0x0822, 0x0822, 0x1022, 0x0822, 0x0041, 0x1023, 0x2006,
    0x1004, 0x0000, 0x0000, 0x0000, 0x0000, 0x0000, 0x0000, 0x0000,
    0x0000, 0x0000, 0x0000, 0x0000, 0x0000, 0x0000, 0x0000, 0x0000,
    0x0000, 0x0000, 0x0000, 0x0000, 0x0000, 0x0000, 0x0000, 0x0000,
    0x2867, 0x3067, 0x3089, 0x38A9, 0x38AA, 0x38CB, 0x40CC, 0x48CD,
    0x48ED, 0x50EE, 0x590F, 0x6110, 0x6130, 0x6110, 0x50ED, 0x40CB,
    0x40CB, 0x48CC, 0x48CC, 0x48CC, 0x48CC, 0x48CC, 0x48CC, 0x48CC,
    0x40CC, 0x40CC, 0x40CC, 0x40CC, 0x40CC, 0x40CB, 0x40CB, 0x40CB,
    0x40CB, 0x40CB, 0x40CB, 0x40CB, 0x40AB, 0x40AB, 0x40AB, 0x38AA,
    0x38AA, 0x38AA, 0x38AA, 0x38AA, 0x38A9, 0x38A9, 0x30A9, 0x3089,
    0x3089, 0x3088, 0x3088, 0x3088, 0x2887, 0x2887, 0x2887, 0x2887,
    0x2886, 0x2066, 0x2066, 0x2066, 0x2065, 0x2065, 0x2065, 0x1865,
    0x1844, 0x1844, 0x1844, 0x1844, 0x1844, 0x1843, 0x1043, 0x1043,
    0x1043, 0x1043, 0x1043, 0x1043, 0x1023, 0x1023, 0x1022, 0x1022,
    0x1022, 0x0822, 0x0822, 0x0822, 0x0822, 0x0822, 0x0822, 0x1022,
    0x0822, 0x0021, 0x1023, 0x2006, 0x1004, 0x0001, 0x0000, 0x0000,
    0x0000, 0x0000, 0x0000, 0x0000, 0x0000, 0x0000, 0x0000, 0x0000,
    0x0000, 0x0000, 0x0000, 0x0000, 0x0000, 0x0000, 0x0000, 0x0000,
    0x0000, 0x0000, 0x0000, 0x0000, 0x2867, 0x3067, 0x3088, 0x38A9,
    0x38AA, 0x38CB, 0x40CC, 0x48ED, 0x48ED, 0x50EE, 0x590F, 0x5910,
    0x6130, 0x5910, 0x50ED, 0x40CB, 0x40CB, 0x48CC, 0x48CC, 0x48CC,
    0x48CC, 0x48CC, 0x48CC, 0x48CC, 0x40CC, 0x40CC, 0x40CC, 0x40CC,
    0x40CC, 0x40CB, 0x40CB, 0x40CB, 0x40CB, 0x40CB, 0x40CB, 0x40CB,
    0x40AB, 0x40AB, 0x40AA, 0x40AA, 0x38AA, 0x38AA, 0x38AA, 0x38AA,
    0x38A9, 0x38A9, 0x30A9, 0x3089, 0x3089, 0x3088, 0x3088, 0x3088,
    0x2887, 0x2887, 0x2887, 0x2887, 0x2066, 0x2066, 0x2066, 0x2066,
    0x2065, 0x1865, 0x1865, 0x1845, 0x1844, 0x1844, 0x1844, 0x1844,
    0x1844, 0x1044, 0x1043, 0x1043, 0x1043, 0x1043, 0x1043, 0x1043,
    0x1023, 0x1023, 0x1022, 0x1022, 0x1022, 0x0822, 0x0822, 0x0822,
    0x0822, 0x0822, 0x0822, 0x0822, 0x0821, 0x0020, 0x1023, 0x2006,
    0x1004, 0x0001, 0x0000, 0x0000, 0x0000, 0x0000, 0x0000, 0x0000,
    0x0000, 0x0000, 0x0000, 0x0000, 0x0000, 0x0000, 0x0000, 0x0000,
    0x0000, 0x0000, 0x0000, 0x0000, 0x0000, 0x0000, 0x0000, 0x0000,
    0x2867, 0x3067, 0x3088, 0x38A9, 0x38AA, 0x40CB, 0x40CC, 0x48ED,
    0x48ED, 0x50EE, 0x590F, 0x5910, 0x6130, 0x6110, 0x50ED, 0x40CB,
    0x40CB, 0x48CC, 0x48CC, 0x48CC, 0x48CC, 0x48CC, 0x48CC, 0x48CC,
    0x40CC, 0x40CC, 0x40CC, 0x40CC, 0x40CC, 0x40CB, 0x40CB, 0x40CB,
    0x40CB, 0x40CB, 0x40CB, 0x40CB, 0x40AB, 0x40AB, 0x40AA, 0x40AA,
    0x38AA, 0x38AA, 0x38AA, 0x38AA, 0x38A9, 0x38A9, 0x30A9, 0x3089,
    0x3088, 0x3088, 0x3088, 0x3088, 0x2888, 0x2887, 0x2867, 0x2867,
    0x2066, 0x2066, 0x2066, 0x2066, 0x2065, 0x2065, 0x1845, 0x1845,
    0x1844, 0x1844, 0x1844, 0x1844, 0x1844, 0x1044, 0x1043, 0x1043,
    0x1043, 0x1023, 0x1023, 0x1023, 0x1023, 0x1023, 0x1022, 0x1022,
    0x0822, 0x0822, 0x0822, 0x0822, 0x0822, 0x0822, 0x0822, 0x0822,
    0x0821, 0x0020, 0x1023, 0x2006, 0x0804, 0x0000, 0x0000, 0x0000,
    0x0000, 0x0000, 0x0000, 0x0000, 0x0000, 0x0000, 0x0000, 0x0000,
    0x0000, 0x0000, 0x0000, 0x0000, 0x0000, 0x0000, 0x0000, 0x0000,
    0x0000, 0x0000, 0x0000, 0x0000, 0x2867, 0x3067, 0x3088, 0x38A9,
    0x38AA, 0x38CB, 0x40CC, 0x48CD, 0x48ED, 0x50EE, 0x590F, 0x6110,
    0x6130, 0x6110, 0x50ED, 0x40CB, 0x40CB, 0x48CC, 0x48CC, 0x48CC,
    0x48CC, 0x48CC, 0x48CC, 0x48CC, 0x40CC, 0x40CC, 0x40CC, 0x40CC,
    0x40CC, 0x40CB, 0x40CB, 0x40CB, 0x40CB, 0x40CB, 0x40CB, 0x40CB,
    0x40AB, 0x40AB, 0x40AB, 0x40AA, 0x38AA, 0x38AA, 0x38AA, 0x38AA,
    0x38AA, 0x38A9, 0x30A9, 0x3089, 0x3088, 0x3088, 0x3088, 0x2888,
    0x2887, 0x2887, 0x2867, 0x2867, 0x2066, 0x2066, 0x2066, 0x2066,
    0x2065, 0x2045, 0x1845, 0x1845, 0x1844, 0x1844, 0x1844, 0x1844,
    0x1044, 0x1043, 0x1043, 0x1043, 0x1043, 0x1023, 0x1023, 0x1023,
    0x1023, 0x1023, 0x1022, 0x0822, 0x0822, 0x0822, 0x0822, 0x0822,
    0x0822, 0x0822, 0x0822, 0x0822, 0x0821, 0x0021, 0x1023, 0x2006,
    0x0804, 0x0000, 0x0000, 0x0000, 0x0000, 0x0000, 0x0000, 0x0000,
    0x0000, 0x0000, 0x0000, 0x0000, 0x0000, 0x0000, 0x0000, 0x0000,
    0x0000, 0x0000, 0x0000, 0x0000, 0x0000, 0x0000, 0x0000, 0x0000,
    0x3087, 0x3088, 0x3089, 0x38A9, 0x38AA, 0x38AB, 0x40CB, 0x48CD,
    0x48ED, 0x50EE, 0x590F, 0x5910, 0x6130, 0x6110, 0x50ED, 0x40CB,
    0x40CB, 0x48CC, 0x48CC, 0x48CC, 0x48CC, 0x48CC, 0x48CC, 0x48CC,
    0x40CC, 0x40CC, 0x40CC, 0x40CC, 0x40CC, 0x40CB, 0x40CB, 0x40CB,
    0x40CB, 0x40CB, 0x40CB, 0x40CB, 0x40AB, 0x40AB, 0x38AB, 0x38AA,
    0x38AA, 0x38AA, 0x38AA, 0x38AA, 0x38A9, 0x38A9, 0x30A9, 0x3089,
    0x3088, 0x3088, 0x3088, 0x2888, 0x2887, 0x2887, 0x2867, 0x2867,
    0x2066, 0x2066, 0x2066, 0x2065, 0x2065, 0x2065, 0x1845, 0x1844,
    0x1844, 0x1844, 0x1844, 0x1044, 0x1044, 0x1043, 0x1043, 0x1043,
    0x1043, 0x1023, 0x1023, 0x1023, 0x1023, 0x1022, 0x1022, 0x1022,
    0x0822, 0x0822, 0x0822, 0x0822, 0x0822, 0x0822, 0x0822, 0x0822,
    0x0821, 0x0021, 0x1023, 0x2006, 0x1004, 0x0001, 0x0000, 0x0000,
    0x0000, 0x0000, 0x0000, 0x0000, 0x0000, 0x0000, 0x0000, 0x0000,
    0x0000, 0x0000, 0x0000, 0x0000, 0x0000, 0x0000, 0x0000, 0x0000,
    0x0000, 0x0000, 0x0000, 0x0000, 0x3087, 0x3088, 0x3089, 0x38A9,
    0x38AA, 0x38AB, 0x40AB, 0x48CD, 0x48ED, 0x50EE, 0x590F, 0x5910,
    0x6130, 0x6130, 0x50ED, 0x40CB, 0x40CB, 0x48CC, 0x48CC, 0x48CC,
    0x48CC, 0x48CC, 0x48CC, 0x48CC, 0x40CC, 0x40CC, 0x40CC, 0x40CC,
    0x40CC, 0x40CB, 0x40CB, 0x40CB, 0x40CB, 0x40CB, 0x40CB, 0x40CB,
    0x40AB, 0x40AB, 0x38AB, 0x38AA, 0x38AA, 0x38AA, 0x38AA, 0x38AA,
    0x38A9, 0x38A9, 0x30A9, 0x3089, 0x3089, 0x3088, 0x3088, 0x2888,
    0x2887, 0x2887, 0x2867, 0x2867, 0x2066, 0x2066, 0x2066, 0x2065,
    0x2065, 0x1865, 0x1845, 0x1844, 0x1844, 0x1844, 0x1844, 0x1044,
    0x1044, 0x1043, 0x1043, 0x1043, 0x1043, 0x1023, 0x1023, 0x1023,
    0x1022, 0x1022, 0x1022, 0x1022, 0x0822, 0x0822, 0x0822, 0x0822,
    0x0822, 0x0822, 0x0822, 0x0822, 0x0821, 0x0021, 0x1023, 0x2006,
    0x1004, 0x0001, 0x0000, 0x0000, 0x0000, 0x0000, 0x0000, 0x0000,
    0x0000, 0x0000, 0x0000, 0x0000, 0x0000, 0x0000, 0x0000, 0x0000,
    0x0000, 0x0000, 0x0000, 0x0000, 0x0000, 0x0000, 0x0000, 0x0000,
    0x3087, 0x3088, 0x3089, 0x38A9, 0x38AA, 0x38AB, 0x40AB, 0x48CD,
    0x48ED, 0x50EE, 0x590F, 0x5910, 0x6130, 0x6130, 0x50ED, 0x40CB,
    0x40CB, 0x48CC, 0x48CC, 0x48CC, 0x48CC, 0x48CC, 0x48CC, 0x48CC,
    0x40CC, 0x40CC, 0x40CC, 0x40CC, 0x40CC, 0x40CB, 0x40CB, 0x40CB,
    0x40CB, 0x40CB, 0x40CB, 0x40CB, 0x40AB, 0x40AB, 0x38AB, 0x38AA,
    0x38AA, 0x38AA, 0x38AA, 0x38AA, 0x38A9, 0x38A9, 0x30A9, 0x3089,
    0x3089, 0x3088, 0x3088, 0x2888, 0x2887, 0x2887, 0x2867, 0x2867,
    0x2066, 0x2066, 0x2066, 0x2065, 0x2065, 0x1865, 0x1845, 0x1844,
    0x1844, 0x1844, 0x1844, 0x1044, 0x1044, 0x1043, 0x1043, 0x1043,
    0x1043, 0x1023, 0x1023, 0x1023, 0x1022, 0x1022, 0x1022, 0x1022,
    0x0822, 0x0822, 0x0822, 0x0822, 0x0822, 0x0822, 0x0822, 0x0822,
    0x0821, 0x0021, 0x1023, 0x2006, 0x0804, 0x0000, 0x0000, 0x0000,
    0x0000, 0x0000, 0x0000, 0x0000, 0x0000, 0x0000, 0x0000, 0x0000,
    0x0000, 0x0000, 0x0000, 0x0000, 0x0000, 0x0000, 0x0000, 0x0000,
    0x0000, 0x0000, 0x0000, 0x0000, 0x3087, 0x3088, 0x3089, 0x38A9,
    0x38AA, 0x38AB, 0x40AB, 0x48CD, 0x48ED, 0x50EE, 0x590F, 0x5910,
    0x6130, 0x6130, 0x50ED, 0x40CB, 0x40CB, 0x48CC, 0x48CC, 0x48CC,
    0x48CC, 0x48CC, 0x48CC, 0x48CC, 0x40CC, 0x40CC, 0x40CC, 0x40CC,
    0x40CC, 0x40CB, 0x40CB, 0x40CB, 0x40CB, 0x40CB, 0x40CB, 0x40CB,
    0x40AB, 0x40AB, 0x38AB, 0x38AA, 0x38AA, 0x38AA, 0x38AA, 0x38AA,
    0x38A9, 0x38A9, 0x30A9, 0x3089, 0x3088, 0x3088, 0x3088, 0x2888,
    0x2887, 0x2887, 0x2867, 0x2867, 0x2066, 0x2066, 0x2066, 0x2065,
    0x2065, 0x1865, 0x1845, 0x1844, 0x1844, 0x1844, 0x1844, 0x1044,
    0x1043, 0x1043, 0x1043, 0x1043, 0x1043, 0x1023, 0x1023, 0x1023,
    0x1022, 0x1022, 0x1022, 0x1022, 0x0822, 0x0822, 0x0822, 0x0822,
    0x0822, 0x0822, 0x0822, 0x0822, 0x0821, 0x0021, 0x1023, 0x2006,
    0x0804, 0x0000, 0x0000, 0x0000, 0x0000, 0x0000, 0x0000, 0x0000,
    0x0000, 0x0000, 0x0000, 0x0000, 0x0000, 0x0000, 0x0000, 0x0000,
    0x0000, 0x0000, 0x0000, 0x0000, 0x0000, 0x0000, 0x0000, 0x0000,
  };

  const EyeDefinition eye PROGMEM = {
      "anime_eye", 0.5, 0, 0, nullptr,
      { 0, 0.0, 0.35, 0.725 },
      { 0.5, 0.3, { iris_texture, 256, 116 }, 65224, 0, 0, 0, 0 },
      { { nullptr, 0, 0 }, 65535, 0, 0, 0, 0 },
      { upper, lower, 0, 0.3, 0.0, true },
      { 233, nullptr, nullptr }
  };
}  // namespace
