#pragma once

#include <Arduino.h>
#include "eyes.h"

namespace anime {

  // upper eyelid lookup table (480 columns, 0-255 range)
  const uint8_t upper[960] PROGMEM = {
    151, 164, 147, 164, 143, 165, 140, 165, 137, 166, 134, 166, 131, 167, 129, 167,
    127, 168, 125, 168, 123, 169, 121, 170, 119, 170, 117, 171, 115, 171, 113, 172,
    112, 172, 110, 173, 108, 173, 107, 174, 105, 174, 104, 175, 103, 175, 101, 176,
    99, 176, 98, 177, 97, 177, 96, 178, 94, 179, 93, 179, 92, 180, 90, 180,
    89, 180, 88, 181, 87, 181, 86, 182, 85, 182, 83, 183, 82, 183, 81, 183,
    80, 184, 79, 184, 78, 185, 77, 185, 76, 185, 75, 186, 74, 187, 73, 187,
    72, 188, 71, 188, 71, 188, 70, 189, 69, 189, 68, 189, 67, 190, 66, 190,
    65, 190, 64, 191, 64, 191, 63, 191, 62, 192, 61, 192, 61, 192, 60, 193,
    59, 193, 58, 193, 57, 193, 56, 194, 56, 194, 55, 194, 54, 195, 54, 195,
    53, 196, 52, 196, 52, 196, 51, 197, 50, 197, 49, 197, 49, 197, 48, 198,
    47, 198, 47, 198, 46, 198, 46, 199, 45, 199, 44, 199, 44, 199, 43, 200,
    43, 200, 42, 200, 41, 200, 41, 201, 40, 201, 40, 201, 39, 201, 38, 201,
    38, 202, 37, 202, 37, 202, 36, 202, 36, 203, 35, 203, 35, 204, 34, 204,
    34, 204, 33, 204, 32, 204, 32, 205, 32, 205, 31, 205, 31, 205, 30, 205,
    30, 206, 29, 206, 29, 206, 28, 206, 28, 206, 28, 207, 27, 207, 27, 207,
    26, 207, 26, 207, 26, 208, 25, 208, 24, 208, 24, 208, 23, 208, 23, 208,
    23, 209, 22, 209, 22, 209, 22, 209, 21, 209, 21, 209, 20, 210, 20, 210,
    20, 210, 19, 210, 19, 210, 19, 210, 18, 211, 18, 211, 18, 211, 17, 211,
    17, 211, 17, 211, 16, 211, 16, 212, 15, 212, 15, 212, 15, 213, 14, 213,
    14, 213, 14, 213, 14, 213, 13, 213, 13, 213, 13, 213, 12, 214, 12, 214,
    12, 214, 12, 214, 11, 214, 11, 214, 11, 214, 11, 215, 10, 215, 10, 215,
    10, 215, 10, 215, 9, 215, 9, 215, 9, 215, 9, 215, 8, 216, 8, 216,
    8, 216, 7, 216, 7, 216, 7, 216, 7, 216, 6, 216, 6, 216, 6, 216,
    6, 217, 6, 217, 5, 217, 5, 217, 5, 217, 5, 217, 5, 217, 5, 217,
    4, 217, 4, 217, 4, 218, 4, 218, 4, 218, 4, 218, 3, 218, 3, 218,
    3, 218, 3, 218, 3, 218, 3, 218, 3, 218, 2, 218, 2, 219, 2, 219,
    2, 219, 2, 219, 2, 219, 2, 219, 2, 219, 2, 219, 1, 219, 1, 219,
    1, 219, 1, 219, 1, 219, 1, 219, 1, 219, 1, 220, 1, 220, 1, 220,
    1, 220, 1, 220, 1, 220, 1, 220, 1, 220, 1, 220, 0, 220, 0, 221,
    0, 221, 0, 221, 0, 221, 0, 221, 0, 221, 0, 221, 0, 221, 0, 221,
    0, 221, 0, 221, 0, 221, 0, 221, 0, 221, 0, 221, 0, 221, 0, 221,
    0, 221, 0, 221, 0, 221, 0, 221, 0, 221, 0, 221, 0, 221, 0, 221,
    0, 221, 0, 221, 0, 221, 0, 221, 0, 221, 0, 221, 0, 221, 0, 221,
    0, 221, 0, 221, 0, 221, 0, 221, 0, 221, 0, 221, 0, 221, 0, 221,
    0, 221, 0, 221, 0, 221, 0, 221, 0, 221, 0, 221, 0, 221, 0, 221,
    0, 221, 0, 221, 0, 221, 0, 221, 0, 221, 0, 221, 0, 221, 0, 221,
    0, 221, 0, 221, 0, 221, 0, 221, 0, 221, 0, 221, 0, 221, 0, 221,
    0, 221, 0, 221, 0, 221, 0, 221, 0, 221, 1, 221, 1, 221, 1, 221,
    1, 221, 1, 221, 1, 221, 1, 221, 1, 221, 1, 221, 1, 220, 1, 220,
    2, 220, 2, 220, 2, 220, 2, 220, 2, 220, 2, 220, 2, 220, 2, 220,
    3, 220, 3, 220, 3, 220, 3, 219, 3, 219, 3, 219, 3, 219, 4, 219,
    4, 219, 4, 219, 4, 219, 4, 219, 4, 219, 4, 219, 5, 219, 5, 219,
    5, 219, 5, 219, 5, 219, 6, 218, 6, 218, 6, 218, 6, 218, 6, 218,
    7, 218, 7, 218, 7, 218, 7, 218, 7, 218, 8, 218, 8, 218, 9, 217,
    9, 217, 9, 217, 9, 217, 10, 217, 10, 217, 10, 217, 10, 217, 11, 217,
    11, 217, 11, 216, 11, 216, 12, 216, 12, 216, 12, 216, 13, 216, 13, 216,
    13, 216, 14, 216, 14, 215, 14, 215, 15, 215, 15, 215, 15, 215, 16, 215,
    16, 215, 17, 215, 17, 214, 17, 214, 18, 214, 18, 214, 19, 214, 19, 214,
    19, 214, 20, 213, 20, 213, 21, 213, 21, 213, 21, 213, 22, 213, 22, 213,
    23, 212, 23, 212, 24, 212, 24, 211, 25, 211, 26, 211, 26, 211, 27, 211,
    27, 211, 28, 210, 28, 210, 29, 210, 29, 210, 30, 210, 30, 209, 31, 209,
    32, 209, 32, 209, 33, 209, 34, 208, 34, 208, 35, 208, 36, 208, 36, 208,
    37, 207, 38, 207, 38, 207, 39, 207, 40, 207, 40, 206, 41, 206, 42, 206,
    43, 206, 44, 205, 45, 205, 46, 205, 46, 205, 47, 204, 48, 204, 49, 204,
    50, 204, 51, 203, 52, 202, 53, 202, 54, 202, 55, 202, 56, 201, 57, 201,
    58, 201, 59, 200, 61, 200, 62, 200, 63, 199, 64, 199, 65, 198, 66, 198,
    68, 198, 69, 197, 71, 197, 72, 196, 73, 196, 75, 196, 77, 195, 78, 194,
    80, 194, 81, 193, 83, 193, 85, 193, 87, 192, 88, 192, 90, 191, 92, 191,
    95, 190, 97, 190, 99, 189, 101, 189, 104, 188, 106, 187, 109, 187, 112, 186,
    115, 185, 118, 185, 122, 184, 126, 183, 130, 182, 136, 182, 142, 181, 152, 180,
  };

  // lower eyelid lookup table (480 columns, 0-255 range)
  const uint8_t lower[960] PROGMEM = {
    165, 163, 166, 163, 167, 164, 168, 164, 169, 164, 170, 165, 171, 165, 172, 165,
    173, 166, 174, 166, 175, 167, 176, 167, 177, 167, 178, 168, 179, 168, 180, 169,
    181, 170, 181, 170, 182, 171, 183, 171, 184, 171, 185, 172, 186, 172, 187, 173,
    188, 173, 188, 173, 189, 174, 190, 174, 191, 175, 191, 175, 192, 175, 193, 176,
    193, 176, 194, 177, 195, 177, 196, 177, 197, 178, 197, 179, 198, 179, 199, 179,
    199, 180, 200, 180, 200, 180, 201, 181, 202, 181, 202, 182, 203, 182, 204, 182,
    205, 183, 205, 183, 206, 183, 206, 184, 207, 184, 207, 184, 208, 185, 208, 185,
    209, 185, 209, 185, 210, 186, 211, 187, 211, 187, 212, 187, 213, 188, 213, 188,
    214, 188, 214, 188, 214, 189, 215, 189, 215, 189, 216, 190, 216, 190, 217, 190,
    217, 190, 218, 191, 218, 191, 219, 191, 219, 192, 219, 192, 220, 192, 221, 192,
    221, 193, 222, 193, 222, 193, 222, 193, 223, 194, 223, 194, 224, 194, 224, 194,
    224, 195, 225, 195, 225, 196, 226, 196, 226, 196, 226, 196, 227, 197, 227, 197,
    227, 197, 228, 197, 228, 197, 229, 198, 229, 198, 230, 198, 230, 198, 230, 199,
    231, 199, 231, 199, 231, 199, 232, 199, 232, 200, 232, 200, 233, 200, 233, 200,
    233, 200, 234, 201, 234, 201, 234, 201, 234, 201, 235, 201, 235, 202, 235, 202,
    236, 202, 236, 202, 236, 202, 236, 203, 237, 203, 238, 203, 238, 204, 238, 204,
    238, 204, 239, 204, 239, 204, 239, 205, 239, 205, 240, 205, 240, 205, 240, 205,
    240, 205, 241, 206, 241, 206, 241, 206, 241, 206, 241, 206, 242, 206, 242, 206,
    242, 207, 242, 207, 243, 207, 243, 207, 243, 207, 243, 207, 243, 208, 244, 208,
    244, 208, 244, 208, 244, 208, 244, 208, 245, 208, 245, 209, 245, 209, 245, 209,
    245, 209, 246, 209, 246, 209, 246, 209, 247, 209, 247, 210, 247, 210, 247, 210,
    247, 210, 247, 210, 248, 210, 248, 210, 248, 210, 248, 211, 248, 211, 248, 211,
    249, 211, 249, 211, 249, 211, 249, 211, 249, 211, 249, 212, 249, 212, 250, 212,
    250, 212, 250, 212, 250, 213, 250, 213, 250, 213, 250, 213, 250, 213, 251, 213,
    251, 213, 251, 213, 251, 213, 251, 213, 251, 214, 251, 214, 251, 214, 251, 214,
    252, 214, 252, 214, 252, 214, 252, 214, 252, 214, 252, 214, 252, 214, 252, 215,
    252, 215, 252, 215, 252, 215, 253, 215, 253, 215, 253, 215, 253, 215, 253, 215,
    253, 215, 253, 215, 253, 215, 253, 215, 253, 215, 253, 215, 253, 216, 253, 216,
    253, 216, 254, 216, 254, 216, 254, 216, 254, 216, 254, 216, 254, 216, 254, 216,
    254, 216, 254, 216, 254, 216, 254, 216, 254, 216, 254, 216, 254, 216, 254, 216,
    254, 216, 254, 216, 254, 216, 254, 216, 254, 216, 254, 216, 254, 216, 254, 216,
    254, 216, 254, 216, 254, 216, 254, 216, 254, 216, 254, 216, 254, 217, 254, 217,
    254, 217, 254, 217, 254, 217, 254, 217, 254, 217, 254, 217, 254, 217, 254, 217,
    254, 217, 254, 217, 254, 217, 254, 217, 254, 217, 254, 217, 254, 217, 254, 217,
    254, 217, 254, 217, 253, 217, 253, 217, 253, 217, 253, 217, 253, 217, 253, 217,
    253, 217, 253, 217, 253, 217, 253, 217, 253, 217, 253, 217, 253, 217, 253, 217,
    253, 217, 253, 217, 253, 217, 253, 216, 253, 216, 253, 216, 253, 216, 253, 216,
    253, 216, 252, 216, 252, 216, 252, 216, 252, 216, 252, 216, 252, 216, 252, 216,
    252, 216, 252, 216, 252, 216, 252, 216, 252, 216, 252, 216, 252, 216, 251, 216,
    251, 216, 251, 216, 251, 216, 251, 216, 251, 216, 251, 216, 251, 216, 251, 216,
    250, 216, 250, 216, 250, 216, 250, 216, 250, 216, 250, 216, 250, 216, 249, 215,
    249, 215, 249, 215, 249, 215, 249, 215, 249, 215, 249, 215, 249, 215, 248, 215,
    248, 215, 248, 215, 248, 215, 248, 215, 248, 215, 247, 215, 247, 215, 247, 214,
    247, 214, 247, 214, 247, 214, 246, 214, 246, 214, 246, 214, 245, 214, 245, 214,
    245, 214, 245, 214, 245, 213, 244, 213, 244, 213, 244, 213, 244, 213, 244, 213,
    243, 213, 243, 213, 243, 213, 243, 212, 243, 212, 242, 212, 242, 212, 242, 211,
    242, 211, 241, 211, 241, 211, 241, 211, 241, 211, 241, 211, 240, 211, 240, 210,
    240, 210, 240, 210, 239, 210, 239, 210, 239, 210, 239, 210, 238, 209, 238, 209,
    238, 209, 237, 209, 237, 209, 236, 209, 236, 208, 236, 208, 236, 208, 235, 208,
    235, 208, 235, 208, 234, 207, 234, 207, 234, 207, 233, 207, 233, 207, 233, 207,
    232, 206, 232, 206, 232, 206, 231, 206, 231, 206, 231, 205, 230, 205, 230, 205,
    230, 205, 229, 205, 229, 204, 228, 204, 228, 204, 227, 204, 227, 204, 227, 203,
    226, 203, 226, 202, 225, 202, 225, 202, 225, 202, 224, 201, 224, 201, 223, 201,
    223, 201, 223, 200, 222, 200, 222, 200, 221, 200, 221, 199, 220, 199, 219, 199,
    219, 199, 218, 198, 218, 198, 217, 198, 217, 198, 216, 197, 216, 197, 215, 197,
    215, 196, 214, 196, 214, 196, 213, 195, 213, 195, 211, 194, 211, 194, 210, 194,
    210, 193, 209, 193, 208, 193, 208, 192, 207, 192, 207, 191, 206, 191, 205, 191,
    204, 190, 204, 190, 203, 189, 202, 189, 201, 189, 200, 188, 200, 188, 199, 187,
    198, 187, 197, 186, 196, 185, 195, 185, 194, 184, 193, 184, 192, 183, 191, 183,
    190, 182, 189, 181, 188, 181, 187, 180, 185, 180, 184, 179, 183, 179, 181, 179,
  };

  // iris_texture (256x115 px, RGB565 angle-major: T[angle*115+radius])
  const uint16_t iris_texture[29440] PROGMEM = {
    0x3087, 0x3088, 0x3089, 0x38A9, 0x38AA, 0x40AB, 0x40AB, 0x48CD,
    0x48ED, 0x50EE, 0x58EF, 0x6110, 0x6110, 0x6110, 0x48ED, 0x40CB,
    0x40CB, 0x48CC, 0x48CC, 0x48CC, 0x48CC, 0x48CC, 0x48CC, 0x40CC,
    0x40CC, 0x40CC, 0x40CC, 0x40CB, 0x40CB, 0x40CB, 0x40CB, 0x40CB,
    0x40CB, 0x40CB, 0x40AB, 0x40AB, 0x40AB, 0x38AB, 0x38AA, 0x38AA,
    0x38AA, 0x38AA, 0x38A9, 0x38A9, 0x30A9, 0x3089, 0x3089, 0x3088,
    0x3088, 0x3088, 0x2888, 0x2867, 0x2867, 0x2867, 0x2866, 0x2066,
    0x2066, 0x2066, 0x2045, 0x1845, 0x1845, 0x1845, 0x1844, 0x1844,
    0x1844, 0x1844, 0x1024, 0x1024, 0x1023, 0x1023, 0x1023, 0x1023,
    0x1023, 0x1023, 0x0822, 0x0822, 0x0822, 0x0822, 0x0822, 0x0822,
    0x0822, 0x0822, 0x0822, 0x0802, 0x0802, 0x0802, 0x0802, 0x0802,
    0x0020, 0x0802, 0x1806, 0x1004, 0x0001, 0x0000, 0x0000, 0x0000,
    0x0000, 0x0000, 0x0000, 0x0000, 0x0000, 0x0000, 0x0000, 0x0000,
    0x0000, 0x0000, 0x0000, 0x0000, 0x0000, 0x0000, 0x0000, 0x0000,
    0x0000, 0x0000, 0x0000, 0x3087, 0x3088, 0x3089, 0x38A9, 0x38AA,
    0x40AB, 0x40AB, 0x48CD, 0x48ED, 0x50EE, 0x58EF, 0x6110, 0x6110,
    0x6110, 0x48ED, 0x40CB, 0x40CB, 0x48CC, 0x48CC, 0x48CC, 0x48CC,
    0x48CC, 0x48CC, 0x40CC, 0x40CC, 0x40CC, 0x40CC, 0x40CB, 0x40CB,
    0x40CB, 0x40CB, 0x40CB, 0x40CB, 0x40CB, 0x40AB, 0x40AB, 0x40AB,
    0x38AB, 0x38AA, 0x38AA, 0x38AA, 0x38AA, 0x38A9, 0x38A9, 0x30A9,
    0x3089, 0x3089, 0x3088, 0x3088, 0x3088, 0x2888, 0x2867, 0x2867,
    0x2867, 0x2866, 0x2066, 0x2066, 0x2065, 0x2045, 0x1845, 0x1845,
    0x1845, 0x1844, 0x1844, 0x1844, 0x1044, 0x1024, 0x1024, 0x1023,
    0x1023, 0x1023, 0x1023, 0x1023, 0x1023, 0x0822, 0x0822, 0x0822,
    0x0822, 0x0822, 0x0822, 0x0822, 0x0822, 0x0822, 0x0802, 0x0802,
    0x0802, 0x0802, 0x0802, 0x0020, 0x0802, 0x1806, 0x1004, 0x0001,
    0x0000, 0x0000, 0x0000, 0x0000, 0x0000, 0x0000, 0x0000, 0x0000,
    0x0000, 0x0000, 0x0000, 0x0000, 0x0000, 0x0000, 0x0000, 0x0000,
    0x0000, 0x0000, 0x0000, 0x0000, 0x0000, 0x0000, 0x3087, 0x3088,
    0x3089, 0x38A9, 0x38AA, 0x40AB, 0x40AB, 0x48CD, 0x48ED, 0x50EE,
    0x58EF, 0x6110, 0x6110, 0x6110, 0x48ED, 0x40CB, 0x40CB, 0x48CC,
    0x48CC, 0x48CC, 0x48CC, 0x48CC, 0x48CC, 0x40CC, 0x40CC, 0x40CC,
    0x40CC, 0x40CB, 0x40CB, 0x40CB, 0x40CB, 0x40CB, 0x40CB, 0x40CB,
    0x40AB, 0x40AB, 0x40AB, 0x40AB, 0x38AA, 0x38AA, 0x38AA, 0x38AA,
    0x38A9, 0x38A9, 0x30A9, 0x3089, 0x3089, 0x3088, 0x3088, 0x3088,
    0x2888, 0x2867, 0x2867, 0x2867, 0x2866, 0x2066, 0x2066, 0x2066,
    0x2045, 0x1845, 0x1845, 0x1845, 0x1844, 0x1844, 0x1844, 0x1044,
    0x1023, 0x1023, 0x1023, 0x1023, 0x1023, 0x1023, 0x1023, 0x1023,
    0x1022, 0x0822, 0x0822, 0x0822, 0x0822, 0x0822, 0x0822, 0x0822,
    0x0822, 0x0802, 0x0802, 0x0802, 0x0802, 0x0802, 0x0020, 0x0802,
    0x1806, 0x1005, 0x0001, 0x0000, 0x0000, 0x0000, 0x0000, 0x0000,
    0x0000, 0x0000, 0x0000, 0x0000, 0x0000, 0x0000, 0x0000, 0x0000,
    0x0000, 0x0000, 0x0000, 0x0000, 0x0000, 0x0000, 0x0000, 0x0000,
    0x0000, 0x3087, 0x3088, 0x3089, 0x38A9, 0x38AA, 0x40AB, 0x40AB,
    0x48CD, 0x48ED, 0x50EE, 0x58EF, 0x6110, 0x6110, 0x6110, 0x48ED,
    0x40CB, 0x40CB, 0x48CC, 0x48CC, 0x48CC, 0x48CC, 0x48CC, 0x48CC,
    0x40CC, 0x40CC, 0x40CC, 0x40CC, 0x40CB, 0x40CB, 0x40CB, 0x40CB,
    0x40CB, 0x40CB, 0x40CB, 0x40AB, 0x40AB, 0x40AB, 0x38AB, 0x38AA,
    0x38AA, 0x38AA, 0x38AA, 0x38A9, 0x38A9, 0x30A9, 0x3089, 0x3089,
    0x3088, 0x3088, 0x3088, 0x2888, 0x2887, 0x2867, 0x2867, 0x2866,
    0x2066, 0x2066, 0x2066, 0x2045, 0x1845, 0x1845, 0x1845, 0x1844,
    0x1844, 0x1844, 0x1044, 0x1023, 0x1023, 0x1023, 0x1023, 0x1023,
    0x1023, 0x1023, 0x1023, 0x1023, 0x1022, 0x0822, 0x0822, 0x0822,
    0x0822, 0x0822, 0x0822, 0x0822, 0x0802, 0x0802, 0x0802, 0x0802,
    0x0802, 0x0020, 0x0802, 0x1806, 0x1005, 0x0001, 0x0000, 0x0000,
    0x0000, 0x0000, 0x0000, 0x0000, 0x0000, 0x0000, 0x0000, 0x0000,
    0x0000, 0x0000, 0x0000, 0x0000, 0x0000, 0x0000, 0x0000, 0x0000,
    0x0000, 0x0000, 0x0000, 0x0000, 0x2867, 0x3088, 0x3089, 0x38A9,
    0x38AA, 0x40AB, 0x40CC, 0x48CD, 0x48ED, 0x50EE, 0x58EF, 0x6110,
    0x6110, 0x5910, 0x48ED, 0x40CB, 0x40CB, 0x48CC, 0x48CC, 0x48CC,
    0x48CC, 0x48CC, 0x48CC, 0x40CC, 0x40CC, 0x40CC, 0x40CC, 0x40CB,
    0x40CB, 0x40CB, 0x40CB, 0x40CB, 0x40CB, 0x40CB, 0x40AB, 0x40AB,
    0x40AB, 0x38AB, 0x38AA, 0x38AA, 0x38AA, 0x38AA, 0x38A9, 0x38A9,
    0x30A9, 0x3089, 0x3089, 0x3088, 0x3088, 0x3088, 0x2888, 0x2887,
    0x2867, 0x2867, 0x2866, 0x2066, 0x2066, 0x2066, 0x2045, 0x1845,
    0x1845, 0x1845, 0x1844, 0x1844, 0x1844, 0x1044, 0x1024, 0x1023,
    0x1023, 0x1023, 0x1023, 0x1023, 0x1023, 0x1023, 0x1023, 0x0822,
    0x0822, 0x0822, 0x0822, 0x0822, 0x0822, 0x0822, 0x0822, 0x0822,
    0x0802, 0x0802, 0x0802, 0x0802, 0x0000, 0x0802, 0x1806, 0x1004,
    0x0001, 0x0000, 0x0000, 0x0000, 0x0000, 0x0000, 0x0000, 0x0000,
    0x0000, 0x0000, 0x0000, 0x0000, 0x0000, 0x0000, 0x0000, 0x0000,
    0x0000, 0x0000, 0x0000, 0x0000, 0x0000, 0x0000, 0x0000, 0x2867,
    0x3067, 0x3088, 0x38A9, 0x38AA, 0x40AB, 0x40CC, 0x48CD, 0x48ED,
    0x50EE, 0x58EF, 0x6110, 0x6110, 0x5910, 0x48ED, 0x40CB, 0x40CB,
    0x48CC, 0x48CC, 0x48CC, 0x48CC, 0x48CC, 0x48CC, 0x40CC, 0x40CC,
    0x40CC, 0x40CC, 0x40CC, 0x40CB, 0x40CB, 0x40CB, 0x40CB, 0x40CB,
    0x40CB, 0x40AB, 0x40AB, 0x40AB, 0x40AB, 0x38AA, 0x38AA, 0x38AA,
    0x38AA, 0x38AA, 0x38A9, 0x30A9, 0x3089, 0x3089, 0x3088, 0x3088,
    0x3088, 0x2888, 0x2887, 0x2867, 0x2867, 0x2866, 0x2066, 0x2066,
    0x2066, 0x2045, 0x2045, 0x1845, 0x1845, 0x1845, 0x1844, 0x1844,
    0x1844, 0x1044, 0x1024, 0x1023, 0x1023, 0x1023, 0x1023, 0x1023,
    0x1023, 0x0823, 0x0823, 0x0822, 0x0822, 0x0822, 0x0822, 0x0822,
    0x0822, 0x0822, 0x0822, 0x0802, 0x0802, 0x0802, 0x0802, 0x0000,
    0x0802, 0x1805, 0x1004, 0x0001, 0x0000, 0x0000, 0x0000, 0x0000,
    0x0000, 0x0000, 0x0000, 0x0000, 0x0000, 0x0000, 0x0000, 0x0000,
    0x0000, 0x0000, 0x0000, 0x0000, 0x0000, 0x0000, 0x0000, 0x0000,
    0x0000, 0x0000, 0x2867, 0x3067, 0x3088, 0x38A9, 0x38AA, 0x40AB,
    0x40CC, 0x48CD, 0x48CD, 0x50EE, 0x58EF, 0x6110, 0x6110, 0x5910,
    0x48ED, 0x40CB, 0x40CB, 0x48CC, 0x48CC, 0x48CC, 0x48CC, 0x48CC,
    0x48CC, 0x40CC, 0x40CC, 0x40CC, 0x40CC, 0x40CC, 0x40CC, 0x40CB,
    0x40CB, 0x40CB, 0x40CB, 0x40CB, 0x40AB, 0x40AB, 0x40AB, 0x40AB,
    0x40AA, 0x38AA, 0x38AA, 0x38AA, 0x38AA, 0x38A9, 0x30A9, 0x3089,
    0x3089, 0x3088, 0x3088, 0x2888, 0x2888, 0x2887, 0x2867, 0x2867,
    0x2867, 0x2066, 0x2066, 0x2046, 0x2045, 0x2045, 0x1845, 0x1845,
    0x1844, 0x1844, 0x1844, 0x1044, 0x1044, 0x1023, 0x1023, 0x1023,
    0x1023, 0x1023, 0x1023, 0x1023, 0x0823, 0x0823, 0x0822, 0x0822,
    0x0822, 0x0822, 0x0822, 0x0822, 0x0822, 0x0822, 0x0822, 0x0822,
    0x0822, 0x0822, 0x0021, 0x0802, 0x1805, 0x1004, 0x0001, 0x0000,
    0x0000, 0x0000, 0x0000, 0x0000, 0x0000, 0x0000, 0x0000, 0x0000,
    0x0000, 0x0000, 0x0000, 0x0000, 0x0000, 0x0000, 0x0000, 0x0000,
    0x0000, 0x0000, 0x0000, 0x0000, 0x0000, 0x2867, 0x3088, 0x3088,
    0x38A9, 0x38AA, 0x40AB, 0x40CB, 0x48CD, 0x48ED, 0x50EE, 0x58EF,
    0x6110, 0x6110, 0x5910, 0x48ED, 0x40CB, 0x40CB, 0x48CC, 0x48CC,
    0x48CC, 0x48CC, 0x48CC, 0x48CC, 0x40CC, 0x40CC, 0x40CC, 0x40CC,
    0x40CC, 0x40CC, 0x40CB, 0x40CB, 0x40CB, 0x40CB, 0x40CB, 0x40AB,
    0x40AB, 0x40AB, 0x40AB, 0x40AA, 0x38AA, 0x38AA, 0x38AA, 0x38AA,
    0x38A9, 0x30A9, 0x3089, 0x3089, 0x3088, 0x3088, 0x3088, 0x2888,
    0x2887, 0x2867, 0x2867, 0x2867, 0x2066, 0x2066, 0x2046, 0x2045,
    0x2045, 0x1845, 0x1845, 0x1844, 0x1844, 0x1844, 0x1844, 0x1044,
    0x1024, 0x1023, 0x1023, 0x1023, 0x1023, 0x1023, 0x1023, 0x1023,
    0x0822, 0x0822, 0x0822, 0x0822, 0x0822, 0x0822, 0x0822, 0x0822,
    0x0822, 0x0822, 0x0822, 0x0822, 0x0822, 0x0021, 0x0802, 0x1806,
    0x1004, 0x0001, 0x0000, 0x0000, 0x0000, 0x0000, 0x0000, 0x0000,
    0x0000, 0x0000, 0x0000, 0x0000, 0x0000, 0x0000, 0x0000, 0x0000,
    0x0000, 0x0000, 0x0000, 0x0000, 0x0000, 0x0000, 0x0000, 0x0000,
    0x3087, 0x3088, 0x3088, 0x38A9, 0x38AA, 0x40AB, 0x40AB, 0x48CD,
    0x48EE, 0x50EE, 0x590F, 0x6110, 0x6110, 0x6110, 0x48ED, 0x40CB,
    0x40CC, 0x48CC, 0x48CC, 0x48CC, 0x48CC, 0x48CC, 0x48CC, 0x40CC,
    0x40CC, 0x40CC, 0x40CC, 0x40CC, 0x40CC, 0x40CB, 0x40CB, 0x40CB,
    0x40CB, 0x40CB, 0x40AB, 0x40AB, 0x40AB, 0x40AA, 0x38AA, 0x38AA,
    0x38AA, 0x38AA, 0x38AA, 0x38A9, 0x38A9, 0x3089, 0x3089, 0x3088,
    0x3088, 0x3088, 0x2888, 0x2887, 0x2867, 0x2867, 0x2867, 0x2066,
    0x2066, 0x2066, 0x2065, 0x2045, 0x1845, 0x1845, 0x1844, 0x1844,
    0x1844, 0x1844, 0x1044, 0x1044, 0x1043, 0x1023, 0x1023, 0x1023,
    0x1023, 0x1023, 0x1023, 0x1023, 0x0822, 0x0822, 0x0822, 0x0822,
    0x0822, 0x0822, 0x0822, 0x0822, 0x0822, 0x0822, 0x0822, 0x0822,
    0x0021, 0x0822, 0x1806, 0x1005, 0x0001, 0x0000, 0x0000, 0x0000,
    0x0000, 0x0000, 0x0000, 0x0000, 0x0000, 0x0000, 0x0000, 0x0000,
    0x0000, 0x0000, 0x0000, 0x0000, 0x0000, 0x0000, 0x0000, 0x0000,
    0x0000, 0x0000, 0x0000, 0x3088, 0x3088, 0x3088, 0x38A9, 0x38CA,
    0x40CB, 0x40CB, 0x48CD, 0x50EE, 0x510E, 0x590F, 0x6110, 0x6110,
    0x6110, 0x48ED, 0x40CB, 0x40CC, 0x48CC, 0x48CC, 0x48CC, 0x48CC,
    0x48CC, 0x48CC, 0x40CC, 0x40CC, 0x40CC, 0x40CC, 0x40CC, 0x40CC,
    0x40CC, 0x40CB, 0x40CB, 0x40CB, 0x40CB, 0x40AB, 0x40AB, 0x40AB,
    0x40AB, 0x38AA, 0x38AA, 0x38AA, 0x38AA, 0x38AA, 0x38A9, 0x38A9,
    0x3089, 0x3089, 0x3088, 0x3088, 0x3088, 0x3088, 0x2887, 0x2867,
    0x2867, 0x2867, 0x2866, 0x2066, 0x2066, 0x2066, 0x2045, 0x2045,
    0x1845, 0x1845, 0x1844, 0x1844, 0x1844, 0x1844, 0x1044, 0x1024,
    0x1023, 0x1023, 0x1023, 0x1023, 0x1023, 0x1023, 0x1023, 0x1023,
    0x0822, 0x0822, 0x0822, 0x0822, 0x0822, 0x0822, 0x0822, 0x0822,
    0x0822, 0x0822, 0x0822, 0x0021, 0x0823, 0x1806, 0x1004, 0x0001,
    0x0000, 0x0000, 0x0000, 0x0000, 0x0000, 0x0000, 0x0000, 0x0000,
    0x0000, 0x0000, 0x0000, 0x0000, 0x0000, 0x0000, 0x0000, 0x0000,
    0x0000, 0x0000, 0x0000, 0x0000, 0x0000, 0x0000, 0x3088, 0x3088,
    0x3088, 0x38A9, 0x38CA, 0x40CB, 0x40CB, 0x48CD, 0x50EE, 0x510E,
    0x590F, 0x6110, 0x6110, 0x6110, 0x48ED, 0x40CB, 0x40CC, 0x48CC,
    0x48CC, 0x48CC, 0x48CC, 0x48CC, 0x48CC, 0x40CC, 0x40CC, 0x40CC,
    0x40CC, 0x40CC, 0x40CC, 0x40CB, 0x40CB, 0x40CB, 0x40CB, 0x40CB,
    0x40AB, 0x40AB, 0x40AB, 0x40AB, 0x38AA, 0x38AA, 0x38AA, 0x38AA,
    0x38AA, 0x38AA, 0x38A9, 0x3089, 0x3089, 0x3089, 0x3088, 0x3088,
    0x3088, 0x2867, 0x2867, 0x2867, 0x2867, 0x2866, 0x2066, 0x2066,
    0x2066, 0x2045, 0x2045, 0x1845, 0x1845, 0x1845, 0x1844, 0x1844,
    0x1844, 0x1044, 0x1024, 0x1023, 0x1023, 0x1023, 0x1023, 0x1023,
    0x1023, 0x1023, 0x1023, 0x1023, 0x1023, 0x1023, 0x1023, 0x0822,
    0x0822, 0x0822, 0x0822, 0x0822, 0x0802, 0x0822, 0x0021, 0x0823,
    0x1806, 0x1004, 0x0001, 0x0000, 0x0000, 0x0000, 0x0000, 0x0000,
    0x0000, 0x0000, 0x0000, 0x0000, 0x0000, 0x0000, 0x0000, 0x0000,
    0x0000, 0x0000, 0x0000, 0x0000, 0x0000, 0x0000, 0x0000, 0x0000,
    0x0000, 0x3087, 0x3088, 0x3088, 0x38A9, 0x38AA, 0x40AB, 0x40AB,
    0x48CD, 0x48EE, 0x50EE, 0x590F, 0x6110, 0x6110, 0x5910, 0x48ED,
    0x40CB, 0x40CC, 0x48CC, 0x48CC, 0x48CC, 0x48CC, 0x48CC, 0x48CC,
    0x40CC, 0x40CC, 0x40CC, 0x40CC, 0x40CC, 0x40CC, 0x40CB, 0x40CB,
    0x40CB, 0x40CB, 0x40CB, 0x40AB, 0x40AB, 0x40AB, 0x40AB, 0x40AB,
    0x38AA, 0x38AA, 0x38AA, 0x38AA, 0x38AA, 0x38A9, 0x3889, 0x3089,
    0x3089, 0x3088, 0x3088, 0x2888, 0x2888, 0x2867, 0x2867, 0x2867,
    0x2866, 0x2066, 0x2066, 0x2066, 0x2045, 0x2045, 0x1845, 0x1845,
    0x1845, 0x1844, 0x1844, 0x1844, 0x1844, 0x1024, 0x1024, 0x1023,
    0x1023, 0x1023, 0x1023, 0x1023, 0x1023, 0x1023, 0x1023, 0x1023,
    0x1023, 0x1023, 0x0823, 0x0822, 0x0822, 0x0822, 0x0822, 0x0823,
    0x0822, 0x0821, 0x1023, 0x1806, 0x1004, 0x0000, 0x0000, 0x0000,
    0x0000, 0x0000, 0x0000, 0x0000, 0x0000, 0x0000, 0x0000, 0x0000,
    0x0000, 0x0000, 0x0000, 0x0000, 0x0000, 0x0000, 0x0000, 0x0000,
    0x0000, 0x0000, 0x0000, 0x0000, 0x2867, 0x3067, 0x3088, 0x38A9,
    0x38AA, 0x40AB, 0x40CB, 0x48CD, 0x48ED, 0x50EE, 0x590F, 0x6110,
    0x6131, 0x6110, 0x48ED, 0x40CB, 0x40CC, 0x48CC, 0x48CC, 0x48CC,
    0x48CC, 0x48CC, 0x48CC, 0x40CC, 0x40CC, 0x40CC, 0x40CC, 0x40CC,
    0x40CC, 0x40CB, 0x40CB, 0x40AB, 0x40CB, 0x40CB, 0x40CB, 0x40CB,
    0x40AB, 0x40AB, 0x40AA, 0x40AA, 0x38AA, 0x38AA, 0x38AA, 0x38AA,
    0x38A9, 0x38A9, 0x30A9, 0x3089, 0x3088, 0x3088, 0x3088, 0x2888,
    0x2887, 0x2887, 0x2867, 0x2867, 0x2066, 0x2066, 0x2066, 0x2066,
    0x2065, 0x1845, 0x1845, 0x1845, 0x1845, 0x1844, 0x1844, 0x1844,
    0x1844, 0x1024, 0x1024, 0x1023, 0x1023, 0x1023, 0x1023, 0x1023,
    0x1023, 0x1023, 0x1023, 0x1023, 0x1023, 0x1023, 0x1023, 0x1022,
    0x1022, 0x1022, 0x1023, 0x0822, 0x0821, 0x1023, 0x1806, 0x1004,
    0x0000, 0x0000, 0x0000, 0x0000, 0x0000, 0x0000, 0x0000, 0x0000,
    0x0000, 0x0000, 0x0000, 0x0000, 0x0000, 0x0000, 0x0000, 0x0000,
    0x0000, 0x0000, 0x0000, 0x0000, 0x0000, 0x0000, 0x0000, 0x2867,
    0x3067, 0x3088, 0x38A9, 0x38AA, 0x40AB, 0x40CC, 0x48CD, 0x48CD,
    0x50CE, 0x58EF, 0x6130, 0x6131, 0x6110, 0x48ED, 0x40CB, 0x40CC,
    0x48CC, 0x48CC, 0x48CC, 0x48CC, 0x48CC, 0x48CC, 0x40CC, 0x40CC,
    0x40CC, 0x40CC, 0x40CC, 0x40CC, 0x40CB, 0x40CB, 0x40CB, 0x40CB,
    0x40CB, 0x40CB, 0x40CB, 0x40AB, 0x40AB, 0x40AA, 0x40AA, 0x38AA,
    0x38AA, 0x38AA, 0x38AA, 0x38A9, 0x38A9, 0x30A9, 0x30A9, 0x3088,
    0x3088, 0x3088, 0x2888, 0x2888, 0x2887, 0x2887, 0x2867, 0x2867,
    0x2066, 0x2066, 0x2066, 0x2066, 0x2045, 0x1845, 0x1845, 0x1845,
    0x1845, 0x1844, 0x1844, 0x1844, 0x1844, 0x1024, 0x1024, 0x1023,
    0x1043, 0x1023, 0x1023, 0x1023, 0x1023, 0x1023, 0x1023, 0x1023,
    0x1023, 0x1023, 0x1023, 0x1023, 0x1022, 0x1023, 0x0822, 0x0821,
    0x1023, 0x1806, 0x1004, 0x0000, 0x0000, 0x0000, 0x0000, 0x0000,
    0x0000, 0x0000, 0x0000, 0x0000, 0x0000, 0x0000, 0x0000, 0x0000,
    0x0000, 0x0000, 0x0000, 0x0000, 0x0000, 0x0000, 0x0000, 0x0000,
    0x0000, 0x0000, 0x2867, 0x3087, 0x30A9, 0x38A9, 0x38AA, 0x40AB,
    0x40CC, 0x48CD, 0x48CD, 0x50CE, 0x58EF, 0x6110, 0x6131, 0x6110,
    0x48ED, 0x40CB, 0x40CC, 0x48CC, 0x48CC, 0x48CC, 0x48CC, 0x48CC,
    0x48CC, 0x40CC, 0x40CC, 0x40CC, 0x40CC, 0x40CC, 0x40CB, 0x40CB,
    0x40CB, 0x40CB, 0x40CB, 0x40CB, 0x40CB, 0x40CB, 0x40AB, 0x40AB,
    0x40AB, 0x38AA, 0x38AA, 0x38AA, 0x38AA, 0x38AA, 0x38A9, 0x38A9,
    0x30A9, 0x3089, 0x3089, 0x3088, 0x3088, 0x3088, 0x2888, 0x2887,
    0x2867, 0x2867, 0x2867, 0x2066, 0x2066, 0x2066, 0x2066, 0x2045,
    0x2045, 0x1845, 0x1845, 0x1845, 0x1845, 0x1844, 0x1844, 0x1844,
    0x1844, 0x1024, 0x1044, 0x1044, 0x1023, 0x1023, 0x1023, 0x1023,
    0x1023, 0x1023, 0x1023, 0x1023, 0x1023, 0x1023, 0x1023, 0x1023,
    0x1023, 0x1022, 0x0821, 0x1023, 0x1806, 0x0804, 0x0000, 0x0000,
    0x0020, 0x0000, 0x0000, 0x0000, 0x0000, 0x0000, 0x0000, 0x0000,
    0x0000, 0x0000, 0x0000, 0x0000, 0x0000, 0x0000, 0x0000, 0x0000,
    0x0000, 0x0000, 0x0000, 0x0000, 0x0000, 0x2867, 0x3067, 0x3089,
    0x38A9, 0x38AA, 0x40CB, 0x40CB, 0x48CD, 0x48ED, 0x50EE, 0x590F,
    0x6110, 0x6130, 0x5910, 0x48ED, 0x40CB, 0x40CC, 0x48CC, 0x48CC,
    0x48CC, 0x48CC, 0x48CC, 0x48CC, 0x40CC, 0x40CC, 0x40CC, 0x40CC,
    0x40CC, 0x40CC, 0x40CB, 0x40CB, 0x40CB, 0x40CB, 0x40CB, 0x40CB,
    0x40CB, 0x40AB, 0x40AB, 0x40AB, 0x38AB, 0x38AA, 0x38AA, 0x38AA,
    0x38AA, 0x38AA, 0x38A9, 0x38A9, 0x3089, 0x3089, 0x3088, 0x3088,
    0x3088, 0x2888, 0x2888, 0x2867, 0x2867, 0x2867, 0x2867, 0x2066,
    0x2066, 0x2066, 0x2046, 0x2045, 0x2045, 0x1845, 0x1845, 0x1845,
    0x1845, 0x1844, 0x1844, 0x1844, 0x1844, 0x1844, 0x1044, 0x1024,
    0x1023, 0x1023, 0x1023, 0x1023, 0x1023, 0x1023, 0x1023, 0x1023,
    0x1023, 0x1023, 0x1023, 0x1023, 0x1023, 0x0822, 0x1023, 0x1806,
    0x0804, 0x0000, 0x0000, 0x0000, 0x0000, 0x0000, 0x0000, 0x0000,
    0x0000, 0x0000, 0x0000, 0x0000, 0x0000, 0x0000, 0x0000, 0x0000,
    0x0000, 0x0000, 0x0000, 0x0000, 0x0000, 0x0000, 0x0000, 0x0000,
    0x2867, 0x3067, 0x3088, 0x38A9, 0x38AA, 0x38AA, 0x40CB, 0x48CD,
    0x48ED, 0x50EE, 0x590F, 0x5910, 0x6131, 0x5910, 0x48ED, 0x40CB,
    0x40CC, 0x48CC, 0x48CC, 0x48CC, 0x48CC, 0x48CC, 0x48CC, 0x48CC,
    0x48CC, 0x40CC, 0x40CC, 0x40CC, 0x40CC, 0x40CC, 0x40CC, 0x40CB,
    0x40CB, 0x40AB, 0x40CB, 0x40CB, 0x40CB, 0x40CB, 0x40AB, 0x40AB,
    0x38AA, 0x38AA, 0x38AA, 0x38AA, 0x38AA, 0x38A9, 0x3889, 0x3089,
    0x3089, 0x3089, 0x3088, 0x3088, 0x2888, 0x2888, 0x2887, 0x2887,
    0x2867, 0x2867, 0x2066, 0x2066, 0x2066, 0x2066, 0x2046, 0x2045,
    0x2045, 0x1845, 0x1845, 0x1845, 0x1845, 0x1844, 0x1844, 0x1844,
    0x1844, 0x1844, 0x1824, 0x1024, 0x1044, 0x1024, 0x1023, 0x1023,
    0x1023, 0x1023, 0x1023, 0x1023, 0x1023, 0x1023, 0x1023, 0x1023,
    0x0822, 0x1023, 0x1806, 0x1004, 0x0000, 0x0000, 0x0000, 0x0000,
    0x0000, 0x0000, 0x0000, 0x0000, 0x0000, 0x0000, 0x0000, 0x0000,
    0x0000, 0x0000, 0x0000, 0x0000, 0x0000, 0x0000, 0x0000, 0x0000,
    0x0000, 0x0000, 0x0000, 0x2867, 0x3067, 0x3088, 0x38A9, 0x38AA,
    0x38AA, 0x40CB, 0x48CD, 0x48ED, 0x510E, 0x510F, 0x5910, 0x6130,
    0x5930, 0x48ED, 0x40CB, 0x40CC, 0x48CC, 0x48CC, 0x48CC, 0x48CC,
    0x48CC, 0x48CC, 0x48CC, 0x48CC, 0x40CC, 0x40CC, 0x40CC, 0x40CC,
    0x40CC, 0x40CB, 0x40CB, 0x40CB, 0x40CB, 0x40CB, 0x40CB, 0x40CB,
    0x40CB, 0x40AB, 0x40AB, 0x38AB, 0x38AA, 0x38AA, 0x38AA, 0x38AA,
    0x38AA, 0x38A9, 0x3889, 0x3089, 0x3089, 0x3088, 0x3088, 0x3088,
    0x2888, 0x2887, 0x2887, 0x2887, 0x2867, 0x2867, 0x2066, 0x2066,
    0x2066, 0x2066, 0x2046, 0x2045, 0x2045, 0x1845, 0x1845, 0x1845,
    0x1844, 0x1844, 0x1844, 0x1844, 0x1844, 0x1844, 0x1844, 0x1044,
    0x1024, 0x1024, 0x1024, 0x1023, 0x1023, 0x1023, 0x1043, 0x1023,
    0x1023, 0x1023, 0x1023, 0x0822, 0x1023, 0x1806, 0x1004, 0x0000,
    0x0000, 0x0000, 0x0000, 0x0000, 0x0000, 0x0000, 0x0000, 0x0000,
    0x0000, 0x0000, 0x0000, 0x0000, 0x0000, 0x0000, 0x0000, 0x0000,
    0x0000, 0x0000, 0x0000, 0x0000, 0x0000, 0x0000, 0x3067, 0x3067,
    0x3088, 0x3889, 0x38AA, 0x38AB, 0x40CB, 0x48CD, 0x48ED, 0x510E,
    0x590F, 0x5910, 0x6110, 0x5930, 0x48ED, 0x40AB, 0x40CC, 0x48CC,
    0x48CC, 0x48CC, 0x48CC, 0x48CC, 0x48CC, 0x48CC, 0x48CC, 0x40CC,
    0x40CC, 0x40CC, 0x40CC, 0x40CC, 0x40CC, 0x40CB, 0x40CB, 0x40CB,
    0x40CB, 0x40CB, 0x40CB, 0x40CB, 0x40AB, 0x40AB, 0x40AA, 0x38AA,
    0x38AA, 0x38AA, 0x38AA, 0x38AA, 0x38A9, 0x38A9, 0x3089, 0x3089,
    0x3089, 0x3088, 0x3088, 0x3088, 0x2888, 0x2887, 0x2887, 0x2887,
    0x2867, 0x2867, 0x2066, 0x2066, 0x2066, 0x2046, 0x2046, 0x2065,
    0x2045, 0x1845, 0x1845, 0x1845, 0x1845, 0x1845, 0x1844, 0x1844,
    0x1844, 0x1844, 0x1844, 0x1044, 0x1024, 0x1844, 0x1844, 0x1044,
    0x1044, 0x1043, 0x1043, 0x1023, 0x1024, 0x1023, 0x1042, 0x1024,
    0x2026, 0x1004, 0x0001, 0x0000, 0x0000, 0x0000, 0x0000, 0x0000,
    0x0000, 0x0000, 0x0000, 0x0000, 0x0000, 0x0000, 0x0000, 0x0000,
    0x0000, 0x0000, 0x0000, 0x0000, 0x0000, 0x0000, 0x0000, 0x0000,
    0x0000, 0x3067, 0x3067, 0x3088, 0x38A9, 0x38AA, 0x38AB, 0x40CB,
    0x48CD, 0x48ED, 0x50EE, 0x590F, 0x6110, 0x6130, 0x5930, 0x48ED,
    0x40AB, 0x40CC, 0x48CC, 0x48CC, 0x48CC, 0x48CC, 0x48CC, 0x48CC,
    0x48CC, 0x48CC, 0x40CC, 0x40CC, 0x40CC, 0x40CC, 0x40CC, 0x40CC,
    0x40CB, 0x40CB, 0x40CB, 0x40CB, 0x40CB, 0x40CB, 0x40CB, 0x40AB,
    0x40AB, 0x40AB, 0x38AA, 0x38AA, 0x38AA, 0x38AA, 0x38AA, 0x38AA,
    0x38A9, 0x3889, 0x3089, 0x3089, 0x3088, 0x3088, 0x3088, 0x3088,
    0x2888, 0x2887, 0x2867, 0x2867, 0x2867, 0x2867, 0x2066, 0x2066,
    0x2066, 0x2066, 0x2066, 0x2065, 0x2045, 0x1865, 0x1845, 0x1845,
    0x1845, 0x1845, 0x1845, 0x1844, 0x1844, 0x1844, 0x1844, 0x1844,
    0x1844, 0x1844, 0x1844, 0x1044, 0x1044, 0x1024, 0x1024, 0x1024,
    0x1044, 0x1042, 0x1023, 0x1806, 0x1004, 0x0001, 0x0000, 0x0000,
    0x0000, 0x0000, 0x0000, 0x0000, 0x0000, 0x0000, 0x0000, 0x0000,
    0x0000, 0x0000, 0x0000, 0x0000, 0x0000, 0x0000, 0x0000, 0x0000,
    0x0000, 0x0000, 0x0000, 0x0000, 0x3067, 0x3067, 0x3088, 0x38A9,
    0x38AA, 0x38AB, 0x40CB, 0x48CD, 0x48ED, 0x50EE, 0x590F, 0x6110,
    0x6130, 0x6130, 0x48ED, 0x40AB, 0x40CC, 0x48CC, 0x48CC, 0x48CC,
    0x48CC, 0x48CC, 0x48CC, 0x48CC, 0x48CC, 0x48CC, 0x48CC, 0x40CC,
    0x40CC, 0x40CC, 0x40CC, 0x40CB, 0x40CB, 0x40CB, 0x40CB, 0x40CB,
    0x40CB, 0x40CB, 0x40CB, 0x40CB, 0x40AB, 0x38AA, 0x38AA, 0x38AA,
    0x38AA, 0x38AA, 0x38AA, 0x38AA, 0x38A9, 0x3089, 0x3089, 0x3089,
    0x3088, 0x3088, 0x3088, 0x3088, 0x2888, 0x2887, 0x2867, 0x2867,
    0x2867, 0x2867, 0x2066, 0x2066, 0x2066, 0x2066, 0x2066, 0x2066,
    0x2065, 0x2065, 0x2045, 0x1845, 0x1845, 0x1845, 0x1845, 0x1844,
    0x1844, 0x1844, 0x1844, 0x1844, 0x1844, 0x1844, 0x1844, 0x1844,
    0x1044, 0x1024, 0x1844, 0x1844, 0x0822, 0x1023, 0x2027, 0x1004,
    0x0000, 0x0000, 0x0000, 0x0000, 0x0000, 0x0000, 0x0000, 0x0000,
    0x0000, 0x0000, 0x0000, 0x0000, 0x0000, 0x0000, 0x0000, 0x0000,
    0x0000, 0x0000, 0x0000, 0x0000, 0x0000, 0x0000, 0x0000, 0x3067,
    0x3067, 0x3088, 0x3889, 0x38AA, 0x38AB, 0x40CB, 0x48CD, 0x48ED,
    0x50EE, 0x590F, 0x6110, 0x6110, 0x6130, 0x48ED, 0x40AB, 0x40CC,
    0x48CC, 0x48CC, 0x48CC, 0x48CC, 0x48CC, 0x48CC, 0x48CC, 0x48CC,
    0x48CC, 0x48CC, 0x40CC, 0x40CC, 0x40CC, 0x40CC, 0x40CC, 0x40CC,
    0x40CB, 0x40CB, 0x40CB, 0x40CB, 0x40CB, 0x40CB, 0x40CB, 0x40AB,
    0x40AB, 0x38AA, 0x38AA, 0x38AA, 0x38AA, 0x38AA, 0x38AA, 0x38A9,
    0x38A9, 0x30A9, 0x3089, 0x3089, 0x3088, 0x3088, 0x3088, 0x3088,
    0x2888, 0x2887, 0x2887, 0x2867, 0x2867, 0x2867, 0x2067, 0x2066,
    0x2066, 0x2066, 0x2066, 0x2066, 0x2066, 0x2045, 0x2045, 0x1865,
    0x1845, 0x1845, 0x1845, 0x1845, 0x1845, 0x1845, 0x1844, 0x1844,
    0x1844, 0x1844, 0x1844, 0x1844, 0x1844, 0x1844, 0x1844, 0x0822,
    0x1845, 0x388A, 0x2047, 0x0000, 0x0000, 0x0000, 0x0000, 0x0000,
    0x0000, 0x0000, 0x0000, 0x0000, 0x0000, 0x0000, 0x0000, 0x0000,
    0x0000, 0x0000, 0x0000, 0x0000, 0x0000, 0x0000, 0x0000, 0x0000,
    0x0000, 0x0000, 0x3067, 0x3067, 0x3088, 0x3889, 0x38AA, 0x38AB,
    0x40CB, 0x48CD, 0x48ED, 0x50EE, 0x590F, 0x6110, 0x6131, 0x6130,
    0x48ED, 0x40AB, 0x40CC, 0x48CC, 0x48CC, 0x48CC, 0x48CC, 0x48CC,
    0x48CC, 0x48CC, 0x48CC, 0x48CC, 0x48CC, 0x40CC, 0x40CC, 0x40CC,
    0x40CC, 0x40CC, 0x40CC, 0x40CC, 0x40CB, 0x40CB, 0x40CB, 0x40CB,
    0x40CB, 0x40CB, 0x40CB, 0x40AB, 0x40AB, 0x38AA, 0x38AA, 0x38AA,
    0x38AA, 0x38AA, 0x38AA, 0x38AA, 0x38A9, 0x30A9, 0x3089, 0x3089,
    0x3088, 0x3088, 0x3088, 0x3088, 0x2888, 0x2888, 0x2867, 0x2867,
    0x2867, 0x2867, 0x2867, 0x2066, 0x2066, 0x2066, 0x2066, 0x2066,
    0x2066, 0x2046, 0x2065, 0x2065, 0x1845, 0x1845, 0x1845, 0x1845,
    0x1845, 0x1845, 0x1845, 0x1845, 0x1845, 0x1845, 0x1844, 0x1844,
    0x1865, 0x1844, 0x0822, 0x2887, 0x590F, 0x308A, 0x0001, 0x0000,
    0x0000, 0x0000, 0x0000, 0x0000, 0x0000, 0x0000, 0x0000, 0x0000,
    0x0000, 0x0000, 0x0000, 0x0000, 0x0000, 0x0000, 0x0000, 0x0000,
    0x0000, 0x0000, 0x0000, 0x0000, 0x0000, 0x3067, 0x3087, 0x3088,
    0x3889, 0x38AA, 0x38AB, 0x40CB, 0x48CD, 0x48ED, 0x50EE, 0x590F,
    0x6110, 0x6130, 0x6110, 0x48ED, 0x40CB, 0x40CC, 0x48CC, 0x48CC,
    0x48CC, 0x48CC, 0x48CC, 0x48CC, 0x48CC, 0x48CC, 0x48CC, 0x48CC,
    0x40CC, 0x40CC, 0x40CC, 0x40CC, 0x40CC, 0x40CC, 0x40CC, 0x40CB,
    0x40CB, 0x40CB, 0x40CB, 0x40CB, 0x40CB, 0x40CB, 0x40AB, 0x40AB,
    0x40AB, 0x38AA, 0x38AA, 0x38AA, 0x38AA, 0x38AA, 0x38AA, 0x38A9,
    0x38A9, 0x30A9, 0x3089, 0x3089, 0x3088, 0x3088, 0x3088, 0x2888,
    0x2888, 0x2887, 0x2867, 0x2867, 0x2867, 0x2867, 0x2867, 0x2866,
    0x2066, 0x2066, 0x2066, 0x2066, 0x2066, 0x2066, 0x2066, 0x2065,
    0x2045, 0x1845, 0x1865, 0x1845, 0x1845, 0x1845, 0x1845, 0x1845,
    0x1845, 0x1844, 0x1844, 0x2066, 0x1845, 0x0822, 0x3088, 0x6952,
    0x38AC, 0x0001, 0x0000, 0x0000, 0x0000, 0x0000, 0x0000, 0x0000,
    0x0000, 0x0000, 0x0000, 0x0000, 0x0000, 0x0000, 0x0000, 0x0000,
    0x0000, 0x0000, 0x0000, 0x0000, 0x0000, 0x0000, 0x0000, 0x0000,
    0x2867, 0x3067, 0x3088, 0x38A9, 0x38AA, 0x38AB, 0x40CB, 0x48CD,
    0x48ED, 0x50EE, 0x590F, 0x6110, 0x6130, 0x6110, 0x48ED, 0x40CB,
    0x40CC, 0x48CC, 0x48CC, 0x48CC, 0x48CC, 0x48CC, 0x48CC, 0x48CC,
    0x48CC, 0x48CC, 0x48CC, 0x48CC, 0x48CC, 0x40CC, 0x40CC, 0x40CC,
    0x40CC, 0x40CC, 0x40CC, 0x40CC, 0x40CC, 0x40CB, 0x40CB, 0x40CB,
    0x40CB, 0x40CB, 0x40CB, 0x40AB, 0x38AB, 0x38AA, 0x38AA, 0x38AA,
    0x38AA, 0x38AA, 0x38AA, 0x38A9, 0x38A9, 0x30A9, 0x3089, 0x3089,
    0x3088, 0x3088, 0x3088, 0x3088, 0x2888, 0x2888, 0x2887, 0x2887,
    0x2887, 0x2867, 0x2867, 0x2866, 0x2066, 0x2066, 0x2066, 0x2066,
    0x2066, 0x2066, 0x2066, 0x2066, 0x2046, 0x2065, 0x2065, 0x2065,
    0x2045, 0x2045, 0x1845, 0x1845, 0x1845, 0x1845, 0x2066, 0x1845,
    0x0801, 0x2887, 0x6131, 0x30AA, 0x0000, 0x0000, 0x0000, 0x0000,
    0x0000, 0x0000, 0x0000, 0x0000, 0x0000, 0x0000, 0x0000, 0x0000,
    0x0000, 0x0000, 0x0000, 0x0000, 0x0000, 0x0000, 0x0000, 0x0000,
    0x0000, 0x0000, 0x0000, 0x2867, 0x3087, 0x30A8, 0x38A9, 0x38AA,
    0x38AB, 0x40CB, 0x48CD, 0x48ED, 0x50EE, 0x58EF, 0x6110, 0x6110,
    0x6110, 0x48ED, 0x40CB, 0x40CC, 0x48CC, 0x48CC, 0x48CC, 0x48CC,
    0x48CC, 0x48CC, 0x48CC, 0x48CC, 0x48CC, 0x48CC, 0x48CC, 0x48CC,
    0x40CC, 0x40CC, 0x40CC, 0x40CC, 0x40CC, 0x40CC, 0x40CC, 0x40CC,
    0x40CB, 0x40CB, 0x40CB, 0x40CB, 0x40CB, 0x40CB, 0x40AB, 0x40AB,
    0x38AB, 0x38AA, 0x38AA, 0x38AA, 0x38AA, 0x38AA, 0x38AA, 0x38A9,
    0x38A9, 0x3089, 0x3089, 0x3089, 0x3088, 0x3088, 0x3088, 0x3088,
    0x2888, 0x2888, 0x2887, 0x2887, 0x2867, 0x2887, 0x2887, 0x2867,
    0x2866, 0x2066, 0x2066, 0x2066, 0x2066, 0x2066, 0x2066, 0x2066,
    0x2066, 0x2066, 0x2065, 0x2065, 0x2065, 0x2045, 0x2045, 0x1845,
    0x1845, 0x2066, 0x2065, 0x0822, 0x2867, 0x590F, 0x2889, 0x0000,
    0x0000, 0x0000, 0x0800, 0x0000, 0x0000, 0x0000, 0x0000, 0x0000,
    0x0000, 0x0000, 0x0000, 0x0000, 0x0000, 0x0000, 0x0000, 0x0000,
    0x0000, 0x0000, 0x0000, 0x0000, 0x0000, 0x0000, 0x2867, 0x3087,
    0x30A8, 0x38A9, 0x38AA, 0x38AB, 0x40CB, 0x48CD, 0x48ED, 0x50EE,
    0x58EF, 0x6110, 0x6110, 0x6110, 0x48ED, 0x40CB, 0x40CC, 0x48CC,
    0x48CC, 0x48CC, 0x48CC, 0x48CC, 0x48CC, 0x48CC, 0x48CC, 0x48CC,
    0x48CC, 0x48CC, 0x48CC, 0x40CC, 0x40CC, 0x40CC, 0x40CC, 0x40CC,
    0x40CC, 0x40CC, 0x40CB, 0x40CB, 0x40CB, 0x40CB, 0x40CB, 0x40CB,
    0x40CB, 0x40CB, 0x40CB, 0x40AB, 0x38AB, 0x38AA, 0x38AA, 0x38AA,
    0x38AA, 0x38AA, 0x38A9, 0x38A9, 0x38A9, 0x30A9, 0x30A9, 0x30A9,
    0x3089, 0x3088, 0x3088, 0x3088, 0x3088, 0x3088, 0x2888, 0x2868,
    0x2887, 0x2887, 0x2867, 0x2867, 0x2867, 0x2867, 0x2867, 0x2066,
    0x2066, 0x2066, 0x2066, 0x2066, 0x2066, 0x2066, 0x2066, 0x2066,
    0x2066, 0x2065, 0x2065, 0x2065, 0x2066, 0x2066, 0x1022, 0x2887,
    0x590F, 0x2889, 0x0000, 0x0000, 0x0000, 0x0800, 0x0000, 0x0000,
    0x0000, 0x0000, 0x0000, 0x0000, 0x0000, 0x0000, 0x0000, 0x0000,
    0x0000, 0x0000, 0x0000, 0x0000, 0x0000, 0x0000, 0x0000, 0x0000,
    0x0000, 0x2867, 0x2887, 0x30A8, 0x38A9, 0x38AA, 0x38AB, 0x40CB,
    0x48CD, 0x48ED, 0x50EE, 0x590F, 0x6110, 0x6130, 0x6110, 0x48ED,
    0x40CB, 0x40CC, 0x48CC, 0x48CC, 0x48CC, 0x48CC, 0x48CC, 0x48CC,
    0x48CC, 0x48CC, 0x48CC, 0x48CC, 0x48CC, 0x48CC, 0x40CC, 0x40CC,
    0x40CC, 0x40CC, 0x40CC, 0x40CC, 0x40CC, 0x40CB, 0x40CB, 0x40CB,
    0x40CB, 0x40CB, 0x40CB, 0x40CB, 0x40CB, 0x40CB, 0x40AB, 0x40AB,
    0x38AB, 0x38AA, 0x38AA, 0x38AA, 0x38AA, 0x38AA, 0x38AA, 0x38A9,
    0x38A9, 0x38A9, 0x30A9, 0x3089, 0x3089, 0x3088, 0x3088, 0x3088,
    0x3088, 0x3088, 0x2888, 0x2888, 0x2887, 0x2867, 0x2867, 0x2867,
    0x2867, 0x2867, 0x2867, 0x2866, 0x2066, 0x2066, 0x2066, 0x2066,
    0x2066, 0x2066, 0x2066, 0x2066, 0x2066, 0x2066, 0x2065, 0x2066,
    0x2066, 0x1043, 0x2887, 0x590F, 0x2889, 0x0000, 0x0000, 0x0000,
    0x0800, 0x0000, 0x0000, 0x0000, 0x0000, 0x0000, 0x0000, 0x0000,
    0x0000, 0x0000, 0x0000, 0x0000, 0x0000, 0x0000, 0x0000, 0x0000,
    0x0000, 0x0000, 0x0000, 0x0000, 0x2867, 0x3088, 0x30A8, 0x38A9,
    0x38AA, 0x38AA, 0x40CB, 0x48ED, 0x48ED, 0x50EE, 0x590F, 0x6130,
    0x6130, 0x590F, 0x48CD, 0x40CB, 0x40CC, 0x48CC, 0x48CC, 0x48CC,
    0x48CC, 0x48CC, 0x48CC, 0x48CC, 0x48CC, 0x48CC, 0x48CC, 0x48CC,
    0x48CC, 0x48CC, 0x48CC, 0x40CC, 0x40CC, 0x40CC, 0x40CC, 0x40CC,
    0x40CC, 0x40CB, 0x40CB, 0x40CB, 0x40CB, 0x40CB, 0x40CB, 0x40CB,
    0x40CB, 0x40CB, 0x40CB, 0x40AB, 0x38AA, 0x38AA, 0x38AA, 0x38AA,
    0x38AA, 0x38AA, 0x38AA, 0x38AA, 0x38A9, 0x38A9, 0x30A9, 0x3089,
    0x3089, 0x3089, 0x3088, 0x3088, 0x3088, 0x3088, 0x2888, 0x2888,
    0x2887, 0x2887, 0x2887, 0x2887, 0x2887, 0x2887, 0x2867, 0x2867,
    0x2867, 0x2866, 0x2066, 0x2066, 0x2066, 0x2066, 0x2066, 0x2066,
    0x2066, 0x2066, 0x2867, 0x2066, 0x1043, 0x2888, 0x590F, 0x2889,
    0x0000, 0x0000, 0x0000, 0x0000, 0x0000, 0x0000, 0x0000, 0x0000,
    0x0000, 0x0000, 0x0000, 0x0000, 0x0000, 0x0000, 0x0000, 0x0000,
    0x0000, 0x0000, 0x0000, 0x0000, 0x0000, 0x0000, 0x0000, 0x2867,
    0x2887, 0x30A8, 0x38A9, 0x38AA, 0x38AB, 0x40CB, 0x48CD, 0x48ED,
    0x50EE, 0x590F, 0x6130, 0x6130, 0x590F, 0x48CD, 0x40CB, 0x40CC,
    0x48CC, 0x48CC, 0x48CC, 0x48CC, 0x48CC, 0x48CC, 0x48CC, 0x48CC,
    0x48CC, 0x48CC, 0x48CC, 0x48CC, 0x48CC, 0x40CC, 0x40CC, 0x40CC,
    0x40CC, 0x40CC, 0x40CC, 0x40CC, 0x40CC, 0x40CC, 0x40CB, 0x40CB,
    0x40CB, 0x40CB, 0x40CB, 0x40CB, 0x40CB, 0x40CB, 0x40AB, 0x38AB,
    0x38AA, 0x38AA, 0x38AA, 0x38AA, 0x38AA, 0x38AA, 0x38AA, 0x38AA,
    0x38A9, 0x30A9, 0x3089, 0x3089, 0x30A9, 0x3089, 0x3088, 0x3088,
    0x3088, 0x3088, 0x2888, 0x2888, 0x2888, 0x2887, 0x2887, 0x2887,
    0x2887, 0x2867, 0x2867, 0x2867, 0x2867, 0x2867, 0x2867, 0x2067,
    0x2067, 0x2066, 0x2066, 0x2066, 0x2066, 0x2867, 0x2066, 0x1044,
    0x3088, 0x590F, 0x2889, 0x0000, 0x0000, 0x0800, 0x0800, 0x0000,
    0x0000, 0x0000, 0x0000, 0x0000, 0x0000, 0x0000, 0x0000, 0x0000,
    0x0000, 0x0000, 0x0000, 0x0000, 0x0000, 0x0000, 0x0000, 0x0000,
    0x0000, 0x0000, 0x2867, 0x2867, 0x3088, 0x30A9, 0x38AA, 0x38AB,
    0x40CC, 0x48CD, 0x48ED, 0x50EE, 0x590F, 0x6130, 0x6110, 0x610F,
    0x48CD, 0x40CB, 0x40CC, 0x48CC, 0x48CC, 0x48CC, 0x48CC, 0x48CC,
    0x48CC, 0x48CC, 0x48CC, 0x48CC, 0x48CC, 0x48CC, 0x48CC, 0x48CC,
    0x40CC, 0x40CC, 0x40CC, 0x40CC, 0x40CC, 0x40CC, 0x40CC, 0x40CC,
    0x40CC, 0x40CC, 0x40CB, 0x40CB, 0x40CB, 0x40CB, 0x40CB, 0x40CB,
    0x40CB, 0x40CB, 0x40CB, 0x38AB, 0x38AA, 0x38AA, 0x38AA, 0x38AA,
    0x38AA, 0x38AA, 0x38AA, 0x38A9, 0x38A9, 0x38A9, 0x30A9, 0x30A9,
    0x30A9, 0x3089, 0x3088, 0x3088, 0x3088, 0x3088, 0x3088, 0x3088,
    0x3088, 0x2888, 0x2887, 0x2887, 0x2867, 0x2867, 0x2887, 0x2867,
    0x2867, 0x2867, 0x2867, 0x2867, 0x2867, 0x2867, 0x2066, 0x2066,
    0x2867, 0x2867, 0x1844, 0x3088, 0x590F, 0x2888, 0x0000, 0x0000,
    0x0820, 0x0800, 0x0000, 0x0000, 0x0000, 0x0000, 0x0000, 0x0000,
    0x0000, 0x0000, 0x0000, 0x0000, 0x0000, 0x0000, 0x0000, 0x0000,
    0x0000, 0x0000, 0x0000, 0x0000, 0x0000, 0x2867, 0x3068, 0x3088,
    0x30A9, 0x38AA, 0x38AB, 0x40CB, 0x48ED, 0x48ED, 0x50EE, 0x590F,
    0x6110, 0x6130, 0x5910, 0x48ED, 0x40CB, 0x40CC, 0x48CC, 0x48CC,
    0x48CC, 0x48CC, 0x48CC, 0x48CC, 0x48CC, 0x48CC, 0x48CC, 0x48CC,
    0x48CC, 0x48CC, 0x48CC, 0x48CC, 0x40CC, 0x40CC, 0x40CC, 0x40CC,
    0x40CC, 0x40CC, 0x40CC, 0x40CC, 0x40CC, 0x40CC, 0x40CB, 0x40CB,
    0x40CB, 0x40CB, 0x40CB, 0x40CB, 0x40CB, 0x40CB, 0x40AB, 0x38AB,
    0x38AA, 0x38AA, 0x38AA, 0x38AA, 0x38AA, 0x38AA, 0x38AA, 0x38A9,
    0x38A9, 0x38A9, 0x38A9, 0x38A9, 0x3089, 0x3089, 0x3089, 0x3088,
    0x3088, 0x3088, 0x3088, 0x3088, 0x3088, 0x2888, 0x2888, 0x2888,
    0x2887, 0x2887, 0x2887, 0x2867, 0x2867, 0x2867, 0x2867, 0x2867,
    0x2887, 0x2867, 0x2867, 0x2887, 0x2867, 0x1844, 0x30A8, 0x510F,
    0x2888, 0x0000, 0x0000, 0x0020, 0x0800, 0x0000, 0x0000, 0x0000,
    0x0000, 0x0000, 0x0000, 0x0000, 0x0000, 0x0000, 0x0000, 0x0000,
    0x0000, 0x0000, 0x0000, 0x0000, 0x0000, 0x0000, 0x0000, 0x0000,
    0x3088, 0x3088, 0x3089, 0x38A9, 0x38AA, 0x38AA, 0x40CB, 0x48EC,
    0x48ED, 0x50EE, 0x58EF, 0x5910, 0x6131, 0x5910, 0x48ED, 0x40AB,
    0x40CC, 0x48CC, 0x48CC, 0x40CC, 0x40CC, 0x40CC, 0x40CC, 0x40CC,
    0x40CC, 0x40CC, 0x40CC, 0x40CC, 0x40CC, 0x40CC, 0x40CC, 0x40CC,
    0x40CC, 0x40CC, 0x40CC, 0x40CC, 0x40CC, 0x40CC, 0x40CC, 0x40CC,
    0x40CC, 0x40CB, 0x40CB, 0x40CB, 0x40CB, 0x40CB, 0x40CB, 0x40CB,
    0x40CB, 0x40CB, 0x40AB, 0x38AB, 0x38AA, 0x38AA, 0x38AA, 0x38AA,
    0x38AA, 0x38AA, 0x38AA, 0x38AA, 0x38A9, 0x38A9, 0x38A9, 0x30A9,
    0x30A9, 0x3089, 0x3089, 0x3089, 0x3088, 0x3088, 0x3088, 0x3088,
    0x3088, 0x3088, 0x3088, 0x2888, 0x2888, 0x2887, 0x2887, 0x2887,
    0x2887, 0x2887, 0x2887, 0x2887, 0x2867, 0x2867, 0x2887, 0x2887,
    0x1845, 0x30A8, 0x510E, 0x2888, 0x0000, 0x0000, 0x0000, 0x0000,
    0x0000, 0x0000, 0x0000, 0x0000, 0x0000, 0x0000, 0x0000, 0x0000,
    0x0000, 0x0000, 0x0000, 0x0000, 0x0000, 0x0000, 0x0000, 0x0000,
    0x0000, 0x0000, 0x0000, 0x3088, 0x3088, 0x3889, 0x38A9, 0x38AA,
    0x38AA, 0x40CB, 0x48EC, 0x490D, 0x50EE, 0x58EF, 0x5910, 0x5910,
    0x590F, 0x48CD, 0x40AB, 0x40CB, 0x48CC, 0x40CC, 0x40CC, 0x40CC,
    0x40CC, 0x40CC, 0x40CC, 0x40CC, 0x40CC, 0x40CC, 0x40CC, 0x40CC,
    0x40CC, 0x40CC, 0x40CC, 0x40CC, 0x40CC, 0x40CC, 0x40CC, 0x40CC,
    0x40CC, 0x40CC, 0x40CC, 0x40CC, 0x40CC, 0x40CB, 0x40CB, 0x40CB,
    0x40CB, 0x40CB, 0x40CB, 0x40CB, 0x40CB, 0x40AB, 0x40AB, 0x38AB,
    0x38AA, 0x38AA, 0x38AA, 0x38AA, 0x38AA, 0x38AA, 0x38AA, 0x38AA,
    0x38A9, 0x38A9, 0x38A9, 0x30A9, 0x3089, 0x3089, 0x3089, 0x3089,
    0x3088, 0x3088, 0x3088, 0x3088, 0x3088, 0x3088, 0x3088, 0x2888,
    0x2888, 0x2887, 0x2887, 0x2887, 0x2887, 0x2887, 0x2887, 0x2867,
    0x2867, 0x2888, 0x2887, 0x2065, 0x30A8, 0x490E, 0x2888, 0x0000,
    0x0000, 0x0000, 0x0000, 0x0000, 0x0000, 0x0000, 0x0000, 0x0000,
    0x0000, 0x0000, 0x0000, 0x0000, 0x0000, 0x0000, 0x0000, 0x0000,
    0x0000, 0x0000, 0x0000, 0x0000, 0x0000, 0x0000, 0x3068, 0x3068,
    0x3089, 0x38A9, 0x38AA, 0x38AA, 0x40AB, 0x48CC, 0x48ED, 0x50EE,
    0x58EF, 0x5910, 0x5910, 0x590F, 0x48CC, 0x40AA, 0x40CB, 0x48CC,
    0x40CC, 0x40CC, 0x40CC, 0x40CC, 0x40CC, 0x40CC, 0x40CC, 0x40CC,
    0x40CC, 0x40CC, 0x40CC, 0x40CC, 0x40CC, 0x40CC, 0x40CC, 0x40CC,
    0x40CC, 0x40CC, 0x40CC, 0x40CC, 0x40CC, 0x40CC, 0x40CC, 0x40CB,
    0x40CB, 0x40CB, 0x40CB, 0x40CB, 0x40CB, 0x40CB, 0x40CB, 0x40CB,
    0x40CB, 0x40CB, 0x40AB, 0x38AA, 0x38AA, 0x38AA, 0x38AA, 0x38AA,
    0x38AA, 0x38AA, 0x38AA, 0x38AA, 0x38A9, 0x38A9, 0x38A9, 0x38A9,
    0x38A9, 0x30A9, 0x3089, 0x3089, 0x3089, 0x3088, 0x3088, 0x3088,
    0x3088, 0x3088, 0x3088, 0x3088, 0x2888, 0x2888, 0x2888, 0x2888,
    0x3088, 0x3088, 0x3088, 0x2888, 0x3088, 0x2888, 0x2066, 0x30A9,
    0x490E, 0x2887, 0x0000, 0x0000, 0x0000, 0x0000, 0x0000, 0x0000,
    0x0000, 0x0000, 0x0000, 0x0000, 0x0000, 0x0000, 0x0000, 0x0000,
    0x0000, 0x0000, 0x0000, 0x0000, 0x0000, 0x0000, 0x0000, 0x0000,
    0x0000, 0x3068, 0x3068, 0x3089, 0x38A9, 0x38AA, 0x38AA, 0x40AB,
    0x40CC, 0x48EC, 0x50ED, 0x50EE, 0x58EF, 0x6131, 0x6131, 0x48EC,
    0x38A9, 0x40AB, 0x48CC, 0x48CC, 0x40CC, 0x40CC, 0x40CC, 0x40CC,
    0x40CC, 0x40CC, 0x40CC, 0x40CC, 0x40CC, 0x40CC, 0x40CC, 0x40CC,
    0x40CC, 0x40CC, 0x40CC, 0x40CC, 0x40CC, 0x40CC, 0x40CC, 0x40CC,
    0x40CC, 0x40CC, 0x40CB, 0x40CB, 0x40CB, 0x40CB, 0x40CB, 0x40CB,
    0x40CB, 0x40CB, 0x40CB, 0x40CB, 0x40CB, 0x40AB, 0x40AB, 0x38AB,
    0x38AA, 0x38AA, 0x38AA, 0x38AA, 0x38AA, 0x38AA, 0x38AA, 0x38AA,
    0x38A9, 0x38A9, 0x38A9, 0x38A9, 0x30A9, 0x3089, 0x3089, 0x3089,
    0x3089, 0x3089, 0x3088, 0x3088, 0x3088, 0x3088, 0x3088, 0x3088,
    0x3088, 0x3088, 0x3088, 0x2887, 0x2867, 0x2867, 0x2887, 0x3088,
    0x3088, 0x2066, 0x3088, 0x40ED, 0x2087, 0x0000, 0x0000, 0x0000,
    0x0000, 0x0000, 0x0000, 0x0000, 0x0000, 0x0000, 0x0000, 0x0000,
    0x0000, 0x0000, 0x0000, 0x0000, 0x0000, 0x0000, 0x0000, 0x0000,
    0x0000, 0x0000, 0x0000, 0x0000, 0x2867, 0x3068, 0x3089, 0x3089,
    0x30A9, 0x38AA, 0x38AA, 0x40CB, 0x48EC, 0x48ED, 0x50EE, 0x510F,
    0x6132, 0x6952, 0x50EE, 0x38AA, 0x38AA, 0x48CC, 0x48CC, 0x40CC,
    0x40CB, 0x40CB, 0x40CC, 0x40CC, 0x40CC, 0x40CC, 0x40CC, 0x40CC,
    0x40CC, 0x40CC, 0x40CC, 0x40CC, 0x40CC, 0x40CC, 0x40CC, 0x40CC,
    0x40CC, 0x40CC, 0x40CC, 0x40CC, 0x40CB, 0x40CB, 0x40CB, 0x40CB,
    0x40CB, 0x40CB, 0x40CB, 0x40CB, 0x40CB, 0x40CB, 0x40CB, 0x40CB,
    0x40AB, 0x40AB, 0x40AB, 0x40AB, 0x38AA, 0x38AA, 0x38AA, 0x38AA,
    0x38AA, 0x38AA, 0x38AA, 0x38AA, 0x38A9, 0x38A9, 0x38A9, 0x38A9,
    0x30A9, 0x30A9, 0x3089, 0x3089, 0x3089, 0x3089, 0x3088, 0x3088,
    0x3088, 0x3088, 0x3088, 0x3089, 0x30A9, 0x2888, 0x2867, 0x2066,
    0x2066, 0x2887, 0x3088, 0x3088, 0x2866, 0x3088, 0x40EC, 0x2067,
    0x0000, 0x0000, 0x0000, 0x0000, 0x0000, 0x0000, 0x0000, 0x0000,
    0x0000, 0x0000, 0x0000, 0x0000, 0x0000, 0x0000, 0x0000, 0x0000,
    0x0000, 0x0000, 0x0000, 0x0000, 0x0000, 0x0000, 0x0000, 0x2867,
    0x3088, 0x3088, 0x3089, 0x30A9, 0x38AA, 0x38AA, 0x40CB, 0x40EC,
    0x48ED, 0x50ED, 0x510E, 0x6131, 0x6953, 0x6130, 0x48CC, 0x38AA,
    0x38AA, 0x40CC, 0x48CC, 0x40CB, 0x40CB, 0x40CC, 0x40CC, 0x40CC,
    0x40CC, 0x40CC, 0x40CC, 0x40CC, 0x40CC, 0x40CC, 0x40CC, 0x40CC,
    0x40CC, 0x40CC, 0x40CC, 0x40CC, 0x40CC, 0x40CC, 0x40CC, 0x40CB,
    0x40CB, 0x40CB, 0x40CB, 0x40CB, 0x40CB, 0x40CB, 0x40CB, 0x40CB,
    0x40CB, 0x40CB, 0x40CB, 0x40AB, 0x40AB, 0x40AB, 0x40AB, 0x38AB,
    0x38AA, 0x38AA, 0x38AA, 0x38AA, 0x38AA, 0x38AA, 0x38AA, 0x38AA,
    0x38A9, 0x38A9, 0x38A9, 0x30A9, 0x30A9, 0x3089, 0x3089, 0x3089,
    0x30A9, 0x30A9, 0x3089, 0x3089, 0x3088, 0x30A9, 0x38A9, 0x3088,
    0x2046, 0x2867, 0x38CA, 0x38AA, 0x2867, 0x2066, 0x2066, 0x3087,
    0x38CA, 0x38CB, 0x1866, 0x0000, 0x0000, 0x0000, 0x0000, 0x0000,
    0x0000, 0x0000, 0x0000, 0x0000, 0x0000, 0x0000, 0x0000, 0x0000,
    0x0000, 0x0000, 0x0000, 0x0000, 0x0000, 0x0000, 0x0000, 0x0000,
    0x0000, 0x0000, 0x2868, 0x3068, 0x3088, 0x3089, 0x3089, 0x38AA,
    0x38AA, 0x40CB, 0x48EC, 0x48ED, 0x50ED, 0x50EE, 0x5910, 0x6932,
    0x7153, 0x6111, 0x40CB, 0x3089, 0x38AA, 0x40CC, 0x40CC, 0x40CB,
    0x40CB, 0x40CB, 0x40CB, 0x40CB, 0x40CC, 0x40CC, 0x40CB, 0x40CB,
    0x40CB, 0x40CB, 0x40CB, 0x40CB, 0x40CB, 0x40CB, 0x40CB, 0x40CB,
    0x40CC, 0x40CB, 0x40CB, 0x40CB, 0x40CB, 0x40CB, 0x40CB, 0x40CB,
    0x40CB, 0x40CB, 0x40CB, 0x40CB, 0x40CB, 0x40CB, 0x40CB, 0x40CB,
    0x40AB, 0x40AB, 0x38AA, 0x38AA, 0x38AA, 0x38AA, 0x38AA, 0x38AA,
    0x38AA, 0x38AA, 0x38AA, 0x38AA, 0x38AA, 0x38A9, 0x38A9, 0x30A9,
    0x38A9, 0x38A9, 0x38A9, 0x38AA, 0x38AA, 0x38AA, 0x38AA, 0x38AA,
    0x38AA, 0x38AA, 0x2867, 0x2045, 0x38CA, 0x6131, 0x6110, 0x3889,
    0x1824, 0x1845, 0x38C9, 0x48EC, 0x38CB, 0x1044, 0x0000, 0x0000,
    0x0000, 0x0000, 0x0000, 0x0000, 0x0000, 0x0000, 0x0000, 0x0000,
    0x0000, 0x0000, 0x0000, 0x0000, 0x0000, 0x0000, 0x0000, 0x0000,
    0x0000, 0x0000, 0x0000, 0x0000, 0x0000, 0x2868, 0x2868, 0x3088,
    0x30A8, 0x30A9, 0x38A9, 0x38AA, 0x40CB, 0x40EC, 0x48ED, 0x50ED,
    0x50EE, 0x50EE, 0x6110, 0x7154, 0x7153, 0x50ED, 0x38A9, 0x38AA,
    0x40CB, 0x40CC, 0x40CB, 0x40CB, 0x40CB, 0x40CB, 0x40CB, 0x40CB,
    0x40CB, 0x40CB, 0x40CB, 0x40CB, 0x40CB, 0x40CB, 0x40CB, 0x40CB,
    0x40CB, 0x40CB, 0x40CB, 0x40CB, 0x40CB, 0x40CB, 0x40CB, 0x40CB,
    0x40CB, 0x40CB, 0x40CB, 0x40CB, 0x40CB, 0x40CB, 0x40CB, 0x40CB,
    0x40CB, 0x40CB, 0x40CB, 0x40AB, 0x40AB, 0x38AA, 0x38CA, 0x38CA,
    0x38AA, 0x38AA, 0x38AA, 0x38AA, 0x38AA, 0x38AA, 0x38AA, 0x38AA,
    0x38AA, 0x38A9, 0x38A9, 0x38A9, 0x38A9, 0x30A9, 0x3088, 0x3088,
    0x3088, 0x3088, 0x30A9, 0x3088, 0x2066, 0x2065, 0x38AA, 0x6130,
    0x7974, 0x7153, 0x48CD, 0x2867, 0x3088, 0x512D, 0x512F, 0x30AA,
    0x1023, 0x0000, 0x0000, 0x0000, 0x0000, 0x0000, 0x0000, 0x0000,
    0x0000, 0x0000, 0x0000, 0x0000, 0x0000, 0x0000, 0x0000, 0x0000,
    0x0000, 0x0000, 0x0000, 0x0000, 0x0000, 0x0000, 0x0000, 0x0000,
    0x2867, 0x2887, 0x2888, 0x30A8, 0x30A8, 0x30A9, 0x38AA, 0x38CA,
    0x40CB, 0x40CC, 0x48CD, 0x50CE, 0x50EE, 0x590F, 0x6932, 0x6933,
    0x6130, 0x50ED, 0x40CB, 0x40AB, 0x40CC, 0x40CC, 0x40CB, 0x40CB,
    0x40CB, 0x40CB, 0x40CB, 0x40CB, 0x40CB, 0x40CB, 0x40CB, 0x40CB,
    0x40CB, 0x40CB, 0x40CB, 0x40CB, 0x40CB, 0x40CB, 0x40CB, 0x40CB,
    0x40CB, 0x40CB, 0x40CB, 0x40CB, 0x40CB, 0x40CB, 0x40CB, 0x40CB,
    0x40CB, 0x40CB, 0x40CB, 0x40CB, 0x40AB, 0x40AB, 0x40AB, 0x40AB,
    0x40AB, 0x38AB, 0x40CB, 0x40AB, 0x40AB, 0x40CB, 0x40CB, 0x40CB,
    0x40CB, 0x40AB, 0x40AB, 0x40AB, 0x40AA, 0x40AA, 0x38AA, 0x38AA,
    0x3088, 0x2867, 0x2066, 0x2065, 0x2065, 0x2867, 0x1845, 0x0821,
    0x2066, 0x6130, 0x8175, 0x7973, 0x7132, 0x6931, 0x58EF, 0x5930,
    0x69B3, 0x6171, 0x30A9, 0x1002, 0x0000, 0x0000, 0x0000, 0x0000,
    0x0000, 0x0000, 0x0000, 0x0000, 0x0000, 0x0000, 0x0000, 0x0000,
    0x0000, 0x0000, 0x0000, 0x0000, 0x0000, 0x0000, 0x0000, 0x0000,
    0x0000, 0x0000, 0x0000, 0x2867, 0x2867, 0x2888, 0x30A8, 0x30A8,
    0x30A9, 0x38A9, 0x38CA, 0x40CB, 0x40CC, 0x48CC, 0x50CD, 0x50EE,
    0x590F, 0x5910, 0x6932, 0x7153, 0x6130, 0x40CB, 0x3089, 0x40AB,
    0x40CC, 0x40CB, 0x40CB, 0x40CB, 0x40CB, 0x40CB, 0x40CB, 0x40CB,
    0x40CB, 0x40CB, 0x40CB, 0x40CB, 0x40CB, 0x40CB, 0x40CB, 0x40CB,
    0x40CB, 0x40CB, 0x40CB, 0x40CB, 0x40CB, 0x40CB, 0x40CB, 0x40CB,
    0x40CB, 0x40CB, 0x40CB, 0x40CB, 0x40CB, 0x40CB, 0x40CB, 0x40AB,
    0x40AB, 0x40AB, 0x40CB, 0x40AB, 0x38AA, 0x38AA, 0x38AA, 0x38AA,
    0x38AA, 0x38A9, 0x38A9, 0x38A9, 0x38A9, 0x38AA, 0x38AA, 0x38A9,
    0x30A9, 0x3088, 0x3088, 0x3089, 0x38AA, 0x38AA, 0x38AA, 0x30A9,
    0x38AA, 0x3088, 0x1844, 0x38AA, 0x7975, 0x8196, 0x6930, 0x6110,
    0x7152, 0x6933, 0x6974, 0x71D5, 0x6170, 0x3089, 0x1002, 0x0000,
    0x0000, 0x0000, 0x0000, 0x0000, 0x0000, 0x0000, 0x0000, 0x0000,
    0x0000, 0x0000, 0x0000, 0x0000, 0x0000, 0x0000, 0x0000, 0x0000,
    0x0000, 0x0000, 0x0000, 0x0000, 0x0000, 0x0000, 0x2867, 0x2867,
    0x2887, 0x3088, 0x30A8, 0x3088, 0x3089, 0x38AA, 0x40CB, 0x40CB,
    0x48CC, 0x48CD, 0x50EE, 0x590F, 0x58EF, 0x6111, 0x7954, 0x6931,
    0x40CB, 0x3088, 0x40AA, 0x40CC, 0x40CB, 0x40CB, 0x40CB, 0x40CB,
    0x40CB, 0x40CB, 0x40CB, 0x40CB, 0x40CB, 0x40CB, 0x40CB, 0x40CB,
    0x40CB, 0x40CB, 0x40CB, 0x40CB, 0x40CB, 0x40CB, 0x40CB, 0x40CB,
    0x40CB, 0x40CB, 0x40CB, 0x40CB, 0x40CB, 0x40CC, 0x40CC, 0x40CC,
    0x40CC, 0x40CC, 0x40CB, 0x40CB, 0x40CB, 0x40CC, 0x40CB, 0x40CB,
    0x38AA, 0x38AA, 0x3089, 0x3088, 0x2887, 0x2887, 0x2887, 0x2887,
    0x2887, 0x2887, 0x2867, 0x2066, 0x2066, 0x2867, 0x40AB, 0x5910,
    0x7154, 0x7153, 0x6931, 0x6932, 0x6931, 0x58EF, 0x6111, 0x7955,
    0x7153, 0x610E, 0x610F, 0x6931, 0x6111, 0x6132, 0x6993, 0x594F,
    0x3068, 0x1002, 0x0000, 0x0000, 0x0000, 0x0000, 0x0000, 0x0000,
    0x0000, 0x0000, 0x0000, 0x0000, 0x0000, 0x0000, 0x0000, 0x0000,
    0x0000, 0x0000, 0x0000, 0x0000, 0x0000, 0x0000, 0x0000, 0x0000,
    0x0000, 0x2846, 0x2847, 0x2867, 0x2887, 0x3088, 0x3088, 0x3089,
    0x38AA, 0x38CA, 0x40CB, 0x40CC, 0x48CD, 0x50EE, 0x510F, 0x58EF,
    0x6110, 0x7153, 0x6932, 0x50ED, 0x40AB, 0x40AB, 0x38AA, 0x38AA,
    0x40CB, 0x40CB, 0x40CB, 0x40CB, 0x40CB, 0x40CB, 0x40CB, 0x40CB,
    0x40CB, 0x40CB, 0x40CB, 0x40CB, 0x40CB, 0x40CB, 0x40CB, 0x40CB,
    0x40CB, 0x40CB, 0x40CB, 0x40CB, 0x40CB, 0x40CB, 0x40CB, 0x40CB,
    0x38AB, 0x38AA, 0x38AA, 0x38AA, 0x38AA, 0x38AA, 0x38AA, 0x40AB,
    0x38AA, 0x38AA, 0x38AA, 0x40CB, 0x38AA, 0x38AA, 0x38AA, 0x38CB,
    0x38AB, 0x38AA, 0x38AA, 0x38AA, 0x38AA, 0x38AA, 0x30A9, 0x3089,
    0x38AA, 0x50EE, 0x7153, 0x8997, 0x8197, 0x7974, 0x7954, 0x7975,
    0x7154, 0x7153, 0x6932, 0x6110, 0x590E, 0x610F, 0x6110, 0x50CF,
    0x5910, 0x6191, 0x514F, 0x2868, 0x1002, 0x0000, 0x0000, 0x0000,
    0x0000, 0x0000, 0x0000, 0x0000, 0x0000, 0x0000, 0x0000, 0x0000,
    0x0000, 0x0000, 0x0000, 0x0000, 0x0000, 0x0000, 0x0000, 0x0000,
    0x0000, 0x0000, 0x0000, 0x0000, 0x2046, 0x2046, 0x2867, 0x2887,
    0x2888, 0x3088, 0x3089, 0x38A9, 0x38CA, 0x40CB, 0x40CB, 0x40CC,
    0x48ED, 0x50EE, 0x50EF, 0x590F, 0x6131, 0x6952, 0x6131, 0x590F,
    0x40CC, 0x38A9, 0x3089, 0x38A9, 0x38AA, 0x40CB, 0x40CC, 0x48CC,
    0x48CC, 0x40CC, 0x48CC, 0x48CC, 0x48CC, 0x48CC, 0x48CC, 0x48CC,
    0x48CC, 0x48CC, 0x48CC, 0x40CC, 0x40CC, 0x40CC, 0x40CC, 0x48CC,
    0x48CC, 0x40CB, 0x38AA, 0x3889, 0x3088, 0x2887, 0x2887, 0x3088,
    0x3088, 0x3088, 0x3089, 0x2888, 0x2867, 0x38A9, 0x40CC, 0x48CC,
    0x48ED, 0x6110, 0x6953, 0x7153, 0x6953, 0x6952, 0x6932, 0x6131,
    0x6131, 0x6131, 0x6131, 0x6131, 0x6131, 0x6932, 0x7153, 0x6932,
    0x6131, 0x6131, 0x6131, 0x6152, 0x6131, 0x6110, 0x58EF, 0x590F,
    0x610F, 0x6110, 0x50CF, 0x5910, 0x6191, 0x514F, 0x3088, 0x1003,
    0x0000, 0x0000, 0x0000, 0x0000, 0x0000, 0x0000, 0x0000, 0x0000,
    0x0000, 0x0000, 0x0000, 0x0000, 0x0000, 0x0000, 0x0000, 0x0000,
    0x0000, 0x0000, 0x0000, 0x0000, 0x0000, 0x0000, 0x0000, 0x2046,
    0x2046, 0x2867, 0x2867, 0x2887, 0x3088, 0x3088, 0x38A9, 0x38CA,
    0x38CA, 0x40CB, 0x40CC, 0x48EC, 0x50EE, 0x50EE, 0x510F, 0x590F,
    0x6131, 0x6953, 0x6131, 0x50EE, 0x48CC, 0x40CC, 0x40AB, 0x38AA,
    0x38AA, 0x38AA, 0x38AA, 0x38CA, 0x38AA, 0x40AA, 0x40AA, 0x40AA,
    0x40AA, 0x40AA, 0x40AA, 0x40AA, 0x40AA, 0x40AA, 0x40AB, 0x40CB,
    0x40CB, 0x40CB, 0x40CB, 0x40AA, 0x30A9, 0x38AA, 0x48CC, 0x40CC,
    0x40AB, 0x40CB, 0x40CB, 0x40CB, 0x40CB, 0x40CB, 0x38AA, 0x38AA,
    0x48CC, 0x510E, 0x510F, 0x5910, 0x7153, 0x7975, 0x8176, 0x7975,
    0x7975, 0x7154, 0x7154, 0x7154, 0x7954, 0x7154, 0x7153, 0x6932,
    0x6110, 0x5910, 0x58EF, 0x590F, 0x510F, 0x510F, 0x510F, 0x590F,
    0x58EF, 0x590F, 0x590E, 0x590E, 0x590F, 0x50CF, 0x5910, 0x6171,
    0x514E, 0x2888, 0x1002, 0x0000, 0x0000, 0x0000, 0x0000, 0x0000,
    0x0000, 0x0000, 0x0000, 0x0000, 0x0000, 0x0000, 0x0000, 0x0000,
    0x0000, 0x0000, 0x0000, 0x0000, 0x0000, 0x0000, 0x0000, 0x0000,
    0x0000, 0x0000, 0x2046, 0x2046, 0x2866, 0x2867, 0x2887, 0x2888,
    0x3088, 0x30A9, 0x38A9, 0x38AA, 0x38AA, 0x40CB, 0x40CC, 0x48ED,
    0x50EE, 0x50EE, 0x510E, 0x590F, 0x6131, 0x6131, 0x6131, 0x6952,
    0x6952, 0x510E, 0x38AA, 0x3088, 0x3088, 0x2888, 0x2888, 0x2888,
    0x2887, 0x2887, 0x2888, 0x2888, 0x3088, 0x3088, 0x3088, 0x3088,
    0x3088, 0x3088, 0x30A9, 0x30A9, 0x30A9, 0x38A9, 0x3088, 0x2888,
    0x40CC, 0x6952, 0x7174, 0x6953, 0x7153, 0x7153, 0x6932, 0x6131,
    0x6932, 0x6131, 0x6131, 0x6131, 0x6952, 0x6131, 0x6111, 0x6932,
    0x6932, 0x6132, 0x6131, 0x6131, 0x6131, 0x6131, 0x6110, 0x6111,
    0x6131, 0x6131, 0x6130, 0x5910, 0x590F, 0x590F, 0x5910, 0x590F,
    0x510F, 0x510F, 0x5910, 0x590F, 0x590F, 0x590E, 0x590E, 0x590F,
    0x50CF, 0x50F0, 0x5971, 0x512E, 0x2888, 0x1002, 0x0000, 0x0000,
    0x0000, 0x0000, 0x0000, 0x0000, 0x0000, 0x0000, 0x0000, 0x0000,
    0x0000, 0x0000, 0x0000, 0x0000, 0x0000, 0x0000, 0x0000, 0x0000,
    0x0000, 0x0000, 0x0000, 0x0000, 0x0000, 0x2046, 0x2046, 0x2066,
    0x2867, 0x2887, 0x2887, 0x2888, 0x3088, 0x30A9, 0x38A9, 0x38AA,
    0x40AB, 0x40CC, 0x48CD, 0x48ED, 0x50EE, 0x50EE, 0x50EE, 0x590F,
    0x5910, 0x6952, 0x7174, 0x7174, 0x6130, 0x48ED, 0x40CB, 0x40AA,
    0x40CB, 0x40CB, 0x40CB, 0x40AB, 0x40CB, 0x40AB, 0x40AB, 0x40CB,
    0x40CB, 0x40CB, 0x40AB, 0x40AB, 0x40CB, 0x40CB, 0x40CB, 0x40CB,
    0x40CC, 0x40AA, 0x38AA, 0x50EE, 0x7975, 0x8196, 0x7975, 0x7975,
    0x7975, 0x7154, 0x7153, 0x7154, 0x7154, 0x7153, 0x7153, 0x6953,
    0x6932, 0x6111, 0x6110, 0x590F, 0x590F, 0x510F, 0x510F, 0x590F,
    0x58EF, 0x58EE, 0x50EE, 0x510F, 0x590F, 0x590F, 0x590F, 0x590F,
    0x590F, 0x590F, 0x590F, 0x510F, 0x510F, 0x510F, 0x590F, 0x590E,
    0x590E, 0x590E, 0x58EE, 0x50CE, 0x50EF, 0x5950, 0x492D, 0x2887,
    0x0802, 0x0000, 0x0000, 0x0000, 0x0000, 0x0000, 0x0000, 0x0000,
    0x0000, 0x0000, 0x0000, 0x0000, 0x0000, 0x0000, 0x0000, 0x0000,
    0x0000, 0x0000, 0x0000, 0x0000, 0x0000, 0x0000, 0x0000, 0x0000,
    0x2045, 0x2045, 0x2066, 0x2066, 0x2067, 0x2887, 0x2887, 0x30A8,
    0x30A9, 0x38A9, 0x38AA, 0x38AA, 0x40CB, 0x40CC, 0x48CD, 0x48ED,
    0x50EE, 0x50EE, 0x510E, 0x590F, 0x6130, 0x6931, 0x6932, 0x6131,
    0x6130, 0x6130, 0x6931, 0x6952, 0x7153, 0x7153, 0x7153, 0x7153,
    0x7153, 0x6953, 0x6953, 0x6952, 0x6953, 0x6952, 0x6952, 0x6931,
    0x6131, 0x6131, 0x6131, 0x6931, 0x6130, 0x590F, 0x6110, 0x6952,
    0x6932, 0x6111, 0x6931, 0x6931, 0x6130, 0x6130, 0x6131, 0x6131,
    0x6130, 0x6130, 0x6130, 0x6130, 0x5930, 0x5910, 0x590F, 0x590F,
    0x590F, 0x5910, 0x5910, 0x590F, 0x590F, 0x590F, 0x590F, 0x590F,
    0x590F, 0x58EF, 0x58EF, 0x510F, 0x510F, 0x510F, 0x510F, 0x510E,
    0x50EE, 0x50EE, 0x50ED, 0x50ED, 0x50EE, 0x50EE, 0x48CD, 0x50EE,
    0x596E, 0x492C, 0x2066, 0x0802, 0x0000, 0x0000, 0x0000, 0x0000,
    0x0000, 0x0000, 0x0000, 0x0000, 0x0000, 0x0000, 0x0000, 0x0000,
    0x0000, 0x0000, 0x0000, 0x0000, 0x0000, 0x0000, 0x0000, 0x0000,
    0x0000, 0x0000, 0x0000, 0x1845, 0x1845, 0x2066, 0x2066, 0x2066,
    0x2886, 0x2887, 0x28A8, 0x30A8, 0x30A9, 0x38AA, 0x38AA, 0x40CB,
    0x40CC, 0x48CC, 0x48CD, 0x50ED, 0x50EE, 0x510E, 0x510F, 0x50EF,
    0x58EF, 0x590F, 0x6131, 0x6932, 0x7153, 0x7153, 0x7975, 0x7975,
    0x7975, 0x7975, 0x8175, 0x7975, 0x7975, 0x7995, 0x7995, 0x7975,
    0x7975, 0x7974, 0x7173, 0x7153, 0x7153, 0x7153, 0x7153, 0x7153,
    0x6932, 0x6931, 0x6110, 0x590F, 0x58EF, 0x58EF, 0x58EF, 0x590F,
    0x590F, 0x590F, 0x590F, 0x58EF, 0x58EF, 0x590F, 0x590F, 0x590F,
    0x590F, 0x590F, 0x590F, 0x590F, 0x590F, 0x58EF, 0x58EF, 0x590F,
    0x510F, 0x510F, 0x50EF, 0x50EF, 0x50EE, 0x50EE, 0x50EE, 0x50EE,
    0x50EE, 0x50EE, 0x50EE, 0x50ED, 0x50ED, 0x50ED, 0x50ED, 0x50CE,
    0x50CE, 0x48CD, 0x48ED, 0x516E, 0x492B, 0x2065, 0x0802, 0x0001,
    0x0000, 0x0000, 0x0000, 0x0000, 0x0000, 0x0000, 0x0000, 0x0000,
    0x0000, 0x0000, 0x0000, 0x0000, 0x0000, 0x0000, 0x0000, 0x0000,
    0x0000, 0x0000, 0x0000, 0x0000, 0x0000, 0x0000, 0x1845, 0x1845,
    0x2065, 0x2066, 0x2066, 0x2066, 0x2866, 0x2887, 0x3088, 0x3088,
    0x3889, 0x38AA, 0x40AA, 0x40CB, 0x40CC, 0x48CC, 0x48CD, 0x50ED,
    0x50EE, 0x50EE, 0x50EF, 0x50EF, 0x50EF, 0x590F, 0x5910, 0x6130,
    0x6110, 0x6111, 0x6111, 0x6131, 0x6931, 0x6931, 0x6931, 0x6131,
    0x6131, 0x6111, 0x6131, 0x6131, 0x6131, 0x6130, 0x6130, 0x6110,
    0x6111, 0x6110, 0x6110, 0x6110, 0x6110, 0x590F, 0x590F, 0x590F,
    0x5910, 0x590F, 0x590F, 0x590F, 0x590F, 0x590F, 0x58EF, 0x58EF,
    0x58EF, 0x50EF, 0x50EE, 0x50EE, 0x50EE, 0x50EE, 0x50EE, 0x50EE,
    0x50EE, 0x50EE, 0x50EE, 0x50EE, 0x50EE, 0x50EE, 0x50EE, 0x50EE,
    0x50EE, 0x50CD, 0x50CD, 0x50EE, 0x50EE, 0x50ED, 0x50ED, 0x50ED,
    0x50EC, 0x50CC, 0x48CD, 0x48CE, 0x48AD, 0x48CD, 0x514D, 0x412B,
    0x2065, 0x0802, 0x0000, 0x0000, 0x0000, 0x0000, 0x0000, 0x0000,
    0x0000, 0x0000, 0x0000, 0x0000, 0x0000, 0x0000, 0x0000, 0x0000,
    0x0000, 0x0000, 0x0000, 0x0000, 0x0000, 0x0000, 0x0000, 0x0000,
    0x0000, 0x1845, 0x1845, 0x1845, 0x2065, 0x2066, 0x2066, 0x2066,
    0x2887, 0x2887, 0x3088, 0x3088, 0x3889, 0x38AA, 0x40CA, 0x40AB,
    0x40AC, 0x48CC, 0x48CD, 0x48CD, 0x50CD, 0x50EE, 0x50EE, 0x50EE,
    0x50EE, 0x50EF, 0x58EE, 0x58EE, 0x50EE, 0x50EE, 0x58EE, 0x58EF,
    0x58EF, 0x58EF, 0x50EE, 0x50EE, 0x50EE, 0x50EE, 0x510E, 0x510E,
    0x590E, 0x590E, 0x590F, 0x58EF, 0x58EF, 0x58EF, 0x58EE, 0x58EE,
    0x590F, 0x590F, 0x590F, 0x590F, 0x590F, 0x590F, 0x590F, 0x590F,
    0x58EF, 0x58EF, 0x58EF, 0x50EF, 0x50EE, 0x50EE, 0x50EE, 0x50EE,
    0x50EE, 0x50EE, 0x50EE, 0x50ED, 0x50ED, 0x50ED, 0x50EE, 0x50CE,
    0x50CD, 0x48CD, 0x48ED, 0x48ED, 0x48CD, 0x48CD, 0x48CE, 0x48ED,
    0x48ED, 0x48CC, 0x48CC, 0x48CC, 0x48CC, 0x48CD, 0x48CD, 0x40AC,
    0x48CD, 0x512D, 0x410A, 0x2065, 0x0802, 0x0000, 0x0000, 0x0000,
    0x0000, 0x0000, 0x0000, 0x0000, 0x0000, 0x0000, 0x0000, 0x0000,
    0x0000, 0x0000, 0x0000, 0x0000, 0x0000, 0x0000, 0x0000, 0x0000,
    0x0000, 0x0000, 0x0000, 0x0000, 0x1824, 0x1824, 0x1844, 0x1845,
    0x2065, 0x2065, 0x2066, 0x2886, 0x2887, 0x2887, 0x3088, 0x3088,
    0x38A9, 0x38AA, 0x38AA, 0x38AB, 0x40CB, 0x40CC, 0x48EC, 0x48EC,
    0x48ED, 0x50ED, 0x50ED, 0x50EE, 0x510E, 0x590E, 0x58EE, 0x50EE,
    0x50EE, 0x50EF, 0x590F, 0x58EF, 0x590F, 0x510F, 0x510F, 0x510F,
    0x510E, 0x510E, 0x590E, 0x590E, 0x50EE, 0x50EE, 0x50EE, 0x50EE,
    0x50EE, 0x50EE, 0x50EE, 0x50EE, 0x50EE, 0x50EE, 0x50EE, 0x50EE,
    0x50EE, 0x50EE, 0x50EE, 0x50EE, 0x50EE, 0x50EE, 0x50EE, 0x50ED,
    0x50ED, 0x50CD, 0x50CD, 0x50ED, 0x48ED, 0x48ED, 0x48ED, 0x48ED,
    0x48ED, 0x48CD, 0x48CD, 0x48CD, 0x48CC, 0x48CC, 0x48EC, 0x48CC,
    0x48CD, 0x48ED, 0x40ED, 0x48EC, 0x48CC, 0x48CB, 0x48CB, 0x48CC,
    0x48CC, 0x48AD, 0x40AC, 0x40EC, 0x492D, 0x390A, 0x2065, 0x0801,
    0x0000, 0x0000, 0x0000, 0x0000, 0x0000, 0x0000, 0x0000, 0x0000,
    0x0000, 0x0000, 0x0000, 0x0000, 0x0000, 0x0000, 0x0000, 0x0000,
    0x0000, 0x0000, 0x0000, 0x0000, 0x0000, 0x0000, 0x0000, 0x1824,
    0x1824, 0x1844, 0x1845, 0x2065, 0x2065, 0x2065, 0x2066, 0x2866,
    0x2867, 0x2887, 0x3088, 0x3089, 0x3889, 0x38AA, 0x38AA, 0x40CB,
    0x40CB, 0x40CB, 0x40EC, 0x48EC, 0x48EC, 0x48ED, 0x48ED, 0x50ED,
    0x50EE, 0x50EE, 0x50EE, 0x50EE, 0x50EE, 0x50EE, 0x50EE, 0x50EE,
    0x510E, 0x510E, 0x510E, 0x510E, 0x510E, 0x510E, 0x50EE, 0x50EE,
    0x50EE, 0x50EE, 0x50EE, 0x50EE, 0x50ED, 0x50EE, 0x50EE, 0x50ED,
    0x50ED, 0x48ED, 0x50ED, 0x50ED, 0x50ED, 0x50ED, 0x48ED, 0x48ED,
    0x48ED, 0x48ED, 0x48ED, 0x48CD, 0x48CD, 0x48CD, 0x48ED, 0x48ED,
    0x48ED, 0x48EC, 0x48CC, 0x48CC, 0x48CC, 0x48CC, 0x48CC, 0x48CC,
    0x48CC, 0x48CC, 0x48CC, 0x48CC, 0x40CC, 0x40EC, 0x40EC, 0x40EB,
    0x40CB, 0x40CB, 0x48CB, 0x40CC, 0x40AD, 0x40AC, 0x40CC, 0x492C,
    0x38EA, 0x2065, 0x0801, 0x0000, 0x0000, 0x0000, 0x0000, 0x0000,
    0x0000, 0x0000, 0x0000, 0x0000, 0x0000, 0x0000, 0x0000, 0x0000,
    0x0000, 0x0000, 0x0000, 0x0000, 0x0000, 0x0000, 0x0000, 0x0000,
    0x0000, 0x0000, 0x1044, 0x1044, 0x1844, 0x1844, 0x1845, 0x1845,
    0x1845, 0x2045, 0x2066, 0x2866, 0x2867, 0x3088, 0x3088, 0x3089,
    0x3089, 0x38A9, 0x38AA, 0x40AA, 0x40AB, 0x40CB, 0x40CB, 0x40EB,
    0x40EC, 0x48EC, 0x48EC, 0x48ED, 0x50ED, 0x50ED, 0x50ED, 0x50ED,
    0x50ED, 0x50ED, 0x50ED, 0x50ED, 0x50ED, 0x48ED, 0x48ED, 0x48ED,
    0x48ED, 0x50ED, 0x50ED, 0x50ED, 0x48ED, 0x48ED, 0x48ED, 0x48ED,
    0x48ED, 0x48ED, 0x48ED, 0x48EC, 0x48EC, 0x48EC, 0x48EC, 0x48EC,
    0x48EC, 0x48EC, 0x48EC, 0x48EC, 0x48CC, 0x48CC, 0x48CC, 0x48CC,
    0x48CC, 0x48CC, 0x48CC, 0x48CC, 0x48CC, 0x40CC, 0x40CC, 0x40CC,
    0x40CC, 0x40CC, 0x40CC, 0x40CC, 0x40CC, 0x40CC, 0x40CC, 0x40CC,
    0x40CC, 0x40EB, 0x40EB, 0x40CA, 0x40CA, 0x40CB, 0x40AC, 0x40AC,
    0x388C, 0x40AC, 0x40EC, 0x38E9, 0x2064, 0x0801, 0x0000, 0x0000,
    0x0000, 0x0000, 0x0000, 0x0000, 0x0000, 0x0000, 0x0000, 0x0000,
    0x0000, 0x0000, 0x0000, 0x0000, 0x0000, 0x0000, 0x0000, 0x0000,
    0x0000, 0x0000, 0x0000, 0x0000, 0x0000, 0x1044, 0x1044, 0x1844,
    0x1844, 0x1844, 0x1844, 0x1845, 0x2045, 0x2065, 0x2066, 0x2867,
    0x2887, 0x3088, 0x3088, 0x3088, 0x30A9, 0x38A9, 0x38AA, 0x38AA,
    0x38AA, 0x40CB, 0x40CB, 0x40CB, 0x40CB, 0x48EC, 0x48EC, 0x48EC,
    0x48EC, 0x48CC, 0x48CC, 0x48CD, 0x48CD, 0x48ED, 0x48EC, 0x48EC,
    0x48EC, 0x48ED, 0x48ED, 0x48EC, 0x48EC, 0x48CD, 0x48ED, 0x48EC,
    0x48EC, 0x48CC, 0x48CC, 0x48CC, 0x48CC, 0x48CC, 0x48EC, 0x48EC,
    0x48EC, 0x48EC, 0x48CC, 0x40CC, 0x40CC, 0x48CC, 0x40CC, 0x40CB,
    0x40CC, 0x40CC, 0x40CB, 0x40CB, 0x40CB, 0x40CB, 0x40CB, 0x40CB,
    0x40AB, 0x40CB, 0x40CB, 0x40CB, 0x40CB, 0x40CB, 0x40CB, 0x40CB,
    0x40CB, 0x40CB, 0x40CB, 0x40CB, 0x40CB, 0x40CA, 0x40CA, 0x40CA,
    0x40AA, 0x40AB, 0x40AB, 0x38AB, 0x38AB, 0x40EB, 0x38C9, 0x1864,
    0x0801, 0x0000, 0x0000, 0x0000, 0x0000, 0x0000, 0x0000, 0x0000,
    0x0000, 0x0000, 0x0000, 0x0000, 0x0000, 0x0000, 0x0000, 0x0000,
    0x0000, 0x0000, 0x0000, 0x0000, 0x0000, 0x0000, 0x0000, 0x0000,
    0x1023, 0x1023, 0x1843, 0x1843, 0x1844, 0x1844, 0x1844, 0x2065,
    0x2065, 0x2065, 0x2066, 0x2866, 0x2887, 0x2887, 0x2888, 0x2888,
    0x30A8, 0x30A8, 0x30A9, 0x38A9, 0x40AA, 0x40AA, 0x38AA, 0x38CA,
    0x40CB, 0x40CB, 0x40CB, 0x40CB, 0x40CB, 0x40CC, 0x48CC, 0x48CC,
    0x48CC, 0x40EC, 0x40EC, 0x48CC, 0x48CC, 0x48EC, 0x40EB, 0x40CB,
    0x40CB, 0x40CB, 0x40CB, 0x40CB, 0x40CB, 0x40CB, 0x40CB, 0x40CB,
    0x40CB, 0x40CB, 0x40CB, 0x40CB, 0x40CB, 0x40CB, 0x40CB, 0x40CB,
    0x40CB, 0x40CB, 0x40CB, 0x40CB, 0x40CB, 0x40CB, 0x40CB, 0x40CB,
    0x40AB, 0x40CB, 0x40AA, 0x38AA, 0x38AA, 0x40CA, 0x40CA, 0x38CA,
    0x38AA, 0x38AA, 0x38AA, 0x38AA, 0x38AA, 0x38AA, 0x38AA, 0x38AA,
    0x38AA, 0x38AA, 0x38AA, 0x38AA, 0x38AA, 0x38AA, 0x38AA, 0x38CA,
    0x410A, 0x30E8, 0x1864, 0x0802, 0x0000, 0x0000, 0x0000, 0x0000,
    0x0000, 0x0000, 0x0000, 0x0000, 0x0000, 0x0000, 0x0000, 0x0000,
    0x0000, 0x0000, 0x0000, 0x0000, 0x0000, 0x0000, 0x0000, 0x0000,
    0x0000, 0x0000, 0x0000, 0x1022, 0x1023, 0x1023, 0x1043, 0x1843,
    0x1844, 0x1844, 0x1865, 0x2065, 0x2065, 0x2066, 0x2066, 0x2866,
    0x2887, 0x2887, 0x2887, 0x2888, 0x30A8, 0x30A8, 0x30A9, 0x38A9,
    0x38AA, 0x38AA, 0x38AA, 0x38AA, 0x38AA, 0x40AB, 0x40CB, 0x40CB,
    0x40CB, 0x40CB, 0x40CC, 0x40CC, 0x40CB, 0x40CB, 0x40CB, 0x40CB,
    0x40CB, 0x40CB, 0x40CB, 0x40CB, 0x40CB, 0x40CB, 0x40CB, 0x38CB,
    0x40AB, 0x40AB, 0x40AB, 0x40AB, 0x40AB, 0x40AB, 0x40AB, 0x40AB,
    0x38AB, 0x38AB, 0x38AB, 0x40CB, 0x38AB, 0x38CA, 0x38AA, 0x38CA,
    0x38CA, 0x38AA, 0x38AA, 0x38AA, 0x38AA, 0x38AA, 0x38AA, 0x38AA,
    0x38AA, 0x38AA, 0x38AA, 0x38AA, 0x38AA, 0x38AA, 0x38AA, 0x38AA,
    0x38AA, 0x38AA, 0x38AA, 0x38AA, 0x38AA, 0x388A, 0x388A, 0x388A,
    0x38A9, 0x38A9, 0x38C9, 0x3909, 0x30E8, 0x1864, 0x0802, 0x0001,
    0x0000, 0x0000, 0x0000, 0x0000, 0x0000, 0x0000, 0x0000, 0x0000,
    0x0000, 0x0000, 0x0000, 0x0000, 0x0000, 0x0000, 0x0000, 0x0000,
    0x0000, 0x0000, 0x0000, 0x0000, 0x0000, 0x0000, 0x1022, 0x1022,
    0x1023, 0x1023, 0x1023, 0x1043, 0x1844, 0x1844, 0x1845, 0x2065,
    0x2045, 0x2045, 0x2046, 0x2867, 0x2867, 0x2867, 0x2887, 0x2888,
    0x2888, 0x30A8, 0x3889, 0x3889, 0x3889, 0x3889, 0x38AA, 0x38AA,
    0x38AA, 0x38AA, 0x38AA, 0x38AA, 0x38AA, 0x38AA, 0x38AA, 0x38AA,
    0x38AA, 0x38AA, 0x38AA, 0x38AA, 0x38AA, 0x38CA, 0x38CA, 0x38CA,
    0x38CA, 0x38CA, 0x38AA, 0x38AA, 0x38AA, 0x38AA, 0x38AA, 0x38AA,
    0x38AA, 0x38AA, 0x38AA, 0x38AA, 0x38AA, 0x38AA, 0x38AA, 0x38AA,
    0x38AA, 0x38AA, 0x38AA, 0x38AA, 0x38AA, 0x38AA, 0x38AA, 0x38AA,
    0x38AA, 0x38AA, 0x38AA, 0x38AA, 0x38AA, 0x38AA, 0x38AA, 0x38AA,
    0x388A, 0x308A, 0x308A, 0x38A9, 0x38A9, 0x38A9, 0x38A9, 0x388A,
    0x388A, 0x388A, 0x388A, 0x3889, 0x3088, 0x30A8, 0x38E9, 0x30C8,
    0x1864, 0x0802, 0x0001, 0x0000, 0x0000, 0x0000, 0x0000, 0x0000,
    0x0000, 0x0000, 0x0000, 0x0000, 0x0000, 0x0000, 0x0000, 0x0000,
    0x0000, 0x0000, 0x0000, 0x0000, 0x0000, 0x0000, 0x0000, 0x0000,
    0x0000, 0x1022, 0x1022, 0x1023, 0x1023, 0x1023, 0x1023, 0x1043,
    0x1844, 0x1844, 0x1845, 0x1845, 0x1845, 0x2046, 0x2066, 0x2066,
    0x2867, 0x2867, 0x2887, 0x2888, 0x3088, 0x3088, 0x3088, 0x3088,
    0x3089, 0x3889, 0x38AA, 0x38AA, 0x38AA, 0x38AA, 0x38AA, 0x38AA,
    0x38AA, 0x38AA, 0x38AA, 0x38AA, 0x38AA, 0x38AA, 0x38AA, 0x38AA,
    0x38AA, 0x38AA, 0x38AA, 0x38AA, 0x38AA, 0x38AA, 0x38AA, 0x38AA,
    0x38AA, 0x38AA, 0x38AA, 0x38AA, 0x38AA, 0x38AA, 0x38AA, 0x38AA,
    0x38AA, 0x38AA, 0x38AA, 0x38AA, 0x38AA, 0x38AA, 0x38AA, 0x38AA,
    0x38AA, 0x38AA, 0x308A, 0x308A, 0x30AA, 0x308A, 0x308A, 0x308A,
    0x308A, 0x30AA, 0x308A, 0x3089, 0x3089, 0x3089, 0x3889, 0x38A9,
    0x38A9, 0x3889, 0x3089, 0x3889, 0x3889, 0x3889, 0x3089, 0x3089,
    0x3089, 0x38C9, 0x30A7, 0x1864, 0x0802, 0x0001, 0x0000, 0x0000,
    0x0000, 0x0000, 0x0000, 0x0000, 0x0000, 0x0000, 0x0000, 0x0000,
    0x0000, 0x0000, 0x0000, 0x0000, 0x0000, 0x0000, 0x0000, 0x0000,
    0x0000, 0x0000, 0x0000, 0x0000, 0x1022, 0x1022, 0x1023, 0x1023,
    0x1023, 0x1023, 0x1023, 0x1043, 0x1844, 0x1844, 0x1844, 0x1845,
    0x1845, 0x2066, 0x2066, 0x2066, 0x2867, 0x2867, 0x2887, 0x2887,
    0x3068, 0x3068, 0x3088, 0x3088, 0x3089, 0x3089, 0x3089, 0x3089,
    0x30A9, 0x30A9, 0x38A9, 0x38A9, 0x38A9, 0x38AA, 0x38A9, 0x38A9,
    0x38A9, 0x38A9, 0x30A9, 0x3089, 0x3089, 0x3089, 0x3889, 0x3889,
    0x3089, 0x3889, 0x3889, 0x3889, 0x3089, 0x3089, 0x3089, 0x3089,
    0x3089, 0x3889, 0x3089, 0x3089, 0x3889, 0x3889, 0x30A9, 0x30A9,
    0x3089, 0x3089, 0x30A9, 0x30A9, 0x30A9, 0x3089, 0x3089, 0x3089,
    0x3089, 0x3089, 0x3089, 0x3089, 0x3089, 0x3089, 0x3089, 0x3089,
    0x3089, 0x3089, 0x3088, 0x3088, 0x3089, 0x3089, 0x3089, 0x3089,
    0x3089, 0x3089, 0x3089, 0x30A8, 0x38C9, 0x28A7, 0x1864, 0x0802,
    0x0000, 0x0000, 0x0000, 0x0000, 0x0000, 0x0000, 0x0000, 0x0000,
    0x0000, 0x0000, 0x0000, 0x0000, 0x0000, 0x0000, 0x0000, 0x0000,
    0x0000, 0x0000, 0x0000, 0x0000, 0x0000, 0x0000, 0x0000, 0x1022,
    0x1022, 0x1022, 0x1043, 0x1043, 0x1023, 0x1023, 0x1043, 0x1044,
    0x1844, 0x1844, 0x1844, 0x1845, 0x1845, 0x2045, 0x2066, 0x2066,
    0x2866, 0x2886, 0x2887, 0x2867, 0x2867, 0x3067, 0x3087, 0x3088,
    0x3088, 0x3088, 0x3088, 0x30A8, 0x30A9, 0x30A9, 0x30A9, 0x30A9,
    0x30A9, 0x30A9, 0x30A9, 0x30A9, 0x30A9, 0x30A9, 0x3089, 0x3088,
    0x3089, 0x3089, 0x3089, 0x3089, 0x3089, 0x3089, 0x3089, 0x3089,
    0x3089, 0x3089, 0x3089, 0x3089, 0x3089, 0x3089, 0x3089, 0x3089,
    0x3088, 0x3088, 0x3088, 0x3088, 0x3088, 0x3088, 0x30A8, 0x30A8,
    0x3088, 0x3088, 0x3088, 0x3088, 0x3088, 0x3088, 0x3088, 0x3088,
    0x3088, 0x30A8, 0x30A8, 0x3088, 0x3088, 0x3088, 0x3088, 0x3088,
    0x3088, 0x3088, 0x3089, 0x3089, 0x3089, 0x3088, 0x30A8, 0x30C8,
    0x28A7, 0x1844, 0x0802, 0x0000, 0x0000, 0x0000, 0x0000, 0x0000,
    0x0000, 0x0000, 0x0000, 0x0000, 0x0000, 0x0000, 0x0000, 0x0000,
    0x0000, 0x0000, 0x0000, 0x0000, 0x0000, 0x0000, 0x0000, 0x0000,
    0x0000, 0x0000, 0x0822, 0x0822, 0x0822, 0x0822, 0x0842, 0x0822,
    0x1022, 0x1043, 0x1043, 0x1043, 0x1844, 0x1844, 0x1844, 0x1844,
    0x2045, 0x2045, 0x2045, 0x2065, 0x2066, 0x2086, 0x2866, 0x2866,
    0x2866, 0x2887, 0x2887, 0x2887, 0x2888, 0x2888, 0x3088, 0x30A8,
    0x30A8, 0x3088, 0x3088, 0x3088, 0x3088, 0x3088, 0x3088, 0x3088,
    0x3088, 0x3088, 0x3088, 0x3088, 0x3088, 0x3088, 0x3088, 0x3088,
    0x3088, 0x3088, 0x3088, 0x3088, 0x3088, 0x3088, 0x3088, 0x3088,
    0x3088, 0x3088, 0x3088, 0x3088, 0x3088, 0x3088, 0x3088, 0x3088,
    0x3088, 0x3088, 0x3088, 0x3088, 0x3088, 0x3088, 0x3088, 0x3088,
    0x3088, 0x3088, 0x3088, 0x3088, 0x3088, 0x3088, 0x3088, 0x28A8,
    0x2887, 0x3087, 0x3088, 0x2888, 0x3088, 0x3068, 0x3068, 0x3088,
    0x2888, 0x3088, 0x30C8, 0x28A6, 0x1044, 0x0802, 0x0000, 0x0000,
    0x0000, 0x0000, 0x0000, 0x0000, 0x0000, 0x0000, 0x0000, 0x0000,
    0x0000, 0x0000, 0x0000, 0x0000, 0x0000, 0x0000, 0x0000, 0x0000,
    0x0000, 0x0000, 0x0000, 0x0000, 0x0000, 0x0822, 0x0822, 0x0822,
    0x0822, 0x0822, 0x0822, 0x1022, 0x1043, 0x1043, 0x1043, 0x1044,
    0x1844, 0x1844, 0x1844, 0x1844, 0x2045, 0x1845, 0x1865, 0x2065,
    0x2066, 0x2066, 0x2066, 0x2066, 0x2866, 0x2866, 0x2867, 0x2887,
    0x2887, 0x2887, 0x2888, 0x2888, 0x2888, 0x2888, 0x2888, 0x3088,
    0x3088, 0x3088, 0x3088, 0x3088, 0x3088, 0x3088, 0x3088, 0x3088,
    0x3088, 0x3088, 0x3088, 0x3088, 0x3088, 0x3088, 0x3088, 0x3088,
    0x3088, 0x3088, 0x3088, 0x3088, 0x3088, 0x3088, 0x2888, 0x2888,
    0x2888, 0x2888, 0x2888, 0x2888, 0x2888, 0x2888, 0x2888, 0x2888,
    0x2888, 0x2888, 0x2888, 0x2888, 0x2888, 0x2888, 0x2888, 0x2888,
    0x2888, 0x2888, 0x2887, 0x2887, 0x2887, 0x2887, 0x2888, 0x2888,
    0x3068, 0x3068, 0x3068, 0x2868, 0x2888, 0x30A8, 0x28A6, 0x1044,
    0x0802, 0x0000, 0x0000, 0x0000, 0x0000, 0x0000, 0x0000, 0x0000,
    0x0000, 0x0000, 0x0000, 0x0000, 0x0000, 0x0000, 0x0000, 0x0000,
    0x0000, 0x0000, 0x0000, 0x0000, 0x0000, 0x0000, 0x0000, 0x0000,
    0x0802, 0x0802, 0x0822, 0x0822, 0x0822, 0x0822, 0x1022, 0x1023,
    0x1023, 0x1023, 0x1024, 0x1024, 0x1844, 0x1844, 0x1844, 0x1845,
    0x1865, 0x1865, 0x2065, 0x2066, 0x2066, 0x2866, 0x2866, 0x2866,
    0x2866, 0x2867, 0x2887, 0x2887, 0x2887, 0x2888, 0x2888, 0x2888,
    0x2888, 0x2888, 0x2888, 0x2888, 0x2887, 0x2887, 0x2887, 0x2887,
    0x2888, 0x2888, 0x2888, 0x2888, 0x2888, 0x2888, 0x2888, 0x2888,
    0x2887, 0x2887, 0x2887, 0x2887, 0x2887, 0x2887, 0x2887, 0x2887,
    0x2887, 0x2887, 0x2887, 0x2887, 0x2887, 0x2887, 0x2887, 0x2887,
    0x2887, 0x2887, 0x2887, 0x2887, 0x2887, 0x2887, 0x2887, 0x2887,
    0x2887, 0x2887, 0x2887, 0x2887, 0x2887, 0x2887, 0x2887, 0x2887,
    0x2888, 0x2888, 0x2888, 0x3068, 0x3068, 0x3068, 0x2867, 0x2888,
    0x30A8, 0x28A6, 0x1044, 0x0802, 0x0001, 0x0000, 0x0000, 0x0000,
    0x0000, 0x0000, 0x0000, 0x0000, 0x0000, 0x0000, 0x0000, 0x0000,
    0x0000, 0x0000, 0x0000, 0x0000, 0x0000, 0x0000, 0x0000, 0x0000,
    0x0000, 0x0000, 0x0000, 0x0802, 0x0802, 0x0822, 0x0822, 0x0822,
    0x0822, 0x1022, 0x1023, 0x1023, 0x1024, 0x1024, 0x1044, 0x1844,
    0x1864, 0x1845, 0x1845, 0x2065, 0x2065, 0x2066, 0x2066, 0x2066,
    0x2866, 0x2866, 0x2867, 0x2887, 0x2887, 0x2887, 0x2887, 0x2887,
    0x2888, 0x2888, 0x2888, 0x2888, 0x2888, 0x2888, 0x2888, 0x2887,
    0x2887, 0x2887, 0x2887, 0x2888, 0x2888, 0x2888, 0x2888, 0x2888,
    0x2888, 0x2888, 0x2888, 0x2888, 0x2887, 0x2887, 0x2887, 0x2887,
    0x2887, 0x2887, 0x2887, 0x2887, 0x2887, 0x2887, 0x2887, 0x2887,
    0x2887, 0x2887, 0x2887, 0x2887, 0x2887, 0x2887, 0x2887, 0x2887,
    0x2887, 0x2887, 0x2887, 0x2887, 0x2887, 0x2887, 0x2888, 0x3088,
    0x2887, 0x2887, 0x2888, 0x2888, 0x2888, 0x2888, 0x3068, 0x3068,
    0x3068, 0x2868, 0x2888, 0x30C8, 0x28A7, 0x1044, 0x0802, 0x0001,
    0x0000, 0x0000, 0x0000, 0x0000, 0x0000, 0x0000, 0x0000, 0x0000,
    0x0000, 0x0000, 0x0000, 0x0000, 0x0000, 0x0000, 0x0000, 0x0000,
    0x0000, 0x0000, 0x0000, 0x0000, 0x0000, 0x0000, 0x0822, 0x0822,
    0x1022, 0x1022, 0x1022, 0x1023, 0x1023, 0x1043, 0x1044, 0x1044,
    0x1044, 0x1044, 0x1845, 0x1865, 0x1845, 0x2045, 0x2066, 0x2086,
    0x2886, 0x2887, 0x2867, 0x2866, 0x2867, 0x2887, 0x2887, 0x2888,
    0x2888, 0x2888, 0x3088, 0x3088, 0x3088, 0x3088, 0x3088, 0x3088,
    0x3088, 0x30A8, 0x30A8, 0x3088, 0x3088, 0x3088, 0x30A8, 0x30A8,
    0x30A8, 0x30A8, 0x30A8, 0x30A8, 0x30A8, 0x30A8, 0x30A8, 0x3088,
    0x3088, 0x3088, 0x3088, 0x3088, 0x3088, 0x3088, 0x3088, 0x3088,
    0x3088, 0x3088, 0x3088, 0x3088, 0x3088, 0x3088, 0x3088, 0x3088,
    0x3088, 0x3088, 0x3088, 0x30A8, 0x30A8, 0x30A8, 0x30A8, 0x30A8,
    0x30A8, 0x30A8, 0x30A8, 0x3088, 0x2888, 0x3088, 0x3088, 0x3088,
    0x3088, 0x3088, 0x3068, 0x3088, 0x3088, 0x3088, 0x30C8, 0x28C7,
    0x1864, 0x0802, 0x0001, 0x0000, 0x0000, 0x0000, 0x0000, 0x0000,
    0x0000, 0x0000, 0x0000, 0x0000, 0x0000, 0x0000, 0x0000, 0x0000,
    0x0000, 0x0000, 0x0000, 0x0000, 0x0000, 0x0000, 0x0000, 0x0000,
    0x0000, 0x0822, 0x0822, 0x1022, 0x1023, 0x1023, 0x1023, 0x1023,
    0x1044, 0x1844, 0x1844, 0x1844, 0x1865, 0x1865, 0x2066, 0x2046,
    0x2046, 0x2066, 0x2887, 0x2887, 0x2887, 0x2867, 0x2867, 0x2867,
    0x2887, 0x3088, 0x30A8, 0x30A9, 0x30A9, 0x3089, 0x30A9, 0x30A9,
    0x30A9, 0x3089, 0x30A9, 0x30A9, 0x30A9, 0x38A9, 0x38A9, 0x3889,
    0x30A9, 0x30A8, 0x30A8, 0x30A8, 0x30A8, 0x30A8, 0x30A8, 0x30A8,
    0x30A8, 0x30A8, 0x30A9, 0x30A9, 0x30A9, 0x3088, 0x3088, 0x30A9,
    0x30A9, 0x3089, 0x30A9, 0x30A9, 0x30A9, 0x30A9, 0x30A9, 0x30A9,
    0x30A9, 0x30A9, 0x30A9, 0x30A9, 0x30A9, 0x30A8, 0x30A8, 0x30A9,
    0x30A9, 0x30A9, 0x30A8, 0x30A8, 0x30A9, 0x30A9, 0x30A8, 0x3088,
    0x3088, 0x3089, 0x3088, 0x3089, 0x3089, 0x3089, 0x3089, 0x3088,
    0x30A8, 0x30C9, 0x28C7, 0x1864, 0x0822, 0x0001, 0x0000, 0x0000,
    0x0000, 0x0000, 0x0000, 0x0000, 0x0000, 0x0000, 0x0000, 0x0000,
    0x0000, 0x0000, 0x0000, 0x0000, 0x0000, 0x0000, 0x0000, 0x0000,
    0x0000, 0x0000, 0x0000, 0x0000, 0x0822, 0x0822, 0x1023, 0x1023,
    0x1023, 0x1023, 0x1023, 0x1844, 0x1844, 0x1844, 0x1845, 0x1865,
    0x2066, 0x2066, 0x2066, 0x2066, 0x2867, 0x2887, 0x2867, 0x3068,
    0x3088, 0x3088, 0x3088, 0x3088, 0x3089, 0x30A9, 0x30A9, 0x30AA,
    0x30AA, 0x38AA, 0x38A9, 0x38A9, 0x38AA, 0x38AA, 0x38AA, 0x38AA,
    0x38AA, 0x38A9, 0x3889, 0x38A9, 0x38A9, 0x38A9, 0x38A9, 0x38A9,
    0x38A9, 0x38A9, 0x38A9, 0x38A9, 0x38A9, 0x38A9, 0x38A9, 0x38A9,
    0x3889, 0x3889, 0x3889, 0x3889, 0x3889, 0x38A9, 0x30A9, 0x30A9,
    0x30A9, 0x30A9, 0x30A9, 0x30A9, 0x30A9, 0x30A9, 0x30A9, 0x30A9,
    0x30A9, 0x30A9, 0x30A9, 0x30A9, 0x30A9, 0x30A9, 0x30A9, 0x30A9,
    0x30A9, 0x30A9, 0x3089, 0x3089, 0x3889, 0x3089, 0x3089, 0x3089,
    0x3089, 0x3089, 0x3088, 0x3089, 0x38C9, 0x30C7, 0x1864, 0x0802,
    0x0000, 0x0000, 0x0000, 0x0000, 0x0000, 0x0000, 0x0000, 0x0000,
    0x0000, 0x0000, 0x0000, 0x0000, 0x0000, 0x0000, 0x0000, 0x0000,
    0x0000, 0x0000, 0x0000, 0x0000, 0x0000, 0x0000, 0x0000, 0x0822,
    0x0822, 0x1023, 0x1023, 0x1043, 0x1043, 0x1044, 0x1844, 0x1844,
    0x1845, 0x2045, 0x2066, 0x2066, 0x2866, 0x2867, 0x2867, 0x2887,
    0x2887, 0x3088, 0x3088, 0x30A9, 0x30A9, 0x3089, 0x3089, 0x38A9,
    0x38A9, 0x38AA, 0x38AA, 0x38AA, 0x38AA, 0x38AA, 0x38AA, 0x38AA,
    0x38AA, 0x38CA, 0x38AA, 0x38AA, 0x38AA, 0x38AA, 0x38AA, 0x40CA,
    0x38AA, 0x38AA, 0x38AA, 0x38AA, 0x38AA, 0x38AA, 0x38AA, 0x38AA,
    0x38AA, 0x38AA, 0x38AA, 0x38AA, 0x38AA, 0x38AA, 0x38AA, 0x38AA,
    0x38AA, 0x38AA, 0x38AA, 0x38AA, 0x38AA, 0x38AA, 0x38AA, 0x38AA,
    0x38AA, 0x38AA, 0x38AA, 0x38AA, 0x38AA, 0x38AA, 0x38AA, 0x38AA,
    0x38AA, 0x38AA, 0x38AA, 0x38AA, 0x30A9, 0x3089, 0x3889, 0x3889,
    0x3889, 0x388A, 0x388A, 0x388A, 0x3889, 0x3089, 0x30A9, 0x38E9,
    0x30C8, 0x1865, 0x0802, 0x0000, 0x0000, 0x0000, 0x0000, 0x0000,
    0x0000, 0x0000, 0x0000, 0x0000, 0x0000, 0x0000, 0x0000, 0x0000,
    0x0000, 0x0000, 0x0000, 0x0000, 0x0000, 0x0000, 0x0000, 0x0000,
    0x0000, 0x0000, 0x1023, 0x1023, 0x1043, 0x1043, 0x1043, 0x1044,
    0x1044, 0x1864, 0x1865, 0x2046, 0x2046, 0x2046, 0x2066, 0x2867,
    0x2867, 0x3068, 0x3088, 0x30A8, 0x3088, 0x38A9, 0x38A9, 0x38AA,
    0x38AA, 0x38AA, 0x38AA, 0x38AA, 0x38CA, 0x38CB, 0x38CB, 0x40AB,
    0x40CB, 0x40CB, 0x40CB, 0x40CB, 0x40CB, 0x40CB, 0x40CB, 0x40CB,
    0x40CB, 0x40CB, 0x40CB, 0x40CB, 0x40CB, 0x40CB, 0x40CB, 0x40CB,
    0x40AA, 0x40AB, 0x40AB, 0x40CB, 0x40CB, 0x40CB, 0x40CB, 0x40AB,
    0x40AB, 0x40AB, 0x40AB, 0x38AA, 0x38AA, 0x38AA, 0x38AA, 0x38AA,
    0x38AA, 0x38AA, 0x38AA, 0x38AA, 0x38AA, 0x38AA, 0x38CA, 0x38CA,
    0x38AA, 0x38AA, 0x38AA, 0x38AA, 0x38AA, 0x38AA, 0x38AA, 0x38AA,
    0x38AA, 0x38AA, 0x38AA, 0x38AA, 0x38AA, 0x388B, 0x38AA, 0x38AA,
    0x30A9, 0x38C9, 0x3909, 0x30E8, 0x1865, 0x0802, 0x0001, 0x0000,
    0x0000, 0x0000, 0x0000, 0x0000, 0x0000, 0x0000, 0x0000, 0x0000,
    0x0000, 0x0000, 0x0000, 0x0000, 0x0000, 0x0000, 0x0000, 0x0000,
    0x0000, 0x0000, 0x0000, 0x0000, 0x0000, 0x1023, 0x1043, 0x1043,
    0x1044, 0x1044, 0x1044, 0x1844, 0x1865, 0x2065, 0x2046, 0x2046,
    0x2846, 0x2867, 0x2867, 0x2888, 0x3088, 0x30A8, 0x30A9, 0x30A9,
    0x38A9, 0x38AA, 0x38AA, 0x38AA, 0x40AA, 0x40CA, 0x40CB, 0x40CB,
    0x40CB, 0x40CB, 0x40CB, 0x40CB, 0x40CC, 0x40CC, 0x40CC, 0x40CC,
    0x40CC, 0x40CB, 0x40CB, 0x40CB, 0x40CB, 0x40CB, 0x40CB, 0x40CB,
    0x40CB, 0x40CB, 0x40CB, 0x40CB, 0x40CB, 0x40CB, 0x40CB, 0x40CB,
    0x40CB, 0x40CB, 0x40CB, 0x40CB, 0x40CB, 0x40CB, 0x40AB, 0x40AA,
    0x40AA, 0x40AA, 0x38AA, 0x38AA, 0x40AA, 0x40AA, 0x38AA, 0x38AA,
    0x38AA, 0x40CB, 0x40CB, 0x40AA, 0x38AA, 0x38AA, 0x40AA, 0x40AA,
    0x38AA, 0x38AA, 0x38AA, 0x38CA, 0x38AA, 0x38AA, 0x38AA, 0x38AA,
    0x40AB, 0x40AA, 0x38AA, 0x38AA, 0x38CA, 0x390A, 0x30E8, 0x2065,
    0x0803, 0x0001, 0x0000, 0x0000, 0x0000, 0x0000, 0x0000, 0x0000,
    0x0000, 0x0000, 0x0000, 0x0000, 0x0000, 0x0000, 0x0000, 0x0000,
    0x0000, 0x0000, 0x0000, 0x0000, 0x0000, 0x0000, 0x0000, 0x0000,
    0x1024, 0x1024, 0x1844, 0x1844, 0x1844, 0x1844, 0x1844, 0x2065,
    0x2065, 0x2066, 0x2066, 0x2867, 0x2887, 0x3088, 0x3088, 0x3089,
    0x30A9, 0x38A9, 0x388A, 0x38AA, 0x40AB, 0x40AB, 0x40AB, 0x40CB,
    0x40CB, 0x40CC, 0x48CC, 0x48CC, 0x48CC, 0x48CC, 0x48CC, 0x48CC,
    0x48CC, 0x48CC, 0x48EC, 0x48EC, 0x48EC, 0x48CC, 0x48CC, 0x48CC,
    0x48CC, 0x48CC, 0x48CC, 0x48CC, 0x48CC, 0x48CC, 0x48CC, 0x48EC,
    0x40CC, 0x40CC, 0x40CC, 0x40CC, 0x40CC, 0x40CC, 0x40CB, 0x40CB,
    0x40CB, 0x40CB, 0x40AB, 0x40CB, 0x40CB, 0x40AB, 0x40AB, 0x40CB,
    0x40CB, 0x40AB, 0x40AB, 0x40AB, 0x40AB, 0x40CB, 0x40CB, 0x40CB,
    0x40AB, 0x40AB, 0x40CB, 0x40AB, 0x40AB, 0x40CB, 0x38CB, 0x38CA,
    0x38CA, 0x38CA, 0x40CA, 0x40AA, 0x38AB, 0x38AB, 0x388A, 0x38AA,
    0x40EA, 0x38E9, 0x2066, 0x0803, 0x0001, 0x0000, 0x0000, 0x0000,
    0x0000, 0x0000, 0x0000, 0x0000, 0x0000, 0x0000, 0x0000, 0x0000,
    0x0000, 0x0000, 0x0000, 0x0000, 0x0000, 0x0000, 0x0000, 0x0000,
    0x0000, 0x0000, 0x0000, 0x1824, 0x1824, 0x1844, 0x1844, 0x1844,
    0x2044, 0x2045, 0x2065, 0x2066, 0x2866, 0x2866, 0x2887, 0x3088,
    0x30A8, 0x30A9, 0x30A9, 0x38AA, 0x38AA, 0x38AA, 0x38AB, 0x40CB,
    0x40CB, 0x40CB, 0x48CC, 0x48EC, 0x48EC, 0x48CD, 0x48CD, 0x48CD,
    0x48CD, 0x48ED, 0x50ED, 0x50CD, 0x50ED, 0x48ED, 0x48ED, 0x48ED,
    0x48ED, 0x48ED, 0x48CD, 0x48ED, 0x48CD, 0x48CD, 0x48CD, 0x48CD,
    0x48CD, 0x48ED, 0x48EC, 0x48EC, 0x48CC, 0x48CC, 0x48CC, 0x48CC,
    0x40CC, 0x40CC, 0x40EC, 0x40EC, 0x40CC, 0x48CC, 0x48CC, 0x48CC,
    0x48CC, 0x48CC, 0x48CC, 0x40CC, 0x40CB, 0x40CB, 0x40CB, 0x40CC,
    0x40CB, 0x40CB, 0x40CB, 0x40CB, 0x40CB, 0x40CB, 0x40CB, 0x40CB,
    0x40CB, 0x40CB, 0x38CB, 0x40CB, 0x40CA, 0x40CA, 0x40AA, 0x40AB,
    0x40AB, 0x388A, 0x38AA, 0x40EB, 0x38E9, 0x2066, 0x0803, 0x0001,
    0x0000, 0x0000, 0x0000, 0x0000, 0x0000, 0x0000, 0x0000, 0x0000,
    0x0000, 0x0000, 0x0000, 0x0000, 0x0000, 0x0000, 0x0000, 0x0000,
    0x0000, 0x0000, 0x0000, 0x0000, 0x0000, 0x0000, 0x1824, 0x1824,
    0x1844, 0x1844, 0x1865, 0x2065, 0x2065, 0x2066, 0x2886, 0x2886,
    0x2887, 0x2888, 0x3088, 0x30A9, 0x38A9, 0x38AA, 0x38CA, 0x38CB,
    0x40AB, 0x40CB, 0x40EC, 0x48EC, 0x48EC, 0x48EC, 0x50ED, 0x50ED,
    0x50ED, 0x50ED, 0x50ED, 0x50ED, 0x50ED, 0x50EE, 0x50EE, 0x50EE,
    0x510E, 0x510E, 0x50EE, 0x50ED, 0x50ED, 0x50ED, 0x50ED, 0x50ED,
    0x50ED, 0x50ED, 0x50ED, 0x50ED, 0x50ED, 0x50ED, 0x50ED, 0x48ED,
    0x48ED, 0x48ED, 0x48ED, 0x48ED, 0x48ED, 0x48ED, 0x48ED, 0x48ED,
    0x48EC, 0x48EC, 0x48EC, 0x48EC, 0x48CC, 0x48EC, 0x48EC, 0x48EC,
    0x48EC, 0x48EC, 0x40CC, 0x40CC, 0x40CC, 0x40CC, 0x40CC, 0x40CC,
    0x40CC, 0x40CC, 0x40EC, 0x40CC, 0x40CB, 0x40CB, 0x40CB, 0x40CB,
    0x40CB, 0x40CB, 0x40CB, 0x40CB, 0x40AB, 0x40CB, 0x492B, 0x38EA,
    0x2066, 0x0803, 0x0001, 0x0000, 0x0000, 0x0000, 0x0000, 0x0000,
    0x0000, 0x0000, 0x0000, 0x0000, 0x0000, 0x0000, 0x0000, 0x0000,
    0x0000, 0x0000, 0x0000, 0x0000, 0x0000, 0x0000, 0x0000, 0x0000,
    0x0000, 0x1844, 0x1844, 0x1844, 0x1845, 0x1865, 0x2065, 0x2066,
    0x2866, 0x2887, 0x2887, 0x3087, 0x3088, 0x30A9, 0x38A9, 0x38AA,
    0x40AA, 0x40CB, 0x40CB, 0x40CB, 0x48CC, 0x48ED, 0x48ED, 0x48ED,
    0x50ED, 0x50EE, 0x50EE, 0x510E, 0x510E, 0x510E, 0x50EE, 0x50EE,
    0x510E, 0x510E, 0x510E, 0x510E, 0x510E, 0x510E, 0x510E, 0x510E,
    0x510E, 0x510E, 0x510E, 0x510E, 0x510E, 0x510E, 0x50EE, 0x50EE,
    0x50EE, 0x50EE, 0x50EE, 0x50EE, 0x50ED, 0x50ED, 0x50ED, 0x50ED,
    0x50ED, 0x50ED, 0x50ED, 0x48ED, 0x48ED, 0x48ED, 0x48ED, 0x48ED,
    0x48ED, 0x48ED, 0x48EC, 0x48EC, 0x48EC, 0x48EC, 0x48EC, 0x48EC,
    0x48EC, 0x48EC, 0x48CC, 0x48CC, 0x48EC, 0x40EC, 0x40EC, 0x40CC,
    0x40CC, 0x40CC, 0x40CC, 0x40CC, 0x48CC, 0x48CC, 0x48CC, 0x40CB,
    0x40EB, 0x492C, 0x410A, 0x2066, 0x1003, 0x0001, 0x0000, 0x0000,
    0x0000, 0x0000, 0x0000, 0x0000, 0x0000, 0x0000, 0x0000, 0x0000,
    0x0000, 0x0000, 0x0000, 0x0000, 0x0000, 0x0000, 0x0000, 0x0000,
    0x0000, 0x0000, 0x0000, 0x0000, 0x1844, 0x1844, 0x1845, 0x1865,
    0x2065, 0x2066, 0x2066, 0x2867, 0x2867, 0x3087, 0x3088, 0x3089,
    0x38A9, 0x38AA, 0x40AB, 0x40AB, 0x40CC, 0x48CC, 0x48CC, 0x48CD,
    0x50EE, 0x50EE, 0x50EE, 0x510E, 0x510E, 0x50EE, 0x50EE, 0x510E,
    0x510E, 0x50EE, 0x50EE, 0x590E, 0x590E, 0x50EF, 0x510F, 0x510E,
    0x510E, 0x510E, 0x510E, 0x510E, 0x510E, 0x510E, 0x50EE, 0x510E,
    0x510E, 0x50EE, 0x50EE, 0x50EE, 0x50EE, 0x50EE, 0x510E, 0x510E,
    0x510E, 0x50EE, 0x50EE, 0x50EE, 0x50EE, 0x50EE, 0x50EE, 0x50EE,
    0x50EE, 0x50EE, 0x50EE, 0x50EE, 0x50EE, 0x50EE, 0x50ED, 0x48ED,
    0x48ED, 0x50ED, 0x50ED, 0x50ED, 0x48ED, 0x48CD, 0x48CD, 0x48ED,
    0x48ED, 0x48ED, 0x48ED, 0x48ED, 0x48EC, 0x48CC, 0x48CC, 0x48CC,
    0x48CC, 0x48CC, 0x40AB, 0x40CC, 0x492C, 0x410B, 0x2867, 0x1003,
    0x0001, 0x0000, 0x0000, 0x0000, 0x0000, 0x0000, 0x0000, 0x0000,
    0x0000, 0x0000, 0x0000, 0x0000, 0x0000, 0x0000, 0x0000, 0x0000,
    0x0000, 0x0000, 0x0000, 0x0000, 0x0000, 0x0000, 0x0000, 0x1845,
    0x1845, 0x1865, 0x2065, 0x2066, 0x2066, 0x2866, 0x2867, 0x2887,
    0x3088, 0x3088, 0x3889, 0x38AA, 0x38AA, 0x40AB, 0x40AC, 0x48CC,
    0x48CD, 0x50ED, 0x50EE, 0x50EE, 0x50EE, 0x50EE, 0x590F, 0x5910,
    0x6110, 0x6111, 0x6131, 0x6131, 0x6111, 0x6111, 0x6131, 0x6111,
    0x6111, 0x6131, 0x6131, 0x6131, 0x6131, 0x6130, 0x6130, 0x6130,
    0x6130, 0x6110, 0x6110, 0x6110, 0x6110, 0x6110, 0x6110, 0x6110,
    0x5910, 0x590F, 0x590F, 0x590F, 0x590F, 0x590F, 0x58EF, 0x58EF,
    0x58EF, 0x510F, 0x510E, 0x50EE, 0x50EE, 0x50EE, 0x50EE, 0x50EE,
    0x50EE, 0x50EE, 0x50EE, 0x50EE, 0x50EE, 0x50EE, 0x50EE, 0x50EE,
    0x50ED, 0x50ED, 0x50ED, 0x48ED, 0x48ED, 0x48ED, 0x48ED, 0x48ED,
    0x48ED, 0x48CD, 0x50CD, 0x48CC, 0x48CC, 0x40AB, 0x48EC, 0x514D,
    0x412B, 0x2887, 0x1004, 0x0001, 0x0000, 0x0000, 0x0000, 0x0000,
    0x0000, 0x0000, 0x0000, 0x0000, 0x0000, 0x0000, 0x0000, 0x0000,
    0x0000, 0x0000, 0x0000, 0x0000, 0x0000, 0x0000, 0x0000, 0x0000,
    0x0000, 0x0000, 0x1845, 0x1845, 0x2065, 0x2066, 0x2066, 0x2066,
    0x2887, 0x2887, 0x3088, 0x3088, 0x3089, 0x3889, 0x38AA, 0x40AB,
    0x40AB, 0x40CC, 0x48CD, 0x50ED, 0x50ED, 0x50EE, 0x50EE, 0x58EF,
    0x590F, 0x6110, 0x6932, 0x7153, 0x7154, 0x7975, 0x7975, 0x7975,
    0x7955, 0x7975, 0x7975, 0x7975, 0x7975, 0x7975, 0x7975, 0x7975,
    0x7954, 0x7954, 0x7974, 0x7974, 0x7954, 0x7954, 0x7954, 0x7154,
    0x7953, 0x7954, 0x7154, 0x6953, 0x6932, 0x6131, 0x5910, 0x590F,
    0x5910, 0x58F0, 0x58F0, 0x5910, 0x5910, 0x590F, 0x590F, 0x590F,
    0x590F, 0x510E, 0x510E, 0x590E, 0x58EE, 0x50EE, 0x50EE, 0x50EE,
    0x50EE, 0x510E, 0x50EE, 0x50EE, 0x50EE, 0x50EE, 0x50EE, 0x50EE,
    0x50EE, 0x50ED, 0x50ED, 0x50ED, 0x50ED, 0x50CD, 0x50CD, 0x50CC,
    0x48CC, 0x48EC, 0x516D, 0x492C, 0x2888, 0x1025, 0x0002, 0x0001,
    0x0000, 0x0000, 0x0000, 0x0000, 0x0000, 0x0000, 0x0000, 0x0000,
    0x0000, 0x0000, 0x0000, 0x0000, 0x0000, 0x0000, 0x0000, 0x0000,
    0x0000, 0x0000, 0x0000, 0x0000, 0x0000, 0x1845, 0x1845, 0x2066,
    0x2066, 0x2066, 0x2067, 0x2887, 0x28A8, 0x30A8, 0x30A9, 0x3889,
    0x38AA, 0x40AB, 0x40CB, 0x48CC, 0x48CD, 0x50ED, 0x50EE, 0x50EE,
    0x58EE, 0x5910, 0x6131, 0x6931, 0x6932, 0x6131, 0x5910, 0x5910,
    0x6131, 0x6931, 0x6931, 0x6931, 0x6131, 0x6131, 0x6131, 0x6131,
    0x6131, 0x6131, 0x6131, 0x6131, 0x6131, 0x6131, 0x6131, 0x6131,
    0x6111, 0x6110, 0x6110, 0x6110, 0x6111, 0x5910, 0x590F, 0x6110,
    0x6931, 0x6111, 0x6110, 0x6110, 0x6110, 0x5910, 0x6110, 0x6110,
    0x5910, 0x5910, 0x5910, 0x5910, 0x590F, 0x590F, 0x590F, 0x590F,
    0x590F, 0x590F, 0x510F, 0x510E, 0x510E, 0x510E, 0x510E, 0x50EE,
    0x50EE, 0x58EF, 0x510E, 0x510E, 0x50EE, 0x50EE, 0x50EE, 0x50EE,
    0x50EE, 0x50EE, 0x50ED, 0x48CD, 0x510D, 0x516E, 0x492C, 0x2867,
    0x0803, 0x0001, 0x0000, 0x0000, 0x0000, 0x0000, 0x0000, 0x0000,
    0x0000, 0x0000, 0x0000, 0x0000, 0x0000, 0x0000, 0x0000, 0x0000,
    0x0000, 0x0000, 0x0000, 0x0000, 0x0000, 0x0000, 0x0000, 0x0000,
    0x2025, 0x2045, 0x2066, 0x2066, 0x2067, 0x2867, 0x2888, 0x30A8,
    0x30A9, 0x38AA, 0x38AA, 0x40CB, 0x40CC, 0x48CC, 0x48CD, 0x50ED,
    0x50EE, 0x50EE, 0x58EF, 0x58F0, 0x6111, 0x6953, 0x7153, 0x6932,
    0x50EE, 0x30A9, 0x2866, 0x2887, 0x3088, 0x3088, 0x3088, 0x2888,
    0x2888, 0x2888, 0x2888, 0x3088, 0x3088, 0x3088, 0x3088, 0x3088,
    0x3088, 0x3088, 0x3088, 0x3088, 0x3088, 0x3088, 0x3089, 0x3089,
    0x2867, 0x2868, 0x48CD, 0x6111, 0x6912, 0x6131, 0x6131, 0x6130,
    0x6130, 0x6130, 0x6110, 0x6110, 0x6111, 0x60F1, 0x58F1, 0x58F0,
    0x58F0, 0x58F0, 0x5910, 0x5110, 0x5110, 0x5110, 0x510F, 0x590F,
    0x590F, 0x590F, 0x590F, 0x590F, 0x590F, 0x510E, 0x510E, 0x510F,
    0x50EF, 0x50EF, 0x50EF, 0x50EF, 0x50EF, 0x50EF, 0x48CF, 0x490F,
    0x514F, 0x410C, 0x2046, 0x0801, 0x0000, 0x0000, 0x0000, 0x0000,
    0x0000, 0x0000, 0x0000, 0x0000, 0x0000, 0x0000, 0x0000, 0x0000,
    0x0000, 0x0000, 0x0000, 0x0000, 0x0000, 0x0000, 0x0000, 0x0000,
    0x0000, 0x0000, 0x0000, 0x2046, 0x2046, 0x2866, 0x2866, 0x2867,
    0x2867, 0x2888, 0x30A9, 0x30A9, 0x38AA, 0x38AB, 0x40CB, 0x48CC,
    0x48ED, 0x50ED, 0x50EE, 0x510E, 0x590F, 0x6110, 0x6911, 0x6932,
    0x6131, 0x5910, 0x6131, 0x590F, 0x38AA, 0x2867, 0x2888, 0x3088,
    0x3088, 0x3088, 0x3088, 0x3088, 0x3088, 0x3088, 0x3088, 0x3088,
    0x3088, 0x3088, 0x3089, 0x30A9, 0x30A9, 0x30A9, 0x3088, 0x3088,
    0x3088, 0x3088, 0x30A8, 0x2887, 0x2887, 0x48CC, 0x6131, 0x6952,
    0x6951, 0x6951, 0x6151, 0x6151, 0x6151, 0x6952, 0x6952, 0x6932,
    0x6932, 0x6932, 0x6932, 0x6132, 0x6132, 0x6131, 0x6151, 0x6151,
    0x6151, 0x6150, 0x6130, 0x6110, 0x5910, 0x5910, 0x6110, 0x5910,
    0x590F, 0x592F, 0x592F, 0x5910, 0x5110, 0x510F, 0x510E, 0x510F,
    0x50EF, 0x48CF, 0x4910, 0x5130, 0x492D, 0x38E9, 0x1842, 0x0000,
    0x0000, 0x0800, 0x0001, 0x0000, 0x0000, 0x0000, 0x0000, 0x0000,
    0x0000, 0x0000, 0x0000, 0x0000, 0x0000, 0x0000, 0x0000, 0x0000,
    0x0000, 0x0000, 0x0000, 0x0000, 0x0000, 0x0000, 0x2066, 0x2066,
    0x2866, 0x2887, 0x2887, 0x2888, 0x3088, 0x30A9, 0x38CA, 0x38CA,
    0x40AB, 0x40CB, 0x48CC, 0x48ED, 0x50ED, 0x50EE, 0x590F, 0x6131,
    0x6932, 0x7153, 0x6932, 0x48ED, 0x38AA, 0x590F, 0x7153, 0x6932,
    0x6131, 0x6932, 0x6953, 0x6953, 0x7153, 0x7153, 0x7153, 0x7153,
    0x7153, 0x7153, 0x7153, 0x6953, 0x6953, 0x7153, 0x6953, 0x6952,
    0x6952, 0x6952, 0x6931, 0x6931, 0x6130, 0x6930, 0x614F, 0x614F,
    0x6970, 0x7191, 0x71B1, 0x71B1, 0x7192, 0x7193, 0x71B3, 0x71D4,
    0x79F4, 0x8A15, 0x8A35, 0x8A14, 0x8234, 0x8234, 0x8234, 0x8233,
    0x8233, 0x8253, 0x8233, 0x8233, 0x7A13, 0x79F3, 0x71B2, 0x7192,
    0x6972, 0x7172, 0x7171, 0x6970, 0x6970, 0x6970, 0x6170, 0x612F,
    0x612E, 0x592E, 0x592E, 0x590E, 0x58EE, 0x510F, 0x512F, 0x59B0,
    0x61F0, 0x38E8, 0x0001, 0x0000, 0x0821, 0x0001, 0x0001, 0x0000,
    0x0000, 0x0000, 0x0000, 0x0000, 0x0000, 0x0000, 0x0000, 0x0000,
    0x0000, 0x0000, 0x0000, 0x0000, 0x0000, 0x0000, 0x0000, 0x0000,
    0x0000, 0x2066, 0x2066, 0x2887, 0x2887, 0x2887, 0x2888, 0x3088,
    0x30A9, 0x38CA, 0x38CA, 0x40CB, 0x40CC, 0x48CC, 0x48ED, 0x50EE,
    0x50EF, 0x6131, 0x6932, 0x6130, 0x6130, 0x5910, 0x38A9, 0x2066,
    0x510E, 0x8196, 0x8196, 0x8176, 0x8997, 0x8997, 0x8997, 0x8998,
    0x91B8, 0x9198, 0x9198, 0x9198, 0x91B8, 0x89B8, 0x8998, 0x8998,
    0x8997, 0x8997, 0x81B7, 0x81B7, 0x89B7, 0x89B7, 0x89B6, 0x89B6,
    0x89B6, 0x89D6, 0x89B5, 0x8194, 0x7172, 0x6932, 0x6932, 0x6932,
    0x6952, 0x6952, 0x6132, 0x60F2, 0x68F2, 0x68F2, 0x68F2, 0x60F1,
    0x60F1, 0x60F1, 0x60F1, 0x60F1, 0x60F1, 0x60F1, 0x60F1, 0x58D0,
    0x60F0, 0x6931, 0x6131, 0x6110, 0x60F1, 0x6111, 0x6110, 0x6110,
    0x6130, 0x6950, 0x6931, 0x6930, 0x690F, 0x692F, 0x610F, 0x610F,
    0x590F, 0x510E, 0x61D1, 0x7A73, 0x494C, 0x0802, 0x0000, 0x0821,
    0x0021, 0x0002, 0x0001, 0x0000, 0x0000, 0x0000, 0x0000, 0x0000,
    0x0000, 0x0000, 0x0000, 0x0000, 0x0000, 0x0000, 0x0000, 0x0000,
    0x0000, 0x0000, 0x0000, 0x0000, 0x2046, 0x2866, 0x2887, 0x2887,
    0x2888, 0x3088, 0x3088, 0x38A9, 0x38CA, 0x40CB, 0x40CB, 0x48CC,
    0x50ED, 0x510E, 0x510E, 0x5910, 0x7153, 0x6932, 0x48CC, 0x40CB,
    0x48CC, 0x3089, 0x2867, 0x590F, 0x81B7, 0x8195, 0x7974, 0x7975,
    0x7975, 0x7975, 0x8176, 0x8176, 0x8176, 0x8176, 0x8176, 0x8176,
    0x8176, 0x7975, 0x7975, 0x7975, 0x7995, 0x79B5, 0x81B5, 0x89F6,
    0x8A16, 0x9237, 0x9A58, 0x9A78, 0x9A58, 0x9A38, 0x89D7, 0x7955,
    0x70D4, 0x68D3, 0x60D1, 0x6110, 0x60CF, 0x482E, 0x280D, 0x280D,
    0x200C, 0x200C, 0x180C, 0x180C, 0x180B, 0x180B, 0x180B, 0x180B,
    0x180B, 0x100B, 0x100B, 0x280C, 0x402E, 0x488F, 0x404E, 0x484E,
    0x506F, 0x5090, 0x50B1, 0x6112, 0x6953, 0x7974, 0x7973, 0x7972,
    0x7172, 0x7152, 0x6931, 0x6110, 0x50EE, 0x61B0, 0x8273, 0x492B,
    0x0801, 0x0000, 0x0020, 0x0021, 0x0002, 0x0001, 0x0000, 0x0000,
    0x0000, 0x0000, 0x0000, 0x0000, 0x0000, 0x0000, 0x0000, 0x0000,
    0x0000, 0x0000, 0x0000, 0x0000, 0x0000, 0x0000, 0x0000, 0x2847,
    0x2867, 0x2887, 0x2888, 0x2888, 0x3088, 0x3089, 0x38A9, 0x40CA,
    0x40EB, 0x40EC, 0x48CD, 0x50EE, 0x510F, 0x590F, 0x6131, 0x7153,
    0x6931, 0x38AA, 0x3088, 0x40CB, 0x38A9, 0x3088, 0x6131, 0x89B7,
    0x7995, 0x7173, 0x7974, 0x7975, 0x7955, 0x7975, 0x7975, 0x7975,
    0x7975, 0x7975, 0x8195, 0x8195, 0x7995, 0x7995, 0x8195, 0x8195,
    0x8175, 0x8174, 0x8155, 0x7935, 0x7115, 0x70F5, 0x70F5, 0x70F5,
    0x70D5, 0x70D5, 0x68B5, 0x70B5, 0x70D4, 0x7153, 0x79F3, 0x8213,
    0x71B2, 0x5911, 0x58D1, 0x58D1, 0x50D1, 0x50D1, 0x50D1, 0x50D1,
    0x50D1, 0x50D0, 0x50D0, 0x50D0, 0x48D0, 0x48B0, 0x5951, 0x7A33,
    0x7A73, 0x7212, 0x69B1, 0x6191, 0x5951, 0x5911, 0x58F1, 0x58B1,
    0x5891, 0x5871, 0x5890, 0x60D1, 0x6912, 0x6932, 0x6112, 0x50F0,
    0x6191, 0x8253, 0x492B, 0x0801, 0x0000, 0x0020, 0x0020, 0x0001,
    0x0000, 0x0000, 0x0000, 0x0000, 0x0000, 0x0000, 0x0000, 0x0000,
    0x0000, 0x0000, 0x0000, 0x0000, 0x0000, 0x0000, 0x0000, 0x0000,
    0x0000, 0x0000, 0x2867, 0x2867, 0x3088, 0x3088, 0x3088, 0x3088,
    0x3889, 0x38AA, 0x40CA, 0x40EB, 0x48EC, 0x48CD, 0x50EE, 0x590F,
    0x5930, 0x6131, 0x6952, 0x5910, 0x40CB, 0x38A9, 0x40CC, 0x38A9,
    0x3088, 0x6931, 0x91B8, 0x8196, 0x7975, 0x8176, 0x8977, 0x8977,
    0x8177, 0x8177, 0x8197, 0x8196, 0x89B6, 0x89D6, 0x91F7, 0x9218,
    0x9A39, 0x9A39, 0xA219, 0x99D8, 0x9156, 0x78B5, 0x6013, 0x4811,
    0x3810, 0x300F, 0x300F, 0x380F, 0x4010, 0x5072, 0x6934, 0x81F5,
    0x92F7, 0xB3F9, 0xCCDB, 0xDD5D, 0xE5DE, 0xF63E, 0xF6BF, 0xF6FF,
    0xFF3F, 0xFF5F, 0xFF7F, 0xFF7F, 0xFF7F, 0xFF7F, 0xFF7F, 0xFF3F,
    0xEEBE, 0xF6BE, 0xF6DF, 0xEE7E, 0xD5BB, 0xBCF9, 0xA416, 0x8B53,
    0x7251, 0x5950, 0x404E, 0x280C, 0x200B, 0x280C, 0x404E, 0x58F0,
    0x6932, 0x6953, 0x5932, 0x71D4, 0x8A75, 0x514C, 0x0801, 0x0000,
    0x0820, 0x0020, 0x0000, 0x0000, 0x0000, 0x0000, 0x0000, 0x0000,
    0x0000, 0x0000, 0x0000, 0x0000, 0x0000, 0x0000, 0x0000, 0x0000,
    0x0000, 0x0000, 0x0000, 0x0000, 0x0000, 0x2887, 0x2867, 0x3088,
    0x3088, 0x3088, 0x30A9, 0x38A9, 0x38AA, 0x40CB, 0x40EC, 0x48ED,
    0x50ED, 0x50EE, 0x590F, 0x6131, 0x6932, 0x590F, 0x48ED, 0x40CB,
    0x40CB, 0x48ED, 0x38A9, 0x3088, 0x6932, 0x91B9, 0x89B7, 0x8195,
    0x8997, 0x8997, 0x8997, 0x8998, 0x8998, 0x89B8, 0x91B8, 0x91B8,
    0x91D8, 0x91B8, 0x8998, 0x8978, 0x8117, 0x80F6, 0x80F6, 0x8116,
    0x8116, 0x78F5, 0x70F4, 0x68F3, 0x6112, 0x6112, 0x6972, 0x7234,
    0x8B16, 0xA3D7, 0xB499, 0xCD5B, 0xE61E, 0xFEFF, 0xFFBF, 0xFFFF,
    0xFFFF, 0xFFFF, 0xFFFF, 0xFFFF, 0xFFFF, 0xFFFF, 0xFFFF, 0xFFFF,
    0xFFFF, 0xFFFF, 0xFFFF, 0xFFFF, 0xFFFF, 0xFFFF, 0xFFFF, 0xFFDF,
    0xF73E, 0xDE7B, 0xC5B9, 0xB4D7, 0x93D5, 0x7AD3, 0x6211, 0x61F1,
    0x61F1, 0x61D0, 0x6150, 0x58D0, 0x50D1, 0x5111, 0x69B3, 0x8235,
    0x490C, 0x0802, 0x0000, 0x0840, 0x0020, 0x0000, 0x0000, 0x0000,
    0x0000, 0x0000, 0x0000, 0x0000, 0x0000, 0x0000, 0x0000, 0x0000,
    0x0000, 0x0000, 0x0000, 0x0000, 0x0000, 0x0000, 0x0000, 0x0000,
    0x2867, 0x2867, 0x3088, 0x3088, 0x3089, 0x30A9, 0x38AA, 0x38CB,
    0x40CC, 0x48ED, 0x50ED, 0x50EE, 0x50EE, 0x590F, 0x7152, 0x6932,
    0x48CC, 0x3089, 0x38AA, 0x48CC, 0x48CD, 0x30A9, 0x3088, 0x6933,
    0x99BB, 0x89B8, 0x81B6, 0x89B7, 0x89B7, 0x89D7, 0x91D8, 0x99D9,
    0x99D9, 0x99FA, 0xA1FB, 0x99DB, 0x8959, 0x78F7, 0x6855, 0x5812,
    0x4810, 0x5031, 0x6934, 0x9298, 0xBC1C, 0xEDBF, 0xFEFF, 0xFFBF,
    0xF7BF, 0xF79F, 0xFFBF, 0xFFDF, 0xFFFF, 0xFFFF, 0xFFFF, 0xFFFF,
    0xFFFF, 0xFFFF, 0xFFFF, 0xFFFF, 0xFFFF, 0xFFFF, 0xFFFF, 0xFFFF,
    0xFFFF, 0xFFFF, 0xFFFF, 0xFFFF, 0xFFFF, 0xFFFF, 0xFFFF, 0xFFFF,
    0xFFFF, 0xFFFF, 0xFFFF, 0xFFFF, 0xFFFF, 0xFFFF, 0xFFFF, 0xFFDF,
    0xFFDF, 0xF7BF, 0xFF9F, 0xEEDE, 0xC4F9, 0x82B3, 0x590F, 0x488E,
    0x48CE, 0x61B1, 0x7A34, 0x490D, 0x0002, 0x0000, 0x1061, 0x0840,
    0x0020, 0x0020, 0x0000, 0x0000, 0x0000, 0x0000, 0x0000, 0x0000,
    0x0000, 0x0000, 0x0000, 0x0000, 0x0000, 0x0000, 0x0000, 0x0000,
    0x0000, 0x0000, 0x0000, 0x2867, 0x2867, 0x3088, 0x3088, 0x30A9,
    0x30A9, 0x38AA, 0x40CB, 0x40EC, 0x48ED, 0x50ED, 0x50EE, 0x50EE,
    0x590F, 0x7954, 0x7153, 0x40CB, 0x2867, 0x38AA, 0x48CD, 0x48CD,
    0x30A9, 0x3088, 0x7133, 0x99DC, 0x89D9, 0x81B6, 0x89D7, 0x89D7,
    0x91D7, 0x91F8, 0xA1F9, 0xA1DA, 0x999B, 0x917B, 0x891A, 0x78D8,
    0x8117, 0x8978, 0x81D5, 0x71F3, 0x7AB4, 0x9B97, 0xBD1C, 0xEEBF,
    0xFFFF, 0xFFFF, 0xFFFF, 0xFFFF, 0xFFFF, 0xFFFF, 0xFFFF, 0xFFFF,
    0xFFFF, 0xFFFF, 0xFFFF, 0xFFFF, 0xFFFF, 0xF7DE, 0xEF9E, 0xEF7E,
    0xE75E, 0xE75E, 0xE73D, 0xE73D, 0xE73D, 0xE73D, 0xE73D, 0xE73D,
    0xEF5D, 0xEF5D, 0xEF7E, 0xF79E, 0xF7BE, 0xFFFF, 0xFFFF, 0xFFFF,
    0xFFFF, 0xFFFF, 0xFFFF, 0xFFFF, 0xFFFF, 0xFFFF, 0xFFFF, 0xF73E,
    0xBD18, 0x9BB5, 0x82F3, 0x6A10, 0x6A12, 0x7A34, 0x38ED, 0x0002,
    0x0000, 0x0841, 0x0840, 0x0020, 0x0020, 0x0000, 0x0000, 0x0000,
    0x0000, 0x0000, 0x0000, 0x0000, 0x0000, 0x0000, 0x0000, 0x0000,
    0x0000, 0x0000, 0x0000, 0x0000, 0x0000, 0x0000, 0x2867, 0x3087,
    0x3088, 0x3088, 0x30A9, 0x38A9, 0x38AA, 0x40CB, 0x40CC, 0x48ED,
    0x50ED, 0x50EE, 0x50EE, 0x6110, 0x7975, 0x7974, 0x48CC, 0x3088,
    0x40AA, 0x48ED, 0x48ED, 0x30A9, 0x3088, 0x7154, 0xA1DC, 0x91DA,
    0x81B7, 0x89D8, 0x91F7, 0x99F7, 0x99F8, 0xA1DA, 0x999A, 0x8939,
    0x80D9, 0x7097, 0x7116, 0xA2BA, 0xDCDF, 0xF6BF, 0xF7BF, 0xF7DF,
    0xFFBF, 0xFFDF, 0xFFFF, 0xFFFF, 0xFFFF, 0xFFFF, 0xFFFF, 0xFFFF,
    0xFFFF, 0xFFFF, 0xFFFF, 0xFFFF, 0xFFFF, 0xFFFF, 0xFFFF, 0xFFFF,
    0xFFDF, 0xFFDF, 0xFFFF, 0xFFFF, 0xFFFF, 0xFFDF, 0xFFDF, 0xFFDF,
    0xFFFF, 0xFFFF, 0xFFFF, 0xFFFF, 0xFFFF, 0xFFDF, 0xFFFF, 0xFFDF,
    0xFFFF, 0xFFFF, 0xFFFF, 0xFFFF, 0xFFFF, 0xFFFF, 0xFFFF, 0xFFFF,
    0xFFFF, 0xFFFF, 0xFFFF, 0xFFFF, 0xFFFF, 0xEF1E, 0xAC98, 0x9336,
    0x8AF5, 0x412D, 0x0003, 0x0000, 0x0041, 0x0040, 0x0020, 0x0000,
    0x0000, 0x0000, 0x0000, 0x0000, 0x0000, 0x0000, 0x0000, 0x0000,
    0x0000, 0x0000, 0x0000, 0x0000, 0x0000, 0x0000, 0x0000, 0x0000,
    0x0000, 0x2868, 0x3088, 0x3088, 0x30A8, 0x30A9, 0x38A9, 0x38AA,
    0x40CB, 0x48CC, 0x48ED, 0x50ED, 0x50EE, 0x5910, 0x6932, 0x7153,
    0x6931, 0x48CC, 0x38A9, 0x40CB, 0x48ED, 0x48ED, 0x30A9, 0x3088,
    0x7153, 0xA1FC, 0x91DA, 0x89B8, 0x91BA, 0x99D9, 0xA1D9, 0xA1DA,
    0x999A, 0x9179, 0x8958, 0x91B9, 0x9259, 0xA399, 0xD55D, 0xFF5F,
    0xFFFF, 0xFFFF, 0xFFFF, 0xFFFF, 0xFFFF, 0xFFFF, 0xFFDF, 0xEF7E,
    0xEF3E, 0xEF1E, 0xEF1E, 0xEF3E, 0xEF5E, 0xEF5E, 0xF77E, 0xF79E,
    0xFF9F, 0xFFBF, 0xFFBF, 0xFFBF, 0xFFDF, 0xFFDF, 0xFFFF, 0xFFFF,
    0xFFFF, 0xFFFF, 0xFFFF, 0xFFFF, 0xFFFF, 0xFFFF, 0xFFFF, 0xFFDF,
    0xFFDF, 0xFFDF, 0xFFDF, 0xFFDF, 0xFFBF, 0xF79E, 0xF79E, 0xF77E,
    0xEF5E, 0xEF3E, 0xEF3E, 0xEF5E, 0xF79E, 0xFFFF, 0xFFFF, 0xFFFF,
    0xFFFF, 0xE6BD, 0xCD5B, 0xBCD9, 0x620F, 0x0803, 0x0000, 0x0021,
    0x0020, 0x0020, 0x0000, 0x0000, 0x0000, 0x0000, 0x0000, 0x0000,
    0x0000, 0x0000, 0x0000, 0x0000, 0x0000, 0x0000, 0x0000, 0x0000,
    0x0000, 0x0000, 0x0000, 0x0000, 0x2868, 0x3088, 0x3088, 0x3089,
    0x3889, 0x3889, 0x38AA, 0x40CB, 0x48CC, 0x48ED, 0x50EE, 0x590F,
    0x6932, 0x7153, 0x6110, 0x48CC, 0x40AA, 0x40AB, 0x40CB, 0x48EC,
    0x48ED, 0x30A9, 0x3088, 0x7173, 0xA9FB, 0xA1DA, 0x9199, 0x999B,
    0xA19C, 0xA1BC, 0xA19B, 0x917A, 0x8998, 0x9A79, 0xC43D, 0xE61F,
    0xF77F, 0xFFFF, 0xFFFF, 0xFFFF, 0xFFFD, 0xFFFE, 0xFFFF, 0xFFFE,
    0xFFFE, 0xFFFF, 0xF7DF, 0xF7DF, 0xF7DF, 0xF7DF, 0xFFFF, 0xFFFF,
    0xFFFF, 0xFFFF, 0xFFFF, 0xFFFF, 0xFFFF, 0xFFFE, 0xFFFE, 0xFFFF,
    0xFFFF, 0xFFFF, 0xFFFF, 0xFFFF, 0xFFFF, 0xFFFF, 0xFFFF, 0xFFFF,
    0xFFFF, 0xFFFF, 0xFFFF, 0xFFFF, 0xFFFF, 0xFFFF, 0xFFFF, 0xFFFF,
    0xFFFF, 0xFFFF, 0xFFFF, 0xFFFF, 0xFFDF, 0xFFDF, 0xFFDE, 0xFFDE,
    0xFFDE, 0xFFFF, 0xFFFF, 0xFFFF, 0xF7BE, 0xFF9F, 0xFF5F, 0xA434,
    0x28A6, 0x0000, 0x0020, 0x0000, 0x0020, 0x0000, 0x0000, 0x0000,
    0x0000, 0x0000, 0x0000, 0x0000, 0x0000, 0x0000, 0x0000, 0x0000,
    0x0000, 0x0000, 0x0000, 0x0000, 0x0000, 0x0000, 0x0000, 0x2868,
    0x3068, 0x3088, 0x3889, 0x3889, 0x38AA, 0x40AA, 0x40CB, 0x48EC,
    0x48ED, 0x50EE, 0x590F, 0x6932, 0x6932, 0x50ED, 0x38A9, 0x38AA,
    0x48CC, 0x48CC, 0x48CC, 0x48ED, 0x3089, 0x3089, 0x7173, 0xAA1B,
    0xA1DA, 0x997A, 0xA19C, 0xA19D, 0xA1BD, 0x99DC, 0x921A, 0xA2DA,
    0xC45C, 0xF67F, 0xFFFF, 0xFFFF, 0xFFFF, 0xFFFF, 0xEFBC, 0xE75C,
    0xEF3D, 0xF75E, 0xF77E, 0xF79E, 0xFFBF, 0xFFDF, 0xFFFF, 0xFFFF,
    0xFFFF, 0xFFFF, 0xFFFF, 0xFFFF, 0xFFFF, 0xFFFF, 0xFFFF, 0xFFFF,
    0xFFFF, 0xFFFE, 0xFFFF, 0xFFFF, 0xFFFF, 0xFFFF, 0xFFFF, 0xFFFF,
    0xFFFF, 0xFFFF, 0xFFFF, 0xFFFF, 0xFFFF, 0xFFFF, 0xFFFF, 0xFFFF,
    0xFFFF, 0xFFFF, 0xFFFF, 0xFFFF, 0xFFFF, 0xFFFF, 0xFFFF, 0xFFFF,
    0xFFFF, 0xFFFF, 0xFFDE, 0xF79D, 0xF77D, 0xF77E, 0xFFDF, 0xFFFE,
    0xFFFF, 0xFFFF, 0xD639, 0x5A8B, 0x18C4, 0x0841, 0x0000, 0x0020,
    0x0020, 0x0020, 0x0000, 0x0000, 0x0000, 0x0000, 0x0000, 0x0000,
    0x0000, 0x0000, 0x0000, 0x0000, 0x0000, 0x0000, 0x0000, 0x0000,
    0x0000, 0x0000, 0x2868, 0x3068, 0x3088, 0x3089, 0x3889, 0x38AA,
    0x40AA, 0x40CB, 0x48ED, 0x50EE, 0x510F, 0x5910, 0x6111, 0x6111,
    0x48CC, 0x38A9, 0x40AB, 0x48CC, 0x40CC, 0x48CC, 0x48ED, 0x3089,
    0x3089, 0x7974, 0xB21C, 0xA1DB, 0x99B9, 0xA1DB, 0xA1DC, 0xA21C,
    0x9A5C, 0xAB1C, 0xCC7D, 0xF63F, 0xFFBF, 0xFFFF, 0xFFFF, 0xFFFF,
    0xFFFF, 0xF7DE, 0xF7DF, 0xFFDF, 0xFFDF, 0xFFFF, 0xFFFF, 0xFFFF,
    0xFFFF, 0xFFFF, 0xFFFF, 0xFFFF, 0xFFFF, 0xFFFF, 0xFFFF, 0xFFFF,
    0xFFFF, 0xFFFF, 0xFFFF, 0xFFFF, 0xFFFF, 0xFFFF, 0xFFFF, 0xFFFF,
    0xFFFF, 0xFFFF, 0xFFFF, 0xFFFF, 0xFFFF, 0xFFFF, 0xFFFF, 0xFFFF,
    0xFFFF, 0xFFFF, 0xFFFF, 0xFFFF, 0xFFFF, 0xFFFF, 0xFFFF, 0xFFFF,
    0xFFFF, 0xFFFF, 0xFFFF, 0xFFFF, 0xFFFF, 0xFFFF, 0xFFFF, 0xFFDF,
    0xFFDF, 0xFFDF, 0xF7BE, 0xFFFF, 0xFFFF, 0xEF5D, 0x9471, 0x4A29,
    0x18C4, 0x0001, 0x0020, 0x0000, 0x0020, 0x0000, 0x0000, 0x0000,
    0x0000, 0x0000, 0x0000, 0x0000, 0x0000, 0x0000, 0x0000, 0x0000,
    0x0000, 0x0000, 0x0000, 0x0000, 0x0000, 0x2868, 0x3068, 0x3088,
    0x3889, 0x38AA, 0x38AA, 0x40AB, 0x40CC, 0x48ED, 0x50EE, 0x590F,
    0x5910, 0x5910, 0x590F, 0x48CC, 0x38AA, 0x40CB, 0x48CC, 0x40CB,
    0x48CC, 0x50ED, 0x38A9, 0x3089, 0x7974, 0xB21D, 0xA1FB, 0x99B9,
    0x99FB, 0xA21B, 0xA27C, 0xA2DC, 0xB3FC, 0xEDFF, 0xFFBF, 0xFFFF,
    0xF7FF, 0xF79D, 0xF75E, 0xF79F, 0xFFDF, 0xFFFF, 0xFFFF, 0xFFFF,
    0xFFFF, 0xFFFF, 0xFFFF, 0xFFFF, 0xFFFF, 0xFFFF, 0xFFFF, 0xFFFF,
    0xFFFF, 0xFFFF, 0xFFFF, 0xFFFF, 0xFFFF, 0xFFFF, 0xFFFF, 0xFFFF,
    0xFFFF, 0xFFFF, 0xFFFF, 0xFFFF, 0xFFFF, 0xFFFF, 0xFFFF, 0xFFFF,
    0xFFFF, 0xFFFF, 0xFFFF, 0xFFFF, 0xFFFF, 0xFFFF, 0xFFFF, 0xFFFF,
    0xFFFF, 0xFFFF, 0xFFFF, 0xFFFF, 0xFFFF, 0xFFFF, 0xFFFF, 0xFFFF,
    0xFFFF, 0xFFFF, 0xFFFF, 0xFFFF, 0xFFBF, 0xEF3D, 0xF79E, 0xFFFF,
    0xF7BE, 0xBDB7, 0x6B4D, 0x2944, 0x0841, 0x0020, 0x0000, 0x0000,
    0x0000, 0x0000, 0x0000, 0x0000, 0x0000, 0x0000, 0x0000, 0x0000,
    0x0000, 0x0000, 0x0000, 0x0000, 0x0000, 0x0000, 0x0000, 0x0000,
    0x2867, 0x3088, 0x3088, 0x38A9, 0x38AA, 0x38AA, 0x40CB, 0x40CC,
    0x48ED, 0x50EE, 0x590F, 0x5910, 0x6110, 0x590F, 0x48CC, 0x40AB,
    0x40CB, 0x48CC, 0x40CB, 0x48CC, 0x50ED, 0x3889, 0x3088, 0x7954,
    0xB1FE, 0xA9FC, 0x99DA, 0xA1FB, 0xA21C, 0xAA9D, 0xAB1C, 0xBC3C,
    0xF65F, 0xFFDF, 0xFFFF, 0xF7DE, 0xF77D, 0xFF5E, 0xFFBF, 0xFFDF,
    0xFFDF, 0xFFFF, 0xFFFF, 0xFFFF, 0xFFFF, 0xFFFF, 0xFFFF, 0xFFFF,
    0xFFFF, 0xFFFE, 0xFFFE, 0xFFFE, 0xFFFE, 0xFFFE, 0xFFFF, 0xFFDF,
    0xFFDF, 0xFFDF, 0xFFDF, 0xFFDF, 0xFFFF, 0xFFFF, 0xFFFF, 0xFFFF,
    0xFFFF, 0xFFFF, 0xFFFF, 0xFFFF, 0xFFFF, 0xFFFF, 0xFFFF, 0xFFFF,
    0xFFFF, 0xFFFF, 0xFFFF, 0xFFFF, 0xFFFF, 0xFFFF, 0xFFFF, 0xFFFE,
    0xFFFE, 0xFFFF, 0xFFFF, 0xFFDF, 0xFFDF, 0xFFFF, 0xFFFF, 0xFFDE,
    0xEF5C, 0xF79E, 0xFFFF, 0xF79F, 0xC5B9, 0x7B6D, 0x3163, 0x0860,
    0x0020, 0x0000, 0x0000, 0x0000, 0x0000, 0x0000, 0x0000, 0x0000,
    0x0000, 0x0000, 0x0000, 0x0000, 0x0000, 0x0000, 0x0000, 0x0000,
    0x0000, 0x0000, 0x0000, 0x2887, 0x3087, 0x30A8, 0x38A9, 0x38AA,
    0x38AA, 0x40CB, 0x40CC, 0x48ED, 0x50ED, 0x590E, 0x590F, 0x6110,
    0x5910, 0x48ED, 0x40AB, 0x40CB, 0x48CC, 0x40CC, 0x48CC, 0x50ED,
    0x38A9, 0x3088, 0x7954, 0xB1FE, 0xAA1C, 0xA1DB, 0xA9DC, 0xA9FD,
    0xAA7E, 0xAADC, 0xB3DB, 0xDD9E, 0xFF3F, 0xFFFF, 0xFFFF, 0xFFFE,
    0xFF9E, 0xFFBF, 0xFFBF, 0xFFDF, 0xFFFF, 0xFFFF, 0xFFFF, 0xFFFF,
    0xFFFF, 0xFFFF, 0xFFFF, 0xFFFF, 0xFFFF, 0xFFFE, 0xFFFE, 0xFFFE,
    0xFFFF, 0xFFFF, 0xFFDF, 0xFFDF, 0xFFDF, 0xFFDF, 0xFFDF, 0xFFFF,
    0xFFFF, 0xFFFF, 0xFFFF, 0xFFFF, 0xFFFF, 0xFFFF, 0xFFFF, 0xFFFF,
    0xFFFF, 0xFFFF, 0xFFFF, 0xFFFF, 0xFFFF, 0xFFFF, 0xFFFF, 0xFFFF,
    0xFFFF, 0xFFFF, 0xFFFD, 0xFFFE, 0xFFFF, 0xFFFF, 0xFFDF, 0xFFDF,
    0xFFFF, 0xFFFE, 0xFFDD, 0xEF7C, 0xFFDF, 0xFFFF, 0xF77F, 0xB4F7,
    0x62CB, 0x2921, 0x0840, 0x0020, 0x0000, 0x0000, 0x0000, 0x0000,
    0x0000, 0x0000, 0x0000, 0x0000, 0x0000, 0x0000, 0x0000, 0x0000,
    0x0000, 0x0000, 0x0000, 0x0000, 0x0000, 0x0000, 0x2867, 0x3087,
    0x30A8, 0x38A9, 0x38AA, 0x38AA, 0x40CB, 0x40CC, 0x48ED, 0x50ED,
    0x590E, 0x590F, 0x6110, 0x590F, 0x48ED, 0x40AB, 0x40CB, 0x48CC,
    0x40CC, 0x48EC, 0x50ED, 0x38A9, 0x30A8, 0x7975, 0xBA3F, 0xAA1C,
    0xA1DB, 0xA9DC, 0xA9DD, 0xAA1D, 0xA25C, 0xA2FC, 0xC43E, 0xEE1F,
    0xFFFF, 0xFFFF, 0xFFFF, 0xFFDE, 0xF79D, 0xF75D, 0xFF7E, 0xFF9F,
    0xFFBF, 0xFFBF, 0xFFDF, 0xFFDF, 0xFFDF, 0xFFDF, 0xFFDF, 0xFFDF,
    0xFFDF, 0xFFFF, 0xFFFF, 0xFFFF, 0xFFFF, 0xFFFF, 0xFFFE, 0xFFFE,
    0xFFFF, 0xFFFF, 0xFFFF, 0xFFFF, 0xFFFF, 0xFFFF, 0xFFFF, 0xFFFF,
    0xFFFF, 0xFFFF, 0xFFFF, 0xFFFF, 0xFFFF, 0xFFFF, 0xFFFF, 0xFFFF,
    0xFFFF, 0xFFFF, 0xFFFF, 0xFFFF, 0xFFFF, 0xFFFE, 0xFFFF, 0xFFFF,
    0xFFFF, 0xFFDF, 0xF7DF, 0xFFDF, 0xFFBD, 0xF79C, 0xEF5D, 0xFFFF,
    0xFFFF, 0xEF3E, 0x93F5, 0x41A8, 0x10A0, 0x0000, 0x0002, 0x0000,
    0x0000, 0x0000, 0x0000, 0x0000, 0x0000, 0x0000, 0x0000, 0x0000,
    0x0000, 0x0000, 0x0000, 0x0000, 0x0000, 0x0000, 0x0000, 0x0000,
    0x0000, 0x2867, 0x3088, 0x30A8, 0x38A9, 0x3889, 0x38AA, 0x40AB,
    0x40CC, 0x48ED, 0x50ED, 0x590E, 0x5910, 0x6110, 0x590F, 0x48CD,
    0x40AB, 0x40CB, 0x48CC, 0x40CC, 0x48EC, 0x50ED, 0x30A9, 0x30A8,
    0x7995, 0xBA3F, 0xAA1C, 0xA1DA, 0xA9DC, 0xB1DD, 0xA9FE, 0xA1DD,
    0x9A1D, 0xAADE, 0xC43F, 0xE61F, 0xFF7F, 0xFFFF, 0xFFFF, 0xFFFE,
    0xFFFE, 0xFFFE, 0xFFFF, 0xFFDF, 0xFFBF, 0xFFBF, 0xFFBF, 0xFFDF,
    0xFFDF, 0xFFDF, 0xFFDF, 0xFFDF, 0xFFDF, 0xFFFF, 0xFFFF, 0xFFFF,
    0xFFFF, 0xFFFE, 0xFFFF, 0xFFFF, 0xFFFF, 0xFFFF, 0xFFFF, 0xFFFF,
    0xFFFF, 0xFFFF, 0xFFFF, 0xFFFF, 0xFFFF, 0xFFFF, 0xFFFF, 0xFFFF,
    0xFFFF, 0xFFFF, 0xFFFF, 0xFFFF, 0xFFFF, 0xFFFF, 0xFFFF, 0xFFFF,
    0xFFFF, 0xFFFF, 0xFFFF, 0xFFFF, 0xF7DF, 0xF7DF, 0xF7DF, 0xFFFE,
    0xFFFE, 0xFFFF, 0xFFFF, 0xFFFF, 0xCDFA, 0x522E, 0x1884, 0x0000,
    0x0000, 0x0002, 0x0001, 0x0000, 0x0000, 0x0000, 0x0000, 0x0000,
    0x0000, 0x0000, 0x0000, 0x0000, 0x0000, 0x0000, 0x0000, 0x0000,
    0x0000, 0x0000, 0x0000, 0x0000, 0x3067, 0x3088, 0x30A8, 0x38A9,
    0x38A9, 0x38AA, 0x40CB, 0x40CC, 0x48ED, 0x50EE, 0x590F, 0x5910,
    0x6110, 0x5910, 0x48CD, 0x40AB, 0x40CB, 0x48CC, 0x40CC, 0x48EC,
    0x50ED, 0x30A9, 0x3088, 0x7975, 0xBA3F, 0xA9FC, 0xA1D9, 0xB1FC,
    0xBA1E, 0xB9FF, 0xB1DF, 0xA1BE, 0x99DE, 0xA27E, 0xAB7C, 0xC4BD,
    0xEE7F, 0xFFFF, 0xFFFF, 0xFFFF, 0xFFFF, 0xFFFF, 0xF7FE, 0xEF9D,
    0xEF5D, 0xEF3D, 0xF75D, 0xF75D, 0xF77D, 0xFF9E, 0xFF9F, 0xFFBF,
    0xFFDF, 0xFFDF, 0xFFDF, 0xFFFF, 0xFFFF, 0xFFFF, 0xFFFF, 0xFFFF,
    0xFFFF, 0xFFFF, 0xFFFF, 0xFFFF, 0xFFFF, 0xFFFF, 0xFFFF, 0xFFFF,
    0xFFFF, 0xFFFF, 0xFFFF, 0xFFFF, 0xFFFF, 0xFFFF, 0xFFFF, 0xFFFF,
    0xFFFF, 0xFFFF, 0xFFDF, 0xFFBE, 0xFFBD, 0xFF9D, 0xF77D, 0xF75E,
    0xF77F, 0xF7DF, 0xFFFF, 0xFFFF, 0xFFFF, 0xFFFF, 0xEF1E, 0x8BD3,
    0x20A7, 0x0000, 0x0000, 0x0000, 0x0001, 0x0000, 0x0000, 0x0000,
    0x0000, 0x0000, 0x0000, 0x0000, 0x0000, 0x0000, 0x0000, 0x0000,
    0x0000, 0x0000, 0x0000, 0x0000, 0x0000, 0x0000, 0x0000, 0x3067,
    0x3088, 0x30A8, 0x38A9, 0x38AA, 0x38AA, 0x40CB, 0x40CC, 0x48ED,
    0x50ED, 0x590E, 0x590F, 0x6110, 0x590F, 0x48CD, 0x40AB, 0x40CB,
    0x48CC, 0x40CC, 0x48CC, 0x50ED, 0x30A9, 0x3088, 0x7975, 0xBA1F,
    0xA9DD, 0xA1BA, 0xB21D, 0xBA3E, 0xBA1F, 0xB1FF, 0xB1BE, 0xA9BE,
    0xA19E, 0x99DC, 0xA27D, 0xC3FE, 0xE5FF, 0xFF9F, 0xFFFF, 0xFFDF,
    0xFFFF, 0xFFFE, 0xFFFE, 0xFFFD, 0xFFFD, 0xFFFD, 0xFFFD, 0xFFFD,
    0xFFFD, 0xFFFF, 0xFFFF, 0xFFDF, 0xFFDF, 0xFFBF, 0xFFDF, 0xFFDF,
    0xFFDF, 0xFFDF, 0xFFDF, 0xFFFF, 0xFFFF, 0xFFDF, 0xFFDF, 0xFFDF,
    0xFFDF, 0xFFDF, 0xFFDF, 0xFFDF, 0xFFDF, 0xFFFF, 0xFFFF, 0xFFDF,
    0xFFDF, 0xFFFF, 0xFFFF, 0xFFDF, 0xFFDF, 0xFFDF, 0xFFFE, 0xFFFD,
    0xFFFD, 0xFFFE, 0xFFFF, 0xFFFF, 0xFFFF, 0xFFFF, 0xFFDF, 0xEEDE,
    0xDE1E, 0xBCFB, 0x6230, 0x0803, 0x0000, 0x0020, 0x0000, 0x0001,
    0x0000, 0x0000, 0x0000, 0x0000, 0x0000, 0x0000, 0x0000, 0x0000,
    0x0000, 0x0000, 0x0000, 0x0000, 0x0000, 0x0000, 0x0000, 0x0000,
    0x0000, 0x0000, 0x3087, 0x3088, 0x3088, 0x38A9, 0x38AA, 0x38AA,
    0x40CB, 0x40CC, 0x48ED, 0x50EE, 0x590E, 0x590F, 0x6110, 0x590F,
    0x48CD, 0x40AB, 0x40CB, 0x48CC, 0x40CC, 0x48CC, 0x50ED, 0x30A9,
    0x30A8, 0x8176, 0xBA1F, 0xA9DE, 0x99DD, 0xAA1F, 0xB23E, 0xB23E,
    0xBA3D, 0xC21D, 0xC1FE, 0xB9BF, 0xB19F, 0xA97F, 0xA99E, 0xAA3D,
    0xBB1D, 0xC3FD, 0xDCFE, 0xFE7F, 0xFFDF, 0xFFFF, 0xFFFF, 0xFFFF,
    0xFFFF, 0xFFFF, 0xFFFF, 0xFFFF, 0xFFFF, 0xF7FF, 0xF7BF, 0xF77F,
    0xF73F, 0xF73F, 0xF73F, 0xF71F, 0xF71F, 0xF71F, 0xF73F, 0xF75F,
    0xF75F, 0xF75F, 0xF75F, 0xF75F, 0xF75F, 0xF75F, 0xF75F, 0xF75F,
    0xF75F, 0xF75F, 0xF73F, 0xF73F, 0xF73F, 0xF73F, 0xF73F, 0xF75F,
    0xF79F, 0xEFDF, 0xF7FF, 0xFFFF, 0xFFFF, 0xFFFF, 0xFFFF, 0xFFFF,
    0xFEFF, 0xD51C, 0xAB79, 0xAB1A, 0xA31B, 0x5951, 0x0804, 0x0000,
    0x1040, 0x0840, 0x0021, 0x0020, 0x0000, 0x0000, 0x0000, 0x0000,
    0x0000, 0x0000, 0x0000, 0x0000, 0x0000, 0x0000, 0x0000, 0x0000,
    0x0000, 0x0000, 0x0000, 0x0000, 0x0000, 0x3067, 0x3088, 0x3088,
    0x3889, 0x38AA, 0x38AA, 0x40AB, 0x40CC, 0x48ED, 0x50EE, 0x590E,
    0x590F, 0x6110, 0x590F, 0x48CD, 0x40AB, 0x40CB, 0x48EC, 0x48CC,
    0x48CC, 0x50ED, 0x38A9, 0x3088, 0x7975, 0xBA1F, 0xA1DD, 0x91DC,
    0xA21E, 0xAA1E, 0xAA1D, 0xB23C, 0xBA3D, 0xC21E, 0xC1FF, 0xC1FF,
    0xB19F, 0xA0FE, 0x909C, 0x98BC, 0xA17D, 0xB29E, 0xD3FF, 0xED7F,
    0xFEDF, 0xFF9F, 0xFFBF, 0xFFBF, 0xFFBF, 0xFFDF, 0xFFFF, 0xFFFF,
    0xFFFF, 0xFFFF, 0xFFFF, 0xFFFF, 0xFFFF, 0xFFFF, 0xFFFF, 0xFFFF,
    0xFFFF, 0xFFFF, 0xFFFF, 0xFFFF, 0xFFFF, 0xFFFF, 0xFFFF, 0xFFFF,
    0xFFFF, 0xFFFF, 0xFFFF, 0xFFFF, 0xFFFF, 0xFFFF, 0xFFFF, 0xFFFF,
    0xFFFF, 0xFFFF, 0xFFFF, 0xFFFF, 0xFFFF, 0xFFFF, 0xFFFF, 0xFFDF,
    0xFFBF, 0xFF9F, 0xF69E, 0xCC9A, 0x9A76, 0x70F4, 0x8158, 0xA29C,
    0x6153, 0x0805, 0x0000, 0x1060, 0x0860, 0x0041, 0x0020, 0x0000,
    0x0000, 0x0000, 0x0000, 0x0000, 0x0000, 0x0000, 0x0000, 0x0000,
    0x0000, 0x0000, 0x0000, 0x0000, 0x0000, 0x0000, 0x0000, 0x0000,
    0x3068, 0x3068, 0x3088, 0x3889, 0x38AA, 0x38AA, 0x40AA, 0x40CC,
    0x48ED, 0x50EE, 0x590F, 0x5910, 0x6111, 0x5910, 0x48CD, 0x40AB,
    0x40CB, 0x48EC, 0x48CC, 0x48EC, 0x50EE, 0x3089, 0x2867, 0x7153,
    0xA9FC, 0x91B9, 0x8197, 0x91DA, 0x91DB, 0x99DB, 0x99DB, 0xA1FC,
    0xA1DC, 0xA1DD, 0xA1DD, 0xA1DD, 0x999D, 0x915C, 0x995C, 0x913C,
    0x913C, 0x911B, 0x911B, 0x915A, 0x8999, 0x89D9, 0x925A, 0xA35B,
    0xBC5C, 0xD59C, 0xEEBD, 0xFFBD, 0xFFFC, 0xFFFC, 0xFFFC, 0xFFFC,
    0xFFFC, 0xFFFC, 0xFFFC, 0xFFFC, 0xFFFC, 0xFFFC, 0xFFFC, 0xFFFC,
    0xFFFC, 0xFFFC, 0xFFFC, 0xFFFC, 0xFFFC, 0xFFFC, 0xFFFD, 0xFFFD,
    0xFFFD, 0xFFFD, 0xFFFD, 0xFFFD, 0xFFFD, 0xFFFD, 0xFFFD, 0xFFFE,
    0xF6DD, 0xDD9A, 0xBC57, 0x9B54, 0x82B3, 0x7213, 0x6171, 0x50B0,
    0x4810, 0x7115, 0xA2DB, 0x6192, 0x0003, 0x0000, 0x0060, 0x0060,
    0x0021, 0x0000, 0x0000, 0x0000, 0x0000, 0x0000, 0x0000, 0x0000,
    0x0000, 0x0000, 0x0000, 0x0000, 0x0000, 0x0000, 0x0000, 0x0000,
    0x0000, 0x0000, 0x0000, 0x3068, 0x3068, 0x3088, 0x3889, 0x38AA,
    0x38AA, 0x40AA, 0x40CB, 0x48EC, 0x50EE, 0x590F, 0x5910, 0x6111,
    0x5910, 0x48CD, 0x40AB, 0x40CB, 0x48CC, 0x40CC, 0x48ED, 0x50ED,
    0x3088, 0x2867, 0x8196, 0xC25F, 0xB21D, 0xA1FB, 0xB21D, 0xB23E,
    0xB23F, 0xB23F, 0xBA3F, 0xB23F, 0xBA3F, 0xBA7F, 0xC27F, 0xC29F,
    0xCA9F, 0xCA9F, 0xC21F, 0xB19F, 0xA8DF, 0x981E, 0x901D, 0x901D,
    0x901C, 0x987D, 0xA95E, 0xC25F, 0xD37F, 0xEC9F, 0xFD9F, 0xFE5F,
    0xFF1F, 0xFFBF, 0xFFFF, 0xFFDF, 0xFFBF, 0xFFBF, 0xFFDF, 0xFFFF,
    0xFFDF, 0xFFDF, 0xFFDF, 0xFFDF, 0xFFFF, 0xFFDF, 0xFFDF, 0xFFDF,
    0xFFDF, 0xFFDF, 0xFFDF, 0xFFDF, 0xFFBF, 0xFFDF, 0xFFDF, 0xFFDF,
    0xFF9F, 0xFEFF, 0xF5FF, 0xE4BF, 0xD35C, 0xB23A, 0x9138, 0x7897,
    0x6856, 0x68B6, 0x70F7, 0x78B7, 0xAA1D, 0xD3DF, 0x8216, 0x1005,
    0x0000, 0x0040, 0x0040, 0x0021, 0x0000, 0x0000, 0x0000, 0x0000,
    0x0000, 0x0000, 0x0000, 0x0000, 0x0000, 0x0000, 0x0000, 0x0000,
    0x0000, 0x0000, 0x0000, 0x0000, 0x0000, 0x0000, 0x3068, 0x3068,
    0x3088, 0x3889, 0x38AA, 0x38AA, 0x40AA, 0x40CB, 0x48ED, 0x50EE,
    0x590F, 0x5910, 0x6111, 0x5910, 0x48CD, 0x40AB, 0x40CC, 0x48CC,
    0x48CC, 0x48EC, 0x48ED, 0x3088, 0x38A9, 0x99DB, 0xEADF, 0xE2BF,
    0xDA9F, 0xEABF, 0xEADF, 0xF2DF, 0xF2DF, 0xF2DF, 0xF2DF, 0xFADF,
    0xFADF, 0xFAFF, 0xFAFF, 0xFB1F, 0xFB1F, 0xFB1F, 0xFADF, 0xFABF,
    0xFA7F, 0xFA7F, 0xFA9F, 0xFA9F, 0xFA7F, 0xFA3F, 0xFA3F, 0xFA3F,
    0xFA3F, 0xF21F, 0xF21F, 0xEA1F, 0xEA3F, 0xEA3F, 0xEA1F, 0xEA1F,
    0xEA3F, 0xEABF, 0xEB1F, 0xF33F, 0xF33F, 0xF37F, 0xF39F, 0xF39F,
    0xF39F, 0xEB9F, 0xEB9F, 0xEB7F, 0xEB5F, 0xE31F, 0xDADF, 0xDA9F,
    0xDA7F, 0xD25F, 0xD23F, 0xCA1F, 0xCA1F, 0xC21F, 0xC9FF, 0xD1DF,
    0xD9DF, 0xD9FF, 0xD1DF, 0xC9FF, 0xCA5F, 0xD25F, 0xD1DF, 0xF2DF,
    0xFC7F, 0xB27B, 0x2808, 0x0000, 0x0040, 0x0020, 0x0000, 0x0000,
    0x0000, 0x0000, 0x0000, 0x0000, 0x0000, 0x0000, 0x0000, 0x0000,
    0x0000, 0x0000, 0x0000, 0x0000, 0x0000, 0x0000, 0x0000, 0x0000,
    0x0000, 0x3068, 0x3068, 0x3088, 0x3889, 0x38AA, 0x38AA, 0x40AA,
    0x40CB, 0x48ED, 0x50EE, 0x590F, 0x5910, 0x6110, 0x5910, 0x48CD,
    0x40AB, 0x40CC, 0x48CC, 0x48CC, 0x48EC, 0x48CD, 0x3889, 0x38AA,
    0x8997, 0xC25F, 0xC25F, 0xB23F, 0xC25F, 0xCA5F, 0xCA7F, 0xCA7F,
    0xCA5F, 0xCA5F, 0xCA5F, 0xD25F, 0xD27F, 0xD27F, 0xD29E, 0xD29E,
    0xDABF, 0xDADF, 0xDAFF, 0xE31F, 0xE33F, 0xE33F, 0xE31F, 0xE2BF,
    0xD23F, 0xC9BF, 0xC15F, 0xB0DE, 0xA85E, 0xA01F, 0xA01F, 0xA01E,
    0x981E, 0x981E, 0x981E, 0x981E, 0x981E, 0xA05E, 0xA07E, 0xA09E,
    0xA0BE, 0xA0DE, 0xA0DE, 0xA0DE, 0x98DE, 0x98DE, 0x98BD, 0x989D,
    0x905D, 0x881C, 0x801C, 0x801C, 0x801B, 0x781B, 0x781A, 0x701A,
    0x701B, 0x787B, 0x88DB, 0xA15C, 0xB1DF, 0xBA1F, 0xBA3F, 0xBA7F,
    0xBA5E, 0xA9BC, 0xC25E, 0xDB5F, 0x91D6, 0x2006, 0x0000, 0x0020,
    0x0020, 0x0001, 0x0000, 0x0000, 0x0000, 0x0000, 0x0000, 0x0000,
    0x0000, 0x0000, 0x0000, 0x0000, 0x0000, 0x0000, 0x0000, 0x0000,
    0x0000, 0x0000, 0x0000, 0x0000, 0x3068, 0x3068, 0x3088, 0x3889,
    0x38AA, 0x38AA, 0x40AA, 0x40CC, 0x48ED, 0x50ED, 0x590F, 0x5910,
    0x6110, 0x5910, 0x48ED, 0x40AB, 0x40CC, 0x48CC, 0x48CC, 0x48CC,
    0x48CD, 0x40AB, 0x38A9, 0x48CD, 0x590F, 0x48ED, 0x40CC, 0x48CC,
    0x48CC, 0x48CC, 0x48EC, 0x48CC, 0x48CC, 0x48CC, 0x48CC, 0x48CC,
    0x48CC, 0x40CC, 0x40CB, 0x40CB, 0x40CB, 0x40CB, 0x40EB, 0x40CB,
    0x40EB, 0x40EB, 0x40EA, 0x40AA, 0x38AA, 0x38A9, 0x3089, 0x3069,
    0x3049, 0x3049, 0x3048, 0x2848, 0x2848, 0x2848, 0x2827, 0x2847,
    0x2867, 0x2847, 0x2047, 0x2046, 0x2046, 0x2046, 0x2046, 0x2046,
    0x1845, 0x1845, 0x2045, 0x1825, 0x1825, 0x1825, 0x1825, 0x1824,
    0x1804, 0x1804, 0x1004, 0x1024, 0x1024, 0x1823, 0x1844, 0x1865,
    0x1865, 0x1864, 0x1864, 0x1864, 0x0801, 0x2045, 0x40EB, 0x2067,
    0x0000, 0x0000, 0x0020, 0x0001, 0x0001, 0x0000, 0x0000, 0x0000,
    0x0000, 0x0000, 0x0000, 0x0000, 0x0000, 0x0000, 0x0000, 0x0000,
    0x0000, 0x0000, 0x0000, 0x0000, 0x0000, 0x0000, 0x0000, 0x3068,
    0x3068, 0x3088, 0x3889, 0x38AA, 0x38AA, 0x40AA, 0x40CB, 0x48EC,
    0x50ED, 0x590F, 0x5910, 0x6111, 0x5910, 0x48CD, 0x40AB, 0x40CC,
    0x48CC, 0x48CC, 0x48CC, 0x48CC, 0x48CC, 0x38AA, 0x3088, 0x2866,
    0x1844, 0x1844, 0x1845, 0x1845, 0x1845, 0x1045, 0x1045, 0x1025,
    0x1025, 0x1024, 0x1024, 0x1024, 0x0824, 0x0824, 0x0824, 0x0823,
    0x0803, 0x0003, 0x0002, 0x0002, 0x0022, 0x0022, 0x0042, 0x0061,
    0x0881, 0x08A1, 0x08C0, 0x08E0, 0x08E0, 0x08E0, 0x00E0, 0x00E0,
    0x00E0, 0x00C0, 0x00C0, 0x00A0, 0x0080, 0x0060, 0x0060, 0x0040,
    0x0040, 0x0040, 0x0040, 0x0040, 0x0040, 0x0040, 0x0060, 0x0060,
    0x0080, 0x0080, 0x00A0, 0x00A0, 0x00A0, 0x0080, 0x0080, 0x0060,
    0x0020, 0x0000, 0x0000, 0x0000, 0x0000, 0x0000, 0x0000, 0x0000,
    0x0000, 0x0001, 0x0001, 0x0000, 0x0000, 0x0021, 0x0001, 0x0001,
    0x0000, 0x0000, 0x0000, 0x0000, 0x0000, 0x0000, 0x0000, 0x0000,
    0x0000, 0x0000, 0x0000, 0x0000, 0x0000, 0x0000, 0x0000, 0x0000,
    0x0000, 0x0000, 0x3068, 0x3068, 0x3088, 0x3889, 0x38AA, 0x38AA,
    0x40AA, 0x40CB, 0x48EC, 0x50ED, 0x590F, 0x5910, 0x6111, 0x5910,
    0x48CD, 0x40AB, 0x40CC, 0x48CC, 0x48CC, 0x40CC, 0x48CC, 0x48CC,
    0x48CC, 0x40CB, 0x40AA, 0x38AA, 0x40AB, 0x40AB, 0x40AB, 0x40AB,
    0x40AB, 0x40AA, 0x40AA, 0x38AA, 0x38AA, 0x38AA, 0x38AA, 0x38AA,
    0x38AA, 0x38AA, 0x38A9, 0x38A9, 0x38A9, 0x3089, 0x3089, 0x3089,
    0x3088, 0x3088, 0x3088, 0x2888, 0x2887, 0x28A7, 0x2887, 0x2887,
    0x2886, 0x2086, 0x2086, 0x2086, 0x2085, 0x2065, 0x2065, 0x1864,
    0x1864, 0x1844, 0x1844, 0x1844, 0x1843, 0x1843, 0x1043, 0x1043,
    0x1043, 0x1043, 0x1043, 0x1043, 0x1042, 0x1042, 0x1042, 0x1042,
    0x1042, 0x1042, 0x1042, 0x0842, 0x0822, 0x0822, 0x0821, 0x0821,
    0x0822, 0x0821, 0x0020, 0x0802, 0x2808, 0x1805, 0x0000, 0x0000,
    0x0000, 0x0000, 0x0000, 0x0000, 0x0000, 0x0000, 0x0000, 0x0000,
    0x0000, 0x0000, 0x0000, 0x0000, 0x0000, 0x0000, 0x0000, 0x0000,
    0x0000, 0x0000, 0x0000, 0x0000, 0x0000, 0x3068, 0x3068, 0x3088,
    0x3889, 0x38AA, 0x38AA, 0x40AA, 0x40CC, 0x48ED, 0x50ED, 0x590F,
    0x5910, 0x6111, 0x5910, 0x48CD, 0x40AB, 0x40CC, 0x48CC, 0x48CC,
    0x48CC, 0x40CC, 0x48CC, 0x48CC, 0x48ED, 0x50ED, 0x50EE, 0x50EE,
    0x50EE, 0x50EE, 0x50EE, 0x50EE, 0x50EE, 0x50EE, 0x50EE, 0x50ED,
    0x50ED, 0x50ED, 0x50ED, 0x50ED, 0x50ED, 0x50ED, 0x50ED, 0x48ED,
    0x48EC, 0x48CC, 0x48CC, 0x48CC, 0x48CC, 0x40CB, 0x40AB, 0x40AB,
    0x40AB, 0x40AA, 0x38AA, 0x38AA, 0x38AA, 0x388A, 0x3889, 0x3089,
    0x3089, 0x3089, 0x30A8, 0x3088, 0x3088, 0x3088, 0x28A8, 0x28A8,
    0x2887, 0x2887, 0x2887, 0x2887, 0x2887, 0x2867, 0x2066, 0x2066,
    0x2066, 0x2046, 0x2046, 0x2046, 0x2046, 0x2046, 0x2066, 0x2066,
    0x2046, 0x2066, 0x2066, 0x2066, 0x2065, 0x1063, 0x2066, 0x406B,
    0x3028, 0x0801, 0x0000, 0x0000, 0x0000, 0x0000, 0x0000, 0x0000,
    0x0000, 0x0000, 0x0000, 0x0000, 0x0000, 0x0000, 0x0000, 0x0000,
    0x0000, 0x0000, 0x0000, 0x0000, 0x0000, 0x0000, 0x0000, 0x0000,
    0x3087, 0x3088, 0x3088, 0x3889, 0x38AA, 0x38AA, 0x40AB, 0x40CC,
    0x48ED, 0x50EE, 0x590F, 0x590F, 0x6110, 0x5910, 0x48CD, 0x40AB,
    0x40CB, 0x48CC, 0x48CC, 0x48CC, 0x40CC, 0x40CC, 0x48CC, 0x48CC,
    0x48CC, 0x40CC, 0x40CC, 0x48CC, 0x48CC, 0x40CC, 0x40CC, 0x40CB,
    0x40CB, 0x40CB, 0x40CB, 0x40CB, 0x40CB, 0x40CB, 0x40CB, 0x40CB,
    0x40AA, 0x38AA, 0x38AA, 0x38AA, 0x38AA, 0x38A9, 0x38A9, 0x38A9,
    0x30A9, 0x3089, 0x3088, 0x3088, 0x3088, 0x2888, 0x2887, 0x2887,
    0x2867, 0x2866, 0x2066, 0x2066, 0x2066, 0x2066, 0x2065, 0x2045,
    0x1845, 0x1845, 0x1845, 0x1844, 0x1844, 0x1844, 0x1844, 0x1844,
    0x1044, 0x1044, 0x1043, 0x1043, 0x1023, 0x1023, 0x1023, 0x1023,
    0x1023, 0x1023, 0x1023, 0x1023, 0x1023, 0x1023, 0x1023, 0x1022,
    0x0020, 0x1023, 0x3029, 0x2006, 0x0000, 0x0000, 0x0000, 0x0000,
    0x0000, 0x0000, 0x0000, 0x0000, 0x0000, 0x0000, 0x0000, 0x0000,
    0x0000, 0x0000, 0x0000, 0x0000, 0x0000, 0x0000, 0x0000, 0x0000,
    0x0000, 0x0000, 0x0000, 0x3087, 0x3087, 0x3088, 0x38A9, 0x38AA,
    0x38AB, 0x40AB, 0x40CC, 0x48ED, 0x50EE, 0x590F, 0x590F, 0x6130,
    0x5910, 0x48CD, 0x40AB, 0x40CB, 0x48CC, 0x48CC, 0x48CC, 0x40CC,
    0x40CC, 0x40CC, 0x40CC, 0x40CC, 0x40CC, 0x40CC, 0x40CB, 0x40CB,
    0x40CB, 0x40CB, 0x40CB, 0x40CB, 0x40CB, 0x40CB, 0x40CB, 0x40AB,
    0x40AB, 0x40AA, 0x38AA, 0x38AA, 0x38AA, 0x38AA, 0x38A9, 0x38A9,
    0x38A9, 0x30A9, 0x3089, 0x3088, 0x3088, 0x3088, 0x2888, 0x2887,
    0x2867, 0x2867, 0x2867, 0x2866, 0x2066, 0x2066, 0x2066, 0x2065,
    0x2045, 0x2045, 0x1845, 0x1844, 0x1844, 0x1844, 0x1844, 0x1844,
    0x1044, 0x1043, 0x1043, 0x1023, 0x1023, 0x1023, 0x1023, 0x1023,
    0x1023, 0x1022, 0x1022, 0x1022, 0x1022, 0x1022, 0x1022, 0x1022,
    0x0822, 0x1023, 0x0822, 0x0020, 0x1023, 0x3029, 0x2006, 0x0000,
    0x0000, 0x0000, 0x0000, 0x0000, 0x0000, 0x0000, 0x0000, 0x0000,
    0x0000, 0x0000, 0x0000, 0x0000, 0x0000, 0x0000, 0x0000, 0x0000,
    0x0000, 0x0000, 0x0000, 0x0000, 0x0000, 0x0000, 0x3087, 0x3088,
    0x3088, 0x3889, 0x38AA, 0x38AA, 0x40AB, 0x40CC, 0x48ED, 0x50EE,
    0x590F, 0x5910, 0x6130, 0x5910, 0x48CD, 0x40AB, 0x40CB, 0x48CC,
    0x48CC, 0x48CC, 0x40CC, 0x40CC, 0x40CC, 0x40CC, 0x40CC, 0x40CC,
    0x40CC, 0x40CB, 0x40CB, 0x40CB, 0x40CB, 0x40CB, 0x40CB, 0x40CB,
    0x40AB, 0x40AB, 0x40AB, 0x40AB, 0x40AA, 0x38AA, 0x38AA, 0x38AA,
    0x38AA, 0x38A9, 0x38A9, 0x3089, 0x3089, 0x3089, 0x3088, 0x3088,
    0x3088, 0x2887, 0x2867, 0x2867, 0x2867, 0x2866, 0x2866, 0x2066,
    0x2066, 0x2045, 0x2045, 0x2045, 0x1845, 0x1845, 0x1844, 0x1844,
    0x1844, 0x1844, 0x1844, 0x1043, 0x1043, 0x1023, 0x1023, 0x1023,
    0x1023, 0x1023, 0x1023, 0x1022, 0x1022, 0x1022, 0x1022, 0x0822,
    0x0822, 0x1022, 0x0822, 0x0822, 0x1023, 0x0822, 0x0020, 0x1023,
    0x3029, 0x2006, 0x0000, 0x0000, 0x0000, 0x0000, 0x0000, 0x0000,
    0x0000, 0x0000, 0x0000, 0x0000, 0x0000, 0x0000, 0x0000, 0x0000,
    0x0000, 0x0000, 0x0000, 0x0000, 0x0000, 0x0000, 0x0000, 0x0000,
    0x0000, 0x3088, 0x3088, 0x3088, 0x3889, 0x38AA, 0x38AA, 0x40AB,
    0x40CC, 0x48ED, 0x50EE, 0x590F, 0x5910, 0x6110, 0x5910, 0x48CD,
    0x40AB, 0x40CB, 0x48CC, 0x48CC, 0x48CC, 0x40CC, 0x40CC, 0x40CC,
    0x40CC, 0x40CC, 0x40CC, 0x40CC, 0x40CB, 0x40CB, 0x40CB, 0x40CB,
    0x40CB, 0x40CB, 0x40CB, 0x40AB, 0x40AB, 0x40AB, 0x40AA, 0x38AA,
    0x38AA, 0x38AA, 0x38AA, 0x38AA, 0x38A9, 0x38A9, 0x3089, 0x3089,
    0x3089, 0x3088, 0x3088, 0x3088, 0x2887, 0x2867, 0x2867, 0x2867,
    0x2866, 0x2066, 0x2066, 0x2066, 0x2045, 0x2045, 0x2045, 0x1845,
    0x1844, 0x1844, 0x1844, 0x1844, 0x1044, 0x1044, 0x1043, 0x1023,
    0x1023, 0x1023, 0x1023, 0x1023, 0x1023, 0x1022, 0x1022, 0x1022,
    0x1022, 0x1022, 0x0822, 0x0822, 0x0822, 0x0822, 0x0822, 0x1023,
    0x0822, 0x0020, 0x1023, 0x3029, 0x2006, 0x0000, 0x0000, 0x0000,
    0x0000, 0x0000, 0x0000, 0x0000, 0x0000, 0x0000, 0x0000, 0x0000,
    0x0000, 0x0000, 0x0000, 0x0000, 0x0000, 0x0000, 0x0000, 0x0000,
    0x0000, 0x0000, 0x0000, 0x0000, 0x3088, 0x3088, 0x3088, 0x3889,
    0x38AA, 0x38AA, 0x40AB, 0x40CC, 0x48ED, 0x50EE, 0x590F, 0x590F,
    0x6110, 0x6110, 0x48ED, 0x40AB, 0x40CB, 0x48CC, 0x48CC, 0x48CC,
    0x40CC, 0x40CC, 0x40CC, 0x40CC, 0x40CC, 0x40CC, 0x40CC, 0x40CB,
    0x40CB, 0x40CB, 0x40CB, 0x40CB, 0x40CB, 0x40CB, 0x40AB, 0x40AB,
    0x40AB, 0x40AA, 0x38AA, 0x38AA, 0x38AA, 0x38AA, 0x38AA, 0x38A9,
    0x38A9, 0x3889, 0x3089, 0x3088, 0x3088, 0x3088, 0x3088, 0x2887,
    0x2867, 0x2867, 0x2867, 0x2866, 0x2066, 0x2066, 0x2066, 0x2065,
    0x2045, 0x1845, 0x1845, 0x1844, 0x1844, 0x1844, 0x1844, 0x1044,
    0x1043, 0x1023, 0x1023, 0x1023, 0x1023, 0x1023, 0x1023, 0x1023,
    0x1022, 0x1022, 0x1022, 0x1022, 0x0822, 0x0822, 0x0822, 0x0822,
    0x0822, 0x0822, 0x1023, 0x0822, 0x0020, 0x1023, 0x3029, 0x2006,
    0x0000, 0x0000, 0x0000, 0x0000, 0x0000, 0x0000, 0x0000, 0x0000,
    0x0000, 0x0000, 0x0000, 0x0000, 0x0000, 0x0000, 0x0000, 0x0000,
    0x0000, 0x0000, 0x0000, 0x0000, 0x0000, 0x0000, 0x0000, 0x3087,
    0x3088, 0x3088, 0x3889, 0x38AA, 0x38AA, 0x40AB, 0x40CC, 0x48ED,
    0x50EE, 0x590F, 0x590F, 0x6110, 0x6110, 0x48CD, 0x40AB, 0x40CB,
    0x48CC, 0x48CC, 0x48CC, 0x40CC, 0x40CC, 0x40CC, 0x40CC, 0x40CC,
    0x40CC, 0x40CC, 0x40CB, 0x40CB, 0x40CB, 0x40CB, 0x40CB, 0x40CB,
    0x40CB, 0x40AB, 0x40AB, 0x40AB, 0x38AB, 0x38AA, 0x38AA, 0x38AA,
    0x38AA, 0x38AA, 0x38A9, 0x38A9, 0x3089, 0x3089, 0x3088, 0x3088,
    0x3088, 0x2888, 0x2887, 0x2867, 0x2867, 0x2867, 0x2866, 0x2066,
    0x2066, 0x2065, 0x2045, 0x1845, 0x1845, 0x1845, 0x1844, 0x1844,
    0x1844, 0x1844, 0x1043, 0x1023, 0x1023, 0x1023, 0x1023, 0x1023,
    0x1023, 0x1023, 0x1023, 0x1022, 0x1022, 0x1022, 0x0822, 0x0822,
    0x0822, 0x0822, 0x0822, 0x0822, 0x0822, 0x1022, 0x0822, 0x0020,
    0x1023, 0x3029, 0x2006, 0x0000, 0x0000, 0x0000, 0x0000, 0x0000,
    0x0000, 0x0000, 0x0000, 0x0000, 0x0000, 0x0000, 0x0000, 0x0000,
    0x0000, 0x0000, 0x0000, 0x0000, 0x0000, 0x0000, 0x0000, 0x0000,
    0x0000, 0x0000, 0x3087, 0x3088, 0x3088, 0x3889, 0x38AA, 0x38AB,
    0x40AB, 0x40CC, 0x48ED, 0x50EE, 0x590F, 0x590F, 0x6110, 0x6110,
    0x48CD, 0x40AB, 0x40CB, 0x48CC, 0x48CC, 0x48CC, 0x40CC, 0x40CC,
    0x40CC, 0x40CC, 0x40CC, 0x40CB, 0x40CB, 0x40CB, 0x40CB, 0x40CB,
    0x40CB, 0x40CB, 0x40CB, 0x40CB, 0x40AB, 0x40AB, 0x40AB, 0x38AA,
    0x38AA, 0x38AA, 0x38AA, 0x38AA, 0x38AA, 0x38A9, 0x38A9, 0x3089,
    0x3089, 0x3088, 0x3088, 0x3088, 0x2888, 0x2887, 0x2867, 0x2867,
    0x2867, 0x2066, 0x2066, 0x2046, 0x2045, 0x2045, 0x2045, 0x1845,
    0x1844, 0x1844, 0x1844, 0x1844, 0x1844, 0x1024, 0x1023, 0x1023,
    0x1023, 0x1023, 0x1023, 0x1023, 0x1023, 0x1022, 0x1022, 0x0822,
    0x0822, 0x0822, 0x0822, 0x0822, 0x0822, 0x0802, 0x0802, 0x0802,
    0x1002, 0x0802, 0x0000, 0x1003, 0x3029, 0x2006, 0x0001, 0x0000,
    0x0000, 0x0000, 0x0000, 0x0000, 0x0000, 0x0000, 0x0000, 0x0000,
    0x0000, 0x0000, 0x0000, 0x0000, 0x0000, 0x0000, 0x0000, 0x0000,
    0x0000, 0x0000, 0x0000, 0x0000, 0x0000, 0x3087, 0x3088, 0x3088,
    0x3889, 0x38AA, 0x38AB, 0x40AB, 0x40CC, 0x48ED, 0x50EE, 0x590F,
    0x590F, 0x6110, 0x6110, 0x48CD, 0x40AB, 0x40CB, 0x48CC, 0x48CC,
    0x48CC, 0x40CC, 0x40CC, 0x40CC, 0x40CC, 0x40CB, 0x40CB, 0x40CB,
    0x40CB, 0x40CB, 0x40CB, 0x40CB, 0x40CB, 0x40CB, 0x40CB, 0x40AB,
    0x40AB, 0x40AB, 0x40AA, 0x38AA, 0x38AA, 0x38AA, 0x38AA, 0x38AA,
    0x38A9, 0x38A9, 0x3089, 0x3089, 0x3088, 0x3088, 0x3088, 0x2888,
    0x2887, 0x2867, 0x2867, 0x2867, 0x2066, 0x2046, 0x2046, 0x2045,
    0x2045, 0x1845, 0x1845, 0x1844, 0x1844, 0x1844, 0x1844, 0x1824,
    0x1023, 0x1023, 0x1023, 0x1023, 0x1023, 0x1023, 0x1023, 0x1023,
    0x1022, 0x1022, 0x0822, 0x0822, 0x0822, 0x0822, 0x0822, 0x0822,
    0x0802, 0x0802, 0x0802, 0x1002, 0x0802, 0x0000, 0x1003, 0x3029,
    0x2007, 0x0001, 0x0000, 0x0000, 0x0000, 0x0000, 0x0000, 0x0000,
    0x0000, 0x0000, 0x0000, 0x0000, 0x0000, 0x0000, 0x0000, 0x0000,
    0x0000, 0x0000, 0x0000, 0x0000, 0x0000, 0x0000, 0x0000, 0x0000,
    0x3087, 0x3088, 0x3088, 0x3889, 0x38AA, 0x38AA, 0x40AB, 0x40CC,
    0x48ED, 0x50EE, 0x590F, 0x590F, 0x6110, 0x6110, 0x48CD, 0x40AB,
    0x40CB, 0x48CC, 0x48CC, 0x40CC, 0x40CC, 0x40CC, 0x40CC, 0x40CC,
    0x40CC, 0x40CB, 0x40CB, 0x40CB, 0x40CB, 0x40CB, 0x40CB, 0x40CB,
    0x40CB, 0x40CB, 0x40AB, 0x40AB, 0x40AB, 0x38AB, 0x38AA, 0x38AA,
    0x38AA, 0x38AA, 0x38AA, 0x38A9, 0x38A9, 0x3089, 0x3089, 0x3089,
    0x3088, 0x3088, 0x2888, 0x2887, 0x2867, 0x2867, 0x2867, 0x2066,
    0x2066, 0x2066, 0x2045, 0x2045, 0x1845, 0x1845, 0x1844, 0x1844,
    0x1844, 0x1824, 0x1024, 0x1024, 0x1023, 0x1023, 0x1023, 0x1023,
    0x1023, 0x1023, 0x1022, 0x1022, 0x1022, 0x1022, 0x0822, 0x0802,
    0x0802, 0x0802, 0x0802, 0x0802, 0x0802, 0x0802, 0x1002, 0x0802,
    0x0000, 0x1003, 0x3029, 0x2007, 0x0000, 0x0000, 0x0000, 0x0000,
    0x0000, 0x0000, 0x0000, 0x0000, 0x0000, 0x0000, 0x0000, 0x0000,
    0x0000, 0x0000, 0x0000, 0x0000, 0x0000, 0x0000, 0x0000, 0x0000,
    0x0000, 0x0000, 0x0000, 0x3087, 0x3088, 0x3088, 0x3889, 0x38AA,
    0x38AA, 0x40AB, 0x40CC, 0x48ED, 0x50EE, 0x590E, 0x590F, 0x6110,
    0x6110, 0x48ED, 0x40AB, 0x40CB, 0x48CC, 0x40CC, 0x40CC, 0x40CC,
    0x40CC, 0x40CC, 0x40CC, 0x40CC, 0x40CB, 0x40CB, 0x40CB, 0x40CB,
    0x40CB, 0x40CB, 0x40CB, 0x40CB, 0x40CB, 0x40AB, 0x40AB, 0x40AB,
    0x38AB, 0x38AA, 0x38AA, 0x38AA, 0x38AA, 0x38A9, 0x38A9, 0x38A9,
    0x3089, 0x3089, 0x3088, 0x3088, 0x3088, 0x3088, 0x2867, 0x2867,
    0x2867, 0x2867, 0x2066, 0x2066, 0x2066, 0x2045, 0x1845, 0x1845,
    0x1845, 0x1845, 0x1844, 0x1824, 0x1824, 0x1024, 0x1023, 0x1023,
    0x1023, 0x1023, 0x1023, 0x1023, 0x1023, 0x1022, 0x1022, 0x1022,
    0x0822, 0x0822, 0x0802, 0x0802, 0x0802, 0x0802, 0x0802, 0x0802,
    0x0802, 0x0802, 0x0802, 0x0000, 0x1003, 0x3029, 0x2007, 0x0000,
    0x0000, 0x0000, 0x0000, 0x0000, 0x0000, 0x0000, 0x0000, 0x0000,
    0x0000, 0x0000, 0x0000, 0x0000, 0x0000, 0x0000, 0x0000, 0x0000,
    0x0000, 0x0000, 0x0000, 0x0000, 0x0000, 0x0000, 0x3087, 0x3088,
    0x3088, 0x3889, 0x38AA, 0x38AA, 0x40AB, 0x40CC, 0x48ED, 0x50ED,
    0x590E, 0x590F, 0x6110, 0x6110, 0x48ED, 0x40AB, 0x40CB, 0x48CC,
    0x40CC, 0x40CC, 0x40CC, 0x40CC, 0x40CC, 0x40CC, 0x40CC, 0x40CB,
    0x40CB, 0x40CB, 0x40CB, 0x40CB, 0x40CB, 0x40CB, 0x40AB, 0x40AB,
    0x40AB, 0x40AB, 0x40AB, 0x38AB, 0x38AA, 0x38AA, 0x38AA, 0x38AA,
    0x38A9, 0x38A9, 0x38A9, 0x3089, 0x3089, 0x3088, 0x3088, 0x3088,
    0x3088, 0x2867, 0x2867, 0x2867, 0x2867, 0x2066, 0x2066, 0x2066,
    0x2045, 0x1845, 0x1845, 0x1845, 0x1844, 0x1844, 0x1844, 0x1824,
    0x1024, 0x1023, 0x1023, 0x1023, 0x1023, 0x1023, 0x1023, 0x1023,
    0x1022, 0x0822, 0x0822, 0x0802, 0x0802, 0x0802, 0x0802, 0x0802,
    0x0802, 0x0802, 0x0802, 0x0802, 0x0802, 0x0801, 0x0000, 0x1003,
    0x3029, 0x2006, 0x0000, 0x0000, 0x0000, 0x0000, 0x0000, 0x0000,
    0x0000, 0x0000, 0x0000, 0x0000, 0x0000, 0x0000, 0x0000, 0x0000,
    0x0000, 0x0000, 0x0000, 0x0000, 0x0000, 0x0000, 0x0000, 0x0000,
    0x0000, 0x3087, 0x3088, 0x3088, 0x38A9, 0x38AA, 0x38AA, 0x40AB,
    0x40CC, 0x48ED, 0x50ED, 0x590E, 0x5910, 0x6110, 0x6110, 0x48CD,
    0x40AB, 0x40CB, 0x48CC, 0x40CC, 0x40CC, 0x40CC, 0x40CC, 0x40CC,
    0x40CC, 0x40CC, 0x40CB, 0x40CB, 0x40CB, 0x40CB, 0x40CB, 0x40CB,
    0x40CB, 0x40AB, 0x40AB, 0x40AB, 0x40AB, 0x40AB, 0x40AA, 0x38AA,
    0x38AA, 0x38AA, 0x38AA, 0x38A9, 0x38A9, 0x30A9, 0x3089, 0x3089,
    0x3088, 0x3088, 0x3088, 0x2868, 0x2867, 0x2867, 0x2867, 0x2867,
    0x2066, 0x2066, 0x2066, 0x2045, 0x2045, 0x1845, 0x1845, 0x1844,
    0x1844, 0x1844, 0x1824, 0x1824, 0x1023, 0x1023, 0x1023, 0x1023,
    0x1023, 0x1023, 0x1023, 0x1022, 0x1022, 0x0822, 0x0802, 0x0802,
    0x0802, 0x0802, 0x0802, 0x0802, 0x0802, 0x0802, 0x0802, 0x0802,
    0x0801, 0x0000, 0x1003, 0x3029, 0x2007, 0x0000, 0x0000, 0x0000,
    0x0000, 0x0000, 0x0000, 0x0000, 0x0000, 0x0000, 0x0000, 0x0000,
    0x0000, 0x0000, 0x0000, 0x0000, 0x0000, 0x0000, 0x0000, 0x0000,
    0x0000, 0x0000, 0x0000, 0x0000, 0x3088, 0x3088, 0x3088, 0x38A9,
    0x38AA, 0x38AA, 0x40AB, 0x40CC, 0x48ED, 0x50EE, 0x590F, 0x5910,
    0x6110, 0x5910, 0x48CD, 0x40AB, 0x40CB, 0x48CC, 0x40CC, 0x40CC,
    0x40CC, 0x40CC, 0x40CC, 0x40CC, 0x40CC, 0x40CB, 0x40CB, 0x40CB,
    0x40CB, 0x40CB, 0x40CB, 0x40CB, 0x40AB, 0x40AB, 0x40AB, 0x40AB,
    0x40AB, 0x40AA, 0x40AA, 0x38AA, 0x38AA, 0x38AA, 0x38A9, 0x3889,
    0x3089, 0x3089, 0x3089, 0x3088, 0x3088, 0x3088, 0x2868, 0x2867,
    0x2867, 0x2867, 0x2867, 0x2066, 0x2066, 0x2066, 0x2045, 0x2045,
    0x1845, 0x1845, 0x1845, 0x1844, 0x1844, 0x1824, 0x1824, 0x1023,
    0x1023, 0x1023, 0x1023, 0x1023, 0x1023, 0x1023, 0x1022, 0x0822,
    0x0822, 0x0802, 0x0802, 0x0802, 0x0802, 0x0802, 0x0802, 0x0802,
    0x0802, 0x0802, 0x0802, 0x0801, 0x0000, 0x1003, 0x3029, 0x2807,
    0x0001, 0x0000, 0x0000, 0x0000, 0x0000, 0x0000, 0x0000, 0x0000,
    0x0000, 0x0000, 0x0000, 0x0000, 0x0000, 0x0000, 0x0000, 0x0000,
    0x0000, 0x0000, 0x0000, 0x0000, 0x0000, 0x0000, 0x0000, 0x3067,
    0x3088, 0x3088, 0x38A9, 0x38AA, 0x38AA, 0x40AB, 0x40CC, 0x48ED,
    0x50EE, 0x590F, 0x5910, 0x6110, 0x590F, 0x48CD, 0x40AB, 0x40CB,
    0x48CC, 0x40CC, 0x40CC, 0x40CC, 0x40CC, 0x40CC, 0x40CC, 0x40CC,
    0x40CB, 0x40CB, 0x40CB, 0x40CB, 0x40CB, 0x40CB, 0x40CB, 0x40AB,
    0x40AB, 0x40AB, 0x40AB, 0x40AB, 0x40AA, 0x38AA, 0x38AA, 0x38AA,
    0x38AA, 0x38A9, 0x3889, 0x3089, 0x3089, 0x3089, 0x3088, 0x3088,
    0x2868, 0x2868, 0x2867, 0x2867, 0x2867, 0x2867, 0x2066, 0x2066,
    0x2066, 0x2045, 0x2045, 0x1845, 0x1845, 0x1845, 0x1844, 0x1844,
    0x1824, 0x1024, 0x1023, 0x1023, 0x1023, 0x1023, 0x1023, 0x1023,
    0x1023, 0x1022, 0x1022, 0x0822, 0x0802, 0x0802, 0x0802, 0x0802,
    0x0802, 0x0802, 0x0802, 0x0802, 0x0802, 0x0802, 0x0801, 0x0000,
    0x1003, 0x3029, 0x2007, 0x0001, 0x0000, 0x0000, 0x0000, 0x0000,
    0x0000, 0x0000, 0x0000, 0x0000, 0x0000, 0x0000, 0x0000, 0x0000,
    0x0000, 0x0000, 0x0000, 0x0000, 0x0000, 0x0000, 0x0000, 0x0000,
    0x0000, 0x0000, 0x3087, 0x3087, 0x3088, 0x38A9, 0x38AA, 0x38AB,
    0x40AB, 0x40CC, 0x48ED, 0x50EE, 0x590F, 0x590F, 0x6110, 0x590F,
    0x48CD, 0x40AB, 0x40CB, 0x48CC, 0x40CC, 0x40CC, 0x40CC, 0x40CC,
    0x40CC, 0x40CC, 0x40CC, 0x40CB, 0x40CB, 0x40CB, 0x40CB, 0x40CB,
    0x40CB, 0x40CB, 0x40AB, 0x40AB, 0x40AB, 0x40AB, 0x40AB, 0x38AA,
    0x38AA, 0x38AA, 0x38AA, 0x38AA, 0x38A9, 0x3889, 0x3089, 0x3089,
    0x3089, 0x3088, 0x3088, 0x2888, 0x2868, 0x2867, 0x2867, 0x2867,
    0x2867, 0x2066, 0x2066, 0x2066, 0x2045, 0x2045, 0x1845, 0x1845,
    0x1844, 0x1844, 0x1844, 0x1824, 0x1024, 0x1023, 0x1023, 0x1023,
    0x1023, 0x1023, 0x1023, 0x1023, 0x1022, 0x1022, 0x0822, 0x0802,
    0x0802, 0x0802, 0x0802, 0x0802, 0x0802, 0x0802, 0x0802, 0x0802,
    0x0802, 0x0801, 0x0000, 0x1003, 0x3029, 0x2007, 0x0000, 0x0000,
    0x0000, 0x0000, 0x0000, 0x0000, 0x0000, 0x0000, 0x0000, 0x0000,
    0x0000, 0x0000, 0x0000, 0x0000, 0x0000, 0x0000, 0x0000, 0x0000,
    0x0000, 0x0000, 0x0000, 0x0000, 0x0000, 0x3087, 0x3088, 0x3088,
    0x38A9, 0x38AA, 0x38AA, 0x40AB, 0x40CC, 0x48ED, 0x50EE, 0x590F,
    0x5910, 0x6110, 0x590F, 0x48CD, 0x40AB, 0x40CB, 0x48CC, 0x40CC,
    0x40CC, 0x40CC, 0x40CC, 0x40CC, 0x40CC, 0x40CC, 0x40CB, 0x40CB,
    0x40CB, 0x40CB, 0x40CB, 0x40CB, 0x40CB, 0x40AB, 0x40AB, 0x40AB,
    0x40AB, 0x40AB, 0x38AA, 0x38AA, 0x38AA, 0x38AA, 0x38AA, 0x38A9,
    0x3889, 0x3089, 0x3089, 0x3089, 0x3088, 0x3088, 0x3088, 0x2868,
    0x2867, 0x2867, 0x2867, 0x2867, 0x2066, 0x2066, 0x2066, 0x2045,
    0x2045, 0x1845, 0x1845, 0x1844, 0x1844, 0x1844, 0x1824, 0x1824,
    0x1023, 0x1023, 0x1023, 0x1023, 0x1023, 0x1023, 0x1023, 0x1022,
    0x0822, 0x0822, 0x0802, 0x0802, 0x0802, 0x0802, 0x0802, 0x0802,
    0x0802, 0x0802, 0x0802, 0x0802, 0x0801, 0x0000, 0x1003, 0x3009,
    0x2006, 0x0000, 0x0000, 0x0000, 0x0000, 0x0000, 0x0000, 0x0000,
    0x0000, 0x0000, 0x0000, 0x0000, 0x0000, 0x0000, 0x0000, 0x0000,
    0x0000, 0x0000, 0x0000, 0x0000, 0x0000, 0x0000, 0x0000, 0x0000,
    0x3088, 0x3088, 0x3088, 0x38A9, 0x38AA, 0x38AA, 0x40AB, 0x40CC,
    0x48ED, 0x50EE, 0x58EF, 0x5910, 0x6110, 0x590F, 0x48CD, 0x40AB,
    0x40CB, 0x48CC, 0x40CC, 0x40CC, 0x40CC, 0x40CC, 0x40CC, 0x40CC,
    0x40CC, 0x40CB, 0x40CB, 0x40CB, 0x40CB, 0x40CB, 0x40CB, 0x40CB,
    0x40AB, 0x40AB, 0x40AB, 0x40AB, 0x40AB, 0x40AA, 0x38AA, 0x38AA,
    0x38AA, 0x38AA, 0x38A9, 0x3889, 0x3089, 0x3089, 0x3089, 0x3088,
    0x3088, 0x3088, 0x2868, 0x2867, 0x2867, 0x2867, 0x2867, 0x2066,
    0x2066, 0x2066, 0x2045, 0x2045, 0x1845, 0x1845, 0x1845, 0x1844,
    0x1844, 0x1824, 0x1024, 0x1023, 0x1023, 0x1023, 0x1023, 0x1023,
    0x1023, 0x1023, 0x0822, 0x0822, 0x0822, 0x0802, 0x0802, 0x0802,
    0x0802, 0x0802, 0x0802, 0x0802, 0x0802, 0x0802, 0x0802, 0x0802,
    0x0000, 0x1003, 0x3009, 0x2006, 0x0000, 0x0000, 0x0000, 0x0000,
    0x0000, 0x0000, 0x0000, 0x0000, 0x0000, 0x0000, 0x0000, 0x0000,
    0x0000, 0x0000, 0x0000, 0x0000, 0x0000, 0x0000, 0x0000, 0x0000,
    0x0000, 0x0000, 0x0000, 0x3088, 0x3088, 0x3089, 0x38A9, 0x38AA,
    0x38AA, 0x40AA, 0x40CC, 0x48ED, 0x50EE, 0x58EF, 0x58F0, 0x6111,
    0x5910, 0x48CD, 0x40AB, 0x40CB, 0x48CC, 0x40CC, 0x40CC, 0x40CC,
    0x40CC, 0x40CC, 0x40CC, 0x40CC, 0x40CB, 0x40CB, 0x40CB, 0x40CB,
    0x40CB, 0x40CB, 0x40CB, 0x40AB, 0x40AB, 0x40AB, 0x40AB, 0x40AB,
    0x40AA, 0x40AA, 0x38AA, 0x38AA, 0x38AA, 0x38A9, 0x3889, 0x3889,
    0x3089, 0x3089, 0x3088, 0x3088, 0x3088, 0x3068, 0x2867, 0x2867,
    0x2867, 0x2867, 0x2066, 0x2066, 0x2066, 0x2045, 0x1845, 0x1845,
    0x1845, 0x1844, 0x1844, 0x1844, 0x1024, 0x1024, 0x1024, 0x1023,
    0x1023, 0x1023, 0x1023, 0x1023, 0x1023, 0x1022, 0x0822, 0x0822,
    0x0802, 0x0802, 0x0802, 0x0802, 0x0802, 0x0802, 0x0802, 0x0802,
    0x0802, 0x0802, 0x0802, 0x0000, 0x1003, 0x3029, 0x2007, 0x0001,
    0x0000, 0x0000, 0x0000, 0x0000, 0x0000, 0x0000, 0x0000, 0x0000,
    0x0000, 0x0000, 0x0000, 0x0000, 0x0000, 0x0000, 0x0000, 0x0000,
    0x0000, 0x0000, 0x0000, 0x0000, 0x0000, 0x0000, 0x3088, 0x3088,
    0x3088, 0x38A9, 0x38AA, 0x38AA, 0x40AA, 0x40CC, 0x48ED, 0x50EE,
    0x58EF, 0x58F0, 0x6110, 0x5910, 0x48CD, 0x40AB, 0x40CB, 0x48CC,
    0x40CC, 0x40CC, 0x40CC, 0x40CC, 0x40CC, 0x40CC, 0x40CC, 0x40CB,
    0x40CB, 0x40CB, 0x40CB, 0x40CB, 0x40CB, 0x40CB, 0x40AB, 0x40AB,
    0x40AB, 0x40AB, 0x40AB, 0x40AA, 0x38AA, 0x38AA, 0x38AA, 0x38AA,
    0x38A9, 0x38A9, 0x38A9, 0x30A9, 0x3089, 0x3088, 0x3088, 0x3088,
    0x3068, 0x2867, 0x2867, 0x2867, 0x2867, 0x2866, 0x2066, 0x2066,
    0x2045, 0x1845, 0x1845, 0x1845, 0x1844, 0x1844, 0x1844, 0x1824,
    0x1824, 0x1023, 0x1023, 0x1023, 0x1023, 0x1023, 0x1023, 0x1023,
    0x1023, 0x1022, 0x1022, 0x0802, 0x0802, 0x0802, 0x0802, 0x0802,
    0x0802, 0x0802, 0x0802, 0x0802, 0x1002, 0x0802, 0x0000, 0x1023,
    0x3049, 0x2827, 0x0001, 0x0000, 0x0000, 0x0000, 0x0000, 0x0000,
    0x0000, 0x0000, 0x0000, 0x0000, 0x0000, 0x0000, 0x0000, 0x0000,
    0x0000, 0x0000, 0x0000, 0x0000, 0x0000, 0x0000, 0x0000, 0x0000,
    0x0000, 0x3088, 0x3088, 0x3088, 0x38A9, 0x38AA, 0x38AA, 0x40AB,
    0x40CC, 0x48ED, 0x50EE, 0x58EF, 0x58F0, 0x6110, 0x5910, 0x48CD,
    0x40AB, 0x40CB, 0x48CC, 0x40CC, 0x40CC, 0x40CC, 0x40CC, 0x40CC,
    0x40CC, 0x40CC, 0x40CB, 0x40CB, 0x40CB, 0x40CB, 0x40CB, 0x40CB,
    0x40CB, 0x40AB, 0x40AB, 0x40AB, 0x40AB, 0x40AB, 0x40AB, 0x38AA,
    0x38AA, 0x38AA, 0x38AA, 0x38AA, 0x38A9, 0x38A9, 0x3089, 0x3089,
    0x3089, 0x3088, 0x3088, 0x2868, 0x2867, 0x2867, 0x2867, 0x2867,
    0x2066, 0x2066, 0x2066, 0x2045, 0x2045, 0x1845, 0x1845, 0x1844,
    0x1844, 0x1844, 0x1824, 0x1024, 0x1024, 0x1023, 0x1023, 0x1023,
    0x1023, 0x1023, 0x1023, 0x1023, 0x1023, 0x1022, 0x0802, 0x0802,
    0x0802, 0x0802, 0x0802, 0x0802, 0x0802, 0x0802, 0x0802, 0x1002,
    0x0802, 0x0000, 0x1023, 0x384A, 0x2828, 0x0001, 0x0000, 0x0000,
    0x0000, 0x0000, 0x0000, 0x0000, 0x0000, 0x0000, 0x0000, 0x0000,
    0x0000, 0x0000, 0x0000, 0x0000, 0x0000, 0x0000, 0x0000, 0x0000,
    0x0000, 0x0000, 0x0000, 0x0000, 0x3068, 0x3068, 0x3088, 0x38A9,
    0x38AA, 0x38AA, 0x40AB, 0x40CC, 0x48ED, 0x50EE, 0x58EF, 0x58F0,
    0x6110, 0x5910, 0x48ED, 0x40AB, 0x40CB, 0x48CC, 0x40CC, 0x40CC,
    0x40CC, 0x40CC, 0x40CC, 0x40CC, 0x40CC, 0x40CB, 0x40CB, 0x40CB,
    0x40CB, 0x40CB, 0x40CB, 0x40CB, 0x40AB, 0x40AB, 0x40AB, 0x40AB,
    0x40AB, 0x38AA, 0x38AA, 0x38AA, 0x38AA, 0x38AA, 0x38AA, 0x38A9,
    0x38A9, 0x3089, 0x3089, 0x3088, 0x3088, 0x3088, 0x2868, 0x2867,
    0x2867, 0x2867, 0x2867, 0x2066, 0x2066, 0x2066, 0x2046, 0x2045,
    0x1845, 0x1845, 0x1845, 0x1844, 0x1844, 0x1824, 0x1024, 0x1024,
    0x1023, 0x1023, 0x1023, 0x1023, 0x1023, 0x1023, 0x1023, 0x1023,
    0x1022, 0x0822, 0x0822, 0x0802, 0x0802, 0x0802, 0x0802, 0x0802,
    0x0802, 0x0802, 0x1022, 0x0802, 0x0000, 0x1023, 0x386A, 0x2847,
    0x0001, 0x0000, 0x0000, 0x0000, 0x0000, 0x0000, 0x0000, 0x0000,
    0x0000, 0x0000, 0x0000, 0x0000, 0x0000, 0x0000, 0x0000, 0x0000,
    0x0000, 0x0000, 0x0000, 0x0000, 0x0000, 0x0000, 0x0000, 0x3068,
    0x3068, 0x3089, 0x38A9, 0x38AA, 0x38AA, 0x40AA, 0x40CC, 0x48ED,
    0x50EE, 0x58EF, 0x58F0, 0x6111, 0x5910, 0x48ED, 0x40AB, 0x40CB,
    0x48CC, 0x40CC, 0x40CC, 0x40CC, 0x40CC, 0x40CC, 0x40CC, 0x40CC,
    0x40CB, 0x40CB, 0x40CB, 0x40CB, 0x40CB, 0x40CB, 0x40CB, 0x40AB,
    0x40AB, 0x40AB, 0x40AB, 0x40AB, 0x38AB, 0x38AA, 0x38AA, 0x38AA,
    0x38AA, 0x38AA, 0x38A9, 0x38A9, 0x3089, 0x3089, 0x3088, 0x3088,
    0x3088, 0x2888, 0x2867, 0x2867, 0x2867, 0x2867, 0x2066, 0x2066,
    0x2066, 0x2046, 0x2045, 0x2045, 0x1845, 0x1845, 0x1844, 0x1844,
    0x1824, 0x1824, 0x1024, 0x1023, 0x1023, 0x1023, 0x1023, 0x1023,
    0x1023, 0x1023, 0x1023, 0x1022, 0x0822, 0x0822, 0x0822, 0x0802,
    0x0802, 0x0802, 0x0802, 0x0802, 0x0802, 0x1023, 0x0802, 0x0000,
    0x1023, 0x386A, 0x2827, 0x0000, 0x0000, 0x0000, 0x0000, 0x0000,
    0x0000, 0x0000, 0x0000, 0x0000, 0x0000, 0x0000, 0x0000, 0x0000,
    0x0000, 0x0000, 0x0000, 0x0000, 0x0000, 0x0000, 0x0000, 0x0000,
    0x0000, 0x0000, 0x3068, 0x3068, 0x3089, 0x38A9, 0x38AA, 0x38AA,
    0x40AA, 0x40CB, 0x48ED, 0x50EE, 0x58EF, 0x58F0, 0x6111, 0x5910,
    0x48ED, 0x40AB, 0x40CB, 0x48CC, 0x40CC, 0x40CC, 0x40CC, 0x40CC,
    0x40CC, 0x40CC, 0x40CC, 0x40CB, 0x40CB, 0x40CB, 0x40CB, 0x40CB,
    0x40CB, 0x40CB, 0x40CB, 0x40CB, 0x40AB, 0x40AB, 0x40AB, 0x38AA,
    0x38AA, 0x38AA, 0x38AA, 0x38AA, 0x38AA, 0x38A9, 0x38A9, 0x3089,
    0x3089, 0x3088, 0x3088, 0x3088, 0x2888, 0x2887, 0x2867, 0x2867,
    0x2867, 0x2066, 0x2066, 0x2066, 0x2046, 0x2045, 0x2045, 0x1845,
    0x1845, 0x1845, 0x1844, 0x1844, 0x1844, 0x1024, 0x1023, 0x1023,
    0x1023, 0x1023, 0x1023, 0x1023, 0x1023, 0x1023, 0x1022, 0x1022,
    0x0822, 0x0822, 0x0822, 0x0802, 0x0802, 0x0802, 0x0802, 0x0802,
    0x1023, 0x0802, 0x0000, 0x1023, 0x386A, 0x2827, 0x0000, 0x0000,
    0x0000, 0x0000, 0x0000, 0x0000, 0x0000, 0x0000, 0x0000, 0x0000,
    0x0000, 0x0000, 0x0000, 0x0000, 0x0000, 0x0000, 0x0000, 0x0000,
    0x0000, 0x0000, 0x0000, 0x0000, 0x0000, 0x3068, 0x3068, 0x3088,
    0x38A9, 0x38AA, 0x38AA, 0x40AB, 0x40CC, 0x48ED, 0x50EE, 0x58EF,
    0x58F0, 0x6110, 0x5910, 0x48ED, 0x40AB, 0x40CB, 0x48CC, 0x40CC,
    0x40CC, 0x40CC, 0x40CC, 0x40CC, 0x40CC, 0x40CC, 0x40CB, 0x40CB,
    0x40CB, 0x40CB, 0x40CB, 0x40CB, 0x40CB, 0x40CB, 0x40CB, 0x40AB,
    0x40AB, 0x40AB, 0x40AA, 0x38AA, 0x38AA, 0x38AA, 0x38AA, 0x38AA,
    0x38A9, 0x38A9, 0x3889, 0x3089, 0x3088, 0x3088, 0x3088, 0x3088,
    0x2887, 0x2887, 0x2867, 0x2867, 0x2866, 0x2066, 0x2066, 0x2046,
    0x2045, 0x2045, 0x1845, 0x1845, 0x1845, 0x1844, 0x1844, 0x1824,
    0x1824, 0x1024, 0x1023, 0x1023, 0x1023, 0x1023, 0x1023, 0x1023,
    0x1023, 0x1023, 0x1023, 0x1022, 0x0822, 0x0822, 0x0802, 0x0802,
    0x0802, 0x0802, 0x0802, 0x1023, 0x0802, 0x0000, 0x1023, 0x386A,
    0x2827, 0x0000, 0x0000, 0x0000, 0x0000, 0x0000, 0x0000, 0x0000,
    0x0000, 0x0000, 0x0000, 0x0000, 0x0000, 0x0000, 0x0000, 0x0000,
    0x0000, 0x0000, 0x0000, 0x0000, 0x0000, 0x0000, 0x0000, 0x0000,
    0x3087, 0x3087, 0x3088, 0x38A9, 0x38AA, 0x38AA, 0x40AB, 0x40CC,
    0x48ED, 0x50EE, 0x590E, 0x590F, 0x6110, 0x590F, 0x48ED, 0x40AB,
    0x40CB, 0x48CC, 0x40CC, 0x40CC, 0x40CC, 0x40CC, 0x40CC, 0x40CC,
    0x40CC, 0x40CB, 0x40CB, 0x40CB, 0x40CB, 0x40CB, 0x40CB, 0x40CB,
    0x40CB, 0x40CB, 0x40AB, 0x40AB, 0x40AB, 0x40AA, 0x40AA, 0x38AA,
    0x38AA, 0x38AA, 0x38AA, 0x38A9, 0x38A9, 0x3089, 0x3089, 0x3089,
    0x3088, 0x3088, 0x3088, 0x2888, 0x2887, 0x2867, 0x2867, 0x2867,
    0x2066, 0x2066, 0x2066, 0x2045, 0x2045, 0x1845, 0x1845, 0x1845,
    0x1844, 0x1844, 0x1844, 0x1824, 0x1024, 0x1023, 0x1023, 0x1023,
    0x1023, 0x1023, 0x1023, 0x1023, 0x1023, 0x1023, 0x1023, 0x0822,
    0x0822, 0x1022, 0x1022, 0x0822, 0x0822, 0x1022, 0x1023, 0x0802,
    0x0000, 0x1023, 0x386B, 0x2828, 0x0001, 0x0000, 0x0000, 0x0000,
    0x0000, 0x0000, 0x0000, 0x0000, 0x0000, 0x0000, 0x0000, 0x0000,
    0x0000, 0x0000, 0x0000, 0x0000, 0x0000, 0x0000, 0x0000, 0x0000,
    0x0000, 0x0000, 0x0000, 0x3087, 0x3087, 0x3088, 0x3889, 0x38AA,
    0x38AB, 0x40AB, 0x40CC, 0x48ED, 0x50ED, 0x590E, 0x590F, 0x6110,
    0x590F, 0x48ED, 0x40AB, 0x40CB, 0x48CC, 0x40CC, 0x40CC, 0x40CC,
    0x40CC, 0x40CC, 0x40CC, 0x40CC, 0x40CB, 0x40CB, 0x40CB, 0x40CB,
    0x40CB, 0x40CB, 0x40CB, 0x40CB, 0x40CB, 0x40AB, 0x40AB, 0x40AB,
    0x40AA, 0x38AA, 0x38AA, 0x38AA, 0x38AA, 0x38AA, 0x38AA, 0x38A9,
    0x3889, 0x3089, 0x3089, 0x3088, 0x3088, 0x3088, 0x2888, 0x2867,
    0x2867, 0x2867, 0x2867, 0x2066, 0x2066, 0x2066, 0x2065, 0x2045,
    0x2045, 0x1845, 0x1845, 0x1844, 0x1844, 0x1824, 0x1824, 0x1024,
    0x1023, 0x1023, 0x1023, 0x1023, 0x1023, 0x1023, 0x1023, 0x1023,
    0x1023, 0x1023, 0x1023, 0x1022, 0x1022, 0x1022, 0x0822, 0x0822,
    0x0822, 0x1023, 0x0802, 0x0000, 0x1023, 0x386B, 0x2828, 0x0001,
    0x0000, 0x0000, 0x0000, 0x0000, 0x0000, 0x0000, 0x0000, 0x0000,
    0x0000, 0x0000, 0x0000, 0x0000, 0x0000, 0x0000, 0x0000, 0x0000,
    0x0000, 0x0000, 0x0000, 0x0000, 0x0000, 0x0000, 0x3087, 0x3087,
    0x3088, 0x3889, 0x38AA, 0x38AB, 0x40AB, 0x40CC, 0x48ED, 0x50ED,
    0x590E, 0x5910, 0x6110, 0x5910, 0x48ED, 0x40AB, 0x40CC, 0x48CC,
    0x40CC, 0x40CC, 0x40CC, 0x40CC, 0x40CC, 0x40CC, 0x40CC, 0x40CB,
    0x40CB, 0x40CB, 0x40CB, 0x40CB, 0x40CB, 0x40CB, 0x40CB, 0x40CB,
    0x40AB, 0x40AB, 0x40AB, 0x40AB, 0x38AA, 0x38AA, 0x38AA, 0x38AA,
    0x38AA, 0x38AA, 0x38A9, 0x3889, 0x3089, 0x3089, 0x3089, 0x3088,
    0x3088, 0x2868, 0x2867, 0x2867, 0x2867, 0x2867, 0x2866, 0x2066,
    0x2066, 0x2046, 0x2045, 0x2045, 0x1845, 0x1845, 0x1845, 0x1844,
    0x1844, 0x1824, 0x1824, 0x1024, 0x1023, 0x1023, 0x1023, 0x1023,
    0x1023, 0x1023, 0x1023, 0x1023, 0x1023, 0x1023, 0x1023, 0x1022,
    0x1023, 0x1023, 0x1022, 0x1022, 0x1023, 0x0802, 0x0000, 0x1023,
    0x386B, 0x2827, 0x0000, 0x0000, 0x0000, 0x0000, 0x0000, 0x0000,
    0x0000, 0x0000, 0x0000, 0x0000, 0x0000, 0x0000, 0x0000, 0x0000,
    0x0000, 0x0000, 0x0000, 0x0000, 0x0000, 0x0000, 0x0000, 0x0000,
    0x0000, 0x3087, 0x3088, 0x3088, 0x38A9, 0x38AA, 0x38AA, 0x40AB,
    0x40CC, 0x48ED, 0x50EE, 0x590F, 0x5910, 0x6110, 0x590F, 0x48CC,
    0x40AB, 0x40CC, 0x48CC, 0x40CC, 0x40CC, 0x40CC, 0x40CC, 0x40CC,
    0x40CC, 0x40CC, 0x40CB, 0x40CB, 0x40CB, 0x40CB, 0x40CB, 0x40CB,
    0x40CB, 0x40CB, 0x40CB, 0x40AB, 0x40AB, 0x40AB, 0x40AB, 0x38AB,
    0x38AA, 0x38AA, 0x38AA, 0x38AA, 0x38AA, 0x38A9, 0x3889, 0x3089,
    0x3089, 0x3089, 0x3088, 0x3088, 0x3088, 0x2867, 0x2867, 0x2867,
    0x2867, 0x2867, 0x2066, 0x2066, 0x2046, 0x2046, 0x2045, 0x2045,
    0x1845, 0x1845, 0x1844, 0x1844, 0x1844, 0x1824, 0x1824, 0x1824,
    0x1024, 0x1023, 0x1023, 0x1023, 0x1023, 0x1023, 0x1023, 0x1023,
    0x1023, 0x1023, 0x1023, 0x1023, 0x1023, 0x1023, 0x1022, 0x1023,
    0x0822, 0x0000, 0x1023, 0x386B, 0x2827, 0x0000, 0x0000, 0x0000,
    0x0000, 0x0000, 0x0000, 0x0000, 0x0000, 0x0000, 0x0000, 0x0000,
    0x0000, 0x0000, 0x0000, 0x0000, 0x0000, 0x0000, 0x0000, 0x0000,
    0x0000, 0x0000, 0x0000, 0x0000, 0x3087, 0x3088, 0x3088, 0x38A9,
    0x38AA, 0x38AA, 0x40CB, 0x40CC, 0x48ED, 0x50EE, 0x590F, 0x590F,
    0x590F, 0x50EE, 0x40CC, 0x38AA, 0x40CB, 0x48CC, 0x40CC, 0x40CC,
    0x40CC, 0x40CC, 0x40CB, 0x40CC, 0x40CC, 0x40CC, 0x40CC, 0x40CB,
    0x40CB, 0x40CB, 0x40CB, 0x40CB, 0x40CB, 0x40CB, 0x40AB, 0x40AB,
    0x40AB, 0x40AB, 0x40AA, 0x38AA, 0x38AA, 0x38AA, 0x38AA, 0x38AA,
    0x38A9, 0x38A9, 0x30A9, 0x3089, 0x3089, 0x3088, 0x3088, 0x3088,
    0x2888, 0x2887, 0x2867, 0x2867, 0x2867, 0x2866, 0x2066, 0x2066,
    0x2066, 0x2045, 0x2045, 0x2045, 0x1845, 0x1845, 0x1845, 0x1844,
    0x1844, 0x1824, 0x1824, 0x1824, 0x1024, 0x1024, 0x1023, 0x1023,
    0x1023, 0x1023, 0x1023, 0x1023, 0x1023, 0x1023, 0x1023, 0x1023,
    0x1023, 0x1023, 0x1023, 0x1022, 0x0000, 0x1024, 0x386B, 0x2847,
    0x0000, 0x0000, 0x0000, 0x0000, 0x0000, 0x0000, 0x0000, 0x0000,
    0x0000, 0x0000, 0x0000, 0x0000, 0x0000, 0x0000, 0x0000, 0x0000,
    0x0000, 0x0000, 0x0000, 0x0000, 0x0000, 0x0000, 0x0000, 0x3087,
    0x3088, 0x3088, 0x3889, 0x38AA, 0x38AA, 0x40AB, 0x40CC, 0x48ED,
    0x50EE, 0x590F, 0x590F, 0x6110, 0x6110, 0x48CD, 0x38AA, 0x40CB,
    0x48CC, 0x40CC, 0x40CC, 0x40CC, 0x40CC, 0x40CC, 0x40CC, 0x40CC,
    0x40CC, 0x40CC, 0x40CB, 0x40CB, 0x40CB, 0x40CB, 0x40CB, 0x40CB,
    0x40CB, 0x40AB, 0x40AB, 0x40AB, 0x40AB, 0x40AB, 0x40AA, 0x38AA,
    0x38AA, 0x38AA, 0x38AA, 0x38A9, 0x38A9, 0x30A9, 0x30A9, 0x3089,
    0x3088, 0x3088, 0x3088, 0x2888, 0x2888, 0x2887, 0x2867, 0x2867,
    0x2867, 0x2066, 0x2066, 0x2066, 0x2066, 0x2045, 0x2045, 0x2045,
    0x1845, 0x1845, 0x1844, 0x1844, 0x1844, 0x1824, 0x1824, 0x1824,
    0x1024, 0x1024, 0x1023, 0x1023, 0x1023, 0x1023, 0x1023, 0x1023,
    0x1023, 0x1023, 0x1023, 0x1023, 0x1023, 0x1023, 0x1022, 0x0000,
    0x1024, 0x386B, 0x2827, 0x0000, 0x0000, 0x0000, 0x0000, 0x0000,
    0x0000, 0x0000, 0x0000, 0x0000, 0x0000, 0x0000, 0x0000, 0x0000,
    0x0000, 0x0000, 0x0000, 0x0000, 0x0000, 0x0000, 0x0000, 0x0000,
    0x0000, 0x0000, 0x2887, 0x3087, 0x3088, 0x3889, 0x38AA, 0x38AB,
    0x40AB, 0x40CD, 0x48ED, 0x50EE, 0x50EE, 0x590F, 0x7132, 0x7954,
    0x590F, 0x40AB, 0x40CB, 0x48CC, 0x48CC, 0x40CC, 0x40CC, 0x40CC,
    0x40CC, 0x40CC, 0x40CC, 0x40CC, 0x40CC, 0x40CB, 0x40CB, 0x40CB,
    0x40CB, 0x40CB, 0x40CB, 0x40CB, 0x40CB, 0x40CB, 0x40AB, 0x40AB,
    0x40AB, 0x40AA, 0x38AA, 0x38AA, 0x38AA, 0x38AA, 0x38AA, 0x38A9,
    0x38A9, 0x3089, 0x3089, 0x3089, 0x3088, 0x3088, 0x3088, 0x2888,
    0x2867, 0x2867, 0x2867, 0x2867, 0x2066, 0x2066, 0x2066, 0x2066,
    0x2066, 0x2045, 0x2045, 0x2045, 0x1845, 0x1845, 0x1845, 0x1844,
    0x1844, 0x1844, 0x1844, 0x1844, 0x1024, 0x1024, 0x1024, 0x1023,
    0x1023, 0x1023, 0x1023, 0x1023, 0x1023, 0x1023, 0x1023, 0x1023,
    0x1024, 0x1023, 0x0000, 0x1824, 0x406A, 0x2827, 0x0000, 0x0000,
    0x0000, 0x0000, 0x0000, 0x0000, 0x0000, 0x0000, 0x0000, 0x0000,
    0x0000, 0x0000, 0x0000, 0x0000, 0x0000, 0x0000, 0x0000, 0x0000,
    0x0000, 0x0000, 0x0000, 0x0000, 0x0000, 0x2887, 0x3087, 0x3088,
    0x3089, 0x38AA, 0x38AA, 0x38AB, 0x40CC, 0x48ED, 0x50ED, 0x50EE,
    0x590F, 0x7133, 0x7954, 0x590F, 0x40AB, 0x40CB, 0x48CC, 0x48CC,
    0x40CC, 0x40CC, 0x40CC, 0x40CC, 0x48CC, 0x40CC, 0x40CC, 0x40CC,
    0x40CB, 0x40CB, 0x40CB, 0x40CB, 0x40CB, 0x40CB, 0x40CB, 0x40CB,
    0x40CB, 0x40AB, 0x40AB, 0x40AB, 0x40AB, 0x38AA, 0x38AA, 0x38AA,
    0x38AA, 0x38AA, 0x38A9, 0x38A9, 0x3889, 0x3089, 0x3089, 0x3088,
    0x3088, 0x3088, 0x3088, 0x2867, 0x2867, 0x2867, 0x2867, 0x2867,
    0x2066, 0x2066, 0x2066, 0x2066, 0x2046, 0x2045, 0x2045, 0x1845,
    0x1845, 0x1845, 0x1844, 0x1844, 0x1844, 0x1844, 0x1844, 0x1824,
    0x1824, 0x1024, 0x1044, 0x1023, 0x1023, 0x1023, 0x1023, 0x1023,
    0x1023, 0x1023, 0x1023, 0x1024, 0x1023, 0x0000, 0x1824, 0x406B,
    0x2827, 0x0000, 0x0000, 0x0000, 0x0000, 0x0000, 0x0000, 0x0000,
    0x0000, 0x0000, 0x0000, 0x0000, 0x0000, 0x0000, 0x0000, 0x0000,
    0x0000, 0x0000, 0x0000, 0x0000, 0x0000, 0x0000, 0x0000, 0x0000,
    0x3088, 0x3088, 0x3088, 0x30A9, 0x38A9, 0x38AA, 0x38AA, 0x40CB,
    0x48EC, 0x50ED, 0x50EE, 0x510F, 0x6130, 0x6131, 0x50ED, 0x38AA,
    0x40CB, 0x48CC, 0x40CC, 0x40CC, 0x40CC, 0x40CC, 0x40CC, 0x40CC,
    0x40CC, 0x40CC, 0x40CC, 0x40CB, 0x40CB, 0x40CB, 0x40CB, 0x40AB,
    0x40CB, 0x40CB, 0x40CB, 0x40CB, 0x40AB, 0x40AB, 0x40AB, 0x40AB,
    0x40AA, 0x38AA, 0x38AA, 0x38AA, 0x38AA, 0x38AA, 0x38A9, 0x38A9,
    0x3089, 0x3089, 0x3089, 0x3088, 0x3088, 0x3088, 0x2888, 0x2888,
    0x2867, 0x2867, 0x2867, 0x2866, 0x2066, 0x2066, 0x2066, 0x2066,
    0x2066, 0x2045, 0x2045, 0x1845, 0x1845, 0x1845, 0x1845, 0x1845,
    0x1844, 0x1844, 0x1844, 0x1824, 0x1844, 0x1844, 0x1844, 0x1824,
    0x1024, 0x1024, 0x1024, 0x1024, 0x1023, 0x1023, 0x1824, 0x1023,
    0x0001, 0x1824, 0x406B, 0x2828, 0x0000, 0x0000, 0x0000, 0x0000,
    0x0000, 0x0000, 0x0000, 0x0000, 0x0000, 0x0000, 0x0000, 0x0000,
    0x0000, 0x0000, 0x0000, 0x0000, 0x0000, 0x0000, 0x0000, 0x0000,
    0x0000, 0x0000, 0x0000, 0x3088, 0x3088, 0x3088, 0x30A9, 0x38A9,
    0x38A9, 0x38AA, 0x40CB, 0x48EC, 0x50ED, 0x50EE, 0x590F, 0x590F,
    0x590F, 0x48CC, 0x38AA, 0x40CB, 0x48CC, 0x40CC, 0x40CC, 0x40CC,
    0x40CC, 0x40CC, 0x40CC, 0x40CC, 0x40CC, 0x40CC, 0x40CB, 0x40CB,
    0x40CB, 0x40CB, 0x40CB, 0x40CB, 0x40CB, 0x40CB, 0x40CB, 0x40AB,
    0x40AB, 0x40AB, 0x40AB, 0x40AA, 0x38AA, 0x38AA, 0x38AA, 0x38AA,
    0x38AA, 0x38A9, 0x38A9, 0x38A9, 0x3089, 0x3089, 0x3088, 0x3088,
    0x3088, 0x3088, 0x2888, 0x2887, 0x2867, 0x2867, 0x2867, 0x2866,
    0x2066, 0x2066, 0x2066, 0x2066, 0x2045, 0x2045, 0x2045, 0x2045,
    0x1845, 0x1845, 0x1845, 0x1845, 0x1844, 0x1844, 0x1844, 0x1844,
    0x1844, 0x1844, 0x1824, 0x1824, 0x1824, 0x1024, 0x1824, 0x1044,
    0x1024, 0x1824, 0x1023, 0x0001, 0x1845, 0x408C, 0x2848, 0x0000,
    0x0000, 0x0000, 0x0001, 0x0001, 0x0000, 0x0000, 0x0000, 0x0000,
    0x0000, 0x0000, 0x0000, 0x0000, 0x0000, 0x0000, 0x0000, 0x0000,
    0x0000, 0x0000, 0x0000, 0x0000, 0x0000, 0x0000, 0x3088, 0x3088,
    0x3088, 0x30A9, 0x38A9, 0x38A9, 0x38AA, 0x40CB, 0x48EC, 0x50ED,
    0x50EE, 0x590F, 0x5910, 0x58EF, 0x48CD, 0x40AB, 0x40CC, 0x48CC,
    0x40CC, 0x40CC, 0x40CC, 0x40CC, 0x40CC, 0x40CC, 0x40CC, 0x40CC,
    0x40CC, 0x40CC, 0x40CC, 0x40CB, 0x40CB, 0x40CB, 0x40CB, 0x40CB,
    0x40CB, 0x40CB, 0x40CB, 0x40CB, 0x40AB, 0x40AB, 0x40AA, 0x38AA,
    0x38AA, 0x38AA, 0x38AA, 0x38AA, 0x38AA, 0x38A9, 0x38A9, 0x3089,
    0x3089, 0x3089, 0x3088, 0x3088, 0x3088, 0x3088, 0x2888, 0x2887,
    0x2867, 0x2867, 0x2867, 0x2867, 0x2866, 0x2066, 0x2066, 0x2066,
    0x2066, 0x2065, 0x2045, 0x2045, 0x1845, 0x1845, 0x1845, 0x1845,
    0x1845, 0x1845, 0x1844, 0x1844, 0x1844, 0x1844, 0x1824, 0x1844,
    0x1844, 0x1844, 0x1844, 0x1844, 0x1824, 0x1023, 0x0801, 0x1845,
    0x408C, 0x2848, 0x0000, 0x0000, 0x0000, 0x0000, 0x0000, 0x0000,
    0x0000, 0x0000, 0x0000, 0x0000, 0x0000, 0x0000, 0x0000, 0x0000,
    0x0000, 0x0000, 0x0000, 0x0000, 0x0000, 0x0000, 0x0000, 0x0000,
    0x0000, 0x3088, 0x3088, 0x3088, 0x30A9, 0x38A9, 0x38AA, 0x38AA,
    0x40CB, 0x48ED, 0x50ED, 0x50EE, 0x590F, 0x6110, 0x5910, 0x48CD,
    0x40AB, 0x40CC, 0x48CC, 0x40CC, 0x40CC, 0x40CC, 0x40CC, 0x40CC,
    0x40CC, 0x40CC, 0x40CC, 0x40CC, 0x40CC, 0x40CC, 0x40CC, 0x40CB,
    0x40CB, 0x40CB, 0x40CB, 0x40CB, 0x40CB, 0x40CB, 0x40CB, 0x40CB,
    0x40AB, 0x40AB, 0x38AA, 0x38AA, 0x38AA, 0x38AA, 0x38AA, 0x38AA,
    0x38AA, 0x38A9, 0x3889, 0x3089, 0x3089, 0x3089, 0x3088, 0x3088,
    0x3088, 0x3088, 0x2888, 0x2867, 0x2867, 0x2867, 0x2867, 0x2867,
    0x2866, 0x2066, 0x2066, 0x2066, 0x2066, 0x2065, 0x2045, 0x2045,
    0x2045, 0x2045, 0x2045, 0x1845, 0x1845, 0x1845, 0x1845, 0x1844,
    0x1844, 0x1844, 0x1844, 0x1844, 0x1844, 0x1844, 0x1844, 0x1844,
    0x1824, 0x0821, 0x1845, 0x408B, 0x2847, 0x0000, 0x0000, 0x0000,
    0x0000, 0x0000, 0x0000, 0x0000, 0x0000, 0x0000, 0x0000, 0x0000,
    0x0000, 0x0000, 0x0000, 0x0000, 0x0000, 0x0000, 0x0000, 0x0000,
    0x0000, 0x0000, 0x0000, 0x0000, 0x3088, 0x3088, 0x3088, 0x30A9,
    0x38A9, 0x38AA, 0x40AA, 0x40CB, 0x48EC, 0x50ED, 0x510E, 0x590F,
    0x6110, 0x5910, 0x48CD, 0x40AB, 0x40CB, 0x48CC, 0x40CC, 0x40CC,
    0x40CC, 0x40CC, 0x40CC, 0x40CC, 0x40CC, 0x40CC, 0x40CC, 0x40CC,
    0x40CC, 0x40CC, 0x40CC, 0x40CB, 0x40CB, 0x40CB, 0x40CB, 0x40CB,
    0x40CB, 0x40CB, 0x40CB, 0x40CB, 0x40AB, 0x40AB, 0x40AA, 0x38AA,
    0x38AA, 0x38AA, 0x38AA, 0x38AA, 0x38AA, 0x3889, 0x3889, 0x3089,
    0x3089, 0x3089, 0x3088, 0x3088, 0x3088, 0x3088, 0x2888, 0x2887,
    0x2887, 0x2867, 0x2867, 0x2867, 0x2866, 0x2866, 0x2066, 0x2066,
    0x2066, 0x2046, 0x2066, 0x2046, 0x2045, 0x2045, 0x2045, 0x1845,
    0x1845, 0x1845, 0x1845, 0x1845, 0x1845, 0x1844, 0x1844, 0x1844,
    0x1844, 0x1844, 0x1845, 0x1844, 0x0822, 0x1845, 0x408B, 0x2847,
    0x0000, 0x0000, 0x0000, 0x0000, 0x0000, 0x0000, 0x0000, 0x0000,
    0x0000, 0x0000, 0x0000, 0x0000, 0x0000, 0x0000, 0x0000, 0x0000,
    0x0000, 0x0000, 0x0000, 0x0000, 0x0000, 0x0000, 0x0000, 0x3088,
    0x3088, 0x3088, 0x30A9, 0x38A9, 0x38AA, 0x40AA, 0x40CB, 0x48EC,
    0x50ED, 0x590E, 0x590F, 0x6110, 0x5910, 0x48ED, 0x40AB, 0x40CB,
    0x48CC, 0x40CC, 0x40CC, 0x40CC, 0x40CC, 0x40CC, 0x40CC, 0x40CC,
    0x40CC, 0x40CC, 0x40CC, 0x40CC, 0x40CC, 0x40CC, 0x40CC, 0x40CB,
    0x40CB, 0x40CB, 0x40CB, 0x40CB, 0x40CB, 0x40CB, 0x40CB, 0x40AB,
    0x40AB, 0x40AB, 0x40AA, 0x38AA, 0x38AA, 0x38AA, 0x38AA, 0x38AA,
    0x38AA, 0x3889, 0x3889, 0x3089, 0x3089, 0x3089, 0x3088, 0x3088,
    0x3088, 0x2888, 0x2888, 0x2887, 0x2887, 0x2867, 0x2867, 0x2867,
    0x2867, 0x2067, 0x2066, 0x2066, 0x2066, 0x2066, 0x2066, 0x2066,
    0x2045, 0x2045, 0x2045, 0x2045, 0x2045, 0x2045, 0x1845, 0x1845,
    0x1845, 0x1845, 0x1845, 0x1845, 0x1845, 0x1845, 0x1844, 0x0822,
    0x2045, 0x406B, 0x2027, 0x0000, 0x0000, 0x0000, 0x0000, 0x0000,
    0x0000, 0x0000, 0x0000, 0x0000, 0x0000, 0x0000, 0x0000, 0x0000,
    0x0000, 0x0000, 0x0000, 0x0000, 0x0000, 0x0000, 0x0000, 0x0000,
    0x0000, 0x0000, 0x3088, 0x3088, 0x3088, 0x30A9, 0x38A9, 0x38AA,
    0x40AA, 0x40CB, 0x48EC, 0x50ED, 0x590E, 0x590F, 0x6110, 0x5910,
    0x48CD, 0x40AB, 0x40CB, 0x48CC, 0x40CC, 0x40CC, 0x40CC, 0x40CC,
    0x40CC, 0x40CC, 0x40CC, 0x40CC, 0x40CC, 0x40CC, 0x40CC, 0x40CC,
    0x40CC, 0x40CC, 0x40CB, 0x40CB, 0x40CB, 0x40CB, 0x40CB, 0x40CB,
    0x40CB, 0x40CB, 0x40CB, 0x40AB, 0x40AB, 0x40AB, 0x40AA, 0x38AA,
    0x38AA, 0x38AA, 0x38AA, 0x38AA, 0x38A9, 0x38A9, 0x38A9, 0x30A9,
    0x3089, 0x3089, 0x3088, 0x3088, 0x3088, 0x3088, 0x2888, 0x2888,
    0x2867, 0x2867, 0x2867, 0x2867, 0x2867, 0x2867, 0x2866, 0x2066,
    0x2066, 0x2066, 0x2066, 0x2066, 0x2066, 0x2066, 0x2045, 0x2045,
    0x2045, 0x2045, 0x2045, 0x2045, 0x1845, 0x1845, 0x1845, 0x1845,
    0x2045, 0x1845, 0x1042, 0x2046, 0x408B, 0x2847, 0x0000, 0x0000,
    0x0020, 0x0000, 0x0000, 0x0000, 0x0000, 0x0000, 0x0000, 0x0000,
    0x0000, 0x0000, 0x0000, 0x0000, 0x0000, 0x0000, 0x0000, 0x0000,
    0x0000, 0x0000, 0x0000, 0x0000, 0x0000, 0x3088, 0x3088, 0x3088,
    0x30A9, 0x38A9, 0x38AA, 0x40AA, 0x40CB, 0x48EC, 0x50ED, 0x510E,
    0x590F, 0x6110, 0x5910, 0x48CD, 0x40AB, 0x40CB, 0x48CC, 0x40CC,
    0x40CC, 0x40CC, 0x40CC, 0x40CC, 0x40CC, 0x40CC, 0x40CC, 0x40CC,
    0x40CC, 0x40CC, 0x40CC, 0x40CC, 0x40CC, 0x40CC, 0x40CB, 0x40CB,
    0x40CB, 0x40CB, 0x40CB, 0x40CB, 0x40CB, 0x40CB, 0x40AB, 0x40AB,
    0x40AB, 0x40AB, 0x40AA, 0x38AA, 0x38AA, 0x38AA, 0x38AA, 0x38AA,
    0x38A9, 0x38A9, 0x38A9, 0x30A9, 0x3089, 0x3088, 0x3088, 0x3088,
    0x3088, 0x3088, 0x2888, 0x2888, 0x2867, 0x2887, 0x2887, 0x2867,
    0x2867, 0x2867, 0x2866, 0x2066, 0x2066, 0x2066, 0x2066, 0x2066,
    0x2066, 0x2066, 0x2066, 0x2046, 0x2045, 0x2045, 0x2065, 0x2045,
    0x2045, 0x2045, 0x2045, 0x2045, 0x1845, 0x1043, 0x2066, 0x408B,
    0x2847, 0x0000, 0x0000, 0x0020, 0x0000, 0x0000, 0x0000, 0x0000,
    0x0000, 0x0000, 0x0000, 0x0000, 0x0000, 0x0000, 0x0000, 0x0000,
    0x0000, 0x0000, 0x0000, 0x0000, 0x0000, 0x0000, 0x0000, 0x0000,
    0x3088, 0x3088, 0x3088, 0x30A9, 0x38A9, 0x38AA, 0x40AA, 0x40CB,
    0x48EC, 0x50ED, 0x590E, 0x590F, 0x6110, 0x5910, 0x48CD, 0x40AB,
    0x40CB, 0x48CC, 0x40CC, 0x40CC, 0x40CC, 0x40CC, 0x40CC, 0x40CC,
    0x40CC, 0x40CC, 0x40CC, 0x40CC, 0x40CC, 0x40CC, 0x40CC, 0x40CC,
    0x40CC, 0x40CC, 0x40CB, 0x40CB, 0x40CB, 0x40CB, 0x40CB, 0x40CB,
    0x40CB, 0x40CB, 0x40CB, 0x40AB, 0x40AB, 0x40AB, 0x40AA, 0x38AA,
    0x38AA, 0x38AA, 0x38AA, 0x38AA, 0x38AA, 0x38A9, 0x38A9, 0x30A9,
    0x3089, 0x3089, 0x3089, 0x3088, 0x3088, 0x3088, 0x3088, 0x3088,
    0x2887, 0x2867, 0x2867, 0x2867, 0x2867, 0x2867, 0x2867, 0x2867,
    0x2866, 0x2066, 0x2066, 0x2066, 0x2066, 0x2066, 0x2066, 0x2066,
    0x2066, 0x2066, 0x2066, 0x2065, 0x2065, 0x2065, 0x2046, 0x2045,
    0x1043, 0x2066, 0x408B, 0x2027, 0x0000, 0x0000, 0x0000, 0x0000,
    0x0000, 0x0000, 0x0000, 0x0000, 0x0000, 0x0000, 0x0000, 0x0000,
    0x0000, 0x0000, 0x0000, 0x0000, 0x0000, 0x0000, 0x0000, 0x0000,
    0x0000, 0x0000, 0x0000, 0x3088, 0x3088, 0x3088, 0x30A9, 0x38A9,
    0x38AA, 0x40AA, 0x40CB, 0x48EC, 0x50ED, 0x510E, 0x590F, 0x6110,
    0x5910, 0x48CD, 0x40AB, 0x40CB, 0x48CC, 0x40CC, 0x40CC, 0x40CC,
    0x40CC, 0x40CC, 0x40CC, 0x40CC, 0x40CC, 0x40CC, 0x40CC, 0x40CC,
    0x40CC, 0x40CC, 0x40CC, 0x40CC, 0x40CC, 0x40CC, 0x40CB, 0x40CB,
    0x40CB, 0x40CB, 0x40CB, 0x40CB, 0x40CB, 0x40CB, 0x40AB, 0x40AB,
    0x40AB, 0x40AB, 0x40AA, 0x38AA, 0x38AA, 0x38AA, 0x38AA, 0x38AA,
    0x38AA, 0x38A9, 0x38A9, 0x3889, 0x30A9, 0x30A9, 0x3088, 0x3088,
    0x3088, 0x3088, 0x3088, 0x3088, 0x2888, 0x2867, 0x2867, 0x2867,
    0x2867, 0x2867, 0x2867, 0x2867, 0x2867, 0x2867, 0x2066, 0x2066,
    0x2066, 0x2066, 0x2066, 0x2066, 0x2066, 0x2066, 0x2066, 0x2066,
    0x2066, 0x2066, 0x2045, 0x1043, 0x2066, 0x408B, 0x2027, 0x0000,
    0x0000, 0x0000, 0x0000, 0x0000, 0x0000, 0x0000, 0x0000, 0x0000,
    0x0000, 0x0000, 0x0000, 0x0000, 0x0000, 0x0000, 0x0000, 0x0000,
    0x0000, 0x0000, 0x0000, 0x0000, 0x0000, 0x0000, 0x3088, 0x3088,
    0x3088, 0x30A9, 0x38A9, 0x38AA, 0x40AA, 0x40CB, 0x48EC, 0x50ED,
    0x50EE, 0x590F, 0x6110, 0x5910, 0x48ED, 0x40AB, 0x40CB, 0x48CC,
    0x40CC, 0x40CC, 0x40CC, 0x40CC, 0x40CC, 0x40CC, 0x40CC, 0x40CC,
    0x40CC, 0x40CC, 0x40CC, 0x40CC, 0x40CC, 0x40CC, 0x40CC, 0x40CC,
    0x40CC, 0x40CC, 0x40CB, 0x40CB, 0x40CB, 0x40CB, 0x40CB, 0x40CB,
    0x40CB, 0x40CB, 0x40CB, 0x40AB, 0x40AB, 0x40AB, 0x38AA, 0x38AA,
    0x38AA, 0x38AA, 0x38AA, 0x38AA, 0x38AA, 0x38A9, 0x38A9, 0x38A9,
    0x30A9, 0x3089, 0x3089, 0x3089, 0x3088, 0x3088, 0x3088, 0x3088,
    0x2888, 0x2888, 0x2888, 0x2887, 0x2887, 0x2887, 0x2867, 0x2867,
    0x2867, 0x2867, 0x2867, 0x2066, 0x2066, 0x2066, 0x2066, 0x2066,
    0x2066, 0x2066, 0x2066, 0x2066, 0x2066, 0x2066, 0x1844, 0x2867,
    0x408B, 0x2047, 0x0000, 0x0000, 0x0000, 0x0000, 0x0000, 0x0000,
    0x0000, 0x0000, 0x0000, 0x0000, 0x0000, 0x0000, 0x0000, 0x0000,
    0x0000, 0x0000, 0x0000, 0x0000, 0x0000, 0x0000, 0x0000, 0x0000,
    0x0000, 0x3088, 0x3088, 0x3088, 0x30A9, 0x38A9, 0x38AA, 0x40AA,
    0x40CB, 0x48EC, 0x50ED, 0x510E, 0x590F, 0x6110, 0x5910, 0x48CD,
    0x40AB, 0x40CB, 0x48CC, 0x40CC, 0x40CC, 0x40CC, 0x40CC, 0x40CC,
    0x40CC, 0x40CC, 0x40CC, 0x40CC, 0x40CC, 0x40CC, 0x40CC, 0x40CC,
    0x40CC, 0x40CC, 0x40CC, 0x40CC, 0x40CC, 0x40CC, 0x40CB, 0x40CB,
    0x40CB, 0x40CB, 0x40CB, 0x40CB, 0x40CB, 0x40CB, 0x40AB, 0x40AB,
    0x40AB, 0x40AB, 0x38AA, 0x38AA, 0x38AA, 0x38AA, 0x38AA, 0x38AA,
    0x38AA, 0x38A9, 0x38A9, 0x30A9, 0x30A9, 0x3089, 0x3089, 0x3089,
    0x3088, 0x3088, 0x3088, 0x3088, 0x3088, 0x3088, 0x2888, 0x2888,
    0x2887, 0x2867, 0x2867, 0x2867, 0x2867, 0x2867, 0x2867, 0x2867,
    0x2867, 0x2867, 0x2866, 0x2866, 0x2066, 0x2066, 0x2066, 0x2866,
    0x2066, 0x1844, 0x2867, 0x408B, 0x2046, 0x0000, 0x0000, 0x0000,
    0x0000, 0x0000, 0x0000, 0x0000, 0x0000, 0x0000, 0x0000, 0x0000,
    0x0000, 0x0000, 0x0000, 0x0000, 0x0000, 0x0000, 0x0000, 0x0000,
    0x0000, 0x0000, 0x0000, 0x0000, 0x3088, 0x3088, 0x3088, 0x30A9,
    0x38A9, 0x38AA, 0x40AA, 0x40CB, 0x48EC, 0x50ED, 0x590F, 0x5910,
    0x6110, 0x5910, 0x48CD, 0x40AB, 0x40CB, 0x48CC, 0x40CC, 0x40CC,
    0x40CC, 0x40CC, 0x40CC, 0x40CC, 0x40CC, 0x40CC, 0x40CC, 0x40CC,
    0x40CC, 0x40CC, 0x40CC, 0x40CC, 0x40CC, 0x40CC, 0x40CC, 0x40CC,
    0x40CC, 0x40CC, 0x40CB, 0x40CB, 0x40CB, 0x40CB, 0x40CB, 0x40CB,
    0x40CB, 0x40CB, 0x40CB, 0x40AB, 0x40AB, 0x40AA, 0x38AA, 0x38AA,
    0x38AA, 0x38AA, 0x38AA, 0x38AA, 0x38AA, 0x38AA, 0x38A9, 0x38A9,
    0x30A9, 0x3089, 0x3089, 0x3089, 0x3089, 0x3088, 0x3088, 0x3088,
    0x3088, 0x3088, 0x2888, 0x2888, 0x2887, 0x2867, 0x2887, 0x2887,
    0x2867, 0x2867, 0x2867, 0x2867, 0x2867, 0x2867, 0x2867, 0x2867,
    0x2067, 0x2066, 0x2867, 0x2066, 0x1865, 0x2867, 0x406B, 0x2026,
    0x0000, 0x0000, 0x0000, 0x0000, 0x0000, 0x0000, 0x0000, 0x0000,
    0x0000, 0x0000, 0x0000, 0x0000, 0x0000, 0x0000, 0x0000, 0x0000,
    0x0000, 0x0000, 0x0000, 0x0000, 0x0000, 0x0000, 0x0000, 0x3088,
    0x3088, 0x3088, 0x3089, 0x38A9, 0x38AA, 0x40AA, 0x40CB, 0x48EC,
    0x50ED, 0x590E, 0x5910, 0x6110, 0x5910, 0x48CD, 0x40AB, 0x40CB,
    0x48CC, 0x40CC, 0x40CC, 0x40CC, 0x40CC, 0x40CC, 0x40CC, 0x40CC,
    0x40CC, 0x40CC, 0x40CC, 0x40CC, 0x40CC, 0x40CC, 0x40CC, 0x40CC,
    0x40CC, 0x40CC, 0x40CC, 0x40CC, 0x40CC, 0x40CC, 0x40CB, 0x40CB,
    0x40CB, 0x40CB, 0x40CB, 0x40CB, 0x40CB, 0x40CB, 0x40AB, 0x40AB,
    0x40AB, 0x40AB, 0x38AB, 0x38AA, 0x38AA, 0x38AA, 0x38AA, 0x38AA,
    0x38AA, 0x38A9, 0x38A9, 0x38A9, 0x3889, 0x3089, 0x3089, 0x3089,
    0x3089, 0x3088, 0x3088, 0x3088, 0x3088, 0x3088, 0x3088, 0x3088,
    0x2888, 0x2888, 0x2887, 0x2887, 0x2867, 0x2867, 0x2867, 0x2867,
    0x2887, 0x2867, 0x2867, 0x2867, 0x2867, 0x2867, 0x2866, 0x1865,
    0x2867, 0x408B, 0x2026, 0x0000, 0x0000, 0x0000, 0x0000, 0x0000,
    0x0000, 0x0000, 0x0000, 0x0000, 0x0000, 0x0000, 0x0000, 0x0000,
    0x0000, 0x0000, 0x0000, 0x0000, 0x0000, 0x0000, 0x0000, 0x0000,
    0x0000, 0x0000, 0x2888, 0x2888, 0x3088, 0x3089, 0x38A9, 0x38AA,
    0x40AA, 0x40CB, 0x48EC, 0x50ED, 0x590E, 0x590F, 0x6110, 0x5910,
    0x48CD, 0x40CB, 0x40CB, 0x48CC, 0x40CC, 0x40CC, 0x40CC, 0x40CC,
    0x40CC, 0x40CC, 0x40CC, 0x40CC, 0x40CC, 0x40CC, 0x40CC, 0x40CC,
    0x40CC, 0x40CC, 0x40CC, 0x40CC, 0x40CC, 0x40CC, 0x40CC, 0x40CC,
    0x40CC, 0x40CC, 0x40CB, 0x40CB, 0x40CB, 0x40CB, 0x40CB, 0x40CB,
    0x40CB, 0x40CB, 0x40CB, 0x40CB, 0x40AB, 0x40AB, 0x40AA, 0x38AA,
    0x38AA, 0x38AA, 0x38AA, 0x38AA, 0x38AA, 0x38AA, 0x38A9, 0x38A9,
    0x38A9, 0x38A9, 0x30A9, 0x3089, 0x3089, 0x3089, 0x3088, 0x3088,
    0x3088, 0x3088, 0x3088, 0x3088, 0x2888, 0x2888, 0x2888, 0x2888,
    0x2867, 0x2887, 0x2887, 0x2887, 0x2887, 0x2867, 0x2867, 0x2867,
    0x2867, 0x2867, 0x2065, 0x3088, 0x408C, 0x2046, 0x0000, 0x0000,
    0x0000, 0x0000, 0x0000, 0x0000, 0x0000, 0x0000, 0x0000, 0x0000,
    0x0000, 0x0000, 0x0000, 0x0000, 0x0000, 0x0000, 0x0000, 0x0000,
    0x0000, 0x0000, 0x0000, 0x0000, 0x0000, 0x3088, 0x3088, 0x3088,
    0x3089, 0x38A9, 0x38AA, 0x40AA, 0x40CB, 0x48EC, 0x50ED, 0x510E,
    0x590F, 0x5910, 0x58EF, 0x48CD, 0x40CB, 0x40CB, 0x48CC, 0x40CC,
    0x40CC, 0x40CC, 0x40CC, 0x40CC, 0x40CC, 0x40CC, 0x40CC, 0x40CC,
    0x40CC, 0x40CC, 0x40CC, 0x40CC, 0x40CC, 0x40CC, 0x40CC, 0x40CC,
    0x40CC, 0x40CC, 0x40CC, 0x40CC, 0x40CC, 0x40CB, 0x40CB, 0x40CB,
    0x40CB, 0x40CB, 0x40CB, 0x40CB, 0x40CB, 0x40CB, 0x40CB, 0x40AB,
    0x40AB, 0x40AB, 0x40AA, 0x38AA, 0x38AA, 0x38AA, 0x38AA, 0x38AA,
    0x38AA, 0x38AA, 0x38A9, 0x38A9, 0x38A9, 0x38A9, 0x3089, 0x30A9,
    0x30A9, 0x3089, 0x3088, 0x3088, 0x3088, 0x3088, 0x3088, 0x3088,
    0x2888, 0x2888, 0x2888, 0x2888, 0x2888, 0x2887, 0x2887, 0x2887,
    0x2867, 0x2867, 0x2867, 0x2867, 0x2867, 0x2065, 0x2888, 0x408B,
    0x2846, 0x0000, 0x0000, 0x0000, 0x0000, 0x0000, 0x0000, 0x0000,
    0x0000, 0x0000, 0x0000, 0x0000, 0x0000, 0x0000, 0x0000, 0x0000,
    0x0000, 0x0000, 0x0000, 0x0000, 0x0000, 0x0000, 0x0000, 0x0000,
    0x3088, 0x3088, 0x3088, 0x3889, 0x38A9, 0x38AA, 0x40AA, 0x40CB,
    0x48CD, 0x50EE, 0x50EF, 0x58EF, 0x58EF, 0x590F, 0x48CC, 0x38AA,
    0x40CC, 0x48CC, 0x40CC, 0x40CC, 0x40CC, 0x40CC, 0x40CC, 0x40CC,
    0x40CC, 0x40CC, 0x40CC, 0x40CC, 0x40CC, 0x40CC, 0x40CC, 0x40CC,
    0x40CC, 0x40CC, 0x40CC, 0x40CC, 0x40CC, 0x40CC, 0x40CC, 0x40CC,
    0x40CB, 0x40CB, 0x40CB, 0x40CB, 0x40CB, 0x40CB, 0x40CB, 0x40CB,
    0x40CB, 0x40CB, 0x40CB, 0x40CB, 0x40AB, 0x40AB, 0x40AA, 0x38AA,
    0x38AA, 0x38AA, 0x38AA, 0x38AA, 0x38AA, 0x38AA, 0x38AA, 0x38A9,
    0x38A9, 0x38A9, 0x30A9, 0x30A9, 0x3089, 0x3089, 0x3089, 0x3089,
    0x3088, 0x3088, 0x3088, 0x3088, 0x3088, 0x3088, 0x3088, 0x2888,
    0x2888, 0x2888, 0x2888, 0x2888, 0x2888, 0x2888, 0x3088, 0x2887,
    0x2065, 0x2867, 0x388B, 0x2827, 0x0000, 0x0000, 0x0000, 0x0000,
    0x0000, 0x0000, 0x0000, 0x0000, 0x0000, 0x0000, 0x0000, 0x0000,
    0x0000, 0x0000, 0x0000, 0x0000, 0x0000, 0x0000, 0x0000, 0x0000,
    0x0000, 0x0000, 0x0000, 0x3088, 0x3088, 0x3088, 0x3089, 0x38A9,
    0x38AA, 0x38AA, 0x40CB, 0x48CC, 0x48EE, 0x50EE, 0x50EF, 0x6110,
    0x5910, 0x48CC, 0x38A9, 0x40CB, 0x48CC, 0x48CC, 0x40CC, 0x40CB,
    0x40CC, 0x40CC, 0x40CC, 0x40CC, 0x40CC, 0x40CC, 0x40CC, 0x40CC,
    0x40CC, 0x40CC, 0x40CC, 0x40CC, 0x40CC, 0x40CC, 0x40CC, 0x40CC,
    0x40CC, 0x40CC, 0x40CC, 0x40CB, 0x40CB, 0x40CB, 0x40CB, 0x40CB,
    0x40CB, 0x40CB, 0x40CB, 0x40CB, 0x40CB, 0x40CB, 0x40CB, 0x40AB,
    0x40AB, 0x40AB, 0x40AA, 0x38AA, 0x38AA, 0x38AA, 0x38AA, 0x38AA,
    0x38AA, 0x38AA, 0x38AA, 0x38A9, 0x38A9, 0x38A9, 0x30A9, 0x3089,
    0x3089, 0x30A9, 0x3089, 0x3089, 0x3089, 0x3088, 0x3088, 0x3088,
    0x3088, 0x3088, 0x3088, 0x3088, 0x3088, 0x2888, 0x2888, 0x3088,
    0x2888, 0x2888, 0x2867, 0x2065, 0x3088, 0x48CE, 0x3049, 0x0000,
    0x0000, 0x0000, 0x0000, 0x0000, 0x0000, 0x0000, 0x0000, 0x0000,
    0x0000, 0x0000, 0x0000, 0x0000, 0x0000, 0x0000, 0x0000, 0x0000,
    0x0000, 0x0000, 0x0000, 0x0000, 0x0000, 0x0000, 0x3088, 0x3068,
    0x3068, 0x3089, 0x38A9, 0x38AA, 0x38CA, 0x40CB, 0x48CC, 0x48ED,
    0x50EE, 0x50EF, 0x6932, 0x6932, 0x48ED, 0x3889, 0x38AA, 0x40CC,
    0x48CC, 0x40CC, 0x40CB, 0x40CB, 0x40CB, 0x40CB, 0x40CB, 0x40CC,
    0x40CC, 0x40CC, 0x40CC, 0x40CC, 0x40CC, 0x40CC, 0x40CC, 0x40CC,
    0x40CC, 0x40CC, 0x40CC, 0x40CC, 0x40CC, 0x40CC, 0x40CB, 0x40CB,
    0x40CB, 0x40CB, 0x40CB, 0x40CB, 0x40CB, 0x40CB, 0x40CB, 0x40CB,
    0x40CB, 0x40CB, 0x40AB, 0x40AB, 0x40AB, 0x40AA, 0x38AA, 0x38AA,
    0x38AA, 0x38AA, 0x38AA, 0x38AA, 0x38AA, 0x38AA, 0x38AA, 0x38AA,
    0x38A9, 0x38A9, 0x38A9, 0x30A9, 0x30A9, 0x30A9, 0x3089, 0x3089,
    0x3088, 0x3088, 0x3088, 0x3088, 0x3088, 0x3088, 0x3088, 0x3088,
    0x3088, 0x3088, 0x3088, 0x2887, 0x3088, 0x2888, 0x2065, 0x38AA,
    0x6133, 0x40AC, 0x0000, 0x0000, 0x0000, 0x0000, 0x0000, 0x0000,
    0x0000, 0x0000, 0x0000, 0x0000, 0x0000, 0x0000, 0x0000, 0x0000,
    0x0000, 0x0000, 0x0000, 0x0000, 0x0000, 0x0000, 0x0000, 0x0000,
    0x0000, 0x2888, 0x2888, 0x3088, 0x3089, 0x30A9, 0x38A9, 0x38AA,
    0x40CB, 0x40CC, 0x48ED, 0x50ED, 0x50EF, 0x6132, 0x6933, 0x6110,
    0x48CC, 0x40AA, 0x40AB, 0x40CC, 0x40CC, 0x40CB, 0x40CB, 0x40CB,
    0x40CB, 0x40CB, 0x40CC, 0x40CC, 0x40CC, 0x40CC, 0x40CC, 0x40CC,
    0x40CC, 0x40CC, 0x40CC, 0x40CC, 0x40CC, 0x40CC, 0x40CC, 0x40CC,
    0x40CC, 0x40CB, 0x40CB, 0x40CB, 0x40CB, 0x40CB, 0x40CB, 0x40CB,
    0x40CB, 0x40CB, 0x40CB, 0x40CB, 0x40CB, 0x40AB, 0x40AB, 0x40AB,
    0x40AB, 0x38AA, 0x38AA, 0x38AA, 0x38AA, 0x38AA, 0x38AA, 0x38AA,
    0x38AA, 0x38AA, 0x38AA, 0x38A9, 0x38A9, 0x38A9, 0x38A9, 0x38A9,
    0x30A9, 0x30A9, 0x3089, 0x3089, 0x3089, 0x3089, 0x3089, 0x3088,
    0x3088, 0x3088, 0x3088, 0x3089, 0x3089, 0x2867, 0x2066, 0x38A9,
    0x38A9, 0x1844, 0x38AA, 0x7175, 0x48CD, 0x0000, 0x0000, 0x0000,
    0x0000, 0x0000, 0x0000, 0x0000, 0x0000, 0x0000, 0x0000, 0x0000,
    0x0000, 0x0000, 0x0000, 0x0000, 0x0000, 0x0000, 0x0000, 0x0000,
    0x0000, 0x0000, 0x0000, 0x0000, 0x2887, 0x2888, 0x3088, 0x30A8,
    0x30A9, 0x38A9, 0x38AA, 0x40CB, 0x40CC, 0x48EC, 0x48ED, 0x50EE,
    0x590F, 0x6131, 0x7153, 0x6932, 0x48CC, 0x38A9, 0x40CB, 0x48CC,
    0x40CB, 0x40CB, 0x40CB, 0x40CB, 0x40CB, 0x40CB, 0x40CB, 0x40CB,
    0x40CB, 0x40CB, 0x40CB, 0x40CB, 0x40CB, 0x40CB, 0x40CB, 0x40CB,
    0x40CB, 0x40CB, 0x40CB, 0x40CB, 0x40CB, 0x40CB, 0x40CB, 0x40CB,
    0x40CB, 0x40CB, 0x40CB, 0x40CB, 0x40CB, 0x40CB, 0x40CB, 0x40CB,
    0x40CB, 0x40CB, 0x40AB, 0x40AB, 0x40AB, 0x40AB, 0x38AB, 0x38AA,
    0x38AA, 0x38AA, 0x38AA, 0x38AA, 0x38AA, 0x38AA, 0x38AA, 0x38A9,
    0x38A9, 0x38A9, 0x38A9, 0x30A9, 0x30A9, 0x30A9, 0x3089, 0x3089,
    0x38A9, 0x38A9, 0x38A9, 0x38A9, 0x3089, 0x38AA, 0x38AA, 0x3089,
    0x2066, 0x2867, 0x40CB, 0x40CB, 0x1843, 0x2887, 0x6132, 0x40AC,
    0x0000, 0x0000, 0x0000, 0x0000, 0x0000, 0x0000, 0x0000, 0x0000,
    0x0000, 0x0000, 0x0000, 0x0000, 0x0000, 0x0000, 0x0000, 0x0000,
    0x0000, 0x0000, 0x0000, 0x0000, 0x0000, 0x0000, 0x0000, 0x2868,
    0x2888, 0x3088, 0x30A8, 0x3089, 0x3889, 0x38AA, 0x40AB, 0x40CC,
    0x48EC, 0x48ED, 0x50EE, 0x50EE, 0x5910, 0x7975, 0x7975, 0x48CC,
    0x2887, 0x40CB, 0x48ED, 0x40CB, 0x40CB, 0x40CB, 0x40CB, 0x40CB,
    0x40CB, 0x40CB, 0x40CB, 0x40CB, 0x40CB, 0x40CB, 0x40CB, 0x40CB,
    0x40CB, 0x40CB, 0x40CB, 0x40CB, 0x40CB, 0x40CB, 0x40CB, 0x40CB,
    0x40CB, 0x40CB, 0x40CB, 0x40CB, 0x40CB, 0x40CB, 0x40CB, 0x40CB,
    0x40CB, 0x40CB, 0x40CB, 0x40CB, 0x40CB, 0x40AB, 0x40AB, 0x40AB,
    0x40AB, 0x38AB, 0x38AA, 0x38AA, 0x38AA, 0x38AA, 0x38AA, 0x38AA,
    0x38AA, 0x38AA, 0x38AA, 0x38A9, 0x38A9, 0x38A9, 0x38A9, 0x38A9,
    0x38A9, 0x38A9, 0x30A9, 0x3089, 0x3088, 0x2888, 0x2888, 0x3088,
    0x38AA, 0x3088, 0x2866, 0x2867, 0x40CB, 0x590F, 0x590E, 0x3088,
    0x38AA, 0x5931, 0x388A, 0x0000, 0x0000, 0x0000, 0x0000, 0x0000,
    0x0000, 0x0000, 0x0000, 0x0000, 0x0000, 0x0000, 0x0000, 0x0000,
    0x0000, 0x0000, 0x0000, 0x0000, 0x0000, 0x0000, 0x0000, 0x0000,
    0x0000, 0x0000, 0x2868, 0x2868, 0x3088, 0x3088, 0x3089, 0x3089,
    0x38AA, 0x40CB, 0x40CB, 0x48CC, 0x48ED, 0x50EE, 0x50EE, 0x58EF,
    0x7154, 0x7153, 0x40CB, 0x2867, 0x38AA, 0x48CC, 0x40CC, 0x40CB,
    0x40CB, 0x40CB, 0x40CB, 0x40CB, 0x40CB, 0x40CB, 0x40CB, 0x40CB,
    0x40CB, 0x40CB, 0x40CB, 0x40CB, 0x40CB, 0x40CB, 0x40CB, 0x40CB,
    0x40CB, 0x40CB, 0x40CB, 0x40CB, 0x40CB, 0x40CB, 0x40CB, 0x40CB,
    0x40CB, 0x40CB, 0x40CB, 0x40CB, 0x40CB, 0x40CB, 0x40CB, 0x40CB,
    0x40AB, 0x40AB, 0x40AB, 0x40AB, 0x38AA, 0x38AA, 0x38AA, 0x38AA,
    0x38AA, 0x38AA, 0x38AA, 0x38AA, 0x38AA, 0x38AA, 0x38AA, 0x38AA,
    0x38AA, 0x38AA, 0x38AA, 0x38AA, 0x38AA, 0x3089, 0x2888, 0x2066,
    0x2045, 0x2066, 0x2888, 0x2887, 0x2045, 0x2045, 0x40CA, 0x6951,
    0x7974, 0x7173, 0x5930, 0x5930, 0x6131, 0x3089, 0x0000, 0x0000,
    0x0000, 0x0000, 0x0000, 0x0000, 0x0000, 0x0000, 0x0000, 0x0000,
    0x0000, 0x0000, 0x0000, 0x0000, 0x0000, 0x0000, 0x0000, 0x0000,
    0x0000, 0x0000, 0x0000, 0x0000, 0x0000, 0x2867, 0x2867, 0x3088,
    0x3088, 0x3088, 0x3089, 0x38A9, 0x38CA, 0x40CB, 0x48CC, 0x48CD,
    0x50EE, 0x50EE, 0x590F, 0x6932, 0x6932, 0x48CC, 0x3088, 0x38AA,
    0x40AB, 0x40CB, 0x40CC, 0x40CB, 0x40CB, 0x40CB, 0x40AB, 0x40CB,
    0x40CB, 0x40CB, 0x40CB, 0x40CB, 0x40CB, 0x40CB, 0x40CB, 0x40CB,
    0x40CB, 0x40CB, 0x40CB, 0x40CB, 0x40CB, 0x40CB, 0x40CB, 0x40CB,
    0x40CB, 0x40CB, 0x40CB, 0x40CB, 0x40CB, 0x40CB, 0x40CB, 0x40CB,
    0x40CB, 0x40CB, 0x40CB, 0x40AB, 0x40AB, 0x40AB, 0x38AB, 0x40AB,
    0x40AA, 0x40AA, 0x38AA, 0x38AA, 0x38AA, 0x38AA, 0x38AA, 0x38AA,
    0x38AA, 0x38AA, 0x38A9, 0x3089, 0x3089, 0x3889, 0x3088, 0x3088,
    0x3089, 0x38AA, 0x3889, 0x38A9, 0x40CC, 0x38AA, 0x2065, 0x1845,
    0x38A9, 0x6110, 0x7974, 0x7974, 0x7173, 0x7173, 0x6973, 0x5930,
    0x2867, 0x0000, 0x0000, 0x0000, 0x0000, 0x0000, 0x0000, 0x0000,
    0x0000, 0x0000, 0x0000, 0x0000, 0x0000, 0x0000, 0x0000, 0x0000,
    0x0000, 0x0000, 0x0000, 0x0000, 0x0000, 0x0000, 0x0000, 0x0000,
    0x2867, 0x2867, 0x2887, 0x2888, 0x3088, 0x3088, 0x3889, 0x38AA,
    0x40CB, 0x40CC, 0x48CC, 0x48CD, 0x50EE, 0x590F, 0x6131, 0x6932,
    0x58EF, 0x40AB, 0x38AA, 0x38AA, 0x38AA, 0x40CC, 0x40CC, 0x40CB,
    0x40CB, 0x40CB, 0x40CB, 0x40CB, 0x40CB, 0x40CB, 0x40CB, 0x40CB,
    0x40CB, 0x40CB, 0x40CB, 0x40CB, 0x40CB, 0x40CB, 0x40CB, 0x40CB,
    0x40CB, 0x40CB, 0x40CB, 0x40CB, 0x40CB, 0x40CB, 0x40CB, 0x40CB,
    0x40CB, 0x40CB, 0x40CB, 0x40CB, 0x40CB, 0x40CB, 0x40AB, 0x40AB,
    0x40CB, 0x40CB, 0x40CB, 0x40CB, 0x40CB, 0x40CB, 0x40CB, 0x40CB,
    0x40CB, 0x40CB, 0x40AB, 0x38AA, 0x38A9, 0x3088, 0x2867, 0x2867,
    0x2066, 0x2065, 0x2066, 0x38AA, 0x50EE, 0x610F, 0x7152, 0x8175,
    0x590F, 0x2886, 0x30A8, 0x6131, 0x7974, 0x7153, 0x6131, 0x6131,
    0x6952, 0x6171, 0x512E, 0x2066, 0x0000, 0x0000, 0x0000, 0x0000,
    0x0000, 0x0000, 0x0000, 0x0000, 0x0000, 0x0000, 0x0000, 0x0000,
    0x0000, 0x0000, 0x0000, 0x0000, 0x0000, 0x0000, 0x0000, 0x0000,
    0x0000, 0x0000, 0x0000, 0x2866, 0x2866, 0x2887, 0x2887, 0x3088,
    0x3088, 0x3089, 0x38AA, 0x40CB, 0x40CB, 0x48CC, 0x48CD, 0x50EE,
    0x590F, 0x6110, 0x6111, 0x6110, 0x58EF, 0x50EE, 0x40CB, 0x3088,
    0x38AA, 0x40CC, 0x40CC, 0x40CB, 0x40CB, 0x40CB, 0x40CB, 0x40CB,
    0x40CB, 0x40CB, 0x40CB, 0x40CB, 0x40CB, 0x40CB, 0x40CB, 0x40CB,
    0x40CB, 0x40CB, 0x40CB, 0x40CB, 0x40CB, 0x40CB, 0x40CB, 0x40CB,
    0x40CB, 0x40CB, 0x40CB, 0x40CB, 0x40CB, 0x40CB, 0x40CB, 0x40CB,
    0x40CB, 0x40AB, 0x40CB, 0x40AB, 0x38AA, 0x38AA, 0x38AA, 0x38AA,
    0x38AA, 0x38AA, 0x38AA, 0x38AA, 0x38AA, 0x30A9, 0x3088, 0x38AA,
    0x38AB, 0x38AA, 0x38AA, 0x38AA, 0x3088, 0x30A9, 0x48ED, 0x6131,
    0x7152, 0x8195, 0x91B8, 0x6932, 0x38A9, 0x48CD, 0x7975, 0x7975,
    0x6131, 0x58EF, 0x5910, 0x5930, 0x592F, 0x490C, 0x2866, 0x0000,
    0x0000, 0x0000, 0x0000, 0x0000, 0x0000, 0x0000, 0x0000, 0x0000,
    0x0000, 0x0000, 0x0000, 0x0000, 0x0000, 0x0000, 0x0000, 0x0000,
    0x0000, 0x0000, 0x0000, 0x0000, 0x0000, 0x0000, 0x2866, 0x2866,
    0x2867, 0x2887, 0x2888, 0x3088, 0x3088, 0x38A9, 0x38AA, 0x40CB,
    0x40CC, 0x48CD, 0x50CD, 0x50EE, 0x58EF, 0x58F0, 0x6110, 0x6932,
    0x7153, 0x50EE, 0x3088, 0x2888, 0x40AB, 0x48CC, 0x40CC, 0x40CC,
    0x40CB, 0x40CB, 0x40CB, 0x40CB, 0x40CB, 0x40CB, 0x40CB, 0x40CB,
    0x40CB, 0x40CB, 0x40CB, 0x40CB, 0x40CB, 0x40CB, 0x40CB, 0x40CB,
    0x40CB, 0x40CB, 0x40CB, 0x40CC, 0x40CC, 0x48CC, 0x48CC, 0x40CC,
    0x40CC, 0x40CC, 0x40CC, 0x40CC, 0x40CB, 0x40CB, 0x38AA, 0x38A9,
    0x3088, 0x2887, 0x2867, 0x2888, 0x2887, 0x2887, 0x2888, 0x2887,
    0x2066, 0x2867, 0x40CB, 0x5910, 0x6932, 0x6932, 0x6952, 0x6131,
    0x6110, 0x6132, 0x6933, 0x6931, 0x6951, 0x7954, 0x6932, 0x50CE,
    0x58F0, 0x7154, 0x6931, 0x590F, 0x590F, 0x6131, 0x5930, 0x592F,
    0x510D, 0x2866, 0x0000, 0x0000, 0x0000, 0x0020, 0x0000, 0x0000,
    0x0000, 0x0000, 0x0000, 0x0000, 0x0000, 0x0000, 0x0000, 0x0000,
    0x0000, 0x0000, 0x0000, 0x0000, 0x0000, 0x0000, 0x0000, 0x0000,
    0x0000, 0x2866, 0x2866, 0x2867, 0x2867, 0x2887, 0x2888, 0x3088,
    0x3089, 0x38AA, 0x40AB, 0x40CC, 0x40CC, 0x48CD, 0x50EE, 0x50EE,
    0x58EF, 0x6110, 0x7132, 0x7975, 0x6932, 0x48CC, 0x3889, 0x38A9,
    0x38AA, 0x38AA, 0x38AA, 0x38AA, 0x40CB, 0x40CB, 0x40CB, 0x40CB,
    0x40CB, 0x40CB, 0x40CB, 0x40CB, 0x40CB, 0x40CB, 0x40CB, 0x40CB,
    0x40CB, 0x40CB, 0x40CB, 0x40CB, 0x40CB, 0x40CB, 0x40AA, 0x38AA,
    0x40AA, 0x40CB, 0x40AB, 0x38CA, 0x38AA, 0x40AA, 0x38AA, 0x40AA,
    0x38AA, 0x38A9, 0x40AB, 0x48CC, 0x40CB, 0x38AA, 0x38AA, 0x38AA,
    0x38AA, 0x40AA, 0x38AA, 0x38A9, 0x38AA, 0x510E, 0x6953, 0x7975,
    0x7975, 0x7975, 0x7974, 0x7153, 0x7133, 0x6932, 0x610F, 0x590E,
    0x6110, 0x6932, 0x6112, 0x6111, 0x6111, 0x590F, 0x590E, 0x590F,
    0x6130, 0x5930, 0x592F, 0x490D, 0x2866, 0x0000, 0x0000, 0x0000,
    0x0020, 0x0000, 0x0000, 0x0000, 0x0000, 0x0000, 0x0000, 0x0000,
    0x0000, 0x0000, 0x0000, 0x0000, 0x0000, 0x0000, 0x0000, 0x0000,
    0x0000, 0x0000, 0x0000, 0x0000, 0x2066, 0x2066, 0x2866, 0x2867,
    0x2887, 0x2888, 0x30A8, 0x30A8, 0x38A9, 0x38AA, 0x40AB, 0x40CC,
    0x48CC, 0x50ED, 0x50EE, 0x590F, 0x590F, 0x6130, 0x6932, 0x7153,
    0x6952, 0x50EE, 0x38A9, 0x2888, 0x3088, 0x3088, 0x38A9, 0x38AA,
    0x40CB, 0x48CC, 0x40CC, 0x40CC, 0x40CC, 0x40CC, 0x40CC, 0x40CC,
    0x40CC, 0x40CC, 0x40CB, 0x40CC, 0x40CB, 0x40CC, 0x40CC, 0x40CB,
    0x38AA, 0x38A9, 0x3088, 0x3088, 0x3088, 0x3088, 0x3088, 0x3088,
    0x3088, 0x3088, 0x3089, 0x3088, 0x38A9, 0x590F, 0x7153, 0x7153,
    0x6931, 0x6931, 0x6932, 0x6952, 0x6952, 0x6932, 0x6130, 0x6130,
    0x6131, 0x6952, 0x6932, 0x6131, 0x6131, 0x6131, 0x6131, 0x6131,
    0x6131, 0x610F, 0x590E, 0x590F, 0x6131, 0x6132, 0x5931, 0x592F,
    0x590E, 0x590F, 0x590F, 0x5930, 0x592F, 0x592E, 0x490C, 0x2866,
    0x0000, 0x0000, 0x0000, 0x0020, 0x0020, 0x0000, 0x0000, 0x0000,
    0x0000, 0x0000, 0x0000, 0x0000, 0x0000, 0x0000, 0x0000, 0x0000,
    0x0000, 0x0000, 0x0000, 0x0000, 0x0000, 0x0000, 0x0000, 0x2066,
    0x2066, 0x2866, 0x2866, 0x2867, 0x2887, 0x30A8, 0x30A8, 0x38A9,
    0x38AA, 0x38AB, 0x40CB, 0x40CC, 0x48ED, 0x50EE, 0x50EE, 0x590F,
    0x510E, 0x590F, 0x7152, 0x7975, 0x6931, 0x48CC, 0x38AA, 0x40AB,
    0x48CD, 0x48CC, 0x3089, 0x3089, 0x38AA, 0x40AB, 0x38AA, 0x38AA,
    0x38AA, 0x38AA, 0x40AA, 0x40AA, 0x38CA, 0x38AA, 0x38CB, 0x38CB,
    0x40CB, 0x40CA, 0x30A9, 0x38AA, 0x48CC, 0x48CC, 0x40AB, 0x40AB,
    0x40CB, 0x40CB, 0x40AB, 0x40AB, 0x40CB, 0x40CB, 0x40CB, 0x48CC,
    0x6131, 0x7976, 0x7995, 0x7174, 0x7174, 0x7174, 0x7174, 0x7174,
    0x7154, 0x7154, 0x7153, 0x6932, 0x6131, 0x5910, 0x590F, 0x590F,
    0x590F, 0x590F, 0x590F, 0x590F, 0x590F, 0x590F, 0x590F, 0x5910,
    0x5110, 0x5110, 0x590F, 0x590E, 0x590E, 0x590E, 0x590F, 0x510F,
    0x512E, 0x490C, 0x2886, 0x0000, 0x0000, 0x0000, 0x0020, 0x0000,
    0x0000, 0x0000, 0x0000, 0x0000, 0x0000, 0x0000, 0x0000, 0x0000,
    0x0000, 0x0000, 0x0000, 0x0000, 0x0000, 0x0000, 0x0000, 0x0000,
    0x0000, 0x0000, 0x2046, 0x2046, 0x2046, 0x2046, 0x2867, 0x2867,
    0x2888, 0x3088, 0x3089, 0x38A9, 0x38AA, 0x38AB, 0x40CC, 0x48CC,
    0x48CD, 0x50EE, 0x50EF, 0x50EF, 0x50EE, 0x6110, 0x6953, 0x6952,
    0x6110, 0x6110, 0x6952, 0x7974, 0x6131, 0x3089, 0x2066, 0x2888,
    0x3088, 0x3088, 0x3088, 0x3088, 0x3088, 0x3088, 0x3088, 0x3088,
    0x3088, 0x3089, 0x30A9, 0x38A9, 0x3088, 0x2867, 0x38AA, 0x6932,
    0x7955, 0x6932, 0x6131, 0x6952, 0x6932, 0x6932, 0x6932, 0x6131,
    0x6951, 0x6131, 0x6111, 0x6132, 0x6952, 0x6132, 0x6131, 0x6131,
    0x6111, 0x6111, 0x6111, 0x6111, 0x6111, 0x6131, 0x6110, 0x5910,
    0x5910, 0x5910, 0x5910, 0x5910, 0x590F, 0x590F, 0x590F, 0x590E,
    0x510E, 0x590F, 0x5910, 0x50F0, 0x50F0, 0x510E, 0x50EE, 0x50EE,
    0x50EE, 0x510F, 0x50EE, 0x50ED, 0x48EB, 0x2065, 0x0000, 0x0000,
    0x0000, 0x0000, 0x0000, 0x0000, 0x0000, 0x0000, 0x0000, 0x0000,
    0x0000, 0x0000, 0x0000, 0x0000, 0x0000, 0x0000, 0x0000, 0x0000,
    0x0000, 0x0000, 0x0000, 0x0000, 0x0000, 0x2046, 0x2046, 0x2046,
    0x2046, 0x2066, 0x2867, 0x2867, 0x3088, 0x3088, 0x30A9, 0x38AA,
    0x38AA, 0x40AB, 0x40CC, 0x48CD, 0x48CD, 0x50EE, 0x50EF, 0x50EE,
    0x50EF, 0x5910, 0x6131, 0x6932, 0x7153, 0x7975, 0x8197, 0x7153,
    0x40CB, 0x3088, 0x40CA, 0x40CB, 0x40AA, 0x40CA, 0x40CB, 0x40CB,
    0x40CB, 0x40CB, 0x40AB, 0x40AB, 0x40AB, 0x40CB, 0x40CC, 0x40CB,
    0x3089, 0x48CD, 0x7954, 0x8197, 0x7154, 0x7153, 0x7174, 0x7154,
    0x7154, 0x7154, 0x7153, 0x7153, 0x7153, 0x6932, 0x6111, 0x5910,
    0x590F, 0x590F, 0x590F, 0x58EF, 0x58EF, 0x50EF, 0x50EF, 0x50EF,
    0x58EF, 0x58EF, 0x58EF, 0x590F, 0x590F, 0x590F, 0x590F, 0x590F,
    0x58EF, 0x58EF, 0x510E, 0x510E, 0x510F, 0x50EF, 0x50EF, 0x50EF,
    0x50EE, 0x50ED, 0x50ED, 0x50EE, 0x50EE, 0x50EE, 0x50ED, 0x40CA,
    0x2045, 0x0000, 0x0000, 0x0000, 0x0000, 0x0000, 0x0000, 0x0000,
    0x0000, 0x0000, 0x0000, 0x0000, 0x0000, 0x0000, 0x0000, 0x0000,
    0x0000, 0x0000, 0x0000, 0x0000, 0x0000, 0x0000, 0x0000, 0x0000,
    0x1845, 0x1845, 0x2066, 0x2066, 0x2066, 0x2066, 0x2887, 0x2887,
    0x3088, 0x3088, 0x3089, 0x38A9, 0x40AA, 0x40CB, 0x48CC, 0x48CC,
    0x48ED, 0x50EE, 0x510E, 0x50EE, 0x58EF, 0x5910, 0x6110, 0x6110,
    0x6111, 0x7153, 0x6932, 0x58EF, 0x58EF, 0x6932, 0x6932, 0x6131,
    0x6931, 0x6931, 0x6131, 0x6131, 0x6131, 0x6131, 0x6131, 0x6111,
    0x6110, 0x6131, 0x6111, 0x58EF, 0x590F, 0x6932, 0x6932, 0x6110,
    0x6110, 0x6130, 0x6110, 0x6110, 0x6110, 0x6110, 0x6110, 0x6110,
    0x6110, 0x5910, 0x590F, 0x590F, 0x5910, 0x5910, 0x590F, 0x590F,
    0x590F, 0x590F, 0x590F, 0x590F, 0x590F, 0x58EF, 0x510E, 0x510E,
    0x510E, 0x510E, 0x510E, 0x50EE, 0x50EE, 0x50EE, 0x50EE, 0x50EE,
    0x50EE, 0x50EE, 0x50EE, 0x50ED, 0x50ED, 0x50ED, 0x48CD, 0x48ED,
    0x512D, 0x490C, 0x40CA, 0x2045, 0x0001, 0x0000, 0x0000, 0x0000,
    0x0000, 0x0000, 0x0000, 0x0000, 0x0000, 0x0000, 0x0000, 0x0000,
    0x0000, 0x0000, 0x0000, 0x0000, 0x0000, 0x0000, 0x0000, 0x0000,
    0x0000, 0x0000, 0x0000, 0x1045, 0x1865, 0x1866, 0x2066, 0x2066,
    0x2066, 0x2866, 0x2887, 0x2887, 0x3088, 0x3088, 0x38A9, 0x38AA,
    0x40AA, 0x40CB, 0x48CC, 0x48ED, 0x50ED, 0x50EE, 0x50EE, 0x50EF,
    0x50EF, 0x50EF, 0x50EE, 0x50EE, 0x5910, 0x6111, 0x6912, 0x7133,
    0x7954, 0x7154, 0x7133, 0x7153, 0x7153, 0x7153, 0x7153, 0x7153,
    0x7153, 0x7153, 0x7133, 0x6932, 0x7132, 0x7133, 0x6932, 0x6111,
    0x6110, 0x58EF, 0x50EE, 0x58EE, 0x58EF, 0x50EE, 0x50EE, 0x50EF,
    0x58EE, 0x50EE, 0x50EE, 0x58EE, 0x58EF, 0x590F, 0x590F, 0x590F,
    0x590F, 0x590F, 0x590F, 0x510E, 0x50EE, 0x50EE, 0x510E, 0x58EF,
    0x50EE, 0x50EE, 0x50EE, 0x50EE, 0x50EE, 0x50EE, 0x50EE, 0x50EE,
    0x50EE, 0x50ED, 0x50ED, 0x50ED, 0x50ED, 0x50ED, 0x48ED, 0x48ED,
    0x48ED, 0x48AD, 0x48ED, 0x512D, 0x490C, 0x38A9, 0x1825, 0x0002,
    0x0000, 0x0000, 0x0000, 0x0000, 0x0000, 0x0000, 0x0000, 0x0000,
    0x0000, 0x0000, 0x0000, 0x0000, 0x0000, 0x0000, 0x0000, 0x0000,
    0x0000, 0x0000, 0x0000, 0x0000, 0x0000, 0x0000, 0x1844, 0x1845,
    0x1865, 0x1865, 0x1865, 0x2066, 0x2066, 0x2867, 0x2867, 0x3088,
    0x3088, 0x3889, 0x38A9, 0x38AA, 0x40AB, 0x40AB, 0x40CC, 0x48CC,
    0x48ED, 0x48ED, 0x50EE, 0x50EE, 0x50EE, 0x50EF, 0x58EF, 0x58EF,
    0x590F, 0x6110, 0x6111, 0x6131, 0x6110, 0x6110, 0x6110, 0x6110,
    0x6110, 0x5910, 0x5910, 0x5910, 0x6110, 0x6110, 0x5910, 0x5910,
    0x6110, 0x6110, 0x5910, 0x58EF, 0x58EF, 0x58EF, 0x58EF, 0x590F,
    0x590F, 0x590F, 0x590F, 0x58EF, 0x590F, 0x50EF, 0x50EF, 0x50EF,
    0x50EE, 0x50EE, 0x50EE, 0x50EE, 0x50EE, 0x50EE, 0x50EE, 0x50CE,
    0x50CE, 0x50EE, 0x50EE, 0x50EE, 0x50EE, 0x50ED, 0x50ED, 0x50CE,
    0x50CD, 0x48CD, 0x48CD, 0x48ED, 0x50ED, 0x50ED, 0x50ED, 0x48ED,
    0x48ED, 0x48CD, 0x48CD, 0x48CD, 0x40AC, 0x48CC, 0x490C, 0x490C,
    0x3889, 0x1825, 0x0001, 0x0000, 0x0000, 0x0000, 0x0000, 0x0000,
    0x0000, 0x0000, 0x0000, 0x0000, 0x0000, 0x0000, 0x0000, 0x0000,
    0x0000, 0x0000, 0x0000, 0x0000, 0x0000, 0x0000, 0x0000, 0x0000,
    0x0000, 0x1844, 0x1844, 0x1845, 0x1845, 0x1845, 0x2065, 0x2066,
    0x2066, 0x2867, 0x2867, 0x3088, 0x3088, 0x3889, 0x388A, 0x38AA,
    0x38AB, 0x40CB, 0x40CB, 0x40CC, 0x48CC, 0x50CD, 0x50EE, 0x50ED,
    0x50EE, 0x50EE, 0x50EE, 0x50EE, 0x50EE, 0x50EE, 0x50EE, 0x50EE,
    0x50EE, 0x50EE, 0x50EE, 0x50EE, 0x50EE, 0x50EE, 0x50EE, 0x50EE,
    0x50EE, 0x50EE, 0x50EE, 0x50EE, 0x50EE, 0x50EE, 0x50EE, 0x50EE,
    0x50EF, 0x58EF, 0x590F, 0x510E, 0x510E, 0x50EE, 0x50EE, 0x50EE,
    0x50EE, 0x50EE, 0x50EE, 0x50EE, 0x50ED, 0x50ED, 0x50ED, 0x50ED,
    0x50CD, 0x50CD, 0x50CD, 0x48CD, 0x48ED, 0x48ED, 0x48ED, 0x48ED,
    0x48CD, 0x48CD, 0x48CD, 0x48CD, 0x48CD, 0x48CD, 0x48EC, 0x48CC,
    0x48CC, 0x48CC, 0x48EC, 0x48CC, 0x48CC, 0x48CC, 0x48CC, 0x40AC,
    0x40AC, 0x48EC, 0x40EB, 0x3889, 0x1825, 0x0001, 0x0000, 0x0000,
    0x0000, 0x0000, 0x0000, 0x0000, 0x0000, 0x0000, 0x0000, 0x0000,
    0x0000, 0x0000, 0x0000, 0x0000, 0x0000, 0x0000, 0x0000, 0x0000,
    0x0000, 0x0000, 0x0000, 0x0000, 0x1024, 0x1024, 0x1844, 0x1844,
    0x1845, 0x2065, 0x2065, 0x2066, 0x2866, 0x2867, 0x2867, 0x3067,
    0x3088, 0x3089, 0x3889, 0x38AA, 0x40AA, 0x40CA, 0x40CB, 0x40CB,
    0x48CC, 0x48CD, 0x48EC, 0x48ED, 0x50ED, 0x50ED, 0x50ED, 0x50EE,
    0x50EE, 0x50EE, 0x50EE, 0x50EE, 0x50EE, 0x50EE, 0x50EE, 0x50EE,
    0x50EE, 0x50EE, 0x50EE, 0x50EE, 0x50EE, 0x50EE, 0x50EE, 0x50EE,
    0x50EE, 0x50EE, 0x50EE, 0x50EE, 0x50EE, 0x50EE, 0x48ED, 0x48ED,
    0x48ED, 0x48ED, 0x48ED, 0x48ED, 0x48ED, 0x48ED, 0x48ED, 0x48ED,
    0x48ED, 0x48ED, 0x48ED, 0x48ED, 0x48CD, 0x48CD, 0x48ED, 0x48EC,
    0x48EC, 0x48CC, 0x48CC, 0x48CC, 0x48CC, 0x48CC, 0x48CC, 0x48CC,
    0x40CC, 0x40CC, 0x48CB, 0x48CC, 0x40CC, 0x40CC, 0x40CC, 0x40CC,
    0x40CB, 0x40CC, 0x40AB, 0x40CC, 0x48EC, 0x40EB, 0x30A8, 0x1845,
    0x0001, 0x0000, 0x0000, 0x0000, 0x0000, 0x0000, 0x0000, 0x0000,
    0x0000, 0x0000, 0x0000, 0x0000, 0x0000, 0x0000, 0x0000, 0x0000,
    0x0000, 0x0000, 0x0000, 0x0000, 0x0000, 0x0000, 0x0000, 0x1024,
    0x1024, 0x1844, 0x1844, 0x1844, 0x1845, 0x2065, 0x2065, 0x2066,
    0x2866, 0x2867, 0x2867, 0x3087, 0x3088, 0x3089, 0x3889, 0x38AA,
    0x38AA, 0x38AA, 0x40CB, 0x40CC, 0x40CC, 0x40EC, 0x48EC, 0x48EC,
    0x50ED, 0x50ED, 0x50ED, 0x48ED, 0x50ED, 0x50ED, 0x50ED, 0x50ED,
    0x50ED, 0x50ED, 0x50ED, 0x50ED, 0x48ED, 0x50ED, 0x50ED, 0x50ED,
    0x50ED, 0x50ED, 0x48ED, 0x48ED, 0x48CD, 0x48ED, 0x48ED, 0x48ED,
    0x48CD, 0x48CD, 0x48CC, 0x48CD, 0x48CD, 0x48CC, 0x48CC, 0x48CC,
    0x48EC, 0x48EC, 0x48EC, 0x48EC, 0x48EC, 0x48EC, 0x48CC, 0x48CC,
    0x48EC, 0x48EC, 0x48EC, 0x40CC, 0x40CC, 0x40CC, 0x40CC, 0x40CC,
    0x40CB, 0x40CB, 0x40CC, 0x40CC, 0x40CB, 0x40CB, 0x40CB, 0x40CB,
    0x40CB, 0x40CB, 0x40CB, 0x40CB, 0x40CB, 0x40AB, 0x40CB, 0x40EB,
    0x40EA, 0x30A8, 0x1844, 0x0001, 0x0000, 0x0000, 0x0000, 0x0000,
    0x0000, 0x0000, 0x0000, 0x0000, 0x0000, 0x0000, 0x0000, 0x0000,
    0x0000, 0x0000, 0x0000, 0x0000, 0x0000, 0x0000, 0x0000, 0x0000,
    0x0000, 0x0000, 0x1824, 0x1824, 0x1844, 0x1844, 0x1844, 0x1844,
    0x1844, 0x2045, 0x2065, 0x2066, 0x2866, 0x2866, 0x2867, 0x3088,
    0x3088, 0x3088, 0x3089, 0x38A9, 0x38AA, 0x38AA, 0x40AB, 0x40CB,
    0x40CB, 0x40CB, 0x40CC, 0x48CC, 0x48CC, 0x48CC, 0x48CC, 0x48CD,
    0x48ED, 0x48ED, 0x48CD, 0x48CD, 0x48CD, 0x48ED, 0x48EC, 0x48CC,
    0x48EC, 0x48CC, 0x48CC, 0x48CC, 0x48CC, 0x48CC, 0x48CC, 0x48CC,
    0x48CC, 0x48EC, 0x48CC, 0x48CC, 0x48CC, 0x48CC, 0x48CC, 0x48CC,
    0x40CC, 0x40CC, 0x40CC, 0x40CC, 0x48CC, 0x48CC, 0x48CC, 0x48CC,
    0x48CC, 0x40CC, 0x40CB, 0x40CC, 0x40CB, 0x40CB, 0x40CB, 0x40CB,
    0x40CB, 0x40CB, 0x40CB, 0x40CB, 0x40CB, 0x40CB, 0x40CB, 0x40CB,
    0x40CA, 0x40CA, 0x40CB, 0x38CA, 0x38AB, 0x40CB, 0x38AB, 0x38AB,
    0x38AB, 0x40AB, 0x40CB, 0x40CA, 0x3088, 0x1825, 0x0001, 0x0000,
    0x0000, 0x0020, 0x0000, 0x0000, 0x0000, 0x0000, 0x0000, 0x0000,
    0x0000, 0x0000, 0x0000, 0x0000, 0x0000, 0x0000, 0x0000, 0x0000,
    0x0000, 0x0000, 0x0000, 0x0000, 0x0000, 0x1024, 0x1024, 0x1024,
    0x1044, 0x1844, 0x1844, 0x1844, 0x2045, 0x2045, 0x2066, 0x2066,
    0x2866, 0x2867, 0x2867, 0x3088, 0x3088, 0x3089, 0x3089, 0x3089,
    0x38AA, 0x38AA, 0x38AA, 0x40AA, 0x40CB, 0x40CB, 0x40CC, 0x48CC,
    0x40CC, 0x40CC, 0x48CC, 0x48CC, 0x48CC, 0x48CC, 0x48CC, 0x48CC,
    0x48CC, 0x40CC, 0x40CC, 0x48CC, 0x48CC, 0x48CC, 0x48CC, 0x48CC,
    0x48CC, 0x48CC, 0x48CC, 0x48CC, 0x40CC, 0x40CC, 0x40CB, 0x40CB,
    0x40CB, 0x40CB, 0x40CB, 0x40CB, 0x40CB, 0x40CB, 0x40CB, 0x40CB,
    0x40CB, 0x40CB, 0x40AB, 0x40AB, 0x40AB, 0x40AB, 0x40CB, 0x40AB,
    0x40AB, 0x40AB, 0x40AB, 0x40AB, 0x40CB, 0x40CB, 0x40CB, 0x38AA,
    0x38AB, 0x38AB, 0x38AA, 0x38CA, 0x40CA, 0x40CA, 0x38AA, 0x38AA,
    0x38AA, 0x38AB, 0x38AB, 0x388A, 0x38AA, 0x40CA, 0x38CA, 0x3088,
    0x1824, 0x0001, 0x0000, 0x0000, 0x0000, 0x0000, 0x0000, 0x0000,
    0x0000, 0x0000, 0x0000, 0x0000, 0x0000, 0x0000, 0x0000, 0x0000,
    0x0000, 0x0000, 0x0000, 0x0000, 0x0000, 0x0000, 0x0000, 0x0000,
    0x1023, 0x1023, 0x1023, 0x1043, 0x1844, 0x1844, 0x1844, 0x1845,
    0x2045, 0x2065, 0x2066, 0x2066, 0x2866, 0x2867, 0x2888, 0x2888,
    0x30A8, 0x30A8, 0x30A9, 0x38A9, 0x38AA, 0x38AA, 0x38AA, 0x38AA,
    0x40CB, 0x40CB, 0x40CB, 0x40CB, 0x40CB, 0x40CB, 0x40CB, 0x40CB,
    0x40CB, 0x40CB, 0x40CB, 0x40CB, 0x40CB, 0x40CB, 0x40CB, 0x40CB,
    0x40CB, 0x40CB, 0x40CB, 0x40CB, 0x40CB, 0x40CB, 0x40CB, 0x40CB,
    0x40CB, 0x40AB, 0x40CB, 0x40CB, 0x40AB, 0x40AA, 0x40AA, 0x40AA,
    0x40AA, 0x40AA, 0x40AA, 0x38AA, 0x38AA, 0x40AA, 0x40AA, 0x38AA,
    0x38AA, 0x38AA, 0x38AA, 0x38AA, 0x38AA, 0x38AA, 0x38AA, 0x38AA,
    0x38AA, 0x38AA, 0x38AA, 0x388A, 0x38AA, 0x38AA, 0x38CA, 0x38AA,
    0x38AA, 0x38AA, 0x38AA, 0x38AA, 0x38AA, 0x38AA, 0x3889, 0x38A9,
    0x38E9, 0x38E9, 0x28A7, 0x1024, 0x0001, 0x0000, 0x0000, 0x0000,
    0x0000, 0x0000, 0x0000, 0x0000, 0x0000, 0x0000, 0x0000, 0x0000,
    0x0000, 0x0000, 0x0000, 0x0000, 0x0000, 0x0000, 0x0000, 0x0000,
    0x0000, 0x0000, 0x0000, 0x1022, 0x1022, 0x1022, 0x1043, 0x1843,
    0x1844, 0x1844, 0x1844, 0x2045, 0x2065, 0x2066, 0x2066, 0x2066,
    0x2867, 0x2867, 0x2887, 0x2888, 0x3088, 0x3088, 0x3089, 0x38A9,
    0x38A9, 0x3889, 0x38A9, 0x38AA, 0x38AA, 0x38AA, 0x38AA, 0x38AA,
    0x40AB, 0x40AB, 0x40AA, 0x40AA, 0x40AB, 0x40AB, 0x40AB, 0x40AA,
    0x40CB, 0x40CB, 0x38CA, 0x38CA, 0x38CA, 0x38CA, 0x38CA, 0x38CA,
    0x38CA, 0x38CA, 0x38AA, 0x38CA, 0x38CA, 0x38CA, 0x38CA, 0x38AA,
    0x38AA, 0x38AA, 0x38AA, 0x38AA, 0x38AA, 0x38AA, 0x38AA, 0x38AA,
    0x38AA, 0x38AA, 0x38AA, 0x38AA, 0x38AA, 0x38AA, 0x38AA, 0x38AA,
    0x38AA, 0x38AA, 0x38AA, 0x38AA, 0x38AA, 0x38AA, 0x388A, 0x388A,
    0x38AA, 0x38CA, 0x38AA, 0x38AA, 0x38AA, 0x38A9, 0x388A, 0x38AA,
    0x38A9, 0x3089, 0x30A9, 0x30E9, 0x30E9, 0x28A7, 0x1024, 0x0001,
    0x0000, 0x0000, 0x0000, 0x0000, 0x0000, 0x0000, 0x0000, 0x0000,
    0x0000, 0x0000, 0x0000, 0x0000, 0x0000, 0x0000, 0x0000, 0x0000,
    0x0000, 0x0000, 0x0000, 0x0000, 0x0000, 0x0000, 0x0802, 0x1022,
    0x1023, 0x1043, 0x1043, 0x1044, 0x1044, 0x1844, 0x1844, 0x1845,
    0x1845, 0x2045, 0x2046, 0x2046, 0x2846, 0x2867, 0x2867, 0x2867,
    0x2867, 0x3068, 0x3088, 0x3088, 0x3088, 0x3089, 0x3089, 0x3089,
    0x38AA, 0x38AA, 0x38AA, 0x38AA, 0x38AA, 0x38AA, 0x38AA, 0x38AA,
    0x38AA, 0x38AA, 0x38AA, 0x38AA, 0x38AA, 0x38AA, 0x38AA, 0x38AA,
    0x38AA, 0x38AA, 0x38AA, 0x38AA, 0x38AA, 0x38AA, 0x38AA, 0x38CA,
    0x38CA, 0x38CA, 0x38AA, 0x38AA, 0x38AA, 0x38AA, 0x38AA, 0x38AA,
    0x38AA, 0x38AA, 0x38AA, 0x38AA, 0x30AA, 0x30AA, 0x30AA, 0x38A9,
    0x3089, 0x3089, 0x38AA, 0x38AA, 0x30A9, 0x30A9, 0x38AA, 0x38AA,
    0x3089, 0x3089, 0x3089, 0x30A9, 0x30A9, 0x38A9, 0x3889, 0x3889,
    0x3889, 0x3889, 0x3889, 0x3889, 0x3068, 0x3088, 0x30C9, 0x30C8,
    0x2887, 0x1023, 0x0000, 0x0000, 0x0000, 0x0000, 0x0000, 0x0000,
    0x0000, 0x0000, 0x0000, 0x0000, 0x0000, 0x0000, 0x0000, 0x0000,
    0x0000, 0x0000, 0x0000, 0x0000, 0x0000, 0x0000, 0x0000, 0x0000,
    0x0000, 0x0802, 0x0822, 0x1023, 0x1043, 0x1043, 0x1023, 0x1023,
    0x1844, 0x1844, 0x1844, 0x1845, 0x2045, 0x2045, 0x2046, 0x2046,
    0x2046, 0x2866, 0x2866, 0x2867, 0x2867, 0x3068, 0x3068, 0x3088,
    0x3088, 0x3088, 0x3089, 0x3089, 0x30A9, 0x30A9, 0x38A9, 0x388A,
    0x388A, 0x3889, 0x3889, 0x3889, 0x3889, 0x3889, 0x3889, 0x3889,
    0x38A9, 0x38A9, 0x38A9, 0x30A9, 0x30A9, 0x30A9, 0x30A9, 0x30A9,
    0x30A9, 0x30A9, 0x38AA, 0x38AA, 0x38AA, 0x30A9, 0x30A9, 0x30A9,
    0x30AA, 0x30A9, 0x30A9, 0x30A9, 0x38A9, 0x30A9, 0x30A9, 0x30A9,
    0x30A9, 0x30A9, 0x30A9, 0x30A9, 0x3089, 0x30A9, 0x30A9, 0x30A9,
    0x30A9, 0x30A9, 0x30A9, 0x3089, 0x3089, 0x3089, 0x30A9, 0x30A9,
    0x3089, 0x3089, 0x3089, 0x3089, 0x3089, 0x3089, 0x3089, 0x3068,
    0x3088, 0x30C9, 0x30C8, 0x2886, 0x1023, 0x0000, 0x0000, 0x0000,
    0x0000, 0x0000, 0x0000, 0x0000, 0x0000, 0x0000, 0x0000, 0x0000,
    0x0000, 0x0000, 0x0000, 0x0000, 0x0000, 0x0000, 0x0000, 0x0000,
    0x0000, 0x0000, 0x0000, 0x0000, 0x0822, 0x0822, 0x1022, 0x1023,
    0x1023, 0x1023, 0x1023, 0x1043, 0x1044, 0x1844, 0x1845, 0x1845,
    0x2065, 0x2065, 0x2065, 0x2065, 0x2066, 0x2886, 0x2886, 0x2887,
    0x2887, 0x2887, 0x2887, 0x2888, 0x3088, 0x3088, 0x30A8, 0x30A9,
    0x30A9, 0x30A9, 0x3089, 0x3089, 0x3089, 0x30A9, 0x30A9, 0x30A9,
    0x3089, 0x3088, 0x3088, 0x30A9, 0x30A9, 0x3089, 0x3089, 0x3089,
    0x3089, 0x3089, 0x3089, 0x3089, 0x3089, 0x3089, 0x3089, 0x3089,
    0x3089, 0x3089, 0x3089, 0x3089, 0x30A9, 0x30A9, 0x30A9, 0x30A9,
    0x30A9, 0x30A9, 0x30A9, 0x30A9, 0x30A9, 0x30A9, 0x30A9, 0x30A9,
    0x30A8, 0x3088, 0x3088, 0x3088, 0x3088, 0x3088, 0x3088, 0x3088,
    0x3088, 0x30A8, 0x30A8, 0x30A8, 0x30A8, 0x30A8, 0x3088, 0x3088,
    0x3088, 0x3088, 0x3088, 0x3088, 0x30C8, 0x30C8, 0x2886, 0x1023,
    0x0000, 0x0000, 0x0000, 0x0000, 0x0000, 0x0000, 0x0000, 0x0000,
    0x0000, 0x0000, 0x0000, 0x0000, 0x0000, 0x0000, 0x0000, 0x0000,
    0x0000, 0x0000, 0x0000, 0x0000, 0x0000, 0x0000, 0x0000, 0x0822,
    0x0822, 0x0822, 0x0822, 0x1022, 0x1022, 0x1022, 0x1043, 0x1043,
    0x1044, 0x1844, 0x1844, 0x1845, 0x2045, 0x2065, 0x2065, 0x2065,
    0x2066, 0x2086, 0x2886, 0x2886, 0x2887, 0x2887, 0x2887, 0x2887,
    0x2888, 0x2888, 0x2888, 0x3088, 0x3088, 0x3088, 0x3088, 0x3088,
    0x3088, 0x3088, 0x3088, 0x3088, 0x3088, 0x3088, 0x3088, 0x3088,
    0x3088, 0x3088, 0x3088, 0x3088, 0x3088, 0x3088, 0x3088, 0x3088,
    0x3088, 0x3088, 0x3088, 0x3088, 0x3088, 0x3088, 0x3088, 0x3088,
    0x3088, 0x3088, 0x3088, 0x30A8, 0x3088, 0x3088, 0x3088, 0x3088,
    0x3088, 0x3088, 0x3088, 0x3088, 0x3088, 0x3088, 0x3088, 0x3088,
    0x3088, 0x3088, 0x3088, 0x3088, 0x2888, 0x2888, 0x2888, 0x2888,
    0x30A8, 0x3088, 0x3088, 0x3088, 0x3088, 0x3068, 0x3088, 0x30C8,
    0x30C8, 0x2886, 0x1023, 0x0000, 0x0000, 0x0000, 0x0000, 0x0000,
    0x0000, 0x0000, 0x0000, 0x0000, 0x0000, 0x0000, 0x0000, 0x0000,
    0x0000, 0x0000, 0x0000, 0x0000, 0x0000, 0x0000, 0x0000, 0x0000,
    0x0000, 0x0000, 0x0821, 0x0821, 0x0821, 0x0822, 0x0822, 0x0822,
    0x0822, 0x1023, 0x1023, 0x1023, 0x1023, 0x1044, 0x1844, 0x1844,
    0x1844, 0x1845, 0x2045, 0x2045, 0x2065, 0x2066, 0x2866, 0x2866,
    0x2866, 0x2866, 0x2866, 0x2867, 0x2887, 0x2887, 0x2887, 0x2887,
    0x2887, 0x2887, 0x2887, 0x2887, 0x2887, 0x2887, 0x2887, 0x2887,
    0x2887, 0x2887, 0x2868, 0x2888, 0x2888, 0x2888, 0x2888, 0x2888,
    0x2888, 0x2888, 0x2888, 0x2887, 0x2887, 0x2888, 0x2888, 0x2888,
    0x2888, 0x2888, 0x2887, 0x2868, 0x2868, 0x2867, 0x2867, 0x2867,
    0x2867, 0x2867, 0x2867, 0x2867, 0x2867, 0x2887, 0x2867, 0x2867,
    0x2867, 0x2867, 0x2867, 0x2867, 0x2867, 0x2867, 0x2867, 0x2867,
    0x2868, 0x2887, 0x2887, 0x2887, 0x2867, 0x2867, 0x2867, 0x2867,
    0x2867, 0x2867, 0x28A8, 0x28A7, 0x2066, 0x1023, 0x0000, 0x0000,
    0x0000, 0x0000, 0x0000, 0x0000, 0x0000, 0x0000, 0x0000, 0x0000,
    0x0000, 0x0000, 0x0000, 0x0000, 0x0000, 0x0000, 0x0000, 0x0000,
    0x0000, 0x0000, 0x0000, 0x0000, 0x0000, 0x0802, 0x0801, 0x0821,
    0x0822, 0x0822, 0x0822, 0x0822, 0x1023, 0x1023, 0x1023, 0x1023,
    0x1024, 0x1844, 0x1844, 0x1844, 0x1845, 0x1845, 0x2045, 0x2065,
    0x2065, 0x2866, 0x2866, 0x2066, 0x2866, 0x2866, 0x2867, 0x2887,
    0x2887, 0x2887, 0x2887, 0x2887, 0x2887, 0x2887, 0x2887, 0x2887,
    0x2887, 0x2887, 0x2887, 0x2887, 0x2887, 0x2887, 0x2887, 0x2887,
    0x2887, 0x2887, 0x2887, 0x2887, 0x2887, 0x2887, 0x2887, 0x2887,
    0x2887, 0x2887, 0x2887, 0x2887, 0x2887, 0x2887, 0x2887, 0x2867,
    0x2867, 0x2867, 0x2867, 0x2867, 0x2867, 0x2867, 0x2867, 0x2867,
    0x2867, 0x2887, 0x2887, 0x2887, 0x2887, 0x2887, 0x2887, 0x2887,
    0x2867, 0x2867, 0x2868, 0x2888, 0x2887, 0x2887, 0x2887, 0x2867,
    0x2867, 0x2868, 0x2868, 0x2867, 0x2867, 0x28A8, 0x28A7, 0x2066,
    0x1003, 0x0000, 0x0000, 0x0000, 0x0000, 0x0000, 0x0000, 0x0000,
    0x0000, 0x0000, 0x0000, 0x0000, 0x0000, 0x0000, 0x0000, 0x0000,
    0x0000, 0x0000, 0x0000, 0x0000, 0x0000, 0x0000, 0x0000, 0x0000,
    0x0822, 0x0822, 0x0822, 0x0842, 0x0842, 0x0822, 0x0823, 0x1023,
    0x1023, 0x1023, 0x1044, 0x1044, 0x1844, 0x1844, 0x1845, 0x1865,
    0x2065, 0x2065, 0x2066, 0x2066, 0x2866, 0x2866, 0x2866, 0x2887,
    0x2887, 0x2887, 0x2887, 0x28A8, 0x2888, 0x3088, 0x3088, 0x3088,
    0x3088, 0x3088, 0x3088, 0x3088, 0x3088, 0x3088, 0x3088, 0x3088,
    0x3088, 0x3088, 0x3088, 0x3088, 0x3088, 0x3088, 0x3088, 0x3088,
    0x3088, 0x3088, 0x3088, 0x3088, 0x3088, 0x3088, 0x3088, 0x3088,
    0x3088, 0x3088, 0x3088, 0x3088, 0x3088, 0x3088, 0x3088, 0x3088,
    0x3088, 0x3088, 0x3088, 0x3088, 0x3088, 0x3088, 0x3088, 0x3088,
    0x3088, 0x3088, 0x3088, 0x3088, 0x3088, 0x28A8, 0x28A8, 0x28A8,
    0x30A8, 0x3088, 0x3088, 0x3088, 0x3088, 0x3088, 0x3088, 0x3088,
    0x30A8, 0x28A7, 0x2066, 0x1003, 0x0000, 0x0000, 0x0000, 0x0000,
    0x0000, 0x0000, 0x0000, 0x0000, 0x0000, 0x0000, 0x0000, 0x0000,
    0x0000, 0x0000, 0x0000, 0x0000, 0x0000, 0x0000, 0x0000, 0x0000,
    0x0000, 0x0000, 0x0000, 0x0822, 0x0822, 0x0842, 0x0842, 0x0842,
    0x0822, 0x1023, 0x1023, 0x1044, 0x1844, 0x1844, 0x1844, 0x1844,
    0x1865, 0x2065, 0x2065, 0x2066, 0x2066, 0x2066, 0x2886, 0x2887,
    0x2887, 0x2887, 0x2887, 0x2887, 0x28A8, 0x30A8, 0x30A8, 0x30A8,
    0x30A9, 0x30A9, 0x30A9, 0x30A9, 0x30A8, 0x30A8, 0x30A8, 0x30A8,
    0x30A8, 0x30A8, 0x30A8, 0x30A8, 0x30A8, 0x30A8, 0x30A8, 0x30A8,
    0x30A8, 0x30A8, 0x30A8, 0x30A8, 0x30A8, 0x30A8, 0x30A8, 0x30A8,
    0x30A8, 0x30A8, 0x30A8, 0x30A8, 0x30A8, 0x30A8, 0x30A8, 0x30A8,
    0x30A8, 0x30A8, 0x30A8, 0x30A8, 0x30A8, 0x30A8, 0x3088, 0x3088,
    0x3088, 0x3088, 0x3088, 0x3088, 0x3088, 0x3088, 0x3088, 0x3088,
    0x30A8, 0x30A8, 0x30A8, 0x30A8, 0x30A8, 0x3088, 0x3088, 0x3089,
    0x30A9, 0x3088, 0x3088, 0x30A8, 0x30A8, 0x2066, 0x1023, 0x0000,
    0x0000, 0x0000, 0x0000, 0x0000, 0x0000, 0x0000, 0x0000, 0x0000,
    0x0000, 0x0000, 0x0000, 0x0000, 0x0000, 0x0000, 0x0000, 0x0000,
    0x0000, 0x0000, 0x0000, 0x0000, 0x0000, 0x0000, 0x0822, 0x0822,
    0x1043, 0x1043, 0x1023, 0x1023, 0x1023, 0x1023, 0x1844, 0x1844,
    0x1844, 0x1844, 0x1865, 0x2065, 0x2066, 0x2066, 0x2066, 0x2066,
    0x2866, 0x2867, 0x2887, 0x2887, 0x2887, 0x3087, 0x3088, 0x3088,
    0x3088, 0x3088, 0x3089, 0x30A9, 0x30A9, 0x30A9, 0x30A9, 0x30A9,
    0x3089, 0x3089, 0x30A9, 0x30A9, 0x30A9, 0x30A9, 0x30A9, 0x3089,
    0x30A9, 0x30A9, 0x30A9, 0x30A9, 0x30A9, 0x30A9, 0x3089, 0x3089,
    0x3089, 0x3089, 0x3089, 0x3089, 0x3089, 0x3089, 0x3089, 0x3089,
    0x3088, 0x3088, 0x3088, 0x3088, 0x3088, 0x3088, 0x3088, 0x3088,
    0x3088, 0x3088, 0x3088, 0x3088, 0x3088, 0x3088, 0x3088, 0x3088,
    0x3088, 0x3088, 0x3088, 0x3088, 0x3088, 0x3088, 0x3088, 0x3088,
    0x3088, 0x3088, 0x3088, 0x3088, 0x3068, 0x3088, 0x30C8, 0x30C8,
    0x2886, 0x1023, 0x0000, 0x0000, 0x0000, 0x0000, 0x0000, 0x0000,
    0x0000, 0x0000, 0x0000, 0x0000, 0x0000, 0x0000, 0x0000, 0x0000,
    0x0000, 0x0000, 0x0000, 0x0000, 0x0000, 0x0000, 0x0000, 0x0000,
    0x0000, 0x0822, 0x0822, 0x1043, 0x1043, 0x1023, 0x1023, 0x1023,
    0x1024, 0x1844, 0x1844, 0x1845, 0x1845, 0x2045, 0x2066, 0x2046,
    0x2066, 0x2867, 0x2867, 0x2867, 0x2867, 0x3088, 0x3088, 0x3088,
    0x3088, 0x3088, 0x3089, 0x30A9, 0x30A9, 0x30A9, 0x38A9, 0x38AA,
    0x38AA, 0x38A9, 0x38A9, 0x38A9, 0x38A9, 0x38A9, 0x38A9, 0x30A9,
    0x38A9, 0x38A9, 0x38A9, 0x38A9, 0x38A9, 0x38A9, 0x38A9, 0x38A9,
    0x38A9, 0x30A9, 0x3089, 0x3089, 0x3089, 0x3089, 0x3089, 0x3089,
    0x3089, 0x3089, 0x3089, 0x3089, 0x3089, 0x3089, 0x3089, 0x3089,
    0x3089, 0x3089, 0x3089, 0x3089, 0x3089, 0x3089, 0x3089, 0x3089,
    0x3089, 0x3089, 0x3089, 0x3089, 0x3088, 0x3088, 0x3089, 0x3089,
    0x3089, 0x3089, 0x3089, 0x3088, 0x3088, 0x3889, 0x3889, 0x3068,
    0x3088, 0x30C9, 0x30C8, 0x2086, 0x1023, 0x0000, 0x0000, 0x0000,
    0x0000, 0x0000, 0x0000, 0x0000, 0x0000, 0x0000, 0x0000, 0x0000,
    0x0000, 0x0000, 0x0000, 0x0000, 0x0000, 0x0000, 0x0000, 0x0000,
    0x0000, 0x0000, 0x0000, 0x0000, 0x1022, 0x1022, 0x1023, 0x1043,
    0x1043, 0x1023, 0x1024, 0x1824, 0x1844, 0x1845, 0x2045, 0x2046,
    0x2046, 0x2046, 0x2846, 0x2866, 0x2867, 0x2867, 0x2867, 0x3088,
    0x30A9, 0x3889, 0x3089, 0x3889, 0x38A9, 0x38AA, 0x38AA, 0x38AA,
    0x38AA, 0x38AA, 0x38AA, 0x38AA, 0x38AA, 0x38AA, 0x38AA, 0x38AA,
    0x38AA, 0x38AA, 0x38AA, 0x38AA, 0x38AA, 0x38AA, 0x38AA, 0x38AA,
    0x38AA, 0x38AA, 0x38AA, 0x38AA, 0x38AA, 0x38AA, 0x38AA, 0x38AA,
    0x38AA, 0x38AA, 0x38AA, 0x38AA, 0x38AA, 0x38AA, 0x38AA, 0x38AA,
    0x38AA, 0x38AA, 0x38AA, 0x38AA, 0x38AA, 0x38AA, 0x38AA, 0x38AA,
    0x38AA, 0x38AA, 0x38AA, 0x38AA, 0x38AA, 0x38AA, 0x38AA, 0x388A,
    0x388A, 0x30AA, 0x30AA, 0x38A9, 0x38A9, 0x38A9, 0x38A9, 0x3889,
    0x3889, 0x3889, 0x3889, 0x38A9, 0x30C9, 0x30A8, 0x2066, 0x1023,
    0x0000, 0x0000, 0x0000, 0x0000, 0x0000, 0x0000, 0x0000, 0x0000,
    0x0000, 0x0000, 0x0000, 0x0000, 0x0000, 0x0000, 0x0000, 0x0000,
    0x0000, 0x0000, 0x0000, 0x0000, 0x0000, 0x0000, 0x0000, 0x1022,
    0x1022, 0x1023, 0x1023, 0x1043, 0x1024, 0x1844, 0x1844, 0x1844,
    0x1845, 0x2046, 0x2046, 0x2066, 0x2867, 0x2867, 0x2867, 0x2887,
    0x2888, 0x3088, 0x3088, 0x38A9, 0x38A9, 0x3889, 0x38AA, 0x38AA,
    0x38CA, 0x38CB, 0x40CB, 0x40AA, 0x40AB, 0x38AB, 0x40AB, 0x40CB,
    0x40CB, 0x40CB, 0x40CB, 0x40CB, 0x40AB, 0x40AB, 0x40CB, 0x40CB,
    0x40CB, 0x40CB, 0x40AB, 0x40AB, 0x40AB, 0x40AA, 0x40AA, 0x40AA,
    0x40AB, 0x40AA, 0x40AB, 0x40AB, 0x40AB, 0x38AA, 0x38AA, 0x38AA,
    0x38AA, 0x38AA, 0x38AA, 0x38AA, 0x38AA, 0x38AA, 0x38AA, 0x38AA,
    0x38AA, 0x38AA, 0x38CA, 0x38AA, 0x38AA, 0x38AA, 0x38AA, 0x38AA,
    0x38AA, 0x38AA, 0x38AA, 0x38AA, 0x38AA, 0x38AA, 0x38AA, 0x38AA,
    0x38AA, 0x38AA, 0x38A9, 0x3889, 0x388A, 0x38A9, 0x38A9, 0x38C9,
    0x30A8, 0x2066, 0x1024, 0x0001, 0x0000, 0x0000, 0x0000, 0x0000,
    0x0000, 0x0000, 0x0000, 0x0000, 0x0000, 0x0000, 0x0000, 0x0000,
    0x0000, 0x0000, 0x0000, 0x0000, 0x0000, 0x0000, 0x0000, 0x0000,
    0x0000, 0x0000, 0x1022, 0x1023, 0x1023, 0x1043, 0x1044, 0x1844,
    0x1844, 0x2065, 0x2065, 0x2066, 0x2046, 0x2066, 0x2067, 0x2867,
    0x2887, 0x3088, 0x30A8, 0x30A8, 0x30A8, 0x38A9, 0x38CA, 0x38AA,
    0x38AA, 0x38AA, 0x38CA, 0x40CB, 0x40CB, 0x40CB, 0x40CB, 0x40CB,
    0x40CB, 0x40CC, 0x40CC, 0x40CC, 0x40CB, 0x40CB, 0x40CB, 0x40AB,
    0x40AB, 0x40CB, 0x40CB, 0x40CB, 0x40CB, 0x40CB, 0x40CB, 0x40CB,
    0x40CB, 0x40CB, 0x40AB, 0x40AB, 0x40AB, 0x40AB, 0x40AB, 0x40AB,
    0x40AB, 0x40AB, 0x40AB, 0x40AB, 0x38CA, 0x40CA, 0x40CA, 0x40CA,
    0x40CA, 0x40CA, 0x40CA, 0x40CA, 0x40CA, 0x40CA, 0x38CA, 0x38CA,
    0x38CA, 0x38CA, 0x38CA, 0x38CA, 0x38AA, 0x38AA, 0x38AA, 0x38AA,
    0x38AA, 0x38AA, 0x38AA, 0x38AA, 0x38AA, 0x38A9, 0x38A9, 0x38AA,
    0x38A9, 0x38C9, 0x38E9, 0x30C8, 0x2087, 0x1024, 0x0001, 0x0000,
    0x0000, 0x0000, 0x0000, 0x0000, 0x0000, 0x0000, 0x0000, 0x0000,
    0x0000, 0x0000, 0x0000, 0x0000, 0x0000, 0x0000, 0x0000, 0x0000,
    0x0000, 0x0000, 0x0000, 0x0000, 0x0000, 0x1023, 0x1023, 0x1023,
    0x1044, 0x1844, 0x1844, 0x1844, 0x2065, 0x2065, 0x2066, 0x2066,
    0x2066, 0x2867, 0x2887, 0x3088, 0x3088, 0x30A9, 0x30A9, 0x30A9,
    0x38A9, 0x40AA, 0x40CA, 0x40CA, 0x40CB, 0x40CB, 0x40CB, 0x40CB,
    0x40CC, 0x40CC, 0x40CC, 0x40CC, 0x48CC, 0x40EC, 0x40EC, 0x40EC,
    0x48CC, 0x48CC, 0x48CC, 0x48CC, 0x40CC, 0x40CC, 0x40CC, 0x40CC,
    0x40CC, 0x40CC, 0x40CC, 0x40CC, 0x40CC, 0x40CC, 0x40CC, 0x40CB,
    0x40CB, 0x40CB, 0x40CB, 0x40AB, 0x40AB, 0x40AB, 0x40CB, 0x40CB,
    0x40CB, 0x40CB, 0x40CB, 0x40CB, 0x40CB, 0x40CB, 0x40CB, 0x40CB,
    0x40CA, 0x40CA, 0x40CA, 0x40CA, 0x40CA, 0x40CA, 0x38CA, 0x38AA,
    0x40CA, 0x40CA, 0x38AA, 0x38AA, 0x38AA, 0x38AA, 0x38AA, 0x38AA,
    0x38AA, 0x38AA, 0x38AA, 0x38AA, 0x38CA, 0x38EA, 0x38C9, 0x2887,
    0x1024, 0x0001, 0x0000, 0x0000, 0x0000, 0x0000, 0x0000, 0x0000,
    0x0000, 0x0000, 0x0000, 0x0000, 0x0000, 0x0000, 0x0000, 0x0000,
    0x0000, 0x0000, 0x0000, 0x0000, 0x0000, 0x0000, 0x0000, 0x0000,
    0x1044, 0x1044, 0x1844, 0x1844, 0x1844, 0x1844, 0x1845, 0x2065,
    0x2065, 0x2866, 0x2867, 0x2867, 0x2887, 0x3088, 0x3088, 0x3889,
    0x38A9, 0x38AA, 0x38AA, 0x38AA, 0x40AB, 0x40AB, 0x40CB, 0x48CC,
    0x48CC, 0x48CC, 0x48EC, 0x48ED, 0x48ED, 0x48CD, 0x48CD, 0x48CD,
    0x48ED, 0x48ED, 0x50ED, 0x48ED, 0x48ED, 0x48ED, 0x48EC, 0x48CC,
    0x48CD, 0x48CD, 0x48ED, 0x48CC, 0x48CC, 0x48CC, 0x48CC, 0x48CC,
    0x48CC, 0x40CC, 0x48EC, 0x48EC, 0x48EC, 0x48CC, 0x40CC, 0x40CC,
    0x40CC, 0x40CC, 0x40CC, 0x40CC, 0x40CC, 0x40CC, 0x40CC, 0x40CC,
    0x40CC, 0x40CB, 0x40CB, 0x40CB, 0x40CB, 0x40CB, 0x40CB, 0x40CB,
    0x40CB, 0x40CB, 0x40CB, 0x40CB, 0x40CB, 0x40CB, 0x40CB, 0x40CB,
    0x40CB, 0x40CB, 0x40CB, 0x40CB, 0x40AB, 0x40AB, 0x38AB, 0x40CB,
    0x40CA, 0x38CA, 0x2888, 0x1024, 0x0001, 0x0000, 0x0000, 0x0000,
    0x0000, 0x0000, 0x0000, 0x0000, 0x0000, 0x0000, 0x0000, 0x0000,
    0x0000, 0x0000, 0x0000, 0x0000, 0x0000, 0x0000, 0x0000, 0x0000,
    0x0000, 0x0000, 0x0000, 0x1844, 0x1844, 0x1844, 0x1844, 0x1844,
    0x1845, 0x2045, 0x2065, 0x2066, 0x2866, 0x2867, 0x2887, 0x3088,
    0x3088, 0x3889, 0x3889, 0x38AA, 0x38AA, 0x38AB, 0x40CB, 0x40CB,
    0x40CC, 0x48CC, 0x48ED, 0x48EC, 0x48EC, 0x48ED, 0x50ED, 0x50ED,
    0x50ED, 0x50CD, 0x50CD, 0x50EE, 0x50EE, 0x50EE, 0x50ED, 0x50ED,
    0x48ED, 0x50ED, 0x50ED, 0x50ED, 0x50ED, 0x48ED, 0x48ED, 0x48ED,
    0x48ED, 0x48ED, 0x48ED, 0x48ED, 0x48ED, 0x48ED, 0x48ED, 0x48EC,
    0x48EC, 0x48EC, 0x48EC, 0x48EC, 0x48EC, 0x48CC, 0x48CC, 0x48CC,
    0x48CC, 0x48CC, 0x48CC, 0x48CC, 0x48CC, 0x48CC, 0x48CC, 0x40CC,
    0x40CC, 0x40CC, 0x40CC, 0x40CC, 0x40CC, 0x40CC, 0x40CC, 0x40CC,
    0x40CB, 0x40CB, 0x40CB, 0x40CB, 0x40CB, 0x40CB, 0x40CB, 0x40CC,
    0x40AC, 0x40AB, 0x40CB, 0x40CB, 0x40CA, 0x3068, 0x1824, 0x0000,
    0x0000, 0x0000, 0x0000, 0x0000, 0x0000, 0x0000, 0x0000, 0x0000,
    0x0000, 0x0000, 0x0000, 0x0000, 0x0000, 0x0000, 0x0000, 0x0000,
    0x0000, 0x0000, 0x0000, 0x0000, 0x0000, 0x0000, 0x1824, 0x1824,
    0x1844, 0x1864, 0x1865, 0x2065, 0x2065, 0x2066, 0x2866, 0x2867,
    0x2887, 0x3088, 0x3088, 0x3889, 0x38AA, 0x38AA, 0x40AB, 0x40CB,
    0x40CB, 0x40CC, 0x48CC, 0x48ED, 0x50ED, 0x50ED, 0x50ED, 0x50ED,
    0x50EE, 0x50EE, 0x50EE, 0x50EE, 0x50EE, 0x50EE, 0x50EE, 0x50EE,
    0x510E, 0x510E, 0x510E, 0x510E, 0x510E, 0x50EE, 0x50EE, 0x50EE,
    0x50EE, 0x50EE, 0x50EE, 0x510E, 0x510E, 0x510E, 0x50EE, 0x50ED,
    0x50ED, 0x50ED, 0x50ED, 0x48ED, 0x48ED, 0x48ED, 0x50ED, 0x50ED,
    0x48ED, 0x48ED, 0x48ED, 0x48ED, 0x48ED, 0x48CD, 0x48CD, 0x48CD,
    0x48ED, 0x48EC, 0x48EC, 0x48CC, 0x48EC, 0x48CC, 0x48CC, 0x48CC,
    0x48CC, 0x48EC, 0x48CC, 0x40CC, 0x40CB, 0x40CC, 0x40CC, 0x40CC,
    0x40CC, 0x40CC, 0x40CC, 0x40CC, 0x40CC, 0x40CC, 0x40EB, 0x40CA,
    0x3088, 0x1824, 0x0001, 0x0000, 0x0000, 0x0000, 0x0000, 0x0000,
    0x0000, 0x0000, 0x0000, 0x0000, 0x0000, 0x0000, 0x0000, 0x0000,
    0x0000, 0x0000, 0x0000, 0x0000, 0x0000, 0x0000, 0x0000, 0x0000,
    0x0000, 0x1824, 0x1824, 0x1844, 0x1865, 0x2065, 0x2065, 0x2066,
    0x2886, 0x2887, 0x2887, 0x3088, 0x3088, 0x3889, 0x38AA, 0x38AA,
    0x40AB, 0x40CB, 0x40CC, 0x48CC, 0x48ED, 0x50ED, 0x50EE, 0x50EE,
    0x510E, 0x510E, 0x50EE, 0x58EE, 0x58EF, 0x590F, 0x590F, 0x590F,
    0x590F, 0x590F, 0x590F, 0x590F, 0x590F, 0x590F, 0x590F, 0x590F,
    0x590F, 0x590F, 0x590F, 0x590F, 0x58EF, 0x590F, 0x590F, 0x590F,
    0x590F, 0x510E, 0x50EE, 0x50EE, 0x50EE, 0x50EE, 0x50EE, 0x50EE,
    0x50EE, 0x50EE, 0x50EE, 0x50EE, 0x50ED, 0x50ED, 0x50ED, 0x50ED,
    0x50ED, 0x50ED, 0x48ED, 0x48ED, 0x48ED, 0x48ED, 0x48ED, 0x48ED,
    0x48ED, 0x48ED, 0x48ED, 0x48ED, 0x48ED, 0x48ED, 0x48CC, 0x48CC,
    0x48CC, 0x48CC, 0x48CC, 0x48EC, 0x40EC, 0x48CC, 0x48CC, 0x40CC,
    0x40EC, 0x490C, 0x40EB, 0x3088, 0x1825, 0x0001, 0x0000, 0x0000,
    0x0000, 0x0000, 0x0000, 0x0000, 0x0000, 0x0000, 0x0000, 0x0000,
    0x0000, 0x0000, 0x0000, 0x0000, 0x0000, 0x0000, 0x0000, 0x0000,
    0x0000, 0x0000, 0x0000, 0x0000, 0x1845, 0x1845, 0x1845, 0x2045,
    0x2066, 0x2066, 0x2066, 0x2887, 0x2887, 0x3088, 0x3089, 0x3889,
    0x38AA, 0x38AA, 0x40AB, 0x40AB, 0x48CC, 0x48CD, 0x48CD, 0x50CD,
    0x50EE, 0x50EF, 0x590F, 0x590F, 0x590F, 0x58EF, 0x58EF, 0x6110,
    0x6110, 0x6130, 0x6131, 0x6131, 0x6111, 0x6131, 0x6131, 0x6130,
    0x5910, 0x5910, 0x590F, 0x5910, 0x6130, 0x6110, 0x5910, 0x590F,
    0x590F, 0x590F, 0x590F, 0x590F, 0x590F, 0x590F, 0x590F, 0x590F,
    0x590F, 0x590F, 0x590F, 0x590F, 0x590F, 0x590F, 0x510F, 0x50EE,
    0x50EE, 0x50EE, 0x50EE, 0x50EE, 0x50EE, 0x50EE, 0x50EE, 0x50EE,
    0x50EE, 0x50EE, 0x50ED, 0x50ED, 0x50ED, 0x48ED, 0x48CD, 0x50ED,
    0x50ED, 0x50ED, 0x50ED, 0x50ED, 0x50ED, 0x50ED, 0x48ED, 0x490D,
    0x50ED, 0x50CD, 0x48CD, 0x48CC, 0x490C, 0x48EB, 0x3089, 0x1825,
    0x0001, 0x0000, 0x0000, 0x0000, 0x0000, 0x0000, 0x0000, 0x0000,
    0x0000, 0x0000, 0x0000, 0x0000, 0x0000, 0x0000, 0x0000, 0x0000,
    0x0000, 0x0000, 0x0000, 0x0000, 0x0000, 0x0000, 0x0000, 0x1845,
    0x1845, 0x2065, 0x2066, 0x2066, 0x2066, 0x2867, 0x2887, 0x3087,
    0x3088, 0x3889, 0x38AA, 0x38AA, 0x40AB, 0x40AB, 0x48AC, 0x48CD,
    0x48CD, 0x50EE, 0x50EE, 0x58EF, 0x58EF, 0x590F, 0x5910, 0x6110,
    0x5910, 0x6110, 0x6931, 0x6931, 0x6131, 0x6131, 0x6131, 0x6931,
    0x6931, 0x6131, 0x6131, 0x6131, 0x6131, 0x6111, 0x6111, 0x6131,
    0x6131, 0x6110, 0x6110, 0x6110, 0x6110, 0x6110, 0x6130, 0x5910,
    0x5910, 0x5910, 0x6110, 0x6110, 0x5910, 0x5910, 0x5910, 0x5910,
    0x5910, 0x592F, 0x592F, 0x592F, 0x592F, 0x592F, 0x590F, 0x590F,
    0x590F, 0x590F, 0x590F, 0x590F, 0x590E, 0x590E, 0x590E, 0x510E,
    0x510E, 0x510E, 0x510E, 0x510E, 0x50EE, 0x50CE, 0x50EE, 0x50EE,
    0x50EE, 0x50ED, 0x48CD, 0x48CD, 0x48CD, 0x48CD, 0x48ED, 0x512D,
    0x490C, 0x3889, 0x1825, 0x0001, 0x0000, 0x0000, 0x0000, 0x0000,
    0x0000, 0x0000, 0x0000, 0x0000, 0x0000, 0x0000, 0x0000, 0x0000,
    0x0000, 0x0000, 0x0000, 0x0000, 0x0000, 0x0000, 0x0000, 0x0000,
    0x0000, 0x0000, 0x1845, 0x1865, 0x2066, 0x2066, 0x2066, 0x2867,
    0x2867, 0x3087, 0x3088, 0x3089, 0x3889, 0x38AA, 0x40AB, 0x40CB,
    0x48CC, 0x48CD, 0x50ED, 0x50EE, 0x510E, 0x590F, 0x590F, 0x5910,
    0x5910, 0x6131, 0x6131, 0x6131, 0x6932, 0x6952, 0x6932, 0x6111,
    0x6111, 0x6131, 0x6931, 0x6131, 0x6130, 0x6151, 0x7153, 0x7153,
    0x6932, 0x6932, 0x6912, 0x6911, 0x6911, 0x6931, 0x6932, 0x6931,
    0x6931, 0x6931, 0x6931, 0x6111, 0x6110, 0x6130, 0x6951, 0x6951,
    0x6951, 0x6951, 0x6971, 0x6991, 0x69B1, 0x71D1, 0x71F1, 0x71F1,
    0x71F1, 0x71F1, 0x71F1, 0x71F1, 0x71F1, 0x71F1, 0x71F1, 0x69F1,
    0x69F1, 0x69F1, 0x69D1, 0x69D0, 0x69D0, 0x61D0, 0x6190, 0x614F,
    0x590F, 0x58EF, 0x590F, 0x50EE, 0x50CD, 0x48CD, 0x40AC, 0x48AD,
    0x48CC, 0x510D, 0x516D, 0x514C, 0x38A9, 0x2045, 0x0002, 0x0000,
    0x0020, 0x0000, 0x0000, 0x0000, 0x0000, 0x0000, 0x0000, 0x0000,
    0x0000, 0x0000, 0x0000, 0x0000, 0x0000, 0x0000, 0x0000, 0x0000,
    0x0000, 0x0000, 0x0000, 0x0000, 0x0000, 0x2045, 0x2066, 0x2066,
    0x2066, 0x2866, 0x2887, 0x2887, 0x3088, 0x3088, 0x3889, 0x38AA,
    0x38AA, 0x40AB, 0x48CC, 0x48CC, 0x50ED, 0x510E, 0x510E, 0x510F,
    0x590F, 0x6110, 0x6131, 0x6931, 0x6131, 0x6131, 0x6931, 0x6932,
    0x7153, 0x6952, 0x6931, 0x6111, 0x6111, 0x6131, 0x6131, 0x6131,
    0x6952, 0x7154, 0x7174, 0x7173, 0x6952, 0x6951, 0x6951, 0x6951,
    0x6952, 0x7173, 0x7173, 0x7173, 0x6953, 0x6953, 0x7152, 0x6972,
    0x6951, 0x6111, 0x60F1, 0x5910, 0x5910, 0x5910, 0x58EF, 0x58CF,
    0x58CF, 0x58EF, 0x58CF, 0x50CF, 0x50CF, 0x50CF, 0x50CF, 0x50AE,
    0x50AE, 0x50CE, 0x50CE, 0x50CE, 0x50AE, 0x50AE, 0x50CE, 0x50CE,
    0x488E, 0x488E, 0x50EE, 0x510D, 0x50ED, 0x48CD, 0x48CD, 0x50EE,
    0x592F, 0x510E, 0x50EE, 0x50ED, 0x512E, 0x594E, 0x510C, 0x3869,
    0x1805, 0x0001, 0x0000, 0x0000, 0x0020, 0x0020, 0x0000, 0x0000,
    0x0000, 0x0000, 0x0000, 0x0000, 0x0000, 0x0000, 0x0000, 0x0000,
    0x0000, 0x0000, 0x0000, 0x0000, 0x0000, 0x0000, 0x0000, 0x0000,
    0x2046, 0x2046, 0x2066, 0x2866, 0x2867, 0x2887, 0x2888, 0x30A8,
    0x30A8, 0x38A9, 0x38AA, 0x40AB, 0x40CC, 0x48CC, 0x50ED, 0x510E,
    0x510F, 0x590F, 0x590F, 0x6110, 0x6130, 0x7152, 0x7153, 0x7132,
    0x6930, 0x7111, 0x7131, 0x7132, 0x7153, 0x7153, 0x7133, 0x6913,
    0x6913, 0x6913, 0x6913, 0x6933, 0x6955, 0x7174, 0x6993, 0x69D1,
    0x69F1, 0x69F1, 0x69F2, 0x7213, 0x7A34, 0x7A35, 0x7A16, 0x79F6,
    0x79F6, 0x8236, 0x8255, 0x79F3, 0x6112, 0x58B1, 0x50D0, 0x48CE,
    0x488D, 0x402D, 0x300D, 0x280C, 0x200B, 0x180A, 0x180A, 0x1809,
    0x200A, 0x2009, 0x1809, 0x1808, 0x1808, 0x1809, 0x1809, 0x1809,
    0x1809, 0x200A, 0x200A, 0x200A, 0x280B, 0x386B, 0x492B, 0x492B,
    0x40EB, 0x490C, 0x61B0, 0x7A53, 0x8253, 0x71F2, 0x69B0, 0x6190,
    0x5950, 0x50EE, 0x386A, 0x1805, 0x0001, 0x0000, 0x0841, 0x0040,
    0x0040, 0x0020, 0x0000, 0x0000, 0x0000, 0x0000, 0x0000, 0x0000,
    0x0000, 0x0000, 0x0000, 0x0000, 0x0000, 0x0000, 0x0000, 0x0000,
    0x0000, 0x0000, 0x0000, 0x2046, 0x2046, 0x2866, 0x2866, 0x2887,
    0x2887, 0x2888, 0x30A8, 0x30A9, 0x38A9, 0x38AA, 0x40CB, 0x48CC,
    0x48ED, 0x510E, 0x510E, 0x590F, 0x590F, 0x6110, 0x6110, 0x6131,
    0x6953, 0x7174, 0x7152, 0x6931, 0x6931, 0x7132, 0x7132, 0x7153,
    0x7173, 0x7954, 0x7954, 0x7154, 0x7154, 0x7154, 0x7154, 0x6954,
    0x6953, 0x6973, 0x7172, 0x6972, 0x6952, 0x6131, 0x6112, 0x6112,
    0x60F2, 0x58D3, 0x58D3, 0x6113, 0x6953, 0x71B3, 0x6992, 0x6131,
    0x58F1, 0x6171, 0x61B0, 0x618F, 0x5950, 0x58F1, 0x48B0, 0x48AF,
    0x48AF, 0x50AF, 0x50AF, 0x50AF, 0x50CF, 0x50CF, 0x50CE, 0x50CE,
    0x50CE, 0x50CE, 0x50CE, 0x50AE, 0x50CF, 0x50CF, 0x508F, 0x50CF,
    0x598F, 0x622F, 0x59EE, 0x518D, 0x516D, 0x69D0, 0x8253, 0x7A13,
    0x6991, 0x592F, 0x50EE, 0x48ED, 0x492D, 0x514C, 0x28A7, 0x0001,
    0x0000, 0x0000, 0x0000, 0x0020, 0x0000, 0x0000, 0x0000, 0x0000,
    0x0000, 0x0000, 0x0000, 0x0000, 0x0000, 0x0000, 0x0000, 0x0000,
    0x0000, 0x0000, 0x0000, 0x0000, 0x0000, 0x0000, 0x2066, 0x2866,
    0x2866, 0x2867, 0x2887, 0x2888, 0x3088, 0x30A9, 0x38A9, 0x38CA,
    0x40CB, 0x40CC, 0x48ED, 0x50ED, 0x510E, 0x590F, 0x590F, 0x6130,
    0x6131, 0x6132, 0x6132, 0x6152, 0x6173, 0x6973, 0x6953, 0x6953,
    0x6953, 0x6953, 0x7173, 0x7194, 0x79B4, 0x81D5, 0x81F5, 0x8215,
    0x8215, 0x8214, 0x81F3, 0x79B3, 0x8174, 0x8115, 0x7895, 0x7034,
    0x6012, 0x500F, 0x400E, 0x380D, 0x300D, 0x300D, 0x380D, 0x400D,
    0x486D, 0x590F, 0x6170, 0x7212, 0x8AF4, 0x9B96, 0xA3F7, 0xB479,
    0xC4FA, 0xC53B, 0xCD9C, 0xD5FD, 0xE65E, 0xE67E, 0xE69E, 0xEEBE,
    0xEEDE, 0xF6DF, 0xEEDF, 0xEEDE, 0xEEDE, 0xEE9E, 0xE67D, 0xDE3C,
    0xD5FC, 0xCD9B, 0xC51A, 0xACB8, 0x9C36, 0x9395, 0x82F4, 0x7251,
    0x69F0, 0x6190, 0x50EE, 0x406C, 0x382B, 0x384A, 0x38CA, 0x5A0D,
    0x72EF, 0x4A0A, 0x0842, 0x0000, 0x0000, 0x0000, 0x0000, 0x0000,
    0x0000, 0x0000, 0x0020, 0x0000, 0x0000, 0x0000, 0x0000, 0x0000,
    0x0000, 0x0000, 0x0000, 0x0000, 0x0000, 0x0000, 0x0000, 0x0000,
    0x0000, 0x2866, 0x2866, 0x2867, 0x2867, 0x2888, 0x3088, 0x3088,
    0x30A9, 0x38AA, 0x38AB, 0x40CB, 0x48CC, 0x48ED, 0x50EE, 0x510E,
    0x590F, 0x6131, 0x6931, 0x6932, 0x6952, 0x6152, 0x6153, 0x6153,
    0x6974, 0x6974, 0x7195, 0x7195, 0x7175, 0x7995, 0x7996, 0x7995,
    0x8195, 0x8175, 0x7974, 0x7954, 0x7133, 0x70F2, 0x70D2, 0x70B4,
    0x7094, 0x7075, 0x7895, 0x78B5, 0x78D4, 0x70D3, 0x6911, 0x6951,
    0x69B1, 0x71D1, 0x7211, 0x7A92, 0x8B54, 0x9BF5, 0xB497, 0xCD7A,
    0xD5DB, 0xDE3D, 0xEEFF, 0xFF9F, 0xFFFF, 0xFFFF, 0xFFFF, 0xFFFF,
    0xFFFF, 0xFFFF, 0xFFFF, 0xFFFF, 0xFFFF, 0xFFFF, 0xFFFF, 0xFFFF,
    0xFFFF, 0xFFFF, 0xFFFF, 0xFFFF, 0xFFFF, 0xFFDF, 0xEEFE, 0xD63D,
    0xCDBC, 0xC55B, 0xB4B8, 0xA416, 0x9374, 0x8312, 0x7AB1, 0x7251,
    0x6A50, 0x6A6F, 0x732F, 0x734F, 0x49EA, 0x1023, 0x1043, 0x2104,
    0x1081, 0x0000, 0x0000, 0x0000, 0x0000, 0x0000, 0x0000, 0x0000,
    0x0000, 0x0000, 0x0000, 0x0000, 0x0000, 0x0000, 0x0000, 0x0000,
    0x0000, 0x0000, 0x0000, 0x0000, 0x2867, 0x2867, 0x2887, 0x2888,
    0x2888, 0x3088, 0x3089, 0x38AA, 0x38AA, 0x40AB, 0x40CC, 0x48CD,
    0x50EE, 0x510F, 0x590F, 0x6111, 0x6933, 0x7153, 0x6952, 0x6952,
    0x7173, 0x7173, 0x7173, 0x7974, 0x7996, 0x81D7, 0x81D7, 0x89D8,
    0x91D9, 0x91D9, 0x8998, 0x8116, 0x7095, 0x6834, 0x6013, 0x5813,
    0x5812, 0x5813, 0x5813, 0x58B2, 0x6993, 0x8AB7, 0xB3FB, 0xD51E,
    0xE61F, 0xF6FF, 0xFF9F, 0xFFDF, 0xFFDF, 0xFFBF, 0xFFBF, 0xFFDF,
    0xFFDF, 0xFFFF, 0xFFFF, 0xFFFF, 0xFFFF, 0xFFFF, 0xFFFF, 0xFFFF,
    0xFFFF, 0xFFFF, 0xFFFF, 0xFFFF, 0xFFFF, 0xFFFF, 0xFFFF, 0xFFFF,
    0xFFFF, 0xFFFF, 0xFFFF, 0xFFFF, 0xFFFF, 0xFFFF, 0xFFFF, 0xFFFF,
    0xFFFF, 0xFFFF, 0xFFDF, 0xFFFF, 0xFFFF, 0xFFFF, 0xFFDF, 0xFFDF,
    0xFFDF, 0xFFDF, 0xF73F, 0xE67E, 0xC57A, 0x9C54, 0x6ACE, 0x3929,
    0x2866, 0x41C9, 0x5AEA, 0x3A27, 0x18E3, 0x0881, 0x0041, 0x0000,
    0x0000, 0x0000, 0x0000, 0x0000, 0x0000, 0x0000, 0x0000, 0x0000,
    0x0000, 0x0000, 0x0000, 0x0000, 0x0000, 0x0000, 0x0000, 0x2847,
    0x2867, 0x2888, 0x2888, 0x3088, 0x3089, 0x30A9, 0x38AA, 0x40AB,
    0x40CB, 0x48CC, 0x50CD, 0x50EE, 0x590F, 0x5910, 0x6111, 0x7133,
    0x7153, 0x6952, 0x6972, 0x7994, 0x7995, 0x8194, 0x8175, 0x8176,
    0x8997, 0x8977, 0x8957, 0x8938, 0x8138, 0x80F7, 0x78B6, 0x7095,
    0x70B5, 0x7916, 0x8177, 0x89B7, 0x8A17, 0x8AB7, 0x8B56, 0x9C56,
    0xBD7A, 0xE6BF, 0xFFBF, 0xFFFF, 0xFFFF, 0xFFFF, 0xFFFF, 0xFFFF,
    0xFFFF, 0xFFFF, 0xFFFF, 0xFFFF, 0xFFFF, 0xFFFF, 0xFFFF, 0xFFFF,
    0xFFFF, 0xFFFF, 0xFFFF, 0xF7DE, 0xF7BE, 0xF79E, 0xF79E, 0xEF7E,
    0xEF7D, 0xEF7D, 0xEF5D, 0xEF5D, 0xEF5D, 0xEF7D, 0xEF7D, 0xF77E,
    0xF79E, 0xF7BE, 0xFFDF, 0xFFFF, 0xFFFF, 0xFFFF, 0xFFFF, 0xFFFF,
    0xFFFF, 0xFFFF, 0xFFFF, 0xFFFF, 0xFFFF, 0xFFFF, 0xFFFF, 0xFF9F,
    0xCE1A, 0x9453, 0x7B30, 0x7310, 0x7BCF, 0x6BAC, 0x4208, 0x2925,
    0x2945, 0x2104, 0x0020, 0x0000, 0x0020, 0x0000, 0x0000, 0x0000,
    0x0000, 0x0000, 0x0000, 0x0000, 0x0000, 0x0000, 0x0000, 0x0000,
    0x0000, 0x0000, 0x2047, 0x2867, 0x2888, 0x3088, 0x3088, 0x3089,
    0x38A9, 0x38AA, 0x40CB, 0x40CC, 0x48CD, 0x48CD, 0x50EE, 0x5910,
    0x6130, 0x6131, 0x6932, 0x6932, 0x6952, 0x7173, 0x8175, 0x8996,
    0x89B6, 0x8996, 0x8976, 0x8956, 0x8115, 0x78B5, 0x7074, 0x7074,
    0x70B4, 0x7135, 0x8A16, 0xA339, 0xCCBD, 0xE61F, 0xFF1F, 0xFF9F,
    0xFFDF, 0xF7DE, 0xF7DE, 0xFFFF, 0xFFFF, 0xFFFF, 0xFFFF, 0xFFFF,
    0xFFFF, 0xFFFF, 0xFFFF, 0xFFFF, 0xFFFF, 0xFFFF, 0xFFFF, 0xFFFF,
    0xFFFF, 0xFFFF, 0xFFFF, 0xFFFF, 0xFFFF, 0xFFDF, 0xFFDF, 0xFFDF,
    0xFFDF, 0xFFDF, 0xFFDF, 0xFFDF, 0xFFDF, 0xFFDF, 0xFFDF, 0xFFDF,
    0xFFDF, 0xFFDF, 0xFFDF, 0xFFDF, 0xFFDF, 0xFFDF, 0xFFFF, 0xFFFF,
    0xFFFF, 0xFFFF, 0xFFFF, 0xFFFF, 0xFFFF, 0xFFFE, 0xFFFE, 0xFFFF,
    0xFFFF, 0xFFFF, 0xFFFF, 0xFFFF, 0xF79E, 0xF79E, 0xE71C, 0xADB5,
    0x636C, 0x3967, 0x3948, 0x4A49, 0x4248, 0x2124, 0x0861, 0x0861,
    0x0841, 0x0020, 0x0000, 0x0000, 0x0000, 0x0000, 0x0000, 0x0000,
    0x0000, 0x0000, 0x0000, 0x0000, 0x0000, 0x2847, 0x2867, 0x2888,
    0x3088, 0x3088, 0x3089, 0x38AA, 0x40CA, 0x40CB, 0x40CC, 0x48CD,
    0x50CE, 0x50EF, 0x5910, 0x6131, 0x6932, 0x6932, 0x6932, 0x7154,
    0x7954, 0x8135, 0x8955, 0x8976, 0x8176, 0x8135, 0x7915, 0x7915,
    0x7114, 0x8195, 0x9276, 0x9B17, 0xA3D8, 0xBCBA, 0xD5FD, 0xFF5F,
    0xFFFF, 0xFFFF, 0xFFFF, 0xFFFF, 0xFFFF, 0xFFFF, 0xFFFF, 0xFFFF,
    0xFFFE, 0xF7BD, 0xEF7D, 0xEF3D, 0xE73D, 0xE73D, 0xE73D, 0xEF5D,
    0xEF5D, 0xEF7E, 0xF77E, 0xF77E, 0xF79E, 0xF7BE, 0xFF9F, 0xFF9F,
    0xFFBF, 0xFFBF, 0xFFBF, 0xFFDF, 0xFFDF, 0xFFDF, 0xFFDF, 0xFFDF,
    0xFFDF, 0xFFDF, 0xFFDF, 0xFFDF, 0xFFDF, 0xFFDF, 0xFFDF, 0xFFBF,
    0xFFBF, 0xFFBF, 0xF79F, 0xF79E, 0xF79E, 0xF79E, 0xF77D, 0xEF7D,
    0xEF5C, 0xEF5C, 0xEF5D, 0xEF7D, 0xF7BE, 0xFFFF, 0xFFFF, 0xFFFF,
    0xFFFF, 0xFFFF, 0xDF1B, 0x94D2, 0x732F, 0x6AAE, 0x62EC, 0x52CA,
    0x4207, 0x2965, 0x2104, 0x1082, 0x0841, 0x0020, 0x0000, 0x0000,
    0x0000, 0x0000, 0x0000, 0x0000, 0x0000, 0x0000, 0x0000, 0x0000,
    0x2868, 0x2868, 0x3088, 0x3089, 0x3089, 0x30A9, 0x38AA, 0x40CB,
    0x40CC, 0x48ED, 0x48ED, 0x50EE, 0x5910, 0x6131, 0x7132, 0x7133,
    0x7133, 0x7154, 0x7975, 0x8155, 0x88F4, 0x8114, 0x8156, 0x7956,
    0x7156, 0x71B7, 0x7A37, 0x8AF8, 0xB4BB, 0xE69E, 0xFF9F, 0xFFDF,
    0xFFFF, 0xFFFF, 0xFFFF, 0xFFFF, 0xFFFF, 0xFFFF, 0xFFFF, 0xFFFF,
    0xFFFF, 0xFFFF, 0xFFFF, 0xFFFF, 0xFFFF, 0xFFDF, 0xFFDF, 0xFFDF,
    0xFFDF, 0xFFFF, 0xFFDF, 0xFFFF, 0xFFFF, 0xFFFF, 0xFFFF, 0xFFFF,
    0xFFFF, 0xFFFF, 0xFFFF, 0xFFFF, 0xFFFF, 0xFFFF, 0xFFFF, 0xFFFF,
    0xFFFF, 0xFFFF, 0xFFFF, 0xFFFF, 0xFFFF, 0xFFFF, 0xFFFF, 0xFFFF,
    0xFFFF, 0xFFFF, 0xFFFF, 0xFFFF, 0xFFFF, 0xFFFF, 0xFFFF, 0xFFDF,
    0xFFDF, 0xFFFF, 0xFFFF, 0xFFFF, 0xFFFF, 0xFFDF, 0xFFFF, 0xFFFF,
    0xFFFF, 0xFFFF, 0xFFFF, 0xFFFF, 0xFFFF, 0xFFFF, 0xF7BE, 0xDEDB,
    0xB556, 0x7BCF, 0x5B0B, 0x52AA, 0x528A, 0x4208, 0x2945, 0x18C3,
    0x10A2, 0x1082, 0x0841, 0x0000, 0x0000, 0x0000, 0x0000, 0x0000,
    0x0000, 0x0000, 0x0000, 0x3068, 0x3068, 0x3088, 0x30A9, 0x30A9,
    0x30A9, 0x38AA, 0x40CB, 0x40EC, 0x48ED, 0x50EE, 0x590F, 0x6110,
    0x6932, 0x7133, 0x7133, 0x7133, 0x7134, 0x8175, 0x8155, 0x8914,
    0x8955, 0x8196, 0x79B7, 0x8238, 0x9B9A, 0xACBC, 0xBD9C, 0xE6FF,
    0xFFFF, 0xFFFF, 0xFFFF, 0xFFFF, 0xFFFF, 0xFFFE, 0xFFDD, 0xF77E,
    0xEF5F, 0xEF5E, 0xF75E, 0xF75E, 0xF77F, 0xFF9F, 0xFFBF, 0xFFDF,
    0xFFFF, 0xFFFF, 0xFFFF, 0xFFFF, 0xFFFF, 0xFFFF, 0xFFFF, 0xFFFF,
    0xFFFF, 0xFFFF, 0xFFFF, 0xFFFF, 0xFFFF, 0xFFFF, 0xFFFF, 0xFFFF,
    0xFFFF, 0xFFFF, 0xFFFF, 0xFFFF, 0xFFFF, 0xFFFF, 0xFFFF, 0xFFFF,
    0xFFFF, 0xFFFF, 0xFFFF, 0xFFFF, 0xFFFF, 0xFFFF, 0xFFFF, 0xFFFF,
    0xFFFF, 0xFFFF, 0xFFFF, 0xFFFF, 0xFFFF, 0xFFFF, 0xFFFF, 0xFFFF,
    0xFFFF, 0xFFFF, 0xFFDF, 0xF7BE, 0xF79E, 0xEF7D, 0xF77E, 0xFFDF,
    0xFFFF, 0xFFFF, 0xFFFF, 0xEF7D, 0xB5D6, 0x8430, 0x5AEC, 0x5AEB,
    0x5AEB, 0x4228, 0x2965, 0x2104, 0x18C3, 0x1082, 0x0841, 0x0000,
    0x0000, 0x0000, 0x0000, 0x0000, 0x0000, 0x0000, 0x3068, 0x3068,
    0x3088, 0x30A9, 0x30A9, 0x38A9, 0x38AA, 0x40CB, 0x40CC, 0x48ED,
    0x50EE, 0x58EF, 0x6110, 0x6132, 0x6932, 0x6933, 0x7133, 0x7133,
    0x7974, 0x8175, 0x8996, 0x9217, 0x9A98, 0x9AF9, 0xB41B, 0xE63F,
    0xFF9F, 0xFFDF, 0xFFFF, 0xFFFF, 0xFFFF, 0xFFFF, 0xFFFF, 0xFFFF,
    0xFFDE, 0xFFDF, 0xFFDF, 0xFFDF, 0xFFDF, 0xFFFF, 0xFFFF, 0xFFFF,
    0xFFFF, 0xFFFF, 0xFFFF, 0xFFFF, 0xFFFF, 0xFFFF, 0xFFFF, 0xFFFF,
    0xFFFF, 0xFFFF, 0xFFFF, 0xFFFF, 0xFFFF, 0xFFFF, 0xFFFF, 0xFFFF,
    0xFFFF, 0xFFFF, 0xFFFF, 0xFFFF, 0xFFFF, 0xFFFF, 0xFFFF, 0xFFFF,
    0xFFFF, 0xFFFF, 0xFFFF, 0xFFFF, 0xFFFF, 0xFFFF, 0xFFFF, 0xFFFF,
    0xFFFF, 0xFFFF, 0xFFFF, 0xFFFF, 0xFFFF, 0xFFFF, 0xFFFF, 0xFFFF,
    0xFFFF, 0xFFFF, 0xFFFF, 0xFFFF, 0xFFFF, 0xFFFF, 0xFFDF, 0xFFDF,
    0xFFDF, 0xF7BE, 0xFFBF, 0xFFFF, 0xFFFF, 0xFFFF, 0xFFFF, 0xFFFF,
    0xC639, 0x738E, 0x5AEB, 0x738E, 0x632C, 0x4228, 0x3186, 0x2104,
    0x18C3, 0x10A2, 0x0841, 0x0020, 0x0000, 0x0000, 0x0000, 0x0000,
    0x0000, 0x2868, 0x3088, 0x3088, 0x30A9, 0x38A9, 0x38AA, 0x38AA,
    0x40CB, 0x48CC, 0x48ED, 0x50EE, 0x590F, 0x6130, 0x6952, 0x6952,
    0x6952, 0x6933, 0x7133, 0x7994, 0x81D6, 0x8A58, 0xA31A, 0xB3DB,
    0xC4BC, 0xE63E, 0xFFDF, 0xFFFF, 0xFFFF, 0xFFFF, 0xFFBF, 0xF77F,
    0xF75E, 0xF77E, 0xF77E, 0xFF9F, 0xFFBF, 0xFFDF, 0xFFFF, 0xFFFF,
    0xFFFF, 0xFFFF, 0xFFFF, 0xFFFF, 0xFFFF, 0xFFFF, 0xFFFF, 0xFFFF,
    0xFFFF, 0xFFFF, 0xFFFF, 0xFFFF, 0xFFFF, 0xFFFF, 0xFFFF, 0xFFFF,
    0xFFFF, 0xFFFF, 0xFFFF, 0xFFFF, 0xFFFF, 0xFFFF, 0xFFFF, 0xFFFF,
    0xFFFF, 0xFFFF, 0xFFFF, 0xFFFF, 0xFFFF, 0xFFFF, 0xFFFF, 0xFFFF,
    0xFFFF, 0xFFFF, 0xFFFF, 0xFFFF, 0xFFFF, 0xFFFF, 0xFFFF, 0xFFFF,
    0xFFFF, 0xFFFF, 0xFFFF, 0xFFFF, 0xFFFF, 0xFFFF, 0xFFFF, 0xFFFF,
    0xFFFF, 0xFFFF, 0xFFDF, 0xFFFF, 0xFFFF, 0xF7DF, 0xF79E, 0xF79E,
    0xF79E, 0xFFFF, 0xFFFF, 0xF7BE, 0x9492, 0x73AE, 0x8C71, 0x8410,
    0x5ACB, 0x4208, 0x3186, 0x2104, 0x18E3, 0x1082, 0x0841, 0x0020,
    0x0020, 0x0020, 0x0000, 0x0000, 0x2888, 0x2888, 0x3088, 0x3089,
    0x38A9, 0x38AA, 0x40AB, 0x40CC, 0x48CD, 0x50ED, 0x50EE, 0x590F,
    0x6151, 0x6952, 0x6972, 0x7152, 0x7153, 0x7974, 0x89F6, 0x8A77,
    0x933A, 0xAC1C, 0xD55E, 0xEEBF, 0xFFDF, 0xFFFF, 0xFFFE, 0xFFFC,
    0xFFFC, 0xFFDE, 0xFFDF, 0xFFDF, 0xFFDF, 0xFFDF, 0xFFDF, 0xFFDF,
    0xFFFF, 0xFFFF, 0xFFFF, 0xFFFF, 0xFFFF, 0xFFFF, 0xFFFF, 0xFFFF,
    0xFFFF, 0xFFFF, 0xFFFF, 0xFFFF, 0xFFFF, 0xFFFF, 0xFFFF, 0xFFFF,
    0xFFFF, 0xFFFF, 0xFFFF, 0xFFFF, 0xFFFF, 0xFFFF, 0xFFFF, 0xFFFF,
    0xFFFF, 0xFFFF, 0xFFFF, 0xFFFF, 0xFFFF, 0xFFFF, 0xFFFF, 0xFFFF,
    0xFFFF, 0xFFFF, 0xFFFF, 0xFFFF, 0xFFFF, 0xFFFF, 0xFFFF, 0xFFFF,
    0xFFFF, 0xFFFF, 0xFFFF, 0xFFFF, 0xFFFF, 0xFFFF, 0xFFFF, 0xFFFF,
    0xFFFF, 0xFFFF, 0xFFFF, 0xFFFF, 0xFFFF, 0xFFFF, 0xFFFF, 0xFFFF,
    0xFFFF, 0xFFFF, 0xFFDF, 0xF7BE, 0xFFFF, 0xFFFF, 0xFFDF, 0xC638,
    0xB5B6, 0xB5B6, 0x9492, 0x6B4D, 0x52AA, 0x4208, 0x2965, 0x2104,
    0x10A2, 0x0861, 0x0020, 0x0020, 0x0020, 0x0000, 0x0000, 0x2888,
    0x2888, 0x3088, 0x3089, 0x3889, 0x388A, 0x40AB, 0x48CC, 0x48CD,
    0x50EE, 0x50EF, 0x5910, 0x6131, 0x6952, 0x7172, 0x7172, 0x7194,
    0x81D5, 0x9277, 0x9B39, 0xAC3B, 0xC55D, 0xEEDF, 0xFFDF, 0xFFFF,
    0xFFFE, 0xF7BC, 0xEF9B, 0xF7BC, 0xFFDD, 0xFFFF, 0xFFFF, 0xFFFF,
    0xFFDF, 0xFFDF, 0xFFFF, 0xFFFF, 0xFFFF, 0xFFFF, 0xFFFF, 0xFFFF,
    0xFFFF, 0xFFFF, 0xFFFF, 0xFFFF, 0xFFFF, 0xFFFF, 0xFFFF, 0xFFFF,
    0xFFFF, 0xFFFF, 0xFFFF, 0xFFFF, 0xFFFF, 0xFFFF, 0xFFFF, 0xFFFF,
    0xFFFF, 0xFFFF, 0xFFFF, 0xFFFF, 0xFFFF, 0xFFFF, 0xFFFF, 0xFFFF,
    0xFFFF, 0xFFFF, 0xFFFF, 0xFFFF, 0xFFFF, 0xFFFF, 0xFFFF, 0xFFFF,
    0xFFFF, 0xFFFF, 0xFFFF, 0xFFFF, 0xFFFF, 0xFFFF, 0xFFFF, 0xFFFF,
    0xFFFF, 0xFFFF, 0xFFFF, 0xFFFF, 0xFFFF, 0xFFFF, 0xFFFF, 0xFFFF,
    0xFFFF, 0xFFFF, 0xFFFF, 0xFFFF, 0xFFFF, 0xFFFF, 0xF7BE, 0xF7BE,
    0xFFFF, 0xFFFF, 0xEF7D, 0xE71C, 0xCE59, 0x9CD3, 0x73AE, 0x632C,
    0x528A, 0x31A6, 0x2124, 0x18C3, 0x1082, 0x0841, 0x0020, 0x0020,
    0x0000, 0x0000, 0x2868, 0x2888, 0x3088, 0x3089, 0x388A, 0x38AA,
    0x40AB, 0x48CC, 0x50ED, 0x50EE, 0x58EF, 0x590F, 0x6131, 0x6951,
    0x6972, 0x71B3, 0x79F5, 0x8A57, 0xA2F9, 0xB3FA, 0xC53B, 0xE6BE,
    0xFFDF, 0xFFFF, 0xFFFF, 0xFFFF, 0xF7BE, 0xF7DE, 0xF7FE, 0xFFFF,
    0xFFFF, 0xFFFF, 0xFFFF, 0xFFFF, 0xFFFF, 0xFFFF, 0xFFFF, 0xFFFF,
    0xFFFF, 0xFFFF, 0xFFFF, 0xFFFF, 0xFFFF, 0xFFFF, 0xFFFF, 0xFFFF,
    0xFFFF, 0xFFFF, 0xFFFF, 0xFFFF, 0xFFFF, 0xFFFF, 0xFFFF, 0xFFFF,
    0xFFFF, 0xFFFF, 0xFFFF, 0xFFFF, 0xFFFF, 0xFFFF, 0xFFFF, 0xFFFF,
    0xFFFF, 0xFFFF, 0xFFFF, 0xFFFF, 0xFFFF, 0xFFFF, 0xFFFF, 0xFFFF,
    0xFFFF, 0xFFFF, 0xFFFF, 0xFFFF, 0xFFFF, 0xFFFF, 0xFFFF, 0xFFFF,
    0xFFFF, 0xFFFF, 0xFFFF, 0xFFFF, 0xFFFF, 0xFFFF, 0xFFFF, 0xFFFF,
    0xFFFF, 0xFFFF, 0xFFFF, 0xFFFF, 0xFFFF, 0xFFFF, 0xFFFF, 0xFFFF,
    0xFFFF, 0xFFFF, 0xFFDF, 0xFFDF, 0xFFFF, 0xFFFF, 0xF79E, 0xD69A,
    0xA534, 0x8410, 0x6B6D, 0x5ACB, 0x39E7, 0x2945, 0x18E3, 0x1082,
    0x0861, 0x0841, 0x0841, 0x0000, 0x0000, 0x2867, 0x2888, 0x30A8,
    0x30A9, 0x38A9, 0x38AA, 0x40AB, 0x48CC, 0x50ED, 0x50EE, 0x58EF,
    0x58EF, 0x6110, 0x6951, 0x6972, 0x71B3, 0x8236, 0x92B8, 0xAB7A,
    0xC47B, 0xDDFB, 0xF79E, 0xFFFF, 0xFFFF, 0xFF9F, 0xF79F, 0xFFDF,
    0xFFFF, 0xFFFF, 0xFFFF, 0xFFFF, 0xFFFF, 0xFFFF, 0xFFFF, 0xFFFF,
    0xFFFF, 0xFFFF, 0xFFFF, 0xFFFF, 0xFFFF, 0xFFFF, 0xFFFF, 0xFFFF,
    0xFFFF, 0xFFFF, 0xFFFF, 0xFFFF, 0xFFFF, 0xFFFF, 0xFFFF, 0xFFFF,
    0xFFFF, 0xFFFF, 0xFFFF, 0xFFFF, 0xFFFF, 0xFFFF, 0xFFFF, 0xFFFF,
    0xFFFF, 0xFFFF, 0xFFFF, 0xFFFF, 0xFFFF, 0xFFFF, 0xFFFF, 0xFFFF,
    0xFFFF, 0xFFFF, 0xFFFF, 0xFFFF, 0xFFFF, 0xFFFF, 0xFFFF, 0xFFFF,
    0xFFFF, 0xFFFF, 0xFFFF, 0xFFFF, 0xFFFF, 0xFFFF, 0xFFFF, 0xFFFF,
    0xFFFF, 0xFFFF, 0xFFFF, 0xFFFF, 0xFFFF, 0xFFFF, 0xFFFF, 0xFFFF,
    0xFFFF, 0xFFFF, 0xFFFF, 0xFFFF, 0xFFFF, 0xFFDF, 0xFFDF, 0xFFFF,
    0xFFFF, 0xF79E, 0xCE79, 0xA534, 0x8430, 0x6B6D, 0x5ACB, 0x39E7,
    0x2965, 0x2104, 0x10A2, 0x0861, 0x0841, 0x0841, 0x0020, 0x0000,
    0x2887, 0x2887, 0x30A8, 0x30A9, 0x38A9, 0x38AA, 0x40CB, 0x48CC,
    0x50CD, 0x50EE, 0x58EF, 0x5910, 0x6131, 0x6952, 0x7193, 0x79D4,
    0x8A36, 0x9AD9, 0xB39B, 0xCCBC, 0xE63C, 0xFF9E, 0xFFFF, 0xFFFF,
    0xF79F, 0xF7BF, 0xFFDF, 0xFFDF, 0xFFDF, 0xFFDF, 0xFFBF, 0xFFBF,
    0xFFDE, 0xFFFD, 0xFFFD, 0xFFFE, 0xF7FF, 0xF7FF, 0xF7FF, 0xFFFF,
    0xFFFF, 0xFFFF, 0xFFFF, 0xFFFF, 0xFFFF, 0xFFFF, 0xFFFF, 0xFFFF,
    0xFFFF, 0xFFFF, 0xFFFF, 0xFFFF, 0xFFFF, 0xFFFF, 0xFFFF, 0xFFFF,
    0xFFFF, 0xFFFF, 0xFFFF, 0xFFFF, 0xFFFF, 0xFFFF, 0xFFFF, 0xFFFF,
    0xFFFF, 0xFFFF, 0xFFFF, 0xFFFF, 0xFFFF, 0xFFFF, 0xFFFF, 0xFFFF,
    0xFFFF, 0xFFFF, 0xFFFF, 0xFFFF, 0xFFFF, 0xFFFF, 0xFFFF, 0xFFFF,
    0xFFFF, 0xFFFF, 0xFFFF, 0xFFFF, 0xFFFF, 0xFFFF, 0xFFFF, 0xFFFF,
    0xFFFF, 0xFFFF, 0xFFFF, 0xFFFF, 0xFFFF, 0xFFFF, 0xFFFF, 0xFFFF,
    0xFFFF, 0xF7BE, 0xFFFF, 0xFFFF, 0xEF7D, 0xC618, 0x9CF3, 0x7BEF,
    0x6B4D, 0x528A, 0x39C7, 0x2945, 0x2104, 0x10A2, 0x0841, 0x0841,
    0x0020, 0x0000, 0x0000, 0x2887, 0x2887, 0x30A8, 0x30A9, 0x38A9,
    0x38AA, 0x40CB, 0x48CC, 0x48CD, 0x50EE, 0x58EF, 0x5910, 0x6131,
    0x7173, 0x7193, 0x79B4, 0x8A36, 0x9A98, 0xAB5B, 0xC47C, 0xDDDC,
    0xF75E, 0xFFFF, 0xFFFF, 0xF7DF, 0xF7DF, 0xFFDF, 0xFFDF, 0xFFDF,
    0xFFDF, 0xFFBF, 0xFFBF, 0xFFDE, 0xFFDD, 0xFFFD, 0xFFFE, 0xF7FF,
    0xF7FF, 0xF7FF, 0xFFFF, 0xFFFF, 0xFFFF, 0xFFFF, 0xFFFF, 0xFFFF,
    0xFFFF, 0xFFFF, 0xFFFF, 0xFFFF, 0xFFFF, 0xFFFF, 0xFFFF, 0xFFFF,
    0xFFFF, 0xFFFF, 0xFFFF, 0xFFFF, 0xFFFF, 0xFFFF, 0xFFFF, 0xFFFF,
    0xFFFF, 0xFFFF, 0xFFFF, 0xFFFF, 0xFFFF, 0xFFFF, 0xFFFF, 0xFFFF,
    0xFFFF, 0xFFFF, 0xFFFF, 0xFFFF, 0xFFFF, 0xFFFF, 0xFFFF, 0xFFFF,
    0xFFFF, 0xFFFF, 0xFFFF, 0xFFFF, 0xFFFF, 0xFFFF, 0xFFFF, 0xFFFF,
    0xFFFF, 0xFFFF, 0xFFFF, 0xFFFF, 0xFFFF, 0xFFFF, 0xFFFF, 0xFFFF,
    0xFFFF, 0xFFFF, 0xFFFF, 0xFFDF, 0xF7BE, 0xFFFF, 0xFFFF, 0xEF5D,
    0xB596, 0x8C71, 0x73AE, 0x630C, 0x4A69, 0x3186, 0x2104, 0x18E3,
    0x10A2, 0x0841, 0x0020, 0x0020, 0x0000, 0x0000, 0x2867, 0x2888,
    0x30A8, 0x30A9, 0x388A, 0x38AA, 0x40AB, 0x48CC, 0x48ED, 0x50EE,
    0x58EF, 0x5910, 0x6131, 0x6953, 0x7193, 0x79B4, 0x81F5, 0x9257,
    0xA2D9, 0xB3BB, 0xCD1D, 0xEE7F, 0xFFBF, 0xFFFF, 0xFFFF, 0xF7DE,
    0xEFBE, 0xF7BE, 0xF7DF, 0xFFFF, 0xFFFF, 0xFFFF, 0xFFDF, 0xFFFF,
    0xFFFF, 0xFFFF, 0xFFFF, 0xFFFF, 0xFFFF, 0xFFFF, 0xFFFF, 0xFFFF,
    0xFFFF, 0xFFFF, 0xFFFF, 0xFFFF, 0xFFFF, 0xFFFF, 0xFFFF, 0xFFFF,
    0xFFFF, 0xFFFF, 0xFFFF, 0xFFFF, 0xFFFF, 0xFFFF, 0xFFFF, 0xFFFF,
    0xFFFF, 0xFFFF, 0xFFFF, 0xFFFF, 0xFFFF, 0xFFFF, 0xFFFF, 0xFFFF,
    0xFFFF, 0xFFFF, 0xFFFF, 0xFFFF, 0xFFFF, 0xFFFF, 0xFFFF, 0xFFFF,
    0xFFFF, 0xFFFF, 0xFFFF, 0xFFFF, 0xFFFF, 0xFFFF, 0xFFFF, 0xFFFF,
    0xFFFF, 0xFFFF, 0xFFFF, 0xFFFF, 0xFFFF, 0xFFFF, 0xFFFF, 0xFFFF,
    0xFFFF, 0xFFFF, 0xFFFF, 0xFFFF, 0xFFFF, 0xFFDF, 0xF7BE, 0xF7BE,
    0xFFFF, 0xFFFF, 0xDEFB, 0x9CF3, 0x73AE, 0x632C, 0x52AA, 0x4208,
    0x2124, 0x18C3, 0x10A2, 0x1082, 0x0841, 0x0020, 0x0000, 0x0000,
    0x0000, 0x3068, 0x3068, 0x3088, 0x30A9, 0x388A, 0x38AA, 0x40AB,
    0x48CC, 0x48ED, 0x50EE, 0x590F, 0x5910, 0x6131, 0x6952, 0x7173,
    0x7173, 0x79B5, 0x81D6, 0x9258, 0xA2FA, 0xB41D, 0xD55E, 0xF69F,
    0xFF9F, 0xFFFF, 0xFFFF, 0xF7FE, 0xF7FE, 0xF7DF, 0xF7FF, 0xFFFF,
    0xFFFF, 0xFFFF, 0xFFFF, 0xFFFF, 0xFFFF, 0xFFFF, 0xFFFF, 0xFFFF,
    0xFFFF, 0xFFFF, 0xFFFF, 0xFFFF, 0xFFFF, 0xFFFF, 0xFFFF, 0xFFFF,
    0xFFFF, 0xFFFF, 0xFFFF, 0xFFFF, 0xFFFF, 0xFFFF, 0xFFFF, 0xFFFF,
    0xFFFF, 0xFFFF, 0xFFFF, 0xFFFF, 0xFFFF, 0xFFFF, 0xFFFF, 0xFFFF,
    0xFFFF, 0xFFFF, 0xFFFF, 0xFFFF, 0xFFFF, 0xFFFF, 0xFFFF, 0xFFFF,
    0xFFFF, 0xFFFF, 0xFFFF, 0xFFFF, 0xFFFF, 0xFFFF, 0xFFFF, 0xFFFF,
    0xFFFF, 0xFFFF, 0xFFFF, 0xFFFF, 0xFFFF, 0xFFFF, 0xFFFF, 0xFFFF,
    0xFFFF, 0xFFFF, 0xFFFF, 0xFFFF, 0xFFFF, 0xFFFF, 0xFFFF, 0xFFDF,
    0xF7BE, 0xFFDF, 0xFFFF, 0xFFFF, 0xF7BE, 0xBDF7, 0x7BEF, 0x5AEB,
    0x528A, 0x4228, 0x31A6, 0x2104, 0x10A2, 0x0841, 0x0841, 0x0020,
    0x0020, 0x0000, 0x0000, 0x0000, 0x3068, 0x3068, 0x3088, 0x38A9,
    0x38AA, 0x38AA, 0x40AB, 0x48CC, 0x48ED, 0x50EE, 0x50EF, 0x5910,
    0x6111, 0x6932, 0x7153, 0x7174, 0x7975, 0x8196, 0x89F7, 0x9279,
    0xA33B, 0xBBFC, 0xD4FC, 0xEE5E, 0xFFDF, 0xFFFF, 0xFFFF, 0xFFFE,
    0xF7BE, 0xF79D, 0xF79E, 0xF7BF, 0xF7BF, 0xFFDF, 0xFFFF, 0xFFFF,
    0xFFFE, 0xFFFD, 0xFFFE, 0xFFFF, 0xFFFF, 0xFFFF, 0xFFFF, 0xFFFF,
    0xFFFF, 0xFFFF, 0xFFFF, 0xFFFF, 0xFFFF, 0xFFFF, 0xFFFF, 0xFFFF,
    0xFFFF, 0xFFFF, 0xFFFF, 0xFFFF, 0xFFFF, 0xFFFF, 0xFFFF, 0xFFFF,
    0xFFFF, 0xFFFF, 0xFFFF, 0xFFFF, 0xFFFF, 0xFFFF, 0xFFFF, 0xFFFF,
    0xFFFF, 0xFFFF, 0xFFFF, 0xFFFF, 0xFFFF, 0xFFFF, 0xFFFF, 0xFFFF,
    0xFFFF, 0xFFFF, 0xFFFF, 0xFFFF, 0xFFFF, 0xFFFF, 0xFFFF, 0xFFFF,
    0xFFFF, 0xFFFF, 0xFFFF, 0xFFFF, 0xFFFF, 0xFFFF, 0xFFFF, 0xFFFF,
    0xFFFF, 0xFFDF, 0xF79E, 0xEF7D, 0xFFFF, 0xFFFF, 0xFFFF, 0xD69A,
    0x9492, 0x5AEB, 0x4228, 0x39C7, 0x2965, 0x2124, 0x18E3, 0x1082,
    0x0020, 0x0000, 0x0000, 0x0000, 0x0000, 0x0000, 0x0000, 0x3048,
    0x3068, 0x3089, 0x38A9, 0x38AA, 0x38AA, 0x40AB, 0x48CC, 0x48ED,
    0x50EE, 0x50EF, 0x5910, 0x6111, 0x6932, 0x7153, 0x7954, 0x7975,
    0x8175, 0x8996, 0x91F8, 0x9A79, 0xA2D9, 0xB35B, 0xD4BE, 0xEE3F,
    0xFF7F, 0xFFFF, 0xFFFF, 0xFFFF, 0xFFFE, 0xF7FE, 0xF7FF, 0xF7FF,
    0xFFFF, 0xFFDF, 0xFFDF, 0xFFDE, 0xFFDD, 0xFFFE, 0xFFFF, 0xFFFF,
    0xFFFF, 0xFFFF, 0xFFFF, 0xFFFF, 0xFFFF, 0xFFFF, 0xFFFF, 0xFFFF,
    0xFFFF, 0xFFFF, 0xFFFF, 0xFFFF, 0xFFFF, 0xFFFF, 0xFFFF, 0xFFFF,
    0xFFFF, 0xFFFF, 0xFFFF, 0xFFFF, 0xFFFF, 0xFFFF, 0xFFFF, 0xFFFF,
    0xFFFF, 0xFFFF, 0xFFFF, 0xFFFF, 0xFFFF, 0xFFFF, 0xFFFF, 0xFFFF,
    0xFFFF, 0xFFFF, 0xFFFF, 0xFFFF, 0xFFFF, 0xFFFF, 0xFFFF, 0xFFFF,
    0xFFFF, 0xFFFF, 0xFFFF, 0xFFFF, 0xFFFF, 0xFFFF, 0xFFFF, 0xFFFF,
    0xFFFF, 0xFFDF, 0xFFDF, 0xF7BF, 0xF7BE, 0xFFDF, 0xFFFF, 0xFFFF,
    0xFFFF, 0xE73C, 0xA514, 0x632C, 0x41E8, 0x2965, 0x2945, 0x18E3,
    0x18C3, 0x1082, 0x0861, 0x0000, 0x0000, 0x0000, 0x0000, 0x0000,
    0x0000, 0x0000, 0x2848, 0x3068, 0x3089, 0x38A9, 0x38AA, 0x38AA,
    0x40CB, 0x40EC, 0x48ED, 0x50EE, 0x58EF, 0x5910, 0x6111, 0x6933,
    0x7154, 0x7975, 0x8155, 0x8156, 0x8977, 0x9197, 0x91D7, 0x91D9,
    0x9A1B, 0xB2FE, 0xCBFF, 0xD4FF, 0xF63F, 0xFFBF, 0xFFFF, 0xFFFF,
    0xFFFF, 0xFFFF, 0xFFFF, 0xF7BF, 0xF77F, 0xF77F, 0xFF7F, 0xFF7F,
    0xFF9F, 0xFFBF, 0xFFDF, 0xFFFF, 0xFFFF, 0xFFFF, 0xFFFF, 0xFFFF,
    0xFFFF, 0xFFFF, 0xFFFF, 0xFFFF, 0xFFFF, 0xFFFF, 0xFFFF, 0xFFFF,
    0xFFFF, 0xFFFF, 0xFFFF, 0xFFFF, 0xFFFF, 0xFFFF, 0xFFFF, 0xFFFF,
    0xFFFF, 0xFFFF, 0xFFFF, 0xFFFF, 0xFFFF, 0xFFFF, 0xFFFF, 0xFFFF,
    0xFFFF, 0xFFFF, 0xFFFF, 0xFFFF, 0xFFFF, 0xFFFF, 0xFFFF, 0xFFFF,
    0xFFFF, 0xFFFF, 0xFFFF, 0xFFFF, 0xFFFF, 0xFFFF, 0xFFFF, 0xFFFF,
    0xFFFF, 0xFFFF, 0xFFFF, 0xFFDF, 0xF7BE, 0xF77E, 0xEF5D, 0xF77E,
    0xFFDF, 0xFFFF, 0xFFFF, 0xF79E, 0xB596, 0x6B6E, 0x4208, 0x2124,
    0x18C3, 0x18C3, 0x10A2, 0x0861, 0x0020, 0x0000, 0x0000, 0x0000,
    0x0000, 0x0000, 0x0000, 0x0000, 0x0000, 0x2868, 0x3068, 0x3089,
    0x3889, 0x38AA, 0x38AA, 0x40AB, 0x40CC, 0x48ED, 0x510E, 0x58EF,
    0x5910, 0x6111, 0x6953, 0x7974, 0x7975, 0x8176, 0x8176, 0x8997,
    0x9197, 0x9998, 0x9199, 0x919B, 0xA1FD, 0xAA5E, 0xB2DE, 0xCBFF,
    0xF5BF, 0xFF1F, 0xFFDF, 0xFFFF, 0xFFFF, 0xFFFF, 0xFFFF, 0xFFFF,
    0xFFFF, 0xFFFF, 0xFFFF, 0xFFFF, 0xFFFF, 0xFFFF, 0xFFFF, 0xFFDF,
    0xFFDF, 0xFFFF, 0xFFFF, 0xFFFF, 0xFFFF, 0xFFFF, 0xFFFF, 0xFFFF,
    0xFFFF, 0xFFFF, 0xFFFF, 0xFFFF, 0xFFFF, 0xFFFF, 0xFFFF, 0xFFFF,
    0xFFFF, 0xFFFF, 0xFFFF, 0xFFFF, 0xFFFF, 0xFFFF, 0xFFFF, 0xFFFF,
    0xFFFF, 0xFFFF, 0xFFFF, 0xFFFF, 0xFFFF, 0xFFFF, 0xFFFF, 0xFFFF,
    0xFFFF, 0xFFFF, 0xFFFF, 0xFFFF, 0xFFFF, 0xFFFF, 0xFFFF, 0xFFFF,
    0xFFFF, 0xFFFF, 0xFFFF, 0xFFFF, 0xFFDF, 0xFFDF, 0xFFDF, 0xFFFF,
    0xFFFF, 0xFFFF, 0xFFFF, 0xFFFF, 0xFFFF, 0xE73D, 0xB5B6, 0x7BCF,
    0x4228, 0x2124, 0x10A2, 0x0861, 0x0861, 0x0861, 0x0020, 0x0000,
    0x0000, 0x0000, 0x0020, 0x0000, 0x0000, 0x0000, 0x0000, 0x0000,
    0x3088, 0x3088, 0x3088, 0x3889, 0x38AA, 0x38AA, 0x40AB, 0x40CC,
    0x48ED, 0x50EE, 0x590F, 0x590F, 0x6131, 0x6952, 0x7153, 0x7954,
    0x7975, 0x8196, 0x8997, 0x91B8, 0x99B9, 0x91BA, 0x89BA, 0x91BA,
    0x99DB, 0x99BB, 0xA21B, 0xB2DC, 0xC39C, 0xCC5D, 0xE55F, 0xFE9F,
    0xFFBF, 0xFFFF, 0xFFFF, 0xFFFF, 0xFFFF, 0xFFFF, 0xFFFE, 0xFFFE,
    0xFFDF, 0xFF9F, 0xF75F, 0xF73F, 0xF73F, 0xF75F, 0xF77F, 0xF77F,
    0xF77F, 0xFF9F, 0xFFBF, 0xFFDF, 0xFFDF, 0xFFDF, 0xFFFE, 0xFFFE,
    0xFFFD, 0xFFFE, 0xFFFF, 0xFFFF, 0xFFFF, 0xFFFF, 0xFFFF, 0xFFFF,
    0xFFFF, 0xFFFF, 0xFFFF, 0xFFFF, 0xFFFF, 0xFFFF, 0xFFFF, 0xFFFF,
    0xFFFF, 0xFFFF, 0xFFFE, 0xFFFE, 0xFFFF, 0xFFFF, 0xFFDF, 0xFFDF,
    0xFFDF, 0xFFDF, 0xF7DF, 0xF7BF, 0xF7BF, 0xF79F, 0xF77F, 0xF75F,
    0xF75F, 0xF79F, 0xFFFF, 0xFFFF, 0xFFFF, 0xFFFF, 0xFFFE, 0xBE58,
    0x8451, 0x632C, 0x4228, 0x2104, 0x0861, 0x0020, 0x0000, 0x0000,
    0x0000, 0x0000, 0x0000, 0x0000, 0x0000, 0x0000, 0x0000, 0x0000,
    0x0000, 0x0000, 0x0000, 0x3087, 0x3087, 0x3088, 0x3089, 0x38AA,
    0x38AA, 0x40AB, 0x40AC, 0x48CD, 0x50EE, 0x590F, 0x590F, 0x6130,
    0x6952, 0x7153, 0x7954, 0x7975, 0x8196, 0x81B7, 0x91D9, 0x99FA,
    0x99FA, 0x99DA, 0x99DA, 0xA1DB, 0x999B, 0x997B, 0x995B, 0xA17C,
    0xA9DD, 0xC2FE, 0xDC5F, 0xF59F, 0xFEBF, 0xFF9F, 0xFFFF, 0xFFDF,
    0xFFDF, 0xFFFE, 0xFFFE, 0xFFFF, 0xFFFF, 0xFFFF, 0xFFFF, 0xFFFF,
    0xFFFF, 0xFFFF, 0xFFFF, 0xFFFF, 0xFFFF, 0xFFFF, 0xFFFF, 0xFFDF,
    0xFFDF, 0xFFDE, 0xFFFE, 0xFFFD, 0xFFFE, 0xFFFF, 0xFFFF, 0xFFFF,
    0xFFFF, 0xFFFF, 0xFFFF, 0xFFDF, 0xFFDF, 0xFFFF, 0xFFFF, 0xFFFF,
    0xFFFF, 0xFFFF, 0xFFFF, 0xFFFF, 0xFFFF, 0xFFFE, 0xFFFE, 0xFFFF,
    0xFFDF, 0xFFBF, 0xFFBF, 0xFFBF, 0xFFFF, 0xF7FF, 0xFFFF, 0xFFFE,
    0xFFFE, 0xFFFF, 0xFFFF, 0xFFFF, 0xFFFF, 0xFFFF, 0xFFFF, 0xFFBE,
    0xEF9D, 0xC657, 0x6BAE, 0x31C8, 0x2945, 0x2103, 0x0861, 0x0020,
    0x0000, 0x0000, 0x0000, 0x0000, 0x0000, 0x0000, 0x0000, 0x0000,
    0x0000, 0x0000, 0x0000, 0x0000, 0x0000, 0x0000, 0x3087, 0x3067,
    0x3068, 0x3889, 0x38AA, 0x38AA, 0x40AB, 0x40AC, 0x48CD, 0x50EE,
    0x590F, 0x590F, 0x6131, 0x7152, 0x7153, 0x7954, 0x7975, 0x8196,
    0x8197, 0x8998, 0x99BA, 0xA1BB, 0xA9DB, 0xA9DC, 0xB1DD, 0xB1DE,
    0xB1DE, 0xB19E, 0xA97E, 0xA95E, 0xA9BE, 0xA9FE, 0xAA1D, 0xAA5C,
    0xAAFD, 0xBB9E, 0xCC3F, 0xDCFF, 0xEE3F, 0xF75F, 0xFFFF, 0xFFFF,
    0xFFFF, 0xFFFF, 0xFFFF, 0xFFFF, 0xFFFF, 0xFFFE, 0xFFFE, 0xFFFD,
    0xFFFD, 0xFFFD, 0xF7BE, 0xF79F, 0xF77F, 0xF75F, 0xF75F, 0xF73F,
    0xF73F, 0xF73F, 0xF75F, 0xF75F, 0xF75F, 0xF75F, 0xF75F, 0xF75F,
    0xF75F, 0xF75F, 0xF75F, 0xF75F, 0xF75F, 0xF75F, 0xF75F, 0xF75F,
    0xF73F, 0xF73F, 0xF75F, 0xEF5E, 0xEF5E, 0xEF5E, 0xEF7F, 0xF7BF,
    0xF7DE, 0xFFFD, 0xFFFD, 0xFFFE, 0xFFFF, 0xFFFF, 0xFFFF, 0xFFFF,
    0xFFBE, 0xC5D7, 0x8C30, 0x738E, 0x62EC, 0x2967, 0x0863, 0x0841,
    0x0020, 0x0000, 0x0000, 0x0000, 0x0000, 0x0000, 0x0000, 0x0000,
    0x0000, 0x0000, 0x0000, 0x0000, 0x0000, 0x0000, 0x0000, 0x0000,
    0x0000, 0x3087, 0x3087, 0x3088, 0x3889, 0x38AA, 0x38AA, 0x40AB,
    0x40CC, 0x48CD, 0x50EE, 0x590F, 0x590F, 0x6131, 0x6952, 0x7153,
    0x7954, 0x7976, 0x8196, 0x8997, 0x8998, 0x99B9, 0xA1DA, 0xA9FB,
    0xA9FC, 0xB21E, 0xBA3F, 0xC23F, 0xBA1F, 0xB9FF, 0xB19F, 0xA97E,
    0x991E, 0x90BD, 0x887C, 0x90BD, 0x993E, 0xB1DF, 0xC2BF, 0xCBDF,
    0xD4FF, 0xE61F, 0xF71F, 0xFFBF, 0xFFDF, 0xFFDF, 0xFFFF, 0xFFDF,
    0xFFDE, 0xFFFD, 0xFFFD, 0xFFFD, 0xFFFD, 0xFFFE, 0xFFFF, 0xFFFF,
    0xFFFF, 0xFFFF, 0xFFFF, 0xFFFF, 0xFFFF, 0xFFFF, 0xFFFF, 0xFFFF,
    0xFFFF, 0xFFFF, 0xFFFF, 0xFFFF, 0xFFFF, 0xFFFF, 0xFFFF, 0xFFFF,
    0xFFFF, 0xFFFF, 0xFFFF, 0xFFFF, 0xFFFF, 0xFFFF, 0xFFFF, 0xFFFE,
    0xFFFF, 0xFFFF, 0xFFFF, 0xFFFF, 0xFFFE, 0xFFFE, 0xFFFE, 0xFFDF,
    0xFFFF, 0xFFFF, 0xF75F, 0xCDB9, 0x7B4E, 0x2904, 0x1882, 0x18A4,
    0x0842, 0x0001, 0x0000, 0x0000, 0x0000, 0x0000, 0x0020, 0x0000,
    0x0000, 0x0000, 0x0000, 0x0000, 0x0000, 0x0000, 0x0000, 0x0000,
    0x0000, 0x0000, 0x0000, 0x0000, 0x3088, 0x3088, 0x3088, 0x3889,
    0x38AA, 0x38AA, 0x40AB, 0x40CC, 0x48ED, 0x510E, 0x590F, 0x590F,
    0x6131, 0x6952, 0x7153, 0x7954, 0x8196, 0x8197, 0x8997, 0x89B8,
    0x91D9, 0x99FA, 0x99FA, 0xA1FB, 0xA1FC, 0xAA1D, 0xB21E, 0xB21F,
    0xBA1F, 0xB9FF, 0xB9DF, 0xB9BF, 0xB1BF, 0xB19F, 0xB1BF, 0xB1BF,
    0xB1BE, 0xB1BE, 0xB1BE, 0xA9BE, 0xA9DF, 0xB21F, 0xBA5F, 0xBABF,
    0xC31F, 0xCBBF, 0xCC5F, 0xD4FF, 0xE5DF, 0xFEBF, 0xFF5F, 0xFFFF,
    0xFFFF, 0xFFFF, 0xFFFF, 0xFFFF, 0xFFFF, 0xFFFF, 0xFFFF, 0xFFFF,
    0xFFFF, 0xFFFF, 0xFFFF, 0xFFFF, 0xFFFF, 0xFFFF, 0xFFFF, 0xFFFF,
    0xFFFF, 0xFFFF, 0xFFFF, 0xFFFF, 0xFFFF, 0xFFFF, 0xFFFF, 0xFFFF,
    0xFFFF, 0xFFFF, 0xFFFF, 0xFFFF, 0xFFFF, 0xFFFF, 0xFFFF, 0xFF9F,
    0xEEBF, 0xD5DF, 0xC53E, 0xC4DE, 0xBC9E, 0xABFB, 0x82B4, 0x38E9,
    0x0000, 0x0000, 0x0000, 0x0020, 0x0000, 0x0000, 0x0000, 0x0000,
    0x0000, 0x0000, 0x0000, 0x0000, 0x0000, 0x0000, 0x0000, 0x0000,
    0x0000, 0x0000, 0x0000, 0x0000, 0x0000, 0x0000, 0x0000, 0x3088,
    0x3088, 0x3088, 0x3889, 0x38AA, 0x38AB, 0x40CB, 0x40CC, 0x48ED,
    0x510E, 0x590F, 0x590F, 0x6131, 0x6952, 0x7153, 0x7954, 0x8195,
    0x8196, 0x8197, 0x89B8, 0x91D9, 0x91FA, 0x91FA, 0x99FA, 0x99FB,
    0xA21C, 0xAA1D, 0xAA3E, 0xB23E, 0xBA5F, 0xBA5F, 0xC25F, 0xC27F,
    0xC27F, 0xC27F, 0xC23F, 0xB9FE, 0xB19E, 0xA91E, 0xA09E, 0x983E,
    0x981E, 0x981E, 0x985E, 0xA0DF, 0xA97F, 0xB1FF, 0xB29F, 0xC37F,
    0xDC5F, 0xDCFF, 0xE59F, 0xEE5F, 0xF6DF, 0xFF1F, 0xFF7F, 0xFFBF,
    0xFFDF, 0xFFBF, 0xFFBF, 0xFFDF, 0xFFDF, 0xFFDF, 0xFFDF, 0xFFDF,
    0xFFDF, 0xFFDF, 0xFFDF, 0xFFDF, 0xFFDF, 0xFFDF, 0xFFDF, 0xFFDF,
    0xFFDF, 0xFFDF, 0xFFDF, 0xFFBF, 0xFFDF, 0xFFBF, 0xFF7F, 0xFF1F,
    0xF67F, 0xE5DF, 0xD53F, 0xBC3E, 0xAB7C, 0x9ABB, 0x927B, 0x8A5B,
    0x79D7, 0x50D0, 0x1806, 0x0000, 0x0000, 0x0020, 0x0040, 0x0060,
    0x0020, 0x0020, 0x0020, 0x0000, 0x0000, 0x0000, 0x0000, 0x0000,
    0x0000, 0x0000, 0x0000, 0x0000, 0x0000, 0x0000, 0x0000, 0x0000,
    0x0000, 0x0000, 0x3088, 0x3088, 0x3088, 0x3889, 0x38AA, 0x38AB,
    0x40AB, 0x40CC, 0x48ED, 0x510E, 0x590F, 0x590F, 0x6130, 0x6952,
    0x7152, 0x7153, 0x7974, 0x7995, 0x7976, 0x8177, 0x91B8, 0x91B9,
    0x91B9, 0x91B9, 0x99D9, 0x99FA, 0x99FA, 0x99FB, 0xA1FB, 0xA21B,
    0xAA1C, 0xA21C, 0xA21C, 0xAA1D, 0xAA1D, 0xAA1D, 0xA9FC, 0xA9FC,
    0xA9FD, 0xA9BD, 0xA99C, 0xA19C, 0xA17C, 0xA17C, 0xA17C, 0xA17C,
    0x997C, 0x995C, 0x997C, 0x997C, 0x997C, 0x997B, 0x919B, 0x919A,
    0x99BA, 0x99DB, 0xA21B, 0x9A3A, 0x9A39, 0x9A78, 0x9A98, 0xA2D9,
    0xA2F9, 0xA2F9, 0xA319, 0xA318, 0xA338, 0xA338, 0xA358, 0xA379,
    0xA359, 0xA358, 0xA339, 0xA338, 0x9B18, 0x92D8, 0x92B7, 0x9296,
    0x9296, 0x9257, 0x9238, 0x89D8, 0x8998, 0x8977, 0x8156, 0x7915,
    0x70F4, 0x7956, 0x89D8, 0x79B5, 0x50AE, 0x2006, 0x0000, 0x0000,
    0x0020, 0x0040, 0x0040, 0x0020, 0x0000, 0x0000, 0x0000, 0x0000,
    0x0000, 0x0000, 0x0000, 0x0000, 0x0000, 0x0000, 0x0000, 0x0000,
    0x0000, 0x0000, 0x0000, 0x0000, 0x0000, 0x3088, 0x3088, 0x3088,
    0x3889, 0x38AA, 0x38AB, 0x40AB, 0x40CC, 0x48ED, 0x510E, 0x590E,
    0x590F, 0x6130, 0x6952, 0x7953, 0x7955, 0x8196, 0x8197, 0x8998,
    0x9199, 0xA1DB, 0xA1DB, 0xA1DC, 0xA1DC, 0xA9FC, 0xAA1D, 0xAA1D,
    0xAA1D, 0xB23E, 0xB23E, 0xB25F, 0xB25F, 0xB23F, 0xBA3F, 0xBA5F,
    0xBA5F, 0xBA7F, 0xC29F, 0xC2BF, 0xCADF, 0xCADF, 0xCADF, 0xCADF,
    0xC29F, 0xC25F, 0xBA1F, 0xB9DF, 0xB19F, 0xA95F, 0xA8FF, 0xA09F,
    0x987F, 0x903E, 0x901E, 0x901E, 0x981F, 0x981F, 0x981E, 0x905D,
    0x907C, 0x989C, 0x98DC, 0x98DC, 0x98FC, 0x991C, 0x991B, 0x991B,
    0x993B, 0x995C, 0x995C, 0x995C, 0x995B, 0x993B, 0x991B, 0x90FB,
    0x88BB, 0x889A, 0x8899, 0x8879, 0x887A, 0x885A, 0x803A, 0x805A,
    0x8899, 0x88B8, 0x88D8, 0x88D8, 0x995A, 0xB27D, 0xA259, 0x590F,
    0x2046, 0x0821, 0x0820, 0x0841, 0x0861, 0x0040, 0x0000, 0x0000,
    0x0000, 0x0000, 0x0000, 0x0000, 0x0000, 0x0000, 0x0000, 0x0000,
    0x0000, 0x0000, 0x0000, 0x0000, 0x0000, 0x0000, 0x0000, 0x0000,
    0x2867, 0x3068, 0x3088, 0x38A9, 0x38AA, 0x40AB, 0x40AB, 0x48CD,
    0x48ED, 0x50EE, 0x590F, 0x58EF, 0x6931, 0x7173, 0x8175, 0x8997,
    0x91B9, 0x99DA, 0x99BB, 0xA9DC, 0xB21E, 0xBA1F, 0xBA1F, 0xBA3F,
    0xC25F, 0xCA5F, 0xCA7F, 0xD27F, 0xD27F, 0xDA9F, 0xDA9F, 0xDA7F,
    0xDA7F, 0xDA7F, 0xE29F, 0xE29F, 0xE29F, 0xE29F, 0xE2BF, 0xE2BF,
    0xE2BF, 0xE2BF, 0xE2BF, 0xE2BF, 0xE2BF, 0xE29F, 0xE2BF, 0xE29F,
    0xE29F, 0xE27F, 0xE27F, 0xE27F, 0xE25F, 0xE25F, 0xE25F, 0xE23F,
    0xE23F, 0xE23F, 0xE23F, 0xE23F, 0xE23F, 0xE23F, 0xE23F, 0xDA3F,
    0xDA3F, 0xDA1F, 0xDA1F, 0xDA1F, 0xDA1F, 0xDA1F, 0xDA1F, 0xDA1F,
    0xD21F, 0xD1FF, 0xD1FF, 0xD1FF, 0xD21F, 0xD21F, 0xCA1F, 0xD1FF,
    0xC9FF, 0xC9FF, 0xC21F, 0xC25F, 0xC25F, 0xC23F, 0xC1BF, 0xD21F,
    0xEB1F, 0xC2DF, 0x6952, 0x1846, 0x0000, 0x0000, 0x0000, 0x0000,
    0x0000, 0x0000, 0x0000, 0x0000, 0x0000, 0x0000, 0x0000, 0x0000,
    0x0000, 0x0000, 0x0000, 0x0000, 0x0000, 0x0000, 0x0000, 0x0000,
    0x0000, 0x0000, 0x0000, 0x2867, 0x3067, 0x3088, 0x38A9, 0x38AA,
    0x40AB, 0x40AB, 0x48CD, 0x48EE, 0x50EE, 0x58EF, 0x60EF, 0x6911,
    0x7152, 0x7153, 0x7154, 0x7976, 0x8196, 0x8977, 0x8997, 0x91B9,
    0x99DA, 0x99DA, 0x99DA, 0xA1FB, 0xA1FC, 0xA9FD, 0xA9FD, 0xA9FE,
    0xB21E, 0xB1FF, 0xB1FF, 0xB1FF, 0xB1FF, 0xB21F, 0xB21F, 0xB21F,
    0xB21E, 0xB21E, 0xB21E, 0xB21F, 0xB21F, 0xB23F, 0xB23F, 0xBA5F,
    0xBA5F, 0xBA7F, 0xBA9F, 0xBA9F, 0xC2BF, 0xC2BF, 0xC2BF, 0xC2DF,
    0xC2DF, 0xC2DF, 0xC2BF, 0xBABF, 0xBA9F, 0xBA9F, 0xBA9F, 0xBA7F,
    0xBA3F, 0xBA3F, 0xB23E, 0xB23E, 0xB21E, 0xB21E, 0xB21E, 0xB1FD,
    0xA9FD, 0xA9FD, 0xA9FD, 0xA9FD, 0xA9FC, 0xA9FC, 0xAA1D, 0xAA3D,
    0xAA3C, 0xAA3C, 0xAA3C, 0xAA3C, 0xA25C, 0xA27B, 0x9A7A, 0x9A7A,
    0x9A3B, 0x99DA, 0xA9FB, 0xB29C, 0x9A58, 0x592E, 0x1846, 0x0000,
    0x0000, 0x0000, 0x0000, 0x0000, 0x0000, 0x0000, 0x0000, 0x0000,
    0x0000, 0x0000, 0x0000, 0x0000, 0x0000, 0x0000, 0x0000, 0x0000,
    0x0000, 0x0000, 0x0000, 0x0000, 0x0000, 0x0000, 0x2867, 0x3067,
    0x3088, 0x38A9, 0x38AA, 0x38AA, 0x40AB, 0x48CD, 0x48ED, 0x50EE,
    0x590F, 0x60EF, 0x6110, 0x6130, 0x50ED, 0x40CC, 0x48CC, 0x48ED,
    0x48CC, 0x48CC, 0x48EC, 0x48EC, 0x48CC, 0x48EC, 0x48EC, 0x48ED,
    0x48CC, 0x48CC, 0x48CC, 0x48CC, 0x48CC, 0x48CC, 0x48CC, 0x48CC,
    0x48CC, 0x48CC, 0x48CC, 0x48CC, 0x40CC, 0x40CB, 0x40CB, 0x40CB,
    0x40CB, 0x40CB, 0x40CB, 0x40CA, 0x40CA, 0x38CA, 0x38CA, 0x38C9,
    0x38A9, 0x38A9, 0x38A9, 0x30A9, 0x30A8, 0x30A8, 0x30A8, 0x30A8,
    0x30A7, 0x28A7, 0x2887, 0x2887, 0x2886, 0x2086, 0x2086, 0x2086,
    0x2086, 0x2066, 0x2065, 0x2065, 0x2065, 0x2065, 0x1865, 0x1864,
    0x1864, 0x1864, 0x1864, 0x1864, 0x1864, 0x1864, 0x1864, 0x1864,
    0x1864, 0x1063, 0x1084, 0x1064, 0x1023, 0x1043, 0x18A4, 0x2085,
    0x2025, 0x0803, 0x0000, 0x0000, 0x0000, 0x0000, 0x0000, 0x0000,
    0x0000, 0x0000, 0x0000, 0x0000, 0x0000, 0x0000, 0x0000, 0x0000,
    0x0000, 0x0000, 0x0000, 0x0000, 0x0000, 0x0000, 0x0000, 0x0000,
    0x0000, 0x2867, 0x3067, 0x3088, 0x38A9, 0x38AA, 0x38AA, 0x40AB,
    0x48CD, 0x48ED, 0x50EE, 0x590F, 0x610F, 0x6110, 0x590F, 0x40CB,
    0x3088, 0x3088, 0x30A9, 0x3088, 0x3088, 0x2888, 0x2867, 0x2867,
    0x2867, 0x2867, 0x2066, 0x2066, 0x2066, 0x2065, 0x2065, 0x2065,
    0x1865, 0x1865, 0x1865, 0x1845, 0x1844, 0x1844, 0x1844, 0x1844,
    0x1844, 0x1844, 0x1043, 0x1023, 0x1023, 0x1023, 0x1022, 0x0822,
    0x0822, 0x0801, 0x0801, 0x0001, 0x0000, 0x0000, 0x0000, 0x0000,
    0x0000, 0x0000, 0x0000, 0x0000, 0x0000, 0x0000, 0x0000, 0x0000,
    0x0000, 0x0000, 0x0000, 0x0000, 0x0000, 0x0000, 0x0000, 0x0000,
    0x0000, 0x0000, 0x0000, 0x0000, 0x0000, 0x0000, 0x0000, 0x0000,
    0x0000, 0x0000, 0x0000, 0x0000, 0x0000, 0x0000, 0x0000, 0x0000,
    0x0000, 0x0000, 0x0000, 0x0802, 0x1003, 0x0001, 0x0000, 0x0000,
    0x0000, 0x0000, 0x0000, 0x0000, 0x0000, 0x0000, 0x0000, 0x0000,
    0x0000, 0x0000, 0x0000, 0x0000, 0x0000, 0x0000, 0x0000, 0x0000,
    0x0000, 0x0000, 0x0000, 0x0000, 0x2867, 0x3067, 0x3088, 0x38A9,
    0x38AA, 0x40AB, 0x40CB, 0x48CD, 0x48ED, 0x50EE, 0x590F, 0x6110,
    0x6130, 0x6130, 0x48ED, 0x38AA, 0x40CB, 0x48CC, 0x40CC, 0x40CC,
    0x40CB, 0x40CB, 0x40CB, 0x40CB, 0x40CB, 0x40CB, 0x40CB, 0x40CB,
    0x40AB, 0x40AB, 0x40CB, 0x40CB, 0x40CB, 0x40CB, 0x38AA, 0x38AA,
    0x38AA, 0x38AA, 0x38AA, 0x38AA, 0x38AA, 0x38A9, 0x38A9, 0x30A9,
    0x30A9, 0x30A9, 0x3088, 0x3088, 0x3088, 0x2888, 0x2887, 0x2887,
    0x2887, 0x2887, 0x2886, 0x2086, 0x2066, 0x2066, 0x2065, 0x2065,
    0x1865, 0x1864, 0x1864, 0x1844, 0x1844, 0x1044, 0x1043, 0x1043,
    0x1043, 0x1043, 0x1043, 0x1043, 0x1042, 0x1042, 0x1042, 0x1042,
    0x0842, 0x0842, 0x0842, 0x0822, 0x0822, 0x0822, 0x0822, 0x0822,
    0x0822, 0x0822, 0x0822, 0x0021, 0x0020, 0x0822, 0x2006, 0x1805,
    0x0001, 0x0000, 0x0000, 0x0000, 0x0000, 0x0000, 0x0000, 0x0000,
    0x0000, 0x0000, 0x0000, 0x0000, 0x0000, 0x0000, 0x0000, 0x0000,
    0x0000, 0x0000, 0x0000, 0x0000, 0x0000, 0x0000, 0x0000, 0x2867,
    0x3067, 0x3889, 0x38A9, 0x38AA, 0x40CB, 0x40CC, 0x48CD, 0x48ED,
    0x50EE, 0x590F, 0x6110, 0x6131, 0x6130, 0x50ED, 0x48CC, 0x48ED,
    0x50EE, 0x50ED, 0x50ED, 0x50ED, 0x50EE, 0x50EE, 0x50EE, 0x50EE,
    0x50EE, 0x50EE, 0x50EE, 0x50EE, 0x50EE, 0x50EE, 0x50EE, 0x50EE,
    0x50EE, 0x50EE, 0x50EE, 0x50ED, 0x50ED, 0x50ED, 0x48ED, 0x48ED,
    0x48ED, 0x48CD, 0x48CC, 0x48CC, 0x48CC, 0x48CC, 0x48CC, 0x40CB,
    0x40CB, 0x40CB, 0x40CB, 0x40CB, 0x38AA, 0x38AA, 0x38AA, 0x38AA,
    0x38A9, 0x30A9, 0x30A9, 0x3088, 0x3088, 0x3088, 0x3088, 0x2888,
    0x2888, 0x2887, 0x2887, 0x2887, 0x2887, 0x2867, 0x2866, 0x2866,
    0x2866, 0x2066, 0x2066, 0x2066, 0x2066, 0x2066, 0x2066, 0x2066,
    0x2066, 0x2065, 0x2065, 0x2065, 0x2065, 0x2066, 0x2065, 0x1063,
    0x1865, 0x2828, 0x1806, 0x0001, 0x0000, 0x0000, 0x0000, 0x0000,
    0x0000, 0x0000, 0x0000, 0x0000, 0x0000, 0x0000, 0x0000, 0x0000,
    0x0000, 0x0000, 0x0000, 0x0000, 0x0000, 0x0000, 0x0000, 0x0000,
    0x0000, 0x0000, 0x2867, 0x3067, 0x3089, 0x38A9, 0x38AA, 0x40CB,
    0x40CC, 0x48CD, 0x48CD, 0x50EE, 0x590F, 0x6110, 0x6130, 0x6110,
    0x48ED, 0x40CB, 0x40CC, 0x48CC, 0x48CC, 0x48CC, 0x48CC, 0x48CC,
    0x48CC, 0x48CC, 0x48CC, 0x48CC, 0x48CC, 0x40CC, 0x40CC, 0x48CC,
    0x48CC, 0x40CC, 0x40CB, 0x40CB, 0x40CB, 0x40CB, 0x40CB, 0x40CB,
    0x40CB, 0x40CB, 0x40CA, 0x40AA, 0x38AA, 0x38AA, 0x38AA, 0x38AA,
    0x38A9, 0x38A9, 0x30A9, 0x30A9, 0x3088, 0x3088, 0x3088, 0x3088,
    0x2887, 0x2887, 0x2887, 0x2867, 0x2066, 0x2066, 0x2066, 0x2065,
    0x2065, 0x2065, 0x1865, 0x1865, 0x1864, 0x1844, 0x1844, 0x1844,
    0x1844, 0x1844, 0x1843, 0x1043, 0x1043, 0x1043, 0x1043, 0x1043,
    0x1043, 0x1043, 0x1023, 0x1043, 0x1043, 0x1043, 0x1043, 0x1043,
    0x1023, 0x0842, 0x0841, 0x1043, 0x2026, 0x1805, 0x0001, 0x0000,
    0x0000, 0x0000, 0x0000, 0x0000, 0x0000, 0x0000, 0x0000, 0x0000,
    0x0000, 0x0000, 0x0000, 0x0000, 0x0000, 0x0000, 0x0000, 0x0000,
    0x0000, 0x0000, 0x0000, 0x0000, 0x0000, 0x2867, 0x3067, 0x3088,
    0x38A9, 0x38AA, 0x40CB, 0x40CC, 0x48CD, 0x48ED, 0x50EE, 0x590F,
    0x6110, 0x6110, 0x6110, 0x48ED, 0x40CB, 0x40CC, 0x48CC, 0x48CC,
    0x48CC, 0x48CC, 0x48CC, 0x48CC, 0x40CC, 0x40CC, 0x40CC, 0x40CC,
    0x40CC, 0x40CC, 0x40CB, 0x40CB, 0x40CB, 0x40CB, 0x40AB, 0x40CB,
    0x40CB, 0x40CB, 0x40CB, 0x40AB, 0x40AA, 0x38AA, 0x38AA, 0x38AA,
    0x38AA, 0x38A9, 0x38A9, 0x30A9, 0x30A9, 0x30A9, 0x3088, 0x3088,
    0x3088, 0x2887, 0x2887, 0x2887, 0x2886, 0x2866, 0x2066, 0x2066,
    0x2066, 0x2065, 0x2065, 0x1865, 0x1865, 0x1864, 0x1844, 0x1844,
    0x1844, 0x1844, 0x1843, 0x1043, 0x1043, 0x1043, 0x1043, 0x1043,
    0x1023, 0x1043, 0x1043, 0x1043, 0x1022, 0x1022, 0x1022, 0x0822,
    0x0822, 0x0822, 0x0822, 0x1022, 0x0822, 0x0041, 0x1022, 0x2006,
    0x1805, 0x0001, 0x0000, 0x0000, 0x0000, 0x0000, 0x0000, 0x0000,
    0x0000, 0x0000, 0x0000, 0x0000, 0x0000, 0x0000, 0x0000, 0x0000,
    0x0000, 0x0000, 0x0000, 0x0000, 0x0000, 0x0000, 0x0000, 0x0000,
    0x2867, 0x3067, 0x3089, 0x38A9, 0x38AA, 0x38CB, 0x40CC, 0x48CD,
    0x48ED, 0x50EE, 0x590F, 0x6110, 0x6130, 0x5910, 0x48ED, 0x40CB,
    0x40CC, 0x48CC, 0x48CC, 0x48CC, 0x48CC, 0x48CC, 0x48CC, 0x40CC,
    0x40CC, 0x40CC, 0x40CC, 0x40CC, 0x40CC, 0x40CB, 0x40CB, 0x40CB,
    0x40CB, 0x40CB, 0x40CB, 0x40CB, 0x40AB, 0x40AB, 0x40AB, 0x38AA,
    0x38AA, 0x38AA, 0x38AA, 0x38AA, 0x38A9, 0x38A9, 0x30A9, 0x3089,
    0x3089, 0x3088, 0x3088, 0x3088, 0x2887, 0x2887, 0x2887, 0x2886,
    0x2886, 0x2066, 0x2066, 0x2066, 0x2065, 0x2065, 0x1865, 0x1865,
    0x1844, 0x1844, 0x1844, 0x1844, 0x1844, 0x1043, 0x1043, 0x1043,
    0x1043, 0x1043, 0x1043, 0x1023, 0x1023, 0x1022, 0x1022, 0x1022,
    0x1022, 0x0822, 0x0822, 0x0822, 0x0822, 0x0822, 0x1022, 0x0822,
    0x0021, 0x1022, 0x2006, 0x1005, 0x0001, 0x0000, 0x0000, 0x0000,
    0x0000, 0x0000, 0x0000, 0x0000, 0x0000, 0x0000, 0x0000, 0x0000,
    0x0000, 0x0000, 0x0000, 0x0000, 0x0000, 0x0000, 0x0000, 0x0000,
    0x0000, 0x0000, 0x0000, 0x2867, 0x3067, 0x3088, 0x38A9, 0x38AA,
    0x38CB, 0x40CC, 0x48ED, 0x48ED, 0x50EE, 0x590F, 0x5910, 0x6130,
    0x590F, 0x48ED, 0x40CB, 0x40CC, 0x48CC, 0x48CC, 0x48CC, 0x48CC,
    0x48CC, 0x48CC, 0x40CC, 0x40CC, 0x40CC, 0x40CC, 0x40CC, 0x40CC,
    0x40CB, 0x40CB, 0x40CB, 0x40CB, 0x40CB, 0x40CB, 0x40CB, 0x40AB,
    0x40AB, 0x40AA, 0x38AA, 0x38AA, 0x38AA, 0x38AA, 0x38A9, 0x38A9,
    0x38A9, 0x30A9, 0x3089, 0x3088, 0x3088, 0x3088, 0x2888, 0x2887,
    0x2887, 0x2887, 0x2886, 0x2066, 0x2066, 0x2066, 0x2066, 0x2065,
    0x1865, 0x1865, 0x1845, 0x1844, 0x1844, 0x1844, 0x1844, 0x1044,
    0x1043, 0x1043, 0x1043, 0x1043, 0x1043, 0x1043, 0x1023, 0x1023,
    0x1022, 0x1022, 0x1022, 0x0822, 0x0822, 0x0822, 0x0822, 0x0822,
    0x0822, 0x0822, 0x0822, 0x0020, 0x1022, 0x2006, 0x1005, 0x0001,
    0x0000, 0x0000, 0x0000, 0x0000, 0x0000, 0x0000, 0x0000, 0x0000,
    0x0000, 0x0000, 0x0000, 0x0000, 0x0000, 0x0000, 0x0000, 0x0000,
    0x0000, 0x0000, 0x0000, 0x0000, 0x0000, 0x0000, 0x2867, 0x3067,
    0x3088, 0x38A9, 0x38AA, 0x40CB, 0x40CC, 0x48ED, 0x48ED, 0x50EE,
    0x590F, 0x6130, 0x6130, 0x590F, 0x48ED, 0x40CB, 0x40CC, 0x48CC,
    0x48CC, 0x48CC, 0x48CC, 0x48CC, 0x48CC, 0x40CC, 0x40CC, 0x40CC,
    0x40CC, 0x40CC, 0x40CC, 0x40CB, 0x40CB, 0x40CB, 0x40CB, 0x40CB,
    0x40CB, 0x40CB, 0x40AB, 0x40AB, 0x40AA, 0x40AA, 0x38AA, 0x38AA,
    0x38AA, 0x38AA, 0x38A9, 0x38A9, 0x30A9, 0x3089, 0x3088, 0x3088,
    0x3088, 0x2888, 0x2887, 0x2887, 0x2867, 0x2866, 0x2066, 0x2066,
    0x2066, 0x2065, 0x2065, 0x1845, 0x1845, 0x1845, 0x1844, 0x1844,
    0x1844, 0x1844, 0x1044, 0x1043, 0x1043, 0x1043, 0x1023, 0x1023,
    0x1023, 0x1023, 0x1023, 0x1022, 0x1022, 0x0822, 0x0822, 0x0822,
    0x0822, 0x0822, 0x0822, 0x0822, 0x0822, 0x0822, 0x0020, 0x1022,
    0x2006, 0x1004, 0x0001, 0x0000, 0x0000, 0x0000, 0x0000, 0x0000,
    0x0000, 0x0000, 0x0000, 0x0000, 0x0000, 0x0000, 0x0000, 0x0000,
    0x0000, 0x0000, 0x0000, 0x0000, 0x0000, 0x0000, 0x0000, 0x0000,
    0x0000, 0x2867, 0x3067, 0x3089, 0x38A9, 0x38AA, 0x38CB, 0x40CC,
    0x48ED, 0x48ED, 0x50EE, 0x590F, 0x6110, 0x6130, 0x5910, 0x48ED,
    0x40CB, 0x40CC, 0x48CC, 0x48CC, 0x48CC, 0x48CC, 0x48CC, 0x48CC,
    0x40CC, 0x40CC, 0x40CC, 0x40CC, 0x40CC, 0x40CC, 0x40CB, 0x40CB,
    0x40CB, 0x40CB, 0x40CB, 0x40CB, 0x40CB, 0x40AB, 0x40AB, 0x40AB,
    0x40AA, 0x38AA, 0x38AA, 0x38AA, 0x38AA, 0x38A9, 0x38A9, 0x30A9,
    0x3089, 0x3088, 0x3088, 0x3088, 0x2888, 0x2887, 0x2887, 0x2867,
    0x2866, 0x2066, 0x2066, 0x2066, 0x2065, 0x2045, 0x1845, 0x1845,
    0x1845, 0x1844, 0x1844, 0x1844, 0x1044, 0x1044, 0x1043, 0x1043,
    0x1043, 0x1023, 0x1023, 0x1023, 0x1023, 0x1023, 0x1022, 0x0822,
    0x0822, 0x0822, 0x0822, 0x0822, 0x0822, 0x0822, 0x0822, 0x0822,
    0x0822, 0x0021, 0x1022, 0x2006, 0x1004, 0x0001, 0x0000, 0x0000,
    0x0000, 0x0000, 0x0000, 0x0000, 0x0000, 0x0000, 0x0000, 0x0000,
    0x0000, 0x0000, 0x0000, 0x0000, 0x0000, 0x0000, 0x0000, 0x0000,
    0x0000, 0x0000, 0x0000, 0x0000, 0x3087, 0x3088, 0x3089, 0x38A9,
    0x38AA, 0x38AB, 0x40CB, 0x48CD, 0x48ED, 0x50EE, 0x590F, 0x6110,
    0x6130, 0x6110, 0x48ED, 0x40CB, 0x40CC, 0x48CC, 0x48CC, 0x48CC,
    0x48CC, 0x48CC, 0x48CC, 0x40CC, 0x40CC, 0x40CC, 0x40CC, 0x40CC,
    0x40CC, 0x40CB, 0x40CB, 0x40CB, 0x40CB, 0x40CB, 0x40CB, 0x40CB,
    0x40AB, 0x40AB, 0x38AA, 0x38AA, 0x38AA, 0x38AA, 0x38AA, 0x38AA,
    0x38A9, 0x30A9, 0x30A9, 0x3089, 0x3088, 0x3088, 0x3088, 0x2887,
    0x2887, 0x2887, 0x2867, 0x2866, 0x2066, 0x2066, 0x2066, 0x2065,
    0x2065, 0x1845, 0x1845, 0x1844, 0x1844, 0x1844, 0x1844, 0x1044,
    0x1044, 0x1043, 0x1043, 0x1043, 0x1023, 0x1023, 0x1023, 0x1023,
    0x1022, 0x1022, 0x1022, 0x0822, 0x0822, 0x0822, 0x0822, 0x0822,
    0x0822, 0x0822, 0x0822, 0x0822, 0x0021, 0x1022, 0x2006, 0x1005,
    0x0001, 0x0000, 0x0000, 0x0000, 0x0000, 0x0000, 0x0000, 0x0000,
    0x0000, 0x0000, 0x0000, 0x0000, 0x0000, 0x0000, 0x0000, 0x0000,
    0x0000, 0x0000, 0x0000, 0x0000, 0x0000, 0x0000, 0x0000, 0x3087,
    0x3088, 0x3089, 0x38A9, 0x38AA, 0x38AB, 0x40AB, 0x48CD, 0x48ED,
    0x50EE, 0x590F, 0x6110, 0x6130, 0x6130, 0x48ED, 0x40CB, 0x40CC,
    0x48CC, 0x48CC, 0x48CC, 0x48CC, 0x48CC, 0x48CC, 0x40CC, 0x40CC,
    0x40CC, 0x40CC, 0x40CC, 0x40CC, 0x40CB, 0x40CB, 0x40CB, 0x40CB,
    0x40CB, 0x40CB, 0x40CB, 0x40AB, 0x40AB, 0x38AA, 0x38AA, 0x38AA,
    0x38AA, 0x38AA, 0x38AA, 0x38A9, 0x38A9, 0x30A9, 0x3089, 0x3088,
    0x3088, 0x3088, 0x2887, 0x2887, 0x2887, 0x2867, 0x2866, 0x2066,
    0x2066, 0x2065, 0x2065, 0x1865, 0x1845, 0x1845, 0x1844, 0x1844,
    0x1844, 0x1844, 0x1044, 0x1043, 0x1043, 0x1043, 0x1043, 0x1023,
    0x1023, 0x1023, 0x1023, 0x1022, 0x1022, 0x1022, 0x0822, 0x0822,
    0x0822, 0x0822, 0x0822, 0x0822, 0x0822, 0x0822, 0x0822, 0x0021,
    0x1022, 0x2006, 0x1005, 0x0001, 0x0000, 0x0000, 0x0000, 0x0000,
    0x0000, 0x0000, 0x0000, 0x0000, 0x0000, 0x0000, 0x0000, 0x0000,
    0x0000, 0x0000, 0x0000, 0x0000, 0x0000, 0x0000, 0x0000, 0x0000,
    0x0000, 0x0000, 0x3087, 0x3088, 0x3089, 0x38A9, 0x38AA, 0x38AB,
    0x40AB, 0x48CD, 0x48ED, 0x50EE, 0x590F, 0x6110, 0x6130, 0x6130,
    0x48ED, 0x40CB, 0x40CC, 0x48CC, 0x48CC, 0x48CC, 0x48CC, 0x48CC,
    0x48CC, 0x40CC, 0x40CC, 0x40CC, 0x40CC, 0x40CC, 0x40CC, 0x40CB,
    0x40CB, 0x40CB, 0x40CB, 0x40CB, 0x40CB, 0x40CB, 0x40AB, 0x40AB,
    0x38AA, 0x38AA, 0x38AA, 0x38AA, 0x38AA, 0x38AA, 0x38A9, 0x38A9,
    0x30A9, 0x3089, 0x3088, 0x3088, 0x3088, 0x2887, 0x2887, 0x2887,
    0x2867, 0x2866, 0x2066, 0x2066, 0x2065, 0x2065, 0x1865, 0x1845,
    0x1845, 0x1844, 0x1844, 0x1844, 0x1844, 0x1044, 0x1043, 0x1043,
    0x1043, 0x1043, 0x1023, 0x1023, 0x1023, 0x1023, 0x1022, 0x1022,
    0x1022, 0x0822, 0x0822, 0x0822, 0x0822, 0x0822, 0x0822, 0x0822,
    0x0822, 0x0822, 0x0021, 0x0822, 0x1806, 0x1004, 0x0001, 0x0000,
    0x0000, 0x0000, 0x0000, 0x0000, 0x0000, 0x0000, 0x0000, 0x0000,
    0x0000, 0x0000, 0x0000, 0x0000, 0x0000, 0x0000, 0x0000, 0x0000,
    0x0000, 0x0000, 0x0000, 0x0000, 0x0000, 0x3087, 0x3088, 0x3089,
    0x38A9, 0x38AA, 0x38AB, 0x40AB, 0x48CD, 0x48ED, 0x50EE, 0x590F,
    0x6110, 0x6130, 0x6130, 0x48ED, 0x40CB, 0x40CC, 0x48CC, 0x48CC,
    0x48CC, 0x48CC, 0x48CC, 0x48CC, 0x40CC, 0x40CC, 0x40CC, 0x40CC,
    0x40CC, 0x40CC, 0x40CB, 0x40CB, 0x40CB, 0x40CB, 0x40CB, 0x40CB,
    0x40CB, 0x40AB, 0x40AB, 0x38AB, 0x38AA, 0x38AA, 0x38AA, 0x38AA,
    0x38AA, 0x38A9, 0x38A9, 0x30A9, 0x3089, 0x3088, 0x3088, 0x3088,
    0x2887, 0x2887, 0x2887, 0x2867, 0x2866, 0x2066, 0x2066, 0x2066,
    0x2065, 0x1865, 0x1845, 0x1845, 0x1844, 0x1844, 0x1844, 0x1844,
    0x1043, 0x1043, 0x1043, 0x1043, 0x1043, 0x1023, 0x1023, 0x1023,
    0x1023, 0x1022, 0x1022, 0x1022, 0x0822, 0x0822, 0x0822, 0x0822,
    0x0822, 0x0822, 0x0822, 0x0822, 0x0822, 0x0021, 0x0822, 0x2006,
    0x1004, 0x0001, 0x0000, 0x0000, 0x0000, 0x0000, 0x0000, 0x0000,
    0x0000, 0x0000, 0x0000, 0x0000, 0x0000, 0x0000, 0x0000, 0x0000,
    0x0000, 0x0000, 0x0000, 0x0000, 0x0000, 0x0000, 0x0000, 0x0000,
  };

  const EyeDefinition eye PROGMEM = {
      "anime_eye", 0.5, 0, 0, nullptr,
      { 0, 0.0, 0.35, 0.725 },
      { 0.5, 0.3, { iris_texture, 256, 115 }, 65224, 0, 0, 0, 0 },
      { { nullptr, 0, 0 }, 65535, 0, 0, 0, 0 },
      { upper, lower, 0, 0.3, 0.0, true },
      { 240, nullptr, nullptr }
  };
}  // namespace
