#pragma once

#include <Arduino.h>
#include "eyes.h"

namespace dragon {

  // upper eyelid lookup table (480 columns, 0-255 range)
  const uint8_t upper[960] PROGMEM = {
    105, 126, 99, 129, 96, 131, 93, 133, 91, 134, 89, 136, 87, 137, 86, 138,
    84, 139, 82, 140, 81, 141, 80, 142, 79, 143, 77, 144, 76, 145, 75, 146,
    74, 146, 73, 147, 71, 148, 70, 149, 69, 149, 68, 150, 67, 150, 66, 151,
    65, 152, 64, 153, 63, 153, 62, 154, 61, 154, 60, 155, 59, 155, 58, 156,
    57, 156, 56, 157, 55, 157, 55, 158, 54, 158, 53, 159, 52, 159, 52, 160,
    51, 160, 50, 160, 49, 161, 48, 162, 47, 162, 47, 163, 46, 163, 45, 163,
    45, 164, 44, 164, 43, 164, 43, 165, 42, 165, 41, 165, 40, 166, 40, 166,
    39, 166, 39, 167, 38, 167, 37, 167, 37, 168, 36, 168, 36, 168, 35, 169,
    35, 169, 34, 170, 34, 170, 33, 170, 32, 170, 32, 171, 31, 171, 31, 171,
    30, 171, 30, 172, 29, 172, 29, 172, 28, 172, 28, 173, 27, 173, 27, 173,
    26, 173, 26, 174, 26, 174, 25, 174, 24, 174, 24, 174, 23, 175, 23, 175,
    23, 175, 22, 175, 22, 175, 21, 176, 21, 176, 21, 176, 20, 176, 20, 176,
    19, 177, 19, 177, 19, 177, 18, 177, 18, 177, 18, 177, 17, 178, 17, 178,
    17, 178, 16, 178, 16, 179, 15, 179, 15, 179, 15, 179, 14, 179, 14, 179,
    14, 180, 14, 180, 13, 180, 13, 180, 13, 180, 12, 180, 12, 180, 12, 180,
    12, 181, 11, 181, 11, 181, 11, 181, 11, 181, 10, 181, 10, 181, 10, 181,
    10, 181, 9, 182, 9, 182, 9, 182, 9, 182, 9, 182, 8, 182, 8, 182,
    7, 182, 7, 182, 7, 182, 7, 182, 7, 182, 7, 182, 6, 182, 6, 182,
    6, 183, 6, 183, 6, 183, 6, 183, 5, 183, 5, 183, 5, 183, 5, 183,
    5, 183, 5, 183, 4, 183, 4, 183, 4, 183, 4, 183, 4, 183, 4, 183,
    4, 183, 3, 183, 3, 183, 3, 183, 3, 183, 3, 183, 3, 183, 3, 183,
    3, 183, 2, 183, 2, 183, 2, 183, 2, 183, 2, 183, 2, 183, 2, 183,
    2, 183, 2, 183, 2, 183, 1, 183, 1, 183, 1, 183, 1, 183, 1, 183,
    1, 183, 1, 183, 1, 183, 1, 183, 1, 183, 1, 183, 1, 183, 1, 183,
    0, 183, 0, 183, 0, 183, 0, 183, 0, 183, 0, 183, 0, 183, 0, 183,
    0, 183, 0, 183, 0, 183, 0, 183, 0, 183, 0, 183, 0, 183, 0, 183,
    0, 183, 0, 183, 0, 182, 0, 182, 0, 182, 0, 182, 0, 182, 0, 182,
    0, 182, 0, 182, 0, 182, 0, 182, 0, 182, 0, 182, 0, 182, 0, 182,
    0, 182, 0, 182, 0, 182, 0, 182, 0, 182, 0, 182, 0, 182, 0, 182,
    0, 182, 0, 182, 0, 182, 0, 182, 0, 182, 0, 182, 0, 181, 0, 181,
    0, 181, 0, 181, 0, 181, 0, 181, 0, 181, 0, 181, 0, 181, 0, 181,
    0, 181, 0, 181, 1, 181, 1, 181, 1, 180, 1, 180, 1, 180, 1, 180,
    1, 180, 1, 180, 1, 180, 1, 180, 1, 180, 1, 180, 1, 180, 2, 180,
    2, 180, 2, 179, 2, 179, 2, 179, 2, 179, 2, 179, 2, 179, 2, 179,
    2, 179, 3, 179, 3, 179, 3, 178, 3, 178, 3, 178, 3, 178, 3, 178,
    3, 177, 4, 177, 4, 177, 4, 177, 4, 177, 4, 177, 4, 177, 4, 177,
    5, 177, 5, 177, 5, 176, 5, 176, 5, 176, 5, 176, 6, 176, 6, 176,
    6, 176, 6, 176, 6, 176, 6, 176, 7, 175, 7, 175, 7, 175, 7, 175,
    7, 175, 8, 175, 8, 175, 9, 175, 9, 175, 9, 174, 9, 174, 9, 174,
    10, 174, 10, 174, 10, 174, 10, 174, 11, 174, 11, 174, 11, 173, 11, 173,
    12, 173, 12, 173, 12, 173, 12, 173, 13, 173, 13, 173, 13, 173, 14, 173,
    14, 172, 14, 172, 14, 172, 15, 172, 15, 172, 15, 172, 16, 172, 16, 172,
    17, 172, 17, 171, 17, 171, 18, 171, 18, 171, 18, 171, 19, 171, 19, 171,
    19, 171, 20, 171, 20, 170, 20, 170, 21, 170, 21, 170, 21, 170, 22, 170,
    22, 170, 22, 170, 23, 170, 23, 169, 24, 169, 24, 169, 24, 169, 25, 168,
    25, 168, 26, 168, 26, 168, 27, 168, 27, 168, 27, 168, 28, 168, 28, 168,
    28, 167, 29, 167, 29, 167, 30, 167, 30, 167, 30, 167, 31, 167, 31, 167,
    32, 167, 32, 167, 32, 166, 33, 166, 34, 166, 34, 166, 35, 166, 35, 166,
    36, 166, 36, 166, 36, 166, 37, 165, 37, 165, 38, 165, 38, 165, 39, 165,
    39, 165, 40, 165, 40, 165, 41, 165, 41, 165, 42, 164, 43, 164, 43, 164,
    44, 164, 44, 164, 45, 164, 46, 164, 46, 164, 47, 164, 47, 164, 48, 163,
    48, 163, 49, 163, 50, 163, 51, 163, 51, 163, 52, 163, 53, 163, 53, 163,
    54, 163, 55, 163, 56, 163, 56, 162, 57, 162, 58, 162, 58, 162, 60, 162,
    60, 162, 61, 162, 62, 162, 63, 162, 63, 162, 64, 162, 65, 162, 66, 162,
    67, 162, 68, 162, 69, 162, 70, 162, 71, 162, 71, 161, 72, 161, 73, 161,
    74, 161, 75, 161, 76, 161, 77, 161, 78, 161, 79, 161, 80, 161, 80, 161,
    81, 161, 82, 161, 83, 161, 84, 161, 85, 162, 86, 162, 87, 162, 88, 162,
    88, 162, 89, 162, 90, 162, 91, 162, 91, 162, 92, 162, 94, 162, 94, 162,
    95, 162, 96, 162, 97, 162, 97, 162, 98, 162, 99, 162, 100, 162, 100, 162,
    101, 162, 102, 162, 103, 162, 104, 162, 104, 162, 105, 162, 106, 162, 106, 162,
  };

  // lower eyelid lookup table (480 columns, 0-255 range)
  const uint8_t lower[960] PROGMEM = {
    150, 125, 156, 126, 159, 128, 160, 130, 163, 131, 164, 133, 166, 134, 167, 136,
    169, 137, 171, 138, 172, 139, 173, 140, 175, 141, 176, 142, 177, 142, 179, 143,
    180, 144, 181, 145, 182, 146, 183, 146, 184, 147, 185, 148, 187, 148, 188, 149,
    188, 150, 189, 150, 190, 151, 191, 151, 192, 152, 193, 153, 194, 153, 195, 154,
    196, 154, 197, 155, 197, 155, 198, 156, 199, 156, 200, 156, 200, 157, 201, 157,
    202, 158, 203, 158, 204, 158, 204, 159, 205, 159, 206, 160, 206, 160, 207, 160,
    208, 161, 208, 161, 209, 162, 209, 162, 210, 162, 211, 163, 211, 163, 212, 163,
    213, 164, 213, 164, 214, 164, 214, 165, 215, 165, 215, 165, 216, 165, 216, 166,
    217, 166, 217, 166, 218, 166, 218, 167, 219, 167, 219, 167, 220, 167, 221, 168,
    221, 168, 221, 168, 222, 168, 222, 168, 223, 169, 223, 169, 224, 170, 224, 170,
    224, 170, 225, 170, 225, 170, 226, 171, 226, 171, 226, 171, 227, 171, 227, 171,
    227, 171, 228, 172, 228, 172, 228, 172, 229, 172, 230, 172, 230, 172, 230, 173,
    231, 173, 231, 173, 231, 173, 232, 173, 232, 173, 232, 174, 233, 174, 233, 174,
    233, 174, 233, 174, 234, 174, 234, 174, 234, 174, 235, 175, 235, 175, 235, 175,
    235, 175, 236, 175, 236, 175, 236, 175, 236, 175, 237, 175, 237, 176, 238, 176,
    238, 176, 238, 176, 238, 176, 239, 176, 239, 176, 239, 176, 239, 176, 239, 176,
    240, 176, 240, 177, 240, 177, 240, 177, 240, 177, 241, 177, 241, 177, 241, 177,
    241, 177, 241, 177, 241, 177, 242, 177, 242, 177, 242, 177, 242, 177, 242, 178,
    242, 178, 243, 178, 243, 178, 243, 178, 243, 178, 243, 178, 243, 178, 244, 178,
    244, 179, 244, 179, 244, 179, 244, 179, 244, 179, 244, 179, 245, 179, 245, 179,
    245, 179, 245, 179, 245, 179, 245, 179, 245, 179, 245, 179, 245, 179, 246, 179,
    246, 179, 246, 179, 246, 179, 246, 179, 247, 179, 247, 179, 247, 179, 247, 179,
    247, 179, 247, 179, 247, 179, 247, 179, 247, 179, 247, 179, 247, 179, 247, 179,
    247, 179, 247, 179, 247, 179, 247, 179, 247, 179, 248, 179, 248, 179, 248, 179,
    248, 179, 248, 179, 248, 179, 248, 179, 248, 179, 248, 179, 248, 179, 248, 179,
    248, 179, 248, 179, 248, 179, 248, 179, 248, 179, 248, 179, 248, 179, 248, 179,
    248, 179, 248, 179, 248, 179, 248, 179, 248, 179, 248, 179, 248, 179, 248, 179,
    248, 179, 247, 179, 247, 179, 247, 179, 247, 179, 247, 179, 247, 179, 247, 178,
    247, 178, 247, 178, 247, 178, 247, 178, 247, 178, 247, 178, 247, 178, 247, 178,
    247, 178, 247, 178, 247, 177, 247, 177, 247, 177, 247, 177, 246, 177, 246, 177,
    246, 177, 246, 177, 246, 177, 246, 177, 245, 177, 245, 177, 245, 177, 245, 177,
    245, 177, 245, 177, 245, 176, 245, 176, 245, 176, 245, 176, 245, 176, 245, 176,
    244, 176, 244, 176, 244, 176, 244, 176, 244, 176, 244, 176, 244, 176, 244, 176,
    244, 175, 243, 175, 243, 175, 243, 175, 243, 175, 243, 175, 243, 175, 243, 175,
    243, 175, 242, 175, 242, 175, 242, 174, 242, 174, 242, 174, 242, 174, 242, 174,
    242, 174, 241, 174, 241, 174, 241, 174, 241, 174, 241, 174, 241, 173, 241, 173,
    240, 173, 240, 173, 240, 173, 240, 173, 240, 173, 240, 173, 239, 173, 239, 172,
    239, 172, 239, 172, 239, 172, 239, 172, 238, 172, 238, 172, 238, 172, 238, 172,
    238, 171, 238, 171, 237, 171, 237, 171, 237, 171, 236, 171, 236, 171, 236, 171,
    236, 170, 236, 170, 235, 170, 235, 170, 235, 170, 235, 170, 235, 170, 235, 170,
    234, 169, 234, 169, 234, 169, 234, 168, 234, 168, 233, 168, 233, 168, 233, 168,
    233, 168, 233, 168, 232, 168, 232, 167, 232, 167, 232, 167, 231, 167, 231, 167,
    231, 167, 231, 166, 231, 166, 230, 166, 230, 166, 230, 166, 230, 166, 229, 166,
    229, 165, 229, 165, 228, 165, 228, 165, 228, 165, 228, 165, 227, 165, 227, 164,
    227, 164, 227, 164, 226, 164, 226, 164, 226, 164, 226, 163, 225, 163, 225, 163,
    225, 163, 225, 163, 224, 163, 224, 163, 224, 162, 224, 162, 223, 162, 223, 162,
    223, 162, 223, 162, 222, 161, 222, 161, 222, 161, 221, 160, 221, 160, 221, 160,
    221, 160, 220, 160, 220, 160, 219, 160, 219, 159, 219, 159, 218, 159, 218, 159,
    218, 159, 217, 159, 217, 158, 217, 158, 216, 158, 216, 158, 216, 158, 215, 158,
    215, 157, 215, 157, 214, 157, 214, 157, 214, 157, 213, 157, 213, 156, 213, 156,
    212, 156, 211, 156, 211, 156, 211, 156, 210, 156, 210, 155, 209, 155, 209, 155,
    209, 155, 208, 155, 208, 155, 207, 155, 207, 155, 206, 154, 206, 154, 206, 154,
    205, 154, 205, 154, 204, 154, 204, 154, 203, 154, 202, 154, 202, 154, 201, 154,
    201, 154, 200, 153, 200, 153, 199, 153, 199, 153, 198, 153, 198, 153, 197, 153,
    197, 153, 196, 153, 195, 153, 194, 153, 194, 153, 193, 153, 193, 153, 192, 153,
    191, 153, 191, 153, 190, 153, 190, 153, 189, 153, 188, 153, 188, 154, 187, 154,
    187, 154, 185, 154, 185, 154, 184, 154, 184, 154, 183, 154, 183, 154, 182, 154,
    182, 154, 181, 154, 181, 155, 181, 155, 180, 155, 180, 155, 179, 155, 179, 155,
    179, 155, 178, 156, 178, 156, 177, 156, 177, 156, 177, 156, 177, 156, 177, 157,
    177, 157, 176, 157, 176, 157, 176, 157, 176, 157, 176, 158, 176, 158, 175, 158,
  };

  // iris_texture (256x115 px, RGB565 angle-major: T[angle*115+radius])
  const uint16_t iris_texture[29440] PROGMEM = {
    0x7020, 0x9040, 0xB8A1, 0xB0A1, 0xB0A1, 0xB8E2, 0xD143, 0xD163,
    0xD183, 0xD9C3, 0xDA04, 0xDA04, 0xDA04, 0xE223, 0xE264, 0xEAA5,
    0xF306, 0xEAC5, 0xF2C5, 0xFB26, 0xFB66, 0xEB25, 0xCAE4, 0xD304,
    0xD325, 0xCB04, 0xBB04, 0xBB24, 0xD385, 0xE3E5, 0xD3A5, 0xC384,
    0xBB84, 0xCBC5, 0xC3E5, 0xBBC4, 0xC405, 0xD465, 0xE4C6, 0xE4E7,
    0xD4A6, 0xCCC5, 0xD4E5, 0xC4C5, 0xCCE5, 0xD526, 0xD526, 0xC505,
    0xC505, 0xC566, 0xB4E6, 0xBD06, 0xD606, 0xCDE6, 0xD607, 0xDE67,
    0xD647, 0xD646, 0xD646, 0xD687, 0xD666, 0xCE45, 0xCE46, 0xD666,
    0xD686, 0xCE66, 0xC646, 0xCE66, 0xCE46, 0xAD64, 0xB5A5, 0xCE66,
    0xCE66, 0xCE46, 0xC605, 0xC5E5, 0xC5E5, 0xD646, 0xE687, 0xD606,
    0xAD24, 0x9C62, 0xA481, 0xBD23, 0xBD24, 0xACA3, 0xC504, 0xD564,
    0xCD44, 0xC4C3, 0xC4E3, 0xCCE4, 0xBC63, 0xBC43, 0xC464, 0xC463,
    0xA3A3, 0x9322, 0x9B42, 0xA382, 0xAB82, 0xA322, 0x8AA1, 0x8AA1,
    0x8AA1, 0x7200, 0x5980, 0x5980, 0x71E0, 0x69A0, 0x5120, 0x40E0,
    0x30A0, 0x1020, 0x0000, 0xA861, 0xA861, 0xB0A1, 0xB8C2, 0xB8C2,
    0xB8E1, 0xC122, 0xD163, 0xC963, 0xC162, 0xD9C3, 0xD1E3, 0xC1C3,
    0xB9C2, 0xB9C2, 0xCA03, 0xD244, 0xD284, 0xD284, 0xC263, 0xAA42,
    0xAA43, 0xAA63, 0xA263, 0x9A42, 0x9A42, 0x9A83, 0x8A23, 0x8A22,
    0xA2A3, 0xB303, 0xB323, 0xAB24, 0xA303, 0x8AA2, 0x8AC2, 0xABA4,
    0xABA4, 0x9322, 0x8B02, 0xB404, 0xC485, 0xB424, 0xAC04, 0xB464,
    0xC4C5, 0xC4E5, 0xC506, 0xC525, 0xC545, 0xDDE6, 0xDDE6, 0xB525,
    0xA484, 0xB525, 0xCDC5, 0xB545, 0xC5C6, 0xDE87, 0xD687, 0xD687,
    0xE708, 0xF789, 0xEF29, 0xE708, 0xE728, 0xDEE7, 0xD6C7, 0xE707,
    0xF7A8, 0xF789, 0xE708, 0xE6E7, 0xEF27, 0xEF27, 0xE6C7, 0xDE86,
    0xE6E7, 0xF747, 0xEF07, 0xE6A6, 0xDE46, 0xD5E6, 0xD5E6, 0xC545,
    0xB4C3, 0xCD64, 0xDDC5, 0xE5C6, 0xF607, 0xF606, 0xEDA5, 0xDD44,
    0xDD04, 0xDD04, 0xDCE4, 0xD4A4, 0xD483, 0xD463, 0xBBC2, 0xA342,
    0xAB42, 0xB382, 0xAB42, 0x92A2, 0x7A21, 0x71E0, 0x71E0, 0x69C0,
    0x5980, 0x4920, 0x40E0, 0x30C0, 0x1020, 0x0000, 0x9040, 0xA881,
    0xC0C2, 0xC0A2, 0xB8C1, 0xC902, 0xD963, 0xD983, 0xC143, 0xA922,
    0xB162, 0xB982, 0xC1A2, 0xC9E3, 0xCA03, 0xCA43, 0xCA63, 0xC243,
    0xB223, 0xAA23, 0xAA23, 0xB263, 0xC2C4, 0xCAE4, 0xB283, 0xA263,
    0xCB24, 0xF405, 0xF405, 0xCB64, 0xBB24, 0xBB64, 0xC3A4, 0xD405,
    0xDC46, 0xE466, 0xE4A6, 0xD466, 0xBC25, 0xABE4, 0xB404, 0xB404,
    0xAC04, 0xB445, 0xBC65, 0xB465, 0xAC45, 0x9C04, 0x9C04, 0x9C25,
    0xA466, 0xACA6, 0xB505, 0xC586, 0xBD66, 0xB525, 0xB525, 0xC5C6,
    0xD667, 0xE6C8, 0xEF48, 0xE728, 0xE708, 0xF7A9, 0xFFEB, 0xFFEA,
    0xF7A8, 0xF788, 0xF788, 0xE748, 0xDEE8, 0xDEC7, 0xDEA8, 0xD687,
    0xDEC7, 0xEF07, 0xEF28, 0xEF08, 0xEF07, 0xF728, 0xFF48, 0xF708,
    0xEEA7, 0xEE67, 0xEE87, 0xF6A8, 0xFE87, 0xFE66, 0xFE66, 0xFEC8,
    0xFE88, 0xFE07, 0xFE27, 0xFE06, 0xF585, 0xED45, 0xED25, 0xE505,
    0xE4C4, 0xDC84, 0xD444, 0xCC03, 0xCBE3, 0xBB62, 0xAB22, 0xA2E2,
    0x92A1, 0x8A61, 0x8A41, 0x71E0, 0x5940, 0x38E0, 0x30C0, 0x1840,
    0x0000, 0x8840, 0x8040, 0x8860, 0xA8A1, 0xC0E2, 0xC102, 0xA8E1,
    0xB921, 0xD183, 0xE1C3, 0xE224, 0xDA24, 0xE264, 0xF2A5, 0xFAA5,
    0xF285, 0xDA84, 0xDAA4, 0xCA63, 0xBA63, 0xD2C4, 0xEB25, 0xE345,
    0xBAA3, 0xAA83, 0xBAE4, 0xCB24, 0xB2E3, 0xAAC3, 0xBB44, 0xC364,
    0xBB24, 0xAB24, 0xB344, 0xA323, 0x8282, 0x6A41, 0x9322, 0xB3C3,
    0x9B62, 0xA3A3, 0xB404, 0xB424, 0xB444, 0xB465, 0xB485, 0xB485,
    0xAC64, 0xAC65, 0xA465, 0x9C24, 0x9404, 0x8C04, 0x9465, 0x9C85,
    0xA4A5, 0xA4E6, 0xA4C5, 0x9CC4, 0x9464, 0x9464, 0x9464, 0xA4E4,
    0xB586, 0xC627, 0xDEE7, 0xE707, 0xF789, 0xFFCA, 0xE728, 0xE6E7,
    0xEF27, 0xF788, 0xF789, 0xEF48, 0xEF28, 0xF768, 0xFF67, 0xF727,
    0xFF69, 0xFF48, 0xFF26, 0xFF46, 0xFEE7, 0xF687, 0xF687, 0xFEC7,
    0xFEE8, 0xFE87, 0xF647, 0xFE68, 0xFE68, 0xFE26, 0xF5A5, 0xED65,
    0xED65, 0xED45, 0xED05, 0xE4C4, 0xDC84, 0xD423, 0xC3C3, 0xBBA3,
    0xC3A3, 0xBB83, 0xAAE2, 0x9AA2, 0x92A1, 0x9261, 0x71E0, 0x5960,
    0x4100, 0x30C0, 0x1020, 0x0000, 0x8840, 0x9861, 0xB0A1, 0xC0C2,
    0xA8A1, 0xA8C1, 0xC122, 0xD963, 0xD9A3, 0xD9C4, 0xE224, 0xDA04,
    0xC9E3, 0xC1C3, 0xE224, 0xD224, 0x8983, 0xAA04, 0xB204, 0xA9C3,
    0xDA84, 0xF325, 0xDB04, 0xAA64, 0xAA63, 0xBAE4, 0xC304, 0xC324,
    0xCB65, 0xD3A4, 0xC384, 0xCBA4, 0xD3E5, 0xB384, 0xC3E5, 0xDC66,
    0xCC25, 0xC405, 0xCC65, 0xDCC6, 0xE527, 0xDD06, 0xC4A6, 0xBC86,
    0xC4A6, 0xC4E6, 0xC4E6, 0xBCE6, 0xBCE6, 0xC526, 0xD5C7, 0xC566,
    0x9445, 0xA4A6, 0x9C85, 0x7BA2, 0x7380, 0x9CC2, 0xB564, 0x9483,
    0xB585, 0xD6A7, 0xD6A8, 0xE728, 0xF788, 0xF7A9, 0xF7AB, 0xFFEB,
    0xFFE9, 0xFFC8, 0xFFC8, 0xFFC9, 0xFFA8, 0xF7A7, 0xFFA8, 0xFFA9,
    0xFFA9, 0xFFAA, 0xFF8A, 0xFF69, 0xF74A, 0xFF6F, 0xFFD5, 0xFFAF,
    0xFF28, 0xFEC6, 0xFEA6, 0xFE86, 0xF625, 0xFE25, 0xF605, 0xEDC5,
    0xED85, 0xED65, 0xE545, 0xDCE5, 0xE4E5, 0xE4E5, 0xD484, 0xBBE3,
    0xBBC3, 0xCBE3, 0xC3E3, 0xBB83, 0xAB02, 0x9281, 0x8A61, 0x8A61,
    0x8A41, 0x69C0, 0x5140, 0x4900, 0x4900, 0x1860, 0x0000, 0x8040,
    0x9041, 0x9881, 0xA0A1, 0xB8C1, 0xD922, 0xE964, 0xD9A4, 0xD1A3,
    0xD182, 0xD9C3, 0xDA03, 0xEA84, 0xF2E6, 0xF2E6, 0xF2E5, 0xFAC5,
    0xFB45, 0xFBE6, 0xFC48, 0xFC69, 0xE344, 0xCAC1, 0xF406, 0xFCA7,
    0xFC25, 0xE384, 0xF405, 0xFC25, 0xF3E3, 0xE3E4, 0xD3E5, 0xD3C5,
    0xEC25, 0xE404, 0xCBA3, 0xCBE2, 0xDC64, 0xDC84, 0xCC23, 0xB3A2,
    0xB3E2, 0xCCA4, 0xCCC5, 0xCCE6, 0xCD04, 0xCCE3, 0xC4E4, 0xCD66,
    0xE608, 0xDDE7, 0xDDE6, 0xE686, 0xFF89, 0xFFE9, 0xFFA9, 0xFF4B,
    0xFF8D, 0xFFED, 0xFFEA, 0xFFE9, 0xFFE9, 0xFFE9, 0xFFC8, 0xFFA7,
    0xFFE9, 0xFFED, 0xFFEA, 0xFFC7, 0xFFEC, 0xFFEF, 0xFFEE, 0xFFCD,
    0xF7AE, 0xF78C, 0xFF65, 0xFF65, 0xFF67, 0xFF69, 0xFF6B, 0xFFCE,
    0xFFAE, 0xEEAA, 0xEE66, 0xF686, 0xEE88, 0xEE27, 0xDDA5, 0xD565,
    0xF606, 0xEDE5, 0xCD04, 0xD504, 0xE545, 0xE545, 0xC463, 0xBC23,
    0xBC03, 0xBBE3, 0xAB83, 0xBBC3, 0xCC03, 0xAB42, 0x9AE1, 0x92A1,
    0x92A1, 0x92A2, 0x9281, 0x7A00, 0x6180, 0x4120, 0x38C0, 0x38C0,
    0x1840, 0x0000, 0x7020, 0x7820, 0x9881, 0xB8C2, 0xB0C1, 0x98C1,
    0xA0C1, 0xC142, 0xD983, 0xD1C3, 0xD9E4, 0xD9E3, 0xD1E3, 0xE224,
    0xEA85, 0xEAA5, 0xEAC5, 0xDA65, 0xE244, 0xEA83, 0xD263, 0xCAA4,
    0xD2C4, 0xC2A4, 0xC2A3, 0xE344, 0xFC06, 0xFCEA, 0xF4EB, 0xEC48,
    0xF467, 0xF486, 0xEC86, 0xF4A7, 0xED29, 0xED8A, 0xF589, 0xFDCA,
    0xF60C, 0xDDAA, 0xDD89, 0xE5CA, 0xF60A, 0xDD45, 0xE586, 0xF6AD,
    0xFF71, 0xFF0C, 0xFE87, 0xFEA9, 0xFF0A, 0xFF0A, 0xE668, 0xDE28,
    0xE646, 0xF6E8, 0xFF8D, 0xFFCD, 0xFF89, 0xEF07, 0xD687, 0xDEC9,
    0xF789, 0xEF89, 0xEF49, 0xEF48, 0xDEC7, 0xDF07, 0xEF88, 0xFFCA,
    0xEF69, 0xEF48, 0xFFE7, 0xFFE8, 0xFFEB, 0xFFF1, 0xFFF7, 0xFFF4,
    0xFFAB, 0xF725, 0xEEC4, 0xDE24, 0xC543, 0xE626, 0xEE46, 0xBD24,
    0xBCE4, 0xD5A5, 0xEE26, 0xEDE6, 0xBCA4, 0xAC23, 0xDD45, 0xF5C5,
    0xDD05, 0xABC3, 0xABC3, 0xC444, 0xBBE3, 0x6A41, 0x61E1, 0x8AA2,
    0x92C2, 0x8261, 0x7A41, 0x8A82, 0x9AA1, 0x8220, 0x5160, 0x5140,
    0x28A0, 0x0000, 0x0820, 0x0820, 0x0820, 0x6000, 0x6820, 0x7040,
    0x6840, 0x6860, 0x88A1, 0xA8E2, 0xB922, 0xB122, 0xB962, 0xE1E3,
    0xF244, 0xEA64, 0xE224, 0xD203, 0xC1E3, 0xB9E2, 0xDA84, 0xEB47,
    0xEBC9, 0xF366, 0xFBC6, 0xFC26, 0xEBC6, 0xDB65, 0xE365, 0xF3C5,
    0xF447, 0xF4A9, 0xFD0A, 0xFD09, 0xFD08, 0xFDCB, 0xFEB1, 0xFE70,
    0xFDAB, 0xFD89, 0xFD67, 0xFD87, 0xFDC9, 0xFEAE, 0xFF71, 0xFF6F,
    0xFE4A, 0xED66, 0xEDA6, 0xF64A, 0xF6AB, 0xDDC8, 0xC525, 0xDDE6,
    0xEE88, 0xDE27, 0xC5A6, 0xB525, 0xB525, 0xBD64, 0x9462, 0x6B61,
    0x8423, 0xAD25, 0xB5A5, 0xA524, 0x8C83, 0x94C4, 0xAD85, 0xBDC6,
    0xB5A5, 0xAD65, 0xAD65, 0xB585, 0xAD65, 0xA505, 0x9CC4, 0xA503,
    0xB562, 0xC5C2, 0xD644, 0xE6A6, 0xE688, 0xDE68, 0xDE48, 0xD627,
    0xCDC5, 0xC564, 0xC544, 0xCD64, 0xC504, 0xAC63, 0xAC42, 0xAC22,
    0xAC22, 0xB424, 0xB403, 0xB402, 0xB403, 0xBC04, 0xB3E4, 0xAB83,
    0x9B22, 0x92E0, 0x92C1, 0x92E2, 0x8261, 0x7200, 0x7A20, 0x7200,
    0x61A0, 0x4120, 0x38E0, 0x40E0, 0x38E0, 0x28A0, 0x1020, 0x0800,
    0x6820, 0x9060, 0xA081, 0x7860, 0xC0C2, 0xE122, 0xA8E1, 0x9901,
    0xB142, 0xD163, 0xB182, 0xB1A3, 0xC9C3, 0xF203, 0xFB46, 0xFBC9,
    0xEB06, 0xEAA4, 0xEAA3, 0xCA84, 0xB243, 0xAA42, 0xBA83, 0xD2E4,
    0xCB04, 0xBAE4, 0xBAE4, 0xBAE3, 0xBAE2, 0xBAC2, 0xBB23, 0xC384,
    0xC363, 0xBB01, 0xBB21, 0xCBA2, 0xC3C4, 0xD446, 0xDC86, 0xCC64,
    0xBBE3, 0xABA2, 0xABC3, 0xA3C4, 0xC4C6, 0xD527, 0xA404, 0xA404,
    0xB4A5, 0xA466, 0x9C24, 0x8BE3, 0x8BE3, 0x9403, 0xA4A4, 0xB545,
    0xCDE6, 0xBDA6, 0xBDA6, 0xC5E6, 0xAD25, 0x8C64, 0x8C64, 0x94A4,
    0x9CC4, 0x94A4, 0x9CC4, 0x9CE4, 0xAD44, 0xB585, 0xAD45, 0x9CA4,
    0x8C23, 0xA4E4, 0xB566, 0xAD26, 0xA4E6, 0x9CC5, 0xBDA6, 0xF708,
    0xFFA9, 0xEEE7, 0xC585, 0x9C22, 0x9402, 0xBCE4, 0xCD45, 0xBCC5,
    0x9BE3, 0x93A2, 0xBCA3, 0xDD44, 0xD4E4, 0xB423, 0xABC2, 0xB3E3,
    0xB3E3, 0xABA2, 0x9322, 0x9301, 0x8AE1, 0x8AC1, 0x92C1, 0x8AA1,
    0x8A80, 0x8A61, 0x7A00, 0x7200, 0x71E0, 0x4940, 0x40E0, 0x4900,
    0x2880, 0x0000, 0x0000, 0x5000, 0x7020, 0x8060, 0x7060, 0x90A1,
    0xA0C1, 0x90C1, 0xA902, 0xB942, 0xB142, 0xA962, 0xC1A2, 0xCA03,
    0xB1A2, 0x9162, 0xB1C2, 0xEAA4, 0xE2A4, 0xA9E2, 0x81A1, 0x99E2,
    0x9A23, 0x9202, 0x9A42, 0xA263, 0xAAA3, 0xB2C3, 0xAAC3, 0x9283,
    0x9283, 0xB304, 0xB324, 0xA304, 0x92E4, 0xB385, 0xC406, 0xB3C4,
    0x8B03, 0x7AC2, 0x9343, 0xA3A5, 0xA3C5, 0xA3E5, 0x93A4, 0x9BC3,
    0x93C3, 0x7302, 0x8BA4, 0xAC85, 0x9C24, 0x8BC4, 0x9404, 0xB506,
    0xBD46, 0xA4A5, 0x8BE4, 0x7BA3, 0x83E3, 0x8C64, 0x9CE5, 0x94A3,
    0x9463, 0x9CC4, 0xA525, 0xA525, 0x9D04, 0xAD65, 0xAD45, 0x8C63,
    0x7BA2, 0x8C63, 0xA504, 0x94A3, 0xAD24, 0xB565, 0xAD04, 0xAD04,
    0xACC4, 0x9C44, 0x7BA3, 0x8BE3, 0x9C43, 0x93E3, 0xACC4, 0xCD85,
    0xBD03, 0x93E2, 0x9C02, 0xC504, 0xC4E4, 0xB464, 0xAC04, 0xAC03,
    0xA3C3, 0x9B82, 0x9B82, 0xB3E3, 0xB3C3, 0x9302, 0x8AE2, 0x8AE1,
    0x8AC1, 0x8AA1, 0x92A2, 0x92A1, 0x8260, 0x8240, 0x8A41, 0x8A20,
    0x69A0, 0x4920, 0x38C0, 0x2880, 0x1020, 0x0820, 0x3800, 0x5800,
    0x8860, 0xA0A1, 0x9081, 0x98A1, 0xB902, 0xC942, 0xC962, 0xD183,
    0xD9C3, 0xDA03, 0xD204, 0xC1C3, 0xCA03, 0xD223, 0xD222, 0xD284,
    0xDB05, 0xEB24, 0xDAC3, 0xBA62, 0x9A22, 0x89E2, 0x9223, 0x9223,
    0x79C2, 0xA283, 0xBB24, 0xAAE4, 0xA2E3, 0xA2E3, 0xAB23, 0xBB84,
    0xBBA4, 0xAB44, 0x9B23, 0xBBE5, 0xBC05, 0xA363, 0x9B83, 0xBC44,
    0xD4E5, 0xC4A5, 0xA3E4, 0x9BC4, 0xAC44, 0xBCC5, 0xAC84, 0x8BA3,
    0x9403, 0xA484, 0xA484, 0x83E3, 0x83E2, 0x9C83, 0xA4C4, 0xAD05,
    0xAD04, 0xAD25, 0xAD25, 0xB585, 0xB585, 0x94A3, 0x9483, 0xA504,
    0x9CC4, 0xAD44, 0xC626, 0xC606, 0xC626, 0xCE26, 0xCE26, 0xC5E6,
    0xBDA5, 0xBDA5, 0xC5E5, 0xC5E5, 0xC5E5, 0xD645, 0xD625, 0xCDC5,
    0xBD44, 0xC585, 0xD5C5, 0xD585, 0xCD64, 0xCD64, 0xD584, 0xCD24,
    0xBCC4, 0xB443, 0xAC02, 0xAC23, 0xB403, 0x9B82, 0x9321, 0x8B01,
    0x8AE1, 0x92E1, 0x92E1, 0x92C1, 0x92C1, 0x8AA1, 0x8261, 0x7A41,
    0x8260, 0x8240, 0x71E0, 0x7A00, 0x69C0, 0x4920, 0x4900, 0x2880,
    0x1040, 0x7800, 0x8040, 0x9881, 0xA8A1, 0xA0A1, 0xA0C1, 0xB0E2,
    0xB922, 0xB922, 0xC162, 0xD1C3, 0xE204, 0xD9E3, 0xD1C2, 0xF2E6,
    0xFBC8, 0xFB87, 0xF2E5, 0xFAE5, 0xFB87, 0xFBE7, 0xFC06, 0xFBC5,
    0xEB64, 0xFBC4, 0xFC65, 0xFC86, 0xFCA6, 0xFC45, 0xF405, 0xEC25,
    0xEC66, 0xE446, 0xCBC5, 0xD425, 0xF4E6, 0xFD26, 0xED06, 0xE506,
    0xF547, 0xF567, 0xDD06, 0xD4E5, 0xEDA7, 0xEDC7, 0xDD66, 0xE5C7,
    0xF668, 0xFEC8, 0xF687, 0xEE67, 0xDE07, 0xCDA6, 0xCDA6, 0xCDE6,
    0xCDC6, 0xB545, 0xB544, 0xC5E5, 0xD666, 0xCE26, 0xBDE5, 0xCE66,
    0xDEA7, 0xDEC7, 0xDEA6, 0xD6A6, 0xE727, 0xEF88, 0xE727, 0xCE86,
    0xCE46, 0xDEC6, 0xD666, 0xCE26, 0xD666, 0xDE87, 0xDE66, 0xD646,
    0xDE46, 0xDE46, 0xDE46, 0xEEA6, 0xF6A6, 0xF6A6, 0xEE66, 0xCD64,
    0xB4A3, 0xB483, 0xCCE4, 0xDD45, 0xCD04, 0xBC83, 0xB423, 0xABE3,
    0xA3A2, 0x9B42, 0x8B02, 0x8AC1, 0x8AC0, 0x92E1, 0x8AA1, 0x8281,
    0x8280, 0x8AA1, 0x92A1, 0x7A21, 0x71E0, 0x8A41, 0x8221, 0x69A0,
    0x69A0, 0x8A00, 0x40E0, 0x0000, 0x8840, 0xA081, 0xA0A1, 0x7860,
    0x98A1, 0xC102, 0xC902, 0xC943, 0xD9A3, 0xE1C3, 0xB162, 0xB9A2,
    0xDA03, 0xD1C2, 0xD203, 0xEB06, 0xFBC8, 0xEAC5, 0xDA43, 0xEB05,
    0xEB04, 0xEB04, 0xEB45, 0xFC08, 0xFC07, 0xF3C6, 0xEBC6, 0xDBA5,
    0xDBA5, 0xE3C5, 0xDBE5, 0xDC04, 0xDC24, 0xE465, 0xEC86, 0xEC86,
    0xE4A5, 0xD465, 0xC445, 0xC445, 0xCC65, 0xD4C5, 0xD505, 0xD525,
    0xC4C6, 0xCD06, 0xE5C7, 0xD566, 0xBCC6, 0xBCE6, 0xDDE7, 0xEEA8,
    0xF6C8, 0xFF09, 0xEEC9, 0xDE68, 0xDE68, 0xEEE8, 0xF749, 0xF749,
    0xE6E7, 0xEF07, 0xFFCA, 0xFFCA, 0xE728, 0xD6C6, 0xEF68, 0xFFC9,
    0xEF68, 0xE727, 0xE747, 0xEF68, 0xF788, 0xE728, 0xD667, 0xC5E5,
    0xCE06, 0xE6C7, 0xEEE7, 0xC5C5, 0xC585, 0xDE26, 0xEEA7, 0xD5C5,
    0xB4E4, 0xBCE4, 0xC525, 0xC525, 0xBCC4, 0xB483, 0xAC43, 0xB483,
    0xD505, 0xD4E5, 0xCC84, 0xBC23, 0xA382, 0x9322, 0x9B22, 0x8AE1,
    0x9B21, 0xB382, 0xB362, 0x8260, 0x7200, 0x9AC1, 0x9AC2, 0x8221,
    0x6180, 0x5980, 0x5160, 0x4920, 0x40E0, 0x1840, 0x0000, 0x6000,
    0x6000, 0x7040, 0x7840, 0x9080, 0x98C1, 0xA8E1, 0xB101, 0xB122,
    0xB962, 0xC183, 0xD1C3, 0xD203, 0xB9E2, 0xC1E2, 0xDA43, 0xF2C5,
    0xF2E5, 0xEAE5, 0xF305, 0xEB05, 0xE304, 0xE323, 0xFBC5, 0xE383,
    0xCB02, 0xCB22, 0xE3A4, 0xF405, 0xE3E4, 0xD3A4, 0xD384, 0xDBC4,
    0xE405, 0xDC25, 0xD425, 0xD445, 0xD465, 0xD485, 0xDCC5, 0xDCE5,
    0xD4C5, 0xC485, 0xC4A5, 0xCCC5, 0xC4E5, 0xC4E5, 0xCD25, 0xE5E7,
    0xEE67, 0xD5C7, 0xBD26, 0xBD46, 0xC5A6, 0xD627, 0xEEE8, 0xFF69,
    0xFF69, 0xF769, 0xFF8A, 0xFFAA, 0xF7A9, 0xEF48, 0xE707, 0xEF68,
    0xF7A9, 0xEF69, 0xE728, 0xEF68, 0xF789, 0xEF68, 0xEF48, 0xFFA9,
    0xF789, 0xEF28, 0xE6E7, 0xDEA6, 0xDE66, 0xD647, 0xCDE5, 0xBD85,
    0xC5A5, 0xE666, 0xD5C6, 0xB4C5, 0xB4A5, 0xBCC4, 0xBCC4, 0xBCC4,
    0xD545, 0xE585, 0xD524, 0xBC83, 0xBC43, 0xABE2, 0x8B21, 0x8B21,
    0xA382, 0xABA2, 0x9B22, 0x82A1, 0x7241, 0x7A60, 0x7A60, 0x8260,
    0x8A60, 0x8220, 0x5980, 0x2880, 0x4920, 0x6180, 0x4900, 0x0820,
    0x0000, 0x0000, 0x6820, 0x9861, 0xC8C1, 0xB0A1, 0xA8C1, 0xB0E2,
    0xB102, 0xD163, 0xC942, 0xB141, 0xC1A2, 0xD9E3, 0xE203, 0xE224,
    0xFAA5, 0xEAA5, 0xBA03, 0xBA22, 0xD283, 0xDAC3, 0xE305, 0xDB05,
    0xE325, 0xFBA6, 0xFBE7, 0xFBE7, 0xFBC6, 0xFC47, 0xFD09, 0xFD49,
    0xFCA5, 0xFD26, 0xFE09, 0xFD26, 0xFCC5, 0xFD05, 0xF505, 0xFD26,
    0xFD87, 0xFDE7, 0xF566, 0xE525, 0xED86, 0xFE29, 0xF629, 0xEDE8,
    0xEE28, 0xF648, 0xEE48, 0xEE47, 0xEE47, 0xEE47, 0xEE87, 0xEEA8,
    0xE687, 0xDE67, 0xDE87, 0xDE67, 0xD666, 0xD687, 0xDEA7, 0xE6E7,
    0xE6E8, 0xE708, 0xE728, 0xE728, 0xE727, 0xE747, 0xEF68, 0xF789,
    0xF7A9, 0xF788, 0xF768, 0xEF28, 0xEF49, 0xFF89, 0xEF07, 0xDE66,
    0xD626, 0xDE86, 0xDE46, 0xD606, 0xE666, 0xEEA6, 0xFEE6, 0xFEC6,
    0xEE65, 0xF646, 0xEE26, 0xCD25, 0xC4A4, 0xCCE4, 0xCCC4, 0xBC63,
    0xABE3, 0xB3E3, 0xB3E3, 0xB3C2, 0xA382, 0x9B42, 0x92E2, 0x92C2,
    0x92E1, 0x92C1, 0x8261, 0x69E0, 0x69E0, 0x61C0, 0x4100, 0x4120,
    0x5960, 0x6180, 0x40E0, 0x1020, 0x0000, 0x7020, 0x7840, 0x8060,
    0x6840, 0xA0C1, 0xC102, 0xB0E2, 0xA902, 0xC162, 0xD9A3, 0xD9C3,
    0xD1E3, 0xD1E3, 0xD1E3, 0xD223, 0xE284, 0xFAC4, 0xFAE5, 0xEAA4,
    0xEAA4, 0xFB86, 0xFBC6, 0xEB65, 0xEB85, 0xD344, 0xB304, 0xAAC4,
    0xB2E3, 0xAAC3, 0xA2A3, 0xA283, 0xA2E4, 0xA325, 0x92C3, 0x9B03,
    0xB364, 0xB3C4, 0xB3C4, 0xA364, 0x9303, 0xABE4, 0xC485, 0xC485,
    0xCCE6, 0xD526, 0xD546, 0xCD46, 0xE5C7, 0xEE48, 0xDE07, 0xDE28,
    0xE648, 0xDE47, 0xD627, 0xDE47, 0xDE67, 0xDE47, 0xD667, 0xD687,
    0xDEC8, 0xE6C8, 0xDEC7, 0xDEC7, 0xD686, 0xD687, 0xD687, 0xDEC7,
    0xDEE7, 0xDEC6, 0xD6A6, 0xE727, 0xEF48, 0xDEC7, 0xE707, 0xF748,
    0xEF27, 0xEF28, 0xF728, 0xEEE8, 0xDE67, 0xDE46, 0xE687, 0xF6C7,
    0xEE87, 0xDE06, 0xDDC6, 0xDDC5, 0xDDA5, 0xDD84, 0xE5A5, 0xE585,
    0xC4E3, 0xBC64, 0xD505, 0xE525, 0xBC43, 0xABA2, 0xB3C2, 0xBC03,
    0xB3A3, 0x9B22, 0x9AE1, 0xAB22, 0xA301, 0x8260, 0x61A0, 0x61A0,
    0x71E1, 0x71E0, 0x69C0, 0x5960, 0x4900, 0x38C0, 0x1840, 0x0000,
    0x3800, 0x6020, 0x8040, 0x6840, 0x7060, 0x90A1, 0xB0E2, 0xA902,
    0xA101, 0xA922, 0xC1A3, 0xC9C3, 0xD203, 0xE224, 0xE244, 0xDA63,
    0xE2A4, 0xF305, 0xFB45, 0xEB25, 0xD2C4, 0xC283, 0xC283, 0xB283,
    0xAA63, 0xA283, 0xA263, 0xA262, 0x9A62, 0x8A62, 0x7A21, 0x9261,
    0xA2A1, 0x7A41, 0x8282, 0xAB64, 0xCC25, 0xC3E5, 0xA384, 0xA3A4,
    0xABE4, 0xB424, 0xAC24, 0x9BA4, 0xA404, 0xBC84, 0xAC24, 0xB4A4,
    0xC526, 0xC526, 0xBD05, 0xBD25, 0xCDA6, 0xCDE6, 0xCDC6, 0xC5A6,
    0xBDA6, 0xCDE6, 0xD667, 0xDEA7, 0xC626, 0xC5E6, 0xD687, 0xD687,
    0xCE87, 0xD6A7, 0xDEC7, 0xD687, 0xCE86, 0xDEE7, 0xD687, 0xC626,
    0xCE25, 0xDEA6, 0xDEA6, 0xC625, 0xD646, 0xE6C7, 0xF728, 0xEEE7,
    0xE6A7, 0xE6A7, 0xF6C7, 0xF6A7, 0xF6C7, 0xFEE8, 0xF647, 0xE5E5,
    0xEE05, 0xEDE6, 0xEDC6, 0xE585, 0xDD04, 0xD4E4, 0xD4C4, 0xCCA4,
    0xDCC4, 0xDCC4, 0xCC43, 0xBBC2, 0xBBC2, 0xC3C3, 0xC3A3, 0xA302,
    0x92A1, 0x92A1, 0x8240, 0x71E0, 0x71C0, 0x71C0, 0x61A0, 0x5140,
    0x4900, 0x2060, 0x0000, 0x5800, 0x6020, 0x7040, 0x7040, 0x7061,
    0x78A1, 0x90C1, 0xA0E2, 0xA122, 0xA142, 0xB982, 0xB9A2, 0xB9C2,
    0xD1E3, 0xDA23, 0xEA84, 0xEAC5, 0xEAE5, 0xEAE5, 0xE304, 0xEB25,
    0xF365, 0xFBA6, 0xFBA6, 0xFBE5, 0xFC05, 0xF426, 0xFC88, 0xFCE8,
    0xFCE8, 0xFCC8, 0xF4A8, 0xF4A7, 0xF4C7, 0xFCC6, 0xF4A6, 0xE4C6,
    0xE4E6, 0xF546, 0xFDA7, 0xED26, 0xD4E6, 0xE547, 0xE566, 0xEDA7,
    0xEE09, 0xF66A, 0xF648, 0xE5C6, 0xD5A6, 0xDE07, 0xE648, 0xDE07,
    0xCDC7, 0xD5E7, 0xDE47, 0xDE47, 0xCE06, 0xC5E6, 0xD667, 0xDEC7,
    0xE707, 0xE727, 0xDEC7, 0xD666, 0xD686, 0xDEE7, 0xE727, 0xE727,
    0xE708, 0xDEC6, 0xE6E7, 0xF78B, 0xFFED, 0xF78A, 0xE6C5, 0xFF68,
    0xFF89, 0xE6C7, 0xE686, 0xEEA7, 0xF6E7, 0xF6C7, 0xE646, 0xCD85,
    0xC544, 0xEE26, 0xFEC7, 0xFE87, 0xE5A5, 0xE5C5, 0xFE07, 0xEDA6,
    0xDD04, 0xD4C4, 0xE524, 0xED04, 0xE4E4, 0xE4C4, 0xDC84, 0xD443,
    0xD403, 0xCBE3, 0xB362, 0x9AE2, 0xA2C2, 0x92A2, 0x8A61, 0x8221,
    0x7A00, 0x69A0, 0x5940, 0x40E0, 0x1040, 0x0000, 0x6820, 0x7840,
    0x9060, 0xA081, 0xA0A1, 0xB0E2, 0xB922, 0xB922, 0xC142, 0xD162,
    0xD183, 0xD1E4, 0xDA24, 0xE224, 0xE203, 0xDA23, 0xE284, 0xFB66,
    0xF325, 0xD263, 0xDAA4, 0xDAE4, 0xE2E4, 0xF365, 0xEBA5, 0xEB86,
    0xF3C7, 0xE3C7, 0xDBA5, 0xEB83, 0xFCA7, 0xFD8B, 0xFD6B, 0xFCE8,
    0xF4C6, 0xF4C6, 0xE485, 0xDC64, 0xDC84, 0xECE5, 0xED47, 0xED88,
    0xF5C7, 0xED86, 0xF5E7, 0xFE49, 0xEE28, 0xEE28, 0xFE88, 0xFEE9,
    0xFF09, 0xFEC8, 0xEEA7, 0xF707, 0xF707, 0xEEC7, 0xDEA7, 0xDE87,
    0xD667, 0xCE27, 0xDE87, 0xDEC8, 0xDEA7, 0xEF48, 0xEF68, 0xE708,
    0xDEC7, 0xE728, 0xEF48, 0xE728, 0xF788, 0xFFC9, 0xFFC8, 0xF787,
    0xF767, 0xF767, 0xF768, 0xF748, 0xF728, 0xEEC7, 0xDE46, 0xD606,
    0xDE26, 0xE625, 0xDE25, 0xDDE5, 0xE605, 0xE5E5, 0xE5C5, 0xEDE5,
    0xEDC5, 0xE584, 0xDD64, 0xDD44, 0xED64, 0xFDC5, 0xFD85, 0xED04,
    0xECC4, 0xE4A4, 0xD464, 0xD404, 0xD403, 0xC3C3, 0xAB22, 0x9AC1,
    0x9AC2, 0xAAE2, 0xA2C2, 0x9261, 0x71C0, 0x5140, 0x38C0, 0x0820,
    0x0000, 0x7820, 0x7840, 0x7860, 0x8880, 0xA0A1, 0xB8E2, 0xD122,
    0xD963, 0xE204, 0xEA86, 0xF286, 0xEA44, 0xEA85, 0xFB47, 0xFB67,
    0xEB06, 0xE306, 0xF2E4, 0xFB05, 0xF346, 0xFB66, 0xFBE7, 0xFC68,
    0xFC68, 0xF3E6, 0xDBA5, 0xE3E7, 0xFC87, 0xFD29, 0xFD6D, 0xED4C,
    0xECE9, 0xF508, 0xFD6A, 0xFD89, 0xFD48, 0xFD89, 0xFE2D, 0xFE4C,
    0xFDA6, 0xF545, 0xED46, 0xE566, 0xD526, 0xD506, 0xDD66, 0xDD86,
    0xD587, 0xCD46, 0xC546, 0xCD86, 0xDDE7, 0xDE27, 0xE688, 0xE6A7,
    0xE6A7, 0xE6C8, 0xE6A7, 0xE6E7, 0xF768, 0xFFA8, 0xE727, 0xC606,
    0xBDA6, 0xCE67, 0xE707, 0xD6A7, 0xD687, 0xE728, 0xF7A8, 0xFFEA,
    0xFFEA, 0xFFA9, 0xEF48, 0xF769, 0xFFC9, 0xEEE7, 0xD626, 0xD625,
    0xD625, 0xD605, 0xCDC5, 0xC5A5, 0xD5E5, 0xE626, 0xE606, 0xE606,
    0xDDC5, 0xD585, 0xE5C5, 0xEDC5, 0xE585, 0xDD44, 0xE565, 0xF585,
    0xED44, 0xDCE4, 0xE4C3, 0xECE4, 0xECE4, 0xECA4, 0xDC43, 0xCBE3,
    0xBBA3, 0xBB62, 0xBB42, 0xB302, 0xAAC2, 0x9AA1, 0x9261, 0x71E0,
    0x5160, 0x5140, 0x2880, 0x0800, 0x7820, 0x9860, 0xC0A1, 0xC8C2,
    0xC902, 0xC922, 0xC902, 0xD142, 0xD183, 0xD1C4, 0xDA05, 0xE244,
    0xE244, 0xE285, 0xEAA5, 0xFB88, 0xFC8C, 0xFB66, 0xF365, 0xFC8A,
    0xF428, 0xF3C6, 0xF365, 0xEB24, 0xFBE6, 0xFD0A, 0xFD4B, 0xFCC9,
    0xF405, 0xEBA4, 0xDB84, 0xE3C4, 0xF424, 0xF445, 0xE424, 0xD3E3,
    0xD424, 0xD424, 0xDC85, 0xED06, 0xD4C6, 0xD4C6, 0xE546, 0xE587,
    0xE586, 0xD545, 0xCD06, 0xDDA7, 0xEE47, 0xE607, 0xDE07, 0xDE07,
    0xD607, 0xCDC6, 0xC5A6, 0xCE07, 0xDE87, 0xDEA7, 0xD687, 0xD687,
    0xD647, 0xDE87, 0xEF48, 0xEF68, 0xDF07, 0xDEC7, 0xDEC7, 0xE728,
    0xE748, 0xE727, 0xE707, 0xE707, 0xF768, 0xFF88, 0xF788, 0xF768,
    0xF768, 0xF728, 0xEEE7, 0xEEC6, 0xDE65, 0xC584, 0xA4C2, 0xC564,
    0xD5A4, 0xBD02, 0xB4C2, 0xC504, 0xD565, 0xCD25, 0xCCE4, 0xCCE4,
    0xD504, 0xED65, 0xFDA5, 0xF565, 0xED04, 0xE4C4, 0xDCA4, 0xD464,
    0xD443, 0xD423, 0xD403, 0xC3A3, 0xB342, 0xAB02, 0xAAE2, 0x9AC1,
    0x9261, 0x8220, 0x6180, 0x38E0, 0x30A0, 0x1840, 0x0820, 0x6020,
    0x6020, 0x6840, 0x7040, 0x8080, 0xA8E1, 0xC122, 0xB142, 0xB121,
    0xC942, 0xD9A3, 0xEA65, 0xF2C6, 0xEA85, 0xEA43, 0xE222, 0xEA63,
    0xF2C4, 0xF304, 0xF324, 0xF345, 0xF386, 0xFBC5, 0xFBA5, 0xEB64,
    0xE304, 0xDAE2, 0xEB63, 0xFC26, 0xFC46, 0xFC25, 0xF466, 0xEC66,
    0xD405, 0xDC45, 0xF4E5, 0xFD06, 0xE4A5, 0xD485, 0xDCC5, 0xE505,
    0xDD05, 0xDD05, 0xEDA6, 0xEDA7, 0xDD67, 0xDD67, 0xDDA7, 0xDDA6,
    0xCD65, 0xD5C6, 0xDDE7, 0xCDA6, 0xCDE6, 0xCDE6, 0xCDE6, 0xD626,
    0xDE67, 0xDEA8, 0xDE87, 0xD667, 0xD667, 0xDEA8, 0xD6A7, 0xDEE7,
    0xE727, 0xDEC7, 0xE707, 0xEF68, 0xEF68, 0xDEE7, 0xDEA7, 0xE6E7,
    0xDEA6, 0xC604, 0xC5E4, 0xE6E7, 0xEF07, 0xDE66, 0xDE46, 0xEEE7,
    0xFF27, 0xEEA4, 0xDE04, 0xC564, 0xBD03, 0xC523, 0xCD43, 0xCD44,
    0xC4E4, 0xC4C4, 0xCCC4, 0xCCE4, 0xD504, 0xDD04, 0xDCE4, 0xE4E4,
    0xDCC4, 0xD463, 0xBBE3, 0xBBC3, 0xBBC3, 0xAB62, 0xAB22, 0xA302,
    0x92A1, 0x8A81, 0x8A61, 0x8221, 0x71E0, 0x5980, 0x4920, 0x40E0,
    0x1860, 0x0800, 0x7000, 0x8040, 0x9880, 0xA081, 0xA8C1, 0xA8C2,
    0xA0C1, 0xB102, 0xC943, 0xD9C4, 0xEA45, 0xF2A6, 0xFB06, 0xFB47,
    0xF2C5, 0xEAC4, 0xFB46, 0xFB87, 0xFBA7, 0xFBA6, 0xF364, 0xE2E3,
    0xE2E3, 0xFBC6, 0xFC06, 0xF426, 0xEC89, 0xF4A9, 0xFC88, 0xFCC8,
    0xFD29, 0xFD08, 0xFCA6, 0xF487, 0xFCA6, 0xF4C6, 0xED06, 0xFD87,
    0xFD86, 0xED25, 0xE526, 0xDD26, 0xD4E5, 0xCCE5, 0xCCE5, 0xD525,
    0xE5A6, 0xDDC6, 0xCD86, 0xC546, 0xCD86, 0xD5E7, 0xDE27, 0xE687,
    0xDE67, 0xCDE6, 0xC5C6, 0xC5E6, 0xCE25, 0xCE26, 0xC606, 0xC626,
    0xCE66, 0xCE46, 0xBDC5, 0xB5A5, 0xB5A5, 0xC626, 0xD6A6, 0xCE66,
    0xC625, 0xBDE4, 0xBDE4, 0xCE25, 0xD665, 0xC604, 0xA502, 0xA4E2,
    0xBD64, 0xB524, 0xBD44, 0xBD64, 0xBD24, 0xCDA5, 0xE645, 0xEE45,
    0xE604, 0xD5A4, 0xCD24, 0xC4C3, 0xD524, 0xDD64, 0xCCE3, 0xC4A3,
    0xCC83, 0xC463, 0xC443, 0xC443, 0xC423, 0xB3A2, 0xAB82, 0xB362,
    0xA302, 0x9AC1, 0x8AA1, 0x7A21, 0x7A41, 0x8241, 0x71E0, 0x69C0,
    0x5980, 0x4920, 0x5120, 0x30A0, 0x1040, 0x6000, 0x6820, 0x7840,
    0x7860, 0x8881, 0xA0A1, 0xB8E1, 0xD9A3, 0xEA04, 0xE225, 0xEA65,
    0xEA86, 0xF2C6, 0xF2A5, 0xEA84, 0xEAC4, 0xF325, 0xFB86, 0xF325,
    0xEAC3, 0xF344, 0xFBE6, 0xFC07, 0xF3A5, 0xF3A5, 0xF3E6, 0xF3E5,
    0xFC26, 0xF426, 0xEBE5, 0xEC05, 0xEC24, 0xE423, 0xD403, 0xDC24,
    0xDC65, 0xD445, 0xD485, 0xD465, 0xC443, 0xC463, 0xCCA4, 0xCCC4,
    0xBC84, 0xBC84, 0xC4C5, 0xBCC5, 0xC506, 0xD586, 0xDDE7, 0xDE07,
    0xD5E6, 0xCDA5, 0xBD85, 0xBD85, 0xC5A6, 0xC5A6, 0xBDA5, 0xBDA5,
    0xBDA5, 0xB565, 0xAD44, 0xBDA5, 0xB5A5, 0xB5A5, 0xB5A5, 0xAD64,
    0xB5C4, 0xC625, 0xBDA5, 0xB584, 0xBDE5, 0xCE65, 0xC5E5, 0xB584,
    0xC5E5, 0xC5E4, 0xC5E4, 0xC5C3, 0xB523, 0xB523, 0xBD44, 0xACE3,
    0xB4E3, 0xACC3, 0xAC83, 0xBD03, 0xD583, 0xCD63, 0xBCA2, 0xC4C3,
    0xD524, 0xCCC3, 0xCCC3, 0xDCE3, 0xD4C4, 0xC423, 0xBC03, 0xC423,
    0xA362, 0x8AE1, 0x9AE1, 0xAB22, 0xAB42, 0xAB22, 0x9AA2, 0x8241,
    0x7A00, 0x79E0, 0x7200, 0x61A0, 0x5140, 0x6160, 0x38C0, 0x1840,
    0x7020, 0x7840, 0x8040, 0x6840, 0x88A0, 0xB902, 0xC922, 0xC962,
    0xD121, 0xD962, 0xF2C6, 0xFB68, 0xFB48, 0xFB27, 0xFBC9, 0xFC09,
    0xFB25, 0xF324, 0xF345, 0xFB45, 0xF324, 0xEB44, 0xF3A6, 0xFC07,
    0xFC27, 0xFC27, 0xFC26, 0xF446, 0xF467, 0xF4A7, 0xFC87, 0xFC86,
    0xF486, 0xE445, 0xD425, 0xD424, 0xD444, 0xC403, 0xB3E3, 0xB3E4,
    0xABC4, 0xB404, 0xB424, 0x9BC3, 0x9BE3, 0xAC44, 0xA403, 0x9BE3,
    0x9C03, 0xA464, 0xA483, 0xA484, 0xB4E5, 0xCDA6, 0xCDE6, 0xBD85,
    0xAD25, 0xBDA5, 0xCE26, 0xB585, 0xA4E4, 0xA4E4, 0xAD44, 0xA503,
    0x9CE4, 0xAD44, 0xB584, 0xC605, 0xC605, 0xAD64, 0xB5A4, 0xBDE5,
    0xB5A4, 0xBDA4, 0xC5E5, 0xC5E5, 0xBD84, 0xBD84, 0xBDA4, 0xB524,
    0xACC3, 0xA4A3, 0xA483, 0xA4A3, 0xACC3, 0xB4C3, 0xACA2, 0xB4A2,
    0xC503, 0xC4E3, 0xBC82, 0xAC22, 0xB442, 0xC483, 0xCC83, 0xC463,
    0xBC02, 0xBBE2, 0xC423, 0xBBE2, 0xB3A2, 0xB383, 0xAB42, 0xAB22,
    0xA302, 0x9AC1, 0x9281, 0x8A40, 0x7A00, 0x79E1, 0x71C0, 0x69A0,
    0x6160, 0x2880, 0x0800, 0x6800, 0x7040, 0x9080, 0x98A0, 0xA8A0,
    0xB0A0, 0xB0A0, 0xB901, 0xB941, 0xC183, 0xE224, 0xEA44, 0xEA84,
    0xFB06, 0xF2C4, 0xF283, 0xFB05, 0xF345, 0xF324, 0xFB24, 0xFB44,
    0xEB04, 0xE2E3, 0xFB84, 0xFBE5, 0xEBA5, 0xE385, 0xEBC5, 0xFC67,
    0xFCA7, 0xEC25, 0xDBC4, 0xD3E5, 0xD3E5, 0xCBE4, 0xC3E3, 0xCC04,
    0xBBE4, 0xB3E4, 0xB404, 0xBC24, 0xB404, 0xAC03, 0xAC04, 0xB444,
    0xB444, 0xA423, 0x9C24, 0x9C23, 0x9C03, 0x8BA2, 0x8BC3, 0x9424,
    0x8C03, 0x7BA2, 0x7BA2, 0x8C03, 0x9464, 0x8C43, 0x8403, 0x9483,
    0xAD25, 0xAD65, 0x9CC3, 0x9CC3, 0xA524, 0x9483, 0x8403, 0x9CA3,
    0xC605, 0xDEC6, 0xC625, 0xAD64, 0xB584, 0xBDA4, 0xBDA4, 0xC5C4,
    0xC5C5, 0xBDA4, 0xB544, 0xB544, 0xB543, 0xB523, 0xBD44, 0xBD24,
    0xB4C3, 0xAC83, 0xC524, 0xE5C5, 0xBCA3, 0xA401, 0xB442, 0xC483,
    0xB423, 0x9361, 0x9361, 0xC423, 0xCC43, 0xABA2, 0xB3A2, 0xBBE2,
    0xC3C3, 0xAB42, 0xA302, 0xA2E2, 0x8A61, 0x9281, 0x9AA1, 0x8241,
    0x71C0, 0x6180, 0x4940, 0x38E0, 0x1860, 0x0820, 0x9041, 0xA081,
    0xB8A1, 0xC881, 0xD102, 0xD9E5, 0xE205, 0xD9A4, 0xC962, 0xD183,
    0xD9A3, 0xEA25, 0xF2A5, 0xF2E5, 0xF326, 0xF387, 0xFB86, 0xF365,
    0xF365, 0xF386, 0xFB85, 0xF3C5, 0xF3E5, 0xFBE6, 0xFBE6, 0xF3E6,
    0xEC05, 0xEBE5, 0xFC46, 0xFCC8, 0xFCC7, 0xF465, 0xEC44, 0xEC65,
    0xDC25, 0xCBE4, 0xC404, 0xBBE3, 0xB3C3, 0xABA3, 0xA3A4, 0xB404,
    0xBC64, 0xAC24, 0x9BE3, 0xA3E3, 0xAC44, 0xA444, 0xA424, 0xA464,
    0xA464, 0x9C23, 0x9423, 0x9423, 0x9C84, 0xA4C4, 0x9C84, 0x8C23,
    0x8C03, 0x8C23, 0x9484, 0x94A4, 0x8C63, 0x9484, 0x9CC4, 0x9CC3,
    0x9CC3, 0xA524, 0xA524, 0x8403, 0x73A2, 0x8C42, 0xA524, 0xA504,
    0xAD24, 0xBDA5, 0xB584, 0xB564, 0xBD84, 0xB544, 0xDE46, 0xFF28,
    0xE665, 0xCDA3, 0xBD22, 0xBD03, 0xCD64, 0xD584, 0xCD23, 0xB483,
    0xC4C3, 0xCCE3, 0xC4C3, 0xC483, 0xBC23, 0xABC2, 0xBC22, 0xC443,
    0xB3C3, 0xB3A2, 0xB382, 0xB382, 0x9B01, 0x9AE1, 0x9AE1, 0x92A1,
    0x9281, 0x8A61, 0x7A00, 0x61A0, 0x5960, 0x5960, 0x5140, 0x2880,
    0x0820, 0x9840, 0x9061, 0x8860, 0x8840, 0xA8A1, 0xC903, 0xD143,
    0xD9E4, 0xEA04, 0xF285, 0xFBEA, 0xFC4B, 0xFBEA, 0xF3C9, 0xF3C9,
    0xF3C8, 0xF366, 0xF324, 0xF365, 0xF3C6, 0xF3A5, 0xF428, 0xF4CB,
    0xFCA9, 0xF3A4, 0xF382, 0xFC87, 0xFC67, 0xEBC4, 0xDB84, 0xE3C5,
    0xEC26, 0xE446, 0xE465, 0xDC45, 0xD424, 0xD445, 0xDC85, 0xDCA5,
    0xD4C5, 0xCCA5, 0xC484, 0xBC63, 0xBC84, 0xC4E5, 0xC4E4, 0xBCC4,
    0xBCC4, 0xB4C4, 0xB4E4, 0xBCE5, 0xC545, 0xC565, 0xA4C4, 0xA4C4,
    0xBD45, 0xB544, 0xB544, 0xAD24, 0xA504, 0xA504, 0xA524, 0xA504,
    0xA524, 0xAD44, 0xAD44, 0xA524, 0xA503, 0xAD43, 0xB584, 0xAD64,
    0x9CC3, 0x9482, 0x8C42, 0x9CC3, 0xAD24, 0xB544, 0xAD24, 0xB544,
    0xCDC5, 0xDE45, 0xD605, 0xB503, 0xB503, 0xCD84, 0xDDC5, 0xDDC5,
    0xC523, 0xB482, 0xC4C3, 0xCCE4, 0xCCC3, 0xC4A3, 0xC483, 0xC463,
    0xB422, 0xB3E2, 0xABC3, 0xABA2, 0xA362, 0x9B22, 0xA322, 0x9B01,
    0x9AE1, 0x9AC1, 0x9281, 0x8A61, 0x8A61, 0x9260, 0x7A00, 0x69A0,
    0x6180, 0x6180, 0x38C0, 0x1020, 0x9040, 0xA060, 0xB8A1, 0xC8C1,
    0xC8E2, 0xD122, 0xD1A3, 0xE225, 0xE205, 0xD9C3, 0xEA44, 0xF285,
    0xF306, 0xF3A8, 0xFBE9, 0xFC09, 0xF409, 0xF409, 0xF3A7, 0xF344,
    0xF323, 0xF301, 0xF2C0, 0xDAE1, 0xDB43, 0xDB63, 0xCB23, 0xCB23,
    0xD384, 0xE3E4, 0xDBC4, 0xCBA4, 0xCBA4, 0xC3A4, 0xC3C5, 0xCC05,
    0xD445, 0xC424, 0xC424, 0xD4A5, 0xE505, 0xED66, 0xED66, 0xDD25,
    0xCCE5, 0xCD05, 0xD565, 0xDDC6, 0xDDC5, 0xD5C5, 0xD5A5, 0xD5E6,
    0xD606, 0xC5A5, 0xBD85, 0xBDA5, 0xC5C5, 0xC5E5, 0xBDC5, 0xBDC5,
    0xC5E5, 0xC606, 0xCE26, 0xCE46, 0xC605, 0xB5A5, 0xBDC5, 0xBDC5,
    0xB5C5, 0xBDE5, 0xB5A4, 0xBDE5, 0xD666, 0xBDC5, 0x9CC3, 0x9482,
    0xB584, 0xB564, 0xA4C3, 0xB524, 0xBD64, 0xC5A4, 0xD605, 0xE666,
    0xE625, 0xCD84, 0xCD43, 0xD584, 0xDDA4, 0xD564, 0xCCE3, 0xCCE3,
    0xDD24, 0xCCC3, 0xB422, 0xA3A1, 0xABC1, 0xBC02, 0xB3C2, 0x9B41,
    0xA322, 0xB382, 0xAB41, 0x9AE1, 0x9AC1, 0x9AA1, 0x8A81, 0x8240,
    0x8220, 0x71C0, 0x61A0, 0x69A0, 0x6180, 0x30A0, 0x0800, 0x9040,
    0x9861, 0xA881, 0xB8A1, 0xC8C2, 0xC922, 0xC962, 0xC962, 0xD9A3,
    0xE204, 0xEA45, 0xE245, 0xEA44, 0xEA03, 0xEA85, 0xF327, 0xFB45,
    0xFB45, 0xFB86, 0xFC08, 0xFC29, 0xFC48, 0xFC27, 0xFC05, 0xFC05,
    0xFC25, 0xEBE5, 0xE3C4, 0xDBA3, 0xC364, 0xC344, 0xDBE5, 0xF486,
    0xDC25, 0xBBA3, 0xBB83, 0xD424, 0xC404, 0xABA3, 0x9B62, 0x8301,
    0x9BA3, 0xCCC5, 0xCCE4, 0xC4A4, 0xBCA4, 0xC4E5, 0xBCE5, 0xCD65,
    0xEE27, 0xDDE6, 0xCDA6, 0xD607, 0xEEC7, 0xFF08, 0xEEA7, 0xD607,
    0xC5E6, 0xD666, 0xE6C7, 0xD667, 0xCE26, 0xD666, 0xD6A6, 0xD686,
    0xD686, 0xD6A6, 0xCE66, 0xBE05, 0xC626, 0xCE46, 0xCE65, 0xD666,
    0xDEA6, 0xDEA6, 0xCE25, 0xCE05, 0xCE04, 0xD625, 0xD645, 0xDE45,
    0xD605, 0xC584, 0xC584, 0xD5C4, 0xDE05, 0xD5C4, 0xD5C4, 0xE5E5,
    0xE584, 0xDD44, 0xD544, 0xDD43, 0xD4E3, 0xC463, 0xBC22, 0xC422,
    0xBC22, 0xB3C2, 0xBBC2, 0xBBA2, 0xB382, 0xAB41, 0xAB21, 0xA2E1,
    0x9280, 0x9AA1, 0x9A81, 0x8220, 0x71C0, 0x71C0, 0x69A0, 0x5940,
    0x2880, 0x0820, 0x8840, 0x9040, 0xA080, 0xB0C1, 0xC0E1, 0xC8E2,
    0xD143, 0xD9A4, 0xD9A3, 0xD9E3, 0xEA64, 0xFAE6, 0xFB27, 0xFB48,
    0xFBEA, 0xFBC8, 0xEAA4, 0xE243, 0xEAA3, 0xF324, 0xF344, 0xE303,
    0xDB03, 0xE344, 0xDB44, 0xD365, 0xDBC6, 0xEBC4, 0xE3A3, 0xD3A4,
    0xDBC4, 0xDC05, 0xD3E4, 0xCBE4, 0xE465, 0xECA6, 0xDC85, 0xE4A6,
    0xECE6, 0xE4E6, 0xE505, 0xDCE5, 0xC484, 0xBC84, 0xC4C5, 0xD525,
    0xCD24, 0xAC82, 0xAC83, 0xCD65, 0xBD04, 0x9C62, 0xA483, 0xC586,
    0xDE26, 0xD606, 0xD647, 0xDEA7, 0xDEA7, 0xCE26, 0xD646, 0xD686,
    0xD686, 0xD686, 0xDEC7, 0xDEC7, 0xCE45, 0xC645, 0xD6A6, 0xE728,
    0xD6A7, 0xCE46, 0xD686, 0xE6E7, 0xDEC6, 0xD666, 0xDEA6, 0xE6C7,
    0xDE86, 0xD625, 0xDE46, 0xF6C7, 0xFF07, 0xE665, 0xD5C4, 0xDDC5,
    0xDDC5, 0xE5E5, 0xE5C5, 0xD563, 0xD563, 0xE584, 0xEDA4, 0xE543,
    0xCCA1, 0xC461, 0xC422, 0xC422, 0xC402, 0xC402, 0xC402, 0xBBA2,
    0xB341, 0xAB21, 0xA301, 0x9281, 0x92A1, 0xA2A1, 0x9281, 0x8220,
    0x6180, 0x5140, 0x5140, 0x2880, 0x0820, 0xA040, 0xA881, 0xB8A1,
    0xB081, 0xB8C1, 0xD102, 0xD142, 0xB922, 0xC142, 0xE1A4, 0xE1E3,
    0xE224, 0xE244, 0xDA02, 0xE201, 0xEA62, 0xFB05, 0xFBA6, 0xFB65,
    0xEAE4, 0xEAC3, 0xFB64, 0xFBA4, 0xC2E2, 0x9A62, 0x9A42, 0xA262,
    0xAAC3, 0xBB44, 0xD3A5, 0xD384, 0xDBE5, 0xFCC7, 0xF486, 0xD404,
    0xC3C3, 0xC403, 0xCC23, 0xBC02, 0xB3E3, 0xBC44, 0xCCA5, 0xD4E5,
    0xDD46, 0xCCE5, 0xB484, 0xBCC5, 0xD585, 0xDDE6, 0xCD65, 0xBD24,
    0xBD44, 0xCDA4, 0xBD85, 0xB525, 0xBD64, 0xDE86, 0xDE87, 0xCE06,
    0xC5E6, 0xD687, 0xE707, 0xDEE7, 0xDEC7, 0xDEE7, 0xE707, 0xE727,
    0xE748, 0xEF68, 0xEF67, 0xEF47, 0xEF47, 0xEF47, 0xE707, 0xE6C7,
    0xEF07, 0xFF87, 0xF747, 0xEEE7, 0xEEC6, 0xEEC6, 0xEEC6, 0xEEA6,
    0xEEA6, 0xF686, 0xFE85, 0xF685, 0xF645, 0xEE05, 0xE5C5, 0xEDC4,
    0xF5C4, 0xFDE5, 0xF5C4, 0xF583, 0xFD84, 0xE4E3, 0xCC62, 0xC402,
    0xC3E2, 0xC3E2, 0xBBA2, 0xB381, 0xB342, 0xB322, 0x9AC2, 0x8A61,
    0x8220, 0x7A20, 0x71E0, 0x6180, 0x5140, 0x5120, 0x2880, 0x0820,
    0x7800, 0x8840, 0x9081, 0x8080, 0x8881, 0x98C1, 0xA8C1, 0x98C1,
    0x90C1, 0x98E1, 0xA121, 0xC182, 0xE203, 0xE244, 0xE263, 0xDA42,
    0xE262, 0xEAE4, 0xF325, 0xF304, 0xEB04, 0xDAE3, 0xDB04, 0xDB24,
    0xEB84, 0xF3C4, 0xE3A4, 0xEBC5, 0xF3E5, 0xE3E4, 0xC364, 0xC364,
    0xC3A4, 0xAB43, 0xB363, 0xC3C4, 0xCC04, 0xD464, 0xDCA4, 0xDCC5,
    0xED25, 0xE525, 0xD4C4, 0xCCE4, 0xD525, 0xE5A5, 0xEDC6, 0xDDA6,
    0xCD65, 0xCD65, 0xD5A6, 0xE627, 0xEE87, 0xE667, 0xE687, 0xF6E8,
    0xFF49, 0xFF69, 0xFF89, 0xF748, 0xF768, 0xFFA9, 0xF7A9, 0xF788,
    0xF788, 0xFFEA, 0xFFE9, 0xF7A8, 0xEF67, 0xF7A8, 0xFFC9, 0xFFC9,
    0xFFA8, 0xF788, 0xF788, 0xF768, 0xEF27, 0xEF07, 0xFF47, 0xFF88,
    0xFF87, 0xFF47, 0xFF27, 0xFF06, 0xFEE6, 0xFEE7, 0xFEA5, 0xFE64,
    0xFE64, 0xFEA7, 0xFE87, 0xFE45, 0xFE05, 0xFDE5, 0xFDE4, 0xFDE4,
    0xF543, 0xE4E3, 0xE4C3, 0xECC4, 0xD443, 0xC3C2, 0xD403, 0xCBC2,
    0xAB21, 0x9AC1, 0x9AA1, 0x8A61, 0x71E0, 0x79E0, 0x71C0, 0x5160,
    0x5120, 0x2880, 0x0820, 0x7020, 0x8040, 0xA881, 0xB8A2, 0xA0A1,
    0x8880, 0x98E1, 0xD983, 0xE9A3, 0xD182, 0xD9C3, 0xEA24, 0xF2C6,
    0xFB28, 0xFBA9, 0xFB88, 0xF2E5, 0xF2E4, 0xF304, 0xF304, 0xF324,
    0xFB44, 0xFB84, 0xF3A4, 0xDB64, 0xD324, 0xD344, 0xDB84, 0xCB64,
    0xC343, 0xD3A4, 0xC3A4, 0xB343, 0xC383, 0xEC65, 0xFCE6, 0xDCA5,
    0xE4A6, 0xED06, 0xF546, 0xFDE7, 0xFE08, 0xFDE7, 0xFE06, 0xEDE6,
    0xEE07, 0xFE88, 0xFEA8, 0xFE67, 0xF687, 0xEE67, 0xEE67, 0xEE87,
    0xE687, 0xDE66, 0xE686, 0xF708, 0xEF08, 0xE6C7, 0xEF28, 0xFF89,
    0xF789, 0xEF48, 0xEF47, 0xF788, 0xFFC9, 0xFFC9, 0xF7A8, 0xEF67,
    0xEF88, 0xF768, 0xF788, 0xF788, 0xF767, 0xF767, 0xFF88, 0xF747,
    0xF747, 0xF747, 0xFF47, 0xFF27, 0xFF27, 0xFF47, 0xFF28, 0xFF2C,
    0xFF4F, 0xFF2E, 0xFF0C, 0xFEEB, 0xFEAA, 0xFE89, 0xFE8A, 0xFE8C,
    0xFE8C, 0xFE4A, 0xFE07, 0xFDA4, 0xFD64, 0xF504, 0xE4A3, 0xE483,
    0xE483, 0xE444, 0xD403, 0xD3E2, 0xD3C2, 0xC362, 0xAAE1, 0x9281,
    0x8A40, 0x71C0, 0x4940, 0x4920, 0x28A0, 0x1840, 0x9841, 0x9861,
    0xA081, 0xA8A1, 0xB8E1, 0xD122, 0xD963, 0xD9A4, 0xD183, 0xD9A3,
    0xEA45, 0xF2A5, 0xEA85, 0xDA03, 0xE223, 0xEAA4, 0xEAE6, 0xF2C6,
    0xEAA5, 0xE2C4, 0xC2C4, 0xCAE4, 0xE303, 0xE343, 0xF3A4, 0xEBA4,
    0xDB63, 0xEBE4, 0xF466, 0xF446, 0xF467, 0xFCA7, 0xFD08, 0xFD07,
    0xFCE7, 0xFCC6, 0xECC5, 0xFD67, 0xFDE8, 0xFDE8, 0xFDE9, 0xF5EA,
    0xFE29, 0xFE47, 0xFE89, 0xFE8A, 0xE608, 0xDDC5, 0xE605, 0xF667,
    0xEE47, 0xDE25, 0xDE26, 0xE687, 0xEEC8, 0xEEC7, 0xF708, 0xF748,
    0xF768, 0xF768, 0xEF28, 0xF768, 0xFFE9, 0xF7C9, 0xE728, 0xE727,
    0xF788, 0xF7A8, 0xEF68, 0xEF68, 0xEF88, 0xF788, 0xF788, 0xF787,
    0xF788, 0xF788, 0xF767, 0xF747, 0xEF27, 0xEEE6, 0xEEE6, 0xF707,
    0xFF06, 0xFF07, 0xFEC6, 0xFEC4, 0xFEA5, 0xFEC9, 0xFEEC, 0xFEA9,
    0xFEAA, 0xFEAB, 0xFE8A, 0xFE69, 0xFE49, 0xFE28, 0xF5A5, 0xF544,
    0xFD24, 0xFD05, 0xF4E4, 0xECC3, 0xEC63, 0xE423, 0xD3E3, 0xCBA2,
    0xC362, 0xBB22, 0xAAE2, 0x9261, 0x8200, 0x71C0, 0x69A0, 0x30C0,
    0x1040, 0x7820, 0x9040, 0xB081, 0xC0C2, 0xC8E2, 0xC8E2, 0xB8E1,
    0xC942, 0xD162, 0xC962, 0xC162, 0xC982, 0xE224, 0xF2C5, 0xFB05,
    0xFB46, 0xF3A7, 0xF3A6, 0xFBC6, 0xFC28, 0xFCCB, 0xFC88, 0xF384,
    0xBA82, 0xBAC3, 0xEBA5, 0xFC27, 0xF426, 0xEC05, 0xFC65, 0xF4C7,
    0xE4A7, 0xEC86, 0xFCA6, 0xF4C6, 0xDC65, 0xD445, 0xCC25, 0xC404,
    0xC424, 0xCC84, 0xD4C4, 0xD4C4, 0xCCC4, 0xDD45, 0xEDC5, 0xE5A5,
    0xDDA5, 0xD5C6, 0xD5C5, 0xDE06, 0xE646, 0xE666, 0xEEC7, 0xF708,
    0xEEC8, 0xE687, 0xE6C7, 0xEF08, 0xE6E7, 0xE707, 0xE728, 0xDEA7,
    0xCE46, 0xCE65, 0xD6A6, 0xDEE7, 0xDEE7, 0xDF07, 0xE706, 0xD6A6,
    0xCE45, 0xD6A6, 0xEF47, 0xF767, 0xEF07, 0xEEE6, 0xEF07, 0xEF27,
    0xF727, 0xF727, 0xF707, 0xF6E5, 0xFF07, 0xFF2A, 0xFF4C, 0xFEE9,
    0xFEE8, 0xFEEA, 0xFEEA, 0xFE88, 0xFE25, 0xFE24, 0xFDE4, 0xFDE5,
    0xFDE6, 0xFDA4, 0xFD84, 0xFD65, 0xECE4, 0xE484, 0xDC43, 0xDC23,
    0xDC03, 0xD403, 0xCBC2, 0xC382, 0xBB42, 0xAAE1, 0x9261, 0x79E0,
    0x69A0, 0x71A0, 0x38C0, 0x1020, 0x9041, 0xA861, 0xC8C2, 0xC8C2,
    0xB0C2, 0xA8C1, 0xC101, 0xD162, 0xE1C3, 0xE204, 0xEA64, 0xE224,
    0xD203, 0xDA24, 0xF2C6, 0xFB47, 0xF326, 0xFB66, 0xF345, 0xE2E4,
    0xDAC3, 0xE2E3, 0xF343, 0xEB64, 0xE384, 0xDB64, 0xD343, 0xD363,
    0xDB84, 0xD384, 0xCB44, 0xDBA4, 0xEC25, 0xE445, 0xE465, 0xF4C5,
    0xF4E5, 0xE4A5, 0xD485, 0xCC85, 0xD4C5, 0xDD06, 0xDD06, 0xCD05,
    0xD526, 0xDD86, 0xDD86, 0xDDA6, 0xDDA6, 0xD5A6, 0xDDE6, 0xD5E6,
    0xCD85, 0xC5A5, 0xCDE6, 0xDE46, 0xDE67, 0xE6A7, 0xDEA7, 0xD667,
    0xD687, 0xD686, 0xD686, 0xDEE7, 0xE707, 0xD6A6, 0xC605, 0xC646,
    0xCE66, 0xC605, 0xC625, 0xD6A6, 0xDEE7, 0xCE65, 0xC605, 0xCE45,
    0xDE85, 0xE6C6, 0xE6A6, 0xE6C6, 0xF707, 0xFF27, 0xF6E6, 0xF6A5,
    0xF6A4, 0xF6A6, 0xFEE7, 0xFEA7, 0xF624, 0xF5E3, 0xEDC3, 0xEDA3,
    0xF5C3, 0xF5C4, 0xF5A3, 0xED44, 0xE4E3, 0xDCA3, 0xD463, 0xD463,
    0xDC43, 0xD423, 0xCBE3, 0xD403, 0xD402, 0xBB62, 0xB322, 0xB301,
    0xAAE1, 0xA2C1, 0x8220, 0x61A0, 0x69A0, 0x38C0, 0x1020, 0x8840,
    0x8840, 0x9861, 0xA881, 0xB8C2, 0xD102, 0xD122, 0xD162, 0xC142,
    0xC162, 0xE224, 0xF285, 0xF265, 0xEA23, 0xEA84, 0xF306, 0xEB26,
    0xF305, 0xF2E4, 0xFB04, 0xFB65, 0xF365, 0xE344, 0xDB24, 0xDB24,
    0xDB65, 0xEBC5, 0xDB85, 0xD3A4, 0xE3E5, 0xDBE5, 0xCB85, 0xC385,
    0xDC05, 0xDC25, 0xD405, 0xD445, 0xDCA6, 0xED07, 0xF527, 0xED26,
    0xE506, 0xDD06, 0xDD67, 0xDD67, 0xD546, 0xE5C7, 0xEE47, 0xEE67,
    0xE607, 0xDDE7, 0xDE07, 0xDE27, 0xD627, 0xD626, 0xCE06, 0xC5C6,
    0xC5E6, 0xCE26, 0xCE46, 0xCE46, 0xCE46, 0xCE66, 0xC605, 0xB5A5,
    0xBDC5, 0xC605, 0xBDE5, 0xBDE5, 0xC645, 0xC625, 0xC5E5, 0xC605,
    0xBDE5, 0xCE45, 0xDEA6, 0xC605, 0xC5C4, 0xDE65, 0xF706, 0xEEA5,
    0xDE25, 0xE686, 0xE645, 0xD5C3, 0xC562, 0xDDA3, 0xE5C4, 0xDD83,
    0xDD84, 0xDD84, 0xDD64, 0xDD64, 0xDD23, 0xDCE3, 0xD4C3, 0xCC62,
    0xCC62, 0xD463, 0xC422, 0xB3A2, 0xAB61, 0xA321, 0xA321, 0xB341,
    0xAB02, 0xB302, 0xAAE2, 0x9AA1, 0x8A40, 0x8200, 0x79E0, 0x8200,
    0x4900, 0x1840, 0xA861, 0xB881, 0xD0C2, 0xB8C2, 0xB8A1, 0xC0E1,
    0xD163, 0xE1C4, 0xD9A4, 0xD162, 0xD9C2, 0xD1E2, 0xC9E2, 0xCA02,
    0xDA24, 0xE264, 0xEA63, 0xEAA4, 0xDAA4, 0xBA63, 0xBA82, 0xCAC3,
    0xE323, 0xF364, 0xEB64, 0xD343, 0xD364, 0xCB64, 0xD384, 0xDBC4,
    0xFC45, 0xFCA6, 0xF466, 0xE466, 0xDC25, 0xE465, 0xFD07, 0xFD67,
    0xF527, 0xED06, 0xF586, 0xFE28, 0xFE49, 0xFE27, 0xF5E6, 0xEDC7,
    0xE5C6, 0xD566, 0xC525, 0xC566, 0xCD86, 0xC566, 0xB505, 0xB505,
    0xB545, 0xBD85, 0xBD65, 0xB565, 0xBD85, 0xBDC5, 0xC606, 0xC5C6,
    0xBDC5, 0xC626, 0xC646, 0xBDC5, 0xB5A4, 0xAD64, 0xB584, 0xBDC5,
    0xB5C5, 0xB5A4, 0xBDC4, 0xC5E5, 0xCE25, 0xD666, 0xCE25, 0xC605,
    0xC5E5, 0xCDE5, 0xCDE5, 0xD5E5, 0xD5E5, 0xD5C4, 0xD5E4, 0xDE04,
    0xDDE4, 0xDDC4, 0xE5C4, 0xDD83, 0xDD63, 0xDD63, 0xDD23, 0xC483,
    0xABE2, 0xB401, 0xBC22, 0xC442, 0xC402, 0xB3A2, 0xB382, 0xB382,
    0x9B01, 0xA301, 0xAB01, 0x9AC0, 0x8A80, 0x8A80, 0x9AA1, 0x8220,
    0x61A0, 0x5960, 0x5960, 0x30A0, 0x1020, 0x6800, 0x8840, 0xB081,
    0xA8A1, 0xB8E2, 0xB8E2, 0xA8E2, 0xB101, 0xC961, 0xD1A3, 0xC1A3,
    0xC182, 0xC9C2, 0xDA23, 0xE263, 0xEAA4, 0xEAE5, 0xF325, 0xF324,
    0xF304, 0xFB24, 0xF344, 0xEB64, 0xEB64, 0xEB84, 0xE384, 0xE384,
    0xE3A4, 0xE3C4, 0xD3A4, 0xD3A4, 0xE405, 0xE444, 0xDC25, 0xDC05,
    0xDC46, 0xECA6, 0xE4A6, 0xE4C6, 0xE4E6, 0xE506, 0xDD27, 0xE567,
    0xEDA7, 0xF608, 0xFE6A, 0xFF0A, 0xF648, 0xD5A6, 0xD5A6, 0xD5A6,
    0xCDA6, 0xCDC6, 0xC5A5, 0xBD85, 0xBD85, 0xC5C5, 0xD646, 0xD666,
    0xC606, 0xC5E6, 0xC606, 0xBDC5, 0xA524, 0xA544, 0xBDC5, 0xBDE5,
    0xAD64, 0x9CC3, 0x9CA3, 0xA503, 0xA523, 0xA503, 0xB564, 0xB544,
    0xA4E3, 0xAD24, 0xBD84, 0xBDA4, 0xBDA4, 0xC5A4, 0xC584, 0xC564,
    0xD605, 0xE665, 0xE625, 0xDDE5, 0xE5E5, 0xE5C4, 0xCD03, 0xD544,
    0xF5C4, 0xF5A4, 0xD4E3, 0xA3A1, 0x82C1, 0x82C2, 0x9B62, 0xA361,
    0xA341, 0x9B21, 0xA322, 0xAB42, 0xA301, 0x92C1, 0x9260, 0x92A0,
    0xA2C1, 0xA2C1, 0x7A00, 0x5160, 0x4100, 0x5120, 0x30A0, 0x1840,
    0x9040, 0x9861, 0xA081, 0xB081, 0xC8C2, 0xD943, 0xD983, 0xD142,
    0xD143, 0xD9A3, 0xE203, 0xEA23, 0xEA44, 0xEA45, 0xF2A5, 0xFB26,
    0xFB86, 0xFBA6, 0xFB86, 0xFB65, 0xEB44, 0xDB03, 0xDAE3, 0xE344,
    0xE384, 0xDB63, 0xCB23, 0xBB03, 0xCB44, 0xD3A4, 0xCBA4, 0xCBA4,
    0xD3C4, 0xCBE5, 0xBB84, 0xBBA3, 0xDC86, 0xDC85, 0xD464, 0xDCC5,
    0xD4A5, 0xD4A4, 0xD4E4, 0xCCE5, 0xC4C5, 0xC4A4, 0xD525, 0xDDA6,
    0xDDC7, 0xE607, 0xEE67, 0xEE67, 0xDE26, 0xD606, 0xE667, 0xF708,
    0xDE87, 0xC5C6, 0xBDA5, 0xCE46, 0xD686, 0xCE46, 0xC625, 0xBDE5,
    0xBDE5, 0xC605, 0xC605, 0xBDE5, 0xB5C5, 0xBDE5, 0xBE05, 0xBDE5,
    0xAD64, 0xAD63, 0xC5E5, 0xD686, 0xD646, 0xC5C5, 0xBDA4, 0xCE05,
    0xCE05, 0xC5A4, 0xC584, 0xBD43, 0xBD43, 0xCD83, 0xDDC4, 0xE604,
    0xE5E4, 0xCD23, 0xDD84, 0xF605, 0xDD43, 0xC4A2, 0xCCA2, 0xD4A3,
    0xB3E2, 0x9322, 0x8AE2, 0x8AC1, 0x8280, 0x7A60, 0x8280, 0x92A1,
    0x92C1, 0x92A1, 0x9281, 0x8240, 0x8220, 0x79E0, 0x71C0, 0x69A0,
    0x5960, 0x2880, 0x0820, 0xA861, 0xC0A1, 0xD8E2, 0xC8C2, 0xC0E2,
    0xC102, 0xC942, 0xD9A3, 0xD9A3, 0xD182, 0xD1A2, 0xDA23, 0xDA63,
    0xD222, 0xDA23, 0xEA63, 0xEAA4, 0xDA83, 0xDA63, 0xE2E5, 0xFB66,
    0xFBA5, 0xEB63, 0xD323, 0xD323, 0xD364, 0xD343, 0xCB63, 0xD364,
    0xDB85, 0xEC05, 0xFC65, 0xFCC6, 0xFD68, 0xFD47, 0xF4E6, 0xFCE6,
    0xF4E6, 0xED26, 0xED87, 0xED86, 0xFE08, 0xFEA9, 0xFE47, 0xF5E6,
    0xF607, 0xF647, 0xF667, 0xEE26, 0xD5C5, 0xD5C6, 0xE626, 0xEE87,
    0xEEA7, 0xE687, 0xDE67, 0xE6A7, 0xEF07, 0xEF08, 0xDEA7, 0xCE26,
    0xCE26, 0xD686, 0xE6E7, 0xDEE7, 0xCE86, 0xD6A6, 0xD686, 0xCE86,
    0xD686, 0xD6A6, 0xDEC7, 0xD686, 0xD666, 0xCE45, 0xCE46, 0xCE45,
    0xD665, 0xDE86, 0xD625, 0xC5C5, 0xC5A4, 0xCDC4, 0xD5C4, 0xDDE5,
    0xEE45, 0xDDE4, 0xD583, 0xD583, 0xEDE4, 0xDD63, 0xC4C2, 0xDD44,
    0xE564, 0xE543, 0xE523, 0xF544, 0xCC63, 0x9301, 0x9B21, 0xDC43,
    0xECA4, 0xAB42, 0x92C1, 0xAB01, 0xA2C1, 0x8A61, 0x8220, 0x8220,
    0x79E0, 0x69A0, 0x5960, 0x5960, 0x30A0, 0x0820, 0x8820, 0xA061,
    0xC0A1, 0xC8C2, 0xB8E2, 0xB902, 0xC122, 0xC142, 0xB942, 0xB962,
    0xC1A3, 0xC9C3, 0xC9C2, 0xB9A2, 0x9982, 0x9182, 0xBA02, 0xBA03,
    0xB203, 0xBA43, 0xD2A3, 0xD2C3, 0xCAC3, 0xD304, 0xDB44, 0xE384,
    0xF3E4, 0xF3E4, 0xDB83, 0xDBA4, 0xFCC8, 0xFD6A, 0xF507, 0xEC65,
    0xF4A5, 0xFD07, 0xECE6, 0xECE6, 0xED05, 0xF525, 0xED05, 0xDD25,
    0xDD46, 0xEDC6, 0xFE27, 0xFE47, 0xF627, 0xF647, 0xFEC7, 0xFF29,
    0xFEC8, 0xEE87, 0xEEA7, 0xF707, 0xF708, 0xEEC8, 0xE6C7, 0xEF07,
    0xEF28, 0xE6E7, 0xDEC7, 0xE707, 0xEF27, 0xE707, 0xDEE7, 0xDEE7,
    0xEF67, 0xEF68, 0xE727, 0xE707, 0xE707, 0xEF47, 0xEF47, 0xFFC9,
    0xFF88, 0xDEC6, 0xD686, 0xDE86, 0xE6A6, 0xD624, 0xDE45, 0xE686,
    0xE666, 0xDE05, 0xD5E4, 0xDDE4, 0xD5C4, 0xE5E4, 0xF625, 0xFE66,
    0xFE46, 0xF5E5, 0xED83, 0xE544, 0xE544, 0xDCE3, 0xD4A2, 0xDCC3,
    0xECE4, 0xDC63, 0xB382, 0x9B01, 0x9AE1, 0xB362, 0xBB82, 0xA2E1,
    0x9281, 0x9281, 0x9AA1, 0x8A20, 0x71C0, 0x69A0, 0x6180, 0x28A0,
    0x0820, 0x8820, 0x9041, 0xA881, 0xB8A1, 0xB8C1, 0xB8E1, 0xB8E1,
    0xC121, 0xC142, 0xC162, 0xB982, 0xB9A2, 0xC9E3, 0xDA23, 0xEA44,
    0xE264, 0xDA84, 0xE304, 0xFB45, 0xFB45, 0xEAE4, 0xE2E3, 0xDB24,
    0xD303, 0xCB03, 0xC303, 0xC323, 0xD384, 0xDBA5, 0xD3A3, 0xD383,
    0xDBE4, 0xEC45, 0xDC04, 0xDC44, 0xE484, 0xDC64, 0xC424, 0xBBE4,
    0xBC24, 0xC464, 0xCCA4, 0xCCC4, 0xCCE4, 0xCCE4, 0xD525, 0xDDA6,
    0xCD66, 0xBD04, 0xC524, 0xD5C5, 0xDE06, 0xD5E6, 0xD606, 0xE6A7,
    0xF707, 0xE6C7, 0xE6C7, 0xEF07, 0xE6C7, 0xDEC7, 0xDEC6, 0xDEE6,
    0xEF48, 0xEF88, 0xEF67, 0xEF67, 0xEF47, 0xEF27, 0xEF47, 0xEF67,
    0xEF67, 0xEF47, 0xE727, 0xE707, 0xEF27, 0xEF47, 0xF747, 0xFF67,
    0xFF67, 0xFF88, 0xFF47, 0xEEA6, 0xEE85, 0xEE85, 0xF685, 0xFEA6,
    0xF686, 0xF625, 0xFE65, 0xFE65, 0xF604, 0xE583, 0xED84, 0xED65,
    0xDCE3, 0xDCC3, 0xDCC3, 0xDCA3, 0xDC83, 0xDC64, 0xD423, 0xCBE3,
    0xC3A2, 0xB342, 0xA301, 0xA2E1, 0xAAE1, 0xA2C1, 0x8220, 0x61A0,
    0x5960, 0x69A0, 0x4100, 0x2060, 0x8840, 0x9861, 0xB081, 0xB8A2,
    0xB8C1, 0xC102, 0xD943, 0xD9A3, 0xD9C3, 0xD9A2, 0xD9C3, 0xD9E3,
    0xDA03, 0xE223, 0xE263, 0xEA84, 0xFAE4, 0xFB25, 0xF305, 0xEAC3,
    0xDAC3, 0xDAE4, 0xDB04, 0xDB24, 0xD323, 0xD323, 0xCB23, 0xD364,
    0xD384, 0xCB64, 0xBB43, 0xAB23, 0xAB23, 0xAB43, 0xBBA4, 0xCC24,
    0xD463, 0xCC43, 0xBC03, 0xABC3, 0xBC23, 0xBC43, 0xBC43, 0xBCA4,
    0xB464, 0xAC23, 0xBCC4, 0xC505, 0xC506, 0xC565, 0xCDA6, 0xD5E6,
    0xD5C6, 0xD5E6, 0xCDC6, 0xC5C5, 0xCE26, 0xDEA7, 0xE6C7, 0xE6C7,
    0xFFA9, 0xFFEA, 0xEF68, 0xE727, 0xDEC6, 0xD6A6, 0xE747, 0xEF67,
    0xE747, 0xEF47, 0xEF68, 0xEF68, 0xEF67, 0xE707, 0xEF07, 0xEF47,
    0xF767, 0xFF88, 0xFF68, 0xF707, 0xEEA6, 0xEEC6, 0xFF28, 0xFF07,
    0xF6C6, 0xF6C6, 0xFEC6, 0xFE85, 0xF644, 0xFEA8, 0xF647, 0xEDA4,
    0xF5C3, 0xFDC4, 0xE564, 0xDD03, 0xE504, 0xF544, 0xED04, 0xE4A4,
    0xCC04, 0xAB63, 0xA341, 0xA301, 0xB321, 0xB342, 0x9AA1, 0x7A20,
    0x71E0, 0x7A00, 0x79C0, 0x6180, 0x71C0, 0x38E0, 0x1020, 0xB061,
    0xA881, 0xA8A1, 0xB0A1, 0xB8A2, 0xC0E2, 0xC922, 0xC943, 0xC963,
    0xC982, 0xC9A2, 0xC9C2, 0xD1E2, 0xE223, 0xEA84, 0xF2A4, 0xE263,
    0xBA02, 0xC243, 0xE304, 0xEB04, 0xDAE3, 0xCAE3, 0xD304, 0xD324,
    0xD323, 0xCB24, 0xCB44, 0xC323, 0xBB23, 0xCB84, 0xE405, 0xDC04,
    0xC3C3, 0xBBA3, 0xC3C4, 0xC3E3, 0xCC43, 0xC444, 0xBC03, 0xBC24,
    0xC484, 0xC4A4, 0xBCA4, 0xC4C4, 0xCD26, 0xCD26, 0xC505, 0xC545,
    0xCD65, 0xC545, 0xBD45, 0xC585, 0xCDE5, 0xCDE6, 0xCDE6, 0xDE67,
    0xE6A7, 0xE6E7, 0xE6E7, 0xDEA7, 0xD686, 0xDEA6, 0xDEC7, 0xDEE7,
    0xDEE7, 0xDF07, 0xDEE6, 0xDEE6, 0xE707, 0xDEE7, 0xDF07, 0xEF47,
    0xEF48, 0xEF27, 0xE706, 0xEF27, 0xEEE7, 0xE6C6, 0xF727, 0xFF68,
    0xFF27, 0xF6E7, 0xF6C6, 0xFEC6, 0xFEE7, 0xFF0A, 0xFEE9, 0xFE86,
    0xFEC9, 0xFEEB, 0xFEA9, 0xFE26, 0xF584, 0xED44, 0xED65, 0xFD84,
    0xFDA5, 0xF546, 0xCC23, 0xB3A1, 0xC3C2, 0xDC23, 0xCBC3, 0xAB02,
    0x9281, 0x9281, 0x9281, 0x8220, 0x8A20, 0x71C0, 0x5160, 0x5140,
    0x30A0, 0x1020, 0x7000, 0x9041, 0xB8A1, 0xB8C1, 0xB0A1, 0xB0C2,
    0xC902, 0xD142, 0xC962, 0xC162, 0xD1C2, 0xE203, 0xDA03, 0xC9E3,
    0xD202, 0xE263, 0xF2E4, 0xFB04, 0xFB45, 0xFB86, 0xE2E4, 0xE304,
    0xEB84, 0xFBA5, 0xF3A5, 0xE385, 0xDB64, 0xCB43, 0xC343, 0xCB84,
    0xCB84, 0xC364, 0xCBA4, 0xD3E4, 0xCBE4, 0xBBA4, 0xB383, 0xB3C3,
    0xBC23, 0xBC44, 0xABE3, 0xA3C2, 0xAC03, 0xBC63, 0xB443, 0xA423,
    0xAC63, 0xC505, 0xCD66, 0xCD85, 0xCD85, 0xCDA5, 0xCDA5, 0xCDC5,
    0xD5E6, 0xCE06, 0xC5A5, 0xC5E5, 0xCE26, 0xC606, 0xCE26, 0xDEC6,
    0xEF27, 0xDEC7, 0xD6A6, 0xD6C6, 0xD6A6, 0xD6A6, 0xD6C6, 0xD6A6,
    0xD686, 0xCE65, 0xD665, 0xD685, 0xDEA6, 0xDEA6, 0xDEC6, 0xE6A6,
    0xD665, 0xCE24, 0xCDE4, 0xCDC4, 0xDE05, 0xE665, 0xEE65, 0xEE65,
    0xF665, 0xEE24, 0xE5C3, 0xEDE4, 0xFE25, 0xFE26, 0xFE05, 0xFDE5,
    0xFDC5, 0xFD85, 0xE4E4, 0xCC43, 0xBBE3, 0xBBC2, 0xD443, 0xD403,
    0x92C1, 0x6A00, 0x7A20, 0x9AA1, 0xA2C2, 0x92A1, 0x8241, 0x71E0,
    0x6180, 0x5140, 0x5120, 0x2880, 0x0820, 0x9040, 0xA081, 0xB0A1,
    0xA081, 0xA8A1, 0xB901, 0xC101, 0xC942, 0xD163, 0xD983, 0xD1A3,
    0xD9E3, 0xDA02, 0xC9E2, 0xB9C3, 0xC203, 0xE284, 0xD263, 0xDA83,
    0xE2C3, 0xBA62, 0xB263, 0xC2C3, 0xD2E4, 0xC2C3, 0xBAE3, 0xDB64,
    0xF405, 0xFC46, 0xFC66, 0xFC66, 0xE405, 0xC3A3, 0xC3A3, 0xD404,
    0xD424, 0xC404, 0xC404, 0xC444, 0xC444, 0xB404, 0xB424, 0xCCA5,
    0xDD45, 0xC4C4, 0xAC43, 0xC4E4, 0xCD45, 0xCD86, 0xCD85, 0xC565,
    0xBD25, 0xB504, 0xBD65, 0xCDC5, 0xC5C5, 0xB565, 0xB585, 0xBDA5,
    0xBDA5, 0xB5A5, 0xB5A5, 0xC605, 0xC625, 0xC625, 0xC604, 0xCE45,
    0xCE86, 0xCE86, 0xCE45, 0xCE85, 0xCE45, 0xBDA5, 0xBDC4, 0xD665,
    0xE6C6, 0xCE45, 0xC5E4, 0xCE05, 0xCDE4, 0xD605, 0xD625, 0xD605,
    0xCDC3, 0xCDA3, 0xD5C4, 0xD583, 0xCD63, 0xCD63, 0xE5A4, 0xDD83,
    0xD543, 0xDD24, 0xD4E4, 0xCC83, 0xC463, 0xC422, 0xC443, 0xBC03,
    0x9B42, 0x9B21, 0xAB42, 0x92C1, 0x7A40, 0x7A40, 0x9AA1, 0x8A61,
    0x7A20, 0x7A20, 0x7A00, 0x71E0, 0x6180, 0x4920, 0x2060, 0x0800,
    0x8020, 0x9060, 0xA881, 0xB881, 0xD0E3, 0xD943, 0xD163, 0xD162,
    0xC942, 0xC962, 0xC1A2, 0xC9C3, 0xD9E4, 0xE224, 0xDA23, 0xCA23,
    0xD264, 0xCA63, 0xD283, 0xFB25, 0xFB45, 0xF344, 0xD303, 0xCAE4,
    0xD304, 0xCB04, 0xBAE4, 0xC325, 0xC344, 0xB324, 0xB303, 0xC384,
    0xD405, 0xCBE4, 0xBB83, 0xBBA2, 0xC423, 0xB3C3, 0xA383, 0xABC3,
    0xB423, 0xA3A2, 0x7AE1, 0x7B01, 0x9BC2, 0xB483, 0xC4C4, 0xCD25,
    0xCD25, 0xBCE4, 0xB4E4, 0xBD24, 0xC564, 0xB524, 0x9C83, 0x9463,
    0xAD04, 0xC5C5, 0xD666, 0xE6E7, 0xD667, 0xBDC5, 0xB5A5, 0xC605,
    0xD6A7, 0xE707, 0xE727, 0xCE66, 0xC605, 0xCE66, 0xD6A6, 0xCE65,
    0xBDE5, 0xB5A4, 0xC5E4, 0xD645, 0xCE25, 0xC5E4, 0xC5C4, 0xBD83,
    0xC5A4, 0xCDE4, 0xCDC4, 0xB502, 0xBD02, 0xDE04, 0xE5E4, 0xC522,
    0xAC61, 0xBCC2, 0xD523, 0xCCE3, 0xBC62, 0xA3C2, 0x9362, 0x9362,
    0xA3A2, 0xB402, 0xB3E2, 0xB3A2, 0x92C1, 0x7A60, 0xA322, 0xA301,
    0x7A40, 0x8220, 0x8A81, 0x9281, 0x8220, 0x71E0, 0x69A0, 0x71C0,
    0x8A20, 0x5140, 0x1840, 0x8820, 0xA081, 0xC0C2, 0xC0C2, 0xA8A1,
    0xB0C1, 0xC902, 0xC122, 0xC962, 0xD9A3, 0xD1C3, 0xB182, 0x9961,
    0xA982, 0xC9E3, 0xCA22, 0xCA43, 0xCA63, 0xD284, 0xCA84, 0xAA43,
    0xAA63, 0xCAC3, 0xE324, 0xDB24, 0xCB24, 0xC324, 0xCB44, 0xDBA5,
    0xEC06, 0xD3A5, 0xBB44, 0xC384, 0xD405, 0xE445, 0xD425, 0xBBE3,
    0xA382, 0xA382, 0xABC3, 0xA3C3, 0x9B82, 0x93A2, 0x93A2, 0x9BC3,
    0xA3E3, 0x8361, 0x7B61, 0x8381, 0x8382, 0x9C23, 0x9C63, 0x9402,
    0x9422, 0x9423, 0x9C83, 0xB544, 0xBD84, 0xAD24, 0x9CA3, 0xA4E3,
    0xAD44, 0xAD64, 0xBDC5, 0xB5A5, 0xAD64, 0xBDC4, 0xCE45, 0xD686,
    0xCE65, 0xC625, 0xBDE4, 0xBDC4, 0xBDA4, 0xB564, 0xAD03, 0xB543,
    0xC5E4, 0xD624, 0xC5E3, 0xCDC3, 0xCDE4, 0xCDC3, 0xCDC3, 0xD5C3,
    0xDDC3, 0xD5A3, 0xD5A3, 0xDDA3, 0xE5A3, 0xE5A4, 0xD523, 0xBC62,
    0xBC62, 0xBC62, 0xABE3, 0xABA2, 0xB3C2, 0xABC2, 0xAB82, 0xAB62,
    0xAB42, 0xC3A3, 0xB362, 0xA302, 0xA2C2, 0x8240, 0x7A20, 0x9261,
    0x8A41, 0x79E0, 0x61A0, 0x6180, 0x30A0, 0x0820, 0x9041, 0x9861,
    0xA881, 0xA8A1, 0x90A1, 0xA8C1, 0xD922, 0xD163, 0xC963, 0xC942,
    0xB982, 0xC9C2, 0xD1E3, 0xD1E3, 0xC203, 0xC203, 0xCA43, 0xCA63,
    0xD282, 0xDAA3, 0xD2A4, 0xD2C4, 0xCAC4, 0xC2C3, 0xCB03, 0xD324,
    0xC304, 0xBAE4, 0xD365, 0xEC25, 0xFCA6, 0xEC45, 0xD3C4, 0xDC04,
    0xDC45, 0xCC24, 0xBBC4, 0xAB83, 0xA382, 0xA3A3, 0xB404, 0xB424,
    0xAC03, 0xB443, 0xB444, 0xB464, 0xB464, 0xAC83, 0xAC83, 0xAC83,
    0xACA4, 0xACC4, 0xBD24, 0xBD65, 0xBD45, 0xB524, 0xB544, 0xC5C5,
    0xD645, 0xD665, 0xC625, 0xBDC5, 0xB584, 0xB5A4, 0xB5A3, 0xB584,
    0xBDC5, 0xBDE5, 0xBDE4, 0xB584, 0xC626, 0xCE66, 0xBDA3, 0xAD63,
    0xB564, 0xBDA4, 0xBDA4, 0xB563, 0xBD83, 0xCDE4, 0xCE04, 0xCDE4,
    0xCDE3, 0xD5E3, 0xDE03, 0xDDC3, 0xD5A2, 0xD5A3, 0xDDA4, 0xDD83,
    0xDD83, 0xE5C4, 0xEDA4, 0xDD03, 0xC482, 0xC463, 0xBBE2, 0xB3C2,
    0xABC1, 0xB3A2, 0xAB42, 0x9B01, 0xA322, 0xAB42, 0xA2E1, 0x8241,
    0x61A0, 0x69C0, 0x7A00, 0x71E0, 0x69C0, 0x69A0, 0x5960, 0x28A0,
    0x1020, 0x9041, 0x9040, 0xA881, 0xC0C2, 0xC8C2, 0xC8E2, 0xC922,
    0xD183, 0xD183, 0xD162, 0xC9A3, 0xD1C3, 0xD1E3, 0xC9E3, 0xDA23,
    0xDA43, 0xC223, 0xBA23, 0xCA83, 0xEAE4, 0xEB04, 0xDAE4, 0xCAE4,
    0xCAE4, 0xBAC4, 0xAAA3, 0xC304, 0xE3C5, 0xDBC5, 0xB304, 0xAAE3,
    0xBB63, 0xC3A4, 0xAB63, 0xAB43, 0xC3C4, 0xDC65, 0xD465, 0xC424,
    0xBC04, 0xC464, 0xBC44, 0xAC03, 0xAC23, 0xB443, 0xBCA5, 0xCD25,
    0xD566, 0xC525, 0xB4E3, 0xBD04, 0xCD85, 0xD606, 0xCDE6, 0xC5A5,
    0xC5C5, 0xCDE5, 0xBDA5, 0xBDA5, 0xCE05, 0xD646, 0xC625, 0xBDC5,
    0xBDE4, 0xC625, 0xC625, 0xC625, 0xBDE4, 0xB5E4, 0xBE04, 0xD686,
    0xCE66, 0xB584, 0xBDC4, 0xC605, 0xC605, 0xCE05, 0xC5E4, 0xC5C4,
    0xC5C4, 0xC5C4, 0xCDE4, 0xD605, 0xE665, 0xE624, 0xD5A3, 0xD5C3,
    0xDDE3, 0xDDA3, 0xD543, 0xD543, 0xE583, 0xED84, 0xDD43, 0xCCC2,
    0xC442, 0xB402, 0xC423, 0xCC43, 0xBBC2, 0xA362, 0xA342, 0xB362,
    0x9AE1, 0x8A61, 0x92A1, 0x9AC1, 0x9281, 0x71E0, 0x71C0, 0x61A0,
    0x5140, 0x5140, 0x30A0, 0x1020, 0x9041, 0xA061, 0xA881, 0xA081,
    0xB0C2, 0xC923, 0xD122, 0xC942, 0xC142, 0xC162, 0xC982, 0xD9E3,
    0xDA04, 0xB9C3, 0xB9C2, 0xC202, 0xCA43, 0xD284, 0xC243, 0xA202,
    0xA202, 0xB262, 0xBA83, 0xB283, 0xB2A3, 0xBAE4, 0xBAE4, 0xAAC3,
    0x9AA3, 0xA2C3, 0xB304, 0xBB45, 0xBB84, 0xBB83, 0xB383, 0xB363,
    0xB3A4, 0xB3E3, 0xABC2, 0xABA2, 0xABE3, 0xABE3, 0xA3E3, 0xAC02,
    0xBC83, 0xBCA4, 0xA403, 0xB484, 0xC525, 0xB4C4, 0xB504, 0xACC3,
    0x9C61, 0xA4A2, 0xBD64, 0xCE06, 0xD626, 0xD646, 0xCE25, 0xBDA4,
    0xBDC4, 0xC625, 0xCE66, 0xDEC7, 0xDEE7, 0xD686, 0xCE65, 0xCE66,
    0xCE65, 0xC625, 0xBDE4, 0xC605, 0xD666, 0xDEE6, 0xD685, 0xBDE4,
    0xC5C4, 0xD645, 0xDEA6, 0xE6A6, 0xDE66, 0xDE25, 0xDE25, 0xE666,
    0xEE86, 0xE645, 0xEE24, 0xDDC3, 0xD563, 0xDD83, 0xF604, 0xFE45,
    0xF5E5, 0xDD43, 0xD4C2, 0xCCA2, 0xCC83, 0xCC63, 0xC403, 0xBBC2,
    0xB382, 0xAB62, 0xB362, 0x9AE1, 0x9AC1, 0xA2C2, 0x9282, 0x7A20,
    0x61A0, 0x71C0, 0x71C0, 0x5980, 0x5940, 0x28A0, 0x1020, 0x8820,
    0x8860, 0xA0A1, 0xB0A1, 0xB8C2, 0xB0E2, 0xB0E1, 0xC122, 0xC963,
    0xD183, 0xC1A2, 0xC9C2, 0xD1E3, 0xC9E3, 0xCA03, 0xD243, 0xCA43,
    0xA1E2, 0xB222, 0xE2C4, 0xD2C4, 0xBA83, 0xAA63, 0xBAA3, 0xC2E4,
    0xC304, 0xC324, 0xB2E3, 0xC324, 0xE3E5, 0xD3A4, 0xC364, 0xC385,
    0xD405, 0xE464, 0xE465, 0xD445, 0xD466, 0xE4E6, 0xED46, 0xED46,
    0xDD06, 0xCCC5, 0xC4A4, 0xC4E5, 0xCD05, 0xC4E4, 0xCD45, 0xD585,
    0xC525, 0xC545, 0xD5E6, 0xEE87, 0xFF28, 0xEEA6, 0xCE04, 0xC5C5,
    0xCE26, 0xE6C7, 0xF748, 0xEF27, 0xDEC6, 0xD686, 0xCE45, 0xC625,
    0xCE45, 0xD6C6, 0xDEE6, 0xD6C6, 0xCE65, 0xCE44, 0xC644, 0xBDE5,
    0xC5E5, 0xD665, 0xE6E6, 0xDEC6, 0xDE85, 0xDE65, 0xDE65, 0xF6E7,
    0xFF47, 0xFF06, 0xF6C6, 0xF685, 0xEE45, 0xE604, 0xE604, 0xF644,
    0xEDE4, 0xEDC4, 0xEDC4, 0xF5C5, 0xE543, 0xD4A2, 0xCC82, 0xC442,
    0xBC02, 0xBBE1, 0xBBE2, 0xB3A2, 0xAB41, 0xB342, 0xB342, 0xA301,
    0x8A61, 0x7200, 0x71E0, 0x71C0, 0x71E0, 0x61A0, 0x5960, 0x5960,
    0x28A0, 0x0800, 0x9881, 0x9041, 0x9060, 0xA8A1, 0xB8C1, 0xB8E2,
    0xC102, 0xC122, 0xC942, 0xD982, 0xD1C3, 0xD1E3, 0xD1E2, 0xC9E2,
    0xDA23, 0xDA43, 0xD243, 0xB202, 0xBA43, 0xDAC5, 0xC284, 0xB263,
    0xBA83, 0xD304, 0xD305, 0xCB04, 0xCB24, 0xCB43, 0xC343, 0xBB23,
    0xB303, 0xB343, 0xBB64, 0xB363, 0xB362, 0xA322, 0x82C2, 0x8AE2,
    0xA363, 0xB3A2, 0xB402, 0xCCA3, 0xDD05, 0xCCE4, 0xBC63, 0xB463,
    0xC4C4, 0xBCC4, 0xBCE4, 0xDDC6, 0xEE47, 0xE625, 0xCDA4, 0xC584,
    0xD626, 0xE6C6, 0xEEC6, 0xE6C7, 0xDEA6, 0xCE45, 0xCE45, 0xDEC6,
    0xE706, 0xDEC6, 0xD6A6, 0xDEE7, 0xEF47, 0xDF06, 0xCE85, 0xD686,
    0xE707, 0xE727, 0xD6A5, 0xD686, 0xDEC6, 0xE6E6, 0xD644, 0xD645,
    0xEEE7, 0xF707, 0xE6A6, 0xDE65, 0xEE86, 0xEEA6, 0xEE85, 0xF665,
    0xF645, 0xFE85, 0xFEA6, 0xF625, 0xEDC4, 0xEDA4, 0xF5C4, 0xED64,
    0xD4C2, 0xCC82, 0xCC82, 0xD483, 0xC403, 0xAB82, 0x9B21, 0x9B02,
    0xB342, 0xA301, 0x8A81, 0x8240, 0x8A61, 0x7A20, 0x61A0, 0x69C0,
    0x6180, 0x4900, 0x5960, 0x30C0, 0x1020, 0xA082, 0xB081, 0xC081,
    0xC0C2, 0xB8C2, 0xB8E2, 0xC902, 0xD162, 0xD983, 0xD183, 0xB982,
    0xB9A2, 0xC1C2, 0xC1C2, 0xCA02, 0xD243, 0xD263, 0xBA23, 0xAA02,
    0xBA42, 0xC283, 0xBA83, 0xA243, 0xBAA3, 0xC2E3, 0xCB04, 0xCB25,
    0xD385, 0xD3A4, 0xDBC4, 0xFC46, 0xFC87, 0xE426, 0xDC05, 0xFD28,
    0xFE29, 0xFDC7, 0xFD46, 0xED26, 0xE548, 0xDCE5, 0xE524, 0xEDC6,
    0xEDC6, 0xEDC7, 0xEDE7, 0xF648, 0xEE47, 0xF666, 0xFEA7, 0xF686,
    0xF6A8, 0xFF2C, 0xFF08, 0xFF06, 0xFF28, 0xEF08, 0xE6E7, 0xEF06,
    0xFF88, 0xFFA8, 0xEF67, 0xDEC6, 0xDEE6, 0xE747, 0xEF47, 0xE727,
    0xE727, 0xDF06, 0xD6A5, 0xD6A5, 0xE706, 0xF787, 0xF767, 0xE706,
    0xEF47, 0xFF88, 0xFF88, 0xF746, 0xF706, 0xF6E6, 0xEEC6, 0xEEA6,
    0xEE86, 0xEE66, 0xF685, 0xFEC6, 0xFEC7, 0xFE86, 0xFE45, 0xFE24,
    0xFE25, 0xFE05, 0xED84, 0xDCE4, 0xD4A4, 0xD4A3, 0xCC62, 0xB3C2,
    0x9301, 0x9B22, 0xB362, 0xA321, 0x92C1, 0x92A1, 0x9281, 0x8241,
    0x71E0, 0x71E0, 0x71E0, 0x6180, 0x4900, 0x4900, 0x2880, 0x1040,
    0x9841, 0xA061, 0xB0A2, 0xB8C2, 0xC8E2, 0xD102, 0xD122, 0xC942,
    0xC162, 0xC162, 0xC9A2, 0xC1A2, 0xC1E3, 0xD203, 0xE223, 0xDA43,
    0xC222, 0xB223, 0xBA43, 0xCA84, 0xD2A4, 0xC283, 0xB264, 0xCAC4,
    0xE364, 0xE384, 0xC324, 0xC304, 0xE3C5, 0xFC85, 0xEC04, 0xCBA4,
    0xDC05, 0xEC65, 0xCC05, 0xB383, 0xD3E1, 0xFD03, 0xFE6C, 0xF714,
    0xFEAE, 0xFEAC, 0xFF0E, 0xFE88, 0xFE66, 0xFEA8, 0xFEC9, 0xFEC9,
    0xFE87, 0xF665, 0xEE65, 0xFEEA, 0xFF8E, 0xFF48, 0xF706, 0xF728,
    0xF749, 0xF727, 0xE6E6, 0xEF07, 0xEF07, 0xEF27, 0xEF67, 0xEF67,
    0xEF47, 0xE727, 0xE727, 0xEF88, 0xFFE9, 0xF7A8, 0xEF68, 0xE747,
    0xE706, 0xE706, 0xEF47, 0xF768, 0xF767, 0xFF67, 0xFF88, 0xFF6A,
    0xFF69, 0xFF46, 0xFF05, 0xF6E6, 0xFEC6, 0xFEC6, 0xFEC6, 0xFEA6,
    0xFE86, 0xFE88, 0xFE87, 0xFE66, 0xFE24, 0xED83, 0xE503, 0xDCE3,
    0xE4C3, 0xDCC3, 0xCC63, 0xC402, 0xBBC2, 0xBBC2, 0xB382, 0xBB62,
    0xBB62, 0xA2E2, 0x9281, 0x8240, 0x8220, 0x61A0, 0x69A0, 0x7A00,
    0x6180, 0x2060, 0x0000, 0x9041, 0xA881, 0xB8A2, 0xB0A1, 0xB8C2,
    0xC8E2, 0xC902, 0xC122, 0xC943, 0xD183, 0xD1C3, 0xC9C2, 0xC1C2,
    0xC9E3, 0xA9A2, 0x99A2, 0xB203, 0xCA43, 0xCA63, 0xBA63, 0xBA63,
    0xAA43, 0xA243, 0xAA64, 0x8A03, 0x8202, 0xA2A2, 0xBB24, 0xA2A3,
    0x71E2, 0x8222, 0xAB04, 0xCBA4, 0xD403, 0xBBA2, 0xAB83, 0xCC45,
    0xD463, 0xC3E0, 0xAB60, 0xC401, 0xC442, 0x9B80, 0x8B40, 0xAC03,
    0xD545, 0xEDE4, 0xEE04, 0xE605, 0xDDE5, 0xDDE6, 0xE605, 0xEE84,
    0xFF47, 0xFF48, 0xE6A6, 0xE6A6, 0xEEE7, 0xEF28, 0xE6E7, 0xD6A6,
    0xD6A6, 0xE727, 0xEF47, 0xEF47, 0xE747, 0xEF47, 0xE747, 0xE747,
    0xE746, 0xE706, 0xDEE6, 0xE726, 0xF788, 0xFFA8, 0xF787, 0xF747,
    0xFF88, 0xFFA9, 0xFF46, 0xF726, 0xFF49, 0xFF6E, 0xFF6B, 0xFF07,
    0xFEE7, 0xFF0C, 0xFF0D, 0xFEEB, 0xFECB, 0xFECB, 0xFEAB, 0xFE89,
    0xFE06, 0xFDE4, 0xFDE5, 0xFD84, 0xF544, 0xF504, 0xECE4, 0xE463,
    0xD402, 0xCBE2, 0xCBE2, 0xCBC2, 0xB301, 0xAAE1, 0xAAE2, 0xA2A1,
    0x8220, 0x69A0, 0x5980, 0x5960, 0x38C0, 0x1840, 0x9041, 0xA861,
    0xC0C2, 0xC8C2, 0xC8E2, 0xC902, 0xD143, 0xC963, 0xD183, 0xD983,
    0xC9A3, 0xB9A2, 0xB9C2, 0xD203, 0xE244, 0xE243, 0xCA43, 0xC243,
    0xBA43, 0xAA02, 0xA203, 0xA223, 0xAA63, 0xBAA3, 0xCB05, 0xBAE5,
    0x9A63, 0x9263, 0x9A83, 0xA2C3, 0xCB84, 0xB323, 0x8A82, 0xBB84,
    0xD405, 0xC3C4, 0xAB84, 0xB3C4, 0xD4A5, 0xE506, 0xD4A5, 0xBC64,
    0xC4A4, 0xD526, 0xC4A5, 0xA3E3, 0xA423, 0xB483, 0xBCE4, 0xC525,
    0xD5A6, 0xC565, 0xACE4, 0xACE4, 0xC585, 0xDE46, 0xEEE7, 0xE6C6,
    0xDE86, 0xDEA7, 0xD666, 0xD665, 0xD685, 0xE727, 0xE727, 0xDEC6,
    0xDEE6, 0xDF07, 0xE727, 0xDEC6, 0xD685, 0xD6A5, 0xEF27, 0xF7A7,
    0xFFA7, 0xFF87, 0xFF88, 0xFFAA, 0xFFAB, 0xFF68, 0xFF68, 0xFF6A,
    0xFF4B, 0xFF2A, 0xFF29, 0xFF2C, 0xFF50, 0xFF50, 0xFEEC, 0xFEAB,
    0xFEEE, 0xFF10, 0xFECD, 0xF649, 0xF606, 0xFE07, 0xFDE6, 0xFDA5,
    0xF524, 0xF4E3, 0xF4C4, 0xECA4, 0xE443, 0xDC23, 0xD403, 0xC382,
    0xB302, 0xA2A1, 0x9261, 0x8220, 0x71E0, 0x6180, 0x6180, 0x30A0,
    0x0000, 0x8820, 0x9041, 0xA881, 0xA8A1, 0xB0A1, 0xC0C2, 0xD122,
    0xC943, 0xC962, 0xC962, 0xD9C3, 0xD9E3, 0xDA03, 0xDA04, 0xB9E3,
    0xB1E3, 0xCA43, 0xD283, 0xD283, 0xC263, 0xBA63, 0xB263, 0xBA83,
    0xCAE4, 0xDB24, 0xD324, 0xBAE4, 0xB2E3, 0xB303, 0xAB03, 0x92A3,
    0x8262, 0x8A82, 0x9AE2, 0x9AE2, 0xA323, 0xB3A3, 0xBBE3, 0xABC3,
    0x9B62, 0xA3A3, 0xB424, 0xB444, 0xB443, 0xAC23, 0xA423, 0xAC64,
    0xB484, 0xB4A4, 0xB4A4, 0xA463, 0xA483, 0xB504, 0xC585, 0xBD65,
    0xAD05, 0xA4E4, 0xAD24, 0xBDA5, 0xCE26, 0xCE46, 0xC605, 0xC625,
    0xDEE6, 0xCE65, 0xA523, 0xB5C4, 0xD6A5, 0xDEE6, 0xD6C6, 0xDF06,
    0xE727, 0xDEA6, 0xDEA6, 0xE706, 0xEF27, 0xEF06, 0xE6C5, 0xEEE5,
    0xFF26, 0xFF47, 0xFF26, 0xFF06, 0xFF07, 0xFF07, 0xFEC6, 0xFEE7,
    0xFEC8, 0xFEA8, 0xFEC9, 0xFEA9, 0xFE67, 0xFE26, 0xFE05, 0xFDC4,
    0xFDA4, 0xF543, 0xF524, 0xED04, 0xE4A3, 0xDC63, 0xD423, 0xD423,
    0xDC23, 0xDC03, 0xCBA2, 0xB322, 0x9AA1, 0x8240, 0x8220, 0x7A00,
    0x69C0, 0x69A0, 0x38C0, 0x1020, 0x9041, 0x9061, 0xA081, 0xA881,
    0xB8C2, 0xC922, 0xC923, 0xC942, 0xC962, 0xC983, 0xD9E3, 0xC1A2,
    0xB9A2, 0xDA23, 0xD203, 0xB9E2, 0xB1E2, 0xA9E2, 0xB203, 0xBA43,
    0xCAA3, 0xC2A3, 0xB283, 0xB2A3, 0xAAA3, 0x9A42, 0x8202, 0xA283,
    0xC324, 0xC343, 0xBB03, 0xB323, 0xBB64, 0xAB43, 0xA302, 0x9B03,
    0x9B23, 0x9322, 0x9322, 0x9B63, 0x9B62, 0x9B82, 0x9BA2, 0x9BC3,
    0x9BC3, 0x9BE3, 0xA423, 0x9C03, 0x9C23, 0xAC84, 0xB4C4, 0xACA4,
    0xACC5, 0xC585, 0xC5C5, 0xB544, 0xA4E4, 0xB564, 0xCE05, 0xC606,
    0xD665, 0xD686, 0xCE46, 0xCE46, 0xCE65, 0xD6A5, 0xEF47, 0xDEE7,
    0xC624, 0xBDC3, 0xCE44, 0xDEE6, 0xD6A5, 0xD685, 0xD685, 0xD685,
    0xDEA6, 0xE6E6, 0xEEE6, 0xE6A6, 0xEEA6, 0xEEC6, 0xEEC6, 0xF6C6,
    0xF6A6, 0xFEA6, 0xF6A6, 0xFE85, 0xFE65, 0xFE45, 0xF5E4, 0xED83,
    0xED83, 0xE544, 0xD4E4, 0xCC83, 0xD483, 0xCC83, 0xC403, 0xAB82,
    0xAB62, 0xB382, 0xBBA2, 0xC3A2, 0xBB62, 0xAB02, 0xAAE2, 0xA2C1,
    0x9261, 0x8220, 0x61A0, 0x4120, 0x5140, 0x38C0, 0x2060, 0x9041,
    0x9061, 0xA881, 0xC0A1, 0xC0E2, 0xC922, 0xD143, 0xD9A4, 0xE1A4,
    0xD983, 0xD9C3, 0xD1C3, 0xC9E3, 0xC1C3, 0xB9E2, 0xB9E2, 0xA9E2,
    0xBA23, 0xC263, 0xB242, 0xAA21, 0xA222, 0xAA64, 0xBA83, 0xB2A3,
    0xAAA3, 0xB2C3, 0xC324, 0xB2E3, 0x9282, 0xA2A2, 0xB303, 0xB343,
    0xB363, 0xB383, 0xB383, 0xB3A3, 0xC404, 0xCC64, 0xC464, 0xB403,
    0xA3C3, 0xB424, 0xCCC5, 0xD505, 0xBCA5, 0xBCC5, 0xE5C7, 0xFE88,
    0xDDC6, 0xC525, 0xBD24, 0xC564, 0xC585, 0xBD86, 0xCDE6, 0xE6A7,
    0xDEA6, 0xCE05, 0xB585, 0xAD44, 0xAD43, 0xB563, 0xB584, 0xC605,
    0xCE65, 0xC605, 0xCE46, 0xDF06, 0xE726, 0xD6A6, 0xC625, 0xC625,
    0xD685, 0xD685, 0xCE25, 0xC5E4, 0xCE04, 0xDE65, 0xDE65, 0xDE85,
    0xE665, 0xE665, 0xEE86, 0xEE86, 0xEE45, 0xEE45, 0xEE44, 0xEDE4,
    0xDD83, 0xE5A4, 0xEDC5, 0xD523, 0xCCC3, 0xD4C3, 0xCCA3, 0xBC23,
    0xB3E2, 0xB3C3, 0xAB62, 0x9B22, 0x9B02, 0xA302, 0xA301, 0x9AC1,
    0x9281, 0x8A61, 0x8A40, 0x8241, 0x7A00, 0x61A0, 0x5140, 0x5960,
    0x30A0, 0x0820, 0x8020, 0x9861, 0xC0C2, 0xD0E2, 0xC0E2, 0xC0E2,
    0xC902, 0xC122, 0xB122, 0xB142, 0xC9A3, 0xD9E3, 0xDA03, 0xC1C2,
    0xB9C2, 0xC203, 0xD243, 0xCA63, 0xB222, 0xAA22, 0xB263, 0xBA83,
    0xAA62, 0x9A22, 0xAA83, 0xBAE3, 0x9A62, 0x9242, 0x9A62, 0xA2A2,
    0xBB43, 0xA302, 0x8281, 0x9AE2, 0x9B03, 0x92E2, 0x9321, 0x9301,
    0x82C1, 0x7261, 0x7AC1, 0x9B83, 0xA3E3, 0x8342, 0x6280, 0x6AA0,
    0x7B01, 0x5A60, 0x41C0, 0x4A00, 0x7B62, 0x8BE2, 0x7B81, 0x83C2,
    0x8C22, 0x8C02, 0x83E2, 0x83E2, 0x9463, 0xA504, 0xB564, 0xB563,
    0xAD64, 0xB584, 0xB5A4, 0xB5C4, 0xBDC5, 0xBDE4, 0xBDE4, 0xCE45,
    0xCE65, 0xCE65, 0xDEA6, 0xD686, 0xCE25, 0xC5E4, 0xBDC4, 0xCE05,
    0xDE45, 0xDE44, 0xCE04, 0xCE04, 0xE665, 0xEE85, 0xEE65, 0xEE65,
    0xFEA6, 0xF665, 0xE5C4, 0xE5A3, 0xE584, 0xD523, 0xCCC3, 0xD4E3,
    0xD4C3, 0xC462, 0xB3E3, 0xB3E3, 0xBBE2, 0xAB82, 0x9301, 0x82A1,
    0x82A1, 0x8281, 0x8261, 0x8A80, 0x71E0, 0x61C0, 0x71E0, 0x61A0,
    0x5140, 0x5140, 0x6980, 0x38C0, 0x0800, 0x8820, 0x8841, 0x8860,
    0x8860, 0xA8A1, 0xC902, 0xC922, 0xC963, 0xD183, 0xE1A3, 0xD9C3,
    0xB9A2, 0xA982, 0xC1C2, 0xC9E3, 0xC203, 0xC223, 0xBA23, 0xBA23,
    0xB223, 0xB242, 0xB262, 0xBA83, 0xA263, 0x8A22, 0x79E1, 0x79E2,
    0x9A63, 0xAAC3, 0xAAE3, 0xAAE3, 0xA2C2, 0x92C2, 0x9B02, 0x82A2,
    0x82A1, 0xB3A2, 0x7A81, 0x49A0, 0x6A62, 0x9B42, 0x9362, 0x72C1,
    0x72C0, 0x7AE0, 0x8341, 0x93C2, 0xA423, 0xA443, 0xA443, 0x9403,
    0x8382, 0x7B82, 0x8BE3, 0x9423, 0x9423, 0x9C83, 0xAD03, 0xAD24,
    0xA4E4, 0x9483, 0x9483, 0xA503, 0xB584, 0xAD64, 0xA524, 0xB5A4,
    0xC625, 0xCE65, 0xD6A6, 0xCE65, 0xC625, 0xCE45, 0xCE25, 0xC5E4,
    0xBDC4, 0xBDC4, 0xBDC4, 0xC5E4, 0xDE65, 0xDE45, 0xCDC4, 0xCDC4,
    0xDE24, 0xEE85, 0xEE65, 0xEE45, 0xEE05, 0xDDC4, 0xE5A4, 0xD523,
    0xCCE3, 0xE584, 0xED84, 0xD4E4, 0xC443, 0xABC2, 0xA382, 0x9B61,
    0x9B21, 0x9B21, 0x9B01, 0x92C1, 0x8281, 0x7A60, 0x8240, 0x61C0,
    0x5160, 0x61A0, 0x61A0, 0x69A0, 0x5960, 0x30A0, 0x1020, 0x0820,
    0x8840, 0x9041, 0xB082, 0xD0E3, 0xD103, 0xC943, 0xC943, 0xC122,
    0xC942, 0xD9C4, 0xD9E3, 0xD1E3, 0xC9E2, 0xD203, 0xCA03, 0xC223,
    0xCA43, 0xBA22, 0xBA23, 0xCA83, 0xD2A4, 0xCAC3, 0xC2C3, 0xBAA4,
    0xB2C3, 0xAAA2, 0x9261, 0xA2A1, 0xAAE2, 0x9AA2, 0x8241, 0xA2E3,
    0xCBA4, 0xAB23, 0xA322, 0xAB43, 0xAB83, 0xABA3, 0xC445, 0xE4E7,
    0xDCC5, 0xC484, 0xBC64, 0xBC84, 0xBC85, 0xB464, 0xA404, 0x9BE4,
    0xA424, 0xAC84, 0xACA4, 0xBD05, 0xBD24, 0x8C03, 0x8C03, 0xB525,
    0xBD85, 0xB524, 0xAD24, 0xBDA5, 0xB584, 0xAD43, 0xB584, 0xB5A5,
    0xBE05, 0xC605, 0xBDC5, 0xB5C4, 0xC605, 0xC605, 0xBDC4, 0xBDE4,
    0xD686, 0xD665, 0xCE25, 0xCE25, 0xC604, 0xBDA4, 0xBDA4, 0xCE05,
    0xD645, 0xD625, 0xD604, 0xD5E4, 0xDE04, 0xE645, 0xEE25, 0xE604,
    0xDDA3, 0xCD23, 0xCD03, 0xD503, 0xD504, 0xBC63, 0xABE2, 0xB3E2,
    0xABC2, 0xA382, 0x9B42, 0x92E1, 0x82A1, 0x7A60, 0x7A60, 0x8280,
    0x8281, 0x8241, 0x71E0, 0x71E0, 0x71E0, 0x5140, 0x40E0, 0x4920,
    0x40E0, 0x1840, 0x0000, 0x6800, 0x8820, 0xC0A2, 0xD903, 0xB8C2,
    0xA8A1, 0xB8E1, 0xC122, 0xD163, 0xE1C4, 0xD9E4, 0xC9C3, 0xB9A2,
    0xC1E2, 0xCA03, 0xC203, 0xC223, 0xC223, 0xCA63, 0xCA84, 0xBA63,
    0xB263, 0xB282, 0xC2C3, 0xC2E3, 0xC304, 0xCB24, 0xCB44, 0xC323,
    0xBB23, 0xB303, 0xD3C3, 0xEC63, 0xBB83, 0xA323, 0xAB63, 0xC3E4,
    0xD465, 0xC424, 0xABC3, 0xABE3, 0xB444, 0xB444, 0xBC64, 0xBC84,
    0xBCA4, 0xBCC5, 0xBCE4, 0xB4C4, 0xACA4, 0xB4E4, 0xC585, 0xD605,
    0xE687, 0xDE26, 0xBD85, 0xB525, 0xAD24, 0xAD24, 0xB5A5, 0xCE46,
    0xE6E7, 0xDEC7, 0xC605, 0xAD64, 0xB5A4, 0xBDE5, 0xCE66, 0xDEE7,
    0xDEC6, 0xD6A6, 0xCE65, 0xC605, 0xC5E4, 0xC625, 0xCE66, 0xCE45,
    0xCE25, 0xD625, 0xDE86, 0xDE65, 0xDE45, 0xEEA6, 0xEEA6, 0xEE45,
    0xE625, 0xE604, 0xE604, 0xE5C4, 0xDD84, 0xD523, 0xCCC2, 0xC482,
    0xBC63, 0xBC43, 0xC443, 0xA3A2, 0x9B42, 0x9B42, 0x7A81, 0x7A80,
    0x92E1, 0x8AA1, 0x8A81, 0x8A81, 0x8240, 0x7A00, 0x7A00, 0x8221,
    0x71E0, 0x6180, 0x5960, 0x5960, 0x28A0, 0x0000, 0xB061, 0xA061,
    0x8860, 0x8860, 0xA0A1, 0xC0E2, 0xD122, 0xC942, 0xD162, 0xD182,
    0xD1C3, 0xC9C3, 0xC9E4, 0xD203, 0xC1E3, 0xB1E2, 0xC223, 0xB202,
    0xAA03, 0xAA23, 0x99E2, 0x9202, 0x9A23, 0xB283, 0xBAC3, 0xBAE4,
    0xB2C4, 0xA283, 0xA2A3, 0xC344, 0xBB24, 0xBB43, 0xC3A4, 0xCBC5,
    0xCBC5, 0xCC04, 0xE4A4, 0xE4C5, 0xD4A6, 0xC445, 0xC464, 0xCCC4,
    0xD505, 0xC4C5, 0xCD05, 0xD545, 0xC4E5, 0xB4A4, 0xB4C4, 0xC525,
    0xCD85, 0xCD85, 0xBD45, 0xC585, 0xC5A5, 0xBD65, 0xBD65, 0xBDA5,
    0xC605, 0xCE25, 0xCE46, 0xC605, 0xB584, 0xB5A4, 0xC604, 0xC625,
    0xCE45, 0xC625, 0xBDC5, 0xB5A4, 0xCE66, 0xE707, 0xDEA6, 0xD665,
    0xD665, 0xD666, 0xDEA6, 0xDE86, 0xD666, 0xDE66, 0xDE66, 0xDE46,
    0xDE25, 0xE665, 0xF666, 0xEE45, 0xEE25, 0xEE25, 0xEE05, 0xDD84,
    0xD543, 0xCD03, 0xBCA3, 0xB443, 0xB403, 0xB403, 0xABC2, 0xA382,
    0xA362, 0x9B22, 0x9B22, 0xA342, 0x9AE1, 0x8AA1, 0x8260, 0x8241,
    0x8261, 0x8221, 0x71E0, 0x71E0, 0x71E0, 0x61A0, 0x5940, 0x2880,
    0x0820, 0x8020, 0x7840, 0x9061, 0xB8A2, 0xC8E2, 0xC0E2, 0xB902,
    0xC142, 0xD163, 0xD183, 0xD1C3, 0xD1E4, 0xD1E4, 0xC9E3, 0xC1E2,
    0xCA23, 0xCA43, 0xA9E3, 0x99C2, 0xA202, 0xAA23, 0x9A03, 0x9A23,
    0xC2A2, 0xCAE3, 0xB2C3, 0xA283, 0xB2E3, 0xB2E3, 0x9282, 0x9282,
    0xA2C3, 0xB323, 0xB363, 0xB384, 0xAB44, 0xAB64, 0xA344, 0x9B44,
    0xABA4, 0xDCC5, 0xED66, 0xD4E5, 0xA3E3, 0xA3E3, 0xB484, 0xBCC4,
    0xBCC4, 0xB4A4, 0xB4A4, 0xB4A4, 0xBD05, 0xC565, 0xBD65, 0xBD65,
    0xCDC5, 0xD626, 0xD646, 0xCE47, 0xCE47, 0xC606, 0xCE25, 0xDEC6,
    0xFFC9, 0xEF68, 0xCE46, 0xCE45, 0xCE66, 0xDEC6, 0xE727, 0xDEC7,
    0xC625, 0xBDC4, 0xD686, 0xE6C6, 0xCE45, 0xD645, 0xDE86, 0xE6A6,
    0xE6A6, 0xEEE7, 0xF707, 0xEEA6, 0xDE25, 0xE625, 0xF686, 0xF666,
    0xE605, 0xDDC4, 0xD564, 0xD523, 0xCCE3, 0xC4A3, 0xC4A4, 0xC464,
    0xBC23, 0xBC03, 0xBC03, 0xB3C3, 0xA342, 0x9301, 0x9301, 0x92C1,
    0x9AE1, 0x9AC1, 0x8A81, 0x8261, 0x8241, 0x8221, 0x71E0, 0x61A0,
    0x6180, 0x69A0, 0x40E0, 0x1040, 0x7000, 0x8840, 0xA881, 0xB0A1,
    0xB8E2, 0xC102, 0xC102, 0xC922, 0xC942, 0xD182, 0xD1C3, 0xC1C3,
    0xC1C3, 0xC9E3, 0xDA23, 0xD223, 0xB1E3, 0xB203, 0xD2A4, 0xE2E4,
    0xC284, 0xBA83, 0xCAE4, 0xC2E3, 0xB2A3, 0xA283, 0xA283, 0xCB44,
    0xDBA5, 0xC344, 0xB303, 0xB324, 0xBB84, 0xC3A4, 0xCBE5, 0xC3E4,
    0xC3E4, 0xC405, 0xC425, 0xBC05, 0xB404, 0xBC65, 0xD4E6, 0xC485,
    0xB464, 0xBCC5, 0xD546, 0xBCC4, 0x9C02, 0xA463, 0xACA4, 0xB4C4,
    0xB524, 0xBD65, 0xC585, 0xC5A6, 0xBD85, 0xB563, 0xAD40, 0xB580,
    0xC5E5, 0xCE27, 0xCE66, 0xD6A6, 0xCE66, 0xC605, 0xCE65, 0xCE86,
    0xCE66, 0xDEC6, 0xD6A6, 0xD686, 0xDEC6, 0xDEC6, 0xDEC6, 0xDE86,
    0xDE85, 0xDE85, 0xE6A6, 0xEEE6, 0xEEA6, 0xE665, 0xEE85, 0xEE85,
    0xE645, 0xE625, 0xE605, 0xE605, 0xE5C4, 0xDD64, 0xD544, 0xDD64,
    0xDD44, 0xDD24, 0xDD04, 0xDCC4, 0xCC63, 0xC423, 0xC403, 0xB3A3,
    0xA342, 0x92E1, 0x92C1, 0x8AA1, 0x8A81, 0x8A81, 0x8240, 0x8240,
    0x7A21, 0x7A00, 0x71C0, 0x6180, 0x6180, 0x30C0, 0x1020, 0x7020,
    0x8841, 0xB0A2, 0xC0C3, 0xD0E3, 0xD103, 0xC922, 0xC942, 0xC983,
    0xD9A3, 0xD9C3, 0xD9C3, 0xD9E3, 0xDA03, 0xE243, 0xDA64, 0xC224,
    0xC244, 0xCA63, 0xCA83, 0xC283, 0xCAC4, 0xD2E4, 0xB283, 0xB2A3,
    0xBAC3, 0xBAE4, 0xA2A3, 0x9A82, 0x9AA3, 0xA2C3, 0xC364, 0xDC05,
    0xC3C5, 0xD404, 0xE484, 0xDC65, 0xB3E4, 0xABA3, 0xC425, 0xC445,
    0xC465, 0xD4E5, 0xE546, 0xE566, 0xCD05, 0xB4A4, 0xB4A4, 0xCD45,
    0xE5E6, 0xE627, 0xEE67, 0xF6A8, 0xD627, 0xCDE7, 0xCDE5, 0xCDC0,
    0xE6EC, 0xFFFC, 0xFFF7, 0xF748, 0xDE81, 0xCE66, 0xC606, 0xD6A6,
    0xF789, 0xEF68, 0xDEE7, 0xD686, 0xCE85, 0xCE45, 0xCE46, 0xD6A6,
    0xE6E7, 0xE6E7, 0xE6E6, 0xDEA6, 0xDE86, 0xE6A6, 0xE6A5, 0xE685,
    0xDE65, 0xEEA6, 0xFEE6, 0xF6C6, 0xE624, 0xF665, 0xF665, 0xE5C4,
    0xDD84, 0xE584, 0xE5A4, 0xE585, 0xED85, 0xED45, 0xE504, 0xE504,
    0xDCC4, 0xC403, 0xA362, 0x9B21, 0x9B21, 0xAB42, 0x9B02, 0x92A1,
    0x9281, 0x8241, 0x8240, 0x8A60, 0x8A41, 0x69A0, 0x4920, 0x5940,
    0x38C0, 0x1840, 0x8020, 0x9041, 0x9881, 0xA081, 0xA8A1, 0xC0E2,
    0xC922, 0xD162, 0xD9A3, 0xD9E4, 0xE244, 0xE224, 0xE204, 0xE223,
    0xDA23, 0xD223, 0xD244, 0xDA84, 0xD284, 0xC264, 0xCA84, 0xD2C4,
    0xD2E4, 0xCAE4, 0xC2E4, 0xBAE4, 0xB2C3, 0xAAA3, 0xAAC3, 0xA2C3,
    0xB323, 0xB323, 0xA2E3, 0x9AE3, 0xAB63, 0xB3A3, 0xAB83, 0xC404,
    0xE4C6, 0xED27, 0xCC85, 0xB424, 0xB424, 0xAC24, 0xBC84, 0xBCA4,
    0x9C22, 0xA423, 0xAC84, 0xAC83, 0x9402, 0x9402, 0xA4A4, 0xACE3,
    0xACE1, 0xB523, 0xC5A4, 0xCDE5, 0xBDA4, 0xAD62, 0xBDC4, 0xCE25,
    0xC606, 0xB5A4, 0xBDC4, 0xC625, 0xC625, 0xCE65, 0xD6A6, 0xD686,
    0xD666, 0xD686, 0xDEA6, 0xDEA6, 0xD686, 0xD665, 0xCE45, 0xD665,
    0xE6A5, 0xE6A5, 0xEEC6, 0xF6E6, 0xF6C6, 0xEEA5, 0xEE65, 0xEE45,
    0xEE45, 0xEE45, 0xE5C5, 0xD564, 0xD524, 0xCD04, 0xCCC4, 0xD504,
    0xE524, 0xDCE4, 0xD484, 0xC423, 0xB3A3, 0xAB62, 0x9B01, 0x8AA0,
    0x8AA0, 0x8280, 0x8A81, 0x9AA1, 0x9281, 0x8A61, 0x8241, 0x7A00,
    0x71C0, 0x5980, 0x5960, 0x28A0, 0x0820, 0x7820, 0x8040, 0x9881,
    0xC0A2, 0xC8E2, 0xC0E2, 0xC102, 0xC122, 0xC942, 0xD163, 0xD1A2,
    0xD1C3, 0xDA03, 0xEA24, 0xE244, 0xDA64, 0xE284, 0xDA83, 0xD264,
    0xCA84, 0xDAC4, 0xC2A3, 0xAA82, 0xBAC4, 0xAA63, 0xAA83, 0xCB44,
    0xEBE6, 0xE3C5, 0xC323, 0xD3A4, 0xCBA5, 0xC385, 0xD405, 0xCC04,
    0xBBA4, 0xBBE4, 0xB3C4, 0xB3C3, 0xB3E3, 0xC423, 0xC465, 0xBC86,
    0xC4C6, 0xCCC5, 0xCCE4, 0xCD25, 0xCD25, 0xC525, 0xB4E4, 0xA483,
    0xA482, 0xBD03, 0xC584, 0xCDC4, 0xCDE5, 0xCE07, 0xD667, 0xD686,
    0xC605, 0xC605, 0xD666, 0xE6E7, 0xE728, 0xE707, 0xE727, 0xEF48,
    0xDEE7, 0xD686, 0xE6E7, 0xEF48, 0xDF07, 0xCE45, 0xD665, 0xDEC6,
    0xE6E7, 0xDE86, 0xE6C6, 0xFF67, 0xF727, 0xEEE6, 0xF6C6, 0xFEE7,
    0xEE86, 0xDE05, 0xE625, 0xDDC4, 0xDDC4, 0xE5E5, 0xE5C5, 0xD544,
    0xCCC3, 0xCCE4, 0xCCA4, 0xBC43, 0xB402, 0xBC03, 0xBBE3, 0xAB83,
    0x9B42, 0x9B01, 0x92C0, 0x8AA0, 0x8260, 0x8260, 0x8A81, 0x8A81,
    0x9281, 0x8A61, 0x69C0, 0x6180, 0x69C0, 0x5960, 0x2880, 0x0820,
    0x8020, 0x9060, 0xA081, 0xA881, 0xB0A2, 0xB8E2, 0xB902, 0xB921,
    0xC962, 0xD9A3, 0xC1A2, 0xD9E2, 0xEA64, 0xE224, 0xCA04, 0xB9E3,
    0xC223, 0xC243, 0xCA64, 0xCA84, 0xDAE4, 0xD2C4, 0xBAA4, 0xCAE4,
    0xBAA3, 0xB2A3, 0xCB44, 0xCB44, 0xCB43, 0xC343, 0xC364, 0xB343,
    0xA302, 0xB363, 0xBB83, 0xBBC3, 0xD464, 0xB3A3, 0x92E3, 0x9303,
    0xBC24, 0xD4C5, 0xCCA6, 0xE567, 0xE5A6, 0xD544, 0xCD25, 0xD5A6,
    0xE606, 0xEE24, 0xFEC9, 0xFF4D, 0xF70A, 0xD624, 0xCDC3, 0xD626,
    0xDE87, 0xE6C7, 0xEEE7, 0xEF07, 0xFF88, 0xF7A8, 0xE727, 0xEF47,
    0xEF68, 0xEF68, 0xEF68, 0xEF68, 0xEF68, 0xEF67, 0xEF67, 0xEF67,
    0xEF47, 0xF768, 0xEF27, 0xDEC5, 0xDE85, 0xF727, 0xFFA8, 0xF747,
    0xE6A5, 0xDE65, 0xEEA5, 0xF6A5, 0xF6A5, 0xFEC6, 0xFEA7, 0xFE86,
    0xEE25, 0xDDA4, 0xDD63, 0xD523, 0xCCC3, 0xBC43, 0xABE2, 0xB3E2,
    0xB3E2, 0xB3C3, 0xABA2, 0xA381, 0x9B21, 0x92E1, 0x9AE1, 0x9AE1,
    0x92C1, 0x8261, 0x8241, 0x92A1, 0xA2E1, 0x8220, 0x5960, 0x5140,
    0x5940, 0x30A0, 0x1020, 0x6800, 0x6820, 0x8060, 0x9881, 0xA8A1,
    0xA0C1, 0xA0C1, 0xB101, 0xB942, 0xB142, 0x8121, 0x9141, 0xB9A2,
    0xC1C3, 0xC9E2, 0xCA02, 0xCA43, 0xBA24, 0xB224, 0xC263, 0xDAE4,
    0xC2A3, 0x9203, 0x89E2, 0x9222, 0xA262, 0x9243, 0x5961, 0x69C1,
    0xC365, 0xE3E6, 0xEC45, 0xEC65, 0xE444, 0xAB43, 0x8282, 0xA324,
    0xAB64, 0xBBE4, 0xD485, 0xC465, 0xBC65, 0xD4E6, 0xFE08, 0xFEE9,
    0xFEA8, 0xDD86, 0xCD25, 0xD585, 0xDDE5, 0xE606, 0xE647, 0xEE87,
    0xDE45, 0xDE44, 0xEEC7, 0xFF69, 0xF748, 0xE6C6, 0xE6C7, 0xE707,
    0xEF27, 0xE707, 0xEF47, 0xEF68, 0xF788, 0xEF68, 0xEF67, 0xF788,
    0xFFE9, 0xFFE9, 0xFFA8, 0xFFA7, 0xFFA8, 0xF767, 0xE6E5, 0xDE84,
    0xEF06, 0xFFA8, 0xFFA9, 0xFF47, 0xF6E6, 0xFF28, 0xFF4A, 0xFF08,
    0xFEC5, 0xF685, 0xF645, 0xEE05, 0xE5C4, 0xE5A4, 0xDD64, 0xD504,
    0xC483, 0xABE2, 0xA3C2, 0xABC2, 0xBC03, 0xB3C2, 0xB382, 0xAB62,
    0x9B22, 0x92E1, 0x8A80, 0x8A61, 0x92A1, 0x92A1, 0x8A60, 0x8220,
    0x71C0, 0x61A0, 0x5960, 0x5140, 0x2080, 0x0800, 0x9861, 0xA881,
    0xB8A1, 0xB8A1, 0xC8E2, 0xC923, 0xB923, 0xC143, 0xC963, 0xD1A3,
    0xD9E3, 0xE1E3, 0xE1E3, 0xD223, 0xCA85, 0xD285, 0xDA44, 0xE284,
    0xE2C4, 0xD2A3, 0xE2E4, 0xEB25, 0xF365, 0xF3A5, 0xEBA5, 0xDB45,
    0xD344, 0xE3A4, 0xEBE5, 0xE3E5, 0xCBA4, 0xCBA4, 0xD3E4, 0xDC04,
    0xF4A6, 0xF4C6, 0xD425, 0xCC24, 0xDCA5, 0xDCC5, 0xCC65, 0xCCA6,
    0xD506, 0xCCC4, 0xCCE4, 0xDD85, 0xEDE6, 0xE5C7, 0xE607, 0xF688,
    0xEE47, 0xDE06, 0xDE26, 0xE687, 0xE687, 0xDE67, 0xEEC7, 0xDEA6,
    0xD666, 0xE6E7, 0xEF08, 0xE6E7, 0xE6E7, 0xDEE6, 0xE707, 0xEF47,
    0xF7A9, 0xF788, 0xEF68, 0xF7C9, 0xFFCA, 0xFFCA, 0xFFA8, 0xEF46,
    0xE726, 0xF767, 0xFF87, 0xFF88, 0xFF68, 0xFF68, 0xF726, 0xFF06,
    0xFF48, 0xFF29, 0xFF08, 0xFEC6, 0xF684, 0xF664, 0xF665, 0xF626,
    0xF5E5, 0xE584, 0xDD44, 0xCCA3, 0xC463, 0xCC83, 0xC443, 0xBC03,
    0xBC03, 0xBBE3, 0xBBC2, 0xB382, 0xA301, 0x8A81, 0x8261, 0x9281,
    0x8A61, 0x8240, 0x8221, 0x8A20, 0x71C0, 0x4940, 0x4900, 0x2880,
    0x0820, 0x6000, 0x7820, 0xA081, 0xB8A2, 0xB8C2, 0xC102, 0xD143,
    0xD983, 0xE1C4, 0xE204, 0xDA04, 0xE204, 0xEA44, 0xEA64, 0xD223,
    0xC223, 0xD243, 0xDAA4, 0xCA63, 0xCA63, 0xE305, 0xF3A6, 0xEB65,
    0xB283, 0xA263, 0xCB44, 0xFC25, 0xFC44, 0xE3C4, 0xD3A5, 0xE405,
    0xF465, 0xFCA6, 0xF4E7, 0xF4E6, 0xE485, 0xD444, 0xDC84, 0xE4C5,
    0xDCC5, 0xD4A5, 0xCCC5, 0xCCC4, 0xBC84, 0xB464, 0xCD06, 0xEDE7,
    0xDDA6, 0xC545, 0xCD85, 0xCDA5, 0xDE06, 0xEE67, 0xFF28, 0xF6E8,
    0xDE47, 0xDE86, 0xDEA7, 0xDE87, 0xDE87, 0xD647, 0xD667, 0xE6E7,
    0xEF47, 0xF7A8, 0xFFC9, 0xFFC9, 0xEF88, 0xE747, 0xEF67, 0xEF67,
    0xEF27, 0xEF47, 0xFFC9, 0xFFE9, 0xF768, 0xF748, 0xFF68, 0xFF68,
    0xFF67, 0xFF48, 0xFF48, 0xFEE5, 0xFF07, 0xFF2B, 0xFF2B, 0xFEC7,
    0xFE85, 0xFEA7, 0xFE67, 0xFE25, 0xFDE4, 0xFE05, 0xFE06, 0xFDA5,
    0xE524, 0xDCC4, 0xDCC4, 0xDC84, 0xD443, 0xCC03, 0xCBE3, 0xBB82,
    0xAB22, 0x92C1, 0x8A60, 0x8240, 0x8241, 0x8241, 0x8A40, 0x79E0,
    0x5960, 0x5120, 0x2080, 0x0800, 0x7820, 0x8040, 0x8861, 0x8881,
    0x90A1, 0xA8C1, 0xC102, 0xC942, 0xD162, 0xD162, 0xC982, 0xC9C3,
    0xD203, 0xE223, 0xE224, 0xE244, 0xF2A4, 0xE2C4, 0xDAA4, 0xCA84,
    0xC263, 0xC283, 0xCAC4, 0xD324, 0xDB44, 0xC303, 0xA282, 0x9A82,
    0xCB64, 0xFC44, 0xD3A3, 0xBB63, 0xCBC4, 0xD3C4, 0xCBC4, 0xDC44,
    0xECE5, 0xD464, 0xABC4, 0xB3C5, 0xB404, 0xBC45, 0xCCA6, 0xDD26,
    0xBCA4, 0x9BC3, 0xA423, 0xB4C4, 0xC505, 0xBD05, 0xBD25, 0xBD45,
    0xBD45, 0xCDC5, 0xCDE5, 0xCDC5, 0xCE05, 0xD666, 0xDEA7, 0xD666,
    0xD686, 0xCE46, 0xC605, 0xCE66, 0xD6A7, 0xD6A7, 0xE708, 0xE748,
    0xE727, 0xE727, 0xEF48, 0xEF68, 0xEF27, 0xDEE6, 0xDEA6, 0xE6C6,
    0xF768, 0xFF88, 0xF747, 0xFF47, 0xFF27, 0xF707, 0xFF07, 0xFF29,
    0xFF2A, 0xF6E9, 0xFEE9, 0xFECA, 0xFECA, 0xF6AB, 0xF6AA, 0xFE68,
    0xFE05, 0xF5C5, 0xED65, 0xED25, 0xF545, 0xF524, 0xE4E4, 0xECC4,
    0xE4A4, 0xDC43, 0xD403, 0xBB62, 0xA302, 0xA2C1, 0x9AC1, 0x9AA1,
    0x8241, 0x8200, 0x71C0, 0x5960, 0x4920, 0x2080, 0x0800, 0x9041,
    0xA881, 0xC0C1, 0xB8C2, 0xB0C2, 0xB8E2, 0xC902, 0xD143, 0xD9A3,
    0xD9C4, 0xD1C3, 0xD1C3, 0xE204, 0xEA64, 0xE265, 0xE264, 0xEAA4,
    0xDA84, 0xDAA4, 0xEAE4, 0xEB04, 0xD2E4, 0xC2C4, 0xD303, 0xE364,
    0xEB84, 0xF3C5, 0xEBC5, 0xE3C4, 0xF424, 0xFC65, 0xE425, 0xBBA3,
    0xCBE4, 0xE464, 0xECA4, 0xDC65, 0xB3A4, 0xABA5, 0xC445, 0xC465,
    0xBC44, 0xBC44, 0xBC64, 0xBC85, 0xBCA5, 0xBCC5, 0xB484, 0xB484,
    0xB4C4, 0xC525, 0xCD85, 0xC585, 0xB504, 0xA4C4, 0xAD05, 0xB565,
    0xC5C5, 0xBDA5, 0xB545, 0xAD45, 0xB5A5, 0xC626, 0xD686, 0xD686,
    0xCE46, 0xCE66, 0xC646, 0xBDE6, 0xBDC5, 0xCE45, 0xDEC6, 0xDEE7,
    0xCE26, 0xC5E5, 0xD666, 0xE6C7, 0xEF27, 0xF727, 0xFF47, 0xFF47,
    0xFF27, 0xFF07, 0xFEE6, 0xFEC6, 0xFEE6, 0xFEE6, 0xFEA6, 0xFE86,
    0xFEA7, 0xFE67, 0xF606, 0xF5A4, 0xF5A4, 0xED65, 0xE504, 0xD4A3,
    0xD4A4, 0xDCA4, 0xDC84, 0xCC23, 0xC3E3, 0xCBE3, 0xB362, 0x9AE1,
    0xA301, 0x9AA1, 0x9261, 0x8A61, 0x8A40, 0x71C0, 0x4920, 0x4920,
    0x2880, 0x1020, 0x7020, 0x8861, 0xB0A1, 0xB8A1, 0xB0C1, 0xB0E1,
    0xB901, 0xC142, 0xC962, 0xD1A3, 0xD9C2, 0xDA03, 0xE223, 0xE224,
    0xC9E3, 0xC203, 0xDAA4, 0xF2E5, 0xFB05, 0xE2C4, 0xC283, 0xBA84,
    0xC2A3, 0xB2A2, 0xB2A2, 0xB2A3, 0xA283, 0x8A23, 0x9A83, 0xCB84,
    0xDBC5, 0xCBA5, 0xBB64, 0xBB63, 0xBBA3, 0xBBC4, 0xBBE4, 0xBBE4,
    0xB3E3, 0xB3E3, 0xBC24, 0xB405, 0x9BA4, 0x9BC3, 0xA3E3, 0xA404,
    0xA423, 0xA423, 0xA443, 0x9C44, 0x9C23, 0x9C23, 0x9C43, 0x9443,
    0xACE4, 0xC585, 0xB545, 0xAD04, 0xAD24, 0xBD85, 0xBD85, 0xB585,
    0xBDC5, 0xC606, 0xC626, 0xC606, 0xC626, 0xC606, 0xCE46, 0xDEE7,
    0xDEC6, 0xCE46, 0xCE26, 0xCE25, 0xD666, 0xDEC7, 0xDE87, 0xDE86,
    0xE6C6, 0xEEC7, 0xDE46, 0xCDC4, 0xD5E5, 0xDE25, 0xDE05, 0xDDE5,
    0xDDE5, 0xDDC5, 0xD584, 0xDD84, 0xF5E4, 0xF5E4, 0xD503, 0xC4A3,
    0xCCA3, 0xCCA3, 0xD4A3, 0xCC63, 0xB3C3, 0xB3A2, 0xBBC2, 0xBBA2,
    0xAB62, 0x9AE2, 0x92C1, 0xA2C1, 0x8A61, 0x71E0, 0x61A0, 0x79E0,
    0x69C0, 0x4120, 0x4920, 0x2080, 0x0000, 0x7820, 0x8040, 0x8860,
    0x9880, 0xA8C1, 0xB0E1, 0xB902, 0xB922, 0xB942, 0xB962, 0xB962,
    0xC9C3, 0xEA65, 0xFAE6, 0xEA84, 0xC9E2, 0xCA03, 0xCA63, 0xD284,
    0xCA84, 0xDAC4, 0xDAE4, 0xBAA2, 0xA262, 0x9A43, 0xAA83, 0xBB03,
    0xCB23, 0xD384, 0xD3A4, 0x8A62, 0x69E1, 0x8262, 0x92A2, 0x9B03,
    0x9303, 0x7A62, 0x7242, 0x82C2, 0x8B23, 0x9343, 0xA3C4, 0xC485,
    0xD505, 0xBC64, 0x93C4, 0x9C04, 0xA423, 0x9C23, 0x9C03, 0x8BA2,
    0x7B82, 0x8BE2, 0x8C03, 0x9C63, 0xA4A4, 0x9463, 0x83E3, 0x7BC2,
    0x8423, 0x9CA3, 0x9CC3, 0xA504, 0xA524, 0xAD44, 0xAD65, 0xBDC5,
    0xBDE5, 0xB5A5, 0xAD64, 0xAD64, 0xBDC5, 0xCE26, 0xCE46, 0xCE25,
    0xCE05, 0xCE25, 0xCE25, 0xCE05, 0xCE05, 0xBD64, 0xACE3, 0xB523,
    0xBD44, 0xBD24, 0xBD03, 0xC543, 0xCD44, 0xC504, 0xBCC4, 0xBCA3,
    0xBC82, 0xBC63, 0xBC63, 0xC463, 0xC463, 0xC443, 0xBC03, 0xABA2,
    0xBBE3, 0xBBC3, 0xAB62, 0xAB42, 0xAB22, 0xA2E2, 0x8A81, 0x8A61,
    0x9281, 0x8A40, 0x8220, 0x69A0, 0x4100, 0x4920, 0x2080, 0x0000,
    0x7820, 0x8040, 0x9881, 0x9881, 0x98A1, 0xA0C1, 0xB102, 0xB922,
    0xC142, 0xC983, 0xC983, 0xD1C3, 0xDA04, 0xE245, 0xF307, 0xFB88,
    0xFB47, 0xCA43, 0xBA02, 0xD2A3, 0xBA83, 0x9A22, 0x9A02, 0xB283,
    0xBAC3, 0xB2C3, 0xC304, 0xE3A5, 0xD385, 0xB304, 0xCB64, 0xDBE5,
    0xC3A4, 0xA323, 0xA323, 0xBBA4, 0xBBC4, 0xB3A4, 0xA364, 0x9B63,
    0x9B84, 0x9363, 0x8302, 0x7B02, 0x8343, 0x8B63, 0x8362, 0x8B82,
    0x8BC3, 0x8BA3, 0x9403, 0x9403, 0x8BE2, 0x8BE2, 0x8BE2, 0x8C23,
    0x9C84, 0xBD85, 0xBD85, 0x8423, 0x9463, 0xBDA5, 0xC606, 0xA504,
    0x7BE2, 0x8402, 0xA504, 0xB5A5, 0xAD84, 0xB5C4, 0xC5E5, 0xC605,
    0xBDE5, 0xCE26, 0xD666, 0xD646, 0xC5E5, 0xB565, 0xAD04, 0xAD03,
    0xBD64, 0xC584, 0xBD24, 0xACC3, 0xACA3, 0xB4A3, 0xACA3, 0xAC62,
    0xAC42, 0xB463, 0xAC22, 0x9BC2, 0xAC23, 0xAC03, 0xABE2, 0xABC2,
    0xB3E3, 0xBBE3, 0xB3C2, 0xBBE2, 0xB3A2, 0xAB42, 0xA302, 0xBB62,
    0xC3A2, 0xA2E2, 0x8A61, 0x9281, 0xAAC1, 0x8A41, 0x4920, 0x2080,
    0x38C0, 0x2060, 0x0000, 0x8020, 0x8040, 0x8880, 0x9080, 0xA8C1,
    0xB8E2, 0xB102, 0xB122, 0xC142, 0xC982, 0xD9C2, 0xEA24, 0xEA65,
    0xC9C3, 0xC1C2, 0xC1E2, 0xD223, 0xCA63, 0xDAC5, 0xEB05, 0xBA63,
    0xC283, 0xE325, 0xF386, 0xE346, 0xD324, 0xD364, 0xC324, 0xAAC3,
    0xAAE3, 0xD3A4, 0xEC25, 0xE426, 0xDC25, 0xD405, 0xC3E4, 0xAB84,
    0x9B43, 0x8B03, 0x8B03, 0x8B24, 0x9BA4, 0xB464, 0xBC65, 0xA3E4,
    0x8302, 0x72C1, 0x8BA2, 0x9403, 0x7B42, 0x7322, 0x7B42, 0x7B63,
    0x7362, 0x7B62, 0x8BE3, 0x9464, 0xA4C4, 0x9CA4, 0x9C84, 0x9CC4,
    0xA504, 0x9CE4, 0x8C43, 0xA504, 0xCE66, 0xCE46, 0xBDE5, 0xBDE5,
    0xBDE5, 0xC605, 0xC606, 0xBDE5, 0xC606, 0xCE06, 0xC605, 0xBDC5,
    0xB585, 0xB565, 0xB564, 0xBD84, 0xBD44, 0xB504, 0xAC83, 0x9C43,
    0x9C22, 0x9402, 0x9402, 0x93E2, 0xA402, 0x93A2, 0x8B62, 0x9BA2,
    0x9B82, 0x8B61, 0x9361, 0xABA2, 0xB3C2, 0xA362, 0x9322, 0x9B22,
    0xAB42, 0xAB22, 0x92C1, 0x8A81, 0x9281, 0x8A61, 0x8241, 0x8221,
    0x7A01, 0x69C0, 0x5980, 0x5120, 0x2060, 0x0000, 0x7820, 0x7820,
    0x8861, 0xA081, 0xB0C1, 0xB0E1, 0xA8E1, 0xB122, 0xB122, 0xA922,
    0xA962, 0xB983, 0xD1E3, 0xD204, 0xCA24, 0xD244, 0xDA84, 0xDA84,
    0xCA63, 0xC263, 0xC263, 0xBA83, 0xAA63, 0x9A23, 0xB283, 0xD344,
    0xF3C5, 0xEBC5, 0xE3C5, 0xF406, 0xFC88, 0xFCC8, 0xE487, 0xCBC5,
    0xC3C4, 0xC3E5, 0xB3A4, 0xDC65, 0xED06, 0xD4A6, 0xABE4, 0xC485,
    0xF5C7, 0xF5E8, 0xFE89, 0xFF0A, 0xFE89, 0xCD67, 0xBCE6, 0xCD67,
    0xD5A6, 0xC545, 0xA484, 0x8C03, 0x9CA3, 0xA4C4, 0x62E1, 0x4A20,
    0x7362, 0xA4E4, 0x9CA4, 0x8403, 0x9CC4, 0xBDE6, 0xC626, 0xBDC5,
    0xAD65, 0xB5A5, 0xC606, 0xCE67, 0xDEE7, 0xDEE7, 0xD686, 0xCE46,
    0xD666, 0xDE86, 0xD645, 0xCE25, 0xCE06, 0xBD65, 0xB524, 0xB524,
    0xBD23, 0xB4E4, 0xA443, 0x9C02, 0xA442, 0x9C22, 0x8B82, 0x8B62,
    0x8B62, 0x8B42, 0x8301, 0x9362, 0xA3C2, 0x9B82, 0x9342, 0x8B02,
    0x9301, 0x9B02, 0x9B01, 0x9B01, 0x9B02, 0x92C1, 0x8261, 0x8261,
    0x8261, 0x8A41, 0x8221, 0x79E0, 0x71C0, 0x69C0, 0x6160, 0x2880,
    0x0800, 0x8821, 0x8841, 0x8860, 0x7860, 0x90A1, 0xB0E2, 0xC102,
    0xB922, 0xB122, 0xC163, 0xC9A3, 0xC9C2, 0xC9E2, 0xC9E3, 0xC1E3,
    0xBA03, 0xBA22, 0xC263, 0xC243, 0xBA43, 0xCAA4, 0xDB05, 0xE324,
    0xBAC3, 0xBAC4, 0xAA84, 0x8203, 0x9A63, 0xBB24, 0xC344, 0xBB24,
    0xB323, 0xAB44, 0xAB44, 0xCBE5, 0xF4C6, 0xECC6, 0xD485, 0xCC85,
    0xDCE6, 0xD485, 0xBC45, 0xBC65, 0xAC43, 0xAC43, 0xA403, 0xAC24,
    0xB484, 0xBD04, 0xC525, 0xC545, 0xC545, 0xC545, 0xB545, 0xAD05,
    0xB525, 0xC586, 0xD646, 0xCE26, 0xB544, 0xAD45, 0xB585, 0xB5A5,
    0xBDE5, 0xC606, 0xB585, 0x9CC4, 0xA4E4, 0xC606, 0xE707, 0xD6A7,
    0xB5A5, 0xB585, 0xC5E5, 0xCE46, 0xC605, 0xBDA5, 0xB564, 0xBDA5,
    0xCDE5, 0xD605, 0xCDE5, 0xC585, 0xC564, 0xC564, 0xC544, 0xCD64,
    0xCD24, 0xBCA3, 0xB483, 0xB483, 0xBC63, 0xB443, 0xAC03, 0xA3C2,
    0x9342, 0x82E1, 0x82C1, 0x8B01, 0x9B42, 0x9B22, 0x8AC1, 0x7A60,
    0x7A60, 0x8AA1, 0x92A1, 0x8261, 0x7A20, 0x7A00, 0x7A00, 0x69C0,
    0x5140, 0x5140, 0x2880, 0x0000, 0x8820, 0x9861, 0xA8A1, 0xA8A1,
    0xB8E2, 0xB8E2, 0xA0C1, 0xA0E1, 0xB121, 0xB962, 0xB982, 0xB9A3,
    0xC9C3, 0xD203, 0xDA23, 0xD243, 0xBA22, 0xB202, 0xB202, 0xB242,
    0xCAA3, 0xBA83, 0x9A22, 0x81E3, 0x79C2, 0x8A02, 0xAAA3, 0xA2A2,
    0x8A42, 0x9282, 0xC344, 0xE405, 0xE425, 0xD405, 0xD404, 0xD424,
    0xCC25, 0xC425, 0xB3C4, 0x9B43, 0xB3E4, 0xC485, 0xBC85, 0xBC85,
    0xBC64, 0xBC83, 0xC524, 0xCD44, 0xB4C4, 0xA444, 0xAC84, 0xB505,
    0xBD25, 0xACE4, 0xACE5, 0xBD65, 0xBD65, 0xB544, 0xB585, 0xC5C6,
    0xCE06, 0xC606, 0xBDE5, 0xAD65, 0xB585, 0xC626, 0xCE26, 0xB5A6,
    0xB585, 0xCE46, 0xCE46, 0xBDE5, 0xBDE5, 0xBDC5, 0xBDC5, 0xC5C5,
    0xD686, 0xE6E7, 0xEF07, 0xEEC7, 0xEEE6, 0xF707, 0xF6C7, 0xF6C7,
    0xF6A6, 0xEE66, 0xEE66, 0xF646, 0xF606, 0xEDC6, 0xE585, 0xDD44,
    0xD504, 0xD4E4, 0xD4C4, 0xC463, 0xC423, 0xBC03, 0xABA2, 0x9301,
    0x92C1, 0x9B02, 0xA301, 0x9AE1, 0x9AC1, 0x9AA2, 0x8A61, 0x7A20,
    0x7A01, 0x7A00, 0x6180, 0x38E0, 0x38C0, 0x2060, 0x1040, 0x9841,
    0x9861, 0xA0A1, 0x9880, 0x9080, 0xB0C1, 0xD963, 0xE1C4, 0xD183,
    0xC142, 0xB982, 0xC1A3, 0xC1C3, 0xB9C2, 0xB1C2, 0xB9E3, 0xD244,
    0xCA62, 0xC242, 0xCA83, 0xCAA4, 0xBA83, 0xBAA3, 0xD324, 0xDB24,
    0xCB03, 0xBB04, 0xBAE4, 0xBB05, 0xBB44, 0xAAE3, 0x9AA3, 0x92A3,
    0x8AA3, 0x6A22, 0x59E1, 0x7241, 0x9B42, 0xBC04, 0xC445, 0xCC85,
    0xD4C6, 0xDD06, 0xDD47, 0xDD46, 0xC4E5, 0xBCA4, 0xB4A4, 0xAC64,
    0x9C04, 0xB4C5, 0xCDC5, 0xD5E6, 0xBD45, 0xC586, 0xDE87, 0xD626,
    0xCDE6, 0xC5C6, 0xBDC5, 0xD646, 0xE708, 0xEF08, 0xCE26, 0xB5A5,
    0xBDC5, 0xC626, 0xD687, 0xD686, 0xD686, 0xD686, 0xD667, 0xCE46,
    0xD686, 0xDE86, 0xC605, 0xC5E5, 0xCE26, 0xDE66, 0xE6C6, 0xE686,
    0xDE26, 0xD5E5, 0xDE25, 0xEE46, 0xEE46, 0xF646, 0xF646, 0xEDE5,
    0xDDA5, 0xE585, 0xEDA5, 0xE585, 0xE565, 0xE545, 0xDCE4, 0xD4A4,
    0xCC64, 0xC423, 0xB3A2, 0x9B22, 0x92E1, 0xA322, 0x9AE1, 0x8A81,
    0x8261, 0x9281, 0x9AA1, 0x8A41, 0x71E0, 0x5980, 0x4920, 0x4900,
    0x2060, 0x0000, 0x8020, 0x9861, 0xC0A1, 0xC0C2, 0xC8E2, 0xD923,
    0xD123, 0xA0E1, 0x98E1, 0xB943, 0xE1E4, 0xD1E3, 0xC1C3, 0xDA24,
    0xFA85, 0xF2A4, 0xDA63, 0xD283, 0xE2C5, 0xEAE5, 0xF325, 0xEB45,
    0xEB44, 0xEB64, 0xE365, 0xCB25, 0xB2E2, 0xCB42, 0xC322, 0x9262,
    0x9AC3, 0xBB44, 0xC364, 0xAB43, 0x92C3, 0x7A42, 0x6A22, 0x61E2,
    0x6242, 0x7281, 0x5A00, 0x5A00, 0x6A81, 0x6AA2, 0x6262, 0x6AA2,
    0x9384, 0x93E4, 0x9C24, 0xB4E5, 0xC545, 0xC566, 0xCDA7, 0xD5E7,
    0xD607, 0xC5C6, 0xBD85, 0xC5C6, 0xCE26, 0xC5E5, 0xAD44, 0xB564,
    0xCE46, 0xE707, 0xDEE7, 0xD686, 0xC626, 0xC626, 0xCE66, 0xCE46,
    0xD666, 0xCE66, 0xC606, 0xBDE6, 0xBDC6, 0xBDE6, 0xD646, 0xCE05,
    0xBD85, 0xCDE5, 0xCDE5, 0xC5A5, 0xC585, 0xD5E6, 0xDE06, 0xCD85,
    0xC544, 0xC544, 0xD585, 0xDDA5, 0xCD04, 0xBC63, 0xC483, 0xD4C4,
    0xDCE4, 0xD4C4, 0xD4A4, 0xD484, 0xC423, 0xB382, 0x9B02, 0x8AC1,
    0x92C1, 0xA302, 0xA2E2, 0x7A41, 0x69E0, 0x71E0, 0x7A00, 0x71E0,
    0x61A0, 0x5960, 0x5120, 0x1860, 0x0000, 0x8020, 0x9040, 0x9861,
    0x8861, 0x90A0, 0xA8E0, 0xC101, 0xC922, 0xC143, 0xB942, 0xB162,
    0xB9A3, 0xC9C3, 0xC9C3, 0xB9C2, 0xC203, 0xD244, 0xDAA4, 0xE2C4,
    0xE2C4, 0xCAA3, 0x9A01, 0x89E2, 0xBAA4, 0xD325, 0xDB65, 0xCB24,
    0xCB24, 0xB2E4, 0xA2A2, 0xAAE2, 0xB342, 0xBB63, 0xAB23, 0xB363,
    0xBBC4, 0xC403, 0xABA4, 0xA384, 0xB3E5, 0xA3A4, 0x8B23, 0x7AC3,
    0x72A2, 0x7AE2, 0x8B62, 0x9C04, 0x9C24, 0x9403, 0x93E3, 0x93E2,
    0x9C42, 0x9C63, 0x9C63, 0x9C63, 0xA4C4, 0xAD25, 0x9CA4, 0x9CA3,
    0xB565, 0xC5C6, 0xA504, 0x8C23, 0xA504, 0xBDE5, 0xB5A5, 0x9CC3,
    0xA524, 0xC606, 0xBDE5, 0xB584, 0xAD64, 0xB584, 0xB584, 0xBDC5,
    0xCE46, 0xD666, 0xD626, 0xCE05, 0xCE05, 0xCDE5, 0xCDC5, 0xD5E5,
    0xE646, 0xE626, 0xD5A5, 0xDDC5, 0xE5E6, 0xE5C6, 0xD545, 0xD545,
    0xD544, 0xC4A4, 0xB423, 0xB403, 0xC443, 0xCC84, 0xCC64, 0xB3C2,
    0xA362, 0xA342, 0xA302, 0x92C1, 0x92C1, 0x92C1, 0x8A61, 0x8241,
    0x8A61, 0x9281, 0x7A00, 0x5980, 0x4900, 0x40E0, 0x1840, 0x0000,
    0x9841, 0x9861, 0x9080, 0x8880, 0x9080, 0x98C1, 0x98C1, 0xA0E1,
    0xB122, 0xD1A3, 0xFA65, 0xF245, 0xE224, 0xE244, 0xE2A4, 0xF2C4,
    0xFAA4, 0xDA63, 0x91A1, 0x6960, 0xBA63, 0xDB04, 0xC2C3, 0xB283,
    0xAA82, 0xA262, 0x9A62, 0xAAC3, 0xCB44, 0xD385, 0xC364, 0xB323,
    0xB343, 0xAB43, 0xAB42, 0xA342, 0x9B42, 0x9B42, 0xA383, 0xBC24,
    0xDD05, 0xFDC7, 0xF5A7, 0xCCE5, 0xC4C5, 0xCCE6, 0xB484, 0x9C03,
    0x8BA3, 0x93C4, 0x9404, 0x9404, 0x9423, 0xACE4, 0xB504, 0xA4A3,
    0x9463, 0x9CC3, 0xA4E4, 0x9484, 0xA4E4, 0xAD44, 0xA504, 0xA524,
    0xB5A5, 0xC606, 0xC606, 0xBDC5, 0xBDC5, 0xCE46, 0xD667, 0xCE26,
    0xBDE5, 0xBDE5, 0xCE25, 0xCE25, 0xBDA4, 0xC5C5, 0xD646, 0xD626,
    0xD605, 0xDE26, 0xDE46, 0xEE87, 0xEE87, 0xDE05, 0xDDC5, 0xDDC5,
    0xDDC5, 0xD565, 0xC4E4, 0xBC83, 0xBC83, 0xB443, 0xBC23, 0xC464,
    0xBC23, 0xABC3, 0xAB82, 0xB3A2, 0xAB62, 0x9B02, 0xA302, 0xA302,
    0x9AE2, 0x9281, 0x9AC2, 0x9AA1, 0x8221, 0x79E0, 0x61A0, 0x4940,
    0x4920, 0x2060, 0x0000, 0x8020, 0x9861, 0xC0A2, 0xD0E2, 0xD102,
    0xC102, 0xB0E2, 0xA902, 0xA102, 0xA102, 0xB962, 0xC9A2, 0xD203,
    0xE224, 0xE223, 0xE2E5, 0xDBA8, 0xDB45, 0xF2C3, 0xFB03, 0xF304,
    0xC2C3, 0xBAA3, 0xCAE4, 0xCAE4, 0xC304, 0xCB44, 0xD365, 0xBB24,
    0xAAC3, 0xA2C3, 0x9282, 0x7A41, 0x92C2, 0xAB43, 0xAB63, 0xA363,
    0x9B43, 0x8B03, 0x82A2, 0x7262, 0x72A2, 0x7B02, 0x8303, 0x8B63,
    0x9BC3, 0x9BE4, 0x9BE4, 0x93E3, 0x9C23, 0x9C43, 0x9C43, 0x8BE3,
    0x9423, 0x9C64, 0x9C83, 0x83C3, 0x8C03, 0xAD25, 0xC5E5, 0xBDA4,
    0xAD65, 0xBDA5, 0xB5C5, 0xAD44, 0xAD44, 0xC606, 0xCE66, 0xBDE5,
    0xAD64, 0xB5A5, 0xC626, 0xC606, 0xC606, 0xCE06, 0xCE26, 0xCE26,
    0xCE06, 0xCE26, 0xDE46, 0xE6A7, 0xDE46, 0xC585, 0xCDA5, 0xE626,
    0xE626, 0xE606, 0xDDC5, 0xDDC5, 0xF606, 0xEDC6, 0xCCE4, 0xCCA4,
    0xBC63, 0xBC23, 0xBC23, 0xB403, 0xB3E3, 0xB3C3, 0xB3A3, 0xB383,
    0xAB62, 0xA322, 0xA302, 0xA2E2, 0x8A61, 0x8240, 0x8240, 0x7A00,
    0x71E0, 0x69A0, 0x6180, 0x5140, 0x2060, 0x0000, 0x9041, 0x9060,
    0x9881, 0x9881, 0xA0A1, 0xA8C1, 0xA8E1, 0xB922, 0xD163, 0xD1A3,
    0xD1C3, 0xC9C3, 0xC9E3, 0xC1C3, 0xD223, 0xEA43, 0xEA21, 0xE283,
    0xD2C4, 0xD2C3, 0xD2C3, 0xDAE4, 0xD2E4, 0xBA83, 0xD304, 0xDB45,
    0xA2A3, 0xBB04, 0xD384, 0xDBC4, 0xE405, 0xDBE5, 0xC384, 0xC3A3,
    0xBBA3, 0xBBC3, 0xC3E4, 0xB3A4, 0xB3E4, 0xCC64, 0xCCA5, 0xBC65,
    0xAC25, 0xBC86, 0xBC65, 0xA424, 0xA425, 0xAC84, 0xAC84, 0xAC84,
    0xB4C4, 0xACC4, 0xA464, 0x9443, 0x9C63, 0xA4E4, 0xB525, 0xAD04,
    0x9484, 0x9463, 0xB586, 0xC606, 0xAD45, 0xB585, 0xBDE5, 0xBDC6,
    0xC605, 0xCE26, 0xCE67, 0xD6A6, 0xDEE7, 0xEF48, 0xF768, 0xDEC6,
    0xCE24, 0xCE26, 0xDEA7, 0xE6C7, 0xE6A6, 0xDE66, 0xD646, 0xDE46,
    0xDE45, 0xCDC5, 0xCD85, 0xD5A5, 0xD585, 0xD585, 0xD565, 0xC4E4,
    0xCCE4, 0xDD45, 0xE585, 0xE565, 0xD4E4, 0xC443, 0xBC03, 0xB3E3,
    0xA362, 0x9B22, 0xA322, 0xAB42, 0x92E2, 0x92C2, 0xA302, 0xA2E1,
    0x9AC1, 0x8A61, 0x71E0, 0x6180, 0x5980, 0x5960, 0x38E0, 0x0820,
    0x0000, 0x7820, 0x9040, 0x9881, 0x9081, 0x98A1, 0xB0E2, 0xC122,
    0xB102, 0xA922, 0xB963, 0xD9E3, 0xC9E2, 0xB9C1, 0xC9E1, 0xF2A3,
    0xD263, 0x7960, 0x9202, 0xB263, 0xBA43, 0xE2E5, 0xEB25, 0xCAE4,
    0xAA83, 0xDB65, 0xFBC6, 0xB2E4, 0xB2E3, 0xC344, 0xBB44, 0xAB03,
    0x9AC1, 0xA301, 0xCBE3, 0xCC04, 0xC3E4, 0xD464, 0xE4C5, 0xE4E5,
    0xDCC6, 0xDCC7, 0xE507, 0xDD06, 0xCD06, 0xCD06, 0xCD26, 0xC4E5,
    0xB483, 0xB484, 0xBCC5, 0xAC85, 0xACC4, 0xC585, 0xCDC6, 0xC585,
    0xC5A5, 0xD647, 0xCE26, 0xCE06, 0xDEC8, 0xEF28, 0xEF48, 0xF788,
    0xEF68, 0xE748, 0xE728, 0xDF07, 0xE727, 0xEF87, 0xF788, 0xEF47,
    0xE727, 0xEF68, 0xFFAB, 0xFFCB, 0xFF88, 0xEF27, 0xF727, 0xFF68,
    0xF727, 0xEEE6, 0xF6E6, 0xFF27, 0xEE85, 0xD5A4, 0xCD65, 0xD585,
    0xCD65, 0xC505, 0xD545, 0xEDE6, 0xFE26, 0xFE06, 0xF5A5, 0xED45,
    0xD4C4, 0xCC63, 0xC443, 0xBBE3, 0xAB62, 0x9B22, 0x9B02, 0xA302,
    0xA302, 0x9AE1, 0x8A81, 0x8241, 0x7A21, 0x7A00, 0x7A00, 0x6180,
    0x40E0, 0x28A0, 0x1040, 0x0800, 0x8820, 0x8861, 0x8861, 0x7840,
    0x9080, 0xB0C1, 0xA0C0, 0x7080, 0x78A0, 0x98E0, 0x98E0, 0x7080,
    0x68A0, 0x8920, 0xB1C1, 0xA9A1, 0x7141, 0x8162, 0xB203, 0xCA84,
    0xAA42, 0x81A1, 0x89E1, 0xAA63, 0xAA62, 0x91E1, 0x79A1, 0xA283,
    0xBB23, 0xC343, 0xCB63, 0xCBA3, 0xB363, 0xA304, 0x92E2, 0xA361,
    0xC402, 0xC404, 0xCC46, 0xD4A7, 0xBC25, 0xD4E6, 0xFDE7, 0xEDA6,
    0xD4E4, 0xC4A2, 0xD545, 0xE5E7, 0xE627, 0xDDC6, 0xCD65, 0xCD85,
    0xD606, 0xCDE6, 0xCDC6, 0xCDC6, 0xCDE6, 0xE6C8, 0xFF88, 0xEF07,
    0xCE26, 0xCE46, 0xEF48, 0xF788, 0xEF88, 0xF7A8, 0xEF68, 0xF789,
    0xFFC9, 0xFFEA, 0xFFE9, 0xFFC8, 0xFFC8, 0xFFED, 0xFFED, 0xFFA9,
    0xFF87, 0xFF68, 0xFF89, 0xFF89, 0xFF67, 0xFF47, 0xFF8B, 0xFF4A,
    0xFF08, 0xFEC6, 0xF665, 0xF625, 0xF646, 0xFE87, 0xFE46, 0xF606,
    0xFE47, 0xFE06, 0xED65, 0xDCE4, 0xD4A4, 0xD483, 0xC423, 0xB3A3,
    0xA342, 0x9B22, 0x9AE2, 0x92C1, 0x92A1, 0x8A81, 0x8A61, 0x7A20,
    0x69C0, 0x5980, 0x5120, 0x40C0, 0x2060, 0x0820, 0x0800, 0xA061,
    0xA061, 0xB8A1, 0xD0E2, 0xC943, 0xB964, 0xD184, 0xFA25, 0xFA45,
    0xFA44, 0xFB07, 0xFB48, 0xF307, 0xF285, 0xE285, 0xEAC5, 0xFB05,
    0xFB04, 0xE2A3, 0xCA83, 0xDAC4, 0xEB26, 0xEB26, 0xEB46, 0xF408,
    0xFCCA, 0xFCEA, 0xFCA7, 0xFC03, 0xEBC3, 0xF465, 0xE445, 0xD3C4,
    0xEC65, 0xE464, 0xDC44, 0xF506, 0xFD48, 0xF548, 0xED46, 0xF545,
    0xFE09, 0xFF0F, 0xFF51, 0xFF2E, 0xFECA, 0xFEAA, 0xFE89, 0xFEA8,
    0xF687, 0xF6A7, 0xF688, 0xF6A8, 0xF6E8, 0xF708, 0xF728, 0xF728,
    0xE6E7, 0xCE26, 0xB565, 0xC606, 0xDEA7, 0xDEC7, 0xDEE6, 0xEF47,
    0xF7A8, 0xF789, 0xEF88, 0xEF88, 0xF7A8, 0xFFC9, 0xFFCA, 0xF7A9,
    0xF787, 0xFF87, 0xFFA9, 0xF768, 0xF727, 0xEF06, 0xEEE7, 0xF707,
    0xF707, 0xF707, 0xFF28, 0xFF08, 0xFEC6, 0xFEC7, 0xFEC8, 0xFEA7,
    0xFE25, 0xFE06, 0xFE47, 0xFE27, 0xF5C6, 0xF585, 0xED25, 0xDCC4,
    0xD4A4, 0xD464, 0xCC23, 0xB3A2, 0xA322, 0x92C1, 0x92C1, 0x92C1,
    0x9281, 0x8241, 0x71E0, 0x61A0, 0x5980, 0x5160, 0x4920, 0x38E0,
    0x1840, 0x0800, 0x8040, 0x9861, 0xA081, 0x9081, 0x8081, 0x7881,
    0x6860, 0x7881, 0xA103, 0xC163, 0xB982, 0xA941, 0xB982, 0xE203,
    0xF2A4, 0xE2C5, 0xD284, 0xE284, 0xEAE6, 0xF3A8, 0xFC48, 0xFCCA,
    0xFD2C, 0xFCCA, 0xF447, 0xFC06, 0xFC26, 0xF489, 0xE4AA, 0xEC68,
    0xEBC4, 0xEC23, 0xECC6, 0xF4C6, 0xF4A6, 0xE466, 0xE4A6, 0xDC85,
    0xF526, 0xFE0A, 0xFE0A, 0xF5A8, 0xE547, 0xE587, 0xE5C7, 0xE5C6,
    0xE5C5, 0xEE05, 0xF647, 0xEE48, 0xEE68, 0xE647, 0xDE25, 0xD605,
    0xD606, 0xD606, 0xD606, 0xD626, 0xD687, 0xE6C7, 0xE6E7, 0xE6E6,
    0xE707, 0xE728, 0xDEC7, 0xCE86, 0xCE85, 0xDEE6, 0xE727, 0xEF47,
    0xEF68, 0xEF48, 0xE727, 0xEF28, 0xF748, 0xF768, 0xF768, 0xFF68,
    0xFF68, 0xF728, 0xEEE7, 0xEEC6, 0xF6C6, 0xF6A6, 0xF6A6, 0xFEA6,
    0xFF09, 0xFEA8, 0xE5C5, 0xE5A5, 0xEDE5, 0xEDC5, 0xE544, 0xE565,
    0xF5A5, 0xFDA5, 0xE4E4, 0xD484, 0xD484, 0xD443, 0xB3A2, 0x9AE1,
    0x92E1, 0x9AE2, 0xA302, 0xA2C1, 0xA2C1, 0x9281, 0x7A00, 0x61A0,
    0x5140, 0x4900, 0x4900, 0x2060, 0x0000, 0x9040, 0x9060, 0x9881,
    0x9861, 0xB8C2, 0xC922, 0xC122, 0xB101, 0xA921, 0xB141, 0xA141,
    0xA982, 0xB9C3, 0xB1A2, 0xB9A2, 0xC1E3, 0xCA23, 0xBA23, 0xAA03,
    0xB222, 0xD262, 0xDAA2, 0xC261, 0x9A01, 0x9202, 0xAA83, 0xBAE2,
    0x8A20, 0x8200, 0xB2E2, 0xC323, 0xDBE4, 0xEC86, 0xDC25, 0xC3C3,
    0xB383, 0xB3A4, 0xB3C4, 0xBC04, 0xC404, 0xBC24, 0xCCA5, 0xDD05,
    0xCCC4, 0xB443, 0xB464, 0xC4E6, 0xD566, 0xD5A6, 0xCD85, 0xD5C5,
    0xCDA5, 0xB504, 0x9C64, 0x9C64, 0xAD04, 0xB545, 0xB545, 0xB585,
    0xC5E5, 0xD646, 0xD666, 0xCE45, 0xBE05, 0xBE05, 0xCE45, 0xCE85,
    0xD6A6, 0xD6A6, 0xDEE7, 0xEF68, 0xF788, 0xF768, 0xF768, 0xF748,
    0xEF48, 0xEF28, 0xF728, 0xEF07, 0xEEE7, 0xF727, 0xFF48, 0xFF27,
    0xF6A6, 0xE625, 0xDDC5, 0xD585, 0xD5A5, 0xE5E5, 0xDD85, 0xD565,
    0xDD45, 0xDD24, 0xBC63, 0xA3C2, 0xB403, 0xCC63, 0xD484, 0xC423,
    0xBBE3, 0xB3A2, 0xB382, 0xC3A3, 0xBB63, 0x9AE1, 0x8A60, 0x8240,
    0x8A61, 0x9261, 0x7A00, 0x6180, 0x5140, 0x40E0, 0x2060, 0x0820,
    0x7020, 0x8841, 0xA8A1, 0xB8A1, 0xB8E2, 0xB922, 0xC983, 0xE1E4,
    0xFA25, 0xF225, 0xD9C3, 0xD1A2, 0xDA03, 0xEA64, 0xEA84, 0xEAA4,
    0xF2A4, 0xE2A4, 0xE2A4, 0xEAE5, 0xE325, 0xCAC4, 0xC2C4, 0xEB65,
    0xFBC6, 0xE365, 0xB2E3, 0xA2A3, 0xBB04, 0xCB64, 0xB324, 0x9AC2,
    0x92C2, 0xAB43, 0xC3C4, 0xC3E4, 0xC3E4, 0xD465, 0xDCC5, 0xDCC5,
    0xE505, 0xDD06, 0xCCC6, 0xBCA5, 0xCCE6, 0xDD47, 0xD546, 0xC505,
    0xB4C4, 0xAC85, 0xB4C5, 0xB4C5, 0xACC4, 0xBD25, 0xB525, 0xA4C4,
    0xAD05, 0xB545, 0xAD44, 0xAD04, 0xB545, 0xB565, 0xB584, 0xA523,
    0xAD84, 0xC5E6, 0xB585, 0xB584, 0xBE05, 0xD686, 0xDEC7, 0xDEC7,
    0xE707, 0xEF47, 0xEF48, 0xE6E7, 0xEEE7, 0xE6C7, 0xE6A7, 0xF6E7,
    0xFF47, 0xFF27, 0xF6C6, 0xEE86, 0xE646, 0xDDE6, 0xC505, 0xBD04,
    0xD565, 0xCD24, 0xCCE4, 0xCCC4, 0xCCC4, 0xB423, 0xA3C2, 0xB403,
    0xB403, 0xB3C2, 0xAB82, 0xB3C3, 0xB3A3, 0xA322, 0x92C1, 0x92A0,
    0x92A1, 0x8261, 0x7A00, 0x7A20, 0x8A40, 0x61A0, 0x4100, 0x38C0,
    0x4920, 0x30A0, 0x0820, 0x6000, 0x5800, 0x6040, 0x9080, 0xA8C1,
    0xA8C1, 0xA8A1, 0xB0E1, 0xB922, 0xB162, 0xB982, 0xB181, 0xB9C1,
    0xD202, 0xE243, 0xE263, 0xE2A3, 0xF303, 0xDAC3, 0xBA22, 0xBA63,
    0xD2C4, 0xCAE4, 0xB2A3, 0xAAA2, 0xB2C3, 0xB2C3, 0xB2C3, 0xAAC2,
    0xAAE2, 0xAAE3, 0xBB43, 0xC364, 0xBB84, 0xBBA3, 0xB3A3, 0xAB83,
    0xAB83, 0xB3C3, 0xABC3, 0xA3C3, 0xB404, 0xC485, 0xC4A5, 0xBC85,
    0xB464, 0xB4A5, 0xBCC5, 0xC525, 0xCD45, 0xBD04, 0xBD05, 0xBD46,
    0xACE5, 0x9423, 0x83C2, 0x8C23, 0x9CA4, 0x9CA4, 0x9463, 0x9463,
    0x9CC4, 0xAD44, 0xA504, 0xA504, 0xA524, 0xA503, 0xAD44, 0xAD85,
    0xB585, 0xBDC5, 0xCE25, 0xD686, 0xDEC7, 0xE6E7, 0xE707, 0xE6C7,
    0xE6C7, 0xEEE7, 0xEEE7, 0xE686, 0xDE66, 0xE686, 0xF6E7, 0xFEC7,
    0xF687, 0xDDE5, 0xDDC5, 0xEE06, 0xEDE6, 0xD525, 0xB443, 0xBC63,
    0xB443, 0xAC02, 0xABE2, 0xB3C2, 0xB3C3, 0xA383, 0xAB62, 0xAB62,
    0xA342, 0xA302, 0x9AE1, 0x92A1, 0x8A60, 0x8A61, 0x8A41, 0x8221,
    0x61A0, 0x5140, 0x4900, 0x5120, 0x2060, 0x0000, 0x6800, 0x7840,
    0x9061, 0x8060, 0x7860, 0x88A1, 0xA0E2, 0x98E2, 0x90E1, 0x9921,
    0xA162, 0xB182, 0xB9C2, 0xC1C2, 0xB1C2, 0x9180, 0x7140, 0x8162,
    0xA1E3, 0xB243, 0xCAA3, 0xA241, 0x79C0, 0x81C0, 0x9A22, 0xAAA3,
    0xBAE3, 0xCB24, 0xD365, 0xCB85, 0xC364, 0xAAE3, 0x92A2, 0x92C3,
    0x92C2, 0x8AC2, 0x9303, 0x9B43, 0xA384, 0xB3E4, 0xC465, 0xD4C5,
    0xC4C5, 0xBC84, 0xA3C3, 0x8B83, 0x93E3, 0xA424, 0xA444, 0xAC64,
    0xA464, 0x9403, 0x8382, 0x8C02, 0xA4A4, 0xACE5, 0x9C63, 0x9443,
    0x9CA3, 0x9CC4, 0x94A3, 0x9483, 0x9CA3, 0x8422, 0x7C02, 0x9CC4,
    0xB5A5, 0xB584, 0x9CE3, 0x9D04, 0xC605, 0xD686, 0xC606, 0xB584,
    0xC5E5, 0xE6E7, 0xE6C7, 0xDE86, 0xDE66, 0xD626, 0xDE46, 0xE686,
    0xE666, 0xE646, 0xDE05, 0xDDE5, 0xDDE5, 0xE5E6, 0xDDA5, 0xBCC4,
    0xA403, 0xA3E3, 0xB443, 0xAC02, 0x9362, 0x9342, 0x9342, 0xA382,
    0xA362, 0xAB82, 0xAB62, 0xA322, 0xAB42, 0xAB22, 0x9AE1, 0x8A61,
    0x8241, 0x8241, 0x8240, 0x8200, 0x71C0, 0x5160, 0x38E0, 0x1020,
    0x0000, 0x7020, 0x8040, 0x9060, 0x8060, 0x7881, 0x90A1, 0xB0E2,
    0xC122, 0xB942, 0xA941, 0x8901, 0x8100, 0x9161, 0xB1C2, 0xCA03,
    0xE264, 0xF2A4, 0xE2A4, 0xD2A3, 0xCAA3, 0xD2C4, 0xBA83, 0xA242,
    0xA242, 0x9A62, 0x9A42, 0x8A42, 0x8A22, 0x9A83, 0xAB03, 0xA2C3,
    0x92A3, 0x92C3, 0xAB24, 0xB364, 0xB384, 0xB384, 0xA363, 0x9323,
    0x9343, 0x9B83, 0xA3A3, 0xA3C4, 0xAC24, 0xAC44, 0x9BE4, 0x8B83,
    0x8BA3, 0x8BA3, 0x7B62, 0x7B62, 0x8382, 0x83A2, 0x83E3, 0x6B21,
    0x5AA1, 0x7B82, 0x9483, 0x9CA4, 0x9463, 0x9CC4, 0x9CE4, 0x9CE4,
    0xAD64, 0xB564, 0xA503, 0xA503, 0xB5A4, 0xCE26, 0xC626, 0xBDE5,
    0xBDE5, 0xCE25, 0xD666, 0xD666, 0xD666, 0xD666, 0xDE66, 0xD646,
    0xD645, 0xDE85, 0xE666, 0xD605, 0xCDA5, 0xCDA5, 0xDDC5, 0xDDA6,
    0xDDA5, 0xD544, 0xBC83, 0xAC22, 0xA402, 0xA3C2, 0x9362, 0x8B42,
    0xA3A3, 0xA3A3, 0x9B62, 0x9B42, 0xA342, 0x9B22, 0x8AC1, 0x92E1,
    0x92C1, 0x9AC2, 0xA2E2, 0x9281, 0x8240, 0x9261, 0x8220, 0x5960,
    0x38E0, 0x30C0, 0x1840, 0x0000, 0x6000, 0x6820, 0x8060, 0x9080,
    0xA8C1, 0xA8C1, 0x98C1, 0xA901, 0xA101, 0x9101, 0xB162, 0xC1C2,
    0xB9C2, 0xB1A2, 0xB1E2, 0xC223, 0xC222, 0xBA22, 0xBA43, 0xC263,
    0xDAE4, 0xE304, 0xD304, 0xBAA3, 0xBAC3, 0xCB03, 0xC303, 0xCB44,
    0xC344, 0xBB44, 0xB303, 0xC364, 0xD3E4, 0xCBC4, 0xB363, 0x9B03,
    0x9B03, 0xABA3, 0xD485, 0xED27, 0xC465, 0xBC45, 0xDD26, 0xCCE6,
    0xBC65, 0xB465, 0xBCA4, 0xAC84, 0xAC84, 0xBCE5, 0xC546, 0xBD25,
    0xACC4, 0xB525, 0xBD65, 0xBD45, 0xAD24, 0xA4E4, 0x9CC4, 0xA4E4,
    0x9CA3, 0x9483, 0x94A3, 0xB584, 0xC5E5, 0xBDC5, 0xB5A5, 0xBDE5,
    0xC625, 0xC625, 0xBE05, 0xC605, 0xCE66, 0xD686, 0xD686, 0xCE46,
    0xD686, 0xDE86, 0xD645, 0xD646, 0xD626, 0xDE06, 0xDE26, 0xD5E5,
    0xD5C5, 0xE606, 0xE5E6, 0xC504, 0x9BE2, 0x93A2, 0xA403, 0xA403,
    0xA3E3, 0x9362, 0x8B21, 0x9362, 0x9B62, 0xA362, 0xA383, 0xA363,
    0xA342, 0xAB42, 0xAB43, 0x9AE2, 0x9AC1, 0xA2E2, 0x92A1, 0x8241,
    0x7A01, 0x71E0, 0x5960, 0x38E0, 0x30C0, 0x1020, 0x0000, 0x5000,
    0x6020, 0x7860, 0x8061, 0x8881, 0x90A1, 0x80A1, 0x90E1, 0xA101,
    0xA942, 0xC1A2, 0xB9A2, 0xB9A2, 0xB9C2, 0xB9E3, 0xB1C3, 0xA9C2,
    0xB203, 0xAA02, 0x91E1, 0x79C0, 0x81C1, 0x89E2, 0x9222, 0xB2A3,
    0xC304, 0xB2C2, 0xC323, 0xC343, 0xB303, 0xC363, 0xCBA4, 0xBB83,
    0xA322, 0x9B02, 0xAB63, 0xC405, 0xBBE5, 0xABC4, 0xABC4, 0x8B22,
    0x7AC2, 0x7AE2, 0x7AE2, 0x8B82, 0x9BE2, 0x8362, 0x8362, 0x93E4,
    0xA424, 0xA443, 0xA463, 0x9C63, 0x8C03, 0x8C23, 0xA4C4, 0xAD04,
    0xA4C4, 0xA4C3, 0xB584, 0xC625, 0xCE25, 0xBDE4, 0xBDE5, 0xBDE5,
    0xBDC5, 0xC626, 0xC605, 0xBE05, 0xD686, 0xDEC6, 0xD686, 0xCE65,
    0xDEA6, 0xCE45, 0xBDA4, 0xD645, 0xDE86, 0xCE05, 0xCE05, 0xD605,
    0xCDE5, 0xD605, 0xDE05, 0xDE06, 0xD5C5, 0xC524, 0xAC63, 0xA422,
    0xAC63, 0xB443, 0xAC23, 0xAC23, 0xA3E2, 0xA3C2, 0xB3E2, 0xABC2,
    0xABA2, 0xABA2, 0xAB62, 0xA342, 0xAB62, 0xBB82, 0xAB22, 0x8A81,
    0x7A21, 0x8241, 0x8A61, 0x7A00, 0x61C0, 0x5140, 0x38C0, 0x2060,
    0x0800, 0x0000, 0x7820, 0x7840, 0x8060, 0x8060, 0x9081, 0x98A1,
    0xA8E1, 0xC142, 0xB942, 0x9121, 0x8901, 0xA962, 0xC9C3, 0xC1C3,
    0xB9C2, 0xC203, 0xD243, 0xD283, 0xCA84, 0xD2A5, 0xE2E5, 0xE304,
    0xEB44, 0xFBA4, 0xEB84, 0xCB23, 0xC303, 0xBB03, 0xBB03, 0xB302,
    0xB323, 0xAB24, 0xB344, 0xD405, 0xE466, 0xDC25, 0xC404, 0xBC04,
    0xCC65, 0xD4A6, 0xCC85, 0xC465, 0xC4A5, 0xD506, 0xB465, 0xA405,
    0xC4C6, 0xE5C6, 0xE606, 0xCD85, 0xB504, 0xBD45, 0xDE07, 0xE667,
    0xD606, 0xC5A5, 0xCE26, 0xD666, 0xCE46, 0xC5E5, 0xC605, 0xC605,
    0xBDE5, 0xBDC5, 0xBDE5, 0xC605, 0xC625, 0xC645, 0xB5A5, 0x94A3,
    0xAD44, 0xD685, 0xD686, 0xCE46, 0xD666, 0xE6E7, 0xEF07, 0xDEA6,
    0xD626, 0xDE66, 0xDE46, 0xDE46, 0xE666, 0xCDC5, 0xCD85, 0xE606,
    0xEE26, 0xD585, 0xB483, 0xB482, 0xC4C3, 0xC4C3, 0xC4A2, 0xBC62,
    0xC442, 0xCC83, 0xCC63, 0xC443, 0xBBE2, 0xB3A1, 0xB3A1, 0xBBA2,
    0xC3E2, 0xBB82, 0xA302, 0x8A81, 0x7A01, 0x7A00, 0x71E0, 0x38E0,
    0x1840, 0x2060, 0x2080, 0x0820, 0x0000, 0x7020, 0x9061, 0xA881,
    0xA081, 0xA0E2, 0xB963, 0xD183, 0xD963, 0xC943, 0xC983, 0xE203,
    0xE223, 0xCA03, 0xB9E3, 0xC244, 0xCA43, 0xC243, 0xC283, 0xBA63,
    0x91A1, 0x7940, 0x91E2, 0xB2A4, 0x9A64, 0x9242, 0xA281, 0xB2E2,
    0xCB44, 0xCB44, 0xC383, 0xE405, 0xEC45, 0xCBC4, 0xAB43, 0xB364,
    0xDC45, 0xECC7, 0xD466, 0xC445, 0xDCC6, 0xE527, 0xDCE6, 0xBC65,
    0xBC85, 0xCCE4, 0xDD65, 0xE5A6, 0xD566, 0xCD65, 0xD5A6, 0xDDC6,
    0xD5A6, 0xC5A5, 0xC5A5, 0xD606, 0xDE46, 0xC5C5, 0xC5E5, 0xCE26,
    0xC5C5, 0xC605, 0xCE46, 0xCE47, 0xBDC5, 0xBDE5, 0xDEA6, 0xDEE7,
    0xDEA6, 0xCE66, 0xC625, 0xDEE6, 0xE726, 0xCE66, 0xD6A7, 0xE728,
    0xEF28, 0xDEC7, 0xE6C6, 0xEEC6, 0xE686, 0xDE86, 0xDE65, 0xDE25,
    0xDE05, 0xE625, 0xE625, 0xE605, 0xE5E5, 0xE5A4, 0xE5A3, 0xE5A3,
    0xE584, 0xDD43, 0xDD23, 0xE523, 0xDD03, 0xD4A3, 0xD483, 0xE4A3,
    0xE4A3, 0xD443, 0xCBE2, 0xC3C2, 0xBB82, 0xAB02, 0x9281, 0x7200,
    0x69C0, 0x69C0, 0x4940, 0x38C0, 0x30A0, 0x2060, 0x0000, 0x0000,
    0x6000, 0x6000, 0x7860, 0x9881, 0xB0A1, 0xB0A1, 0xB8E1, 0xC121,
    0xD161, 0xD181, 0xC9A2, 0xC9A2, 0xD180, 0xD160, 0xC940, 0xD1A0,
    0xEA41, 0xE1E0, 0xE220, 0xDB66, 0xD3E8, 0xDB04, 0xE220, 0xCA81,
    0xDB44, 0xD343, 0xAAA1, 0xBAE1, 0xCB63, 0xBB23, 0xA2C3, 0xAB04,
    0xCBC5, 0xCBE5, 0xAB43, 0xA323, 0xD466, 0xECE7, 0xD486, 0xBC05,
    0xC465, 0xDD26, 0xE567, 0xD526, 0xCCE5, 0xCCE6, 0xCD06, 0xD545,
    0xD585, 0xD5A6, 0xDE06, 0xE626, 0xDE26, 0xCDC6, 0xCE06, 0xDE66,
    0xD645, 0xDE86, 0xE6C7, 0xD687, 0xC5E5, 0xC5E5, 0xDEC7, 0xE727,
    0xE707, 0xDEE7, 0xE727, 0xDF07, 0xDEE6, 0xE748, 0xEF68, 0xEF68,
    0xEF27, 0xEF47, 0xEF27, 0xEF27, 0xF747, 0xF747, 0xF747, 0xF707,
    0xEEC7, 0xF6C7, 0xF707, 0xFEE6, 0xF6A6, 0xF6A6, 0xF686, 0xFEA5,
    0xFE85, 0xF625, 0xEDC4, 0xEDA4, 0xF5C5, 0xF5C5, 0xF584, 0xED44,
    0xE4E4, 0xDCC4, 0xDC83, 0xC403, 0xCC03, 0xCC03, 0xBB82, 0xA322,
    0x9AE2, 0x8261, 0x7201, 0x7A00, 0x79E0, 0x5980, 0x28C0, 0x1860,
    0x2880, 0x1840, 0x0000, 0x9841, 0xB081, 0xD0C1, 0xD0C2, 0xC901,
    0xD983, 0xE9E5, 0xFA46, 0xF246, 0xE246, 0xF286, 0xFAA5, 0xFB68,
    0xFD50, 0xFE13, 0xFD8F, 0xFCEC, 0xFCCC, 0xFD90, 0xFDF2, 0xFD6E,
    0xFD0D, 0xF4EB, 0xEC88, 0xFBE5, 0xFBE5, 0xF447, 0xEC26, 0xEBE5,
    0xEBC4, 0xE404, 0xEC45, 0xEC45, 0xDC25, 0xF4A7, 0xFD27, 0xF507,
    0xE4C6, 0xE507, 0xF588, 0xF568, 0xED47, 0xED66, 0xF609, 0xF629,
    0xEDE8, 0xEDC7, 0xEE28, 0xEE69, 0xE5E7, 0xDE06, 0xE647, 0xE687,
    0xEEC7, 0xEEC7, 0xE6A7, 0xDE66, 0xE6C6, 0xEF07, 0xEF27, 0xEF47,
    0xF788, 0xFFC9, 0xF7A9, 0xEF27, 0xDEE7, 0xDEE7, 0xE728, 0xEF68,
    0xE727, 0xDEE6, 0xE706, 0xEF67, 0xF788, 0xF768, 0xEF67, 0xF767,
    0xFF68, 0xF747, 0xF727, 0xF727, 0xFF27, 0xFF07, 0xF6C6, 0xFEC6,
    0xFEE7, 0xFEC6, 0xFE86, 0xFE65, 0xFE46, 0xF606, 0xF5E5, 0xFE06,
    0xEDA5, 0xDD24, 0xDCE4, 0xD4C4, 0xD484, 0xCC23, 0xAB82, 0x9B21,
    0xAB42, 0xB362, 0xB343, 0x9AC2, 0x7A21, 0x7200, 0x71E0, 0x61A0,
    0x4940, 0x4100, 0x4100, 0x40E0, 0x1860, 0x0000, 0x6820, 0x7840,
    0x9060, 0x9881, 0x88C2, 0x9903, 0xB922, 0xC962, 0xA101, 0x7060,
    0x80C0, 0xA960, 0xC1C0, 0xB980, 0x6880, 0x48C0, 0x8A44, 0xC2E4,
    0xC326, 0xB389, 0xBB67, 0xE386, 0xFC07, 0xF427, 0xF3C5, 0xF363,
    0xF3A4, 0xFC05, 0xFC25, 0xF425, 0xDBE4, 0xDBE4, 0xE425, 0xC3A4,
    0xC3C4, 0xC3C4, 0xAB43, 0xC3E4, 0xE4A4, 0xECE5, 0xDCE6, 0xE526,
    0xFDA6, 0xF609, 0xF64A, 0xFE69, 0xFE89, 0xFECC, 0xFF2D, 0xFEE9,
    0xFEE8, 0xFEC8, 0xEEA7, 0xF6E8, 0xEEC7, 0xDE86, 0xD645, 0xDE86,
    0xDE86, 0xCE45, 0xE6C6, 0xEF27, 0xDEC6, 0xCE86, 0xDF07, 0xFFA8,
    0xEF68, 0xE727, 0xEF47, 0xEF67, 0xF768, 0xEF68, 0xEF47, 0xEF27,
    0xEF27, 0xEF47, 0xE707, 0xE6E7, 0xEEE7, 0xEEC6, 0xE686, 0xE666,
    0xE666, 0xEE86, 0xE625, 0xDDE5, 0xDDC5, 0xE5C5, 0xE5C5, 0xD565,
    0xD545, 0xDD64, 0xE564, 0xCCE3, 0xBC63, 0xC444, 0xBC03, 0xBBE3,
    0xB3A2, 0x9B22, 0x92E2, 0x92E2, 0x9B02, 0xA302, 0x92C2, 0x7A21,
    0x7200, 0x61A0, 0x4920, 0x4920, 0x5140, 0x5140, 0x30A0, 0x0820,
    0x0000, 0x8840, 0x8040, 0x8861, 0xA081, 0x9881, 0x9081, 0x98A1,
    0x90C0, 0xA142, 0xC9E3, 0xF223, 0xA941, 0x5880, 0x6901, 0x9181,
    0xD202, 0xEA84, 0xEA84, 0xDA22, 0xD201, 0xDA81, 0xCA82, 0xB221,
    0x9A01, 0x9A42, 0xB2C3, 0xC323, 0xCB43, 0xD384, 0xEBE5, 0xE3E5,
    0xDC05, 0xDC05, 0xD3E4, 0xDC45, 0xECA6, 0xE4E7, 0xEDCC, 0xF64E,
    0xF60C, 0xFD66, 0xFDA7, 0xFE4B, 0xFE49, 0xF5E6, 0xEDC6, 0xEE07,
    0xEDE6, 0xE5E5, 0xEE27, 0xFEA8, 0xFF08, 0xF6E8, 0xF708, 0xFF08,
    0xF6E8, 0xEEC8, 0xE6E7, 0xEF27, 0xEF27, 0xE707, 0xE707, 0xEF68,
    0xEF48, 0xEF48, 0xEF68, 0xEF68, 0xEF68, 0xEF48, 0xEF68, 0xEF68,
    0xEF47, 0xEF27, 0xEF27, 0xEF27, 0xF747, 0xEEE7, 0xDE66, 0xD646,
    0xDE45, 0xDE65, 0xD625, 0xC584, 0xCDA5, 0xD5C5, 0xD585, 0xCD65,
    0xCD44, 0xCD24, 0xC4E3, 0xB463, 0xB463, 0xD504, 0xCCC4, 0xB423,
    0xABE3, 0x9B83, 0xABC2, 0xC423, 0xAB83, 0x9B03, 0x9AE2, 0x9B01,
    0x92A1, 0x8261, 0x7A41, 0x9AA1, 0x9260, 0x5980, 0x38E0, 0x4920,
    0x5960, 0x38E0, 0x1020, 0x0800, 0x8020, 0x9061, 0xA081, 0xB0A1,
    0xC8C2, 0xF184, 0xFA26, 0xFA05, 0xF205, 0xEA65, 0xF285, 0xFAC5,
    0xFB47, 0xFBC9, 0xFB67, 0xFAE5, 0xEAE5, 0xF326, 0xFB46, 0xEB26,
    0xDB46, 0xEB67, 0xFBE7, 0xFC47, 0xFC87, 0xFC46, 0xF3E5, 0xEBC4,
    0xEBE4, 0xF425, 0xFC86, 0xFC86, 0xF485, 0xFCC5, 0xF4E5, 0xED07,
    0xFD89, 0xFD87, 0xFD87, 0xFE0A, 0xFE4C, 0xFE09, 0xF5A6, 0xEDA6,
    0xE5A7, 0xEDC7, 0xF648, 0xFEA8, 0xFEC9, 0xFEA8, 0xF687, 0xF687,
    0xF6E8, 0xF6E8, 0xF6C7, 0xF708, 0xFFAB, 0xFF8A, 0xEF07, 0xEF28,
    0xF769, 0xF788, 0xF788, 0xF788, 0xF768, 0xEF67, 0xEF68, 0xF7A8,
    0xF7A8, 0xF788, 0xEF47, 0xEF67, 0xF768, 0xEF27, 0xDEC6, 0xDE86,
    0xDEA6, 0xD666, 0xD645, 0xDE46, 0xEEC7, 0xE687, 0xCD85, 0xC544,
    0xCD64, 0xCD84, 0xE605, 0xDDC5, 0xCD24, 0xD545, 0xCD24, 0xC4C4,
    0xCCC4, 0xC4A4, 0xC463, 0xC443, 0xC443, 0xCC63, 0xCC43, 0xBBE3,
    0xA322, 0x92C2, 0x9B02, 0x92A1, 0x7A41, 0x7200, 0x69C0, 0x69E0,
    0x7200, 0x69A0, 0x4100, 0x30C0, 0x30C0, 0x2060, 0x0000, 0x7020,
    0x7840, 0x9080, 0x9881, 0x90A1, 0x7860, 0x8040, 0xA8C0, 0xC121,
    0xC962, 0xD1A3, 0xD1E4, 0xC1A2, 0xB981, 0xB9C2, 0xCA23, 0xDA63,
    0xEAA4, 0xE2A4, 0xCA84, 0xC263, 0xB242, 0xAA43, 0xC2C3, 0xC2A3,
    0xBAA2, 0xC303, 0xDB83, 0xD383, 0xB302, 0xBB42, 0xCBA3, 0xDC04,
    0xEC86, 0xEC65, 0xDC24, 0xECA5, 0xECC6, 0xF507, 0xFD46, 0xF546,
    0xED67, 0xF5A7, 0xF5E8, 0xF5E7, 0xF608, 0xF648, 0xFE68, 0xF647,
    0xE627, 0xEE88, 0xF6C8, 0xF6C7, 0xEEC7, 0xEEC7, 0xE6A7, 0xDE85,
    0xDE86, 0xE6E7, 0xEF28, 0xEF48, 0xEF68, 0xF768, 0xF7A8, 0xFFC9,
    0xFFE9, 0xF7A8, 0xEF67, 0xEF67, 0xEF67, 0xE706, 0xD686, 0xCE45,
    0xD686, 0xD686, 0xCE25, 0xBDA4, 0xCE05, 0xDE86, 0xC5A4, 0xAD03,
    0xBD24, 0xCDA5, 0xC584, 0xB4C3, 0xA463, 0xBD04, 0xCD44, 0xC524,
    0xDD85, 0xDD65, 0xD504, 0xD4E4, 0xD4E4, 0xD4C3, 0xD4C3, 0xDCC4,
    0xD4A4, 0xC403, 0xAB83, 0x92E2, 0x8AC2, 0xA343, 0xA322, 0x8A81,
    0x7200, 0x5980, 0x4960, 0x4940, 0x4100, 0x30C0, 0x1880, 0x1840,
    0x1020, 0x0800, 0x7820, 0x7840, 0x8060, 0x8840, 0xB0A1, 0xE164,
    0xF1E5, 0xD9C4, 0xC183, 0xB982, 0xB981, 0xD1C2, 0xEA23, 0xDA23,
    0xA9A3, 0xA1A2, 0xC243, 0xD284, 0xD284, 0xD284, 0xEB25, 0xF365,
    0xF365, 0xEB66, 0xD325, 0xC304, 0xBAE3, 0xCB44, 0xD384, 0xD384,
    0xDBC4, 0xEC24, 0xF465, 0xF485, 0xF4A5, 0xF4C6, 0xECE6, 0xE4A6,
    0xECE5, 0xFD66, 0xFE09, 0xF60A, 0xF5A7, 0xF5A6, 0xF5E6, 0xFE27,
    0xF604, 0xEE06, 0xEE47, 0xF666, 0xF665, 0xF686, 0xF6C7, 0xFF28,
    0xFF27, 0xF728, 0xFF8B, 0xFF8A, 0xF748, 0xEF47, 0xF768, 0xF769,
    0xEF48, 0xE727, 0xE727, 0xEF67, 0xEF67, 0xE727, 0xE707, 0xEF67,
    0xFFC8, 0xEF68, 0xD685, 0xD6A5, 0xEF26, 0xEF27, 0xDEA7, 0xCE05,
    0xBD84, 0xB524, 0xBD65, 0xC585, 0xBD43, 0xCD84, 0xDDE5, 0xDDC5,
    0xD5A4, 0xD584, 0xDD84, 0xD564, 0xDD63, 0xE5A4, 0xE584, 0xDD03,
    0xDCE3, 0xDCC4, 0xCC64, 0xB3C3, 0xA382, 0xA382, 0xC3E3, 0xDC44,
    0xCBE4, 0x9AE1, 0x7220, 0x61C0, 0x61C0, 0x61C0, 0x5980, 0x4120,
    0x38E0, 0x38C0, 0x2880, 0x0820, 0x0000, 0x7000, 0x8840, 0xA881,
    0xA881, 0xA8A1, 0xB0E2, 0xB922, 0xC142, 0xC962, 0xD182, 0xC9C3,
    0xA982, 0xA9A2, 0xEA84, 0xFAA4, 0xFAA4, 0xF306, 0xF326, 0xEAE5,
    0xE2A4, 0xE2E5, 0xDAE4, 0xD2C3, 0xD323, 0xE364, 0xF3C5, 0xF3E4,
    0xFC25, 0xEBE4, 0xD3A4, 0xD3C4, 0xE424, 0xEC45, 0xDC24, 0xECA6,
    0xFD07, 0xF507, 0xFD68, 0xFDE9, 0xFE0A, 0xFE4D, 0xFE4C, 0xFE09,
    0xFE6A, 0xFEEE, 0xFF30, 0xFEEC, 0xFF51, 0xFFB5, 0xFF90, 0xFF91,
    0xFFB1, 0xFF6F, 0xF74B, 0xF708, 0xF707, 0xFF69, 0xFF69, 0xEF28,
    0xEF08, 0xE707, 0xEF48, 0xF7A8, 0xF7A8, 0xF7A8, 0xF7A8, 0xEF47,
    0xE726, 0xEF47, 0xEF67, 0xE727, 0xE6E6, 0xDEE6, 0xD686, 0xCE25,
    0xC605, 0xD646, 0xE6A6, 0xEEE6, 0xE6A6, 0xEEA5, 0xE6A5, 0xDE24,
    0xE624, 0xE625, 0xE605, 0xE605, 0xEE25, 0xF624, 0xEDE4, 0xE5A4,
    0xE583, 0xE563, 0xE543, 0xD4C3, 0xBC23, 0xCC63, 0xCC63, 0xB3A2,
    0xA342, 0xA362, 0xAB42, 0x92C2, 0x8A81, 0x8261, 0x7200, 0x59A0,
    0x5980, 0x5980, 0x69C0, 0x4920, 0x1840, 0x2060, 0x2060, 0x1040,
    0x2800, 0x6020, 0x9060, 0x8881, 0x8081, 0x98C1, 0xB901, 0xB102,
    0xB122, 0xB962, 0xC9A3, 0xD1C3, 0xD1E3, 0xC9E3, 0xD202, 0xDA63,
    0xDA83, 0xF284, 0xFAE5, 0xFBA6, 0xFBE7, 0xFB86, 0xFB45, 0xEB65,
    0xEB85, 0xDB44, 0xC304, 0xCB44, 0xDB84, 0xE3E5, 0xEC04, 0xEC25,
    0xEC45, 0xE425, 0xEC65, 0xFCC6, 0xFD07, 0xFD47, 0xFDA8, 0xFDC9,
    0xFE0A, 0xF609, 0xF628, 0xFE6A, 0xF66B, 0xEE29, 0xF626, 0xFE44,
    0xF623, 0xE5E4, 0xDDC6, 0xDE06, 0xE644, 0xEEA5, 0xEEA7, 0xE688,
    0xDE67, 0xDE66, 0xDEC7, 0xE708, 0xDEC7, 0xD686, 0xDEA6, 0xDEE7,
    0xE707, 0xE728, 0xEF48, 0xEF69, 0xEF68, 0xEF67, 0xDEE6, 0xD685,
    0xCE65, 0xD665, 0xD666, 0xCE05, 0xC5E5, 0xCE45, 0xE6A6, 0xEEE6,
    0xEEE6, 0xEEA6, 0xEE86, 0xEE86, 0xEE65, 0xEE45, 0xEE25, 0xE5E5,
    0xD544, 0xBCC3, 0xC4E3, 0xCCE3, 0xBC62, 0xAC22, 0xBC23, 0xC443,
    0xBC03, 0xABA2, 0x9B42, 0x9B22, 0x92E1, 0x92E1, 0x9AE1, 0x8A81,
    0x6A00, 0x5980, 0x61A0, 0x69E0, 0x69C0, 0x69A0, 0x5140, 0x30A0,
    0x1860, 0x0800, 0x0000, 0x9041, 0x9861, 0x9881, 0x8861, 0x98A1,
    0xA8E1, 0xB902, 0xB922, 0xB942, 0xB962, 0xC9A2, 0xD9E3, 0xD202,
    0xC1C2, 0xCA03, 0xCA23, 0xB202, 0xCA84, 0xD2C5, 0xBA43, 0xA9E2,
    0xB263, 0xC2C4, 0xB2A4, 0x9A43, 0x9A63, 0xBAE3, 0xE3C4, 0xEBE4,
    0xCB84, 0xB324, 0xC365, 0xEC46, 0xFCE7, 0xF4A7, 0xDC45, 0xD465,
    0xDC65, 0xD465, 0xCC44, 0xDCA5, 0xDCE5, 0xDCE5, 0xE545, 0xED85,
    0xEDA6, 0xEE07, 0xEE48, 0xEE68, 0xE648, 0xEE67, 0xF6A7, 0xEE88,
    0xDE48, 0xDE67, 0xE6A7, 0xE6C8, 0xD667, 0xCE26, 0xCE66, 0xDE87,
    0xDEA6, 0xD6A7, 0xD6A7, 0xD6A7, 0xDEC7, 0xE707, 0xE707, 0xE706,
    0xE727, 0xEF67, 0xF788, 0xF768, 0xE6E7, 0xDEA6, 0xE6E7, 0xE6E7,
    0xE6A7, 0xE686, 0xE6A6, 0xDE86, 0xE666, 0xEEA6, 0xE666, 0xDE06,
    0xD5C5, 0xDDE6, 0xDDC5, 0xCD44, 0xBCA3, 0xB483, 0xBC84, 0xBC64,
    0xB423, 0xB403, 0xB403, 0xA3A2, 0x9342, 0xA362, 0xB3A2, 0xB382,
    0xA321, 0x92E1, 0x7A61, 0x7200, 0x7A00, 0x7200, 0x69C0, 0x5160,
    0x4940, 0x4920, 0x4100, 0x40E0, 0x1840, 0x0000, 0x4000, 0x6020,
    0x9080, 0xA8A0, 0xA0C1, 0x98C1, 0x98C1, 0xB122, 0xC962, 0xD183,
    0xC9A2, 0xB9A2, 0xB1A2, 0xB9A2, 0xC1E3, 0xD243, 0xDA64, 0xC243,
    0xA1E2, 0x9A03, 0xB263, 0xB243, 0xA222, 0x9A22, 0xAA83, 0xB2A4,
    0xB2A3, 0xBAE3, 0xC323, 0xCB64, 0xCB84, 0xC384, 0xBB63, 0xBB83,
    0xBBA4, 0xC3E5, 0xD446, 0xE4C6, 0xDCE6, 0xD4A6, 0xDCE6, 0xD4E6,
    0xCCE6, 0xE567, 0xEDC7, 0xEDC7, 0xE5E7, 0xEE07, 0xEE27, 0xDDE7,
    0xD5C7, 0xDE07, 0xEE88, 0xF6E9, 0xE688, 0xD606, 0xD625, 0xEEC7,
    0xF729, 0xE6E8, 0xDEC7, 0xDEA7, 0xD666, 0xD686, 0xD6A7, 0xDEC7,
    0xDEC7, 0xDEC7, 0xE707, 0xEF27, 0xE727, 0xDEE7, 0xDEC6, 0xDEC6,
    0xDEC7, 0xDE87, 0xD646, 0xCE05, 0xC5E6, 0xC5A5, 0xBD65, 0xBD44,
    0xBD45, 0xCD85, 0xCD85, 0xC524, 0xCD24, 0xC524, 0xC4C4, 0xBCC4,
    0xBC84, 0xB444, 0xB444, 0xB423, 0xA3C2, 0x9B62, 0xA382, 0xABA2,
    0x9B42, 0xA342, 0xA342, 0x9B01, 0x8A81, 0x8281, 0x8261, 0x71E0,
    0x59A0, 0x59A0, 0x69E0, 0x69C0, 0x5960, 0x4120, 0x4100, 0x2880,
    0x1040, 0x9040, 0x9060, 0x9880, 0x9081, 0x98A1, 0xA8A1, 0xB8E1,
    0xC122, 0xB942, 0x9921, 0x8920, 0xA981, 0xD1E3, 0xD203, 0xDA23,
    0xCA23, 0xC223, 0xE2A4, 0xFB05, 0xE2C4, 0xD2C4, 0xE345, 0xF3C7,
    0xEB85, 0xDB44, 0xD324, 0xCB24, 0xCB44, 0xCB64, 0xD3A5, 0xDBE5,
    0xE425, 0xDC05, 0xCBC4, 0xCBE5, 0xCC05, 0xBBA4, 0xB3C3, 0xC424,
    0xD485, 0xD4C6, 0xD4E6, 0xDD26, 0xED87, 0xE587, 0xDD86, 0xDDA6,
    0xEE07, 0xEE48, 0xE5E8, 0xE627, 0xEE87, 0xF6A6, 0xDE25, 0xE666,
    0xF709, 0xF70A, 0xE6A8, 0xE6A7, 0xEF28, 0xF789, 0xEF48, 0xE6E7,
    0xE748, 0xE727, 0xD6A6, 0xD6A6, 0xD686, 0xD666, 0xCE46, 0xCE66,
    0xCE26, 0xBDC5, 0xBDC5, 0xBDC5, 0xBDA5, 0xBDA5, 0xBD85, 0xB524,
    0xA4E4, 0xAD04, 0xB524, 0xB4E4, 0xB504, 0xBD04, 0xB4E4, 0xBCC4,
    0xB4A4, 0xAC84, 0xB463, 0xB483, 0xBC63, 0xB443, 0xB423, 0xB423,
    0xABE3, 0x9B62, 0x9B62, 0xABA3, 0xA362, 0x9301, 0x8AC1, 0x7A41,
    0x7220, 0x6A00, 0x59A0, 0x5180, 0x5160, 0x5160, 0x4120, 0x4940,
    0x6180, 0x5940, 0x2880, 0x0800, 0x8840, 0x9060, 0x9880, 0x9860,
    0xC0E1, 0xE1C4, 0xEA25, 0xD9A3, 0xD141, 0xE1A2, 0xFA44, 0xE224,
    0xC1E2, 0xC202, 0xBA03, 0xC223, 0xE284, 0xE2C4, 0xDAA3, 0xDA84,
    0xEB05, 0xC2E4, 0x8243, 0x9A42, 0xCAE4, 0xEBC5, 0xEBE6, 0xF406,
    0xF406, 0xE3C5, 0xDBC5, 0xE406, 0xE446, 0xE466, 0xE445, 0xEC65,
    0xED27, 0xFDCA, 0xFD88, 0xE4E5, 0xCC85, 0xD4C6, 0xE546, 0xDD46,
    0xE567, 0xEDC8, 0xF628, 0xF647, 0xFE87, 0xFF0A, 0xFF6C, 0xFF6B,
    0xFF4B, 0xFF91, 0xF74E, 0xF6E6, 0xF747, 0xF748, 0xE6E7, 0xE6E7,
    0xE708, 0xE729, 0xE6E8, 0xDEE8, 0xDEE8, 0xE6E8, 0xDEE7, 0xCE66,
    0xBDE6, 0xBDA5, 0xBDA5, 0xBDC6, 0xBDC6, 0xAD65, 0xA4E4, 0xA505,
    0xAD25, 0xA4C4, 0x9463, 0x9C63, 0x9C83, 0xA4A3, 0xA4A3, 0xACC4,
    0xACA4, 0x9403, 0x8382, 0x93C2, 0xB483, 0xBCC3, 0xB463, 0xAC03,
    0xA3E3, 0xABE3, 0x9B82, 0x82E1, 0x9322, 0xA382, 0xA362, 0x9B42,
    0xA322, 0x9B01, 0x8281, 0x7A41, 0x7200, 0x61C0, 0x61C0, 0x71E0,
    0x7A00, 0x61A0, 0x5140, 0x5140, 0x4900, 0x2060, 0x0800, 0x7820,
    0x8840, 0xA080, 0x98A0, 0x98A0, 0xA0A0, 0xB0E0, 0xB921, 0x98E1,
    0x88C1, 0xB9A3, 0xDA44, 0xE203, 0xD982, 0xD9C2, 0xF264, 0xFB05,
    0xEAC4, 0xD284, 0xCAC5, 0xEB06, 0xF304, 0xF324, 0xFB85, 0xFBA5,
    0xFBC5, 0xEBA5, 0xF406, 0xEC06, 0xE405, 0xEC06, 0xF446, 0xFC45,
    0xEC45, 0xE446, 0xECA7, 0xF527, 0xE4A6, 0xDC86, 0xED47, 0xF547,
    0xFDC8, 0xFE8A, 0xFEAA, 0xFE28, 0xE585, 0xD545, 0xDD86, 0xDDC6,
    0xCD64, 0xA482, 0xB503, 0xDE24, 0xC5A3, 0xBD63, 0xCDC5, 0xCDE6,
    0xBD65, 0xB565, 0xD687, 0xE707, 0xDEE6, 0xD685, 0xCE85, 0xD6A5,
    0xD6A5, 0xC604, 0xB5A4, 0xBE05, 0xD6A5, 0xCE45, 0xB5A4, 0xAD65,
    0xB565, 0xBD85, 0xC5C5, 0xBD84, 0xAD04, 0xA4A4, 0x9CA4, 0x9463,
    0x9443, 0xA484, 0xACA3, 0xA483, 0x9C43, 0x9C22, 0x9C02, 0x9BE2,
    0xA423, 0x9BC2, 0x8B21, 0x8B21, 0x9BA2, 0x9BA2, 0x8B01, 0x8AE1,
    0x9322, 0x9B42, 0x8AC2, 0x7A81, 0x8281, 0x8281, 0x8261, 0x7200,
    0x61C0, 0x59A0, 0x59A0, 0x61A0, 0x5140, 0x4100, 0x4100, 0x40E0,
    0x2080, 0x0800, 0x7820, 0x8040, 0x8860, 0x8860, 0xA0A1, 0xB0E1,
    0xA0E1, 0xA901, 0xA100, 0x9121, 0x9941, 0xB9C2, 0xD286, 0xE307,
    0xFB67, 0xFBC9, 0xF44B, 0xFC4A, 0xFBE7, 0xFBC6, 0xFC28, 0xFC28,
    0xFBE6, 0xF407, 0xF448, 0xF427, 0xEBA5, 0xF406, 0xFC46, 0xF3E5,
    0xEC05, 0xF4C8, 0xFD8A, 0xFD69, 0xFD48, 0xFD48, 0xFD48, 0xECE6,
    0xDCA5, 0xD4A6, 0xDCE5, 0xBC43, 0x9382, 0xAC03, 0xA403, 0x93A3,
    0x9BE4, 0x8B83, 0x7B42, 0x8B83, 0x9C25, 0xA465, 0xACA5, 0xB505,
    0xB524, 0xAD03, 0xB524, 0xA4C3, 0x9CC2, 0xBD84, 0xB564, 0xB564,
    0xBDC4, 0xA523, 0x9483, 0x9CC4, 0xB565, 0xB5A6, 0xA525, 0x9CE4,
    0xAD24, 0xAD65, 0xB565, 0xAD24, 0xBDA5, 0xCE26, 0xBDA5, 0xAD04,
    0x9C84, 0x9423, 0x9C83, 0xAD03, 0xACE3, 0xA483, 0x9C22, 0x93E2,
    0xA423, 0xA443, 0x93E2, 0x8342, 0x8321, 0x8B61, 0x9382, 0x9BA2,
    0x9B82, 0x9322, 0x8AE2, 0x8B02, 0x9B42, 0x8AC1, 0x8281, 0x8281,
    0x8281, 0x7A40, 0x7200, 0x7A20, 0x69E0, 0x59A0, 0x5980, 0x5960,
    0x5140, 0x4100, 0x0820, 0x0000, 0x0000, 0x9860, 0xA060, 0xC0C0,
    0xC8E1, 0xD942, 0xD142, 0xD142, 0xE9E4, 0xFAA6, 0xFAE7, 0xFA84,
    0xFAC5, 0xFBA9, 0xFC4C, 0xF46C, 0xF4AD, 0xF4EF, 0xF592, 0xF550,
    0xF4AC, 0xF46A, 0xF46A, 0xF489, 0xF468, 0xF447, 0xFC67, 0xFCA9,
    0xFD2B, 0xFD2B, 0xFD4B, 0xFD6B, 0xFD29, 0xF466, 0xF445, 0xEC25,
    0xD405, 0xBBE5, 0xC426, 0xBC26, 0x9B64, 0x9364, 0xABE5, 0xB446,
    0xB426, 0x93A5, 0x8B83, 0xAC44, 0xB485, 0xA444, 0x93E4, 0x8383,
    0x7B42, 0x8383, 0xA4C4, 0xAD04, 0x9443, 0x9444, 0xB546, 0xBDA6,
    0x9CA5, 0x73A3, 0x73A3, 0x9464, 0xA546, 0xB586, 0xAD25, 0x9CC4,
    0x9CC4, 0xA505, 0x94A5, 0x6B62, 0x73A2, 0xB585, 0x9CA4, 0x7382,
    0x83E3, 0x9483, 0x9CA3, 0x9463, 0x8C03, 0x8C03, 0x9423, 0xA483,
    0x9C23, 0x8BC3, 0x8BC3, 0x93E3, 0x93E2, 0x93A2, 0x93C2, 0xA403,
    0xB423, 0xAC03, 0xABE2, 0xA3A2, 0x9B62, 0x9342, 0x9322, 0x9B22,
    0x82A1, 0x8281, 0x8AA1, 0x8281, 0x7A21, 0x7220, 0x8241, 0x69C0,
    0x5160, 0x4920, 0x30C0, 0x30C0, 0x4100, 0x30A0, 0x0820, 0x0000,
    0xB060, 0xC0A1, 0xC8C1, 0xB880, 0xC102, 0xD9C5, 0xEA26, 0xE225,
    0xD9E3, 0xE245, 0xF349, 0xFB89, 0xF389, 0xF42B, 0xFCEF, 0xFCCE,
    0xF40A, 0xFC09, 0xFBE8, 0xFBA6, 0xF3E7, 0xFC69, 0xFC8A, 0xFC68,
    0xFCAA, 0xFCEA, 0xF4C9, 0xF4C9, 0xFD4C, 0xFD8D, 0xF4A8, 0xF403,
    0xF444, 0xF4A6, 0xFD07, 0xFCC6, 0xDBE4, 0xCC04, 0xD444, 0xCC44,
    0xC445, 0xB403, 0xABE2, 0xB424, 0xBCA6, 0xC4C7, 0xBCC6, 0xB485,
    0xBD06, 0xDE27, 0xE667, 0xDE27, 0xBD67, 0x83C6, 0x7BC6, 0xA4C6,
    0x9C64, 0x8404, 0x8404, 0xA4E6, 0xBDE7, 0xC606, 0xB585, 0xA505,
    0x8C84, 0x8423, 0x94C4, 0xAD65, 0xB5A5, 0xB585, 0xB5A5, 0xBDE6,
    0xCE66, 0xCE46, 0xC5C5, 0xAD05, 0x9464, 0x9C84, 0xAD04, 0xACE4,
    0x8C03, 0x7BA3, 0x9C43, 0x9C43, 0x9C23, 0xA463, 0xA463, 0xAC83,
    0xBCC3, 0xCD24, 0xCD24, 0xCD04, 0xCCE4, 0xD4E4, 0xCCA4, 0xC443,
    0xC443, 0xC423, 0xABA3, 0x8AC2, 0x8281, 0x8281, 0x8281, 0x7A40,
    0x7200, 0x7200, 0x69E0, 0x59A0, 0x5980, 0x5980, 0x5140, 0x40E0,
    0x38C0, 0x1840, 0x0000, 0x8020, 0x9860, 0xC0C1, 0xC8C2, 0xC902,
    0xC942, 0xD983, 0xE206, 0xF287, 0xFAC6, 0xEAC6, 0xEB48, 0xEB69,
    0xEAA6, 0xF307, 0xFBE9, 0xFC4A, 0xFC8B, 0xF4AD, 0xFCED, 0xFCAB,
    0xFCCB, 0xFD0C, 0xFCCA, 0xFC88, 0xFCCA, 0xFDCF, 0xFDF0, 0xFD8E,
    0xFD6D, 0xFD8D, 0xFE10, 0xFEB4, 0xFEF5, 0xFF16, 0xFE92, 0xFDCB,
    0xFDEA, 0xFE0B, 0xFDEA, 0xFE2A, 0xFE8B, 0xFE4B, 0xDD67, 0xDD03,
    0xE543, 0xE5C6, 0xE5E7, 0xD585, 0xC503, 0xD585, 0xCD86, 0xB4C1,
    0xB4C0, 0xC562, 0xCE06, 0xCE07, 0xC5C5, 0xBDC4, 0xCE24, 0xBDA4,
    0xB565, 0xBDA6, 0xAD45, 0xA505, 0xA525, 0xB5A6, 0xBDE6, 0xBDE6,
    0xBDE6, 0xD6A7, 0xDEE8, 0xC627, 0xBDE6, 0xBDC6, 0xB585, 0xAD25,
    0xB545, 0xC5C5, 0xC5C5, 0xB524, 0xA4A3, 0xAD03, 0xBD23, 0xBD24,
    0xC504, 0xCD44, 0xCD85, 0xDD85, 0xE5A5, 0xEDE5, 0xF5E5, 0xEDC5,
    0xED85, 0xED64, 0xED44, 0xE4E4, 0xD483, 0xC403, 0xAB82, 0x9B02,
    0x8AA1, 0x82A1, 0x8261, 0x7A20, 0x7200, 0x71E0, 0x71E0, 0x69A0,
    0x61A0, 0x5160, 0x4920, 0x5120, 0x2880, 0x1020, 0x8840, 0xA061,
    0xB0A1, 0xA881, 0xA8A1, 0xB8C1, 0xC8E1, 0xC121, 0xC141, 0xC920,
    0xB901, 0xD1A3, 0xFAA5, 0xFB47, 0xF3A9, 0xF42B, 0xF48D, 0xF46B,
    0xF48B, 0xFD0E, 0xFCCD, 0xFC6A, 0xFC48, 0xFCEC, 0xFD2D, 0xFD4D,
    0xFD8F, 0xFD6D, 0xFD6D, 0xFDAE, 0xFDCE, 0xFDEF, 0xF5AD, 0xECC7,
    0xF4E7, 0xF5AB, 0xF60E, 0xF692, 0xF6D4, 0xF6B2, 0xEE0C, 0xF62C,
    0xFEF1, 0xFF32, 0xFF32, 0xFF30, 0xFEEB, 0xFEE8, 0xFF4A, 0xFF8F,
    0xFF8D, 0xF6E9, 0xDE6D, 0xF778, 0xFF92, 0xEEC3, 0xF6E5, 0xEEE8,
    0xE6CB, 0xE6EE, 0xDEC9, 0xEF26, 0xFFE8, 0xFFEA, 0xFFE9, 0xFFE9,
    0xFFEA, 0xFFE8, 0xF7A7, 0xF788, 0xFFA9, 0xF768, 0xDEC6, 0xD666,
    0xDE86, 0xEF06, 0xEF06, 0xE6E6, 0xE6A6, 0xDE66, 0xDE45, 0xDE26,
    0xD606, 0xE626, 0xEE46, 0xE605, 0xDDE5, 0xE605, 0xEE26, 0xE5A5,
    0xDD65, 0xE564, 0xDD44, 0xDD24, 0xDD04, 0xDD04, 0xE503, 0xED03,
    0xE4C3, 0xCC23, 0xB3A2, 0xA322, 0x8AC1, 0x8261, 0x7A40, 0x7A20,
    0x61C0, 0x69C0, 0x8221, 0x8A42, 0x71C1, 0x5160, 0x5140, 0x30A0,
    0x1840, 0x9040, 0xA061, 0xC0A1, 0xC0C2, 0xD164, 0xD9E6, 0xEA47,
    0xF225, 0xFAA7, 0xFBCC, 0xFCEF, 0xFBCA, 0xF327, 0xF46D, 0xFD30,
    0xFD91, 0xFDD2, 0xFDB1, 0xFD91, 0xFDF3, 0xF655, 0xF654, 0xFE32,
    0xF632, 0xF5D0, 0xF56E, 0xFD6D, 0xFD8C, 0xF56C, 0xF54B, 0xFCE8,
    0xFC85, 0xFC44, 0xFC23, 0xF485, 0xF508, 0xFD89, 0xFCE5, 0xFCA2,
    0xFD65, 0xFDA6, 0xFDA6, 0xED85, 0xF5C4, 0xFE66, 0xFE67, 0xEE25,
    0xE66C, 0xE6F5, 0xE716, 0xFF2D, 0xFF87, 0xFFC8, 0xFF8D, 0xF72A,
    0xFF67, 0xFFD0, 0xFFEF, 0xFFEB, 0xFFEF, 0xFFF6, 0xFFF3, 0xFFC7,
    0xF7A6, 0xEF69, 0xE727, 0xDEC7, 0xE707, 0xF789, 0xE728, 0xEF48,
    0xF788, 0xEF48, 0xEF68, 0xEF48, 0xEF28, 0xEF27, 0xF727, 0xEF06,
    0xE6A6, 0xE666, 0xDE45, 0xD5E5, 0xD5C5, 0xC564, 0xB4C4, 0xC504,
    0xCD64, 0xCD44, 0xBCC4, 0xBCA3, 0xC4C4, 0xC4A4, 0xC483, 0xC463,
    0xC442, 0xCC62, 0xD483, 0xCC43, 0xBBE2, 0xAB82, 0xA322, 0x9B02,
    0x9AE2, 0x9AC1, 0x8A61, 0x7A00, 0x69C0, 0x69C0, 0x69C1, 0x5980,
    0x4920, 0x4900, 0x2880, 0x1020, 0x9820, 0xC081, 0xE8E2, 0xD8E2,
    0xD123, 0xE1A4, 0xE205, 0xD983, 0xB0E1, 0xA8C0, 0xD142, 0xE1A2,
    0xC140, 0xA900, 0xD9A1, 0xFA62, 0xE242, 0xE262, 0xEAA3, 0xFB24,
    0xFBC5, 0xFC07, 0xFC08, 0xFC48, 0xFC88, 0xFCA8, 0xFC67, 0xF406,
    0xFC05, 0xFC46, 0xF426, 0xEC46, 0xF4A6, 0xE467, 0xC3E5, 0xCC05,
    0xED08, 0xABA5, 0x82C2, 0xB405, 0xC466, 0xCCA6, 0xCCC7, 0xAC26,
    0x7B04, 0x72C3, 0xA3E5, 0xAC23, 0x8B60, 0x6A80, 0x6280, 0x7B83,
    0xACC5, 0xC583, 0xD604, 0xD604, 0xB525, 0xCDE7, 0xEF08, 0xE6C3,
    0xE6E2, 0xE6C5, 0xDEA6, 0xD6A8, 0xDEE7, 0xDEE7, 0xCE66, 0xCE67,
    0xD6C7, 0xD6C7, 0xCE86, 0xCE46, 0xCE26, 0xDEC7, 0xE6E7, 0xCE46,
    0xBDA5, 0xB565, 0xBD85, 0xC5A5, 0xBD65, 0xACE4, 0xACC4, 0xB504,
    0xB4E4, 0xAC64, 0xB4A4, 0xAC63, 0x9C02, 0xBCC4, 0xCCE4, 0xAC23,
    0x9362, 0x9362, 0x9BA2, 0x9B82, 0xA382, 0xABA2, 0xB3A2, 0xB3A2,
    0xA342, 0x9AE2, 0xA322, 0xA322, 0x9AE2, 0x8A61, 0x8241, 0x8221,
    0x71E0, 0x61A0, 0x5160, 0x4920, 0x4900, 0x2880, 0x0820, 0x5820,
    0x2800, 0x1820, 0x5020, 0x9080, 0xB8E2, 0xD143, 0xD963, 0xD9A3,
    0xD9C3, 0xE1E4, 0xD204, 0xCA24, 0xC203, 0xDA64, 0xDA65, 0xBA24,
    0xB224, 0xBA43, 0xD284, 0xD283, 0xD2A3, 0xDAC3, 0xE2E2, 0xE323,
    0xDB44, 0xDB65, 0xE3A5, 0xEC06, 0xEC26, 0xD3C5, 0xBB44, 0xAB24,
    0xAB24, 0xBBA5, 0xC3E5, 0xC3E4, 0xBBC5, 0xC426, 0xCC86, 0x9322,
    0x7AE1, 0xA3C3, 0xB444, 0xA3E4, 0x93A4, 0xAC46, 0xBCE6, 0xBCE6,
    0xACC6, 0x9425, 0x8BC4, 0x9C24, 0xACC4, 0xC586, 0xD628, 0xE6A7,
    0xE6C7, 0xDEA7, 0xD667, 0xD688, 0xD6A8, 0xD6A7, 0xD666, 0xC646,
    0xC646, 0xCE67, 0xCE66, 0xC625, 0xCE46, 0xD687, 0xD6A7, 0xDEC7,
    0xE6C7, 0xD666, 0xC5E5, 0xC5E6, 0xC5A5, 0xBD65, 0xB545, 0xBD45,
    0xBD65, 0xC565, 0xC545, 0xC565, 0xC545, 0xC525, 0xBCE4, 0xBCC4,
    0xC504, 0xB463, 0xA3E3, 0xAC03, 0xA3E3, 0xA3C3, 0xABE3, 0x9342,
    0x8AE2, 0x9302, 0x8AE2, 0x82A2, 0x8281, 0x9B02, 0xB342, 0xAB22,
    0x92A1, 0x8A81, 0x8A61, 0x8221, 0x8201, 0x79E0, 0x69A0, 0x5120,
    0x2060, 0x0820, 0x6800, 0x8840, 0x9860, 0x8060, 0x8080, 0x88A1,
    0x90C1, 0x90E1, 0x9901, 0xA922, 0xA942, 0xB182, 0xA982, 0x7901,
    0xA1A2, 0xDA64, 0xDA64, 0xCA63, 0xB242, 0xBA43, 0xBA83, 0xD304,
    0xEB65, 0xE365, 0xDB65, 0xDB86, 0xF427, 0xEC06, 0xE3A5, 0xEBA5,
    0xFC66, 0xFD29, 0xFD29, 0xEC66, 0xD405, 0xCC05, 0xC3E5, 0xCC25,
    0xC424, 0xBC04, 0xB3E5, 0xB425, 0xC485, 0xC4C6, 0xD506, 0xCD05,
    0xB485, 0xB4A5, 0xC526, 0xCD86, 0xC545, 0xD5E6, 0xFF29, 0xFFCA,
    0xF728, 0xDE87, 0xEEE7, 0xFF69, 0xFFCA, 0xFFEB, 0xF769, 0xDEE7,
    0xD686, 0xCE46, 0xD686, 0xDEE7, 0xD6A6, 0xCE86, 0xCE66, 0xC605,
    0xD666, 0xD686, 0xBDE5, 0xB584, 0xBD85, 0xC5C5, 0xC605, 0xCE25,
    0xCE25, 0xC5A5, 0xC5A5, 0xD5E5, 0xD5E6, 0xC565, 0xB4C4, 0xB4A4,
    0xC505, 0xC505, 0xA423, 0x9BC3, 0x8B63, 0x8322, 0x9382, 0x9BA2,
    0x9B82, 0x9342, 0x9322, 0x9B42, 0x9B22, 0x8AE2, 0x92E2, 0x9B02,
    0x92C2, 0x92A1, 0x92A1, 0x8A61, 0x8241, 0x7A21, 0x7A01, 0x71E0,
    0x61A0, 0x5940, 0x4900, 0x2060, 0x0000, 0x6000, 0x7020, 0x7860,
    0x6840, 0x7060, 0x88A1, 0xA0E2, 0xC122, 0xC142, 0xB143, 0xA963,
    0xC1C3, 0xCA03, 0xB1C3, 0xCA24, 0xD264, 0xBA23, 0xA1E3, 0xAA23,
    0xC284, 0xA223, 0xB263, 0xCAE4, 0xC2C4, 0xAA83, 0xB2C2, 0xF3A4,
    0xFBC4, 0xFC04, 0xFCA7, 0xF52A, 0xF4E8, 0xFC24, 0xEC03, 0xF486,
    0xFD27, 0xF506, 0xECE6, 0xF527, 0xFDA8, 0xED67, 0xE526, 0xDD26,
    0xDD46, 0xD526, 0xD546, 0xDD87, 0xDDC7, 0xE5E7, 0xE627, 0xD5C7,
    0xCDA6, 0xCDC6, 0xD5C6, 0xDE47, 0xDE68, 0xDE47, 0xCE06, 0xC5E6,
    0xC606, 0xCE26, 0xCE26, 0xCE27, 0xCE47, 0xCE67, 0xCE46, 0xB585,
    0xAD65, 0xBDE6, 0xCE67, 0xCE67, 0xC626, 0xCE46, 0xCE26, 0xCE26,
    0xCE26, 0xC5E5, 0xC5E5, 0xD606, 0xCDE5, 0xBD84, 0xAD03, 0xACC3,
    0xBD44, 0xCD84, 0xC524, 0xC524, 0xC524, 0xC524, 0xDD64, 0xCD04,
    0xB443, 0xABE3, 0xA3C3, 0xB423, 0xC444, 0xABC3, 0x8B22, 0x8AE2,
    0x9B42, 0x9B22, 0x92C2, 0x9AE2, 0x92C1, 0x92C2, 0x9AA1, 0x8A61,
    0x8241, 0x9282, 0x8221, 0x5980, 0x4900, 0x4920, 0x2080, 0x0800,
    0x7000, 0x7840, 0x8860, 0x9081, 0xA0A1, 0xC0E2, 0xD944, 0xD143,
    0xC142, 0xC163, 0xD9A3, 0xE1A3, 0xC982, 0xA942, 0xD1C3, 0xEA23,
    0xE223, 0xC223, 0xCA23, 0xEAC4, 0xFB25, 0xFB65, 0xF345, 0xEB03,
    0xF364, 0xFBE5, 0xFC47, 0xFCCA, 0xF50B, 0xF50A, 0xF54C, 0xF58D,
    0xF58C, 0xFDAC, 0xFD8A, 0xF527, 0xF4C6, 0xF506, 0xF546, 0xF567,
    0xF566, 0xF586, 0xEDA6, 0xF5C7, 0xEDC7, 0xE586, 0xDD86, 0xDDA6,
    0xE607, 0xEE67, 0xE627, 0xDE07, 0xDE26, 0xDE26, 0xD606, 0xCE06,
    0xDE67, 0xDE87, 0xD666, 0xD667, 0xD687, 0xDEA7, 0xD687, 0xDEC8,
    0xD687, 0xD687, 0xEF69, 0xEF89, 0xDEE7, 0xD687, 0xCE67, 0xCE46,
    0xCE26, 0xD667, 0xDE87, 0xD646, 0xBD84, 0xB584, 0xC5E5, 0xC5C5,
    0xD605, 0xD625, 0xCDC5, 0xC584, 0xC544, 0xBCE4, 0xD565, 0xAC83,
    0x7B22, 0xAC24, 0xBCA4, 0xAC03, 0xA3C3, 0x9BA3, 0x9382, 0x9B83,
    0xABA3, 0xA383, 0x8AE2, 0x82A1, 0x7A81, 0x7241, 0x7A41, 0x8281,
    0x92C1, 0xA2C2, 0x9AC1, 0x8A61, 0x7A00, 0x69C0, 0x61A0, 0x5980,
    0x5960, 0x28A0, 0x0820, 0x9040, 0x9860, 0xC0A1, 0xE0E2, 0xD8E2,
    0xC902, 0xD1C4, 0xE225, 0xEA25, 0xE225, 0xF286, 0xFAE7, 0xF307,
    0xCAA6, 0xD2C6, 0xF369, 0xFC0A, 0xFBA8, 0xFB87, 0xEB66, 0xD262,
    0xE2A2, 0xFBE7, 0xFD2D, 0xFD6E, 0xFD2C, 0xF4EA, 0xF4EA, 0xF4EA,
    0xF4A8, 0xFCC7, 0xFD08, 0xFD49, 0xFD4A, 0xFD28, 0xFD27, 0xFD88,
    0xFD87, 0xFD67, 0xFD87, 0xFD87, 0xF587, 0xF5A6, 0xF5E7, 0xE587,
    0xDD66, 0xEDE7, 0xEE27, 0xE628, 0xEE49, 0xE606, 0xEE67, 0xFF8D,
    0xFFEF, 0xFF6A, 0xEEA6, 0xF728, 0xEEE9, 0xDEC7, 0xE707, 0xE6E7,
    0xDEC7, 0xDEE7, 0xEF27, 0xE728, 0xD6A7, 0xD6A7, 0xDEE7, 0xE728,
    0xDEC7, 0xD6A7, 0xDEE7, 0xEF48, 0xE727, 0xDEE6, 0xD6A6, 0xCE25,
    0xCE05, 0xC5C5, 0xAD04, 0xACE4, 0xB524, 0xBD44, 0xB4E4, 0xB4E4,
    0xCD65, 0xCD65, 0xB4C3, 0x9C03, 0xA443, 0xBCA4, 0xC4C4, 0xC4A4,
    0xA3E3, 0x9B82, 0xABC2, 0xABE2, 0xABC3, 0x9322, 0x7241, 0x6A20,
    0x8281, 0x8281, 0x8261, 0x8A81, 0x8A61, 0x8221, 0x7A01, 0x71E0,
    0x8220, 0x8200, 0x61A0, 0x5120, 0x2880, 0x1040, 0x7000, 0xA881,
    0xC8C1, 0x8880, 0x88A0, 0xB8E1, 0xD922, 0xD184, 0xD1C4, 0xE1E4,
    0xDA25, 0xD328, 0xEC4C, 0xFC8C, 0xFD71, 0xF5D2, 0xED0E, 0xEC6A,
    0xF4AD, 0xF5F3, 0xFE75, 0xFDB1, 0xF4CB, 0xF4EB, 0xF469, 0xEBC6,
    0xF3E5, 0xFC67, 0xFC68, 0xF406, 0xF427, 0xE406, 0xE3E4, 0xFC65,
    0xEC86, 0xDC46, 0xDC66, 0xDC85, 0xE4C6, 0xED07, 0xE527, 0xE547,
    0xE567, 0xDD26, 0xDD67, 0xE5A7, 0xE5A7, 0xDDA7, 0xE607, 0xF6A8,
    0xE627, 0xCDA6, 0xCDA5, 0xD5E6, 0xD626, 0xD627, 0xDE87, 0xEF07,
    0xF748, 0xEF07, 0xE707, 0xEF28, 0xEF68, 0xEF68, 0xE727, 0xDEC7,
    0xDEE7, 0xDEC7, 0xDEE7, 0xE727, 0xD6A6, 0xCE66, 0xDEE7, 0xDEC7,
    0xCE25, 0xB585, 0xBDA5, 0xC5E5, 0xCDE5, 0xC5A5, 0xBD64, 0xB504,
    0xB4E4, 0xA483, 0xAC83, 0xB4E4, 0xAC83, 0xBCC4, 0xD545, 0xA423,
    0x93A3, 0xA3E3, 0xB424, 0xA3E3, 0x9B82, 0xA383, 0xA382, 0xABA2,
    0xA362, 0x8AE1, 0x7A81, 0x7240, 0x7220, 0x7A60, 0x8A81, 0x8261,
    0x69C0, 0x5980, 0x69C0, 0x71E0, 0x5980, 0x38C0, 0x40E0, 0x2880,
    0x1020, 0x7820, 0x9060, 0xB0A1, 0xA8A1, 0xC0E1, 0xC901, 0xD122,
    0xD142, 0xEA04, 0xFAA6, 0xDA66, 0xB9C4, 0xC162, 0xE182, 0xFA85,
    0xFB47, 0xFB47, 0xFBA8, 0xFBC7, 0xFBE7, 0xFC6A, 0xFC49, 0xFB85,
    0xFB23, 0xF344, 0xF3C6, 0xFC26, 0xFC26, 0xF426, 0xEC06, 0xEC06,
    0xE406, 0xD406, 0xD406, 0xDC46, 0xDC66, 0xC406, 0xBBE5, 0xBC05,
    0xC465, 0xCC65, 0xD4C6, 0xDD06, 0xC4C5, 0xC4C5, 0xD526, 0xD587,
    0xC506, 0xACA5, 0xC525, 0xD5A6, 0xD5C7, 0xCDA6, 0xD607, 0xD627,
    0xCDE6, 0xC5A5, 0xCE06, 0xDEA8, 0xEF08, 0xEF28, 0xE708, 0xEF08,
    0xEF48, 0xE727, 0xDEC7, 0xE728, 0xDEC7, 0xC626, 0xCE66, 0xCE46,
    0xCE25, 0xC605, 0xC5E5, 0xB565, 0x9CA4, 0xACE3, 0xB523, 0xB544,
    0xB544, 0xAD03, 0xACE4, 0xC585, 0xBD24, 0xA483, 0x9C22, 0xA443,
    0xAC44, 0xA424, 0x93C3, 0xA403, 0xB423, 0xA3E3, 0x9382, 0xA3A2,
    0xB402, 0xA3A2, 0x7281, 0x59E0, 0x82A1, 0x92E1, 0x8260, 0x8280,
    0x8AA1, 0x92A1, 0x8A61, 0x7A21, 0x71E1, 0x71E0, 0x69C0, 0x4920,
    0x2880, 0x40E0, 0x28A0, 0x0820, 0x8020, 0x8040, 0x9080, 0xA0A1,
    0xB0C1, 0xB0E2, 0xB101, 0xB122, 0xB122, 0xB142, 0xA982, 0xC1C3,
    0xDA24, 0xDA44, 0xC1E3, 0xA161, 0x9141, 0xB1C2, 0xBA03, 0x99A2,
    0x8160, 0xA1E1, 0xD2E4, 0xD305, 0xC304, 0xB2E4, 0xB2E4, 0xBB04,
    0xC345, 0xC365, 0xCB86, 0xD3C6, 0xDC26, 0xDC26, 0xC3E6, 0xBBA4,
    0xBC05, 0xCC45, 0xD486, 0xD4A6, 0xABC5, 0xA3E4, 0xBC85, 0xAC24,
    0x9BE4, 0xA404, 0xB4A5, 0xC526, 0xC547, 0xCD67, 0xCD66, 0xCDA6,
    0xDE06, 0xEEA8, 0xE688, 0xDE47, 0xE6A7, 0xEEE8, 0xE6E7, 0xE6C7,
    0xDEA7, 0xDEC7, 0xDEE7, 0xDEE7, 0xDEC6, 0xD686, 0xD6C7, 0xCE46,
    0xC605, 0xCE86, 0xCE46, 0xBDA5, 0xB584, 0xBDC5, 0xC5E5, 0xBDA4,
    0xAD03, 0xA4A3, 0xACE4, 0xB525, 0xAD04, 0xA4A4, 0xACA4, 0xB4C5,
    0xB4E5, 0xB4A5, 0xB4A4, 0xAC83, 0xAC43, 0xA403, 0xAC43, 0xBC63,
    0xAC23, 0xAC03, 0xB423, 0xBC23, 0xBC23, 0xABA2, 0x9301, 0x9B01,
    0x92E1, 0x8AA1, 0x8AA1, 0x8AA1, 0x8A81, 0x8241, 0x8241, 0x8A61,
    0x8A41, 0x71C0, 0x5980, 0x5960, 0x5960, 0x30A0, 0x0820, 0x5000,
    0x6820, 0x8040, 0x7040, 0x8880, 0xA8C1, 0xB0E2, 0xB902, 0xA922,
    0xA942, 0xB162, 0xA162, 0x9962, 0xB1A2, 0xB9E3, 0xBA24, 0xBA44,
    0xD284, 0xCA84, 0xCAA4, 0xE305, 0xEB45, 0xE325, 0xDB05, 0xDB45,
    0xDB65, 0xDB85, 0xDB85, 0xD344, 0xD323, 0xE3A4, 0xD384, 0xB303,
    0xB2E1, 0xDBE4, 0xEC86, 0xCC26, 0xB3C5, 0xC425, 0xD4A6, 0xC445,
    0xC445, 0xDD06, 0xE566, 0xDD87, 0xD525, 0xCCE3, 0xBCA1, 0xC4E4,
    0xCD47, 0xC546, 0xB4E5, 0xB526, 0xEEA7, 0xF707, 0xDE67, 0xDE67,
    0xE6A7, 0xE6C7, 0xDE87, 0xD667, 0xD6A7, 0xDEE7, 0xD6A7, 0xCE67,
    0xCE46, 0xC605, 0xC605, 0xCE45, 0xCE65, 0xC5E5, 0xB5A5, 0xBDC5,
    0xAD44, 0xAD23, 0xBDA4, 0xAD24, 0xA4C3, 0xA4A3, 0xAD24, 0xACE4,
    0xACA3, 0xB4E4, 0xB504, 0xBD04, 0xBCE4, 0xB4A4, 0xB4C5, 0xC526,
    0xCD05, 0xB464, 0x9BE3, 0x9BC3, 0xB423, 0xBC23, 0xA3C2, 0xABC2,
    0xB3E2, 0xAB82, 0x9B21, 0x8AC1, 0x82A1, 0x8280, 0x8280, 0x8A81,
    0x8241, 0x7A21, 0x8261, 0x9281, 0x8221, 0x69A0, 0x5160, 0x5140,
    0x2880, 0x0820, 0x7020, 0x7840, 0x8860, 0x8881, 0xA8C1, 0xA8C1,
    0xA0E1, 0xC962, 0xD983, 0xD183, 0xEA24, 0xF265, 0xF284, 0xF285,
    0xEA65, 0xF284, 0xF2A4, 0xE2C4, 0xEAC4, 0xEB05, 0xEB04, 0xDAE4,
    0xE325, 0xFB85, 0xF3A5, 0xEB85, 0xF3C5, 0xFC67, 0xFD09, 0xFD4C,
    0xFD2A, 0xFDCD, 0xF651, 0xF5CE, 0xFD49, 0xFD08, 0xF528, 0xFD69,
    0xFD88, 0xFDC7, 0xFDC8, 0xFE2A, 0xFE49, 0xFDC7, 0xF5A5, 0xF62A,
    0xFF33, 0xFF53, 0xFF0E, 0xFF2B, 0xFFAA, 0xFFCB, 0xFF2A, 0xFF49,
    0xFF48, 0xF728, 0xEEE8, 0xDE87, 0xDEA7, 0xDEC7, 0xD666, 0xC5E6,
    0xBDC5, 0xBDA5, 0xB585, 0xB585, 0xB5A5, 0xBDC5, 0xB5A5, 0xAD85,
    0xCE66, 0xE706, 0xCE46, 0x9CC4, 0x9CA3, 0xBDC5, 0xAD24, 0x9463,
    0x9C83, 0xC5A4, 0xC5C4, 0xB543, 0xB504, 0xB4E3, 0xACA3, 0xAC82,
    0xC503, 0xBCE4, 0xA422, 0xAC42, 0xA402, 0x9BE2, 0xBC63, 0xB443,
    0x9BA2, 0x8301, 0x7280, 0x7AA0, 0x8B01, 0x8AC1, 0x82A0, 0x82A0,
    0x8AC1, 0x8A81, 0x8A81, 0x9AC2, 0x9AA2, 0x8241, 0x7A21, 0x7A01,
    0x69A0, 0x5160, 0x6180, 0x40E0, 0x2060, 0x7020, 0x8040, 0x9881,
    0x9881, 0xA8C2, 0xC0E2, 0xC0C1, 0xC902, 0xC963, 0xD9A3, 0xD9E4,
    0xDA04, 0xDA24, 0xEA65, 0xE264, 0xDA63, 0xDA63, 0xEAA4, 0xF304,
    0xE2E4, 0xB262, 0xAA62, 0xC2C3, 0xCAE4, 0xD324, 0xDB64, 0xEB85,
    0xEBC5, 0xF427, 0xF489, 0xEC05, 0xF424, 0xFCE7, 0xFDAD, 0xF60F,
    0xF5CC, 0xF5CB, 0xFE6F, 0xF6D2, 0xF66E, 0xF64C, 0xFEAF, 0xFF34,
    0xFF53, 0xFF0F, 0xFEAC, 0xF6AC, 0xFEEB, 0xFEA9, 0xE5E7, 0xD586,
    0xCDA6, 0xCDA6, 0xCDC6, 0xCDC6, 0xCDC6, 0xC5A6, 0xC5C5, 0xC5E5,
    0xC5C5, 0xB565, 0xAD44, 0xB584, 0xB5A4, 0xAD64, 0xAD44, 0xAD64,
    0xAD64, 0xA523, 0xA503, 0xB584, 0xB584, 0xA523, 0xC5E4, 0xD665,
    0xCE05, 0xAD23, 0xBD84, 0xDE65, 0xC5A5, 0x9C63, 0x8C03, 0xA484,
    0xACA4, 0x93E3, 0x7322, 0x7323, 0x9C03, 0xBCA3, 0xB463, 0x8B62,
    0x8301, 0xAC03, 0xB423, 0xABE2, 0xB403, 0xBC23, 0xBC03, 0xB3C3,
    0xA342, 0xA322, 0xAB22, 0xA322, 0x9AC1, 0x92C1, 0x9AC2, 0x9AA2,
    0x9281, 0x8241, 0x7A01, 0x71C0, 0x6180, 0x5140, 0x2880, 0x0820,
    0x8020, 0x8860, 0xA8A0, 0xB880, 0xD102, 0xD983, 0xD9C4, 0xD9C4,
    0xD9E4, 0xEA45, 0xFAC6, 0xFAE6, 0xF2C6, 0xF2A5, 0xF2C6, 0xF306,
    0xF2E5, 0xF2E5, 0xEAC4, 0xF2E4, 0xFB25, 0xFB65, 0xFB65, 0xF365,
    0xF386, 0xFBE6, 0xFC47, 0xFC27, 0xFC26, 0xFC87, 0xFCC9, 0xFD2A,
    0xFD09, 0xF4C7, 0xFCA5, 0xFCE6, 0xFD47, 0xFD25, 0xECE5, 0xE4C6,
    0xE4C6, 0xDCA4, 0xD4A3, 0xD4E3, 0xED65, 0xF5E6, 0xEDA5, 0xDD85,
    0xCD66, 0xC546, 0xCD66, 0xCD87, 0xC587, 0xC566, 0xB526, 0xA4C4,
    0x9C84, 0xA4C5, 0xAD26, 0xAD25, 0xB586, 0xAD46, 0x8C24, 0x6B43,
    0x73A3, 0x9CA4, 0xA504, 0xA525, 0xA505, 0xA4E4, 0xA4E4, 0xAD65,
    0xC5E5, 0xC605, 0xBDA4, 0xB584, 0xBDA4, 0xC5E4, 0xAD23, 0x7BA1,
    0x7B62, 0x9403, 0x9402, 0x9C23, 0xACA4, 0xC525, 0xBCE4, 0xBCE3,
    0xC504, 0xC4A4, 0xBC83, 0xC4A3, 0xCCE3, 0xD4E4, 0xDCE4, 0xD4C4,
    0xD4A3, 0xD4A3, 0xD463, 0xCC03, 0xBBA2, 0xB382, 0xBBA3, 0xCBC3,
    0xC3A3, 0xA2E2, 0x9281, 0x8A61, 0x8221, 0x7A01, 0x71C0, 0x61A0,
    0x5140, 0x2880, 0x1020, 0x7820, 0x8840, 0x9080, 0x8880, 0xA080,
    0xC0E1, 0xD943, 0xE1C4, 0xE204, 0xE204, 0xD9E3, 0xE203, 0xEA64,
    0xEA85, 0xF2C6, 0xF2E5, 0xF2E5, 0xF2E5, 0xF305, 0xF365, 0xEB86,
    0xEBA6, 0xF3C6, 0xFBE6, 0xF3A5, 0xEB65, 0xDB85, 0xCB45, 0xC324,
    0xC324, 0xD365, 0xDBE5, 0xDC05, 0xE425, 0xDC26, 0xCC06, 0xC406,
    0xC426, 0xD486, 0xDD07, 0xE527, 0xE547, 0xE548, 0xCD07, 0xCD07,
    0xCD07, 0xB4A6, 0xBCC6, 0xC547, 0xCD67, 0xBCE6, 0xB4C5, 0xBD26,
    0xB506, 0xB526, 0xB546, 0xAD05, 0x9CC4, 0x9CA4, 0x94A4, 0x9CC4,
    0x9CC4, 0x9CE5, 0xB5A7, 0xBDE7, 0xBDC6, 0xBDE6, 0xAD85, 0xAD65,
    0xC646, 0xD687, 0xCE66, 0xC605, 0xAD45, 0x9CA4, 0x9C84, 0xA4E5,
    0xA4C5, 0xACE4, 0xC5C5, 0xCDE5, 0xC585, 0xBD24, 0xB4E4, 0xBD24,
    0xCD85, 0xDDC5, 0xDDC5, 0xE5C5, 0xFE45, 0xFEA7, 0xFE87, 0xFE46,
    0xF5C4, 0xED63, 0xE504, 0xCC83, 0xC423, 0xC403, 0xC403, 0xC3E2,
    0xC3C3, 0xBBA3, 0xC3A3, 0xC3A3, 0xB322, 0xA2C2, 0x9281, 0x8A41,
    0x8221, 0x79E1, 0x69A0, 0x5940, 0x28A0, 0x1040, 0x6800, 0x7820,
    0xA080, 0xB0A1, 0xC102, 0xC101, 0xB8E0, 0xD182, 0xE1C3, 0xEA25,
    0xF2E7, 0xFB49, 0xFB48, 0xF2E6, 0xF2E5, 0xF306, 0xF326, 0xF2E4,
    0xF345, 0xFBC7, 0xFBC6, 0xF384, 0xEB64, 0xEBA5, 0xFBE6, 0xFBE6,
    0xF406, 0xEBC5, 0xEBE6, 0xF447, 0xEC06, 0xDBE6, 0xD406, 0xE466,
    0xDC26, 0xD405, 0xE4A6, 0xDC86, 0xC425, 0xBC04, 0xBC25, 0xBC65,
    0xBC65, 0xBC85, 0xD526, 0xE587, 0xCD27, 0xBCC6, 0xC506, 0xD5C7,
    0xCD86, 0xBD26, 0xBD46, 0xC585, 0xCDC6, 0xC5A6, 0xBD86, 0xC5E7,
    0xD668, 0xD647, 0xCE27, 0xC607, 0xC606, 0xCE67, 0xCE66, 0xC606,
    0xCE47, 0xCE67, 0xCE67, 0xD687, 0xC626, 0xB5A6, 0xBDC6, 0xCE46,
    0xD665, 0xC605, 0xD666, 0xDE86, 0xC5E4, 0xBD64, 0xB524, 0xB524,
    0xB504, 0xCDA5, 0xE625, 0xE625, 0xEE25, 0xEE25, 0xEE05, 0xF605,
    0xEDC4, 0xE583, 0xEDA3, 0xED64, 0xDD04, 0xCC83, 0xBC23, 0xB3C2,
    0xABA2, 0xB3C2, 0xB3A3, 0xAB63, 0xAB42, 0xB362, 0xB342, 0xA2C2,
    0x9281, 0x8A61, 0x8A41, 0x71E0, 0x5960, 0x5140, 0x5920, 0x2880,
    0x0000, 0x7820, 0x8840, 0xA8A0, 0xB8C1, 0xB8C1, 0xC102, 0xD162,
    0xD183, 0xC162, 0xC141, 0xE1E3, 0xF285, 0xF306, 0xF2C5, 0xF2E5,
    0xFB26, 0xFB46, 0xFB05, 0xF2C4, 0xEAC4, 0xE2C3, 0xDAE3, 0xD2C4,
    0xDB04, 0xEB85, 0xEBA6, 0xE3A6, 0xD365, 0xE3E6, 0xFCA8, 0xFC67,
    0xE406, 0xC3A5, 0xC3A5, 0xC3C5, 0xCC05, 0xCC25, 0xBBE4, 0xBC04,
    0xC465, 0xCC85, 0xC485, 0xC4A5, 0xC4A6, 0xB446, 0xA405, 0xBCC6,
    0xC526, 0xC526, 0xCD66, 0xCD87, 0xDE07, 0xE647, 0xDE47, 0xD607,
    0xDE67, 0xEEE7, 0xEF08, 0xE6E8, 0xD687, 0xD6A7, 0xDEA7, 0xD687,
    0xDEE8, 0xE728, 0xDEE7, 0xCE46, 0xC626, 0xCE66, 0xD687, 0xCE46,
    0xCE46, 0xD687, 0xD687, 0xD667, 0xDE87, 0xDEA7, 0xEF08, 0xF748,
    0xF728, 0xD646, 0xB503, 0xA481, 0x9C42, 0x9C43, 0xAC83, 0xCD64,
    0xDDA5, 0xCD24, 0xD564, 0xD544, 0xD504, 0xCCC3, 0xCCA3, 0xBC23,
    0xA3A2, 0x9B82, 0xA382, 0x9B62, 0x9302, 0x9B02, 0xA322, 0x92E2,
    0x92A2, 0x9AC2, 0xA2E2, 0x9281, 0x7A00, 0x61A0, 0x5980, 0x4940,
    0x40E0, 0x40E0, 0x1840, 0x0000, 0x8840, 0x8860, 0x9080, 0x9880,
    0xA8A0, 0xC901, 0xD142, 0xC962, 0xC962, 0xD1C3, 0xEA45, 0xEA44,
    0xD9E3, 0xD9E3, 0xE244, 0xE264, 0xD223, 0xC243, 0xD284, 0xE2C4,
    0xCAA4, 0xC2C4, 0xD304, 0xCAE4, 0xB2A3, 0xB2A3, 0xC304, 0xAAA3,
    0x9243, 0x9A84, 0xAB04, 0xAAE3, 0x9AC3, 0xBB84, 0xCBE5, 0xBBC5,
    0xB3C5, 0xB3C4, 0xC425, 0xCC66, 0xC445, 0xBC44, 0xC465, 0xD4E6,
    0xE587, 0xEDE7, 0xEDE7, 0xDDA7, 0xD587, 0xD5A7, 0xDDE8, 0xD5C7,
    0xCDA7, 0xCDA7, 0xD607, 0xD607, 0xC5A7, 0xB586, 0xBDC6, 0xD647,
    0xD687, 0xD6A7, 0xD6A8, 0xCE46, 0xBDC5, 0xB584, 0xBDC5, 0xC626,
    0xC626, 0xCE26, 0xCE66, 0xD686, 0xDEC7, 0xDEA7, 0xE707, 0xF747,
    0xDE66, 0xBD84, 0xBD64, 0xDE26, 0xD5E6, 0xBD65, 0xCD85, 0x9424,
    0x6AE2, 0x7B42, 0xAC63, 0xB482, 0x9BE2, 0xBCA4, 0xC4C4, 0xB443,
    0xA3C3, 0x9BA3, 0xA3C3, 0xA3C3, 0x9342, 0x9322, 0x9B22, 0x9B22,
    0x9B22, 0x9AE1, 0x92C1, 0x8AA1, 0x8A81, 0x8A40, 0x7A00, 0x69E0,
    0x69C0, 0x8A40, 0x8A20, 0x5960, 0x40E0, 0x2060, 0x1840, 0x5000,
    0x7020, 0xA080, 0xB8A1, 0xB8E1, 0xB8E2, 0xC102, 0xD142, 0xD9C3,
    0xE204, 0xE224, 0xE224, 0xE244, 0xEA64, 0xE264, 0xDA43, 0xD264,
    0xD284, 0xDAA4, 0xE2C5, 0xDAC5, 0xD2C4, 0xCAC4, 0xC2C4, 0xBAC4,
    0xBAC4, 0xC305, 0xCB46, 0xCB65, 0xC365, 0xC365, 0xD3C5, 0xD426,
    0xD405, 0xCC05, 0xD426, 0xE4A7, 0xDCA6, 0xDCC6, 0xDCC6, 0xD4A6,
    0xD4E6, 0xDD47, 0xDD47, 0xDD67, 0xE5A7, 0xE5A7, 0xEE08, 0xEE27,
    0xCD86, 0xBD06, 0xB506, 0xC565, 0xD606, 0xE667, 0xD627, 0xBD86,
    0xBDA7, 0xCE27, 0xD647, 0xC626, 0xC607, 0xCE67, 0xD687, 0xD6A7,
    0xDEC8, 0xD6C7, 0xCE87, 0xCE66, 0xD6C7, 0xCE66, 0xC625, 0xCE46,
    0xC605, 0xBDC5, 0xBDA5, 0xAD25, 0x9463, 0x9463, 0xAD24, 0xC5A4,
    0xC584, 0xBD24, 0xB4E4, 0xC524, 0xCD85, 0xCD66, 0xBCC5, 0x9C24,
    0x9BE3, 0xAC44, 0xB444, 0x9BC3, 0x9B82, 0xA3C2, 0xABC3, 0x9B42,
    0x8B02, 0x9302, 0x9B22, 0x9B22, 0x9B01, 0x9AE1, 0x8AA1, 0x8261,
    0x7A21, 0x71E1, 0x71E0, 0x69C0, 0x8A40, 0x8A40, 0x69A0, 0x5140,
    0x2080, 0x0820, 0x8841, 0x9061, 0x9881, 0x9081, 0xA8A1, 0xC902,
    0xD963, 0xE1A4, 0xD9A3, 0xD162, 0xC983, 0xD1A3, 0xE224, 0xF2A5,
    0xEA84, 0xD244, 0xCA44, 0xE2A5, 0xEAC4, 0xDAC4, 0xEB26, 0xEB45,
    0xDB25, 0xD305, 0xDB45, 0xE385, 0xEBC6, 0xEBC6, 0xDBA6, 0xD386,
    0xE3C6, 0xFCA7, 0xFD08, 0xEC67, 0xD406, 0xDC26, 0xE4A6, 0xE4C6,
    0xD486, 0xCC66, 0xC445, 0xC485, 0xD4E6, 0xD526, 0xDD47, 0xDD67,
    0xCD26, 0xBCC6, 0xBD06, 0xDDE7, 0xEE68, 0xE648, 0xDE07, 0xDE27,
    0xCDC6, 0xBD86, 0xCDE6, 0xD647, 0xD667, 0xD687, 0xD667, 0xCE67,
    0xD6A7, 0xD6A7, 0xD687, 0xD6A7, 0xDF08, 0xCE47, 0xB586, 0xBDE5,
    0xBDC4, 0xA502, 0x9482, 0x9CC3, 0x8C44, 0x7BA3, 0x9464, 0xACE4,
    0xA4A4, 0x9C63, 0x8C03, 0x7B83, 0x7341, 0x8BE2, 0xA483, 0xAC84,
    0xB4C4, 0xB4A4, 0xAC43, 0xAC43, 0xB443, 0xB423, 0xAC03, 0xA3E3,
    0x9B82, 0x9322, 0x8B02, 0x9302, 0x9322, 0x9B22, 0x9B01, 0x9B02,
    0x9AE2, 0x8261, 0x7221, 0x8241, 0x8A61, 0x8240, 0x71C0, 0x61A0,
    0x5160, 0x4120, 0x4920, 0x30A0, 0x1840, 0x6800, 0x8020, 0xB8A2,
    0xD123, 0xC902, 0xC0E2, 0xB922, 0xB942, 0xC162, 0xD183, 0xE1E4,
    0xE224, 0xE224, 0xC9E3, 0xDA44, 0xF285, 0xFAC5, 0xFB87, 0xF347,
    0xC284, 0xC243, 0xD2A4, 0xD305, 0xCAC5, 0xDB45, 0xE385, 0xD345,
    0xCB45, 0xDBA5, 0xEC06, 0xE3E5, 0xD3A5, 0xD3C5, 0xD406, 0xD406,
    0xCC05, 0xC405, 0xB3C5, 0xB3C5, 0xC445, 0xD4A6, 0xC466, 0xAC05,
    0xAC05, 0xA405, 0xAC05, 0xAC45, 0xAC65, 0xAC65, 0xA444, 0xACA5,
    0xBD05, 0xB4E5, 0xA4A4, 0xACE5, 0xBDA6, 0xCE07, 0xD648, 0xCE47,
    0xC5E7, 0xC607, 0xCE48, 0xC627, 0xBDC6, 0xAD25, 0x9CA4, 0x9CA3,
    0xA504, 0xA545, 0xA524, 0xA4E4, 0xA4E3, 0x9CA3, 0xA4E4, 0xAD24,
    0xAD24, 0xA4C4, 0x9483, 0x9484, 0xA4C3, 0xBD44, 0xC585, 0xBD45,
    0xA484, 0x93E3, 0x9C23, 0xCD65, 0xD565, 0xAC84, 0xC504, 0xCD24,
    0xCCC4, 0xC483, 0xAC03, 0x9B83, 0x9342, 0xA382, 0x9322, 0x7261,
    0x82A2, 0x9302, 0x92C2, 0x8261, 0x7A20, 0x7220, 0x7200, 0x71E0,
    0x71E0, 0x69C0, 0x6180, 0x5140, 0x4920, 0x5940, 0x30A0, 0x1020,
    0x7820, 0x7020, 0x6840, 0x7040, 0x8081, 0x98C2, 0xB902, 0xD143,
    0xC142, 0xA122, 0xB162, 0xD1E3, 0xDA24, 0xC1C3, 0xE265, 0xE244,
    0xA981, 0x8A24, 0xC347, 0xFBA7, 0xF324, 0xE2E4, 0xD305, 0xCAE4,
    0xCAE4, 0xD325, 0xD365, 0xE3A5, 0xCB45, 0xB325, 0xD3A6, 0xEC47,
    0xE426, 0xCBC5, 0xC3C5, 0xCBE5, 0xD426, 0xC426, 0xB3E5, 0xABA4,
    0xBC05, 0xB425, 0xA3C4, 0xAC25, 0xBC65, 0xBCA5, 0xB4A5, 0xB486,
    0xBD06, 0xD5A7, 0xC566, 0xC546, 0xCDC7, 0xCDA6, 0xB505, 0xAD05,
    0xCE06, 0xCE06, 0xB586, 0xBDC6, 0xBDC6, 0xB566, 0xA526, 0xAD45,
    0xB5C5, 0xBDC5, 0xAD65, 0x9CE4, 0xA505, 0xAD85, 0xA545, 0x9485,
    0x8C24, 0x9465, 0xAD25, 0xB585, 0xBD85, 0xC5A5, 0xC585, 0x9C63,
    0x9C84, 0xBD65, 0xC585, 0xB4E4, 0xA484, 0xACA4, 0xACA4, 0xB4A4,
    0xBCC4, 0xD545, 0xD525, 0xB444, 0x8302, 0x9BA3, 0xC484, 0xBC23,
    0xBC24, 0xBC03, 0xB3C3, 0x9B22, 0x9B02, 0x9B02, 0x8281, 0x7A41,
    0x8261, 0x7220, 0x7200, 0x69C0, 0x5980, 0x4940, 0x5140, 0x5140,
    0x40E0, 0x1840, 0x0800, 0x7040, 0x9061, 0xB0A2, 0xA0A2, 0x90A2,
    0x98C2, 0xB102, 0xC943, 0xD183, 0xD9C3, 0xE1E3, 0xC9C3, 0xC1E3,
    0xD223, 0xC1E3, 0xCA44, 0xEB27, 0xE2A5, 0xEA64, 0xFB26, 0xEB46,
    0xD305, 0xCAE4, 0xE345, 0xF386, 0xE365, 0xCB45, 0xE3A5, 0xFC46,
    0xFC66, 0xD385, 0xB325, 0xBB65, 0xBB85, 0xC3A6, 0xC3C6, 0xC405,
    0xBBE5, 0xB3E5, 0xBC25, 0xCC86, 0xB425, 0x9BA5, 0xAC25, 0xBC85,
    0xBCA5, 0xBCC6, 0xC506, 0xC547, 0xC547, 0xBD06, 0xBD47, 0xCDC8,
    0xD608, 0xD607, 0xBD86, 0xA4E5, 0x9CA5, 0xAD05, 0xAD25, 0x9484,
    0x9CA4, 0xB5A5, 0xAD25, 0x9484, 0x94A4, 0xB5A6, 0xBDE6, 0xB5C5,
    0xC606, 0xBDE5, 0xBDE5, 0xCE66, 0xE6E7, 0xD667, 0xB586, 0xC5E6,
    0xBDA5, 0xAD05, 0xAD04, 0xBD65, 0xC585, 0xB505, 0xACA4, 0xB4E5,
    0xD5A5, 0xCD45, 0xC505, 0xC4E4, 0xC4E4, 0xC4E4, 0xC4C3, 0xBC84,
    0xB443, 0xB402, 0xABE2, 0xABA2, 0xABC2, 0xB3E2, 0xABA3, 0x9B42,
    0x9B01, 0xA321, 0xAB22, 0x92A1, 0x61C0, 0x5160, 0x59A0, 0x71E0,
    0x61A0, 0x5140, 0x4100, 0x38C0, 0x1860, 0x0820, 0x3800, 0x5000,
    0x7861, 0x9081, 0x98A1, 0xB0E2, 0xC922, 0xB922, 0xB142, 0xB142,
    0xB983, 0xB9A2, 0xD1E3, 0xEA44, 0xE244, 0xDA64, 0xEAE5, 0xF305,
    0xE305, 0xDAE5, 0xEB05, 0xEB05, 0xDB05, 0xD325, 0xD365, 0xCB45,
    0xAAC5, 0x9265, 0x9245, 0xA2C5, 0xBB45, 0xC3A5, 0xBB85, 0xBB85,
    0xCBE5, 0xD446, 0xCC46, 0xB3C5, 0x9B65, 0x9B64, 0xB3E4, 0xBC24,
    0xB424, 0xAC05, 0xA425, 0xB486, 0xBCA5, 0xAC23, 0xAC85, 0xDDE8,
    0xEE68, 0xDE06, 0xCDA5, 0xCDA5, 0xD627, 0xDE68, 0xCDE7, 0xCE27,
    0xD667, 0xC5C6, 0xCE67, 0xE708, 0xDEC7, 0xC626, 0xBDE6, 0xBDE6,
    0xC606, 0xCE46, 0xCE46, 0xBDE5, 0xBDC5, 0xC5E6, 0xBDC6, 0xC5E6,
    0xD666, 0xE6E6, 0xF727, 0xF728, 0xE6C7, 0xCDE6, 0xB545, 0xB545,
    0xC585, 0xCD85, 0xCD85, 0xDDE5, 0xDDC5, 0xDDC5, 0xDD85, 0xDD65,
    0xCD04, 0xC4A3, 0xC4A3, 0xB423, 0xA3E3, 0xB403, 0xBC03, 0xB3E2,
    0xABA2, 0xAB82, 0xAB82, 0xAB42, 0xAB22, 0xAB22, 0xAB02, 0x92A1,
    0x7A00, 0x69E0, 0x71E1, 0x61A0, 0x40E0, 0x2080, 0x40E0, 0x30A0,
    0x1040, 0x7820, 0x9861, 0xB8A1, 0xA8A1, 0xA8A2, 0xB0E2, 0xC122,
    0xD983, 0xD983, 0xD183, 0xE1E4, 0xEA45, 0xDA23, 0xB1C3, 0xC223,
    0xE284, 0xE223, 0xDA22, 0xE262, 0xF2C4, 0xFB65, 0xFBC6, 0xFBC5,
    0xEB04, 0xC283, 0xCAC4, 0xFBC6, 0xFC26, 0xFC26, 0xEC26, 0xCB85,
    0xC344, 0xD3A5, 0xDC06, 0xDC47, 0xD405, 0xD3E3, 0xECA5, 0xF527,
    0xDC85, 0xDD08, 0xEDCA, 0xF5E9, 0xE588, 0xE566, 0xF5C5, 0xF628,
    0xFEAC, 0xFECB, 0xFE86, 0xFEA7, 0xFF2B, 0xFF6D, 0xFF6B, 0xF6E8,
    0xEEC7, 0xEEE7, 0xEEC6, 0xE6C6, 0xE6E7, 0xDEA8, 0xCE47, 0xCE47,
    0xE6E8, 0xEF48, 0xE728, 0xE727, 0xE707, 0xE708, 0xE728, 0xDEC7,
    0xD686, 0xD686, 0xD6A6, 0xDEA7, 0xDEA7, 0xDEA7, 0xDE86, 0xE686,
    0xEEC7, 0xF707, 0xFF07, 0xFEE7, 0xF6C7, 0xF6A6, 0xF686, 0xE606,
    0xDDA5, 0xDDA5, 0xEDC5, 0xE5A5, 0xD544, 0xDD44, 0xDD24, 0xDCE4,
    0xD4C4, 0xCC83, 0xCC43, 0xC403, 0xC403, 0xBBE2, 0xBBA3, 0xBBA2,
    0xBB82, 0xB342, 0xA2E2, 0x9282, 0x7A01, 0x5980, 0x5140, 0x4100,
    0x30C0, 0x38E0, 0x2060, 0x0000, 0x6000, 0x6820, 0x8861, 0xB8C1,
    0xE943, 0xE984, 0xC943, 0xA102, 0xB122, 0xD182, 0xC9A3, 0xA982,
    0xB182, 0xE202, 0xFA23, 0xFAC5, 0xFBC9, 0xFCCD, 0xFC6B, 0xFBA7,
    0xF429, 0xF4ED, 0xFD4F, 0xFCCC, 0xF48A, 0xE489, 0xEC69, 0xF427,
    0xFC46, 0xF406, 0xB305, 0xBB87, 0xF509, 0xFD8A, 0xFD8A, 0xFD8B,
    0xF5AE, 0xF5AB, 0xFDA9, 0xFDEA, 0xFE2A, 0xFE29, 0xFE28, 0xFE48,
    0xFE68, 0xFEEC, 0xFF93, 0xFF92, 0xFF2D, 0xFF0C, 0xFF72, 0xFF94,
    0xF770, 0xFFAF, 0xFF6D, 0xFF6B, 0xFF8C, 0xFFEF, 0xFFEE, 0xFFC8,
    0xFF88, 0xF749, 0xE708, 0xE708, 0xDEC8, 0xD686, 0xD686, 0xDEA6,
    0xDEC6, 0xDEC6, 0xDEE7, 0xE707, 0xDEC7, 0xDEC7, 0xE727, 0xEF47,
    0xF748, 0xEF28, 0xE6C7, 0xE6A6, 0xE686, 0xDE46, 0xCDC5, 0xCD84,
    0xC564, 0xC544, 0xD565, 0xD564, 0xC504, 0xBCC3, 0xC4E4, 0xD544,
    0xE565, 0xDD24, 0xD4E4, 0xCC63, 0xCC64, 0xCC64, 0xCC44, 0xC403,
    0xC3E3, 0xC3E3, 0xCBE3, 0xBB82, 0xA302, 0x8261, 0x7A20, 0x7200,
    0x5980, 0x5160, 0x4920, 0x30C0, 0x30A0, 0x2060, 0x1020, 0x6820,
    0x8040, 0xA081, 0xB0A2, 0x9881, 0x9081, 0xB0E2, 0xD922, 0xE183,
    0xD9E4, 0xE204, 0xF1C3, 0xFA85, 0xFBEB, 0xFC2B, 0xF3A9, 0xF387,
    0xF44B, 0xF50E, 0xF4ED, 0xFCCD, 0xF46A, 0xF407, 0xF3A5, 0xFC68,
    0xFD6E, 0xF631, 0xF5AF, 0xF52B, 0xFDAC, 0xFED2, 0xFF34, 0xFE50,
    0xFD6B, 0xFD6A, 0xFE0C, 0xFE8E, 0xFDEB, 0xED68, 0xF5CA, 0xF5C9,
    0xF587, 0xED66, 0xE586, 0xE586, 0xD526, 0xC4E6, 0xCCE3, 0xDD63,
    0xE626, 0xF6A7, 0xEE66, 0xDDE3, 0xE666, 0xFF07, 0xF6C6, 0xD606,
    0xCE27, 0xE6E9, 0xEF08, 0xEF49, 0xF788, 0xF7A7, 0xEF47, 0xDEC6,
    0xD6A6, 0xD686, 0xD6A6, 0xD6A7, 0xCE86, 0xCE66, 0xD685, 0xD6A5,
    0xCE44, 0xC604, 0xCE25, 0xDE65, 0xD665, 0xCDE4, 0xBD63, 0xB523,
    0xB524, 0xBD43, 0xC544, 0xB4E3, 0xA442, 0xA442, 0xAC83, 0xB483,
    0xAC63, 0xBC83, 0xC4A3, 0xBC63, 0xABE2, 0xA3C2, 0xB403, 0xCC83,
    0xC423, 0xAB82, 0xA362, 0xAB82, 0xBBA2, 0xC3A3, 0xAB22, 0x9AC2,
    0x9AC2, 0x9281, 0x79E0, 0x5980, 0x5980, 0x5980, 0x4920, 0x30C0,
    0x2060, 0x1860, 0x8040, 0x8841, 0x9861, 0xA881, 0xB8C2, 0xB902,
    0xB123, 0xB943, 0xC943, 0xE1A4, 0xFAE7, 0xFC0B, 0xFC8D, 0xF44E,
    0xF44C, 0xF46C, 0xFC4B, 0xF40A, 0xF366, 0xF324, 0xF3A6, 0xF449,
    0xFC8A, 0xFC49, 0xF469, 0xFC88, 0xFC46, 0xFB83, 0xEB43, 0xEBA4,
    0xDB62, 0xC300, 0xC320, 0xE403, 0xCBC4, 0xB383, 0xCBE3, 0xDC44,
    0xE4A5, 0xE4C5, 0xC444, 0xB403, 0xBC64, 0xCD06, 0xD546, 0xD525,
    0xDD85, 0xEE07, 0xEE28, 0xCD86, 0xC546, 0xCDA7, 0xD5E7, 0xD606,
    0xB525, 0x9C84, 0xBD45, 0xBD85, 0xB545, 0xBD85, 0xBDC5, 0xC5E4,
    0xCE45, 0xCE45, 0xCE65, 0xD665, 0xD6A6, 0xD6A6, 0xDEE7, 0xEF48,
    0xE707, 0xCE45, 0xC603, 0xC5E2, 0xC5C3, 0xBDA3, 0xC5C4, 0xC5C4,
    0xC5C5, 0xCDE5, 0xD625, 0xCDC4, 0xB4E3, 0xA463, 0xA463, 0xAC82,
    0xA441, 0x9C01, 0xA422, 0xBCA4, 0xBC84, 0xA3E3, 0x9BC2, 0xABE3,
    0xB403, 0xABE2, 0xA3A2, 0xA383, 0xA363, 0x9B22, 0x9302, 0x92E2,
    0xA322, 0xAB22, 0xAB22, 0xAAE2, 0x8241, 0x7A00, 0x8201, 0x79E1,
    0x6180, 0x5120, 0x38C0, 0x1860, 0x1040, 0x7820, 0x9061, 0xB0A1,
    0xA8A1, 0xB8E2, 0xD123, 0xD964, 0xE1E5, 0xD9C4, 0xD9A3, 0xD204,
    0xE244, 0xF2E6, 0xFBA9, 0xFCAD, 0xF44C, 0xF306, 0xF3A9, 0xF48C,
    0xF48C, 0xFC08, 0xF3C7, 0xF3A7, 0xFB85, 0xFB64, 0xEB24, 0xC304,
    0xC365, 0xDBE6, 0xE406, 0xDBC6, 0xCBC6, 0xCBE7, 0xD407, 0xBBA5,
    0xA324, 0x9B23, 0xBC05, 0xD485, 0xBC24, 0xBC44, 0xD4E6, 0xD4E6,
    0xB445, 0x8B83, 0x9383, 0xB464, 0xA445, 0x9C04, 0xA464, 0xC525,
    0xCD86, 0xACC5, 0x9465, 0x8C04, 0x8403, 0x9464, 0xA4C4, 0xBD85,
    0xCDE6, 0xA505, 0x8424, 0x9465, 0x9CC4, 0xB563, 0xC603, 0xC603,
    0xCE45, 0xD6A6, 0xD6A5, 0xD684, 0xD665, 0xD665, 0xCE24, 0xCE24,
    0xCE24, 0xCDE4, 0xD625, 0xDE46, 0xCE05, 0xC5C4, 0xC5A4, 0xCDA3,
    0xC563, 0xBD04, 0xACA4, 0xB4A3, 0xB483, 0xB483, 0xC4C3, 0xC4C3,
    0xBC63, 0xBC63, 0xAC03, 0xA3A2, 0x9B83, 0x9342, 0x9B42, 0x9B42,
    0x8AC2, 0x8282, 0x8281, 0x8A81, 0x8261, 0x7A41, 0x8A61, 0x8A61,
    0x7A21, 0x71E0, 0x71C0, 0x61A0, 0x5140, 0x4900, 0x2060, 0x0000,
    0x7820, 0x7840, 0x9080, 0xA8A1, 0xB0C2, 0xB8E2, 0xC0E2, 0xC922,
    0xD9A4, 0xE205, 0xE225, 0xEA25, 0xF245, 0xEA24, 0xF2A6, 0xFB47,
    0xFB87, 0xFBE7, 0xFB86, 0xF304, 0xFB45, 0xF324, 0xDAE4, 0xD304,
    0xC304, 0xB2C4, 0xAAC4, 0xD365, 0xEBC6, 0xDBC5, 0xD3A5, 0xBB64,
    0xB364, 0xBB84, 0xBBA5, 0xAB65, 0x9B04, 0x9B45, 0xA365, 0x9B44,
    0x7AA3, 0x4181, 0x3960, 0x8321, 0x93A2, 0x8B63, 0xB484, 0x9BE4,
    0x7303, 0x7B23, 0x7B23, 0x7B64, 0x83A3, 0x9C63, 0xACE4, 0xA4A5,
    0x9464, 0x9464, 0x8C43, 0x7382, 0x6B41, 0x6B41, 0x6B22, 0x7383,
    0x7BC3, 0x83E3, 0x8C44, 0x9CC3, 0xAD63, 0xBDA3, 0xB583, 0xA4E3,
    0x94A3, 0x8403, 0x83E2, 0x9C82, 0xAD22, 0xBD63, 0xB544, 0xA4E4,
    0xA4A4, 0xA484, 0x9C63, 0x9C43, 0xA482, 0xACA3, 0xB4C3, 0xC504,
    0xC4E4, 0xBCA4, 0xB443, 0xB442, 0xAC22, 0xAC02, 0xABE3, 0xABC3,
    0x9B42, 0x8B02, 0x9322, 0x9302, 0x92E2, 0x8AA1, 0x7A61, 0x6A01,
    0x69E1, 0x8241, 0x7A21, 0x71E1, 0x69C0, 0x6180, 0x4920, 0x38C0,
    0x4100, 0x2080, 0x0820, 0x6800, 0x8841, 0xA8A1, 0xA8A1, 0xA0A1,
    0xB0E2, 0xC102, 0xC122, 0xB942, 0xC1A3, 0xE224, 0xFAA6, 0xFB07,
    0xF327, 0xEAC6, 0xF2A5, 0xF2E5, 0xE2A4, 0xDA63, 0xE2C4, 0xFB86,
    0xF365, 0xDB04, 0xF385, 0xE365, 0xD345, 0xE3A5, 0xEBC6, 0xD365,
    0xAAE4, 0xC365, 0xE406, 0xD3E6, 0xAB44, 0xBBA5, 0xDC66, 0xD466,
    0xB3C4, 0x9344, 0x9B64, 0x7AA3, 0x7282, 0x8303, 0x8B43, 0x72A3,
    0x51E1, 0x6282, 0x9C05, 0xCD87, 0xD5A6, 0xA485, 0x7B63, 0x7323,
    0x7363, 0x7323, 0x62C2, 0x62E0, 0x5281, 0x4A62, 0x6323, 0x8403,
    0x83E3, 0x7382, 0x73C2, 0x7382, 0x6342, 0x83E4, 0x8C24, 0x7383,
    0x7363, 0x9463, 0xA503, 0x9481, 0x7BC2, 0x8405, 0x9466, 0x7BA2,
    0x6320, 0x7381, 0x9C82, 0xA4A3, 0x9C62, 0x9C63, 0x9403, 0x9403,
    0xA443, 0xB4A3, 0xB4C3, 0xB483, 0xCD04, 0xC4C3, 0x93C2, 0x8322,
    0x9BA2, 0xABE3, 0x9B62, 0xA3A3, 0xABA3, 0x9322, 0x7261, 0x8281,
    0x9B02, 0x8AA2, 0x8261, 0x8261, 0x8A61, 0x7A21, 0x69C0, 0x5980,
    0x4940, 0x4100, 0x40E0, 0x4100, 0x2060, 0x0000, 0x5000, 0x5800,
    0x7840, 0x9081, 0xA0A2, 0xA0C2, 0xA8E2, 0xC122, 0xC163, 0xA142,
    0x88C0, 0xB141, 0xEA24, 0xF2A6, 0xF307, 0xF327, 0xFB06, 0xFB66,
    0xF366, 0xF325, 0xEB05, 0xEB25, 0xE325, 0xCB03, 0xB2A3, 0xBAC4,
    0xE385, 0xDB85, 0xD385, 0xDBA6, 0xEC06, 0xE426, 0xDC06, 0xEC66,
    0xF4A6, 0xE486, 0xCC25, 0xB3C5, 0xBC06, 0xCC66, 0xB405, 0xC4A5,
    0xED86, 0xC4C6, 0x93A4, 0x72E3, 0x6AC2, 0x3980, 0x18C0, 0x41C0,
    0x62C2, 0x8384, 0x8BE4, 0x9465, 0x8C04, 0x7343, 0x7362, 0x83C2,
    0x8C23, 0x8C24, 0x7BC4, 0x8404, 0x8423, 0x6B41, 0x6301, 0x73A2,
    0x8402, 0x73A2, 0x6342, 0x5B01, 0x4221, 0x4A23, 0x6B63, 0x8402,
    0x83E1, 0x7BA1, 0x8403, 0x7BA3, 0x6B23, 0x7BA3, 0x7343, 0x62C1,
    0x6B21, 0x8BE2, 0xA463, 0xA443, 0xA443, 0x9C03, 0x93C2, 0xB483,
    0xC4A3, 0xB463, 0xAC03, 0xA3E3, 0xA3C2, 0xA382, 0xA382, 0x9B42,
    0x8AE1, 0x7A81, 0x7A61, 0x7A61, 0x7221, 0x8241, 0x8261, 0x71E0,
    0x61C0, 0x59A0, 0x5180, 0x5140, 0x4920, 0x4100, 0x30C0, 0x1040,
    0x0000, 0x7820, 0x8840, 0xB0A1, 0xC0C1, 0xB0C1, 0xB8E1, 0xC923,
    0xD984, 0xE1A4, 0xD983, 0xE1E4, 0xEA66, 0xF2C6, 0xEA86, 0xEA85,
    0xEA84, 0xE284, 0xF2E5, 0xE2A4, 0xCA42, 0xD263, 0xDAE4, 0xCAE4,
    0xAA83, 0x9A42, 0xAA82, 0xC324, 0xD365, 0xE3C6, 0xF426, 0xD3A5,
    0xB304, 0xC384, 0xFCE6, 0xBBA4, 0x59C2, 0x59E2, 0x8B03, 0xA383,
    0x8B03, 0x82E4, 0x8B25, 0xABE6, 0xC4A6, 0xC4C4, 0xAC43, 0xB484,
    0xAC85, 0xB4C5, 0xCD67, 0x9405, 0x7B63, 0x9404, 0xA485, 0xA4A5,
    0xA4A6, 0x9CA5, 0x8C44, 0x83E3, 0x83C4, 0x6303, 0x5AE2, 0x7C04,
    0x9485, 0x9465, 0x8403, 0x8C43, 0x8C43, 0x8403, 0x73C2, 0x6B62,
    0x6B62, 0x6B63, 0x7BC3, 0x62E1, 0x4200, 0x8403, 0xA4E3, 0x8C22,
    0x83C1, 0x8C22, 0x9424, 0x6AE3, 0x5241, 0x62E1, 0x8BE2, 0xACA4,
    0xAC83, 0xA423, 0xAC43, 0xB444, 0xAC23, 0xAC23, 0xAC02, 0x9BA2,
    0x8B02, 0x7281, 0x7281, 0x82C1, 0x82C1, 0x7A61, 0x6A00, 0x7221,
    0x61E0, 0x5180, 0x4920, 0x5180, 0x61C0, 0x5980, 0x4920, 0x30C0,
    0x2880, 0x2080, 0x1020, 0x0000, 0x7000, 0x7840, 0x9080, 0xA081,
    0x98A1, 0xA0C1, 0xB0E2, 0xB902, 0xC143, 0xD1C4, 0xEA66, 0xE224,
    0xDA03, 0xEA85, 0xEA85, 0xD223, 0xBA03, 0xD243, 0xFB05, 0xFBE8,
    0xF3E8, 0xDB04, 0xC283, 0xD2E4, 0xDB45, 0xD344, 0xCB44, 0xC324,
    0xD364, 0xE3E5, 0xE406, 0xCBA5, 0xB344, 0xC3A4, 0xC3C5, 0xCC06,
    0xD446, 0xD466, 0xC426, 0x9B65, 0x9343, 0xABE4, 0xBC45, 0x9384,
    0xA3E5, 0xCCE7, 0xC4C6, 0xBCE6, 0xC547, 0xDDC7, 0xDDC8, 0xD5C8,
    0xC567, 0x9C84, 0x9C63, 0xACE5, 0xA4E5, 0xAD27, 0xB5A7, 0xBDA6,
    0xB585, 0xC5E6, 0xD666, 0xC605, 0xAD84, 0xAD86, 0xB5E6, 0xB585,
    0x9CA3, 0x8402, 0x8423, 0x9483, 0x8C43, 0x9CE4, 0xAD45, 0x9CA5,
    0x9464, 0x9463, 0xA4C2, 0xB523, 0xCDC4, 0xE666, 0xEE86, 0xCDA5,
    0xA464, 0x9403, 0xB4A3, 0xC503, 0xB483, 0xAC42, 0xA402, 0xA3E3,
    0xA3E2, 0x9362, 0x8B21, 0x9342, 0x9B62, 0x9321, 0x7A81, 0x7A61,
    0x8281, 0x8261, 0x8A81, 0x7A41, 0x7221, 0x69E0, 0x5980, 0x4120,
    0x30C0, 0x30C0, 0x30A0, 0x2080, 0x28A0, 0x1840, 0x0000, 0x7820,
    0x8860, 0xA081, 0xA081, 0x98A1, 0xB0E2, 0xC923, 0xB922, 0xC163,
    0xD9E4, 0xDA24, 0xDA45, 0xEA86, 0xFB07, 0xFB47, 0xFB46, 0xF305,
    0xF2E5, 0xF325, 0xF346, 0xEB04, 0xEB04, 0xEB24, 0xD304, 0xB2A4,
    0xB2A3, 0xC303, 0xDB84, 0xD385, 0xB304, 0xAB03, 0xB343, 0xBB85,
    0xC3A5, 0xB3A5, 0xB3A4, 0xBBE5, 0xBBE5, 0xC425, 0xCC65, 0xCC66,
    0xD4E6, 0xE547, 0xCCC6, 0xC4C5, 0xC4C5, 0xA405, 0x9BE5, 0xAC86,
    0xC546, 0xBD26, 0xB506, 0xC586, 0xDE48, 0xCDE8, 0x9CA5, 0x83C4,
    0x9445, 0xA4E6, 0x9CC6, 0xB5A6, 0xAD65, 0x8C45, 0x8C65, 0xA4E4,
    0xA503, 0xB565, 0xB5A6, 0xBDE6, 0xCE46, 0xB584, 0x8C41, 0x8401,
    0xA4E2, 0xD665, 0xEF26, 0xE6A6, 0xCDE5, 0xC5C6, 0xE6A8, 0xDE66,
    0xB523, 0xA4A3, 0xBD24, 0xD5A5, 0xC524, 0xAC63, 0x8B82, 0x8382,
    0xAC43, 0xBCA3, 0xAC23, 0xA3E2, 0xA3E3, 0xB403, 0xB402, 0xABC2,
    0xA362, 0x9B22, 0x9B22, 0x8AC1, 0x7220, 0x7A40, 0x8261, 0x8261,
    0x7200, 0x59A0, 0x5980, 0x5160, 0x5140, 0x38E0, 0x1860, 0x2080,
    0x1840, 0x0800, 0x7820, 0x8040, 0x9081, 0x9880, 0xA0A1, 0xB902,
    0xD963, 0xD163, 0xC963, 0xC943, 0xC163, 0xC9C3, 0xD1C3, 0xC9A2,
    0xC203, 0xDA84, 0xEAC4, 0xE264, 0xE2A4, 0xF345, 0xF3A6, 0xF365,
    0xEB45, 0xEB65, 0xFBC6, 0xF3A5, 0xD365, 0xE3C6, 0xEC47, 0xF447,
    0xE3E5, 0xE405, 0xF487, 0xF4A6, 0xD405, 0xB385, 0xC406, 0xD466,
    0xCC66, 0xC446, 0xBC25, 0xABC4, 0xA3C4, 0xBCA6, 0xBC86, 0xAC25,
    0xBCA6, 0xD567, 0xD587, 0xCD86, 0xCD67, 0xD5A8, 0xD5C8, 0xC586,
    0xD606, 0xF708, 0xFF89, 0xFF88, 0xEF07, 0xDE68, 0xB566, 0xB586,
    0xCE86, 0xC626, 0xAD66, 0xAD45, 0xAD64, 0xAD43, 0xA4E3, 0xA505,
    0xBDC7, 0xD687, 0xCE47, 0xAD44, 0xA503, 0xBDA4, 0xD685, 0xDEC6,
    0xD645, 0xD646, 0xD606, 0xD606, 0xD606, 0xD5C5, 0xBD23, 0xAC83,
    0xAC83, 0xB483, 0xB4A3, 0xC4C3, 0xC4C4, 0xCCE4, 0xE544, 0xDD04,
    0xCCA3, 0xC443, 0xC423, 0xBC03, 0xABA2, 0x9301, 0x92E1, 0x9B01,
    0x9AE2, 0x8AA1, 0x8A81, 0x8240, 0x69E0, 0x59A0, 0x5160, 0x4100,
    0x30A0, 0x1860, 0x1840, 0x0800, 0x0000, 0x7820, 0x7840, 0x8060,
    0x8860, 0xA0A1, 0xB8C2, 0xB8E2, 0xC143, 0xC963, 0xC183, 0xB963,
    0xB183, 0xCA03, 0xE244, 0xD202, 0xB1A1, 0xC222, 0xE2A4, 0xF2C4,
    0xE2A3, 0xDAC4, 0xDB04, 0xE344, 0xE344, 0xFBA4, 0xFBC4, 0xDB43,
    0xB260, 0xB2A1, 0xE404, 0xFC87, 0xFC87, 0xFCA6, 0xF4C7, 0xFD27,
    0xFD07, 0xDC65, 0xCC05, 0xCC25, 0xD486, 0xCC86, 0xD4E7, 0xDD27,
    0xD526, 0xCD05, 0xBCA6, 0xA406, 0xA425, 0xC525, 0xEE46, 0xE624,
    0xCD82, 0xC542, 0xBD45, 0xD5E8, 0xDE68, 0xC5A6, 0xB566, 0xBDA6,
    0xCE26, 0xDEA7, 0xEF28, 0xF788, 0xDEC7, 0xC625, 0xBE05, 0xBDC5,
    0xC605, 0xD685, 0xDF06, 0xDEC7, 0xCE46, 0xC625, 0xD6A6, 0xE6E7,
    0xE6C7, 0xE6C7, 0xD666, 0xC5C4, 0xC5A3, 0xC5C3, 0xC584, 0xBD24,
    0xC544, 0xC544, 0xBD03, 0xC524, 0xCD44, 0xD564, 0xD544, 0xD544,
    0xDD64, 0xE585, 0xED85, 0xED64, 0xDD04, 0xD4A4, 0xD4A4, 0xD463,
    0xC403, 0xB3A2, 0xB382, 0xBBA2, 0xB362, 0xAB02, 0x9AC2, 0x8A61,
    0x7A20, 0x61C0, 0x4920, 0x30A0, 0x1860, 0x1840, 0x0820, 0x0800,
    0x7020, 0x8040, 0x8860, 0x7860, 0x88A1, 0xB0E2, 0xC103, 0xA902,
    0x88C1, 0x98E2, 0xDA04, 0xFAA6, 0xF265, 0xE224, 0xE285, 0xF2E5,
    0xF2E5, 0xFB46, 0xF346, 0xEB25, 0xFB45, 0xF344, 0xDB03, 0xCAE3,
    0xEC07, 0xFD0A, 0xFD4B, 0xFD6B, 0xFD09, 0xFCC7, 0xF54B, 0xF54B,
    0xF4A7, 0xF444, 0xF485, 0xF507, 0xF569, 0xFE0B, 0xFE2B, 0xFDE9,
    0xFDC7, 0xFDE7, 0xFE07, 0xFE07, 0xFE28, 0xFE89, 0xFEA7, 0xFEA7,
    0xFE87, 0xFEA7, 0xFEA6, 0xF684, 0xEE84, 0xE685, 0xDE46, 0xD626,
    0xDE67, 0xEEE7, 0xF749, 0xF769, 0xF789, 0xEF28, 0xE6E8, 0xE708,
    0xEF49, 0xF789, 0xE729, 0xDEC8, 0xD687, 0xCE46, 0xCE45, 0xDEE6,
    0xF788, 0xF768, 0xE6E7, 0xDEA6, 0xDEA6, 0xEF07, 0xFF47, 0xEEC6,
    0xE6A5, 0xEEA5, 0xDE45, 0xDE05, 0xE626, 0xEE66, 0xE625, 0xDDA5,
    0xDDA5, 0xDD85, 0xE585, 0xE585, 0xE585, 0xED84, 0xED64, 0xED24,
    0xDCE4, 0xD484, 0xCC43, 0xCC23, 0xC3E3, 0xC3C3, 0xC3A3, 0xBB82,
    0xBB82, 0xB322, 0x9AA1, 0x8241, 0x69C0, 0x4920, 0x28A0, 0x1860,
    0x28A0, 0x1860, 0x0000, 0x6820, 0x7840, 0xB081, 0xD0C2, 0xC0C2,
    0xB0E2, 0xC0E2, 0xD122, 0xF205, 0xFAC7, 0xDAA7, 0xC225, 0xE265,
    0xFB67, 0xF367, 0xEAE5, 0xFAE5, 0xFB25, 0xFB65, 0xF386, 0xF3C6,
    0xFC69, 0xFD2C, 0xFD4D, 0xFD0C, 0xF4EB, 0xF4EB, 0xF4EA, 0xF487,
    0xF445, 0xF4C7, 0xF58B, 0xFDCD, 0xFD8B, 0xFE0E, 0xFEB2, 0xFE50,
    0xFE4F, 0xF6B2, 0xEEF6, 0xEED4, 0xF64F, 0xF62C, 0xF66C, 0xFE8C,
    0xF68D, 0xF6CF, 0xF711, 0xFF10, 0xFF0F, 0xF6CA, 0xF6A7, 0xFEE7,
    0xFF88, 0xFF88, 0xFF27, 0xEEE8, 0xEF08, 0xEF28, 0xDEC7, 0xE6E8,
    0xE708, 0xE6E8, 0xEF68, 0xFFC9, 0xFFC9, 0xEF69, 0xEF69, 0xEF88,
    0xE727, 0xE728, 0xEF48, 0xE727, 0xCE45, 0xC605, 0xDE86, 0xDEA5,
    0xD665, 0xD645, 0xD626, 0xDE26, 0xD625, 0xCDE4, 0xCDA4, 0xC564,
    0xCD64, 0xCD44, 0xCD44, 0xCD44, 0xD544, 0xD523, 0xCD03, 0xCCE4,
    0xCCA4, 0xC483, 0xC463, 0xCC83, 0xD463, 0xC423, 0xBBE2, 0xBBC2,
    0xB3A2, 0xAB42, 0xA322, 0xAB02, 0xA2C2, 0x9261, 0x8A61, 0x8A40,
    0x6180, 0x30A0, 0x1040, 0x1840, 0x1020, 0x0000, 0x5800, 0x7840,
    0x9861, 0x9081, 0x98A1, 0xA0C1, 0xB102, 0xC143, 0xC942, 0xD142,
    0xB922, 0xC162, 0xC9A3, 0xB962, 0xC181, 0xD1E2, 0xE2A4, 0xDB05,
    0xEB05, 0xFB25, 0xFB24, 0xF386, 0xF3E7, 0xF406, 0xFC26, 0xF426,
    0xF445, 0xF4C9, 0xF54B, 0xF52B, 0xF4E8, 0xFD49, 0xFDED, 0xF60F,
    0xED8C, 0xF507, 0xF548, 0xF5AB, 0xFE2D, 0xFEAE, 0xFECF, 0xFF11,
    0xFF30, 0xFE4A, 0xF608, 0xFE69, 0xFE68, 0xFECA, 0xFF2E, 0xF751,
    0xFF0A, 0xFF4A, 0xFF4E, 0xDE46, 0xBD60, 0xBD40, 0xB520, 0xD645,
    0xFF8A, 0xF769, 0xE727, 0xD6A6, 0xD667, 0xDEC7, 0xDEE7, 0xD6C6,
    0xDEC7, 0xEF68, 0xF7A9, 0xE707, 0xD6C6, 0xDEC6, 0xDEC7, 0xDEC7,
    0xDEA6, 0xD666, 0xCE25, 0xD665, 0xD645, 0xB522, 0xACE3, 0xBD44,
    0xB524, 0xACC3, 0xB4C3, 0xC543, 0xBCE3, 0xB483, 0xAC62, 0xB483,
    0xB463, 0xB423, 0xBC63, 0xB443, 0xABE2, 0xA3A2, 0xA3A2, 0xB3C3,
    0xB3A2, 0xA342, 0x9B01, 0x92E1, 0x92E1, 0x8AA1, 0x8A81, 0x8261,
    0x7A21, 0x71E0, 0x59A0, 0x4100, 0x38E0, 0x4100, 0x30C0, 0x1020,
    0x0000, 0x6800, 0x7020, 0x9881, 0xC0C2, 0xC102, 0xB8E2, 0xC102,
    0xD983, 0xE1E5, 0xC9E5, 0xB1A3, 0xDA24, 0xF264, 0xD203, 0xF2A5,
    0xFB06, 0xD284, 0xA9C2, 0xC202, 0xF325, 0xEB85, 0xF3E6, 0xFC27,
    0xF406, 0xEB64, 0xEB23, 0xFC05, 0xFCA8, 0xFCC9, 0xFCC8, 0xF4A7,
    0xF445, 0xF423, 0xFC84, 0xFCE5, 0xEC85, 0xCBE4, 0xBBA4, 0xC3E4,
    0xDC43, 0xCC85, 0xD508, 0xDD46, 0xDCE3, 0xC4A4, 0xC4E6, 0xCD25,
    0xC504, 0xBCC3, 0xBCE3, 0xB4A4, 0xA463, 0xA482, 0xACC3, 0xACE3,
    0xACC3, 0xA4C2, 0xBDA4, 0xDE88, 0xD645, 0xD666, 0xDEC7, 0xE6E7,
    0xDEE7, 0xDEE7, 0xE728, 0xEF48, 0xE707, 0xD6C7, 0xD6A7, 0xDEE7,
    0xEF47, 0xE727, 0xDEA6, 0xCE46, 0xD686, 0xCE45, 0xD645, 0xD665,
    0xCDE4, 0xCDE4, 0xD5E5, 0xD5C4, 0xACA3, 0x8BC2, 0xA442, 0xA463,
    0xAC62, 0xAC62, 0xAC42, 0xAC22, 0xAC03, 0xB423, 0xB423, 0xB423,
    0xB3E3, 0xB3C3, 0xA382, 0x9301, 0x9B21, 0x92C1, 0x7A61, 0x8AA1,
    0x8AA1, 0x8A61, 0x8241, 0x7200, 0x5180, 0x4920, 0x4920, 0x38C0,
    0x2060, 0x2060, 0x1020, 0x0000, 0x7020, 0x7840, 0x8060, 0x8060,
    0x8880, 0xA8E1, 0xB902, 0xA8E1, 0xB922, 0xE1E3, 0xEA25, 0xEA45,
    0xEA65, 0xEA64, 0xDA64, 0xDA64, 0xF2A4, 0xFAE5, 0xF326, 0xFB86,
    0xFB66, 0xFB85, 0xFB85, 0xF364, 0xE384, 0xDB84, 0xE3C4, 0xE383,
    0xE382, 0xE3C3, 0xE404, 0xE425, 0xD3E5, 0xAB45, 0xBB85, 0xDC66,
    0xE4C6, 0xCC66, 0xB406, 0xB426, 0xBC45, 0xABE4, 0x9BA4, 0xAC65,
    0x9BC4, 0x72E2, 0x7B43, 0xA425, 0xBCE5, 0xBD05, 0xCDA5, 0xD5E6,
    0xCDC6, 0xCDC7, 0xDE47, 0xF708, 0xFF88, 0xFFA9, 0xEF09, 0xC607,
    0xDE88, 0xEF29, 0xDEC7, 0xDEA7, 0xDEC7, 0xDEA7, 0xD687, 0xD6A7,
    0xD6C7, 0xD686, 0xC606, 0xBDE5, 0xBDE5, 0xC644, 0xDEC5, 0xEF27,
    0xD646, 0xC5C5, 0xCDE5, 0xCE04, 0xCDE4, 0xB544, 0xA4A4, 0x8BC3,
    0x8382, 0x93E2, 0x93C2, 0xA423, 0xB483, 0xAC43, 0xA3E2, 0xA3E2,
    0xBC63, 0xB443, 0xABE3, 0xABE2, 0xABC2, 0xABA2, 0x9B42, 0x9B22,
    0x9B02, 0x8AA2, 0x8281, 0x7A40, 0x7A20, 0x8221, 0x7A00, 0x61C0,
    0x5160, 0x3900, 0x2060, 0x0800, 0x1020, 0x0820, 0x0000, 0x5000,
    0x5820, 0x7040, 0x8860, 0x90A1, 0xA0C1, 0xA8E2, 0xA922, 0xB122,
    0xB942, 0xC982, 0xC982, 0xD1C3, 0xE245, 0xFAC6, 0xFAC5, 0xFAA4,
    0xFB05, 0xFB46, 0xF304, 0xC262, 0xB242, 0xBAA4, 0xC2C3, 0xD323,
    0xDB44, 0xC324, 0xAAE3, 0x9AA3, 0x9AC3, 0xAAC3, 0xAB02, 0xB342,
    0xB363, 0x92C3, 0x7242, 0x8AC3, 0x9322, 0x9B62, 0x9B62, 0xABC4,
    0xAC05, 0xA3C4, 0xAC05, 0xBCA5, 0xC4E5, 0xA424, 0x9C04, 0xA425,
    0x8BC4, 0x8361, 0x8BC1, 0xACC3, 0xBD45, 0xACC5, 0x9444, 0xA4C4,
    0xBD65, 0xD645, 0xDEA7, 0xCE46, 0xCE46, 0xE6E8, 0xE728, 0xCE66,
    0xB5A4, 0xC605, 0xCE66, 0xCE27, 0xBDC6, 0xC5E5, 0xC625, 0xC5E6,
    0xC625, 0xD6A5, 0xE706, 0xC5C5, 0xCE27, 0xEEE8, 0xCDE5, 0xAD03,
    0xAD03, 0xCDC4, 0xC544, 0xAC84, 0xB4A3, 0xBCE3, 0xB483, 0xA422,
    0xB463, 0xB484, 0xAC43, 0xB463, 0xB423, 0xAC03, 0xABE3, 0xABC3,
    0xB3C3, 0xB3C3, 0xAB82, 0x9B02, 0x8AA2, 0x8A81, 0x8AA1, 0x8A81,
    0x7A01, 0x69C0, 0x61A0, 0x5160, 0x4120, 0x38E0, 0x2880, 0x1020,
    0x0000, 0x0000, 0x6000, 0x5820, 0x6040, 0x8060, 0x98A1, 0xA8E2,
    0xB101, 0xB922, 0xC963, 0xD9A3, 0xE204, 0xE224, 0xCA02, 0xB981,
    0xC9E0, 0xC200, 0x89A0, 0x7180, 0xA1E1, 0xDAC4, 0xDB04, 0xD2E3,
    0xCAE3, 0xC2E3, 0xD304, 0xCB03, 0xAAA2, 0xB2E2, 0xC343, 0xCB62,
    0xAAE0, 0xA2E0, 0xBB61, 0xC3A2, 0xCC02, 0xD423, 0xD445, 0xC405,
    0xB3C4, 0xABC3, 0xABE3, 0x9BA3, 0x8B43, 0x9BA4, 0x8B44, 0x7B03,
    0x7B22, 0x8382, 0x93C3, 0x9C24, 0xAC85, 0xACA5, 0xACE5, 0xB504,
    0xACE4, 0xACE5, 0xBD66, 0xAD05, 0x9483, 0xAD04, 0xD646, 0xDEC7,
    0xC606, 0xBDC6, 0xBDE6, 0xC606, 0xC646, 0xBDE5, 0xB5A5, 0xAD85,
    0xC626, 0xD6A6, 0xCE46, 0xAD45, 0xAD45, 0xD646, 0xAD22, 0x7BA0,
    0x7341, 0x9C84, 0xC585, 0xC564, 0xBD64, 0xA4A2, 0x9C21, 0x9402,
    0x9BE2, 0x9BE3, 0x9C03, 0xBCC3, 0xBC83, 0xAC02, 0xB423, 0xBC63,
    0xB423, 0x9B82, 0xA382, 0xA382, 0x9322, 0x9301, 0x8AC1, 0x8281,
    0x8261, 0x7A21, 0x7A20, 0x7200, 0x61C0, 0x5180, 0x5160, 0x4100,
    0x38E0, 0x38E0, 0x38C0, 0x1040, 0x0000, 0x8020, 0x8840, 0x8860,
    0x9080, 0xA0A1, 0xB8E2, 0xD122, 0xC922, 0xD182, 0xD9E3, 0xD9E3,
    0xD9E3, 0xEA24, 0xF2E5, 0xFB26, 0xFAE5, 0xFAA3, 0xEAC3, 0xCA81,
    0xC241, 0xDAC3, 0xF365, 0xFBA5, 0xEB44, 0xDB44, 0xD365, 0xCB44,
    0xC341, 0xAB00, 0x9280, 0x8A82, 0xA2E3, 0xB363, 0xB383, 0xBBC3,
    0xBBE2, 0xB3C2, 0xB3C2, 0xB3E3, 0xA3C3, 0xB445, 0xB445, 0xA3E4,
    0xAC24, 0xC4C5, 0xCD26, 0xC4E6, 0xBCE7, 0xBD06, 0xB4C4, 0xA464,
    0xA464, 0xACA4, 0x9C64, 0xACE5, 0xC586, 0xC5A5, 0xCE06, 0xD667,
    0xCE27, 0xC5E6, 0xC606, 0xD667, 0xD687, 0xCE67, 0xCE67, 0xC606,
    0xB5C5, 0xAD84, 0xAD44, 0xB585, 0xBDC6, 0xB565, 0x8C43, 0x7BA2,
    0x8C04, 0x7BC2, 0x83E1, 0x9441, 0x9442, 0x8C02, 0x9402, 0xA4A3,
    0xACA3, 0xACA3, 0xB4C3, 0xA462, 0xAC42, 0xAC43, 0x9BE2, 0x93C1,
    0x93C1, 0x9B82, 0x9BC2, 0xA3C2, 0x9B62, 0x9321, 0x9321, 0x9B22,
    0xA343, 0x9B22, 0x8AC1, 0x8281, 0x7221, 0x69E0, 0x7201, 0x61A0,
    0x5980, 0x5160, 0x4100, 0x38E0, 0x30C0, 0x2880, 0x0820, 0x0000,
    0x6000, 0x6820, 0x9060, 0xB0C1, 0xB901, 0xC102, 0xD142, 0xD183,
    0xE205, 0xF286, 0xF265, 0xEA64, 0xEA85, 0xEAA5, 0xF2C5, 0xF2C4,
    0xF2C4, 0xF2C4, 0xFAE4, 0xFB24, 0xFB65, 0xF364, 0xF343, 0xF3A4,
    0xFBC4, 0xFBA3, 0xE364, 0xDB44, 0xD362, 0xC340, 0x9A80, 0x6980,
    0x5920, 0x8220, 0x92C1, 0x9AE1, 0xB362, 0xD423, 0xDC84, 0xD444,
    0xCC43, 0xDCC4, 0xDD25, 0xC484, 0xC484, 0xD504, 0xCD04, 0xB463,
    0xA444, 0xB4E6, 0xACA6, 0xB505, 0xEE88, 0xE688, 0xD627, 0xD627,
    0xDE67, 0xDE87, 0xDE86, 0xDEA7, 0xD687, 0xD687, 0xDEA7, 0xCE46,
    0xBDA5, 0xBDA5, 0xCE66, 0xD6A6, 0xCE86, 0xD6A7, 0xDEA7, 0xCE66,
    0xC625, 0xC605, 0xC5E4, 0xC5A4, 0xA4C4, 0x9464, 0x9C83, 0xACE2,
    0xA4A1, 0x9442, 0xA4A4, 0xACA4, 0xBD25, 0xDDE6, 0xCD65, 0xBCE3,
    0xB4A2, 0xAC42, 0xAC22, 0xA402, 0x9382, 0x9382, 0x9BA2, 0x9342,
    0x8B01, 0x8B01, 0x9B22, 0x9B22, 0x82A1, 0x7261, 0x92E1, 0x8261,
    0x5180, 0x4940, 0x5180, 0x61C0, 0x61A0, 0x5980, 0x38E0, 0x2060,
    0x30A0, 0x2060, 0x0000, 0x8020, 0xB081, 0xD0C1, 0xA880, 0xB8C0,
    0xD942, 0xE1C4, 0xE1E5, 0xE1C4, 0xEA25, 0xF369, 0xFBCA, 0xF327,
    0xEA43, 0xEAC5, 0xF3E9, 0xFC6A, 0xF449, 0xF44A, 0xF4AC, 0xF4AB,
    0xF4CC, 0xFD2E, 0xFD4D, 0xF4EB, 0xF4A9, 0xFCC9, 0xFD2B, 0xFCC9,
    0xFC46, 0xFCE9, 0xFDEE, 0xFE2E, 0xFD88, 0xFD46, 0xFDCA, 0xFE2D,
    0xFE6F, 0xFE4D, 0xFDE9, 0xFE2C, 0xFEAF, 0xFEEF, 0xFEEE, 0xFE8C,
    0xFE8C, 0xFF2E, 0xFF4F, 0xFF0B, 0xFF06, 0xFF27, 0xFF28, 0xFEE8,
    0xE666, 0xE666, 0xE6A7, 0xEEE7, 0xEF07, 0xEF28, 0xEF28, 0xEF08,
    0xE6E7, 0xDEC7, 0xDF07, 0xE727, 0xEF47, 0xF7A9, 0xFFE9, 0xF7C8,
    0xEF47, 0xE706, 0xE707, 0xD685, 0xAD44, 0x9CC4, 0xAD24, 0xA4E2,
    0xA4A2, 0xACE5, 0xC5A7, 0xBD84, 0xBD42, 0xCDA4, 0xB504, 0xA463,
    0xB4A2, 0xAC83, 0xA443, 0x93E2, 0x9C02, 0xA402, 0x9BC1, 0x8B41,
    0x9381, 0xA3C2, 0x9B62, 0x9341, 0x82C1, 0x6A20, 0x6A20, 0x7241,
    0x7A61, 0x7A40, 0x61E0, 0x61C0, 0x7200, 0x7200, 0x5980, 0x38E0,
    0x38E0, 0x4100, 0x40E0, 0x38E0, 0x1860, 0x0800, 0x8020, 0xA080,
    0xD0C1, 0xC8A1, 0xC923, 0xD9C5, 0xEA46, 0xF286, 0xF2A7, 0xF2A7,
    0xFAC6, 0xFAC5, 0xF347, 0xFBA9, 0xFBC9, 0xF3A7, 0xF3E8, 0xFD0E,
    0xFD6F, 0xFD4E, 0xFD70, 0xF5F3, 0xFDB0, 0xF489, 0xF52C, 0xF653,
    0xF6D7, 0xFF7C, 0xF77C, 0xF695, 0xF632, 0xF5CE, 0xF58C, 0xF630,
    0xEE30, 0xEDCB, 0xED48, 0xF60E, 0xFF35, 0xFF96, 0xFF54, 0xFED0,
    0xF6D0, 0xFF55, 0xFF77, 0xFF13, 0xFF11, 0xFFB6, 0xFFF8, 0xF752,
    0xF6ED, 0xFF2C, 0xFF6C, 0xFF6D, 0xFF4A, 0xF707, 0xEEE8, 0xDE87,
    0xCE26, 0xCE25, 0xD665, 0xCE45, 0xBDE5, 0xB5A5, 0xB5A6, 0xAD85,
    0x8C43, 0x5AE0, 0x6301, 0x9483, 0x8C42, 0x83E1, 0xA4E3, 0xA524,
    0x9CC3, 0x9C83, 0x9CA2, 0x9CA2, 0x9442, 0x9443, 0xC586, 0xEEC7,
    0xE665, 0xC543, 0xA483, 0xA462, 0xAC62, 0x8360, 0x5A40, 0x8340,
    0xA422, 0xAC22, 0xA3E2, 0xA3C2, 0x9381, 0x7AA1, 0x8B01, 0xA382,
    0xAB62, 0x9B21, 0x8281, 0x6A20, 0x6A00, 0x6A00, 0x7220, 0x8220,
    0x71E0, 0x5980, 0x5160, 0x5140, 0x4920, 0x38C0, 0x2080, 0x0820,
    0x0000, 0xA060, 0xB080, 0xC0A0, 0xB8A0, 0xC902, 0xD964, 0xE1A5,
    0xEA25, 0xEA65, 0xE205, 0xC983, 0xD9E3, 0xFAC5, 0xFB06, 0xF305,
    0xFB25, 0xFB25, 0xDAC3, 0xBA41, 0xD281, 0xFB64, 0xFC69, 0xF4EC,
    0xF449, 0xFBA4, 0xFC46, 0xFDCE, 0xFD4C, 0xFCA7, 0xFD29, 0xFDCE,
    0xFD8B, 0xFCC5, 0xFCE7, 0xF508, 0xFD28, 0xFD46, 0xFD44, 0xECA3,
    0xBBE1, 0xBC02, 0xE4C3, 0xF545, 0xED66, 0xEDE8, 0xF68B, 0xF669,
    0xE584, 0xE5A4, 0xF6EB, 0xFF0B, 0xEE67, 0xDE05, 0xEEC8, 0xEEE9,
    0xDE46, 0xC5C7, 0xC5C6, 0xC5C6, 0xB565, 0xB565, 0xBDA5, 0xB5A5,
    0xBDE6, 0xBDA6, 0xAD45, 0xA504, 0xA544, 0xA524, 0x9D04, 0xB585,
    0xBDE6, 0xB585, 0xB5A3, 0xC5E3, 0xC5E5, 0xBD84, 0xAD24, 0xA4E3,
    0x9461, 0x83C1, 0x7341, 0x7321, 0x9C22, 0xB4E2, 0xB4C3, 0xBCC3,
    0xB4A3, 0xAC62, 0xB462, 0xB442, 0xB443, 0xC4A3, 0xBC63, 0xA3C2,
    0x9B82, 0xB403, 0xBC23, 0xABA2, 0xAB82, 0xB382, 0xAB62, 0x92E1,
    0x92C1, 0xA2E2, 0x92A1, 0x8A60, 0x7A20, 0x69E0, 0x4940, 0x38E0,
    0x40E0, 0x30A0, 0x1020, 0x0000, 0x7820, 0x8840, 0xA8A0, 0xB8A1,
    0xB8C1, 0xB0E1, 0xB121, 0xE226, 0xF267, 0xD9E4, 0xC982, 0xD9E4,
    0xE245, 0xD9E2, 0xD202, 0xEA83, 0xFAE5, 0xFAC4, 0xEAA4, 0xEAE4,
    0xF305, 0xFB24, 0xFB23, 0xF323, 0xEBA5, 0xEBC6, 0xE384, 0xEB43,
    0xF3C4, 0xF405, 0xDB84, 0xCB64, 0xD3E5, 0xE445, 0xF485, 0xF4A6,
    0xDC86, 0xCC87, 0xE4E7, 0xF568, 0xF588, 0xE567, 0xDD47, 0xD527,
    0xE587, 0xEDC7, 0xDD66, 0xAC46, 0x9BE5, 0xBCC5, 0xBCE4, 0xB4E4,
    0xB505, 0xCDC6, 0xD627, 0xC5C7, 0xBD86, 0xB565, 0xAD25, 0x9CA5,
    0x9CC5, 0xAD45, 0xBDC5, 0xBDA4, 0xBDE5, 0xD687, 0xE707, 0xD686,
    0xB5A5, 0xA524, 0xA523, 0xB584, 0xC5E5, 0xCE46, 0xCE45, 0xC605,
    0xCE24, 0xD645, 0xD626, 0xC5A5, 0xC5A4, 0xCDA4, 0xBD44, 0xC564,
    0xC544, 0xBD04, 0xD584, 0xF645, 0xFE86, 0xE5A5, 0xEDE6, 0xFE66,
    0xEDA5, 0xDD24, 0xDD04, 0xED44, 0xE4E4, 0xD484, 0xCC43, 0xD443,
    0xCC03, 0xC3C3, 0xBBA3, 0xBBA3, 0xBB83, 0xAB02, 0x9AA2, 0x9AA1,
    0x9AA1, 0x8221, 0x5960, 0x30C0, 0x1840, 0x0000, 0x0000, 0x8020,
    0x8860, 0xA8A1, 0xB0A1, 0xB0C1, 0xB0E2, 0xC101, 0xD101, 0xE182,
    0xEA24, 0xDA03, 0xA982, 0xA9A2, 0xE224, 0xD224, 0x99A2, 0x91A1,
    0xB222, 0xCA84, 0xC283, 0xBA83, 0xBAA4, 0xBAA4, 0xA243, 0x9A43,
    0x9A42, 0x9243, 0xB305, 0xCB65, 0xC364, 0xCB85, 0xCBA6, 0xC3A5,
    0xC3C5, 0xBBC4, 0xA323, 0x8282, 0xB3C4, 0xE4C6, 0xCC85, 0xA3A4,
    0xB405, 0xD4E6, 0xAC45, 0x9BE4, 0xA405, 0xA445, 0xAC85, 0xACA5,
    0xB4C6, 0xAC86, 0xB4E5, 0xBD65, 0xACE5, 0xA4A4, 0xB525, 0xCDE7,
    0xCE06, 0xC5C5, 0xC5C5, 0xBDC6, 0xB586, 0xB585, 0xAD43, 0xA523,
    0xA524, 0xAD44, 0xA524, 0xA525, 0xB5A5, 0xBDC5, 0xA543, 0x9CE2,
    0xBDC4, 0xDEA6, 0xD666, 0xD666, 0xE6C6, 0xEEE6, 0xEEE6, 0xF6E7,
    0xF6E7, 0xF6C6, 0xEE86, 0xF686, 0xF6A6, 0xF666, 0xEE25, 0xEE25,
    0xE5C4, 0xEDE5, 0xF606, 0xED85, 0xED64, 0xED85, 0xFD85, 0xED24,
    0xE504, 0xE4E4, 0xE484, 0xD444, 0xD423, 0xE443, 0xD403, 0xC3A2,
    0xBB42, 0xB322, 0xB302, 0xA2A1, 0x8221, 0x6180, 0x4900, 0x40E0,
    0x2880, 0x1040, 0x8020, 0x8840, 0xA080, 0xB081, 0xC0E2, 0xB923,
    0x98E2, 0x98E2, 0xB122, 0xC9A3, 0xE1E4, 0xEA04, 0xE223, 0xEA43,
    0xDA23, 0xE244, 0xE2C5, 0xCAA4, 0xC263, 0xD284, 0xE2C5, 0xD305,
    0xC2E4, 0xCB04, 0xDB45, 0xE385, 0xCB44, 0xBB04, 0xC344, 0xD385,
    0xDBC5, 0xC384, 0xAB44, 0xB364, 0xBBC5, 0xC3E6, 0xB3C5, 0xB3C5,
    0xB3E5, 0xB405, 0xC466, 0xC486, 0xC486, 0xBC86, 0xCD07, 0xDD46,
    0xCD27, 0xC506, 0xC526, 0xBD25, 0xA465, 0x9C25, 0xB4E5, 0xB525,
    0xC585, 0xCE06, 0xCE06, 0xC5C6, 0xBDC6, 0xC5E7, 0xC5C5, 0xBDC6,
    0xC607, 0xB585, 0xAD44, 0xAD44, 0x9CC4, 0x9CE4, 0xAD24, 0xA4E2,
    0xA523, 0xB5A5, 0xB585, 0xA4E3, 0x9CA2, 0xAD23, 0xBDA4, 0xC5C5,
    0xCE05, 0xDE65, 0xDE45, 0xD605, 0xDE46, 0xDE25, 0xE625, 0xEE65,
    0xE605, 0xE5E5, 0xEE05, 0xEDC5, 0xEDC5, 0xEDA5, 0xE564, 0xED64,
    0xED64, 0xED44, 0xED04, 0xED04, 0xDCA4, 0xC403, 0xBBC3, 0xBBC3,
    0xBB83, 0xB342, 0xB322, 0xB322, 0xAB02, 0xA2A1, 0x8A41, 0x7A00,
    0x6180, 0x4920, 0x4920, 0x2880, 0x1040, 0x8020, 0x8840, 0x9080,
    0x9081, 0x9881, 0xB8A1, 0xD901, 0xE162, 0xD182, 0xD1A3, 0xE244,
    0xEA44, 0xEA23, 0xF264, 0xF2C4, 0xFB05, 0xFB05, 0xF283, 0xFAA3,
    0xFB45, 0xFB65, 0xDAA2, 0xD282, 0xF365, 0xC2E4, 0x9A22, 0xBAC3,
    0xDB83, 0xB303, 0x71E2, 0x9283, 0xCBA5, 0xD3C7, 0xAB04, 0xBB02,
    0xDBA2, 0xCBE2, 0xCC03, 0xD444, 0xDC84, 0xDCC4, 0xC443, 0xA3A3,
    0xA403, 0x9BC4, 0x8B84, 0x9BE4, 0xBCC6, 0xD587, 0xD5C7, 0xE627,
    0xD5C6, 0xB505, 0xB505, 0xACE5, 0x9443, 0x7BC3, 0xA4C4, 0xCDC5,
    0xC5E6, 0xBDA6, 0xAD44, 0xB585, 0xC606, 0xD6A7, 0xD6C6, 0xD6A6,
    0xDEC6, 0xD686, 0xB565, 0xB585, 0xC625, 0xCE66, 0xD6A7, 0xCE46,
    0xBDA6, 0xB544, 0xB563, 0xBD84, 0xBD65, 0xB525, 0xB524, 0xC563,
    0xBD24, 0xACC3, 0xAC83, 0xBCC3, 0xC504, 0xBCE4, 0xBCC3, 0xCD03,
    0xDD44, 0xD524, 0xCCC4, 0xCC83, 0xC463, 0xCC63, 0xCC43, 0xBBE3,
    0xA362, 0x9301, 0x9B02, 0xAB42, 0xA302, 0x9AC1, 0x92A1, 0x8A61,
    0x8241, 0x7A01, 0x69C0, 0x4920, 0x38C0, 0x38C0, 0x2060, 0x0820,
    0x7820, 0x8860, 0xA8A1, 0xC0A0, 0xC0E1, 0xC983, 0xDA05, 0xEA46,
    0xF246, 0xF266, 0xF286, 0xF368, 0xF42B, 0xFC0A, 0xF42B, 0xF40A,
    0xF3E8, 0xF4ED, 0xF52E, 0xF46A, 0xF46A, 0xFC8B, 0xFC69, 0xFC06,
    0xFBC5, 0xFC27, 0xFCEA, 0xFCA8, 0xFC66, 0xFC85, 0xFCA6, 0xFC65,
    0xFC64, 0xFD27, 0xFEB1, 0xFF55, 0xFEF1, 0xFED0, 0xFE8E, 0xFE0A,
    0xFE2B, 0xFE8C, 0xFEAB, 0xFE88, 0xFE69, 0xF66A, 0xF648, 0xF647,
    0xEE06, 0xDDC6, 0xE607, 0xDE27, 0xC585, 0xB505, 0xC5A6, 0xE6A7,
    0xDE87, 0xC5C5, 0xAD23, 0xAD24, 0x9463, 0x94A3, 0xBDC5, 0xB583,
    0xAD43, 0xB585, 0xB5A5, 0xBDC4, 0xC604, 0xCE86, 0xD6A7, 0xCE46,
    0xBDA4, 0xC605, 0xCE66, 0xCE47, 0xC5E6, 0xBD84, 0xB563, 0xAD23,
    0xB544, 0xC565, 0xBD44, 0xBD24, 0xC524, 0xC524, 0xBCE4, 0xAC63,
    0xA443, 0xCD04, 0xBCA3, 0x8B61, 0x7B00, 0xA3C1, 0xBC42, 0xA3A2,
    0xA382, 0xABA2, 0xA382, 0x9B22, 0x92E2, 0x9AE2, 0x92C1, 0x8A81,
    0x8261, 0x7A20, 0x71E0, 0x61A0, 0x5980, 0x5140, 0x4920, 0x4920,
    0x40E0, 0x1860, 0x0000, 0x7020, 0x9040, 0xB8A1, 0xC082, 0xC902,
    0xD143, 0xD164, 0xE205, 0xF2E7, 0xFB27, 0xE224, 0xEA24, 0xFB47,
    0xFBCA, 0xFC0A, 0xF387, 0xF366, 0xF50F, 0xFD91, 0xFCCC, 0xF4CD,
    0xF54F, 0xF590, 0xF52E, 0xF50C, 0xF50B, 0xF4EA, 0xF4A9, 0xF4C9,
    0xF52A, 0xF54B, 0xF5AD, 0xF5CE, 0xF528, 0xECC6, 0xECC7, 0xF507,
    0xF547, 0xF588, 0xF5C9, 0xFE4B, 0xFECF, 0xFF13, 0xF68F, 0xF66C,
    0xFECD, 0xFF0E, 0xFECB, 0xFEE9, 0xFF4B, 0xFF09, 0xF687, 0xF6A8,
    0xF708, 0xFF49, 0xFF4A, 0xFF49, 0xF748, 0xF768, 0xFFC8, 0xF788,
    0xF748, 0xF769, 0xF788, 0xEF67, 0xE6E6, 0xD6C6, 0xD6C7, 0xD6A7,
    0xD666, 0xCE66, 0xD686, 0xD6A6, 0xD666, 0xCE25, 0xC604, 0xC605,
    0xC5C5, 0xBD85, 0xB523, 0xB523, 0xBD44, 0xB524, 0xBD24, 0xC524,
    0xBD04, 0xBD04, 0xBCC3, 0xAC62, 0xAC63, 0xAC23, 0xA3E2, 0x9BC2,
    0xABE2, 0x9B81, 0x7AC0, 0x9B42, 0x9B42, 0x7A80, 0x82A1, 0xAB62,
    0xAB62, 0x7221, 0x7200, 0x8240, 0x5180, 0x5980, 0x69E0, 0x61A0,
    0x4100, 0x40E0, 0x5120, 0x40E0, 0x1020, 0x0000, 0x7020, 0x7840,
    0x9880, 0xA0A1, 0xB0C2, 0xB8E1, 0xB8E1, 0xB0E1, 0xC102, 0xE1A3,
    0xE204, 0xE244, 0xD9E2, 0xB941, 0xD1C3, 0xFB06, 0xFC07, 0xFBC7,
    0xF305, 0xF305, 0xFBA5, 0xFC07, 0xFCAB, 0xFD6F, 0xFD8E, 0xFCC9,
    0xFBE6, 0xFC06, 0xFCA9, 0xFD2A, 0xFD29, 0xFCE7, 0xFCA6, 0xFC44,
    0xFC84, 0xF4C5, 0xECC5, 0xECE6, 0xF506, 0xFD46, 0xED25, 0xDCE4,
    0xE4E4, 0xFDC4, 0xFEA8, 0xFEAA, 0xFE69, 0xFE68, 0xF688, 0xE669,
    0xE627, 0xEE47, 0xF6C8, 0xF6E7, 0xF6E7, 0xEF08, 0xF708, 0xEF07,
    0xEF27, 0xF768, 0xEF27, 0xDEC6, 0xDEA6, 0xE707, 0xEF68, 0xEF47,
    0xDEC7, 0xD686, 0xDEC7, 0xE726, 0xE706, 0xDEC6, 0xDEE6, 0xDEC6,
    0xDEC6, 0xDE86, 0xD666, 0xD646, 0xD646, 0xDE45, 0xDE45, 0xDE46,
    0xDE26, 0xD5C5, 0xCD64, 0xCD64, 0xD584, 0xCD24, 0xBCC3, 0xBCA3,
    0xBC83, 0xB423, 0xA3E2, 0xABE2, 0xABC2, 0x8B21, 0x8AE1, 0x9B41,
    0xAB82, 0xAB82, 0x9301, 0x7A80, 0x6A20, 0x7A61, 0x8A81, 0x7200,
    0x69C0, 0x61A0, 0x61C0, 0x5980, 0x4920, 0x4900, 0x38C0, 0x1840,
    0x0000, 0x6000, 0x7020, 0x8860, 0x9080, 0xA8A0, 0xB8E2, 0xC122,
    0xC962, 0xC962, 0xC162, 0xA942, 0xC1A2, 0xEA44, 0xF284, 0xFAE6,
    0xFB26, 0xF2E6, 0xC243, 0xCA63, 0xFB45, 0xF3A6, 0xE325, 0xDA82,
    0xE2C1, 0xE303, 0xDB24, 0xC304, 0xB2C3, 0xB2C2, 0xC322, 0xDBA4,
    0xE404, 0xDC04, 0xDC25, 0xEC86, 0xECA6, 0xDC65, 0xCC44, 0xCC65,
    0xCC86, 0xBC25, 0xABC2, 0xAC23, 0xC4A6, 0xCCC7, 0xC485, 0xB463,
    0x9C03, 0x93C3, 0xA443, 0xBCE4, 0xC565, 0xC566, 0xC586, 0xBD45,
    0xB503, 0xB544, 0xAD24, 0x9CA3, 0x9462, 0xA4E4, 0xBDA5, 0xBDC6,
    0xB585, 0xAD64, 0xBDC4, 0xBDE4, 0xB5A4, 0xB584, 0xBDE4, 0xC605,
    0xC605, 0xBDC5, 0xB5A4, 0xB584, 0xBDC4, 0xC5E5, 0xC5E5, 0xC5C5,
    0xCDE5, 0xD625, 0xD605, 0xD5C5, 0xD5E5, 0xD5C4, 0xC524, 0xAC83,
    0xAC63, 0xB483, 0xA403, 0xA402, 0xB443, 0xBC63, 0xAC03, 0xA3A2,
    0xA3A2, 0xABC2, 0xABC2, 0x9B62, 0x9301, 0xA341, 0xB382, 0xAB42,
    0x8281, 0x7220, 0x8240, 0x7A20, 0x69E0, 0x61A0, 0x61A0, 0x5140,
    0x38C0, 0x30C0, 0x1040, 0x0000, 0x7020, 0x8040, 0x9880, 0x9881,
    0xA0A1, 0x98C2, 0x90A1, 0xA902, 0xA101, 0x9101, 0x8921, 0xA983,
    0xC9E3, 0xC1C2, 0xC1E2, 0xCA23, 0xD263, 0xC242, 0xBA42, 0xC263,
    0xD2A3, 0xD2C3, 0xC2E3, 0xC304, 0xBAC4, 0xBAE4, 0xCB44, 0xDBA4,
    0xDBA5, 0xCB65, 0xC364, 0xCBA4, 0xCBC4, 0xC3A3, 0xBB84, 0xBBA4,
    0xC3E4, 0xC424, 0xC424, 0xC445, 0xE506, 0xED45, 0xCCC5, 0xBC64,
    0xCCE6, 0xE587, 0xD567, 0xA404, 0x8383, 0xA464, 0xACA4, 0xAC83,
    0xA4A4, 0xA4A4, 0xACE4, 0xAD04, 0xAD04, 0x9C84, 0x8403, 0x7BC3,
    0x9443, 0x9462, 0x7C01, 0x8C63, 0x9CE4, 0xA524, 0xA523, 0x9CC3,
    0x9CC3, 0xAD44, 0xA4E3, 0x9482, 0x9483, 0xAD44, 0xBD84, 0xAD03,
    0xA503, 0xB524, 0xBD64, 0xBD64, 0xB523, 0xACC2, 0x9C83, 0x9C43,
    0x9C23, 0x9C22, 0x9C02, 0x9BE1, 0x9C21, 0x9BE2, 0xA402, 0xAC22,
    0xAC22, 0xB422, 0xABE2, 0x9B61, 0x9B61, 0x9B62, 0x9B42, 0xA341,
    0xA321, 0x92E1, 0x82A1, 0x8AA1, 0x8A81, 0x7A00, 0x69C0, 0x69C0,
    0x61C0, 0x6180, 0x5120, 0x38E0, 0x30C0, 0x1840, 0x0820, 0x5000,
    0x5000, 0x6840, 0x8860, 0xA8C1, 0xA0E1, 0x70A0, 0x88C1, 0xA0E1,
    0xB142, 0xC9A2, 0xC1C2, 0xB1A2, 0xB1A3, 0xB1C3, 0xB1C3, 0xA9E2,
    0xBA43, 0xC263, 0xBA62, 0xAA42, 0xAA42, 0xAA62, 0xAA62, 0xBAC3,
    0xCB03, 0xC324, 0xC323, 0xC343, 0xBB23, 0xA2C2, 0x9AC2, 0xAB03,
    0xBB83, 0xC3C3, 0xBBA4, 0xAB84, 0xBBE4, 0xC424, 0xABC3, 0xBC24,
    0xBC45, 0xB405, 0xA3E4, 0xB444, 0xCD05, 0xDD86, 0xE5C7, 0xD586,
    0xB4C5, 0xA443, 0x9403, 0x9423, 0x9C84, 0xBD45, 0xC5A5, 0xAD24,
    0x9CA4, 0x9C84, 0xA524, 0xAD24, 0x9CA4, 0x8403, 0x8C43, 0x94A3,
    0x9CC3, 0xA523, 0x9D02, 0x94A3, 0x9CE4, 0x9CC3, 0x9CA3, 0xA4E3,
    0x9CA3, 0x8402, 0x83C1, 0xA4E2, 0xB563, 0xAD04, 0xA4C4, 0xA4A3,
    0xACC3, 0x9C62, 0x9403, 0x8BA2, 0x93E1, 0xA442, 0xB483, 0xB4A2,
    0xB462, 0xA402, 0x9BC2, 0xBC42, 0xB443, 0xA3E2, 0x9BA2, 0x9B82,
    0x9B41, 0x8B01, 0x9B01, 0x92E1, 0x82A0, 0x8280, 0x8261, 0x8261,
    0x8240, 0x7200, 0x69C0, 0x61A0, 0x5960, 0x4100, 0x30A0, 0x38C0,
    0x2080, 0x1020, 0x7020, 0x8040, 0x8880, 0x7860, 0x7060, 0x8880,
    0xA8E1, 0xC962, 0xD183, 0xC142, 0xB143, 0xA982, 0xC1E2, 0xDA23,
    0xDA23, 0xB9E2, 0xA9C0, 0xB222, 0xB242, 0x91C1, 0x6121, 0x6981,
    0x9222, 0x8A02, 0x6161, 0x40E0, 0x5141, 0x79E2, 0xA2A2, 0xBB22,
    0xB303, 0xAB23, 0xB343, 0xB343, 0xB383, 0xBBC3, 0xBBC4, 0xB3C4,
    0xABA4, 0xA383, 0xA383, 0xABE4, 0xC485, 0xC4C5, 0xCCE5, 0xC4C5,
    0xB485, 0xAC85, 0x93C4, 0x62A2, 0x6AC2, 0x9403, 0xACC4, 0x8C03,
    0x7B62, 0x83A2, 0x83C2, 0x9443, 0x9CA4, 0x9CC4, 0x8C22, 0x83E2,
    0x8C42, 0x9483, 0x9483, 0x8402, 0x7BE2, 0x7BE2, 0x8402, 0x8422,
    0x73C2, 0x73A2, 0x8C22, 0x8C62, 0x9482, 0xA4E3, 0xB564, 0xAD03,
    0x83E2, 0x6B01, 0x7B82, 0x9443, 0x9402, 0xA483, 0xB4C4, 0xA443,
    0x9C22, 0x9C01, 0x9BE1, 0x93A1, 0x93A1, 0x93A2, 0xA3C2, 0xA3C2,
    0xA3C2, 0xA3A2, 0xA3A2, 0x9B41, 0x82E1, 0x82C1, 0x9B01, 0xA321,
    0x92E1, 0x7220, 0x69E0, 0x8220, 0x8240, 0x7200, 0x5980, 0x4920,
    0x38E0, 0x30C0, 0x4900, 0x28A0, 0x0800, 0x7020, 0xA061, 0xC8C2,
    0xC0A2, 0xB0C1, 0xC102, 0xD943, 0xD143, 0xC142, 0xC983, 0xEA44,
    0xF244, 0xE203, 0xE243, 0xFAC5, 0xFB26, 0xF2C4, 0xDA63, 0xDA83,
    0xDAE5, 0xD2C4, 0xC262, 0xB241, 0xCAC2, 0xCB04, 0xCB45, 0xDBA4,
    0xD384, 0xCB64, 0xD384, 0xCB84, 0xD3C4, 0xE425, 0xE445, 0xDC25,
    0xD405, 0xD465, 0xDC86, 0xDC85, 0xD4A4, 0xDD05, 0xCC85, 0xABE3,
    0xA3E5, 0xB445, 0xC4E5, 0xCD06, 0xBCE5, 0xBCE5, 0xB4C5, 0xB4A4,
    0x93E3, 0x7B62, 0x7BA3, 0x9423, 0x9C42, 0x8BE2, 0x7361, 0x7381,
    0x83E3, 0x6B41, 0x5280, 0x5AC0, 0x5AC1, 0x5AE1, 0x5AE1, 0x5AE1,
    0x6322, 0x7362, 0x7BC1, 0x7BE2, 0x7BE3, 0x7B82, 0x7381, 0x7BA2,
    0x7381, 0x52A0, 0x4A40, 0x7321, 0x9442, 0x83C1, 0x6B00, 0x7320,
    0x9401, 0x9C22, 0x8362, 0x7321, 0x8360, 0x9BE1, 0x9381, 0x9381,
    0x9BC1, 0xA3E1, 0x9BC1, 0x8B41, 0x82E1, 0x7AC0, 0x8B01, 0xA362,
    0x9B41, 0x92E1, 0x82A0, 0x7A60, 0x7A40, 0x8240, 0x7A20, 0x7A00,
    0x69E0, 0x5980, 0x5960, 0x4920, 0x38C0, 0x38C0, 0x1860, 0x0000,
    0x5800, 0x7840, 0x9880, 0x9881, 0x9860, 0xB8C2, 0xE1A4, 0xE205,
    0xD9C4, 0xD183, 0xD9E4, 0xE224, 0xE284, 0xEA84, 0xE264, 0xE263,
    0xF2C3, 0xFB86, 0xFC08, 0xFC49, 0xFC89, 0xFCEB, 0xFCCA, 0xFC06,
    0xFBE5, 0xFC07, 0xFC26, 0xFC05, 0xF3E5, 0xE3C5, 0xDBC5, 0xE405,
    0xF466, 0xFCA6, 0xEC85, 0xE465, 0xECE6, 0xFD87, 0xFDE8, 0xFD88,
    0xEDA8, 0xF5C8, 0xFDC8, 0xED88, 0xD505, 0xCCC4, 0xCD25, 0xDDC7,
    0xEE47, 0xF647, 0xFEC7, 0xE646, 0xBD45, 0xBD66, 0xCDA5, 0xC5A4,
    0xB545, 0xC5E6, 0xC606, 0x9CC3, 0x9CA3, 0xAD44, 0xAD65, 0x9D06,
    0x94C5, 0x9CA4, 0x8C43, 0x7C02, 0x7BE2, 0x8C22, 0x8422, 0x73A2,
    0x7361, 0x8403, 0x8C23, 0x7BC1, 0x83E2, 0x83E2, 0x7BA2, 0x83C2,
    0xA4C4, 0xC585, 0xB503, 0xBD23, 0xBD24, 0xAC83, 0xBD03, 0xB4C3,
    0x9BE2, 0x93A1, 0x93A2, 0x93A1, 0x9361, 0x9BA1, 0xA3A2, 0x9B82,
    0x82C0, 0x7AA0, 0x8AE1, 0x8AE0, 0x92E1, 0x92E1, 0x82A0, 0x7A40,
    0x7220, 0x7200, 0x7200, 0x69C0, 0x5160, 0x4100, 0x38C0, 0x2880,
    0x2080, 0x1020, 0x0000, 0x6000, 0x8040, 0x9880, 0x8060, 0x90A1,
    0xA8C1, 0xB0E1, 0xB922, 0xC942, 0xD162, 0xDA03, 0xEA44, 0xF284,
    0xF2A5, 0xFB47, 0xF3A8, 0xF367, 0xF366, 0xF345, 0xEB86, 0xEBC7,
    0xF3C7, 0xF3A6, 0xEB65, 0xDB44, 0xE384, 0xF3E6, 0xE407, 0xE427,
    0xFC67, 0xFC86, 0xF425, 0xD3C5, 0xCBE5, 0xDC25, 0xE465, 0xE485,
    0xE4A6, 0xDCA6, 0xDCA5, 0xED26, 0xFDC7, 0xFE07, 0xFE8A, 0xFFB0,
    0xFF90, 0xEDC6, 0xCD04, 0xA485, 0x8381, 0x9C42, 0xCD85, 0xDE07,
    0xBD46, 0xB545, 0xCDC5, 0xB524, 0xA4C3, 0x9CC4, 0xA4E4, 0xC605,
    0xCE45, 0xAD44, 0x94A3, 0x9D04, 0xBDA6, 0xB565, 0xA525, 0xA525,
    0xB584, 0xB584, 0xAD84, 0xAD64, 0xA504, 0x9CC3, 0x9CC3, 0x94A2,
    0x9482, 0x9442, 0x83E1, 0xA482, 0xBD44, 0xBD44, 0xCD85, 0xDE05,
    0xE605, 0xF666, 0xEE06, 0xD564, 0xDDA4, 0xDD64, 0xCCC3, 0xC484,
    0xB443, 0xABE2, 0x9B82, 0x8301, 0x7AC0, 0x8AE1, 0x92E1, 0x8AC0,
    0x82A0, 0x92C0, 0x8AA1, 0x7A20, 0x61C0, 0x5160, 0x59A0, 0x69C0,
    0x5960, 0x30A0, 0x2060, 0x38C0, 0x2060, 0x0000, 0x8020, 0x9060,
    0xA0A1, 0x9881, 0xA8A1, 0xB0E2, 0xB902, 0xC942, 0xC963, 0xC983,
    0xC182, 0xC181, 0xD1C2, 0xE223, 0xDA23, 0xE243, 0xF2A4, 0xFB05,
    0xF346, 0xFB66, 0xF325, 0xFB45, 0xF385, 0xFBA6, 0xFC06, 0xFC46,
    0xFC26, 0xF406, 0xE3E5, 0xDBA5, 0xDBA5, 0xE405, 0xF486, 0xFD06,
    0xFCE6, 0xE465, 0xCC03, 0xC403, 0xCC65, 0xD486, 0xBC45, 0xAC04,
    0xB444, 0xC484, 0xBC63, 0xB484, 0xDD66, 0xF628, 0xFEE9, 0xFF29,
    0xF6A8, 0xE627, 0xDE47, 0xD627, 0xDE67, 0xE6A7, 0xE688, 0xD627,
    0xCE27, 0xD647, 0xCE47, 0xBDC5, 0xA524, 0xAD63, 0xBDE5, 0xBE05,
    0xA524, 0xAD45, 0xBDC5, 0xB5A5, 0xBDE6, 0xBDC6, 0x9CE3, 0x9482,
    0xA4C3, 0xA4E4, 0x7BE1, 0x73C1, 0xA4C3, 0xB524, 0xA4A2, 0x9C81,
    0xC584, 0xD5E5, 0xDDE5, 0xDDE5, 0xDDC5, 0xDDC5, 0xE5C5, 0xE5A5,
    0xE584, 0xE584, 0xE584, 0xDD04, 0xC483, 0xBC23, 0xB402, 0xABC2,
    0xA362, 0xAB62, 0x9B22, 0x92E1, 0x9B02, 0x9B02, 0x92A1, 0x7A20,
    0x7200, 0x69C0, 0x5160, 0x4940, 0x4100, 0x2880, 0x2060, 0x1020,
    0x0800, 0x7820, 0x9040, 0xA8A0, 0xB0A1, 0xC8E2, 0xC903, 0xB902,
    0xB922, 0xC962, 0xE9C4, 0xE204, 0xE243, 0xEA83, 0xF2A4, 0xFAC5,
    0xEAA5, 0xD243, 0xBA02, 0xDA83, 0xF2E4, 0xE2C4, 0xD2C4, 0xDB05,
    0xDB24, 0xAA83, 0x8A22, 0xB2C3, 0xD345, 0xE3A5, 0xDBC5, 0xDBC4,
    0xC384, 0xB364, 0xC3A4, 0xBB83, 0xAB83, 0xCC25, 0xF526, 0xFD86,
    0xE4E6, 0xD4A6, 0xCCA5, 0xCCA4, 0xDD47, 0xDD67, 0xD566, 0xEDC6,
    0xEE27, 0xE608, 0xDDC7, 0xE627, 0xEE87, 0xEEA8, 0xEEC8, 0xF6E8,
    0xF729, 0xFFAA, 0xFFAA, 0xF729, 0xDEA7, 0xDEA7, 0xDEA7, 0xDEA8,
    0xF789, 0xF7A8, 0xDEA6, 0xC645, 0xCE66, 0xD687, 0xBDC5, 0xAD45,
    0xA504, 0xA504, 0xD667, 0xE6E8, 0xCE47, 0xCE46, 0xCE25, 0xC5E5,
    0xCDE6, 0xDE26, 0xDE46, 0xDE26, 0xD5E5, 0xD5C5, 0xDDC5, 0xF647,
    0xF666, 0xE5E5, 0xE584, 0xDD44, 0xCCE3, 0xC4C3, 0xD4E4, 0xE524,
    0xDD04, 0xDCC4, 0xD483, 0xCC43, 0xC403, 0xC3E3, 0xC3C3, 0xBBA2,
    0xAB42, 0xA2E2, 0x8A61, 0x71E0, 0x61A0, 0x5160, 0x4940, 0x4900,
    0x40E0, 0x38C0, 0x1840, 0x0000, 0x7020, 0x8840, 0xA881, 0xC0C1,
    0xD922, 0xE163, 0xD963, 0xB122, 0xA901, 0xC162, 0xD9C3, 0xE245,
    0xDAA5, 0xE283, 0xEAA4, 0xF2C5, 0xFB05, 0xF2E4, 0xFB26, 0xFBC7,
    0xFB65, 0xF325, 0xE346, 0xDB25, 0xC2C5, 0xBAC4, 0xCB44, 0xD364,
    0xC324, 0xB2E3, 0xD3A4, 0xE425, 0xCBC4, 0xB343, 0xB343, 0xCC05,
    0xDC65, 0xD445, 0xCC45, 0xCC65, 0xDCE6, 0xF567, 0xFDC7, 0xFE08,
    0xF628, 0xF628, 0xFE68, 0xFE88, 0xFEC8, 0xFEC8, 0xFEC8, 0xF6A8,
    0xEE67, 0xEEA7, 0xEEC7, 0xE687, 0xD647, 0xDE66, 0xE6A7, 0xDEA7,
    0xD667, 0xD687, 0xE6E7, 0xD6A7, 0xD6A7, 0xEF69, 0xFFEA, 0xFFE9,
    0xE747, 0xE708, 0xEF28, 0xEF48, 0xDEA7, 0xCE45, 0xD664, 0xDEC6,
    0xEF07, 0xF728, 0xF727, 0xF707, 0xFF47, 0xFF87, 0xFF27, 0xF687,
    0xE626, 0xE606, 0xDDC5, 0xD584, 0xD564, 0xE5A4, 0xE584, 0xCD03,
    0xBC63, 0xBC63, 0xCCA3, 0xDD04, 0xF544, 0xFD44, 0xED24, 0xE4A4,
    0xCC03, 0xBBA2, 0xBBA2, 0xBB82, 0xA2E2, 0x7A20, 0x69C0, 0x69C0,
    0x5980, 0x4940, 0x4100, 0x4100, 0x38E0, 0x1860, 0x0800, 0x8840,
    0x8840, 0x9881, 0xB0A2, 0x8080, 0x7880, 0xB0E1, 0xE183, 0xE183,
    0xC163, 0xB982, 0xB981, 0xB182, 0xB9A3, 0xD203, 0xE243, 0xE263,
    0xEAA4, 0xEAE4, 0xEB05, 0xD2A4, 0xBA63, 0xB263, 0xE365, 0xFC05,
    0xFBE5, 0xD344, 0xCB45, 0xCB64, 0xBB23, 0xC364, 0xCB84, 0xCBC4,
    0xDC44, 0xB363, 0x8AA2, 0x9B03, 0xC405, 0xCC65, 0xB3E4, 0xB404,
    0xBC24, 0xBC65, 0xCCC5, 0xDD45, 0xD545, 0xC4C5, 0xBCC5, 0xCD66,
    0xE627, 0xF688, 0xEE88, 0xDE47, 0xCDE7, 0xD628, 0xEEA8, 0xEEC9,
    0xE6C8, 0xE6E8, 0xDEC7, 0xCE26, 0xBDA6, 0xC5E6, 0xBDC6, 0xB5A6,
    0xB5A6, 0xBE06, 0xD687, 0xDEC7, 0xDEC7, 0xD6A7, 0xDEC7, 0xEF48,
    0xFFEB, 0xFFEB, 0xF747, 0xEEE7, 0xF727, 0xFF67, 0xFFC9, 0xFF69,
    0xE686, 0xD5E5, 0xDDE5, 0xDDE6, 0xCD64, 0xC544, 0xD564, 0xE5C4,
    0xDD84, 0xDD64, 0xD524, 0xC4A3, 0xBC43, 0xB403, 0xABE2, 0xC443,
    0xDCA4, 0xD484, 0xCC23, 0xC3C3, 0xBBA3, 0xB383, 0xA302, 0x92A1,
    0x8241, 0x7A20, 0x69C0, 0x4960, 0x4120, 0x40E0, 0x40E0, 0x4100,
    0x2080, 0x0820, 0x7020, 0x8040, 0xA080, 0xC8A2, 0xD103, 0xD123,
    0xC923, 0xD163, 0xD9A4, 0xD9C4, 0xE203, 0xEA44, 0xFA84, 0xFAA5,
    0xFB05, 0xF366, 0xEB47, 0xF2E5, 0xEA83, 0xD263, 0xD2E4, 0xBAC4,
    0xB2A2, 0xD2E3, 0x7160, 0x2880, 0x79C0, 0xA261, 0xA262, 0x92A2,
    0xB303, 0xBB44, 0xB323, 0xB363, 0xC3E4, 0xDC66, 0xF4E7, 0xFD46,
    0xFD86, 0xFD87, 0xFDE8, 0xFE48, 0xFE47, 0xEDC7, 0xD547, 0xD526,
    0xDD86, 0xDD86, 0xCD66, 0xBD06, 0x8BC2, 0x7B61, 0x9423, 0x9444,
    0xA484, 0xAD05, 0xAD04, 0xC5C5, 0xD666, 0xD647, 0xD667, 0xD687,
    0xCE47, 0xBDE6, 0xC626, 0xD6A7, 0xDEA7, 0xC626, 0xBDC5, 0xBDE5,
    0xCE46, 0xCE46, 0xC5E5, 0xCE05, 0xD666, 0xD687, 0xE6E7, 0xEF07,
    0xF706, 0xEEE7, 0xCDE6, 0xBD44, 0xCDA5, 0xDE05, 0xDDE5, 0xD5A5,
    0xDDE6, 0xE5E5, 0xD564, 0xC4E4, 0xCD04, 0xCD04, 0xB442, 0xA3E2,
    0xA3C2, 0x9B81, 0xA382, 0x9B62, 0x9321, 0x9301, 0x8AC1, 0x7A61,
    0x7241, 0x7220, 0x7200, 0x71E0, 0x7A00, 0x71E0, 0x4940, 0x69C0,
    0x6180, 0x30A0, 0x28A0, 0x2880, 0x2880, 0x7820, 0x8840, 0xA881,
    0xB881, 0xD102, 0xE1A4, 0xE1E5, 0xD9A3, 0xD182, 0xDA04, 0xFAC7,
    0xFAA6, 0xEA64, 0xEA84, 0xEA84, 0xF2C4, 0xFB66, 0xF3E8, 0xF3E8,
    0xFBA6, 0xFBE7, 0xFBE7, 0xFBE6, 0xFC69, 0xFC89, 0xFC47, 0xFC67,
    0xFD2A, 0xFD8B, 0xFCE7, 0xEBE5, 0xD3C5, 0xEC87, 0xFD48, 0xFD08,
    0xDC26, 0xBBC4, 0xB3A3, 0xB3E4, 0xABE4, 0x9B84, 0x9B84, 0xBC66,
    0xE588, 0xDD47, 0xBCA5, 0xC506, 0xCD46, 0xBCE5, 0xBCE5, 0xD5A6,
    0xF6A8, 0xEE87, 0xACE5, 0x9424, 0x9C84, 0xA4A4, 0x9C84, 0x83E3,
    0x6301, 0x7382, 0x9CA4, 0xB585, 0xBDE5, 0x9CC3, 0x6B61, 0x7C04,
    0x8C25, 0x83E3, 0x8C23, 0x7BE3, 0x8C63, 0xB564, 0xBDA5, 0xB546,
    0xAD45, 0xCE46, 0xDEA6, 0xC5C6, 0xB525, 0xC585, 0xDE26, 0xD5E6,
    0xBD44, 0xB4E3, 0xBD03, 0xC544, 0xCD24, 0xB4A3, 0x93C1, 0x8340,
    0x9382, 0xA3C2, 0xA3E2, 0x9B81, 0x8B20, 0x8AE0, 0x82C1, 0x7A81,
    0x7A81, 0x8AA1, 0x92E2, 0x8261, 0x59A0, 0x4960, 0x5980, 0x61A0,
    0x5160, 0x3900, 0x69C0, 0x69A0, 0x2880, 0x1040, 0x1020, 0x1040,
    0x7800, 0x8040, 0x9881, 0xA8A1, 0xB0A1, 0xB0C1, 0xB0E1, 0xB102,
    0xB942, 0xC142, 0xC182, 0xB182, 0xB182, 0xC9C2, 0xDA23, 0xEAC5,
    0xFB26, 0xFB46, 0xF304, 0xEAC4, 0xEB25, 0xEB86, 0xEB86, 0xEBC6,
    0xF3E6, 0xF3E5, 0xEBA5, 0xDB64, 0xDBA5, 0xF446, 0xEC05, 0xF445,
    0xEC46, 0xB344, 0xA304, 0xDC46, 0xFE2A, 0xFE0A, 0xD467, 0xA385,
    0xA3C5, 0x8B43, 0x5201, 0x51E0, 0x5200, 0x41A0, 0x20E0, 0x3140,
    0x7301, 0xA464, 0x6281, 0x41C0, 0x7BA2, 0xA4A4, 0x9C64, 0x9423,
    0xA4C4, 0xBDA6, 0xD667, 0xDE87, 0xCE06, 0xB565, 0xAD25, 0xA525,
    0xB565, 0xBDE6, 0xCE66, 0x8C23, 0x41E0, 0x5AC1, 0x73C2, 0x94A3,
    0xA504, 0xAD25, 0xAD24, 0xAD23, 0xBDC3, 0xBDC4, 0xB544, 0xC5A4,
    0xB542, 0xA4C2, 0xACC4, 0xCD85, 0xDE05, 0xCD64, 0xAC84, 0xAC43,
    0xC503, 0xC4E3, 0xB463, 0xA3E3, 0x9BA2, 0x9BA2, 0x9382, 0x9B61,
    0xA382, 0xA362, 0x9301, 0x7A80, 0x8281, 0x8A82, 0x7A41, 0x59A0,
    0x61C0, 0x9282, 0x8A41, 0x61C0, 0x5160, 0x4940, 0x4100, 0x38C0,
    0x4900, 0x28A0, 0x0820, 0x7020, 0x8040, 0x9880, 0x9881, 0x9081,
    0x98C1, 0xB102, 0xC122, 0xC142, 0xA941, 0x9121, 0x8922, 0xB9C3,
    0xFAC4, 0xE2A3, 0xBA22, 0xCA23, 0xE243, 0xFB25, 0xFC08, 0xFBE8,
    0xEB46, 0xFB44, 0xFBC6, 0xFBC6, 0xE385, 0xDB86, 0xE3A6, 0xFC27,
    0xF447, 0xBB25, 0xC386, 0xEC88, 0xBB66, 0xAB24, 0x9B02, 0x59E0,
    0x4980, 0x82A1, 0xC445, 0xE526, 0xDD25, 0xC4A5, 0x9384, 0x8322,
    0x8362, 0x7302, 0x6282, 0x5241, 0x62A1, 0x4A20, 0x5240, 0x7B42,
    0x8BE3, 0x7B83, 0x6B22, 0x7BA2, 0x9443, 0x9464, 0x8C43, 0xA504,
    0xB585, 0xAD45, 0xB5A5, 0xC605, 0xBDC5, 0xC606, 0xBDE5, 0xBE05,
    0xC626, 0xC606, 0xA524, 0x7BC2, 0x6B42, 0x7BA2, 0x9443, 0xA4E4,
    0xB545, 0xB564, 0xC5C4, 0xCDE5, 0xCDE5, 0xCDA6, 0xBD24, 0xA462,
    0x93E1, 0xA423, 0xB4A4, 0xB4A3, 0xAC42, 0xC4C4, 0xC4A3, 0x9360,
    0x8300, 0x9362, 0xA382, 0x82E0, 0x7A80, 0x8AC1, 0x82C1, 0x8AC1,
    0x8280, 0x61E0, 0x51A0, 0x61E0, 0x7A01, 0x71E0, 0x5980, 0x5140,
    0x4940, 0x4100, 0x38C0, 0x38E0, 0x1860, 0x0000, 0x5800, 0x7020,
    0x9861, 0xA0A1, 0xA8C1, 0xA8C1, 0x98C2, 0x90C2, 0x90E1, 0xA121,
    0xB981, 0xD1C2, 0xD1E3, 0xB9C2, 0xC203, 0xE284, 0xFAE5, 0xFB05,
    0xDAA4, 0xB262, 0xAA41, 0xC282, 0xC2A3, 0xA243, 0xB283, 0xDB24,
    0xDB64, 0xDB84, 0xBB03, 0xAAC3, 0xBB44, 0xAAE4, 0x92A3, 0xBBA5,
    0xF4A7, 0xE466, 0x9B23, 0x8B02, 0x82C2, 0x51A2, 0x4181, 0x5A41,
    0x8301, 0x8322, 0xAC03, 0xE566, 0xF649, 0xE5C8, 0xC506, 0xBCE5,
    0xC546, 0xBD46, 0xACA4, 0xB504, 0xBD45, 0xBD86, 0xC5C6, 0xB545,
    0xB545, 0xCE06, 0xCE46, 0xCE27, 0xD688, 0xFFA9, 0xE748, 0xC627,
    0xE727, 0xEF67, 0xCE66, 0xAD66, 0xAD45, 0xB5A5, 0xB585, 0x9CC4,
    0x9484, 0x9CC4, 0xA4C4, 0xA4C3, 0xB544, 0xCE06, 0xD626, 0xD626,
    0xDE26, 0xDE05, 0xDDE5, 0xDDC4, 0xCD65, 0xC504, 0xAC43, 0x7B20,
    0x72E0, 0x9381, 0xB423, 0xABE2, 0x9BA1, 0xABC2, 0x9321, 0x8B01,
    0xA361, 0x9301, 0x8281, 0x8281, 0x9B01, 0xAB21, 0x9AE1, 0x7A21,
    0x69E0, 0x69C0, 0x71E0, 0x69C0, 0x5140, 0x40E0, 0x2880, 0x0800,
    0x0000, 0x6000, 0x6820, 0x8060, 0x8861, 0x98A1, 0xB8E2, 0xC102,
    0xC122, 0xB942, 0xB961, 0xB981, 0xA981, 0xA181, 0xC1C2, 0xEA63,
    0xE283, 0xA1A2, 0x9181, 0x99A1, 0xAA03, 0xBA64, 0xE325, 0xFBA5,
    0xE365, 0xFC07, 0xFC67, 0xE3A4, 0xD343, 0xCB64, 0xCB86, 0xD384,
    0xC363, 0xB344, 0xB385, 0xAB64, 0xC3C5, 0xECC7, 0xFDA9, 0xF547,
    0xCC45, 0xE4E6, 0xFD87, 0xE546, 0xBC85, 0x9383, 0x8B63, 0xAC45,
    0xAC65, 0xA464, 0xBCE4, 0xCD66, 0xC566, 0xBD26, 0xCDC6, 0xCDC6,
    0xB545, 0xB566, 0xD667, 0xEEE8, 0xD667, 0xD667, 0xD687, 0xCE46,
    0xD687, 0xDEE8, 0xDEC8, 0xD6A6, 0xCE86, 0xD6A7, 0xD688, 0xC626,
    0xBDE5, 0xCE26, 0xCE47, 0xCE27, 0xCE45, 0xDEA4, 0xF726, 0xF707,
    0xEEC7, 0xE685, 0xEE83, 0xEEA4, 0xDE06, 0xDDE7, 0xEE26, 0xDDA5,
    0xC524, 0xCD24, 0xD545, 0xDD44, 0xCCE3, 0xC4C3, 0xAC23, 0x9BA2,
    0xA3A2, 0x8B00, 0x82C0, 0x8AE0, 0x9301, 0x8AC1, 0x7A60, 0x8AA0,
    0x9AE1, 0x9AC1, 0x7200, 0x61A0, 0x61C0, 0x61A0, 0x5160, 0x4100,
    0x4100, 0x30C0, 0x1020, 0x0000, 0x7820, 0x8840, 0x9881, 0x8060,
    0x8080, 0x98C1, 0xB902, 0xC962, 0xD183, 0xD1A4, 0xE1E4, 0xD1E3,
    0xD203, 0xF245, 0xDA64, 0xC222, 0xD262, 0xFC07, 0xFCCA, 0xFC28,
    0xFB25, 0xF303, 0xEB64, 0xD304, 0xB2A2, 0xAAA2, 0xD343, 0xE3A5,
    0xEBE6, 0xFC05, 0xF405, 0xE3E5, 0xD3C4, 0xD3E5, 0xCBE5, 0xCC05,
    0xC3E4, 0xBC05, 0xCCA6, 0xED26, 0xFDC8, 0xF5A8, 0xDD28, 0xEDA9,
    0xEDC8, 0xE5C8, 0xEDE8, 0xF648, 0xEE27, 0xCD85, 0xBD25, 0xBD25,
    0xBD45, 0xD626, 0xDE66, 0xD627, 0xDE47, 0xDEA6, 0xE6E6, 0xDEC7,
    0xE6C8, 0xEF08, 0xEF47, 0xDEC7, 0xD686, 0xDEC7, 0xD686, 0xD6A6,
    0xCE66, 0xB5A4, 0xB5A4, 0xB584, 0x94A3, 0x6B60, 0x9CA2, 0xEF26,
    0xE6C5, 0xBDA3, 0xC5A4, 0xEF27, 0xFF67, 0xEE85, 0xDE45, 0xDE25,
    0xDE05, 0xD5A4, 0xE606, 0xF647, 0xEE06, 0xE5A5, 0xEDA5, 0xEDA5,
    0xDD24, 0xB422, 0x8B21, 0x82E0, 0x9341, 0xABA1, 0xA361, 0x9B42,
    0x8AC1, 0x7A40, 0x7A60, 0x7240, 0x7200, 0x71E0, 0x7A00, 0x69E0,
    0x5980, 0x5980, 0x5140, 0x4100, 0x38C0, 0x2060, 0x0820, 0x7020,
    0x6820, 0x7040, 0x7860, 0x90A1, 0x90C1, 0x80A0, 0x80A1, 0x90E1,
    0xA121, 0xA962, 0xB9A2, 0xC9E3, 0xD1E2, 0xDA22, 0xE263, 0xEA84,
    0xFB45, 0xFBA6, 0xFB86, 0xFB46, 0xEB24, 0xD304, 0xCB04, 0xDB23,
    0xE364, 0xE3C5, 0xF3A4, 0xFBC4, 0xFCC8, 0xF673, 0xF653, 0xFD2B,
    0xFD49, 0xFD69, 0xFD28, 0xF527, 0xFDC9, 0xFDEA, 0xFD88, 0xFDC8,
    0xFE08, 0xE568, 0xCCE7, 0xD526, 0xEDE7, 0xE5C8, 0xDDC8, 0xD5A7,
    0xDDC7, 0xF6A8, 0xF6C8, 0xD5E6, 0xCDC5, 0xD605, 0xD626, 0xCE05,
    0xB543, 0xAD43, 0xD646, 0xD667, 0xCE47, 0xDEA7, 0xD6A7, 0xDEC7,
    0xDEE7, 0xD687, 0xD6A7, 0xE707, 0xE728, 0xDEC6, 0xD685, 0xE6E7,
    0xDEC7, 0xDEA6, 0xDEC6, 0xDEA5, 0xEF06, 0xF727, 0xF727, 0xF706,
    0xF706, 0xF6E7, 0xEE86, 0xEE65, 0xEE65, 0xF666, 0xDDA6, 0xB4A4,
    0xC4E3, 0xCD02, 0xBC81, 0xAC22, 0xAC03, 0xBC43, 0xBC22, 0xABC1,
    0x7AC0, 0x59E0, 0x7A60, 0x8AC0, 0x8280, 0x7A60, 0x7A40, 0x7200,
    0x69C0, 0x59A0, 0x5980, 0x5160, 0x5140, 0x5960, 0x61A0, 0x5960,
    0x2880, 0x0000, 0x5000, 0x6820, 0x8860, 0x8060, 0x7060, 0x7080,
    0x88A1, 0x90E1, 0x88E1, 0x80E1, 0x9121, 0xA162, 0x9141, 0x7100,
    0x9982, 0xBA03, 0xA1C3, 0x7960, 0x8160, 0xAA03, 0xAA23, 0xBA83,
    0xCAC4, 0xC2C4, 0xCB04, 0xD324, 0xCB25, 0xCB45, 0xD3A5, 0xEBC4,
    0xF3A3, 0xFC04, 0xFC86, 0xDC26, 0xB344, 0xAB44, 0xCC25, 0xCC25,
    0xBBC4, 0xBC05, 0xCC85, 0xD4C6, 0xCCC7, 0xCCC7, 0xCCC7, 0xB465,
    0xA405, 0xA425, 0xB4C5, 0xC525, 0xB4C5, 0xB4E5, 0xC586, 0xCDC6,
    0xBD66, 0xBD45, 0xCDE6, 0xD627, 0xCE27, 0xCE27, 0xCE26, 0xC606,
    0xBDE6, 0xC5E6, 0xC605, 0xBDE5, 0xBDE6, 0xC626, 0xD6A6, 0xEF68,
    0xE708, 0xD666, 0xDEA6, 0xE707, 0xDEC7, 0xD666, 0xE6E6, 0xF746,
    0xF726, 0xF746, 0xF726, 0xEEC6, 0xEEC7, 0xE665, 0xE625, 0xE625,
    0xEE25, 0xD5A5, 0xC504, 0xDD65, 0xDD63, 0xC4C2, 0xBC83, 0xCCA3,
    0xC483, 0xABC2, 0xB3E2, 0xBC02, 0xABA2, 0xA342, 0xA321, 0x9B00,
    0x92C1, 0x7A60, 0x7220, 0x7200, 0x69E0, 0x69C0, 0x69C0, 0x6180,
    0x5960, 0x5140, 0x4100, 0x2080, 0x1040, 0x4000, 0x6000, 0x9060,
    0xA081, 0x7860, 0x7880, 0xB0E1, 0xC122, 0xB942, 0xA941, 0x9921,
    0xA982, 0xC1E3, 0xB1A3, 0x9161, 0x8160, 0x99C0, 0xA1E1, 0xA202,
    0xA202, 0x91E0, 0x81C1, 0x89E2, 0xA263, 0xAA83, 0x9A43, 0x9A43,
    0xB2E3, 0xC344, 0xBB44, 0xC385, 0xC385, 0xAB24, 0x92A3, 0xAB43,
    0xB384, 0x8AE3, 0x7262, 0x7AC3, 0x8B23, 0x82E3, 0x7282, 0x6A62,
    0x72C2, 0x7AE2, 0x8B64, 0xA445, 0x8342, 0x6281, 0x8362, 0x93E4,
    0x9423, 0x9422, 0xA4A3, 0x9423, 0x83A3, 0x9C64, 0xAD04, 0xA4E4,
    0x8C64, 0x8423, 0x9464, 0xA525, 0xBDA5, 0xC5E5, 0xC626, 0xCE67,
    0xCE66, 0xCE46, 0xCE66, 0xD6A6, 0xDEC7, 0xD667, 0xC605, 0xD666,
    0xEF47, 0xF747, 0xEF06, 0xEEE6, 0xF726, 0xEEC6, 0xDE66, 0xDE26,
    0xDE05, 0xE645, 0xFEA6, 0xFE86, 0xEE26, 0xDDA5, 0xD544, 0xD543,
    0xD503, 0xAC23, 0x9BA2, 0x9B81, 0xABC2, 0xC443, 0xCC63, 0xC403,
    0xB3A3, 0xB382, 0xB382, 0xBB82, 0xAB43, 0x9AE2, 0x8260, 0x71E0,
    0x69C0, 0x79E0, 0x71E0, 0x5980, 0x4940, 0x5140, 0x28A0, 0x0820,
    0x6820, 0x8040, 0x9080, 0x9081, 0x8881, 0x98C1, 0xB101, 0xA902,
    0xA102, 0xA122, 0xB982, 0xC9C3, 0xDA04, 0xE223, 0xEA63, 0xEA83,
    0xE283, 0xE2A4, 0xDAA3, 0xE2C2, 0xF344, 0xEB44, 0xE324, 0xDB23,
    0xCB04, 0xCB25, 0xE3A5, 0xFC45, 0xF425, 0xC344, 0xA2C3, 0xAB03,
    0xBB64, 0xAB43, 0xA324, 0xB384, 0xCC25, 0xC405, 0xBBE4, 0xD485,
    0xF587, 0xED88, 0xCCE6, 0xD526, 0xC4E6, 0xAC25, 0xAC44, 0xA424,
    0x9C04, 0x9C24, 0x9C44, 0x9C63, 0x9422, 0x9403, 0x9404, 0x9424,
    0x9443, 0x9463, 0x9CA4, 0xA4E5, 0xAD66, 0xAD46, 0xAD45, 0xBDC5,
    0xC626, 0xC625, 0xC626, 0xC646, 0xCE67, 0xDEA7, 0xCE66, 0xBDC5,
    0xC5E5, 0xD686, 0xEF07, 0xE707, 0xDEA6, 0xDEA5, 0xE6C6, 0xEEC7,
    0xEEA8, 0xE687, 0xDE46, 0xDE25, 0xDDE5, 0xDDE5, 0xDDE5, 0xD585,
    0xCD24, 0xCD44, 0xD544, 0xCCE4, 0xBC63, 0xC483, 0xCC83, 0xBC22,
    0xB3E2, 0xB3E2, 0xBBE3, 0xBBE2, 0xB3A2, 0xAB62, 0xA322, 0xAB22,
    0xB322, 0x9AC1, 0x9281, 0x8A41, 0x71C0, 0x5960, 0x5140, 0x5960,
    0x5960, 0x28A0, 0x0800, 0x5000, 0x6020, 0x6840, 0x7040, 0x6040,
    0x5040, 0x5860, 0x6080, 0x88C1, 0xB942, 0xC9A2, 0xB9A3, 0xB1A2,
    0xA981, 0xA9C0, 0xBA02, 0xCA23, 0xC243, 0xCA63, 0xE2C3, 0xD2C3,
    0xCAC4, 0xD304, 0xEB64, 0xF3A4, 0xE385, 0xBB04, 0xBB03, 0xC323,
    0xB304, 0xB304, 0xB344, 0xBB64, 0xB344, 0xA324, 0x9B24, 0xA364,
    0xA363, 0xA383, 0x8B22, 0x6242, 0x5A01, 0x7AC1, 0xAC05, 0xBCA5,
    0xB484, 0xAC65, 0xB4A6, 0xBCE5, 0xAC84, 0xA463, 0xA484, 0xACC4,
    0xACC4, 0xACE5, 0xB525, 0xACE4, 0xA4C3, 0x9CA4, 0x9464, 0x8C43,
    0x9CC3, 0xAD64, 0xAD65, 0xAD66, 0xB5A5, 0xB5C5, 0xB5C4, 0xBDE5,
    0xCE66, 0xCE66, 0xCE46, 0xCE45, 0xC5E5, 0xBDA5, 0xBDC5, 0xC5E7,
    0xD627, 0xCE05, 0xB544, 0xB524, 0xC585, 0xC585, 0xCD84, 0xCD84,
    0xCD64, 0xCD85, 0xD585, 0xD585, 0xE5A5, 0xEDC5, 0xE584, 0xD504,
    0xCCC3, 0xD4C3, 0xD4A3, 0xCC63, 0xCC43, 0xC403, 0xA361, 0x9B21,
    0xAB62, 0xB362, 0xAB22, 0x9AE1, 0x9AC2, 0x92A1, 0x7A20, 0x6180,
    0x61A0, 0x69A0, 0x5140, 0x4900, 0x2080, 0x1020, 0x8840, 0x8040,
    0x7840, 0x7040, 0x6860, 0x88A1, 0xB903, 0xA0E2, 0xA921, 0xC162,
    0xA142, 0xA963, 0xC9E3, 0xDA23, 0xD222, 0xCA23, 0xD243, 0xD282,
    0xCA82, 0xCA83, 0xCA83, 0xC2A3, 0xCAE3, 0xDB23, 0xDB24, 0xD345,
    0xD364, 0xE3A6, 0xDBA6, 0xE3C6, 0xFC86, 0xFD07, 0xFCC7, 0xF466,
    0xE446, 0xD446, 0xC425, 0xBBE5, 0xBC05, 0xD486, 0xFD87, 0xFDC8,
    0xDD27, 0xCCE6, 0xCCC5, 0xC4A6, 0xAC46, 0xB4A5, 0xCD45, 0xDDA7,
    0xD5C7, 0xCDA7, 0xD5C7, 0xD607, 0xD606, 0xCE06, 0xCE06, 0xBDA6,
    0xB585, 0xC606, 0xCE25, 0xC5E6, 0xB586, 0xA526, 0xAD45, 0xBDE5,
    0xCE66, 0xDEA7, 0xDEC7, 0xD6C7, 0xCE66, 0xC606, 0xBDC6, 0xB565,
    0xB585, 0xBDC5, 0xA4E4, 0x9C63, 0x9CA2, 0x8C21, 0x8C01, 0x9422,
    0x9422, 0x9C43, 0xA443, 0xAC83, 0xACA2, 0xBCE3, 0xCD24, 0xE584,
    0xE5A4, 0xD544, 0xC483, 0xBC23, 0xBC43, 0xC463, 0xC443, 0xC403,
    0xBBE3, 0xBBC2, 0xBBA2, 0xB382, 0xAB42, 0x92C1, 0x92A1, 0xA2E2,
    0x92A1, 0x8A60, 0x8220, 0x71E0, 0x61A0, 0x5160, 0x5140, 0x28A0,
    0x1020, 0x5000, 0x7840, 0x9881, 0x8860, 0x7860, 0x8080, 0x98C1,
    0x98E1, 0x90E1, 0xA121, 0xC183, 0xD1E3, 0xDA03, 0xE223, 0xD204,
    0xC204, 0xC243, 0xDAA3, 0xD282, 0xAA01, 0xAA22, 0xBA82, 0xC2C3,
    0xC2C3, 0xD304, 0xDB65, 0xCB23, 0xAAC3, 0xA2A3, 0xAAE4, 0xC345,
    0xD386, 0xDC26, 0xFD28, 0xF4E7, 0xDC25, 0xDC65, 0xDCA6, 0xED06,
    0xF527, 0xFDA8, 0xFE09, 0xFDC8, 0xDD27, 0xD527, 0xD567, 0xCD46,
    0xC506, 0xC526, 0xD5A7, 0xDDE7, 0xDE07, 0xD606, 0xD5E7, 0xD628,
    0xE6A8, 0xF709, 0xEEE9, 0xDE68, 0xC5E6, 0xC627, 0xCE47, 0xC606,
    0xC626, 0xCE87, 0xD6C7, 0xDEC7, 0xD687, 0xCE46, 0xC627, 0xB5A6,
    0x9CA4, 0x7BA2, 0x7BC2, 0x83E3, 0x7B82, 0x83C3, 0x9463, 0x9CA3,
    0x83C2, 0x8C02, 0xA4A3, 0x9C82, 0xACA3, 0xBD24, 0xC544, 0xBCE4,
    0xB4A4, 0xC4E4, 0xCCE4, 0xBCA3, 0xBC63, 0xC4A3, 0xD4E4, 0xCC83,
    0xB3E2, 0xB3C2, 0xABA2, 0xA381, 0xAB81, 0xBBC2, 0xBBC3, 0xA322,
    0x9B02, 0xA302, 0x9AA1, 0x92A1, 0x9281, 0x8A40, 0x71C0, 0x5960,
    0x4900, 0x5120, 0x30A0, 0x1040, 0x9040, 0x7820, 0x6040, 0x7060,
    0x8080, 0x88A1, 0x90C1, 0xA902, 0xB122, 0xB963, 0xC9A3, 0xC9C2,
    0xB9C2, 0xB9C3, 0x9982, 0x9982, 0xBA01, 0xCA62, 0xC243, 0xC243,
    0xEB04, 0xFB64, 0xE344, 0xC2E3, 0xB2A2, 0xA282, 0x9242, 0xB2E4,
    0xBB24, 0xA2C2, 0xA2E3, 0xBB64, 0xCBC5, 0xC3C5, 0xB364, 0xAB44,
    0xB3C5, 0xC405, 0xCC46, 0xBC05, 0xA3A3, 0xABC4, 0xCCA6, 0xDD26,
    0xDD46, 0xDD67, 0xE5C8, 0xDD87, 0xBD06, 0xB4C5, 0xCD86, 0xCD86,
    0xA4A6, 0x9C66, 0xAD06, 0xBDA5, 0xAD04, 0xA505, 0xAD25, 0xA4E4,
    0xAD45, 0xB586, 0xB585, 0xA504, 0xB565, 0xCE47, 0xC626, 0xA524,
    0x9483, 0xAD45, 0xAD25, 0x94A4, 0x8C23, 0x9483, 0x9483, 0x8C23,
    0xA4C4, 0x9C84, 0x83C2, 0x83C2, 0xA4C3, 0xBD43, 0xA482, 0x9C22,
    0xA442, 0xB4C4, 0xB4C4, 0xBCE3, 0xC4E3, 0xAC63, 0xAC43, 0xB463,
    0xB422, 0xAC02, 0xB423, 0xBC23, 0xCC63, 0xC442, 0xB3C2, 0xA342,
    0xBBC3, 0xD443, 0xA322, 0xA2E2, 0xBB62, 0xAB02, 0x9281, 0x8240,
    0x8220, 0x79E0, 0x6180, 0x4940, 0x5940, 0x30A0, 0x0820, 0x6000,
    0x7020, 0x8860, 0x9880, 0x8081, 0x78A1, 0x90C1, 0xA901, 0xA902,
    0x9902, 0xA962, 0xD1E3, 0xE204, 0xD9E3, 0xE243, 0xFB05, 0xFB46,
    0xFB06, 0xF2E5, 0xF304, 0xEB23, 0xDB03, 0xD304, 0xDB25, 0xE344,
    0xE363, 0xEB83, 0xFC26, 0xFC67, 0xFC67, 0xFC66, 0xEC05, 0xDB84,
    0xDC05, 0xD425, 0xBBC5, 0xB385, 0xBBC5, 0xCC45, 0xC445, 0xBC46,
    0xB426, 0xAC04, 0xA3E3, 0xB424, 0xAC25, 0x93A5, 0x9BE5, 0xAC86,
    0xAC86, 0xB506, 0xBD26, 0xB526, 0xD5E7, 0xCDC6, 0xB565, 0xBDA6,
    0xC5E6, 0xBDA6, 0xB565, 0xAD45, 0xAD45, 0xB585, 0xB565, 0x9CC4,
    0x8422, 0x8C63, 0x94A4, 0x9CC4, 0xA524, 0xA504, 0x9484, 0x83E3,
    0x8C43, 0xA503, 0x9CC3, 0x8C23, 0x7381, 0x83C2, 0xA4C3, 0xAD03,
    0xACE3, 0xACE4, 0xACE3, 0xB4C3, 0xBCE3, 0xC524, 0xCD44, 0xCD44,
    0xCD24, 0xD524, 0xD544, 0xDD44, 0xE544, 0xE524, 0xD4C4, 0xCC83,
    0xD483, 0xDCA4, 0xDC84, 0xCC03, 0xB382, 0x9AE1, 0x9AE1, 0x9AE2,
    0x8A81, 0x7A20, 0x71E0, 0x69C0, 0x69C0, 0x5980, 0x4920, 0x5940,
    0x38C0, 0x1840, 0x7000, 0x8040, 0x8860, 0x8860, 0x90A1, 0xA0E1,
    0xB101, 0xB922, 0xC143, 0xC983, 0xC9A3, 0xA162, 0x9142, 0xB9C2,
    0xC1E2, 0xB9E2, 0xC223, 0xDA84, 0xE2A3, 0xDAC3, 0xCAC3, 0xDB04,
    0xEB45, 0xFB65, 0xFC47, 0xFD0A, 0xF4A9, 0xEBC5, 0xEB84, 0xEC25,
    0xEC46, 0xECC9, 0xF58B, 0xFD8A, 0xFCA5, 0xFC65, 0xFDA9, 0xFD89,
    0xED07, 0xE4E6, 0xED26, 0xFD86, 0xFE28, 0xFE8B, 0xFE8B, 0xFE89,
    0xFEA8, 0xFE88, 0xE5E8, 0xCD66, 0xD5C7, 0xD5C7, 0xC566, 0xC586,
    0xC5A6, 0xBD86, 0xB545, 0xBD65, 0xC5C6, 0xC5E6, 0xBDC5, 0xBDA4,
    0xB565, 0xAD45, 0xAD84, 0xB5C4, 0xAD45, 0xA504, 0xA543, 0xAD64,
    0xB5A5, 0xB5A5, 0xAD44, 0x9CE4, 0xA4E4, 0xB584, 0xC5E4, 0xCE04,
    0xCE05, 0xD625, 0xD646, 0xDE46, 0xD5E5, 0xE646, 0xEE66, 0xE626,
    0xE625, 0xEE25, 0xF646, 0xFE66, 0xFE46, 0xFE25, 0xFE05, 0xF5C5,
    0xF5A5, 0xF565, 0xF544, 0xF544, 0xECE4, 0xE4A4, 0xCC23, 0xBB82,
    0xA302, 0x8A81, 0x8261, 0x8A80, 0x8A60, 0x7A00, 0x61A0, 0x5980,
    0x5140, 0x4100, 0x4900, 0x30A0, 0x1840, 0x6800, 0x6820, 0x7840,
    0x8860, 0x98A1, 0xA8C1, 0xB0E1, 0xB922, 0xC963, 0xD1A3, 0xC1A3,
    0xA162, 0xA161, 0xC9E2, 0xF2C5, 0xF2E6, 0xC223, 0xB201, 0xC263,
    0xE2E5, 0xE305, 0xE305, 0xDB04, 0xDB02, 0xDB43, 0xE363, 0xEBA4,
    0xFC25, 0xFCA6, 0xFCC8, 0xFC46, 0xFC65, 0xFCE7, 0xFD08, 0xFD69,
    0xFD88, 0xFD87, 0xFDA8, 0xFDE9, 0xFDE9, 0xFDE8, 0xFE08, 0xFE49,
    0xF5E8, 0xF607, 0xF606, 0xE5C6, 0xD587, 0xCD47, 0xBD26, 0xBD26,
    0xC565, 0xCDA5, 0xBD85, 0xB545, 0xBD65, 0xBD65, 0xC5C6, 0xC5E7,
    0xB584, 0xC5E4, 0xCE06, 0xB586, 0xAD45, 0xB5A5, 0xD667, 0xDEC7,
    0xE707, 0xDEE6, 0xCE86, 0xCE87, 0xD687, 0xCE47, 0xCE27, 0xD667,
    0xDEA6, 0xE6C6, 0xEEE7, 0xE6C7, 0xDE66, 0xDE66, 0xE686, 0xEE86,
    0xF6A6, 0xEE66, 0xE605, 0xE605, 0xE605, 0xEE06, 0xF646, 0xFE25,
    0xF5E5, 0xEDA5, 0xED85, 0xED65, 0xED24, 0xE504, 0xE504, 0xE4C4,
    0xDC84, 0xCC03, 0xB382, 0xA322, 0x8AA1, 0x8261, 0x8241, 0x69E0,
    0x69A0, 0x79E0, 0x7A00, 0x61A0, 0x4920, 0x4900, 0x2060, 0x0000,
    0x5000, 0x7020, 0xA8A1, 0xB8C1, 0xA0A1, 0x90A1, 0xA8E1, 0xC122,
    0xB942, 0xB142, 0xA962, 0xC9E3, 0xEA64, 0xDA24, 0xA9C3, 0x99A3,
    0xBA03, 0xDA84, 0xEAE4, 0xE2C4, 0xCA83, 0xC2A2, 0xD302, 0xEB64,
    0xD345, 0xC304, 0xC323, 0xC323, 0xBB03, 0xAB04, 0xCBA4, 0xDBE4,
    0xE3E5, 0xF424, 0xE509, 0xE58C, 0xDCC8, 0xF4C5, 0xF4E5, 0xD4A5,
    0xD4A5, 0xD4A5, 0xCCA5, 0xBC44, 0xAC24, 0xAC25, 0xA426, 0xA3E5,
    0xB4A4, 0xDDE5, 0xEE67, 0xEE68, 0xEE87, 0xE667, 0xD606, 0xD646,
    0xEEC8, 0xEF08, 0xD685, 0xC5E2, 0xD665, 0xEF28, 0xEF67, 0xF7A8,
    0xF788, 0xEF49, 0xEF49, 0xF789, 0xEFA8, 0xDF07, 0xE707, 0xE728,
    0xE708, 0xE707, 0xE6E6, 0xE6C6, 0xDEA6, 0xDEA6, 0xDEA6, 0xDE86,
    0xDE86, 0xDE46, 0xDE05, 0xD5C5, 0xCDA5, 0xD5A4, 0xDDA4, 0xDDA5,
    0xD584, 0xD524, 0xCD03, 0xCCE3, 0xDD24, 0xD504, 0xCCA3, 0xCC82,
    0xCC63, 0xCC63, 0xC403, 0xBC02, 0xAB82, 0x9AE2, 0x9B02, 0x92C2,
    0x8241, 0x7A20, 0x8A61, 0x9281, 0x8221, 0x69C0, 0x5160, 0x4920,
    0x5140, 0x2060, 0x0000, 0x8040, 0x8040, 0x6820, 0x4800, 0x7060,
    0x98C1, 0xA0C1, 0xC123, 0xB923, 0x9902, 0xA162, 0xC1C3, 0xC9E3,
    0xB9C3, 0xC9E3, 0xE243, 0xDA63, 0xB223, 0x89C3, 0x89C3, 0xAA22,
    0xBA82, 0xBAA3, 0xBAA4, 0xBAC3, 0xAAC2, 0x9A62, 0xB2E3, 0xBB03,
    0xA2C3, 0xBB43, 0xAB23, 0x92C4, 0xA303, 0xA2E0, 0x7A00, 0x4140,
    0x7AA3, 0xC425, 0xBC24, 0xBC45, 0xCCC6, 0xED87, 0xFE08, 0xFE28,
    0xF607, 0xEDE5, 0xF687, 0xF6CA, 0xDE09, 0xD587, 0xD5C6, 0xEE65,
    0xE685, 0xEEC7, 0xFF28, 0xEEC7, 0xDEA6, 0xEF28, 0xFFAA, 0xFFAA,
    0xF748, 0xEF47, 0xF7A9, 0xFFAA, 0xF789, 0xF788, 0xF788, 0xFFC9,
    0xFFC9, 0xF768, 0xEF28, 0xEF27, 0xEF47, 0xEF27, 0xEF07, 0xD686,
    0xCE25, 0xCE05, 0xC5C4, 0xC5C4, 0xCDA4, 0xC564, 0xC584, 0xC564,
    0xBD03, 0xB4C2, 0xC502, 0xD583, 0xDD64, 0xD524, 0xD503, 0xE563,
    0xDD23, 0xD4C3, 0xCCA3, 0xBBE3, 0xAB82, 0x9B62, 0x9B21, 0x92C1,
    0x8AC2, 0x9B02, 0x8280, 0x69E0, 0x59A0, 0x7200, 0x7A00, 0x69A0,
    0x69A0, 0x61A0, 0x5960, 0x6160, 0x30C0, 0x1020, 0x4800, 0x5000,
    0x7040, 0x8880, 0x98A1, 0x98C1, 0x90C1, 0x90E2, 0x80E1, 0x70C0,
    0x80E1, 0x9942, 0xA182, 0x9961, 0x9181, 0x89A2, 0x91C2, 0xCA43,
    0xFAC3, 0xF303, 0xBA82, 0x9222, 0x8A02, 0x8A02, 0xAA82, 0xD344,
    0xDB65, 0xCB44, 0xB303, 0xB303, 0xB324, 0xBB43, 0xBB62, 0xBB82,
    0xD446, 0xF509, 0xF528, 0xE4C5, 0xDCA4, 0xE505, 0xED27, 0xDD07,
    0xD4E6, 0xCCE6, 0xE5A7, 0xFE89, 0xFEC9, 0xFEEB, 0xE609, 0xAC63,
    0xB4A0, 0xBD00, 0xBD40, 0xCDC2, 0xE666, 0xF6E7, 0xE6A6, 0xE6E7,
    0xF748, 0xFF69, 0xF788, 0xFFA9, 0xFFA9, 0xF789, 0xEF69, 0xEF68,
    0xF789, 0xF789, 0xEF48, 0xE727, 0xEF68, 0xF768, 0xEF27, 0xE707,
    0xEF07, 0xEF07, 0xE6E6, 0xDEA6, 0xDE66, 0xDE45, 0xD604, 0xCDA3,
    0xC583, 0xD5C5, 0xE605, 0xE626, 0xEE26, 0xEE26, 0xEE05, 0xDD84,
    0xDD64, 0xE584, 0xE583, 0xD4E3, 0xD4C4, 0xE504, 0xC442, 0xABA1,
    0xB3A2, 0xBBE3, 0xAB62, 0x8AA2, 0x9AE2, 0x9AE1, 0x9AE1, 0x92A1,
    0x8A61, 0x7A21, 0x69C0, 0x69A0, 0x61A0, 0x6180, 0x6980, 0x40E0,
    0x2060, 0x6020, 0x7820, 0x9060, 0x8880, 0x7880, 0x98C1, 0xC121,
    0xB121, 0xB962, 0xD9A3, 0xD9C3, 0xB9A2, 0xC1C2, 0xF263, 0xFAA3,
    0xFAC4, 0xFAC3, 0xE2E4, 0xDB05, 0xDB05, 0xCA83, 0xC242, 0xBA63,
    0xB263, 0xBAC4, 0xAAC3, 0x8A42, 0x9242, 0xBAE3, 0xD364, 0xBB63,
    0xC3A4, 0xE446, 0xDC66, 0xCC05, 0xCC25, 0xD464, 0xD485, 0xC425,
    0xABA5, 0xABA5, 0xBC25, 0xD4E5, 0xE564, 0xDD02, 0xB400, 0x9360,
    0xB463, 0xE5E6, 0xEE45, 0xF6A4, 0xEE85, 0xE626, 0xEE88, 0xF709,
    0xF728, 0xFF49, 0xFF89, 0xF789, 0xEF27, 0xEF27, 0xF768, 0xF789,
    0xEF89, 0xF789, 0xF789, 0xEF68, 0xEF48, 0xEF48, 0xEF48, 0xEF48,
    0xE727, 0xE707, 0xE6E6, 0xE6E6, 0xE707, 0xE6C7, 0xD666, 0xD625,
    0xDE26, 0xE686, 0xE686, 0xDE25, 0xD5E5, 0xD5A5, 0xD5A5, 0xDDA5,
    0xDDC5, 0xDDA4, 0xC4E3, 0xBCA2, 0xCCE3, 0xED84, 0xE565, 0xD4C4,
    0xCC83, 0xD4A3, 0xDCA4, 0xD443, 0xD443, 0xC3E3, 0xB362, 0xAB42,
    0xB362, 0xB343, 0xAAE2, 0x92A1, 0x9AA1, 0xAAC2, 0x9A82, 0x71E1,
    0x5160, 0x6160, 0x38C0, 0x1020, 0x7000, 0x8040, 0x9881, 0x9881,
    0x90A0, 0x98C0, 0xB0E1, 0xA8E1, 0x9902, 0xA962, 0xE203, 0xE202,
    0xD1C1, 0xEA22, 0xD223, 0xC222, 0xDA42, 0xFB04, 0xFB64, 0xFB44,
    0xFB86, 0xF46A, 0xFCCB, 0xFBE5, 0xF383, 0xCB24, 0xCB03, 0xD384,
    0xDBA5, 0xCB63, 0xEBE3, 0xDB61, 0xA2A0, 0xAAE0, 0xCB81, 0xCBA1,
    0xB341, 0xDC22, 0xFD04, 0xED26, 0xED25, 0xED44, 0xED44, 0xF5C5,
    0xFECC, 0xFF91, 0xFFB1, 0xFF2D, 0xFF0B, 0xFF0C, 0xF6EC, 0xFF2C,
    0xFF6B, 0xFF6B, 0xFF4A, 0xFF48, 0xFF68, 0xFF69, 0xFF89, 0xFFA8,
    0xEF48, 0xEF28, 0xF768, 0xF768, 0xEF47, 0xE706, 0xE707, 0xE707,
    0xDF07, 0xDEC6, 0xD685, 0xD665, 0xDEC6, 0xE707, 0xE6E7, 0xDE86,
    0xD645, 0xDE65, 0xDE66, 0xCE25, 0xD625, 0xE666, 0xE666, 0xDE25,
    0xD5A5, 0xD584, 0xC523, 0xC503, 0xC524, 0xCD03, 0xCD03, 0xCD03,
    0xDD24, 0xDD24, 0xDCE4, 0xD4A3, 0xD4A4, 0xCC64, 0xBBE3, 0xC403,
    0xDC43, 0xDC43, 0xCBE3, 0xC3A3, 0xBB83, 0xB322, 0xAAE2, 0x9AA1,
    0x9261, 0x8221, 0x69A0, 0x5140, 0x5960, 0x30C0, 0x1040, 0x6800,
    0x7840, 0x8060, 0x8060, 0xA0A1, 0xB902, 0xC122, 0xC142, 0xD162,
    0xD161, 0xC181, 0xB1A1, 0xB1A2, 0xC1C2, 0xDA02, 0xEA62, 0xE282,
    0xD261, 0xDA61, 0xE282, 0xE283, 0xD282, 0xCAA2, 0xC2C3, 0xBAC3,
    0xCB03, 0xFBC3, 0xFD08, 0xFD8B, 0xFD6B, 0xFD4A, 0xFD8B, 0xFDEC,
    0xFDEC, 0xFE2E, 0xFE8F, 0xFE6E, 0xFE6E, 0xF6D1, 0xFF77, 0xFF77,
    0xFF75, 0xFF76, 0xFF96, 0xFF33, 0xFECF, 0xFECB, 0xFEA8, 0xFEC9,
    0xFF4D, 0xFF2B, 0xFF08, 0xFF07, 0xFF26, 0xFF67, 0xFF89, 0xFF69,
    0xF728, 0xEEE7, 0xEF07, 0xE708, 0xEF08, 0xE6E7, 0xDEC6, 0xD6A6,
    0xD6A6, 0xD686, 0xCE45, 0xCE65, 0xDEE7, 0xDEC6, 0xD685, 0xD665,
    0xD665, 0xDEA6, 0xEF26, 0xF747, 0xE6C6, 0xDE46, 0xDE86, 0xE6A6,
    0xE666, 0xDE05, 0xDE05, 0xE646, 0xEE66, 0xE606, 0xE5E6, 0xEE06,
    0xEDE5, 0xE5C5, 0xE585, 0xEDA4, 0xED64, 0xE524, 0xE504, 0xE504,
    0xED04, 0xDCA4, 0xCC23, 0xC3E3, 0xCC03, 0xC3C2, 0xC3A3, 0xBB83,
    0xB322, 0xA2C2, 0xA2C1, 0x9AA1, 0x8A41, 0x69C0, 0x5960, 0x6160,
    0x30C0, 0x1020, 0x7000, 0x8040, 0x9880, 0x9060, 0xB0C1, 0xD122,
    0xD943, 0xC942, 0xC962, 0xD182, 0xC9A1, 0xC9A1, 0xD9E1, 0xEA63,
    0xFAC3, 0xF2E3, 0xE2A4, 0xDAA3, 0xEB25, 0xFBE8, 0xFC27, 0xF365,
    0xDAC4, 0xDB24, 0xF3E5, 0xF3E6, 0xD344, 0xC323, 0xDB42, 0xF3A3,
    0xFC45, 0xFD07, 0xFD28, 0xFCA6, 0xF465, 0xFD06, 0xFDC9, 0xFE09,
    0xFE08, 0xFDE8, 0xFE0A, 0xFE0A, 0xFDC6, 0xED84, 0xED83, 0xED84,
    0xE5A6, 0xDDA7, 0xCD87, 0xCD65, 0xCD64, 0xCD85, 0xCD86, 0xB546,
    0xACE6, 0xB525, 0xCDE5, 0xCE26, 0xBDE6, 0xC5E6, 0xD666, 0xDEA6,
    0xDEA6, 0xEF47, 0xF788, 0xEF48, 0xDEE7, 0xD6C6, 0xDEE6, 0xEF27,
    0xE706, 0xDEE6, 0xEF27, 0xF787, 0xF767, 0xE707, 0xEF47, 0xF748,
    0xEF07, 0xEEE7, 0xF706, 0xEEE6, 0xDE45, 0xDE05, 0xDE25, 0xE625,
    0xE605, 0xEE26, 0xF646, 0xF626, 0xF605, 0xF5E5, 0xFDE5, 0xEDA5,
    0xE544, 0xE504, 0xDCC4, 0xD464, 0xC424, 0xCC23, 0xC3E2, 0xB382,
    0xB382, 0xBB83, 0xBB62, 0xA2E1, 0x9282, 0x9282, 0x9262, 0x8221,
    0x69C0, 0x5140, 0x5940, 0x30A0, 0x1040, 0x7020, 0x7020, 0x9060,
    0xA8A1, 0xB0A1, 0xB0C1, 0xC101, 0xC941, 0xD162, 0xD982, 0xEA24,
    0xE244, 0xE263, 0xEA84, 0xE243, 0xE263, 0xF325, 0xFB44, 0xFB44,
    0xF345, 0xFB66, 0xFB65, 0xE324, 0xD303, 0xD324, 0xE365, 0xD345,
    0xB2E3, 0xB303, 0xCBA4, 0xC364, 0x9A81, 0x8A61, 0xBB83, 0xD403,
    0xBB82, 0x92E1, 0xA342, 0x9B22, 0x6200, 0x6200, 0x9342, 0xBC64,
    0x9BC4, 0xA405, 0xC506, 0xC506, 0xC505, 0xBCE5, 0xBCE4, 0xBD05,
    0xB506, 0xACE5, 0xACE4, 0xBD45, 0xC5A6, 0xBD86, 0xBD85, 0xC5E5,
    0xCE26, 0xCE25, 0xC605, 0xBDE5, 0xCE45, 0xDEA6, 0xDEC6, 0xD686,
    0xD6A6, 0xE707, 0xE707, 0xE707, 0xEF27, 0xF787, 0xEF47, 0xE6C7,
    0xDE87, 0xE6C7, 0xEEE7, 0xE6A6, 0xE6A6, 0xDE66, 0xDE45, 0xDE25,
    0xDDE5, 0xCD85, 0xC544, 0xCD64, 0xD5A5, 0xDD84, 0xE5A5, 0xDD65,
    0xD524, 0xDD44, 0xD4E4, 0xD4C4, 0xDCE4, 0xDCE4, 0xD484, 0xC423,
    0xDC84, 0xE484, 0xC3C3, 0xAB42, 0xAB22, 0xAB22, 0x9AA1, 0x8241,
    0x7A01, 0x79E1, 0x8200, 0x71E0, 0x5140, 0x40E0, 0x1860, 0x0820,
    0x7000, 0x9040, 0xA8A0, 0x9080, 0x8080, 0xA0C1, 0xD122, 0xD963,
    0xD183, 0xD1A2, 0xD1C2, 0xE203, 0xEA03, 0xDA02, 0xE242, 0xEA83,
    0xEAA4, 0xE284, 0xDA64, 0xD283, 0xCA62, 0xCAA3, 0xD304, 0xC2E4,
    0xBAC3, 0xB2C3, 0xB2C3, 0xBB04, 0xCB44, 0xCB64, 0xD3A4, 0xCBC4,
    0xC384, 0xB364, 0xC3C4, 0xD424, 0xC404, 0xB3C4, 0xB3E4, 0xCC65,
    0xD4C4, 0xCCA4, 0xC4A5, 0xB465, 0xBC85, 0xC4C5, 0xBCC5, 0xC525,
    0xCD46, 0xCD46, 0xC526, 0xC565, 0xCDC6, 0xD606, 0xC586, 0xAD05,
    0xAD05, 0xBD65, 0xC5C5, 0xBDC5, 0xB564, 0xA524, 0x9CC3, 0x94A2,
    0x9CC2, 0xAD24, 0xBDE5, 0xC605, 0xBDE5, 0xC625, 0xD6A6, 0xDEC6,
    0xDEA6, 0xCE46, 0xD666, 0xE6C7, 0xDEC6, 0xD645, 0xC5C5, 0xCDE5,
    0xCDE5, 0xC5A4, 0xBD45, 0xC585, 0xD5C5, 0xDDC5, 0xDDA5, 0xD585,
    0xCD24, 0xC4C3, 0xB483, 0xB462, 0xC4C3, 0xC483, 0xBC43, 0xC463,
    0xD4A3, 0xDCA4, 0xCC23, 0xC403, 0xCC03, 0xDC24, 0xCBE3, 0x9AE1,
    0x8240, 0x92A1, 0x8A81, 0x7A20, 0x7A00, 0x71E0, 0x61A0, 0x5140,
    0x5120, 0x28A0, 0x0820, 0x8020, 0x9860, 0xB0A0, 0xA080, 0xB8C1,
    0xC8E1, 0xC101, 0xC142, 0xC162, 0xB141, 0x9921, 0xA961, 0xC9E3,
    0xC9E2, 0xB9C2, 0xA9C2, 0xA1C1, 0xB222, 0xC263, 0xCA83, 0xBA63,
    0xAA63, 0xAA63, 0x9A22, 0xA263, 0xAAA3, 0xAAA3, 0xAAC3, 0xA2A3,
    0x9A82, 0x9AA3, 0xA303, 0xAB23, 0xAB43, 0xAB43, 0xAB43, 0xA363,
    0xA363, 0xA383, 0xA3A2, 0xA383, 0xA3C4, 0xB425, 0xA3C3, 0xAC24,
    0xB465, 0x93C4, 0x8B83, 0x93E3, 0x9C24, 0x9C43, 0x9C44, 0xA485,
    0xA485, 0xACC4, 0xB545, 0xBD65, 0xBD85, 0xB565, 0xA4E4, 0xAD24,
    0xB564, 0xAD24, 0x9463, 0x7BE2, 0x8402, 0xA504, 0x9CE4, 0x8C43,
    0x9CA2, 0xB584, 0xC605, 0xBDC5, 0xA524, 0x94A3, 0x9CA3, 0xAD03,
    0xBD83, 0xCE04, 0xDE46, 0xCDE6, 0xC585, 0xCDA5, 0xCD84, 0xCDA4,
    0xDDE5, 0xCD84, 0xC504, 0xC4E3, 0xCD24, 0xD524, 0xCCE4, 0xBC83,
    0xB442, 0xB402, 0xABE2, 0xB3E2, 0xBC02, 0xB3C2, 0xA362, 0x92E2,
    0x92C2, 0x9B01, 0xA302, 0xA2E2, 0x92A1, 0x8220, 0x7A00, 0x71E1,
    0x69C0, 0x6180, 0x6180, 0x5960, 0x28A0, 0x0820, 0x7020, 0x7840,
    0x9880, 0xB080, 0xC8E1, 0xE183, 0xE183, 0xC941, 0xB900, 0xD181,
    0xFA64, 0xDA03, 0x9960, 0xB9A1, 0xEA43, 0xF2A4, 0xDA83, 0xCA62,
    0xC242, 0xB242, 0x9A02, 0x9202, 0x9202, 0x89E2, 0x8A02, 0x9A43,
    0x9242, 0x8A42, 0x8A42, 0x9283, 0x8A63, 0x9283, 0x9AC2, 0x9AE2,
    0x9B02, 0xA343, 0xBBC4, 0xCC44, 0xC424, 0xB3E3, 0xB404, 0xBC44,
    0xBC64, 0xB444, 0xB465, 0xB485, 0xB4A4, 0xBCC3, 0xAC83, 0x9403,
    0xAC85, 0xBD06, 0xB4E4, 0xB524, 0xC585, 0xC5A5, 0xAD05, 0xB545,
    0xC5C5, 0xAD23, 0xA4E3, 0xA4E4, 0xA4E4, 0x8C63, 0x8422, 0x8C42,
    0x94A3, 0xA503, 0xAD44, 0xAD44, 0xA504, 0x9CE4, 0x94C2, 0x9CA1,
    0xA4E2, 0xBDA4, 0xD665, 0xCE04, 0xB523, 0xB524, 0xCE05, 0xE686,
    0xE665, 0xCDA4, 0xC544, 0xD585, 0xDDE5, 0xE5E4, 0xDD83, 0xDD84,
    0xDD85, 0xD504, 0xC4A3, 0xC483, 0xCC83, 0xC443, 0xBC23, 0xABC2,
    0xA362, 0x9302, 0xA322, 0xAB61, 0x92C0, 0x9AE2, 0xAB23, 0x8A81,
    0x7A20, 0x8240, 0x8A61, 0x79E0, 0x61A0, 0x61A0, 0x6180, 0x38C0,
    0x1840, 0x7820, 0x8040, 0x9880, 0xA8A0, 0xA8E1, 0xA102, 0xB101,
    0xD982, 0xE9C3, 0xD1A3, 0xD1A2, 0xD9E2, 0xEA42, 0xF262, 0xE242,
    0xE263, 0xF2A4, 0xF2E4, 0xF304, 0xF324, 0xFB44, 0xF345, 0xEB45,
    0xD305, 0xCAE4, 0xC2E4, 0xB2E4, 0xCB24, 0xD384, 0xD3A5, 0xD384,
    0xD3C4, 0xDC05, 0xD3E5, 0xC3C4, 0xC3E3, 0xD444, 0xDC85, 0xDCC5,
    0xE505, 0xDCE4, 0xE526, 0xF5E8, 0xFE29, 0xFE08, 0xF5E7, 0xF647,
    0xEE07, 0xE607, 0xEE28, 0xEE68, 0xE647, 0xDE26, 0xEEA7, 0xE6A7,
    0xD646, 0xCDE6, 0xCDE5, 0xCE05, 0xC5E5, 0xC5C5, 0xB584, 0xAD63,
    0xB5A4, 0xB5A4, 0xAD43, 0xB584, 0xB584, 0xA524, 0xA504, 0xA544,
    0xAD64, 0xB5A4, 0xD685, 0xD685, 0xB583, 0xC5C4, 0xDE85, 0xE6C6,
    0xE6A6, 0xDE65, 0xDE25, 0xDE05, 0xD5C5, 0xCD85, 0xD5A4, 0xE604,
    0xEE05, 0xDDA4, 0xD563, 0xCCE2, 0xBCA3, 0xC483, 0xB443, 0xABE2,
    0xA3A1, 0xABA2, 0xABA2, 0xA382, 0xA342, 0xAB42, 0xB362, 0x9B02,
    0x8A81, 0x7A61, 0x8240, 0x8A80, 0x8A61, 0x8221, 0x7A01, 0x69C0,
    0x5140, 0x5120, 0x30A0, 0x1840, 0x6800, 0x6020, 0x7040, 0x8060,
    0x8860, 0x9081, 0xA0C1, 0xA901, 0xB121, 0xC161, 0xC9A1, 0xD1C2,
    0xD1E2, 0xD1E1, 0xD221, 0xDA61, 0xDA81, 0xD262, 0xC242, 0xCA83,
    0xF305, 0xFB66, 0xFB86, 0xFBA5, 0xFBE6, 0xFBE6, 0xDB85, 0xD365,
    0xCB45, 0xAAE4, 0xB323, 0xC383, 0xCBA4, 0xBB83, 0xDC45, 0xF4C6,
    0xE4A5, 0xCC44, 0xCC44, 0xE4E6, 0xED47, 0xF5A8, 0xFE08, 0xFE06,
    0xFE06, 0xF607, 0xEE08, 0xE5E8, 0xEE28, 0xFEA8, 0xFEE9, 0xFEE8,
    0xF6C7, 0xFF68, 0xFF69, 0xF708, 0xF708, 0xEEE8, 0xDEA7, 0xDEA7,
    0xDEC6, 0xE706, 0xD6A5, 0xC625, 0xC605, 0xBDE5, 0xAD44, 0x9D04,
    0xAD84, 0xC624, 0xCE44, 0xC604, 0xBDA4, 0xAD43, 0xB584, 0xC5E4,
    0xCE25, 0xDE85, 0xE6A6, 0xC5C4, 0xC564, 0xD5E6, 0xDE47, 0xE666,
    0xE624, 0xE624, 0xDDC5, 0xDDC4, 0xDDA3, 0xCD22, 0xB462, 0xAC02,
    0xC483, 0xC483, 0xBC23, 0xB402, 0xBC02, 0xB3C2, 0x9B41, 0xAB81,
    0xA361, 0x92E1, 0x92C1, 0x8AA1, 0x8A81, 0x9281, 0x8A61, 0x7A20,
    0x71C0, 0x71C0, 0x69A0, 0x5960, 0x69A0, 0x38C0, 0x0820, 0x6800,
    0x6000, 0x6020, 0x8060, 0xA8C1, 0xC101, 0xC902, 0xC143, 0xC142,
    0xB961, 0xB180, 0xD1E2, 0xF244, 0xEA43, 0xDA23, 0xD223, 0xE284,
    0xF2C4, 0xF304, 0xEB03, 0xD2C3, 0xBA83, 0xB283, 0xC2C4, 0x9A23,
    0x8202, 0xB2A3, 0xB2C4, 0xAAE3, 0xB323, 0xCB64, 0xD3A5, 0xCBC4,
    0xC3A3, 0xC3E3, 0xCC03, 0xD424, 0xD445, 0xD485, 0xDCC5, 0xCC84,
    0xD4C5, 0xDD46, 0xD506, 0xCCE6, 0xCD06, 0xDD86, 0xE5E6, 0xDDE6,
    0xD5A6, 0xD5C6, 0xDDE6, 0xD5E6, 0xC586, 0xCDE6, 0xE687, 0xE6A7,
    0xE6C7, 0xE6E7, 0xDEA6, 0xD6A6, 0xDEC7, 0xE707, 0xE6E7, 0xD6A5,
    0xD6A5, 0xE706, 0xE747, 0xDF06, 0xD6A6, 0xCE66, 0xCE66, 0xDEA6,
    0xDEA5, 0xD665, 0xC625, 0xCE25, 0xD625, 0xCE04, 0xC5C4, 0xD606,
    0xD626, 0xC584, 0xD5C3, 0xE644, 0xEE65, 0xEE05, 0xDDA3, 0xD562,
    0xDD84, 0xE584, 0xDD44, 0xDD44, 0xD4E4, 0xD4C3, 0xD4C4, 0xD4A4,
    0xCC83, 0xBC03, 0xBBE2, 0xBBC3, 0xB3A2, 0xAB62, 0xAB42, 0xB342,
    0xA302, 0x9AC1, 0x9A81, 0x8A61, 0x8A21, 0x71C0, 0x6180, 0x69A0,
    0x4100, 0x1860, 0x5000, 0x6820, 0x8060, 0x8060, 0x8881, 0x90A1,
    0x90C0, 0xB921, 0xD982, 0xD9A2, 0xC182, 0xC9C2, 0xE223, 0xD223,
    0xD243, 0xE284, 0xEAA4, 0xDAA3, 0xE2A3, 0xEAE4, 0xE2E4, 0xDAC3,
    0xD2C3, 0xE324, 0xE344, 0xDB64, 0xE385, 0xD364, 0xDB84, 0xDBC4,
    0xCB84, 0xBB63, 0xC382, 0xD403, 0xDC44, 0xDC65, 0xE4A5, 0xC423,
    0xB3E3, 0xD486, 0xED27, 0xED47, 0xE546, 0xDD46, 0xDD66, 0xDD66,
    0xD565, 0xDDA5, 0xE5E7, 0xDDE7, 0xDDE6, 0xDE07, 0xE668, 0xE647,
    0xDE47, 0xE686, 0xDE85, 0xEF27, 0xFF69, 0xEF28, 0xEF48, 0xF768,
    0xF788, 0xFFE8, 0xFFC8, 0xF788, 0xF7A9, 0xF7A9, 0xF788, 0xF767,
    0xEF27, 0xDEE7, 0xD6C6, 0xDEA6, 0xDEA6, 0xDEA6, 0xE6C6, 0xE6C5,
    0xE6A5, 0xD625, 0xCDE5, 0xD605, 0xDE25, 0xDE05, 0xD5C4, 0xD5C4,
    0xEE24, 0xFE65, 0xFE45, 0xFE66, 0xF625, 0xF5E5, 0xFE46, 0xFDE6,
    0xF585, 0xF565, 0xF545, 0xED04, 0xE4C3, 0xE4A4, 0xE484, 0xDC63,
    0xD423, 0xD403, 0xCBC3, 0xBB62, 0xBB42, 0xB302, 0xA2C2, 0x9A81,
    0x8201, 0x69A0, 0x69A0, 0x38E0, 0x1840, 0x7820, 0x7840, 0x8860,
    0x9060, 0x98A1, 0xA8E1, 0xC102, 0xD142, 0xD982, 0xE1C3, 0xF224,
    0xE203, 0xD202, 0xE244, 0xF2A4, 0xFB04, 0xFB46, 0xFB06, 0xF2E5,
    0xF324, 0xFBA5, 0xFC67, 0xFC88, 0xFC07, 0xD324, 0xCB24, 0xF3E5,
    0xFC26, 0xFC25, 0xFC44, 0xFC65, 0xEC45, 0xDC25, 0xEC66, 0xF4A6,
    0xE486, 0xD465, 0xECE5, 0xFD46, 0xED26, 0xDCC5, 0xDD05, 0xDD45,
    0xD525, 0xE587, 0xF628, 0xEE28, 0xEE07, 0xEE47, 0xF667, 0xF688,
    0xF688, 0xF6A8, 0xF6E7, 0xF727, 0xFF48, 0xFF68, 0xFF89, 0xFF89,
    0xF788, 0xF768, 0xF768, 0xF788, 0xF768, 0xF768, 0xF788, 0xEF47,
    0xE726, 0xE727, 0xEF47, 0xDEE7, 0xDEC6, 0xE6E6, 0xDEC6, 0xDEA6,
    0xE6E6, 0xEF07, 0xE6C7, 0xDE66, 0xE6A6, 0xF706, 0xFF27, 0xFF06,
    0xFF06, 0xFEE6, 0xFEC6, 0xFEC6, 0xFEA6, 0xF665, 0xFE66, 0xFE66,
    0xFE05, 0xF5E5, 0xF5C5, 0xF585, 0xE524, 0xED24, 0xF565, 0xF525,
    0xE4A4, 0xDC64, 0xDC43, 0xD403, 0xCBE3, 0xCBC3, 0xBB62, 0xBB42,
    0xB322, 0xA2E2, 0x9A61, 0x79E0, 0x5960, 0x5960, 0x30A0, 0x1020,
    0x6000, 0x6820, 0x8040, 0x9060, 0xA0A1, 0xA8E1, 0xA902, 0x90E1,
    0x90E1, 0xA922, 0xC1A3, 0xD9E3, 0xDA03, 0xC1E3, 0xA9A3, 0xB9E3,
    0xD263, 0xC242, 0xCA63, 0xF305, 0xEB04, 0xAA63, 0x9242, 0xE343,
    0xFBC4, 0xFBA4, 0xEBC5, 0xE3E5, 0xE3C4, 0xE383, 0xDB83, 0xCBA4,
    0xA302, 0x7220, 0x92C1, 0xDC24, 0xDC85, 0xDCA5, 0xDCA5, 0xD4A5,
    0xDD06, 0xE525, 0xE545, 0xED66, 0xE564, 0xE542, 0xEDC4, 0xF647,
    0xEE27, 0xDDC7, 0xE627, 0xF6C8, 0xFF08, 0xFF28, 0xFF28, 0xFF29,
    0xF728, 0xFF68, 0xFF68, 0xF768, 0xFFA9, 0xFFC9, 0xFFC9, 0xF788,
    0xF787, 0xFFE8, 0xFFE9, 0xFFC9, 0xEF68, 0xE726, 0xEF66, 0xF767,
    0xE707, 0xE707, 0xEF27, 0xEF27, 0xF727, 0xFF67, 0xFF68, 0xF707,
    0xEEC6, 0xEEA6, 0xF6C6, 0xF6C6, 0xF6A6, 0xFEA6, 0xEE65, 0xF665,
    0xFE86, 0xF605, 0xE584, 0xE584, 0xF5E5, 0xED84, 0xDCE4, 0xDCE4,
    0xD4A4, 0xD4A4, 0xDC84, 0xCC43, 0xC3E3, 0xBBA3, 0xB363, 0xB342,
    0xAB22, 0x9AC1, 0x9AC1, 0x9AA1, 0x8A41, 0x7A00, 0x6180, 0x4100,
    0x30A0, 0x1020, 0x0000, 0x7020, 0x7840, 0x9080, 0x98A1, 0xA8A1,
    0xC0C1, 0xC8E1, 0xB0E1, 0xB901, 0xD982, 0xD1C2, 0xB9A2, 0xB182,
    0xD1A2, 0xEA23, 0xF283, 0xFAC4, 0xF304, 0xF2E3, 0xF2E3, 0xEAC1,
    0xFBA4, 0xFCC9, 0xFCCA, 0xF48A, 0xFC27, 0xFBA4, 0xDB01, 0xBB44,
    0xD448, 0xFCE8, 0xFCA6, 0xFC84, 0xFD05, 0xFD25, 0xE4C4, 0xE4C5,
    0xFD27, 0xFD47, 0xF545, 0xFD65, 0xFDC6, 0xF609, 0xFE47, 0xFECB,
    0xFF51, 0xFF70, 0xFF0B, 0xFEE7, 0xFF4A, 0xFF49, 0xFF07, 0xEE67,
    0xDE27, 0xDE47, 0xE686, 0xE6A6, 0xEF07, 0xF768, 0xEF28, 0xE6E7,
    0xE6E7, 0xEF48, 0xF788, 0xFFC8, 0xFFC8, 0xE706, 0xE726, 0xEF87,
    0xEF67, 0xF788, 0xEF68, 0xE6E7, 0xDEC6, 0xDEA5, 0xDE85, 0xD665,
    0xDE86, 0xDE86, 0xE686, 0xDE46, 0xDE25, 0xDE45, 0xCDA4, 0xC564,
    0xD584, 0xD584, 0xDDA5, 0xEDE5, 0xD564, 0xCD23, 0xD524, 0xC4A4,
    0xBC43, 0xBC43, 0xCCA4, 0xD4A4, 0xCC44, 0xAB82, 0x9302, 0x92E2,
    0x92C2, 0x92C1, 0x8AA1, 0x8260, 0x7200, 0x61A0, 0x5980, 0x61C0,
    0x4100, 0x28A0, 0x30C0, 0x38E0, 0x1860, 0x0000, 0x6820, 0x8060,
    0xA080, 0xA860, 0xC8C1, 0xD984, 0xE205, 0xEA45, 0xF265, 0xEA65,
    0xE9E3, 0xD181, 0xC203, 0xE306, 0xFC09, 0xFBE9, 0xF366, 0xF345,
    0xF386, 0xFC29, 0xFCAB, 0xFD0D, 0xF52E, 0xF52E, 0xF5B0, 0xF58E,
    0xFCE9, 0xFC67, 0xFCA8, 0xFD09, 0xFD08, 0xFD28, 0xFD69, 0xFD8A,
    0xFD69, 0xFD27, 0xF4E6, 0xECA4, 0xED26, 0xEDC9, 0xF5A7, 0xF64C,
    0xFF53, 0xFE6B, 0xF60A, 0xEE0D, 0xDDA9, 0xD545, 0xCD65, 0xD5E8,
    0xDDC7, 0xCD86, 0xD5E7, 0xFF89, 0xFFE9, 0xFF28, 0xDE87, 0xD667,
    0xD666, 0xD666, 0xCE46, 0xDE87, 0xE708, 0xD6A6, 0xC625, 0xCE26,
    0xC605, 0xC605, 0xD666, 0xE6E8, 0xD686, 0xC604, 0xCE45, 0xD686,
    0xD686, 0xCE46, 0xCE25, 0xB564, 0xAD03, 0xC5A4, 0xC5A4, 0xC584,
    0xCDC4, 0xCDA4, 0xBD03, 0xB4C3, 0xCD84, 0xC544, 0xA442, 0xA442,
    0xCCE4, 0xCCC4, 0x9BA2, 0x9362, 0xA3A2, 0xABC3, 0x9B83, 0x9B42,
    0x9B42, 0x92E2, 0x8AC1, 0x8AA0, 0x7A60, 0x69E0, 0x61A0, 0x61C0,
    0x4940, 0x4920, 0x69C0, 0x4120, 0x2880, 0x30A0, 0x38C0, 0x1860,
    0x0000, 0xA040, 0xA080, 0xA0A0, 0xA860, 0xC901, 0xE1A4, 0xE1E5,
    0xEA26, 0xEA46, 0xEA66, 0xF286, 0xFB89, 0xFBE9, 0xFAC4, 0xF263,
    0xEB05, 0xEBA8, 0xFBC7, 0xFB85, 0xF365, 0xF3A6, 0xF386, 0xF325,
    0xF323, 0xF343, 0xF3A5, 0xF407, 0xEC06, 0xF3E5, 0xFC04, 0xF3E4,
    0xD3A4, 0xCBA3, 0xEC24, 0xE424, 0xC3C3, 0xD445, 0xD485, 0xCC64,
    0xBC24, 0xB3E3, 0xB3E2, 0xABA3, 0x9321, 0x9340, 0x9BA0, 0xA402,
    0xC506, 0xC526, 0xA444, 0x9C04, 0xACA4, 0xACE4, 0x9422, 0x7B62,
    0x83A3, 0xACE5, 0xC5A5, 0xC5C5, 0xBDC5, 0xB564, 0xAD44, 0xAD44,
    0xB585, 0xAD65, 0xA504, 0xA503, 0xBDE4, 0xCE65, 0xCE65, 0xDEA5,
    0xE6E5, 0xE706, 0xD665, 0xC5E4, 0xC604, 0xEF06, 0xEF07, 0xCDE5,
    0xBD84, 0xC584, 0xC584, 0xBD23, 0xC564, 0xC544, 0xACA2, 0xB4E3,
    0xBD03, 0xBCA3, 0xB463, 0xA3E2, 0x93A1, 0x9BC2, 0xAC03, 0xA3E4,
    0x8B22, 0x6A40, 0x7260, 0x8B01, 0x8AC1, 0x82A0, 0x8280, 0x7A21,
    0x7200, 0x6A00, 0x69E0, 0x61E0, 0x61C0, 0x61A0, 0x5140, 0x38E0,
    0x30A0, 0x2880, 0x1020, 0x0000, 0x6000, 0x7840, 0x9881, 0x9881,
    0xA081, 0xA8A1, 0xB8E1, 0xC942, 0xD142, 0xC942, 0xD1A2, 0xD9E3,
    0xDA03, 0xD9E2, 0xF2C4, 0xFB66, 0xFB45, 0xF2A3, 0xE262, 0xDAA3,
    0xDAA3, 0xE2E4, 0xF345, 0xFBE6, 0xF3C6, 0xDB45, 0xD325, 0xDB64,
    0xCB64, 0xAAE4, 0xAB04, 0xC384, 0xDC24, 0xEC65, 0xDC25, 0xCC04,
    0xD424, 0xDC64, 0xDCC5, 0xDCC5, 0xCC86, 0xC486, 0xCCC5, 0xBCA5,
    0xAC45, 0xA425, 0x9BE4, 0x9BE3, 0xA443, 0xB4A4, 0xAC83, 0xA463,
    0xB4E4, 0xB505, 0xBD65, 0xBDA5, 0xB524, 0x9C83, 0x9CC4, 0xC5E6,
    0xC5E6, 0xAD45, 0xA524, 0xB5A4, 0xCE25, 0xD686, 0xE707, 0xE727,
    0xD686, 0xB5C4, 0xAD42, 0xB5A3, 0xCE45, 0xCE45, 0xD646, 0xD666,
    0xCE25, 0xC5C4, 0xC5C5, 0xCDE5, 0xC585, 0xC584, 0xD5E4, 0xD5E5,
    0xC544, 0xAC83, 0xA443, 0xAC43, 0xAC43, 0xA402, 0x9BE2, 0x8B82,
    0x7AE2, 0x72A1, 0x7AC0, 0x8B00, 0x7AA0, 0x82C1, 0x9321, 0x7240,
    0x61E0, 0x7220, 0x7A40, 0x8260, 0x7220, 0x59A0, 0x4940, 0x5160,
    0x61A0, 0x5980, 0x4900, 0x30C0, 0x30A0, 0x1840, 0x0000, 0x8841,
    0x9040, 0xA081, 0xA8A1, 0xB8E1, 0xC102, 0xC922, 0xC122, 0xC962,
    0xD9A3, 0xDA24, 0xE244, 0xE244, 0xE223, 0xD203, 0xBA03, 0xCA23,
    0xF2E5, 0xEAE5, 0xBA64, 0xA223, 0x9A02, 0xA243, 0xBAC3, 0xB2C4,
    0xAAC4, 0xBAE4, 0xC324, 0xC324, 0xC344, 0xCB64, 0xC364, 0xBB64,
    0xBB84, 0xB384, 0xAB64, 0xAB84, 0xA364, 0xA364, 0xA384, 0xB3E4,
    0xA3A3, 0x9363, 0xA405, 0xB465, 0xBC65, 0xBCC5, 0xBCE6, 0xBCE5,
    0xAC84, 0xAC84, 0xA484, 0xACA3, 0xB503, 0xACE4, 0x9444, 0x8C24,
    0x9464, 0x9463, 0x9463, 0xA4E4, 0xBDA5, 0xBD85, 0xAD24, 0xA503,
    0xAD63, 0xBE04, 0xB5C4, 0xB584, 0xCE65, 0xDEC6, 0xD666, 0xC5E5,
    0xBDA4, 0xB583, 0xB583, 0xC5E5, 0xCE05, 0xCE05, 0xD605, 0xC5A4,
    0xC584, 0xDE26, 0xEEA7, 0xDE06, 0xC545, 0xC524, 0xD584, 0xD564,
    0xBC83, 0xAC23, 0xA3E2, 0x8320, 0x72A0, 0x7AC0, 0xA3A1, 0xABE1,
    0xABA1, 0x9B20, 0x82A0, 0x7A60, 0x6A20, 0x51A0, 0x61C0, 0x7A20,
    0x69E0, 0x69E0, 0x69E0, 0x61C0, 0x5960, 0x40E0, 0x28A0, 0x28A0,
    0x1040, 0x0000, 0x5000, 0x7020, 0x9061, 0x9061, 0x98A1, 0xA0C1,
    0xA0E1, 0xA902, 0xB943, 0xB142, 0xA142, 0xB982, 0xEA24, 0xFAA5,
    0xEAA5, 0xE284, 0xDA64, 0xB202, 0x91A1, 0x91C2, 0xC283, 0xD2C4,
    0xBAA4, 0xC2C3, 0xC2E3, 0xBAE3, 0xAA83, 0xB2E4, 0xBB04, 0xA2C3,
    0xA2C3, 0xAB03, 0xB344, 0xAB44, 0xA303, 0x9B03, 0xAB64, 0xBBE4,
    0xBBE4, 0x9B84, 0xA3A4, 0xA3C4, 0xA3C3, 0xAC03, 0xC4A4, 0xD526,
    0xCD06, 0xC505, 0xC525, 0xC525, 0xC545, 0xBD44, 0xB505, 0xA4A4,
    0xACE5, 0xBD66, 0xB545, 0xAD24, 0xBD85, 0xD626, 0xC5E5, 0xB585,
    0xBDE5, 0xBDE5, 0xC625, 0xD665, 0xD665, 0xCE45, 0xCE25, 0xCE45,
    0xCE66, 0xD686, 0xD6A6, 0xD686, 0xC5E5, 0xAD43, 0xBDA4, 0xCE25,
    0xCE06, 0xBD64, 0xC584, 0xC585, 0x9C44, 0x9C23, 0xB4C3, 0xD584,
    0xBD03, 0xB4A2, 0xC503, 0xC4E3, 0xC4A3, 0xB442, 0xB443, 0xAC02,
    0xA3C1, 0xB401, 0xC421, 0xBBE1, 0x9300, 0x7260, 0x6200, 0x61E0,
    0x69E0, 0x8240, 0x8A61, 0x69E0, 0x5160, 0x4940, 0x5160, 0x5140,
    0x4100, 0x30C0, 0x28A0, 0x1040, 0x0800, 0x6800, 0x8040, 0x9881,
    0x9081, 0xA0A1, 0xA8C2, 0xB0E2, 0xC942, 0xD9A3, 0xE1E3, 0xE1E4,
    0xDA04, 0xD204, 0xD224, 0xD1E3, 0xE264, 0xFB26, 0xDAA4, 0xE2A4,
    0xFB66, 0xFB65, 0xDAE4, 0xCAE4, 0xEB65, 0xEB65, 0xC305, 0xA2E5,
    0xD385, 0xEBE4, 0xD3A4, 0xD3A5, 0xE406, 0xEC46, 0xE446, 0xECA6,
    0xFD07, 0xFD27, 0xFD67, 0xFD87, 0xFDA8, 0xF567, 0xFDA7, 0xFE29,
    0xFE6C, 0xF66B, 0xF608, 0xEDC6, 0xEE07, 0xEE48, 0xEE28, 0xD5C6,
    0xE647, 0xFF4A, 0xFF09, 0xEEC8, 0xEEC7, 0xE687, 0xD626, 0xCE26,
    0xD686, 0xCE25, 0xBDC5, 0xC5E5, 0xCE45, 0xDEC7, 0xD6A7, 0xB585,
    0xAD44, 0xB5A4, 0xBDC5, 0xB5A4, 0xBDA4, 0xBDC4, 0xB584, 0xAD44,
    0xAD24, 0xBD84, 0xC5A4, 0xBD84, 0xB544, 0xBD64, 0xB504, 0x83A2,
    0x8BE2, 0xACC3, 0xC523, 0x9C21, 0x93E2, 0xAC83, 0xB483, 0xCD03,
    0xE585, 0xE545, 0xABE2, 0x9340, 0xBC21, 0xB401, 0x9B61, 0x8AC1,
    0x7A80, 0x7260, 0x7220, 0x7220, 0x6A00, 0x69E0, 0x61C0, 0x5140,
    0x38E0, 0x30A0, 0x38E0, 0x38E0, 0x28A0, 0x28A0, 0x1040, 0x0000,
    0x6800, 0x8840, 0xA081, 0x9081, 0x88A1, 0xA8E1, 0xC922, 0xC142,
    0xB122, 0xC162, 0xD9E3, 0xC1A2, 0xA982, 0xC9E3, 0xC9E3, 0xB9E2,
    0xBA43, 0xE2E5, 0xE2A5, 0xBA23, 0xC263, 0xC2A4, 0xC2A4, 0xCB05,
    0xEB65, 0xFBE6, 0xFC46, 0xFC47, 0xF406, 0xEBE5, 0xE405, 0xE405,
    0xDBE4, 0xCBC4, 0xD425, 0xE486, 0xDC66, 0xC425, 0xCC65, 0xED06,
    0xD4C6, 0xCCE6, 0xE566, 0xE587, 0xE587, 0xE587, 0xEDE7, 0xEE07,
    0xE607, 0xE607, 0xDE07, 0xDE07, 0xDE47, 0xD606, 0xCDC5, 0xCDE5,
    0xD667, 0xEEE8, 0xDE87, 0xBDA5, 0xBDA5, 0xCE47, 0xD667, 0xCE47,
    0xC5E6, 0xC5E5, 0xC605, 0xBDE6, 0xBDC5, 0xBDC5, 0xAD64, 0xAD43,
    0xB5A4, 0xB584, 0xA503, 0x9CA3, 0xAD43, 0xB564, 0xAD24, 0xAD03,
    0xB503, 0xBD64, 0xCDA5, 0xCDA5, 0xC544, 0xBD04, 0xC504, 0xCD44,
    0xCD44, 0xC4C4, 0xB463, 0xAC23, 0xBC82, 0xC483, 0xC483, 0xC442,
    0xBC02, 0xABA2, 0x9320, 0x8AE0, 0x7A60, 0x61E0, 0x6A00, 0x5180,
    0x30E0, 0x38E0, 0x61A0, 0x7200, 0x5980, 0x4100, 0x30A0, 0x2080,
    0x28A0, 0x1860, 0x0820, 0x6000, 0x7820, 0xA081, 0xA0A1, 0xA8A1,
    0xB0C1, 0xB8E2, 0xD983, 0xE183, 0xD163, 0xD9E4, 0xF265, 0xFAA5,
    0xEA44, 0xDA24, 0xD244, 0xE264, 0xF2E5, 0xFB05, 0xF304, 0xF324,
    0xEB24, 0xE324, 0xD303, 0xCB03, 0xCB24, 0xDB85, 0xE3A5, 0xEBE5,
    0xF405, 0xE3E5, 0xCBC5, 0xC3A4, 0xCBC5, 0xD405, 0xCC05, 0xBBE4,
    0xBBE4, 0xB3C4, 0xB3C4, 0xC445, 0xC464, 0xBC44, 0xCCC5, 0xDD46,
    0xD547, 0xC4E6, 0xC506, 0xCD66, 0xBD25, 0xCD66, 0xC546, 0xA4A4,
    0x9444, 0xB525, 0xD607, 0xBD66, 0x9C84, 0xA4E4, 0xD667, 0xD687,
    0xB585, 0xAD25, 0xAD65, 0xB585, 0xAD45, 0xA524, 0xAD44, 0xB5C5,
    0xBDC5, 0xAD44, 0x9CC3, 0xA4E3, 0xB564, 0xB564, 0xA4E3, 0xB544,
    0xBDA4, 0xB544, 0xAD03, 0xA4C3, 0xACE3, 0xBD24, 0xB504, 0xACA3,
    0xACA4, 0xCD45, 0xDDA6, 0xCD25, 0xC4C3, 0xBCA3, 0xC4A3, 0xC4A3,
    0xC483, 0xBC63, 0xB402, 0xBC22, 0xABA2, 0x8AE1, 0x8AE1, 0xA342,
    0xAB42, 0x8281, 0x8261, 0x8A81, 0x7200, 0x61C0, 0x61A0, 0x6180,
    0x4920, 0x30C0, 0x28A0, 0x2880, 0x1020, 0x0000, 0x7820, 0x8840,
    0xA0A0, 0xA8A1, 0xC0E2, 0xD123, 0xD123, 0xC922, 0xD1A3, 0xE245,
    0xE245, 0xE244, 0xE244, 0xE244, 0xF2A5, 0xFAE5, 0xE2A5, 0xC222,
    0xCA62, 0xE2E4, 0xC283, 0xBA83, 0xCAC3, 0xD304, 0xE365, 0xE365,
    0xBB04, 0x9A82, 0x9A83, 0xBB24, 0xC344, 0xBB64, 0xBB84, 0xC3C4,
    0xC3E5, 0xC3E4, 0xBBA4, 0xBC04, 0xC425, 0xB3E4, 0xB405, 0xBC45,
    0xBC66, 0xBC85, 0xB465, 0xAC25, 0x9C04, 0xB485, 0xBD06, 0xACA5,
    0xA485, 0xACA5, 0xACE4, 0xA4A4, 0x9C44, 0x9444, 0x9444, 0xA4E4,
    0xAD24, 0x9CA4, 0x9463, 0x9CC4, 0xAD65, 0xB5A5, 0xAD65, 0xAD45,
    0xB5A6, 0xBDE5, 0xB584, 0xA503, 0xBDA5, 0xC626, 0xB5A5, 0xA524,
    0xB564, 0xC5E5, 0xB564, 0xA4C3, 0xA4E3, 0xBD84, 0xCDE6, 0xCDC6,
    0xBD44, 0xCDA5, 0xD5C5, 0xC544, 0xB4C3, 0xBCE4, 0xD565, 0xE5A6,
    0xCCE4, 0xA402, 0xA403, 0xBC43, 0xC463, 0xBC03, 0xBC23, 0xB402,
    0x9B61, 0x92E1, 0x9B22, 0x9B22, 0x6A00, 0x6A00, 0x8A81, 0x8240,
    0x7200, 0x61A0, 0x5140, 0x38C0, 0x28A0, 0x30C0, 0x4100, 0x2080,
    0x0800, 0x7820, 0x8840, 0xA081, 0xA081, 0xB8C1, 0xC902, 0xD163,
    0xD1A4, 0xE205, 0xE225, 0xDA04, 0xE224, 0xF285, 0xEA45, 0xE243,
    0xEA83, 0xF2E4, 0xEAC4, 0xE2A4, 0xDAC4, 0xBA84, 0xB263, 0xB262,
    0xAA83, 0xAA83, 0xAAA3, 0xC304, 0xC324, 0xBB24, 0xB304, 0xAAE3,
    0xAB03, 0xAB23, 0xA303, 0xA323, 0xAB63, 0xAB64, 0xAB85, 0xA364,
    0x9B63, 0x9363, 0x9BA4, 0xABE5, 0xB425, 0xA3E4, 0x8B84, 0x93A3,
    0xAC44, 0xAC64, 0x8BA3, 0x6282, 0x62A2, 0x9424, 0xB505, 0xACE4,
    0x9443, 0x8C24, 0xAD25, 0xC5E6, 0xBDC6, 0xBDA5, 0xBDA5, 0xBDC6,
    0xB5A6, 0xBDC5, 0xC606, 0xC626, 0xCE66, 0xD686, 0xCE45, 0xCE86,
    0xDEE7, 0xE707, 0xCE45, 0xC605, 0xD686, 0xD665, 0xD625, 0xC5C5,
    0xB504, 0xB523, 0xC584, 0xBD63, 0xCD84, 0xCD85, 0xC544, 0xBD04,
    0xBD04, 0xCD44, 0xDD85, 0xD545, 0xCD04, 0xE564, 0xE524, 0xD4C4,
    0xCC83, 0xBC22, 0xBC02, 0xBBE2, 0xB3A2, 0xAB42, 0xA342, 0xA301,
    0x92C1, 0x8261, 0x7A21, 0x8241, 0x7A20, 0x61A0, 0x4920, 0x30C0,
    0x2080, 0x2060, 0x0820, 0x0000, 0x7020, 0x8040, 0x7860, 0x6040,
    0x8880, 0xC8E2, 0xE143, 0xC942, 0xC983, 0xE1E4, 0xEA04, 0xD9C3,
    0xC182, 0xB1A2, 0xCA03, 0xCA24, 0xB1C2, 0xC202, 0xDA63, 0xEAE3,
    0xEB23, 0xE323, 0xE303, 0xD2E4, 0xD304, 0xD324, 0xC324, 0xAAC3,
    0xAAC3, 0xBB23, 0xBB44, 0xAB24, 0xA304, 0xAB44, 0xAB64, 0xA363,
    0xA383, 0xABA4, 0xABC4, 0xA3C5, 0x9B84, 0x8B23, 0x8B23, 0x9BC4,
    0xA3E4, 0xA403, 0xB484, 0xC506, 0xC506, 0xBD05, 0xC525, 0xC566,
    0xC566, 0xACC5, 0x9C85, 0xACE5, 0xC5A6, 0xC5E6, 0xC5E6, 0xC607,
    0xBDE6, 0xBDC5, 0xC606, 0xCE26, 0xD6A7, 0xDEE7, 0xBDC5, 0xBDC5,
    0xD6A7, 0xE727, 0xDEE7, 0xD686, 0xDEC7, 0xEF47, 0xEF07, 0xDE86,
    0xE6A6, 0xDE86, 0xCE05, 0xC5C5, 0xDE46, 0xE687, 0xCDE6, 0xC585,
    0xD5C5, 0xEE66, 0xE606, 0xD585, 0xD585, 0xE5A4, 0xF5E4, 0xF5E5,
    0xFE06, 0xFDE5, 0xF5A5, 0xF544, 0xE504, 0xED04, 0xED04, 0xDC63,
    0xC403, 0xBBC2, 0xBBA2, 0xB362, 0xB322, 0xA2C2, 0x9281, 0x8A61,
    0x7A20, 0x6180, 0x4100, 0x28A0, 0x2060, 0x0800, 0x0000, 0x7820,
    0x9060, 0xD0C1, 0xE0E2, 0xC8E2, 0xB0E2, 0xC122, 0xD142, 0xB122,
    0x9902, 0xC142, 0xD1E3, 0xCA24, 0xD203, 0xEA03, 0xFAC4, 0xFB87,
    0xFBC7, 0xEB66, 0xEB05, 0xF2E5, 0xFBC7, 0xFCA9, 0xFC67, 0xFBE5,
    0xEB84, 0xE3A5, 0xD385, 0xD385, 0xDBA5, 0xD3A4, 0xC383, 0xC342,
    0xCBC3, 0xCC05, 0xCC06, 0xCC04, 0xBBA2, 0xBBC3, 0xDC64, 0xF526,
    0xFDA7, 0xED87, 0xCCC5, 0xD505, 0xEDC7, 0xE5A7, 0xDDA7, 0xD5A6,
    0xD586, 0xDE07, 0xE647, 0xDE06, 0xC5A5, 0xCDC6, 0xD627, 0xDE67,
    0xD647, 0xC606, 0xC5E6, 0xD646, 0xE6C7, 0xDEC7, 0xDEA7, 0xD687,
    0xD6A7, 0xE707, 0xEF88, 0xFFA8, 0xF787, 0xE727, 0xDEC7, 0xDEC7,
    0xEF27, 0xF768, 0xF748, 0xE707, 0xDE86, 0xDE65, 0xD645, 0xDE66,
    0xE686, 0xE685, 0xE666, 0xDE26, 0xDDE5, 0xEE04, 0xF643, 0xFE65,
    0xFE45, 0xFE45, 0xFE26, 0xF606, 0xFE27, 0xFE27, 0xFDE5, 0xF564,
    0xF544, 0xFD64, 0xF4E4, 0xE483, 0xDC43, 0xDC43, 0xD403, 0xCBA2,
    0xBB62, 0xAB02, 0x9AA1, 0x8220, 0x69A0, 0x4920, 0x30A0, 0x2060,
    0x0000, 0x0000, 0x8020, 0x7820, 0x7840, 0x9081, 0xB8C1, 0xC0E2,
    0xA8E1, 0xB922, 0xE183, 0xE9C4, 0xE1C3, 0xE203, 0xFB06, 0xFC2A,
    0xFC29, 0xF367, 0xD284, 0xCAA5, 0xE306, 0xF325, 0xE2A3, 0xCA83,
    0xCAC3, 0xCAC3, 0xE325, 0xF385, 0xEBA5, 0xEBE5, 0xF425, 0xFC46,
    0xFC25, 0xFC86, 0xF4E8, 0xF4C7, 0xF423, 0xFC64, 0xFDA9, 0xFE6D,
    0xFE2C, 0xFDA9, 0xFE0B, 0xFE6C, 0xFE6B, 0xFDE8, 0xFE09, 0xFE6A,
    0xF607, 0xFEA9, 0xFF2A, 0xFEC8, 0xEE67, 0xEE88, 0xFF29, 0xF6E7,
    0xE686, 0xE687, 0xEEE7, 0xEF07, 0xE6C7, 0xDE87, 0xE6E8, 0xEF28,
    0xE708, 0xEF69, 0xEF68, 0xEF48, 0xF788, 0xF7A9, 0xEF89, 0xE748,
    0xE728, 0xEF68, 0xFFA8, 0xFFA8, 0xEF47, 0xE706, 0xDEA6, 0xE6E6,
    0xF727, 0xF706, 0xF707, 0xF706, 0xF6C5, 0xFEE7, 0xFEC4, 0xF660,
    0xFEC6, 0xFF71, 0xFF93, 0xFEC9, 0xFE86, 0xFEC9, 0xFE47, 0xF584,
    0xE503, 0xED44, 0xF544, 0xED24, 0xE4C3, 0xE4A3, 0xDC63, 0xD423,
    0xCBE3, 0xC3A2, 0xBB82, 0xBB42, 0xB302, 0x9AA1, 0x7A20, 0x5980,
    0x38E0, 0x28A0, 0x30A0, 0x1840, 0x0800, 0x6820, 0x7020, 0x7040,
    0x6840, 0x8881, 0xB8E2, 0xC102, 0xB102, 0xB122, 0xC9A3, 0xDA04,
    0xD9C3, 0xD9A2, 0xDA24, 0xE285, 0xEAA4, 0xF2A4, 0xF2C4, 0xE283,
    0xDAA4, 0xEB25, 0xF325, 0xEB04, 0xEB65, 0xF3E6, 0xFC27, 0xFC47,
    0xFC05, 0xE3A4, 0xD385, 0xEC05, 0xFC86, 0xFD07, 0xF58A, 0xFDEC,
    0xF5CA, 0xF568, 0xF5EC, 0xFE6F, 0xFE2B, 0xFDA8, 0xF566, 0xF5A7,
    0xFE08, 0xFE49, 0xEE09, 0xD566, 0xCD46, 0xD5A6, 0xE5E6, 0xDDC7,
    0xD5E7, 0xE648, 0xEEC8, 0xEEC8, 0xE6A8, 0xEEC8, 0xEF08, 0xEEE8,
    0xEF08, 0xEF28, 0xF768, 0xEF47, 0xE707, 0xE707, 0xEF27, 0xEF68,
    0xEF68, 0xF788, 0xFFE9, 0xF7A8, 0xEF68, 0xF788, 0xF768, 0xF768,
    0xFF88, 0xFFA8, 0xFF88, 0xFF88, 0xFF67, 0xFF47, 0xFF26, 0xFF04,
    0xFF26, 0xFF4C, 0xFF70, 0xFF4D, 0xFF07, 0xFE64, 0xEDC3, 0xE584,
    0xDD43, 0xD4C3, 0xD4E4, 0xD4C4, 0xC463, 0xC423, 0xC443, 0xCC42,
    0xC401, 0xB3A1, 0xAB41, 0xA342, 0xAB22, 0xA302, 0x9AA1, 0x8A81,
    0x9281, 0x9260, 0x6180, 0x28A0, 0x2060, 0x30C0, 0x2880, 0x1840,
    0x7020, 0x8040, 0xA081, 0xA881, 0x90A1, 0x78A0, 0x80A0, 0xA901,
    0xB121, 0xB121, 0xC182, 0xC9E3, 0xCA03, 0xC1C3, 0xC9E2, 0xDA23,
    0xE263, 0xEAA5, 0xE2E6, 0xE366, 0xFBC6, 0xFC07, 0xFC48, 0xFC07,
    0xF3C6, 0xF406, 0xF468, 0xFC47, 0xF405, 0xEBE5, 0xE405, 0xEC25,
    0xF424, 0xF486, 0xF4E7, 0xFD28, 0xFD06, 0xF4A5, 0xECA4, 0xE4C5,
    0xE506, 0xF588, 0xFE08, 0xEDA7, 0xD505, 0xCCE6, 0xD548, 0xDD87,
    0xDDC7, 0xEE28, 0xF668, 0xEE88, 0xE646, 0xE687, 0xE687, 0xE6A7,
    0xFF48, 0xF727, 0xEF27, 0xFFA9, 0xF748, 0xE708, 0xEF48, 0xEF48,
    0xEF48, 0xEF48, 0xF7A8, 0xF788, 0xEF68, 0xF7A8, 0xF788, 0xF7A9,
    0xFFC9, 0xFFC8, 0xFFA7, 0xF787, 0xFF88, 0xFF88, 0xF768, 0xF727,
    0xFF47, 0xFF49, 0xFF2A, 0xFF29, 0xFEE7, 0xFEC4, 0xFE82, 0xDDA2,
    0xC4C3, 0xC4C5, 0xD545, 0xD523, 0xC4A2, 0xD4E2, 0xD4E4, 0xB423,
    0xB3C3, 0xB3E2, 0xABA2, 0x9B21, 0x92E1, 0x9302, 0x9B01, 0x92C1,
    0x8260, 0x7200, 0x61C0, 0x5980, 0x5980, 0x5160, 0x38E0, 0x30A0,
    0x30A0, 0x1840, 0x0000, 0x7820, 0x7820, 0x8060, 0x9081, 0xB0C1,
    0xC902, 0xD923, 0xE183, 0xD983, 0xC9A3, 0xD1C2, 0xC9A2, 0xD1E2,
    0xEA63, 0xF284, 0xEAC4, 0xF346, 0xF3A6, 0xE304, 0xDA63, 0xD284,
    0xEBE8, 0xFCCA, 0xFC27, 0xFBE6, 0xFBE6, 0xFC26, 0xF447, 0xF446,
    0xFC05, 0xF426, 0xE446, 0xEC45, 0xF485, 0xDC04, 0xC3C4, 0xD445,
    0xE4E7, 0xED07, 0xE4E6, 0xF567, 0xFE28, 0xFE49, 0xED87, 0xEDA6,
    0xFE67, 0xFEC7, 0xFE66, 0xEE26, 0xF687, 0xF6A7, 0xF6C7, 0xF6C8,
    0xFF08, 0xEEC7, 0xE687, 0xE6C7, 0xE6A7, 0xDEA8, 0xF749, 0xE6E8,
    0xDEA8, 0xE6E8, 0xEF49, 0xF769, 0xEF48, 0xE728, 0xE727, 0xEF47,
    0xF767, 0xEF67, 0xEF67, 0xF7A8, 0xFFA9, 0xF768, 0xEF47, 0xFF88,
    0xFFA9, 0xFF68, 0xF706, 0xF707, 0xFF48, 0xFF27, 0xFF27, 0xFF07,
    0xFEC8, 0xEE46, 0xDDC3, 0xCD21, 0xB482, 0xA403, 0xB443, 0xD4E4,
    0xD504, 0xCCA3, 0xBC23, 0xA381, 0x9B41, 0xA381, 0xBBE2, 0xBBC3,
    0xA321, 0x7240, 0x7A40, 0x8260, 0x69C0, 0x59A0, 0x61C0, 0x61A0,
    0x4120, 0x30C0, 0x30C0, 0x2080, 0x0820, 0x0000, 0x6800, 0x7840,
    0x8060, 0x8060, 0x8080, 0x98C1, 0xA8E1, 0xA901, 0xC162, 0xD1A3,
    0xC182, 0xD1E3, 0xE244, 0xD202, 0xE243, 0xF2C5, 0xFB05, 0xF2E5,
    0xFB05, 0xFB65, 0xE2E4, 0xCAA4, 0xCAA4, 0xCAE4, 0xD324, 0xE385,
    0xFC06, 0xF3C5, 0xE3A4, 0xF405, 0xFCA7, 0xF4A7, 0xDC05, 0xD3E5,
    0xCBE5, 0xD446, 0xDC66, 0xDC86, 0xCC65, 0xBC25, 0xB405, 0xB405,
    0xB426, 0xBC86, 0xC4C6, 0xD526, 0xE5C6, 0xEE26, 0xEE27, 0xE627,
    0xE627, 0xE647, 0xE647, 0xEEA7, 0xE687, 0xDE67, 0xDE67, 0xDE87,
    0xDEC7, 0xE708, 0xDEC7, 0xCE46, 0xCE26, 0xCE46, 0xD686, 0xD6A6,
    0xD6A7, 0xDEC7, 0xE707, 0xF788, 0xEF48, 0xDEE6, 0xDEC6, 0xEF47,
    0xFF88, 0xF768, 0xFF68, 0xFF88, 0xF748, 0xEEC7, 0xE6A7, 0xE666,
    0xD5E6, 0xDDE6, 0xE646, 0xF686, 0xF665, 0xE604, 0xD564, 0xD525,
    0xD523, 0xCD02, 0xD503, 0xCCA3, 0xBC43, 0xBC23, 0xB3E3, 0xABC3,
    0xABA2, 0xB3A2, 0xB3A2, 0xAB42, 0x9AE1, 0x8A81, 0x8241, 0x69E0,
    0x69C0, 0x61C0, 0x5160, 0x5160, 0x4920, 0x38E0, 0x2060, 0x0820,
    0x0800, 0x6800, 0x6820, 0x7040, 0x8880, 0x98A1, 0xA8C1, 0xC102,
    0xC122, 0xB141, 0xB141, 0xB161, 0xC9C3, 0xE224, 0xDA23, 0xE264,
    0xF305, 0xFB67, 0xEAE4, 0xD263, 0xDAE4, 0xF345, 0xFB65, 0xEB24,
    0xB263, 0x9A42, 0xBAC2, 0xDB64, 0xEBC5, 0xDBA5, 0xCB84, 0xD384,
    0xC363, 0xB363, 0xCBC4, 0xCC05, 0xBBA4, 0x9B03, 0xAB63, 0xBC04,
    0xABC4, 0x9B84, 0xABC3, 0xC485, 0xDD46, 0xC4E6, 0xAC45, 0xBCC5,
    0xD586, 0xEE27, 0xE647, 0xDDE6, 0xD5E6, 0xE647, 0xF6E9, 0xFF2A,
    0xF709, 0xE6A8, 0xDEA7, 0xDEA7, 0xD666, 0xCE46, 0xD666, 0xDE87,
    0xCE66, 0xCE66, 0xD686, 0xCE45, 0xBDE4, 0xC605, 0xDEE7, 0xE727,
    0xDEE6, 0xDEC7, 0xE707, 0xEF28, 0xEF27, 0xEF07, 0xEEE7, 0xE6C6,
    0xD645, 0xDE45, 0xDE66, 0xD5E6, 0xDE06, 0xD5E5, 0xCD85, 0xCD65,
    0xD565, 0xD564, 0xCD24, 0xC4A3, 0xBCA3, 0xD524, 0xD4E4, 0xC464,
    0xBC03, 0xBC03, 0xBC23, 0xBBE3, 0xC3E3, 0xB382, 0xA301, 0xA321,
    0x92E1, 0x8260, 0x7A20, 0x8240, 0x7A00, 0x5160, 0x4100, 0x4900,
    0x4900, 0x30C0, 0x1040, 0x0000, 0x7020, 0x9060, 0xA0A0, 0x8880,
    0x9880, 0xC0E2, 0xE143, 0xC942, 0xC141, 0xD9A2, 0xF203, 0xEA44,
    0xE243, 0xDA43, 0xE263, 0xE283, 0xE2A3, 0xEAC3, 0xEAA4, 0xEAA3,
    0xEAE3, 0xF3E8, 0xFCAA, 0xFBE7, 0xFC47, 0xFCA8, 0xDBC5, 0xCB63,
    0xD363, 0xCB84, 0xDBC4, 0xDBE4, 0xDC04, 0xDC25, 0xD404, 0xD404,
    0xDC87, 0xE508, 0xED27, 0xED06, 0xED46, 0xF5A7, 0xED87, 0xE547,
    0xE587, 0xF607, 0xEDE7, 0xDD87, 0xC526, 0xBD05, 0xC546, 0xD5E7,
    0xDE47, 0xDE47, 0xD627, 0xD626, 0xD626, 0xD646, 0xDE87, 0xDE87,
    0xD687, 0xD6A8, 0xDEC8, 0xDEC7, 0xD687, 0xC606, 0xBDE6, 0xCE86,
    0xDEE6, 0xCE66, 0xCE46, 0xD686, 0xDEA6, 0xD6A5, 0xDEA5, 0xDEA5,
    0xD685, 0xD645, 0xCE04, 0xC5A5, 0xCDA5, 0xCDA4, 0xBD44, 0xBD24,
    0xC544, 0xCD64, 0xD584, 0xDDA4, 0xD564, 0xCD04, 0xB443, 0xAC02,
    0xC483, 0xCCA3, 0xBC43, 0xB3E3, 0xBC23, 0xBC23, 0xAB82, 0xA342,
    0x92E2, 0x8AA1, 0x92C1, 0x92E1, 0x8A81, 0x69C0, 0x4940, 0x4100,
    0x38E0, 0x4100, 0x4940, 0x4920, 0x30A0, 0x0800, 0x0000, 0x5000,
    0x6820, 0x8861, 0xA081, 0xA8A1, 0xA0C1, 0xA8E1, 0xB101, 0xC141,
    0xC982, 0xC1A2, 0xD223, 0xEA84, 0xF2A5, 0xE263, 0xE262, 0xF2C3,
    0xFB06, 0xFB87, 0xFC08, 0xFC49, 0xFC69, 0xF428, 0xEB44, 0xF365,
    0xF3C6, 0xEBC5, 0xF3E5, 0xF3E5, 0xEC05, 0xE3E5, 0xF466, 0xFCA7,
    0xEC66, 0xE446, 0xF4E6, 0xFD88, 0xF527, 0xE4C6, 0xED06, 0xFDC8,
    0xFE08, 0xED87, 0xCCE6, 0xC4C5, 0xD526, 0xCD25, 0xDDA6, 0xEE28,
    0xF689, 0xFF0A, 0xFF29, 0xEEA7, 0xDE26, 0xDE46, 0xE687, 0xE6A7,
    0xCE27, 0xBD85, 0xBDA6, 0xCE46, 0xC5E6, 0x9CC4, 0xAD45, 0xBDE6,
    0xBDE5, 0xBDC5, 0xBDE6, 0xC626, 0xCE66, 0xBDE5, 0xB5A5, 0xC605,
    0xC5E5, 0xBDA5, 0xB564, 0xB563, 0xC5C4, 0xD625, 0xC5C5, 0xACE3,
    0xA4A3, 0xCDA4, 0xC564, 0xBD03, 0xCD84, 0xCD44, 0xBCE3, 0xB4A3,
    0xC4E4, 0xCD04, 0xC4A3, 0xB463, 0xBC43, 0xC484, 0xC443, 0xBC03,
    0xB3E3, 0xABA3, 0xABA2, 0xA342, 0x9B02, 0xAB22, 0x92C1, 0x7220,
    0x61A0, 0x5180, 0x5980, 0x5960, 0x5160, 0x38E0, 0x28A0, 0x38E0,
    0x2880, 0x1040, 0x7020, 0x7840, 0x8060, 0x9080, 0xA0C1, 0xB8E1,
    0xB902, 0xB102, 0xB942, 0xD182, 0xC9C2, 0xC9A1, 0xD1C2, 0xEA63,
    0xF2A5, 0xEA84, 0xDA62, 0xE2A3, 0xF325, 0xF366, 0xEB24, 0xDAA2,
    0xE2A3, 0xF365, 0xEBA5, 0xDB64, 0xDB65, 0xDB85, 0xF426, 0xFCE7,
    0xF445, 0xDBE3, 0xE424, 0xEC65, 0xE465, 0xD405, 0xCC25, 0xDC85,
    0xED06, 0xED07, 0xE507, 0xDCE6, 0xDD27, 0xED87, 0xF5E8, 0xFE48,
    0xF627, 0xEE07, 0xEE27, 0xE606, 0xEE47, 0xE647, 0xD606, 0xD606,
    0xDE27, 0xDE47, 0xDE47, 0xDE87, 0xDEA7, 0xD666, 0xC606, 0xBDA6,
    0xB585, 0xB5A5, 0xC606, 0xC626, 0xAD45, 0x8C63, 0x9462, 0xB584,
    0xBDA4, 0xB584, 0xCE45, 0xCE25, 0xC604, 0xC604, 0xCE05, 0xCE25,
    0xCDE4, 0xBD63, 0xBD64, 0xCDC4, 0xCDE4, 0xBD23, 0xBD04, 0xCD85,
    0xC544, 0xBCE4, 0xAC63, 0xAC43, 0xAC43, 0xBC83, 0xCCE4, 0xD504,
    0xD4E4, 0xD4C3, 0xE4E4, 0xE4E4, 0xDC84, 0xD443, 0xD423, 0xC3E3,
    0xB382, 0xAB21, 0x9AE1, 0x8241, 0x69C0, 0x5980, 0x5160, 0x6180,
    0x5120, 0x28A0, 0x38C0, 0x2060, 0x0000, 0x6800, 0x7820, 0x8860,
    0x9081, 0xB0C1, 0xC102, 0xD122, 0xC942, 0xC142, 0xB962, 0xC981,
    0xE224, 0xF2A5, 0xF2A4, 0xEA63, 0xEA84, 0xEAC4, 0xEAC4, 0xEAC4,
    0xFB05, 0xFBA6, 0xFC07, 0xFBE6, 0xEB65, 0xE344, 0xE385, 0xEBC5,
    0xD364, 0xCB44, 0xDBA4, 0xE3E5, 0xD3C5, 0xBB85, 0xCBE5, 0xE466,
    0xECA6, 0xECC7, 0xF507, 0xED07, 0xE4E7, 0xED67, 0xFDC8, 0xFDC8,
    0xF5E8, 0xEDE7, 0xEDE7, 0xFE68, 0xFEC9, 0xF688, 0xD5C7, 0xDE07,
    0xDE07, 0xC566, 0xCDE7, 0xDE47, 0xDE47, 0xCDE6, 0xD647, 0xE6C8,
    0xDEA8, 0xDE87, 0xD667, 0xCE47, 0xC626, 0xC646, 0xCE66, 0xC605,
    0xC626, 0xCE46, 0xCE66, 0xD6A6, 0xDEC6, 0xD6A6, 0xC5E5, 0xB564,
    0xBDA4, 0xD645, 0xE6A6, 0xDE45, 0xBD63, 0xBD43, 0xCDC4, 0xCDC4,
    0xBD24, 0xACA3, 0xB4C4, 0xBCE4, 0xB4A3, 0xA442, 0xAC43, 0xAC43,
    0xBC63, 0xD504, 0xE524, 0xE545, 0xE504, 0xDCC4, 0xD484, 0xD463,
    0xD443, 0xCC03, 0xBBC2, 0xBB82, 0xAB22, 0x8AA1, 0x69C0, 0x5160,
    0x4140, 0x4100, 0x5140, 0x38E0, 0x1840, 0x1860, 0x0820, 0x0000,
    0x6820, 0x8840, 0x9881, 0x8060, 0xA0A1, 0xD102, 0xD942, 0xC962,
    0xC962, 0xD9A3, 0xD1A2, 0xA961, 0xA182, 0xD223, 0xEA64, 0xEA84,
    0xEAC5, 0xFB05, 0xF2E5, 0xE2C4, 0xCAA4, 0xDB24, 0xE324, 0xB283,
    0xA262, 0xB2A3, 0xC304, 0xD344, 0xC343, 0xAAE3, 0x9282, 0xBB63,
    0xEC45, 0xEC46, 0xE466, 0xF4C7, 0xFD27, 0xF527, 0xF527, 0xF527,
    0xE527, 0xE527, 0xE547, 0xDD26, 0xD526, 0xD526, 0xD546, 0xAC64,
    0x9C03, 0xB4C5, 0xC545, 0xBD45, 0xB525, 0xBD45, 0xBD65, 0xC5A6,
    0xCDE6, 0xC5C6, 0xBD85, 0xB565, 0xC5E6, 0xCE46, 0xCE25, 0xC626,
    0xCE47, 0xD687, 0xD687, 0xCE66, 0xCE66, 0xDEA7, 0xD686, 0xD686,
    0xDEC7, 0xE707, 0xEF06, 0xE706, 0xE6E5, 0xE6C5, 0xEEE5, 0xEF06,
    0xE6A5, 0xCDE4, 0xBD43, 0xC564, 0xC524, 0x9C22, 0x7B40, 0x8BA1,
    0xAC83, 0xBCA3, 0xB442, 0xAC22, 0xB443, 0xC483, 0xCCA3, 0xD4C3,
    0xCC63, 0xBC03, 0xB3E2, 0xBBE2, 0xBBE2, 0xBBA2, 0xB382, 0x9AC1,
    0x7200, 0x5160, 0x5180, 0x5980, 0x4100, 0x30C0, 0x30C0, 0x38E0,
    0x40E0, 0x1040, 0x0000, 0x6800, 0x7840, 0x9881, 0x9880, 0xA0A1,
    0xB0E2, 0xC102, 0xC122, 0xC162, 0xD1A3, 0xD9E3, 0xEA44, 0xF264,
    0xE223, 0xEA84, 0xEAC4, 0xE2A3, 0xE2A3, 0xEAE4, 0xF305, 0xF2A3,
    0xF304, 0xF386, 0xF386, 0xDB65, 0xD344, 0xD345, 0xBB04, 0xBB24,
    0xCB85, 0xC365, 0xBB44, 0xBB84, 0xCBC5, 0xDC25, 0xD425, 0xC3E5,
    0xCC46, 0xD486, 0xCC66, 0xC466, 0xC465, 0xC486, 0xD4E6, 0xD545,
    0xD565, 0xD566, 0xBCE5, 0xC545, 0xF688, 0xFEC8, 0xE648, 0xCDA6,
    0xCDC6, 0xDE67, 0xE6A7, 0xD627, 0xCE06, 0xD647, 0xD667, 0xD667,
    0xDE87, 0xDEC7, 0xDEE7, 0xD6C7, 0xDEC7, 0xD6A7, 0xDEC7, 0xDF07,
    0xE727, 0xEF47, 0xE747, 0xE706, 0xEF47, 0xFFA7, 0xF787, 0xFF87,
    0xEF26, 0xE6A5, 0xE6A5, 0xE6A5, 0xDE23, 0xC562, 0xBD23, 0xBD03,
    0xBD03, 0xBCE3, 0xA442, 0x93A1, 0x8BA1, 0xAC43, 0xBC83, 0xAC02,
    0xABE2, 0xBC63, 0xCC83, 0xC443, 0xBC02, 0xABA2, 0xA341, 0xA341,
    0xAB42, 0xA321, 0xA301, 0x9AE0, 0x7A20, 0x61C0, 0x61C0, 0x5980,
    0x4900, 0x30A0, 0x2080, 0x2080, 0x0820, 0x0000, 0x7820, 0x7820,
    0x8860, 0x98A1, 0xA8C1, 0xA8C1, 0xA8C1, 0xB0E1, 0xC962, 0xE1C3,
    0xD9C2, 0xDA23, 0xEA64, 0xEA63, 0xF305, 0xFB67, 0xFB27, 0xF2A4,
    0xFB67, 0xFCAB, 0xEC09, 0xEB24, 0xF323, 0xF385, 0xDB44, 0xDB44,
    0xFC05, 0xFC46, 0xF406, 0xDBC5, 0xE3E5, 0xFC86, 0xFCC7, 0xE465,
    0xE466, 0xEC86, 0xDC86, 0xF527, 0xFDA8, 0xFD68, 0xF548, 0xED68,
    0xEDA8, 0xDD47, 0xCCE7, 0xC4C6, 0xC4E6, 0xCD26, 0xC506, 0xACA5,
    0xACA5, 0xACC5, 0xB505, 0xCDA6, 0xCDE6, 0xC5C6, 0xCDE6, 0xD647,
    0xDEA7, 0xDEA7, 0xDEC7, 0xDEC7, 0xDEC7, 0xE707, 0xE707, 0xDEE7,
    0xDEE7, 0xE708, 0xE708, 0xDEC7, 0xD687, 0xDEA7, 0xE6E7, 0xDEC7,
    0xD666, 0xD668, 0xEF09, 0xE6C7, 0xC5A4, 0xACE1, 0xACE2, 0xB523,
    0xA4A3, 0xACA3, 0xA482, 0xA442, 0xB4C3, 0xC504, 0xBCC4, 0xA423,
    0xA403, 0xBC63, 0xBC63, 0xBC43, 0xB403, 0xB422, 0xABC2, 0xAB82,
    0xABA2, 0xA362, 0xAB82, 0xB382, 0x9AC1, 0x7A40, 0x7220, 0x7A20,
    0x71E0, 0x69E0, 0x7200, 0x7A00, 0x6180, 0x30C0, 0x2880, 0x1040,
    0x0820, 0x6000, 0x7020, 0x8060, 0x8060, 0xA0A1, 0xD123, 0xE184,
    0xD983, 0xC962, 0xD182, 0xD1A2, 0xD1C3, 0xDA03, 0xDA24, 0xE244,
    0xE264, 0xE283, 0xF2A3, 0xEA62, 0xD202, 0xC202, 0xB264, 0xBAC5,
    0xCB25, 0xCB04, 0x9243, 0x6182, 0x9A63, 0xD365, 0xD385, 0xCBA5,
    0xD3A5, 0xDBE4, 0xCBA4, 0xD405, 0xCC05, 0x9303, 0x82A3, 0x7283,
    0x6241, 0x6A41, 0x7281, 0x7AC1, 0x6A80, 0x8B62, 0xBCA5, 0xCD26,
    0xCD46, 0xBD06, 0xA444, 0xA444, 0xC545, 0xDE27, 0xD627, 0xCDE6,
    0xD647, 0xE6A7, 0xDEA7, 0xD666, 0xD646, 0xD667, 0xD6A7, 0xDEC7,
    0xDEC7, 0xD687, 0xD666, 0xD6A7, 0xD6A7, 0xCE66, 0xC625, 0xBDC5,
    0xB5A5, 0xBDA5, 0xB583, 0xB583, 0xB583, 0xAD42, 0x9CA1, 0x9442,
    0x9442, 0xA4A2, 0xA4C3, 0x9443, 0x9C42, 0x9422, 0x8BC2, 0x93E2,
    0xAC83, 0xC4E4, 0xA423, 0xA403, 0xC4A3, 0xBC84, 0xAC02, 0xA3C1,
    0xB402, 0xABC2, 0xABA2, 0xABA2, 0x9321, 0x82A0, 0x8281, 0x92C1,
    0x92C1, 0x8261, 0x7A20, 0x61A0, 0x61A0, 0x61A1, 0x61A0, 0x4920,
    0x28A0, 0x30A0, 0x1840, 0x0800, 0x5800, 0x7020, 0x9881, 0x9881,
    0xA081, 0xB8C1, 0xD983, 0xEA04, 0xE1E4, 0xD182, 0xD9E3, 0xE244,
    0xEA64, 0xEA64, 0xEAA5, 0xEAA4, 0xF2A3, 0xF367, 0xF40A, 0xF409,
    0xFC28, 0xFBA6, 0xEAE3, 0xD2C3, 0xEBA6, 0xFC07, 0xE344, 0xDBA4,
    0xEC05, 0xFC04, 0xFC25, 0xEC47, 0xE4A9, 0xECA8, 0xEC86, 0xE465,
    0xECA6, 0xFD48, 0xFD87, 0xED26, 0xF567, 0xFDE8, 0xFE69, 0xFE69,
    0xFE48, 0xFE48, 0xEE07, 0xE607, 0xEE47, 0xFEC8, 0xFF28, 0xFF08,
    0xEEA7, 0xE687, 0xEEC7, 0xEEE8, 0xE687, 0xDE67, 0xDE87, 0xCE46,
    0xCE46, 0xCE26, 0xBDC6, 0xBDA5, 0xBDE5, 0xC626, 0xC626, 0xB5A5,
    0xAD85, 0xCE46, 0xDEE6, 0xCE65, 0xB585, 0xBDA5, 0xCE45, 0xCE25,
    0xC5C4, 0xB564, 0xB523, 0xACE3, 0xA4A3, 0x9C82, 0x9C62, 0x93E2,
    0x8BC2, 0x9C42, 0xA462, 0x9C02, 0x93C2, 0x9BC2, 0xAC43, 0xB423,
    0x9382, 0x9361, 0xA3C2, 0xABC3, 0x9B82, 0xA382, 0xAB82, 0x9B22,
    0x82A1, 0x7A61, 0x92C2, 0x8A82, 0x7A21, 0x7A01, 0x71E0, 0x69C0,
    0x5980, 0x69C0, 0x5960, 0x28A0, 0x2880, 0x1840, 0x0820, 0x6000,
    0x7820, 0x9060, 0x9080, 0xA0C1, 0xB8E1, 0xB8E1, 0xB0E1, 0xB921,
    0xD182, 0xE224, 0xEA64, 0xEA84, 0xEA84, 0xF2C5, 0xFB06, 0xFAE5,
    0xE2E4, 0xE305, 0xEB66, 0xF345, 0xEB25, 0xF3C7, 0xFC48, 0xFC68,
    0xF488, 0xFD2B, 0xFE31, 0xFE32, 0xF58F, 0xFDCE, 0xFD8C, 0xFD08,
    0xF464, 0xF485, 0xFD08, 0xFD49, 0xF589, 0xF588, 0xFD89, 0xFDA9,
    0xF5A8, 0xED86, 0xF5C8, 0xF608, 0xEDE7, 0xE5C6, 0xF647, 0xF668,
    0xE607, 0xE607, 0xE626, 0xDE06, 0xDE47, 0xDE47, 0xCDE7, 0xBD85,
    0xB525, 0xAD25, 0xB566, 0xB586, 0xBD85, 0xBDA5, 0xB585, 0xAD64,
    0xAD64, 0xAD44, 0xAD44, 0xB585, 0xBDE5, 0xBDE5, 0xBDE5, 0xC605,
    0xBDA5, 0xB564, 0xBD84, 0xBDA4, 0xCDE5, 0xC5A4, 0xA4C3, 0xB504,
    0xD605, 0xD605, 0xBD24, 0xACA3, 0xBCE3, 0xB4A3, 0xA443, 0xAC43,
    0xAC63, 0xBC83, 0xB442, 0x8B40, 0xA3A2, 0xC464, 0xC463, 0xBC02,
    0xB3C1, 0xABA1, 0x9B41, 0x9B02, 0x9AE2, 0x92C2, 0x8261, 0x7A20,
    0x7200, 0x71E0, 0x71E0, 0x69C0, 0x6180, 0x4920, 0x30C0, 0x28A0,
    0x1040, 0x0820, 0x8020, 0x8040, 0x8860, 0xA081, 0xC0E2, 0xC8E2,
    0xC0E1, 0xD183, 0xEA25, 0xF266, 0xEA45, 0xEA65, 0xF2E6, 0xFB06,
    0xFB27, 0xF347, 0xFBC8, 0xFCCD, 0xFD90, 0xFD90, 0xFD0D, 0xFD4F,
    0xFDD1, 0xFD4E, 0xFD4D, 0xFD6D, 0xFD4C, 0xFD8E, 0xFE52, 0xFEB5,
    0xFE31, 0xFE30, 0xFE92, 0xFDED, 0xFE0C, 0xFE0D, 0xF5AA, 0xF568,
    0xFDA9, 0xFDEA, 0xFDE9, 0xF5A8, 0xF5A7, 0xF5E7, 0xFDE7, 0xF607,
    0xF608, 0xF628, 0xF667, 0xF688, 0xFEE9, 0xFF2A, 0xFF4A, 0xFF28,
    0xEEA7, 0xE687, 0xE6C8, 0xDEA7, 0xCE26, 0xBDA5, 0xBDA6, 0xBDC6,
    0xB5A5, 0xB584, 0xB564, 0xAD65, 0xA504, 0xAD44, 0xBDC5, 0xBDC5,
    0xB584, 0xB564, 0xB5A4, 0xB584, 0xB565, 0xB585, 0xB564, 0xBDA4,
    0xCE05, 0xB543, 0xBD64, 0xCDE5, 0xC584, 0xC584, 0xC564, 0xBD24,
    0xB4A3, 0xBCE3, 0xCD03, 0xBCA3, 0xC4C4, 0xD505, 0xC4C4, 0xC483,
    0xB423, 0xABC3, 0xBC23, 0xC463, 0xB3C2, 0x9B21, 0x8AC1, 0x8AA1,
    0x8AA2, 0x8A81, 0x8241, 0x69E0, 0x5160, 0x5980, 0x71E0, 0x5160,
    0x38C0, 0x38C0, 0x38C0, 0x1040, 0x0000, 0x7820, 0x8840, 0xA081,
    0xA0A1, 0xA8C1, 0xB8E2, 0xC922, 0xD162, 0xD183, 0xD9C3, 0xE244,
    0xEA84, 0xEAA5, 0xF2A5, 0xF306, 0xFB67, 0xF326, 0xF346, 0xFB25,
    0xF325, 0xE325, 0xE304, 0xEAE2, 0xEB03, 0xE345, 0xDB24, 0xCB03,
    0xC2C2, 0xD303, 0xEBA4, 0xE301, 0xE3A2, 0xECC7, 0xF508, 0xED2B,
    0xED2B, 0xFD27, 0xF527, 0xED27, 0xED07, 0xED27, 0xED66, 0xE566,
    0xED87, 0xE587, 0xDD87, 0xEDE7, 0xE5E7, 0xEE27, 0xF688, 0xF688,
    0xE647, 0xDE27, 0xDE47, 0xE687, 0xE688, 0xE687, 0xEEC8, 0xE6A7,
    0xBDA5, 0xC606, 0xCE47, 0xC605, 0xC605, 0xCE46, 0xD666, 0xCE46,
    0xD666, 0xCE66, 0xB585, 0xAD44, 0xB584, 0xBDE5, 0xC5E5, 0xB584,
    0xAD23, 0xBDA4, 0xC5E5, 0xC5A5, 0xBD85, 0xCDC5, 0xCDC5, 0xBD24,
    0xB4C3, 0xBD03, 0xCD64, 0xCD64, 0xC524, 0xBCC4, 0xBCC4, 0xC4E4,
    0xCCE4, 0xC483, 0xBC63, 0xBC43, 0xBC03, 0xA3A2, 0x9B62, 0xA342,
    0xAB82, 0xAB62, 0x9AE1, 0x7A61, 0x7A41, 0x8261, 0x7A20, 0x61A0,
    0x5180, 0x61A0, 0x5140, 0x40E0, 0x30A0, 0x38C0, 0x2060, 0x0000,
  };

  const EyeDefinition eye PROGMEM = {
      "dragon_eye", 0.5, 0, 0, nullptr,
      { 0, 0.5, 0.25, 0.8 },
      { 0.5, 0.3, { iris_texture, 256, 115 }, 65224, 0, 0, 0, 0 },
      { { nullptr, 0, 0 }, 0, 0, 0, 0, 0 },
      { upper, lower, 0, 0.3, 0.0, true },
      { 240, nullptr, nullptr }
  };
}  // namespace
