#pragma once

#include <Arduino.h>
#include "eyes.h"

namespace dragon {

  // upper eyelid lookup table (466 columns, 0-255 range)
  const uint8_t upper[932] PROGMEM = {
    99, 129, 96, 131, 93, 133, 91, 134, 89, 136, 87, 137, 85, 138, 84, 140,
    82, 141, 81, 142, 79, 142, 78, 143, 77, 145, 76, 145, 74, 146, 73, 146,
    72, 147, 71, 148, 70, 149, 69, 149, 68, 150, 67, 151, 66, 152, 65, 152,
    64, 153, 62, 153, 61, 154, 61, 154, 60, 155, 59, 155, 58, 156, 57, 157,
    56, 157, 55, 158, 54, 159, 53, 159, 52, 160, 51, 160, 50, 161, 50, 161,
    49, 161, 48, 162, 47, 163, 47, 163, 46, 163, 45, 163, 44, 164, 44, 164,
    43, 164, 42, 165, 42, 165, 41, 165, 40, 166, 39, 166, 39, 166, 38, 167,
    38, 167, 37, 167, 36, 168, 36, 168, 36, 169, 35, 169, 35, 169, 34, 170,
    33, 170, 33, 170, 32, 170, 31, 171, 31, 171, 30, 171, 30, 172, 29, 172,
    29, 172, 28, 172, 27, 173, 27, 173, 26, 174, 26, 174, 25, 174, 25, 174,
    25, 175, 24, 175, 24, 175, 23, 175, 22, 175, 22, 176, 22, 176, 21, 176,
    21, 176, 20, 176, 20, 176, 20, 177, 19, 177, 19, 177, 19, 177, 18, 177,
    18, 178, 18, 178, 18, 178, 17, 178, 16, 178, 16, 178, 16, 179, 15, 179,
    15, 179, 15, 180, 14, 180, 14, 180, 14, 180, 14, 180, 13, 180, 13, 180,
    13, 181, 12, 181, 12, 181, 12, 181, 12, 181, 11, 181, 11, 181, 10, 181,
    10, 182, 10, 182, 10, 182, 9, 182, 9, 182, 9, 182, 9, 182, 9, 182,
    8, 182, 8, 182, 8, 182, 8, 182, 7, 182, 7, 182, 7, 182, 7, 182,
    7, 182, 6, 182, 6, 182, 6, 183, 6, 183, 6, 183, 6, 183, 5, 183,
    5, 183, 5, 183, 4, 183, 4, 183, 4, 183, 4, 183, 4, 183, 4, 183,
    3, 183, 3, 183, 3, 183, 3, 183, 3, 183, 3, 183, 3, 183, 3, 183,
    2, 183, 2, 183, 2, 183, 2, 183, 2, 183, 2, 183, 2, 183, 2, 183,
    1, 183, 1, 183, 1, 183, 1, 183, 1, 183, 1, 183, 1, 183, 1, 183,
    1, 183, 1, 183, 1, 183, 0, 183, 0, 183, 0, 183, 0, 183, 0, 183,
    0, 183, 0, 183, 0, 183, 0, 183, 0, 183, 0, 183, 0, 183, 0, 183,
    0, 183, 0, 183, 0, 183, 0, 183, 0, 183, 0, 183, 0, 183, 0, 183,
    0, 183, 0, 183, 0, 183, 0, 183, 0, 182, 0, 182, 0, 182, 0, 182,
    0, 182, 0, 182, 0, 182, 0, 182, 0, 182, 0, 182, 0, 182, 0, 182,
    0, 182, 0, 182, 0, 182, 0, 182, 0, 182, 0, 182, 0, 182, 0, 182,
    0, 182, 0, 182, 0, 182, 0, 182, 0, 182, 0, 182, 0, 182, 0, 182,
    0, 182, 0, 182, 0, 182, 0, 182, 0, 182, 0, 182, 0, 182, 0, 181,
    0, 181, 0, 181, 0, 181, 0, 181, 0, 181, 0, 181, 0, 181, 0, 181,
    0, 181, 0, 181, 1, 181, 1, 181, 1, 180, 1, 180, 1, 180, 1, 180,
    1, 180, 1, 180, 1, 180, 1, 180, 1, 180, 2, 180, 2, 180, 2, 179,
    2, 179, 2, 179, 2, 179, 2, 178, 2, 178, 3, 178, 3, 178, 3, 178,
    3, 178, 3, 178, 3, 178, 3, 178, 4, 178, 4, 177, 4, 177, 4, 177,
    4, 177, 4, 177, 4, 177, 5, 177, 5, 177, 5, 177, 6, 177, 6, 176,
    6, 176, 6, 176, 6, 176, 6, 176, 7, 176, 7, 176, 7, 176, 7, 176,
    7, 176, 8, 175, 8, 175, 8, 175, 8, 175, 9, 175, 9, 175, 9, 175,
    9, 175, 10, 174, 10, 174, 10, 174, 10, 174, 11, 174, 11, 174, 12, 174,
    12, 174, 12, 174, 12, 173, 13, 173, 13, 173, 13, 173, 14, 173, 14, 172,
    14, 172, 14, 172, 15, 172, 15, 172, 15, 172, 16, 172, 16, 172, 16, 172,
    17, 171, 17, 171, 18, 171, 18, 171, 18, 171, 19, 171, 19, 171, 19, 171,
    20, 170, 20, 170, 20, 170, 21, 170, 21, 170, 21, 170, 22, 170, 22, 170,
    22, 170, 23, 169, 24, 169, 24, 169, 24, 169, 25, 169, 25, 169, 25, 169,
    26, 169, 26, 169, 26, 168, 27, 168, 27, 168, 28, 168, 28, 167, 29, 167,
    29, 167, 30, 167, 30, 167, 30, 167, 31, 167, 31, 167, 32, 167, 32, 166,
    33, 166, 33, 166, 34, 166, 35, 166, 35, 166, 36, 166, 36, 166, 36, 166,
    36, 165, 37, 165, 37, 165, 38, 165, 38, 165, 39, 165, 39, 165, 40, 165,
    41, 165, 41, 165, 42, 164, 42, 164, 43, 164, 43, 164, 44, 164, 44, 164,
    45, 164, 46, 164, 47, 164, 47, 164, 48, 164, 48, 163, 49, 163, 50, 163,
    51, 163, 52, 163, 53, 163, 53, 163, 54, 163, 54, 163, 55, 163, 56, 163,
    56, 163, 58, 163, 58, 163, 59, 163, 60, 163, 61, 163, 61, 162, 62, 162,
    63, 162, 64, 162, 65, 162, 66, 162, 67, 162, 68, 162, 68, 162, 70, 162,
    71, 162, 71, 161, 72, 161, 73, 161, 73, 161, 74, 161, 76, 161, 77, 161,
    78, 161, 79, 161, 80, 161, 81, 161, 82, 161, 83, 161, 84, 162, 85, 162,
    85, 162, 87, 162, 88, 162, 88, 162, 89, 162, 90, 162, 91, 162, 91, 162,
    92, 162, 93, 162, 94, 162, 95, 162, 95, 162, 96, 162, 97, 162, 98, 162,
    99, 162, 100, 163, 100, 163, 101, 163, 102, 163, 102, 163, 103, 163, 104, 163,
    105, 163, 106, 163,
  };

  // lower eyelid lookup table (466 columns, 0-255 range)
  const uint8_t lower[932] PROGMEM = {
    156, 125, 159, 126, 161, 127, 163, 129, 164, 131, 166, 132, 167, 134, 169, 135,
    171, 136, 172, 137, 174, 138, 175, 140, 176, 141, 177, 142, 179, 142, 180, 143,
    181, 144, 182, 145, 183, 145, 184, 146, 186, 147, 187, 147, 188, 148, 188, 148,
    189, 149, 190, 150, 192, 151, 193, 151, 193, 152, 194, 152, 195, 153, 196, 153,
    197, 154, 198, 155, 199, 155, 200, 156, 200, 156, 201, 157, 202, 157, 203, 158,
    204, 158, 204, 158, 205, 159, 206, 159, 206, 160, 207, 160, 208, 160, 209, 161,
    209, 161, 210, 161, 210, 162, 211, 162, 212, 163, 212, 163, 213, 163, 213, 163,
    214, 163, 215, 164, 215, 164, 216, 164, 216, 165, 217, 165, 217, 165, 217, 165,
    218, 166, 218, 166, 219, 166, 220, 167, 221, 167, 221, 167, 221, 167, 222, 168,
    222, 168, 223, 168, 223, 169, 224, 169, 224, 169, 224, 169, 225, 169, 225, 170,
    226, 170, 226, 170, 227, 170, 227, 170, 228, 171, 228, 171, 228, 171, 229, 171,
    229, 171, 229, 171, 230, 172, 230, 172, 230, 172, 231, 172, 231, 172, 232, 172,
    232, 173, 232, 173, 233, 173, 233, 174, 233, 174, 234, 174, 234, 174, 234, 174,
    235, 174, 235, 174, 235, 175, 235, 175, 236, 175, 236, 175, 236, 175, 236, 175,
    236, 175, 237, 175, 237, 175, 238, 176, 238, 176, 238, 176, 238, 176, 239, 176,
    239, 176, 239, 176, 239, 176, 239, 176, 240, 176, 240, 176, 240, 177, 240, 177,
    240, 177, 241, 177, 241, 177, 241, 177, 241, 177, 241, 177, 242, 177, 242, 177,
    242, 177, 242, 177, 242, 177, 242, 178, 243, 178, 243, 178, 243, 178, 244, 178,
    244, 178, 244, 178, 244, 178, 244, 178, 244, 178, 244, 178, 245, 178, 245, 178,
    245, 178, 245, 178, 245, 178, 245, 178, 245, 178, 246, 178, 246, 178, 246, 178,
    246, 178, 246, 178, 246, 179, 246, 179, 246, 179, 246, 179, 246, 179, 247, 179,
    247, 179, 247, 179, 247, 179, 247, 179, 247, 179, 247, 179, 247, 179, 247, 179,
    247, 179, 247, 179, 247, 179, 247, 179, 247, 179, 247, 179, 247, 179, 248, 179,
    248, 179, 248, 179, 248, 179, 248, 179, 248, 179, 248, 179, 248, 179, 248, 179,
    248, 179, 248, 179, 248, 179, 248, 179, 248, 179, 248, 179, 248, 179, 248, 179,
    248, 178, 248, 178, 248, 178, 248, 178, 248, 178, 248, 178, 248, 178, 248, 178,
    248, 178, 248, 178, 248, 178, 247, 178, 247, 178, 247, 178, 247, 178, 247, 178,
    247, 178, 247, 178, 247, 178, 247, 178, 247, 178, 247, 178, 247, 178, 247, 178,
    247, 178, 247, 178, 247, 178, 247, 177, 247, 177, 247, 177, 247, 177, 247, 177,
    246, 177, 246, 177, 246, 177, 246, 177, 246, 177, 246, 177, 246, 177, 246, 177,
    246, 177, 246, 177, 246, 176, 245, 176, 245, 176, 245, 176, 245, 176, 245, 176,
    245, 176, 245, 176, 245, 176, 245, 176, 245, 176, 244, 176, 244, 176, 244, 176,
    244, 175, 244, 175, 244, 175, 244, 175, 244, 175, 244, 175, 243, 175, 243, 175,
    243, 175, 243, 175, 242, 174, 242, 174, 242, 174, 242, 174, 242, 174, 242, 174,
    242, 174, 241, 174, 241, 174, 241, 174, 241, 174, 241, 173, 241, 173, 241, 173,
    240, 173, 240, 172, 240, 172, 240, 172, 240, 172, 240, 172, 239, 172, 239, 172,
    239, 172, 239, 172, 239, 172, 239, 171, 238, 171, 238, 171, 238, 171, 238, 171,
    238, 171, 238, 171, 237, 171, 237, 170, 236, 170, 236, 170, 236, 170, 236, 170,
    236, 170, 236, 170, 236, 169, 236, 169, 235, 169, 235, 169, 235, 169, 235, 169,
    235, 169, 234, 168, 234, 168, 234, 168, 234, 168, 234, 167, 233, 167, 233, 167,
    233, 167, 233, 167, 233, 167, 232, 167, 232, 166, 232, 166, 232, 166, 232, 166,
    231, 166, 231, 166, 230, 166, 230, 165, 230, 165, 229, 165, 229, 165, 229, 165,
    229, 165, 229, 164, 228, 164, 228, 164, 228, 164, 228, 164, 227, 164, 227, 163,
    227, 163, 227, 163, 226, 163, 226, 163, 225, 163, 225, 163, 225, 163, 225, 163,
    224, 163, 224, 162, 224, 162, 224, 162, 223, 161, 223, 161, 223, 161, 223, 161,
    222, 161, 222, 161, 222, 160, 221, 160, 221, 160, 221, 160, 220, 160, 220, 160,
    219, 159, 219, 159, 219, 159, 218, 159, 218, 159, 218, 159, 217, 158, 217, 158,
    217, 158, 217, 158, 217, 158, 216, 158, 216, 157, 216, 157, 215, 157, 215, 157,
    215, 157, 214, 157, 213, 156, 213, 156, 213, 156, 212, 156, 212, 155, 211, 155,
    211, 155, 211, 155, 210, 155, 210, 155, 210, 155, 209, 154, 209, 154, 207, 154,
    207, 154, 206, 154, 206, 154, 206, 154, 205, 153, 205, 153, 204, 153, 204, 153,
    203, 153, 203, 153, 202, 153, 201, 153, 201, 153, 200, 153, 200, 153, 199, 153,
    199, 153, 199, 153, 198, 153, 198, 153, 197, 153, 196, 153, 195, 153, 195, 153,
    194, 153, 194, 153, 193, 153, 192, 153, 192, 153, 191, 153, 190, 153, 190, 153,
    189, 153, 188, 153, 187, 153, 187, 153, 186, 153, 185, 153, 184, 153, 184, 153,
    183, 154, 183, 154, 182, 154, 182, 154, 181, 154, 181, 154, 181, 154, 181, 154,
    180, 155, 180, 155, 180, 155, 179, 155, 178, 155, 178, 155, 178, 155, 178, 156,
    177, 156, 177, 156, 177, 157, 177, 157, 177, 157, 177, 157, 177, 157, 177, 157,
    177, 158, 176, 158,
  };

  // iris_texture (256x116 px, RGB565 angle-major: T[angle*116+radius])
  const uint16_t iris_texture[29696] PROGMEM = {
    0x7020, 0x9040, 0xB8A1, 0xB8A1, 0xB0A1, 0xB8E2, 0xD143, 0xD163,
    0xD183, 0xD9C3, 0xDA04, 0xDA04, 0xDA04, 0xE223, 0xE264, 0xEAA5,
    0xF306, 0xF2C5, 0xF2C5, 0xFB26, 0xFB66, 0xEB45, 0xD2E4, 0xD304,
    0xD325, 0xCB24, 0xC304, 0xBB04, 0xCB65, 0xE3C5, 0xDBC5, 0xC385,
    0xBB84, 0xC3A5, 0xCBE5, 0xBBC4, 0xBBE5, 0xCC45, 0xDCA6, 0xE4E6,
    0xDCC6, 0xCCA5, 0xD4E5, 0xCCC5, 0xC4C5, 0xD526, 0xD546, 0xCD06,
    0xC4E5, 0xC545, 0xBD26, 0xB4C6, 0xCDA6, 0xD606, 0xCDE6, 0xDE47,
    0xDE67, 0xD627, 0xD646, 0xD667, 0xD687, 0xCE46, 0xCE25, 0xCE46,
    0xD686, 0xCE66, 0xCE46, 0xCE46, 0xD687, 0xBDE5, 0xA544, 0xC605,
    0xCE66, 0xCE46, 0xC625, 0xC605, 0xC5E5, 0xCE05, 0xDE66, 0xDE87,
    0xCDC5, 0xA4C3, 0x9C61, 0xA4A2, 0xC544, 0xB4E4, 0xACA3, 0xC524,
    0xD564, 0xCD24, 0xC4C3, 0xCCE3, 0xCCE4, 0xBC63, 0xBC43, 0xC484,
    0xC463, 0xA382, 0x9322, 0x9B42, 0xAB82, 0xAB62, 0xA302, 0x8AA1,
    0x92A1, 0x8A81, 0x7200, 0x5960, 0x5980, 0x71E0, 0x61A0, 0x5120,
    0x40E0, 0x30A0, 0x1020, 0x0000, 0xB061, 0xA861, 0xB0A1, 0xB8C2,
    0xB8C2, 0xB8E1, 0xC102, 0xD163, 0xC963, 0xC142, 0xD9C3, 0xD9E3,
    0xC1C3, 0xB9C2, 0xB9C2, 0xC9E3, 0xD244, 0xD284, 0xD284, 0xCA83,
    0xAA42, 0xAA42, 0xAA63, 0xAA63, 0x9A42, 0x9242, 0xA283, 0x9243,
    0x8222, 0x9A83, 0xAAE3, 0xB323, 0xAB44, 0xAB23, 0x92C2, 0x8A82,
    0xA364, 0xB3A4, 0x9B42, 0x8302, 0xA3A4, 0xCC85, 0xBC45, 0xAC04,
    0xAC24, 0xBCA5, 0xC4C5, 0xC4E6, 0xC526, 0xC525, 0xD5A6, 0xDE06,
    0xC586, 0xA4C5, 0xA4C4, 0xC585, 0xC585, 0xBD65, 0xD647, 0xDE87,
    0xD667, 0xDEA8, 0xF749, 0xF769, 0xE708, 0xE728, 0xE728, 0xDEC7,
    0xDEC7, 0xEF48, 0xF7A9, 0xEF48, 0xDEE7, 0xE707, 0xEF48, 0xEF07,
    0xDEA7, 0xDE86, 0xEF27, 0xF747, 0xEEC6, 0xE686, 0xDE26, 0xD5E6,
    0xD5C6, 0xBD24, 0xB4C3, 0xCD85, 0xDDC5, 0xE5C6, 0xF627, 0xF606,
    0xE585, 0xDD44, 0xDD04, 0xDD04, 0xDCE4, 0xD4A4, 0xD483, 0xCC43,
    0xB3A2, 0xA342, 0xAB42, 0xB382, 0xAB42, 0x92A2, 0x7A21, 0x71E0,
    0x71E0, 0x69C0, 0x5960, 0x4920, 0x40E0, 0x30C0, 0x1020, 0x0000,
    0x9040, 0xA881, 0xC0C2, 0xC0A2, 0xB8C1, 0xC902, 0xD943, 0xD983,
    0xC163, 0xA922, 0xB162, 0xB982, 0xC1A2, 0xC9C3, 0xCA03, 0xCA43,
    0xCA63, 0xC243, 0xB223, 0xAA23, 0xAA23, 0xB263, 0xC2A4, 0xCAE4,
    0xBAA3, 0x9A43, 0xBAE4, 0xEBE5, 0xFC25, 0xD3A5, 0xBB24, 0xBB64,
    0xC3A4, 0xCBE5, 0xDC26, 0xE466, 0xE4A6, 0xDC66, 0xC425, 0xB3E4,
    0xB3E4, 0xB404, 0xABE4, 0xB425, 0xB465, 0xBC65, 0xAC65, 0xA424,
    0x9C03, 0x9C04, 0x9C45, 0xA486, 0xACC5, 0xBD65, 0xC586, 0xB545,
    0xAD05, 0xBD66, 0xCE26, 0xDEA7, 0xE708, 0xEF48, 0xE708, 0xEF48,
    0xFFEA, 0xFFEB, 0xFFC9, 0xF788, 0xF7A8, 0xEF68, 0xE728, 0xDEE7,
    0xDEC8, 0xDEA8, 0xDEA7, 0xE6C7, 0xEF27, 0xEF28, 0xEF08, 0xF708,
    0xFF48, 0xFF28, 0xF6E7, 0xEEA7, 0xEE66, 0xF687, 0xF6A8, 0xFE87,
    0xF646, 0xFE87, 0xFEC8, 0xFE67, 0xFE06, 0xFE26, 0xFDE5, 0xED85,
    0xED45, 0xED25, 0xE504, 0xE4C4, 0xDC84, 0xD444, 0xCC03, 0xC3C3,
    0xBB62, 0xAB02, 0xA2E2, 0x92A1, 0x8A61, 0x8A41, 0x71C0, 0x5940,
    0x38E0, 0x30C0, 0x1840, 0x0000, 0x8840, 0x8040, 0x8860, 0xA881,
    0xC0E2, 0xC102, 0xB0E1, 0xB901, 0xD183, 0xE1C3, 0xE204, 0xDA24,
    0xE264, 0xF2A5, 0xFAA5, 0xF2A5, 0xE284, 0xDA84, 0xCA83, 0xBA63,
    0xCAA4, 0xE325, 0xE345, 0xC2C3, 0xAA82, 0xB2C3, 0xCB24, 0xBB04,
    0xAAC3, 0xBB23, 0xC364, 0xBB44, 0xAB24, 0xB344, 0xAB43, 0x92C2,
    0x6A41, 0x82C1, 0xB3A3, 0xA382, 0x9B82, 0xB404, 0xB404, 0xB444,
    0xB464, 0xB465, 0xB485, 0xAC85, 0xAC65, 0xA465, 0xA445, 0x9C24,
    0x8C04, 0x9424, 0x9C85, 0x9C85, 0xA4C6, 0xA4C6, 0xA4C5, 0x9484,
    0x8C64, 0x9464, 0x9C84, 0xAD25, 0xBDC6, 0xD687, 0xE707, 0xE727,
    0xFFC9, 0xF789, 0xE707, 0xE707, 0xEF47, 0xF788, 0xF768, 0xEF28,
    0xEF48, 0xFF68, 0xF747, 0xF748, 0xFF69, 0xFF47, 0xFF26, 0xFF27,
    0xF6C6, 0xF687, 0xFEA7, 0xFEE7, 0xFEC8, 0xFE67, 0xF647, 0xFE68,
    0xFE68, 0xFE06, 0xED85, 0xED65, 0xED65, 0xED25, 0xED05, 0xE4C4,
    0xDC84, 0xCC23, 0xC3C3, 0xBBA3, 0xC3A3, 0xBB62, 0xAAE2, 0x9AA2,
    0x92A1, 0x8A61, 0x71E0, 0x5160, 0x4100, 0x30C0, 0x1020, 0x0000,
    0x8840, 0x9861, 0xB0A1, 0xC0C2, 0xA8A1, 0xA8C1, 0xC122, 0xD963,
    0xD9A3, 0xD1C4, 0xE224, 0xE204, 0xC9E3, 0xC1C3, 0xDA03, 0xDA24,
    0x9183, 0xA1E4, 0xBA24, 0xA9C3, 0xCA63, 0xF324, 0xE324, 0xB284,
    0xA243, 0xBAC3, 0xC304, 0xC324, 0xCB65, 0xD3A5, 0xCB84, 0xC384,
    0xD3E5, 0xBBA4, 0xBBA4, 0xDC66, 0xD446, 0xC405, 0xC445, 0xD4A6,
    0xE527, 0xE527, 0xCCC6, 0xBC86, 0xBC86, 0xC4C6, 0xC4E6, 0xBCE6,
    0xBCC6, 0xBCE6, 0xCD86, 0xD5C7, 0xA4A5, 0x9C45, 0xA4C6, 0x8C04,
    0x7361, 0x83E1, 0xB563, 0x9CE3, 0x9CC4, 0xCE47, 0xD6A8, 0xDEE8,
    0xEF48, 0xF7A8, 0xF7CA, 0xFFCB, 0xFFEA, 0xFFE8, 0xFFC8, 0xFFC8,
    0xFFC9, 0xF7A8, 0xFFA7, 0xFFA8, 0xFFA9, 0xFFAA, 0xFF8A, 0xFF8A,
    0xFF69, 0xF74B, 0xFF91, 0xFFF4, 0xFF8D, 0xFF07, 0xFEC6, 0xFEA6,
    0xF666, 0xF625, 0xFE25, 0xF5E5, 0xEDA5, 0xED85, 0xED65, 0xE525,
    0xDCE4, 0xE4E5, 0xE4C4, 0xCC64, 0xBBE3, 0xBBC3, 0xCBE3, 0xC3C3,
    0xBB83, 0xA302, 0x9281, 0x8A61, 0x8A61, 0x8A41, 0x69C0, 0x5140,
    0x4900, 0x4900, 0x1860, 0x0000, 0x8040, 0x9041, 0x9881, 0xA081,
    0xB8C1, 0xD922, 0xE963, 0xD9A4, 0xD1A3, 0xD182, 0xD9A3, 0xD9E3,
    0xE264, 0xF2E6, 0xF2E6, 0xF2E5, 0xFAC5, 0xFB25, 0xFBC6, 0xFC48,
    0xFC89, 0xEB85, 0xCAA1, 0xEBC5, 0xFCA7, 0xFC45, 0xE3A4, 0xEBE5,
    0xFC45, 0xFBE3, 0xEBE4, 0xDBE5, 0xD3C5, 0xE405, 0xE424, 0xD3C3,
    0xCBC2, 0xD443, 0xDC84, 0xD443, 0xBBC2, 0xABC2, 0xC463, 0xCCC5,
    0xC4C5, 0xCD05, 0xCCE3, 0xC4E3, 0xC525, 0xDDE7, 0xE607, 0xDDE6,
    0xDE26, 0xF708, 0xFFC9, 0xFFC8, 0xFF8A, 0xF74C, 0xFFEE, 0xFFEC,
    0xFFE9, 0xFFE9, 0xFFE9, 0xFFE9, 0xF7A8, 0xFFC8, 0xFFEB, 0xFFED,
    0xFFE8, 0xFFC9, 0xFFEE, 0xFFEF, 0xFFED, 0xFFAD, 0xF7AE, 0xF789,
    0xFF64, 0xFF65, 0xFF68, 0xFF6A, 0xFF8C, 0xFFEE, 0xFF6D, 0xE689,
    0xEE66, 0xF687, 0xEE88, 0xE606, 0xD585, 0xD585, 0xF626, 0xE5A5,
    0xCD04, 0xD504, 0xE545, 0xE525, 0xC443, 0xBC23, 0xBC03, 0xBBE3,
    0xAB83, 0xC3E3, 0xCC03, 0xAB42, 0x9AC1, 0x92A1, 0x92A1, 0x9AA2,
    0x9281, 0x71E0, 0x5980, 0x4120, 0x38C0, 0x38C0, 0x1840, 0x0000,
    0x7020, 0x7820, 0x9881, 0xB8C2, 0xB0C1, 0x98C1, 0xA0C1, 0xC122,
    0xD983, 0xD1A3, 0xD9E4, 0xD9E3, 0xD1E3, 0xE224, 0xEA65, 0xEAA5,
    0xEAC5, 0xE285, 0xE244, 0xEA83, 0xD263, 0xCAA3, 0xDAC4, 0xCAC4,
    0xC2A3, 0xDB04, 0xFBE5, 0xFCC9, 0xF50B, 0xEC69, 0xEC47, 0xF486,
    0xEC86, 0xECA6, 0xED08, 0xED6B, 0xF589, 0xFDA9, 0xF60C, 0xE5CB,
    0xDD8A, 0xDDAA, 0xF60B, 0xED87, 0xDD25, 0xEE2B, 0xFF30, 0xFF4F,
    0xFEA8, 0xFEA8, 0xFEE9, 0xFF2A, 0xEEA9, 0xDE28, 0xDE27, 0xEEA6,
    0xFF4B, 0xFFCE, 0xFFCB, 0xF768, 0xE6C6, 0xD688, 0xEF29, 0xF7A9,
    0xEF68, 0xEF69, 0xE708, 0xDEC7, 0xE728, 0xF7A9, 0xF7AA, 0xE748,
    0xF787, 0xFFE7, 0xFFE9, 0xFFED, 0xFFF4, 0xFFF7, 0xFFF1, 0xFF89,
    0xF704, 0xEEC4, 0xD5E4, 0xC563, 0xEE66, 0xDE06, 0xBD04, 0xBD04,
    0xDDC5, 0xEE26, 0xE5C5, 0xB464, 0xB463, 0xE585, 0xF5C5, 0xD4C4,
    0xABA3, 0xB3E3, 0xC444, 0xB3A3, 0x6201, 0x61E1, 0x8AA2, 0x92C2,
    0x8261, 0x8241, 0x8A82, 0x9AA1, 0x7A20, 0x5160, 0x5140, 0x28A0,
    0x0000, 0x0820, 0x0820, 0x0820, 0x6000, 0x6820, 0x7040, 0x6840,
    0x6860, 0x80A1, 0xA0E2, 0xB902, 0xB122, 0xB942, 0xD9E3, 0xF244,
    0xEA64, 0xE224, 0xD203, 0xC1E3, 0xB9E2, 0xDA63, 0xEB26, 0xEBC9,
    0xF387, 0xFBA5, 0xFC26, 0xF3E6, 0xDB65, 0xDB45, 0xF3A5, 0xF427,
    0xF489, 0xFCEA, 0xFD09, 0xFD08, 0xFD8A, 0xFE90, 0xFEB1, 0xFDEC,
    0xFD8A, 0xFD68, 0xFD87, 0xFDA7, 0xFE6C, 0xFF50, 0xFFB1, 0xFECC,
    0xF5A7, 0xED86, 0xF608, 0xFEAC, 0xEE49, 0xCD46, 0xCD65, 0xEE68,
    0xE668, 0xCDE6, 0xBD65, 0xB525, 0xBD64, 0xAD03, 0x7BA1, 0x7382,
    0x9CA4, 0xB585, 0xAD85, 0x9CC4, 0x8C83, 0xA504, 0xB5A5, 0xBDC6,
    0xB585, 0xAD65, 0xB585, 0xB585, 0xAD45, 0xA4E5, 0x9CC4, 0xAD23,
    0xBD82, 0xC5E2, 0xD664, 0xE6A7, 0xE688, 0xDE68, 0xDE47, 0xD606,
    0xCDA5, 0xC544, 0xCD44, 0xCD64, 0xBCE4, 0xAC42, 0xAC42, 0xAC22,
    0xAC23, 0xB424, 0xB403, 0xB402, 0xB403, 0xBC04, 0xB3E4, 0xAB83,
    0x9B21, 0x92E0, 0x92C1, 0x92C2, 0x8261, 0x7200, 0x7A20, 0x7200,
    0x59A0, 0x4120, 0x38E0, 0x40E0, 0x38E0, 0x28A0, 0x1020, 0x0800,
    0x6820, 0x9060, 0xA0A1, 0x7860, 0xB8C2, 0xE122, 0xA8E1, 0x9901,
    0xB142, 0xD163, 0xB983, 0xB1A3, 0xC9C3, 0xE9E2, 0xFB26, 0xFBE9,
    0xF326, 0xEAA4, 0xEAA3, 0xD2A4, 0xBA43, 0xAA22, 0xB263, 0xCAE4,
    0xD304, 0xBAE4, 0xBAE4, 0xBAE4, 0xBAE2, 0xBAC1, 0xBB03, 0xC364,
    0xCB83, 0xBB22, 0xBB21, 0xCB82, 0xC3C3, 0xCC05, 0xDC86, 0xD485,
    0xC423, 0xB3C3, 0xABC3, 0xA3C4, 0xAC45, 0xD547, 0xB485, 0x9BE4,
    0xB485, 0xAC86, 0x9C45, 0x9404, 0x8BE3, 0x8C03, 0x9C44, 0xAD05,
    0xC5A6, 0xC5E6, 0xBD86, 0xC5E6, 0xBDA6, 0x9CA4, 0x8C44, 0x9484,
    0x9CC4, 0x9CC4, 0x94A4, 0x9CE4, 0xA504, 0xAD64, 0xB565, 0xAD24,
    0x9463, 0x8C63, 0xAD25, 0xB566, 0xAD06, 0xA4C5, 0xA4E5, 0xCE26,
    0xFF69, 0xFF88, 0xE687, 0xB524, 0x9402, 0x9C23, 0xC525, 0xC525,
    0xB484, 0x93C3, 0x9BC2, 0xC4C4, 0xDD44, 0xCCC3, 0xAC02, 0xABC3,
    0xB403, 0xB3E3, 0xA382, 0x9322, 0x9301, 0x8AE1, 0x8AC1, 0x92C1,
    0x8AA1, 0x8A80, 0x8A61, 0x7A00, 0x7200, 0x71E0, 0x4920, 0x40E0,
    0x4900, 0x2880, 0x0000, 0x0000, 0x5800, 0x7020, 0x8860, 0x7060,
    0x90A1, 0xA0C1, 0x90C1, 0xA902, 0xB942, 0xB942, 0xA962, 0xB9A2,
    0xCA03, 0xB1A2, 0x9962, 0xA9C2, 0xEA84, 0xEAC4, 0xB202, 0x89A1,
    0x91E2, 0xA223, 0x9202, 0x9A42, 0xA262, 0xAA83, 0xB2C3, 0xAAC3,
    0x9AA3, 0x8A83, 0xAAE4, 0xB324, 0xA304, 0x92E4, 0xA344, 0xC3E5,
    0xBBE5, 0x9323, 0x7AA2, 0x8B03, 0xA384, 0xA3C5, 0xA3E5, 0x9BC4,
    0x93A4, 0x9BE4, 0x8343, 0x7B43, 0xA445, 0xA465, 0x93E4, 0x8BC4,
    0xA485, 0xBD46, 0xAD05, 0x9444, 0x7BA3, 0x7BC3, 0x8404, 0x9CA5,
    0x9CE4, 0x9463, 0x9484, 0xA505, 0xA545, 0xA504, 0xA525, 0xAD85,
    0xA504, 0x83E3, 0x7BC2, 0x9CC4, 0x9CE4, 0x9CC3, 0xB545, 0xAD44,
    0xACE4, 0xAD04, 0xA4A5, 0x9404, 0x7B82, 0x9403, 0x9C23, 0x9C03,
    0xBD05, 0xCD64, 0xB4A3, 0x8BA2, 0xA443, 0xCD04, 0xC4C4, 0xB444,
    0xAC04, 0xAC03, 0xA3C3, 0x9B82, 0xA3A2, 0xB403, 0xABA3, 0x9302,
    0x8AE2, 0x8AE1, 0x8AC1, 0x8AA1, 0x92A2, 0x92A1, 0x8260, 0x8240,
    0x8A41, 0x8220, 0x61A0, 0x4920, 0x38C0, 0x2880, 0x1020, 0x0820,
    0x3800, 0x5800, 0x8860, 0xA0A1, 0x9081, 0x98A1, 0xB102, 0xC942,
    0xC962, 0xD183, 0xD9C3, 0xD9E3, 0xD204, 0xC1C3, 0xCA03, 0xD223,
    0xD222, 0xD284, 0xDAE5, 0xEB24, 0xE2E3, 0xC282, 0xA222, 0x89E2,
    0x9203, 0x9223, 0x79C2, 0x9A43, 0xBB24, 0xB304, 0xA2E3, 0xA2E3,
    0xAB03, 0xBB64, 0xBBA4, 0xB364, 0x9B03, 0xAB84, 0xBC25, 0xABA4,
    0x9B43, 0xB404, 0xCCC5, 0xCCC5, 0xAC24, 0x9BC4, 0xA404, 0xB4A5,
    0xBCC5, 0x9C03, 0x8BC3, 0x9C64, 0xACA4, 0x9443, 0x83C2, 0x9422,
    0xA4A4, 0xAD05, 0xAD04, 0xAD04, 0xAD25, 0xAD45, 0xB5A5, 0xA524,
    0x8C63, 0x9CC4, 0x9D04, 0x9CE4, 0xBDC5, 0xC626, 0xC606, 0xCE26,
    0xCE26, 0xC626, 0xBDC6, 0xBDA5, 0xBDC5, 0xC5E5, 0xC5C5, 0xCE05,
    0xD645, 0xD605, 0xC585, 0xBD44, 0xCDA5, 0xD5C5, 0xCD85, 0xCD44,
    0xD564, 0xD564, 0xCD04, 0xBCA3, 0xB423, 0xAC02, 0xB423, 0xABE3,
    0x9B62, 0x9321, 0x8B01, 0x8AE1, 0x92E1, 0x92E1, 0x92C1, 0x92C1,
    0x8A81, 0x8261, 0x7A41, 0x8260, 0x8220, 0x71E0, 0x7A00, 0x69C0,
    0x4920, 0x4900, 0x2880, 0x1040, 0x7800, 0x8020, 0x9881, 0xA8A1,
    0xA0A1, 0xA0C1, 0xB0E1, 0xB922, 0xB922, 0xC162, 0xD1C3, 0xE204,
    0xDA03, 0xD1A2, 0xF2A5, 0xFBC8, 0xFBA7, 0xF305, 0xF2C5, 0xFB87,
    0xFBE7, 0xFC07, 0xFBC5, 0xEB64, 0xF3A4, 0xFC45, 0xFC86, 0xFCA6,
    0xFC65, 0xF405, 0xEC05, 0xEC46, 0xEC66, 0xD3E5, 0xCBE5, 0xECA6,
    0xFD26, 0xF506, 0xE4E6, 0xF527, 0xF567, 0xE546, 0xD4C5, 0xE547,
    0xF5E8, 0xE587, 0xDDA6, 0xEE27, 0xFEA8, 0xFEA8, 0xEE67, 0xE647,
    0xD5C6, 0xC5A6, 0xCDC6, 0xCDE6, 0xBD85, 0xAD45, 0xBD84, 0xCE25,
    0xD666, 0xC5E5, 0xC605, 0xD686, 0xDEC7, 0xDEC7, 0xD6A6, 0xDEC7,
    0xEF68, 0xEF88, 0xDEE7, 0xC646, 0xCE86, 0xDEC6, 0xCE46, 0xCE46,
    0xDE86, 0xDE86, 0xD646, 0xD646, 0xDE46, 0xD645, 0xDE66, 0xF6C6,
    0xF6A6, 0xF6A6, 0xEE25, 0xC524, 0xAC83, 0xB483, 0xCD04, 0xDD45,
    0xCCE4, 0xBC63, 0xB423, 0xABE3, 0xA3A2, 0x9342, 0x8B01, 0x8AC1,
    0x8AC0, 0x92E1, 0x8AA1, 0x8281, 0x8280, 0x8AA1, 0x92A1, 0x7201,
    0x71E0, 0x8A41, 0x8221, 0x69A0, 0x69A0, 0x8A00, 0x40E0, 0x0000,
    0x8840, 0xA081, 0xA0A1, 0x7860, 0x98A1, 0xC102, 0xC902, 0xC943,
    0xD9A3, 0xE1C3, 0xB962, 0xB182, 0xDA03, 0xD1C2, 0xD1E3, 0xEAC5,
    0xFBC8, 0xF2E5, 0xDA23, 0xEAE5, 0xEB04, 0xEB04, 0xEB25, 0xFBE7,
    0xFC27, 0xFBC6, 0xEBC6, 0xE3A6, 0xDB85, 0xDBC5, 0xE3C5, 0xDBE5,
    0xDC24, 0xE445, 0xEC85, 0xEC86, 0xE4A5, 0xDC85, 0xCC45, 0xC445,
    0xC465, 0xCCA5, 0xD4E5, 0xD505, 0xCD06, 0xC4C6, 0xDD87, 0xE5C7,
    0xC506, 0xB4C5, 0xCD66, 0xEE68, 0xF6A8, 0xF6E9, 0xF709, 0xE688,
    0xDE47, 0xE6A8, 0xEF29, 0xF749, 0xEF28, 0xE6E7, 0xF769, 0xFFEA,
    0xF789, 0xDEC7, 0xDEE7, 0xFFC9, 0xF7A9, 0xEF48, 0xE727, 0xEF48,
    0xF788, 0xF768, 0xE6E8, 0xCE26, 0xC5E5, 0xCE46, 0xEF08, 0xDE87,
    0xBD85, 0xCDA5, 0xE667, 0xEE87, 0xC565, 0xB4C4, 0xBD04, 0xC525,
    0xC505, 0xBCA4, 0xB463, 0xAC43, 0xBCA4, 0xD505, 0xD4E4, 0xC484,
    0xBC23, 0x9B62, 0x9322, 0x9B22, 0x8AE1, 0xA321, 0xBB82, 0xAB42,
    0x7A40, 0x7200, 0xA2C1, 0x9AC2, 0x7A21, 0x5980, 0x5980, 0x5160,
    0x4920, 0x40E0, 0x1840, 0x0000, 0x6000, 0x6000, 0x7040, 0x7840,
    0x9081, 0x98C1, 0xA8E1, 0xB101, 0xB122, 0xB962, 0xC183, 0xC9C3,
    0xD203, 0xB9E2, 0xC1E2, 0xDA43, 0xF2C5, 0xF2E5, 0xEAE4, 0xF305,
    0xEB05, 0xE304, 0xDB03, 0xF3A4, 0xEBA4, 0xCB02, 0xC302, 0xDB84,
    0xF3E5, 0xEBE4, 0xDBC4, 0xD384, 0xDBC4, 0xE3E4, 0xDC25, 0xD425,
    0xD445, 0xD465, 0xD465, 0xDCC5, 0xDCE5, 0xD4C5, 0xC4A5, 0xC485,
    0xCCC5, 0xCCE5, 0xC4E5, 0xC505, 0xD586, 0xEE67, 0xE627, 0xC546,
    0xBD46, 0xC586, 0xCDE7, 0xE687, 0xFF28, 0xFF69, 0xFF69, 0xF769,
    0xFFAA, 0xFFAA, 0xF789, 0xE728, 0xE727, 0xF788, 0xF7A9, 0xEF49,
    0xEF48, 0xF789, 0xF789, 0xEF48, 0xEF68, 0xFFA9, 0xF768, 0xE708,
    0xE6C7, 0xDE86, 0xDE67, 0xD626, 0xC5C5, 0xBD65, 0xCDC6, 0xE667,
    0xC566, 0xB4C5, 0xB4A5, 0xBCC4, 0xBCC4, 0xC4E4, 0xDD65, 0xDD85,
    0xCD04, 0xBC63, 0xBC43, 0xA3C2, 0x8B01, 0x9322, 0xABA2, 0xAB82,
    0x9B22, 0x8281, 0x7241, 0x7A60, 0x7A60, 0x8A80, 0x8A40, 0x7A20,
    0x5160, 0x2880, 0x4920, 0x6180, 0x4900, 0x0820, 0x0000, 0x0000,
    0x6820, 0x9861, 0xC8C1, 0xB0A1, 0xA8C1, 0xB0E2, 0xB0E2, 0xD143,
    0xC962, 0xB141, 0xC1A2, 0xD1E3, 0xDA03, 0xE224, 0xFAA5, 0xF2C5,
    0xBA23, 0xB222, 0xD283, 0xDAA3, 0xE2E4, 0xE305, 0xE305, 0xFB85,
    0xFBE6, 0xFBE7, 0xFBC6, 0xFC27, 0xFCE9, 0xFD69, 0xFCC6, 0xFCC5,
    0xFDE9, 0xFD67, 0xFCC5, 0xFD05, 0xFD05, 0xF526, 0xFD66, 0xFDE7,
    0xFDA7, 0xE526, 0xED46, 0xFE08, 0xFE49, 0xEDE8, 0xEE08, 0xF628,
    0xF648, 0xEE47, 0xEE47, 0xEE47, 0xEE67, 0xEEA8, 0xE688, 0xDE67,
    0xDE87, 0xDE87, 0xD667, 0xD667, 0xDEA7, 0xDEC7, 0xE6E7, 0xE708,
    0xE708, 0xE728, 0xE727, 0xE727, 0xEF48, 0xEF68, 0xF789, 0xF7A9,
    0xF788, 0xEF48, 0xEF28, 0xF769, 0xF769, 0xE6C7, 0xD646, 0xD646,
    0xE686, 0xDE26, 0xDE26, 0xEE86, 0xF6A6, 0xFEE6, 0xFEC6, 0xEE45,
    0xF666, 0xEE06, 0xCCE5, 0xC4A4, 0xCCE4, 0xCCC4, 0xBC43, 0xABE3,
    0xB3E3, 0xB3E3, 0xABC2, 0xA382, 0x9B22, 0x92E2, 0x92C2, 0x92E1,
    0x92C1, 0x8261, 0x61C0, 0x69E0, 0x61A0, 0x4100, 0x4920, 0x5960,
    0x6180, 0x40E0, 0x1020, 0x0000, 0x7020, 0x7840, 0x8060, 0x6840,
    0x98A1, 0xC102, 0xB0E2, 0xA902, 0xC142, 0xD9A3, 0xD9C3, 0xD1E3,
    0xD1E3, 0xD1E3, 0xD223, 0xE264, 0xF2C4, 0xFAE5, 0xEAA5, 0xEA84,
    0xFB66, 0xFBC6, 0xEB65, 0xEB85, 0xDB64, 0xBB04, 0xAAC4, 0xB2C4,
    0xB2C3, 0xA2A3, 0xA2A3, 0xA2C4, 0xA345, 0x92E4, 0x92E3, 0xAB44,
    0xB3A4, 0xB3E4, 0xAB84, 0x9303, 0x9B64, 0xC465, 0xC485, 0xCCC6,
    0xD526, 0xDD46, 0xD546, 0xD587, 0xEE28, 0xE608, 0xDE08, 0xE648,
    0xE648, 0xDE27, 0xD627, 0xDE67, 0xDE67, 0xD647, 0xD667, 0xDEA7,
    0xE6C8, 0xDEC8, 0xDEC7, 0xD6A7, 0xD687, 0xD687, 0xDEA7, 0xDEE7,
    0xDEC7, 0xD6A6, 0xDEC6, 0xEF48, 0xE707, 0xDEC7, 0xEF27, 0xEF48,
    0xEF28, 0xEF28, 0xF728, 0xEEC7, 0xDE66, 0xDE66, 0xEEA7, 0xF6C7,
    0xEE67, 0xDE06, 0xDDC6, 0xDDA5, 0xDDA5, 0xDD84, 0xE5A5, 0xDD64,
    0xC4C3, 0xBC64, 0xDD25, 0xDD05, 0xB403, 0xABA2, 0xB3C3, 0xBC03,
    0xAB82, 0x9B01, 0x9AE1, 0xAB42, 0xA2E1, 0x7A40, 0x59A0, 0x61A0,
    0x71E1, 0x71E0, 0x69C0, 0x5960, 0x4900, 0x38C0, 0x1840, 0x0000,
    0x3800, 0x6020, 0x8040, 0x6840, 0x6860, 0x90A1, 0xB0E2, 0xA902,
    0xA101, 0xA922, 0xC182, 0xC9C3, 0xD1E3, 0xE224, 0xE244, 0xDA63,
    0xE2A4, 0xF2E5, 0xFB25, 0xF325, 0xD2E4, 0xC283, 0xC283, 0xB283,
    0xAA63, 0xA283, 0xA263, 0xA262, 0x9A62, 0x9262, 0x8241, 0x8A41,
    0xA2C1, 0x8A61, 0x7A62, 0x9B23, 0xCC05, 0xCC25, 0xAB84, 0xA384,
    0xABC4, 0xB404, 0xB424, 0x9BC4, 0x9BC4, 0xB464, 0xB464, 0xAC44,
    0xC505, 0xC526, 0xBD25, 0xBD05, 0xC565, 0xCDC6, 0xCDE6, 0xC5C6,
    0xBDA6, 0xC5C6, 0xD627, 0xDEA7, 0xD667, 0xC5E6, 0xCE27, 0xDEA7,
    0xD687, 0xD687, 0xD6A7, 0xDEC7, 0xCE86, 0xD6A7, 0xDEC7, 0xCE46,
    0xC626, 0xCE65, 0xDEE6, 0xD665, 0xC625, 0xDE87, 0xEF07, 0xF728,
    0xEEC7, 0xE6A7, 0xEEA7, 0xF6C7, 0xF6A7, 0xFEC8, 0xFEC8, 0xEE26,
    0xE5E5, 0xEE05, 0xEDE6, 0xEDA6, 0xE565, 0xD504, 0xD4E4, 0xD4A4,
    0xCCA4, 0xDCC4, 0xDCA4, 0xCC43, 0xBBC2, 0xBBC3, 0xC3E3, 0xBBA3,
    0xA2E2, 0x92A1, 0x92A1, 0x8240, 0x71E0, 0x71C0, 0x71C0, 0x61A0,
    0x5140, 0x4900, 0x1860, 0x0000, 0x5800, 0x6020, 0x7040, 0x7040,
    0x7061, 0x78A1, 0x90C1, 0xA0E2, 0xA102, 0xA142, 0xB982, 0xB9A2,
    0xB9A2, 0xC9E3, 0xDA23, 0xE284, 0xEAC5, 0xEAE5, 0xEAE5, 0xE2E4,
    0xEB24, 0xF365, 0xFBA6, 0xFBA6, 0xFBC5, 0xFC05, 0xF406, 0xFC68,
    0xFCC8, 0xFCE8, 0xFCE8, 0xF4A8, 0xF4A7, 0xF4A7, 0xFCC6, 0xF4C6,
    0xECA6, 0xE4C6, 0xED26, 0xFDA7, 0xF566, 0xDCE6, 0xDD27, 0xE567,
    0xED86, 0xEDE8, 0xF64A, 0xF669, 0xEE07, 0xD5A6, 0xD5E7, 0xE627,
    0xDE28, 0xD5E7, 0xCDC7, 0xD627, 0xDE67, 0xD627, 0xC5E6, 0xCE06,
    0xDEA7, 0xE6E7, 0xE727, 0xE707, 0xD687, 0xD666, 0xD6A7, 0xE707,
    0xE727, 0xE728, 0xE707, 0xDEC6, 0xEF28, 0xF7AC, 0xFFED, 0xEF28,
    0xEEE5, 0xFFA9, 0xF748, 0xE6A6, 0xE686, 0xEEC7, 0xF6E7, 0xF6A7,
    0xDE06, 0xC545, 0xCD65, 0xF646, 0xFEC7, 0xF646, 0xDDA5, 0xEDE6,
    0xFE07, 0xED85, 0xD504, 0xDCE4, 0xED24, 0xED04, 0xECE4, 0xE4C4,
    0xDC84, 0xD443, 0xD403, 0xCBE3, 0xAB42, 0x9AE2, 0xA2C2, 0x92A2,
    0x8A61, 0x8221, 0x7A00, 0x69A0, 0x5140, 0x40E0, 0x1040, 0x0000,
    0x6820, 0x7840, 0x9060, 0x9881, 0xA0A1, 0xB0E2, 0xB922, 0xB922,
    0xC122, 0xD162, 0xD183, 0xD1E4, 0xDA24, 0xE224, 0xE203, 0xDA03,
    0xE264, 0xFB46, 0xFB46, 0xD263, 0xD283, 0xDAE4, 0xDAE4, 0xEB64,
    0xEBA5, 0xE386, 0xF3A7, 0xEBC7, 0xDBA5, 0xE363, 0xF445, 0xFD4A,
    0xFD8B, 0xF509, 0xFCC6, 0xF4C6, 0xECA5, 0xDC64, 0xDC64, 0xE4C5,
    0xED26, 0xED67, 0xF5C8, 0xED87, 0xEDA6, 0xFE28, 0xF629, 0xEE08,
    0xF647, 0xFEC8, 0xFF09, 0xFEE8, 0xF6A8, 0xF6C7, 0xFF07, 0xEEE7,
    0xE6A7, 0xDE87, 0xDE87, 0xD647, 0xD647, 0xDEC8, 0xDEA8, 0xE6E8,
    0xEF68, 0xEF48, 0xDEE7, 0xDEE8, 0xE748, 0xEF48, 0xEF48, 0xF7A9,
    0xFFC9, 0xFFA8, 0xF787, 0xF767, 0xF768, 0xF768, 0xF748, 0xF708,
    0xE6A7, 0xD626, 0xD606, 0xDE26, 0xE625, 0xDE05, 0xDDE5, 0xE605,
    0xE5C5, 0xE5C5, 0xEDE5, 0xEDC5, 0xE584, 0xDD44, 0xE544, 0xF584,
    0xFDC5, 0xF565, 0xED04, 0xECC4, 0xE4A4, 0xD444, 0xD403, 0xD403,
    0xC3A3, 0xAB02, 0x9AC1, 0xA2C2, 0xAAE2, 0xA2C2, 0x9261, 0x71C0,
    0x5140, 0x38C0, 0x0820, 0x0000, 0x7820, 0x7840, 0x7860, 0x8880,
    0xA0A1, 0xB8E2, 0xD122, 0xD963, 0xE204, 0xEA86, 0xF2A6, 0xEA45,
    0xEA85, 0xFB47, 0xFB67, 0xF306, 0xE306, 0xF2E4, 0xFAE4, 0xF346,
    0xFB46, 0xFBC7, 0xFC48, 0xFC68, 0xF407, 0xDBA5, 0xDBE7, 0xF467,
    0xFD09, 0xFD6C, 0xED6D, 0xED0A, 0xF4E8, 0xF54A, 0xFD8A, 0xFD48,
    0xFD68, 0xFE0C, 0xFE4D, 0xFDE8, 0xF565, 0xED46, 0xED66, 0xDD46,
    0xCD06, 0xD546, 0xDD86, 0xDD86, 0xD567, 0xC546, 0xCD66, 0xD5C7,
    0xDE07, 0xE667, 0xE688, 0xE6A7, 0xE6C8, 0xE6C8, 0xE6A7, 0xEF28,
    0xF788, 0xF788, 0xD6A6, 0xBDC5, 0xBDE6, 0xDEC7, 0xE707, 0xD687,
    0xD6C7, 0xEF48, 0xFFC9, 0xFFEA, 0xFFEA, 0xF789, 0xEF48, 0xFFA9,
    0xFF89, 0xDE87, 0xD626, 0xD625, 0xD625, 0xD605, 0xCDC5, 0xCDA5,
    0xDE06, 0xE626, 0xE606, 0xE606, 0xDDA5, 0xDD85, 0xEDC5, 0xEDC5,
    0xE585, 0xDD44, 0xED65, 0xF585, 0xE524, 0xDCE4, 0xE4C3, 0xECE4,
    0xECE4, 0xE4A4, 0xDC23, 0xCBE3, 0xBB83, 0xBB62, 0xBB42, 0xB302,
    0xAAC1, 0x9AA1, 0x9261, 0x71C0, 0x5160, 0x5140, 0x2080, 0x0800,
    0x7820, 0x9060, 0xC0A1, 0xC8C2, 0xC902, 0xC922, 0xC902, 0xD142,
    0xD183, 0xD1A4, 0xDA05, 0xE244, 0xE244, 0xE264, 0xEAA5, 0xFB47,
    0xFC8C, 0xFBA7, 0xF345, 0xFC6A, 0xF449, 0xF3C6, 0xFB85, 0xEB24,
    0xF3A6, 0xFCC9, 0xFD4B, 0xFCEA, 0xFC26, 0xEBA4, 0xE384, 0xDBC4,
    0xEC24, 0xF444, 0xE444, 0xD403, 0xCC04, 0xD424, 0xD464, 0xECE5,
    0xDCE6, 0xCCC6, 0xDD26, 0xE587, 0xE586, 0xDD45, 0xCD05, 0xCD46,
    0xEE27, 0xE627, 0xDE07, 0xDE07, 0xDE07, 0xD5E6, 0xC5C6, 0xCDC6,
    0xDE47, 0xE6A7, 0xDE87, 0xD687, 0xD667, 0xD647, 0xE6E7, 0xF768,
    0xE728, 0xDEE7, 0xDEC7, 0xE6E8, 0xE748, 0xE748, 0xE727, 0xE707,
    0xEF27, 0xF788, 0xFF88, 0xF768, 0xF768, 0xFF68, 0xEF07, 0xEEE7,
    0xE6A6, 0xDE25, 0xBD43, 0xACC2, 0xCD84, 0xCD84, 0xB4E2, 0xBCC3,
    0xCD24, 0xD565, 0xCD05, 0xCCE4, 0xCCE4, 0xD504, 0xED85, 0xFDA5,
    0xED45, 0xED04, 0xDCC4, 0xDCA4, 0xD464, 0xD443, 0xD423, 0xD403,
    0xC3A3, 0xB342, 0xAB02, 0xA2E2, 0x9AC1, 0x9261, 0x8200, 0x5960,
    0x38E0, 0x30A0, 0x1840, 0x0820, 0x6020, 0x6020, 0x6840, 0x7040,
    0x8080, 0xA8E1, 0xC102, 0xB142, 0xB121, 0xC942, 0xD9A2, 0xEA44,
    0xF2C6, 0xEA85, 0xEA44, 0xE222, 0xEA63, 0xF2A4, 0xF304, 0xF324,
    0xF345, 0xF386, 0xFBC6, 0xFBA5, 0xF385, 0xE324, 0xDAC2, 0xEB43,
    0xFC05, 0xFC46, 0xFC26, 0xF446, 0xF486, 0xDC26, 0xD425, 0xECC5,
    0xFD06, 0xECC5, 0xD485, 0xD4A5, 0xE505, 0xE525, 0xDD05, 0xE566,
    0xEDC7, 0xE587, 0xDD67, 0xDD87, 0xDDC7, 0xCD66, 0xCD86, 0xDE07,
    0xD5C6, 0xCDC6, 0xD606, 0xCDE6, 0xCE06, 0xD647, 0xDE87, 0xDEA8,
    0xDE87, 0xD667, 0xD688, 0xDEC8, 0xD6C7, 0xE707, 0xDF07, 0xDEC7,
    0xE727, 0xEF88, 0xE728, 0xDEA7, 0xDEC7, 0xE6E7, 0xD685, 0xC5E4,
    0xCE45, 0xEF27, 0xE6C6, 0xDE46, 0xDE86, 0xF708, 0xFF26, 0xE664,
    0xD5E4, 0xC524, 0xBD03, 0xC543, 0xCD64, 0xCD24, 0xC4C3, 0xC4C4,
    0xCCC4, 0xCCE4, 0xDD04, 0xDD04, 0xDCE4, 0xE4E4, 0xDCA4, 0xCC63,
    0xBBE3, 0xBBC3, 0xBBC3, 0xAB62, 0xAB22, 0xA2E2, 0x9281, 0x8A81,
    0x8A61, 0x8220, 0x71E0, 0x5980, 0x4920, 0x40E0, 0x1860, 0x0800,
    0x7000, 0x8020, 0x9880, 0xA081, 0xA8C1, 0xA8C2, 0xA0C1, 0xB102,
    0xC943, 0xD9A4, 0xE225, 0xF2A6, 0xFB06, 0xFB47, 0xF2E5, 0xEAA4,
    0xF346, 0xFB87, 0xFBA7, 0xFBA6, 0xF365, 0xE2E3, 0xE2E3, 0xF3A5,
    0xFC06, 0xFC06, 0xF468, 0xF4A9, 0xFC88, 0xFCA8, 0xFD29, 0xFD29,
    0xFCC6, 0xFC86, 0xF4A7, 0xFCC6, 0xF4E6, 0xF567, 0xFDA7, 0xF545,
    0xED05, 0xE526, 0xDD05, 0xD4E5, 0xCCE6, 0xCD05, 0xDD86, 0xE5C6,
    0xD5A6, 0xCD46, 0xC546, 0xD5A7, 0xDE07, 0xE667, 0xE687, 0xD627,
    0xCDC6, 0xC5E6, 0xC606, 0xCE25, 0xCE06, 0xC606, 0xCE46, 0xCE66,
    0xC605, 0xBDC5, 0xB5A5, 0xBDE5, 0xCE66, 0xD6A6, 0xCE65, 0xBE04,
    0xBDC4, 0xC605, 0xCE45, 0xD665, 0xBDA4, 0x9CC2, 0xAD03, 0xBD65,
    0xB524, 0xBD64, 0xBD44, 0xBD24, 0xD5E5, 0xEE45, 0xEE45, 0xE5E4,
    0xD584, 0xC504, 0xC4C3, 0xD544, 0xDD44, 0xCCC3, 0xCCA3, 0xC483,
    0xC463, 0xC443, 0xC443, 0xC423, 0xB3A2, 0xB382, 0xB362, 0xA302,
    0x9AC1, 0x8A81, 0x7A21, 0x8241, 0x8241, 0x71C0, 0x69C0, 0x5980,
    0x4920, 0x5120, 0x30A0, 0x1040, 0x6000, 0x6820, 0x7840, 0x7860,
    0x8880, 0xA0A1, 0xB8E1, 0xD983, 0xEA04, 0xE205, 0xEA65, 0xEA86,
    0xF2C6, 0xF2A5, 0xF284, 0xEAC4, 0xF305, 0xFB86, 0xF345, 0xEAC3,
    0xF324, 0xFBE6, 0xFC07, 0xF3C5, 0xF3A5, 0xF3E6, 0xF3E5, 0xFC26,
    0xFC46, 0xEC05, 0xEBE5, 0xEC25, 0xE424, 0xD403, 0xD424, 0xE465,
    0xD465, 0xD465, 0xD485, 0xCC44, 0xC443, 0xC484, 0xCCC5, 0xC4A4,
    0xBC64, 0xC4A4, 0xBCC5, 0xC4E5, 0xCD46, 0xDDC7, 0xDE07, 0xDDE6,
    0xD5C6, 0xC585, 0xBD65, 0xC585, 0xC5C6, 0xBDA5, 0xBDA5, 0xBDA5,
    0xB585, 0xAD44, 0xB585, 0xBDC5, 0xB5A5, 0xBDC5, 0xB584, 0xAD63,
    0xBE04, 0xC605, 0xB585, 0xB5A4, 0xC625, 0xCE45, 0xBDA4, 0xBDA4,
    0xC5E5, 0xC5C4, 0xCDE4, 0xBD83, 0xAD03, 0xBD24, 0xBD24, 0xACE3,
    0xB503, 0xACA3, 0xAC83, 0xC523, 0xD583, 0xCD23, 0xBCA2, 0xCCE3,
    0xD504, 0xCCC3, 0xD4E3, 0xDCE4, 0xD4A4, 0xBC23, 0xBC03, 0xC403,
    0x9B41, 0x8AE1, 0x9B01, 0xAB42, 0xAB42, 0xAB02, 0x9AA2, 0x8241,
    0x7A00, 0x79E0, 0x7200, 0x61A0, 0x5140, 0x6160, 0x38C0, 0x1840,
    0x7020, 0x7840, 0x8040, 0x6840, 0x88A0, 0xB902, 0xC922, 0xC962,
    0xC942, 0xD962, 0xF2A6, 0xFB68, 0xFB48, 0xFB27, 0xFBA9, 0xFC09,
    0xFB46, 0xF304, 0xF345, 0xFB45, 0xF324, 0xEB44, 0xF385, 0xFC07,
    0xFC07, 0xFC27, 0xFC26, 0xFC46, 0xF467, 0xF4A7, 0xFCA7, 0xFC66,
    0xFC86, 0xEC65, 0xDC25, 0xD425, 0xD444, 0xCC23, 0xBBE3, 0xB3E4,
    0xABE4, 0xABE4, 0xB444, 0xA3E3, 0x9BC3, 0xAC24, 0xA423, 0x9BE3,
    0x9BE3, 0xA444, 0xAC84, 0xA484, 0xACA4, 0xBD46, 0xD5E6, 0xCDC5,
    0xB545, 0xB545, 0xCE06, 0xC5E6, 0xAD25, 0x9CC4, 0xA504, 0xAD24,
    0x9CC3, 0xA524, 0xAD64, 0xB5A4, 0xC625, 0xBDC5, 0xAD64, 0xBDC5,
    0xBDC5, 0xB5A4, 0xBDC4, 0xC5E5, 0xC5E5, 0xB564, 0xBDA4, 0xBD84,
    0xAD03, 0xA4C3, 0xA483, 0xA483, 0xACA3, 0xACC3, 0xB4C3, 0xAC82,
    0xB4C3, 0xC503, 0xC4C3, 0xB462, 0xAC22, 0xB442, 0xC483, 0xCC83,
    0xC443, 0xBBE2, 0xBC02, 0xC423, 0xBBE2, 0xB3A2, 0xB383, 0xAB42,
    0xAB22, 0xA301, 0x9AA1, 0x9281, 0x8A40, 0x7A00, 0x79E1, 0x71C0,
    0x69A0, 0x6160, 0x2880, 0x0800, 0x6800, 0x7040, 0x8880, 0x98A0,
    0xA8A0, 0xB0A0, 0xB0A0, 0xB901, 0xB941, 0xC182, 0xE204, 0xEA44,
    0xEA84, 0xF306, 0xF2C5, 0xF283, 0xF304, 0xF345, 0xF324, 0xFB24,
    0xFB44, 0xEB24, 0xE2C3, 0xF363, 0xFBE5, 0xEBC5, 0xE385, 0xEBC5,
    0xFC46, 0xFCA7, 0xF446, 0xDBC4, 0xD3C5, 0xD3E5, 0xCBE4, 0xC3E3,
    0xCC04, 0xC404, 0xB3E4, 0xB3E4, 0xBC24, 0xB424, 0xB403, 0xAC03,
    0xAC24, 0xB444, 0xA424, 0xA423, 0x9C44, 0x9C23, 0x8BC3, 0x83A3,
    0x8C03, 0x9424, 0x83C3, 0x7B82, 0x83E3, 0x9444, 0x9464, 0x8403,
    0x8C23, 0x9CC4, 0xAD65, 0xA524, 0x94A3, 0xA504, 0xA504, 0x8443,
    0x8423, 0xAD24, 0xCE65, 0xD6A6, 0xBDC5, 0xAD64, 0xBDA5, 0xBDA4,
    0xBDA4, 0xC5C5, 0xC5C5, 0xBD84, 0xB544, 0xBD43, 0xB543, 0xBD23,
    0xC544, 0xBD04, 0xB4C3, 0xAC83, 0xD564, 0xDDA5, 0xB462, 0xA402,
    0xB442, 0xC483, 0xAC02, 0x9361, 0x9B82, 0xC443, 0xC423, 0xAB82,
    0xB3A2, 0xC3E3, 0xC3C3, 0xAB42, 0xA302, 0xA2E2, 0x8A61, 0x92A1,
    0x9AA1, 0x8241, 0x71C0, 0x6180, 0x4920, 0x38E0, 0x1840, 0x0820,
    0x9041, 0xA061, 0xB8A1, 0xC861, 0xD102, 0xD9E5, 0xE205, 0xD9A4,
    0xC962, 0xD183, 0xD9A3, 0xEA05, 0xF285, 0xF2E5, 0xF326, 0xF367,
    0xFB87, 0xF365, 0xF365, 0xF386, 0xFB86, 0xFBC5, 0xF3E5, 0xFBE6,
    0xFBE6, 0xF3E6, 0xEC06, 0xEBE5, 0xFC25, 0xFCC8, 0xFCE8, 0xF486,
    0xEC44, 0xEC65, 0xE446, 0xCBE4, 0xC404, 0xBC04, 0xB3E3, 0xABC3,
    0xA3A4, 0xABE4, 0xBC44, 0xB444, 0xA3E3, 0x9BC3, 0xA423, 0xAC44,
    0xA424, 0xA444, 0xA464, 0x9C43, 0x9423, 0x9423, 0x9C64, 0xA4C4,
    0x9CA4, 0x9443, 0x8C23, 0x8C03, 0x9463, 0x9CA4, 0x9483, 0x9484,
    0x94A4, 0x9CC4, 0x9CC3, 0x9CE4, 0xAD44, 0x94A4, 0x73C2, 0x7BC2,
    0x94A3, 0xAD24, 0xA504, 0xB564, 0xBDA4, 0xB564, 0xBD84, 0xB564,
    0xBD84, 0xEEA7, 0xFF07, 0xDE25, 0xC583, 0xB502, 0xBD23, 0xCD84,
    0xD564, 0xC503, 0xB483, 0xC4C3, 0xCCE3, 0xC4A3, 0xC463, 0xB423,
    0xABC2, 0xC423, 0xC423, 0xB3C3, 0xB3A2, 0xB382, 0xAB82, 0x9B01,
    0x9AE1, 0x9AE1, 0x92A1, 0x9281, 0x8A41, 0x71E0, 0x6180, 0x5960,
    0x5960, 0x5140, 0x2080, 0x0820, 0x9840, 0x9061, 0x8860, 0x8040,
    0xA8A1, 0xC903, 0xD143, 0xD9C4, 0xEA04, 0xF265, 0xFBCA, 0xFC4C,
    0xFBEA, 0xF3C9, 0xF3C9, 0xF3C9, 0xF366, 0xF324, 0xF344, 0xF3A6,
    0xF3A5, 0xF407, 0xF4CA, 0xFCCA, 0xF3E5, 0xF362, 0xFC46, 0xFC87,
    0xF3E5, 0xDB84, 0xDBA4, 0xEC06, 0xE446, 0xE465, 0xE465, 0xD424,
    0xD424, 0xD465, 0xDCA5, 0xDCC5, 0xD4A5, 0xCC85, 0xBC64, 0xBC84,
    0xC4C5, 0xCCE4, 0xC4E4, 0xBCC4, 0xB4C4, 0xB4C4, 0xB4E4, 0xBD25,
    0xC565, 0xB504, 0xA4A4, 0xB525, 0xBD65, 0xB544, 0xB544, 0xAD04,
    0xA504, 0xA504, 0xA524, 0xA524, 0xA524, 0xAD44, 0xA544, 0xA503,
    0xA523, 0xAD64, 0xB584, 0xA524, 0x94A3, 0x8C62, 0x8C62, 0xA4E3,
    0xAD24, 0xB544, 0xAD24, 0xBD84, 0xCE05, 0xDE45, 0xCDC5, 0xACE3,
    0xBD23, 0xD5A4, 0xDDE5, 0xDDA5, 0xBD03, 0xB482, 0xC4C3, 0xCCE4,
    0xC4C3, 0xC4A3, 0xC483, 0xC462, 0xB402, 0xB3E2, 0xABC3, 0xABA2,
    0xA362, 0x9B22, 0xA322, 0x9B01, 0x9AE1, 0x9AC1, 0x9281, 0x8A61,
    0x8A61, 0x9260, 0x7A00, 0x61A0, 0x6180, 0x6180, 0x30C0, 0x1020,
    0x9040, 0xA060, 0xB8A0, 0xC8C1, 0xC8E2, 0xD122, 0xD183, 0xE205,
    0xE205, 0xD9A3, 0xEA44, 0xF285, 0xF2E5, 0xF3A8, 0xFBE9, 0xFC09,
    0xF409, 0xF409, 0xF3C7, 0xF365, 0xF323, 0xF301, 0xF2C0, 0xE2C1,
    0xDB23, 0xDB63, 0xCB23, 0xCB23, 0xD363, 0xDBE4, 0xDBC4, 0xCBA4,
    0xCBC4, 0xC3A4, 0xC3C4, 0xCBE5, 0xD445, 0xCC44, 0xBC04, 0xCC64,
    0xE4E5, 0xED45, 0xED86, 0xDD46, 0xD505, 0xCCE5, 0xCD25, 0xDDA6,
    0xDDC5, 0xDDC5, 0xD5A5, 0xD5C5, 0xDE06, 0xD5E6, 0xBD85, 0xBD85,
    0xC5A5, 0xC5E5, 0xC5E5, 0xBDC5, 0xBDC5, 0xC5E6, 0xC626, 0xCE46,
    0xCE45, 0xBDE5, 0xB5A5, 0xBDE5, 0xB5C5, 0xBDC5, 0xBDE5, 0xB5A4,
    0xC625, 0xCE46, 0xB564, 0x9482, 0x9CC3, 0xBDA4, 0xAD23, 0xA4E3,
    0xB544, 0xBD64, 0xCDC4, 0xDE25, 0xEE66, 0xDE05, 0xCD63, 0xCD64,
    0xDDA4, 0xDDA4, 0xD544, 0xCCE3, 0xCCE3, 0xDD24, 0xCCA3, 0xB402,
    0xA3A1, 0xABC1, 0xBC02, 0xB3C2, 0x9B21, 0xA342, 0xB382, 0xA321,
    0x9AE1, 0x9AC1, 0x9AA1, 0x8A81, 0x8240, 0x8220, 0x71C0, 0x61A0,
    0x69A0, 0x6160, 0x30A0, 0x0800, 0x9040, 0x9861, 0xA881, 0xB8A1,
    0xC8C2, 0xC922, 0xC962, 0xC962, 0xD9A3, 0xE204, 0xEA45, 0xE245,
    0xEA44, 0xEA03, 0xEA85, 0xEB27, 0xFB46, 0xFB45, 0xFB65, 0xFBE7,
    0xFC29, 0xFC49, 0xFC27, 0xFC06, 0xFC05, 0xFC25, 0xEC05, 0xE3E4,
    0xE3A3, 0xCB64, 0xC344, 0xD3A5, 0xF466, 0xEC45, 0xC3C4, 0xB383,
    0xCC04, 0xCC24, 0xABC3, 0x9B82, 0x8B02, 0x8B22, 0xBC64, 0xD505,
    0xC4C4, 0xBCA3, 0xC4C4, 0xC4E5, 0xBD05, 0xDDE7, 0xE627, 0xD5A6,
    0xD5C6, 0xE667, 0xF707, 0xF6E8, 0xDE67, 0xCDE6, 0xCE26, 0xDEA7,
    0xDEA7, 0xCE26, 0xCE46, 0xD686, 0xD6A6, 0xD686, 0xD6A6, 0xD6A6,
    0xC626, 0xBE05, 0xCE26, 0xCE45, 0xCE65, 0xD686, 0xDEC6, 0xD686,
    0xCE25, 0xCE05, 0xCE04, 0xD645, 0xD645, 0xD645, 0xCDE4, 0xC584,
    0xCD84, 0xDDE5, 0xDDE5, 0xD5A4, 0xDDC4, 0xE5E5, 0xDD84, 0xD544,
    0xD544, 0xDD43, 0xCCC3, 0xC463, 0xBC22, 0xC422, 0xBC02, 0xB3C2,
    0xBBC2, 0xB3A2, 0xB382, 0xAB41, 0xAB21, 0x9AE1, 0x8A80, 0x9AA1,
    0x9A81, 0x8200, 0x71C0, 0x71C0, 0x69A0, 0x5940, 0x2880, 0x0820,
    0x8840, 0x9040, 0xA080, 0xB0A1, 0xC0E1, 0xC8E2, 0xD123, 0xD983,
    0xD9A3, 0xD9C3, 0xEA64, 0xFAE6, 0xFB27, 0xFB48, 0xFBE9, 0xFBE9,
    0xEAC4, 0xE243, 0xEAA3, 0xF324, 0xF344, 0xEB03, 0xDB03, 0xE343,
    0xDB44, 0xD344, 0xDBA6, 0xE3E5, 0xE3A3, 0xD383, 0xDBC4, 0xDBE5,
    0xD3E5, 0xCBC4, 0xDC24, 0xF4A6, 0xE485, 0xDC86, 0xECE6, 0xE4E6,
    0xE4E6, 0xDD05, 0xCCA4, 0xBC64, 0xBCA4, 0xCD05, 0xD525, 0xBCC3,
    0xA462, 0xC524, 0xC545, 0xA483, 0x9C63, 0xB504, 0xD606, 0xD606,
    0xD626, 0xDE67, 0xE6C7, 0xD666, 0xCE26, 0xD686, 0xD686, 0xD686,
    0xD686, 0xDEC7, 0xD6A6, 0xC625, 0xCE65, 0xDEE7, 0xE707, 0xCE66,
    0xCE46, 0xDEA6, 0xE707, 0xDEA6, 0xD666, 0xE6C6, 0xE6A6, 0xDE66,
    0xD625, 0xE666, 0xF6E7, 0xF6E7, 0xDE25, 0xD5C4, 0xDDC5, 0xDDC5,
    0xE5E5, 0xDDC4, 0xD563, 0xDD63, 0xE584, 0xEDA4, 0xDD22, 0xCC81,
    0xC441, 0xC422, 0xC422, 0xC402, 0xC402, 0xC3E2, 0xBBA2, 0xB341,
    0xAB21, 0xA301, 0x9281, 0x9AA1, 0xA2A1, 0x9281, 0x7A20, 0x6180,
    0x5140, 0x5140, 0x2880, 0x0820, 0xA040, 0xA881, 0xB8A1, 0xB081,
    0xB8C1, 0xC902, 0xD142, 0xB922, 0xB942, 0xE1A4, 0xE1E3, 0xE224,
    0xE264, 0xDA22, 0xD9E1, 0xEA42, 0xFAE5, 0xFBA6, 0xFB86, 0xEB04,
    0xE2C3, 0xF344, 0xFBA5, 0xD303, 0xA262, 0x9A42, 0xA262, 0xAAA3,
    0xBB04, 0xD385, 0xD385, 0xD3C5, 0xF4A7, 0xFCA6, 0xDC45, 0xC3C4,
    0xC3E3, 0xCC23, 0xC422, 0xB3E3, 0xB404, 0xC485, 0xD4C5, 0xDD26,
    0xD525, 0xBCA5, 0xB484, 0xCD25, 0xDDE6, 0xD5A5, 0xBD24, 0xBD24,
    0xC584, 0xC5A4, 0xB545, 0xAD24, 0xCE05, 0xE6A7, 0xD647, 0xC5E6,
    0xCE26, 0xE6E7, 0xE6E7, 0xDEC7, 0xDEC7, 0xE707, 0xE707, 0xE727,
    0xEF48, 0xEF68, 0xEF67, 0xE727, 0xEF47, 0xEF27, 0xDEE7, 0xE6E7,
    0xF727, 0xFF87, 0xF727, 0xEEE6, 0xEEC6, 0xEEC6, 0xEEA6, 0xEEA6,
    0xEEA6, 0xF685, 0xFE85, 0xF665, 0xEE45, 0xEDE5, 0xE5C4, 0xEDC4,
    0xF5C4, 0xFDE5, 0xF5A4, 0xF583, 0xF564, 0xDCC3, 0xCC42, 0xC3E2,
    0xC3E2, 0xC3E2, 0xBBA2, 0xB361, 0xB342, 0xB322, 0x9AC1, 0x8A61,
    0x8220, 0x7A20, 0x71C0, 0x5960, 0x5140, 0x5120, 0x2880, 0x0820,
    0x7800, 0x8040, 0x9081, 0x8080, 0x8881, 0x98C1, 0xA8C1, 0xA0C1,
    0x90C1, 0x98E1, 0xA121, 0xC162, 0xE1E3, 0xE244, 0xE263, 0xE263,
    0xDA62, 0xEAE4, 0xF325, 0xF304, 0xEB04, 0xDAE3, 0xDB03, 0xDB24,
    0xEB84, 0xF3C4, 0xE3A4, 0xE3C5, 0xF3E5, 0xEC05, 0xCB84, 0xBB43,
    0xC3A4, 0xB363, 0xAB43, 0xC3A4, 0xCC04, 0xD444, 0xDCA4, 0xDCC4,
    0xE505, 0xED45, 0xDCE4, 0xCCC4, 0xCD05, 0xDD65, 0xEDC6, 0xE5C6,
    0xD586, 0xC545, 0xCD85, 0xDDE7, 0xEE88, 0xE687, 0xE686, 0xEEC8,
    0xF729, 0xFF69, 0xFF89, 0xF768, 0xEF48, 0xF788, 0xFFA9, 0xF788,
    0xEF88, 0xFFC9, 0xFFEA, 0xFFC9, 0xEF87, 0xEF87, 0xFFC8, 0xFFC9,
    0xFFA8, 0xFFA8, 0xF788, 0xF788, 0xF768, 0xEF27, 0xF727, 0xFF67,
    0xFFA8, 0xFF67, 0xFF27, 0xFF27, 0xFEE6, 0xFEE7, 0xFEC7, 0xFE85,
    0xFE64, 0xFE64, 0xFEA7, 0xFE87, 0xFE25, 0xFE05, 0xFDE5, 0xFDE4,
    0xFDC4, 0xED23, 0xE4E3, 0xE4C4, 0xECA4, 0xD423, 0xC3C2, 0xD403,
    0xC3A2, 0xAB21, 0x9AC1, 0x9AA1, 0x8A61, 0x71E0, 0x79E0, 0x69C0,
    0x5160, 0x5120, 0x2880, 0x0820, 0x7020, 0x8040, 0xA881, 0xB8C2,
    0xA0A1, 0x8880, 0x98C1, 0xD163, 0xE9A3, 0xD982, 0xD9C3, 0xE224,
    0xF2A6, 0xFB28, 0xFBA9, 0xFB88, 0xF2E5, 0xF2E4, 0xF304, 0xF304,
    0xF324, 0xFB44, 0xFB84, 0xF3A4, 0xE364, 0xD324, 0xD344, 0xDB84,
    0xD384, 0xC343, 0xD384, 0xCBA5, 0xB364, 0xBB63, 0xDC25, 0xFCE6,
    0xE4C6, 0xDC85, 0xECE6, 0xED25, 0xFDA7, 0xFE08, 0xFE07, 0xFE06,
    0xF5E6, 0xEDE6, 0xFE68, 0xFEA8, 0xFE67, 0xFE87, 0xF687, 0xEE67,
    0xEE87, 0xEE87, 0xE667, 0xDE66, 0xEEC7, 0xF728, 0xE6C7, 0xE6E7,
    0xF769, 0xFF89, 0xF769, 0xEF28, 0xEF67, 0xF7A9, 0xFFEA, 0xF7C9,
    0xEF88, 0xEF67, 0xF788, 0xF768, 0xF788, 0xF788, 0xF767, 0xF768,
    0xFF68, 0xF747, 0xF747, 0xF747, 0xFF47, 0xFF27, 0xFF27, 0xFF47,
    0xFF29, 0xFF4D, 0xFF4F, 0xFF2D, 0xFF0C, 0xFEEB, 0xFEAA, 0xFE89,
    0xFE8A, 0xFE8C, 0xFE8C, 0xFE4A, 0xFE06, 0xFD84, 0xFD44, 0xED04,
    0xE4A3, 0xE483, 0xE483, 0xDC24, 0xD403, 0xD3E2, 0xCBA2, 0xC342,
    0xAAE1, 0x9281, 0x8A40, 0x71C0, 0x4920, 0x4920, 0x28A0, 0x1840,
    0x9841, 0x9861, 0xA081, 0xA8A1, 0xB8C1, 0xD122, 0xD963, 0xD9A4,
    0xD183, 0xD1A3, 0xEA24, 0xF2A5, 0xEA85, 0xE223, 0xE222, 0xEA84,
    0xEAC6, 0xF2C6, 0xF2A5, 0xE2C4, 0xCAC4, 0xC2C4, 0xDB03, 0xE343,
    0xF3A4, 0xF3A4, 0xE363, 0xE3C4, 0xF446, 0xF446, 0xF447, 0xFCA7,
    0xFD08, 0xFD08, 0xFCE7, 0xFCC6, 0xF4A5, 0xF526, 0xFDC8, 0xFDE8,
    0xFDC9, 0xF5E9, 0xFE0A, 0xFE48, 0xFE68, 0xFE8A, 0xEE49, 0xDDC6,
    0xE5E5, 0xEE46, 0xEE67, 0xE626, 0xDE25, 0xE666, 0xEEA8, 0xEEC8,
    0xF6E7, 0xF728, 0xF748, 0xF768, 0xF748, 0xEF28, 0xFFA9, 0xFFE9,
    0xEF88, 0xE707, 0xEF47, 0xF7A8, 0xF788, 0xEF68, 0xEF88, 0xF788,
    0xF788, 0xF788, 0xF787, 0xF788, 0xF788, 0xF767, 0xF747, 0xEF07,
    0xEEE6, 0xF6E7, 0xF706, 0xFF06, 0xFEE7, 0xFEC5, 0xFEC4, 0xFEA6,
    0xFEEA, 0xFECB, 0xFEA9, 0xFEAA, 0xFEAB, 0xFE8A, 0xFE49, 0xFE49,
    0xFE28, 0xF585, 0xFD44, 0xFD25, 0xFD05, 0xF4E4, 0xECA3, 0xEC63,
    0xDC23, 0xD3E3, 0xCBA2, 0xC362, 0xBB22, 0xAAC2, 0x9260, 0x8200,
    0x71C0, 0x69A0, 0x30C0, 0x1040, 0x7820, 0x9040, 0xB081, 0xC0C2,
    0xC8E2, 0xC8E2, 0xB8E2, 0xC942, 0xD162, 0xC962, 0xC162, 0xC982,
    0xE223, 0xF2C5, 0xFB05, 0xFB45, 0xF387, 0xF3A7, 0xFBA6, 0xFC08,
    0xFCCA, 0xFCA9, 0xFBC5, 0xCAA2, 0xB2A3, 0xE385, 0xFC27, 0xFC26,
    0xEC05, 0xFC45, 0xF4C7, 0xECC7, 0xEC86, 0xF4A6, 0xFCC6, 0xE486,
    0xD465, 0xCC25, 0xC404, 0xBC04, 0xCC64, 0xD4C4, 0xD4C4, 0xCCC4,
    0xD505, 0xEDA5, 0xEDA5, 0xDDA5, 0xD5C6, 0xD5C5, 0xDDE5, 0xE626,
    0xE646, 0xEEA7, 0xF6E7, 0xF6E8, 0xE6A7, 0xDE87, 0xEEE8, 0xE6E7,
    0xE6E7, 0xEF28, 0xE6E7, 0xD686, 0xCE45, 0xD686, 0xDEC7, 0xDEE7,
    0xDEE7, 0xE707, 0xDEE6, 0xCE66, 0xCE66, 0xDEE6, 0xF767, 0xF747,
    0xE706, 0xEF06, 0xEF07, 0xF727, 0xF727, 0xF707, 0xF706, 0xF6E5,
    0xFF07, 0xFF4B, 0xFF2B, 0xFEE8, 0xFEE9, 0xFEEA, 0xFEC9, 0xFE67,
    0xFE25, 0xFE24, 0xFDE5, 0xFDE5, 0xFDE6, 0xFDA4, 0xFD84, 0xFD45,
    0xECC4, 0xE464, 0xDC43, 0xDC23, 0xDC03, 0xD3E3, 0xCBA2, 0xC362,
    0xBB42, 0xAAE1, 0x9241, 0x79C0, 0x69A0, 0x69A0, 0x38C0, 0x1020,
    0x9041, 0xA861, 0xC8C2, 0xC8C2, 0xB0C2, 0xA8C1, 0xB8E1, 0xD162,
    0xE1C3, 0xE204, 0xEA64, 0xE224, 0xD203, 0xD204, 0xF2C5, 0xFB47,
    0xF327, 0xFB66, 0xF345, 0xEB04, 0xDAC3, 0xDAE3, 0xF323, 0xEB64,
    0xE384, 0xE364, 0xD343, 0xD363, 0xD383, 0xDBA4, 0xCB44, 0xD384,
    0xE425, 0xE445, 0xE445, 0xECA5, 0xF4E5, 0xE4C5, 0xD485, 0xCC85,
    0xD4A5, 0xDD06, 0xDD06, 0xD506, 0xD506, 0xDD66, 0xDDA6, 0xDD86,
    0xDDA6, 0xD5A6, 0xD5C6, 0xDE06, 0xCDA5, 0xC585, 0xCDC5, 0xD606,
    0xDE67, 0xDE87, 0xE6A7, 0xDE87, 0xD667, 0xD687, 0xD686, 0xD6A7,
    0xE708, 0xDEE7, 0xCE65, 0xBE05, 0xCE66, 0xCE45, 0xC605, 0xCE66,
    0xDEE7, 0xDEC7, 0xC625, 0xC605, 0xD645, 0xDEA6, 0xE6C6, 0xE6A6,
    0xEEC6, 0xF727, 0xFF27, 0xF6C6, 0xF6A4, 0xF6A5, 0xFEC7, 0xFEE7,
    0xF686, 0xF604, 0xF5E3, 0xEDC3, 0xEDA3, 0xF5C3, 0xF5C4, 0xF583,
    0xED24, 0xE4E3, 0xD4A3, 0xD463, 0xD443, 0xDC43, 0xD423, 0xCBE3,
    0xD403, 0xD3E2, 0xBB62, 0xB322, 0xB301, 0xAAE1, 0xA2A1, 0x8220,
    0x61A0, 0x69A0, 0x30C0, 0x1020, 0x8840, 0x8840, 0x9861, 0xA881,
    0xB8C2, 0xC902, 0xD122, 0xD142, 0xC142, 0xC162, 0xDA03, 0xF265,
    0xF285, 0xEA23, 0xEA64, 0xF306, 0xEB26, 0xF305, 0xF2E4, 0xFB04,
    0xFB65, 0xF385, 0xE345, 0xDB24, 0xDB24, 0xDB64, 0xEBC5, 0xDBA5,
    0xD384, 0xDBC5, 0xDBE5, 0xCBA5, 0xC385, 0xD3E5, 0xDC25, 0xD405,
    0xCC25, 0xDC85, 0xED06, 0xF527, 0xED27, 0xE506, 0xDCE6, 0xDD46,
    0xDD67, 0xD546, 0xDD86, 0xEE07, 0xF667, 0xEE27, 0xDDE7, 0xDDE7,
    0xDE07, 0xDE27, 0xD627, 0xD626, 0xCDE6, 0xC5C6, 0xCE06, 0xCE46,
    0xCE46, 0xCE46, 0xCE66, 0xCE46, 0xBDE5, 0xB5A5, 0xBDE5, 0xC605,
    0xBDE5, 0xBE05, 0xC646, 0xC605, 0xC605, 0xC605, 0xC5E5, 0xD686,
    0xDE86, 0xBDC4, 0xCDE4, 0xE6A6, 0xF706, 0xE665, 0xDE45, 0xE686,
    0xE625, 0xCDA3, 0xCD62, 0xDDC3, 0xDDC3, 0xDD83, 0xDD84, 0xDD84,
    0xDD64, 0xDD64, 0xDD23, 0xDCE3, 0xD4A3, 0xC462, 0xCC62, 0xD463,
    0xC402, 0xB3A2, 0xAB61, 0x9B01, 0xAB21, 0xB321, 0xAB02, 0xB302,
    0xAAE1, 0x9AA1, 0x8A40, 0x8200, 0x79E0, 0x8200, 0x4100, 0x1840,
    0xA861, 0xB881, 0xD0C2, 0xB8C2, 0xB8A1, 0xC0C1, 0xD162, 0xE1C4,
    0xD9A4, 0xD162, 0xD9C2, 0xD1E2, 0xC9E2, 0xCA02, 0xD223, 0xE244,
    0xEA63, 0xEAA3, 0xDAA4, 0xBA63, 0xBA82, 0xC2C3, 0xDB03, 0xF364,
    0xEB84, 0xDB43, 0xD344, 0xD364, 0xD384, 0xDBA4, 0xF425, 0xFC86,
    0xFC86, 0xEC66, 0xDC46, 0xDC45, 0xF4C6, 0xFD47, 0xF547, 0xED06,
    0xED46, 0xFDE8, 0xFE49, 0xFE48, 0xFE07, 0xEDC7, 0xEDC7, 0xDD86,
    0xCD25, 0xC546, 0xCD86, 0xCD86, 0xBD45, 0xB505, 0xB525, 0xBD65,
    0xBD85, 0xB565, 0xB565, 0xBDA5, 0xC5E6, 0xC5E6, 0xBDC5, 0xBDE5,
    0xCE46, 0xC605, 0xB5A4, 0xB584, 0xAD64, 0xB5A4, 0xBDC5, 0xB5A5,
    0xBDA4, 0xBDC5, 0xC605, 0xCE46, 0xD646, 0xCE05, 0xC5E5, 0xC5E5,
    0xCDE5, 0xCDE5, 0xD5E5, 0xD5E4, 0xD5C4, 0xDDE4, 0xDE04, 0xDDE4,
    0xDDC4, 0xE5A4, 0xDD63, 0xDD63, 0xDD43, 0xD504, 0xBC63, 0xABE2,
    0xB401, 0xC442, 0xC442, 0xBBE2, 0xB3A2, 0xB382, 0xB362, 0x9B01,
    0xA301, 0xAB01, 0x9AA0, 0x8A80, 0x9280, 0x9AA1, 0x8220, 0x6180,
    0x5960, 0x5960, 0x30A0, 0x1020, 0x6800, 0x8840, 0xB081, 0xA8A1,
    0xB8E1, 0xB8E2, 0xA8E2, 0xB101, 0xC961, 0xD1A2, 0xC1A3, 0xC182,
    0xC9C2, 0xDA23, 0xE263, 0xEA84, 0xEAE5, 0xF326, 0xF325, 0xF304,
    0xFB04, 0xFB45, 0xF364, 0xEB64, 0xEB84, 0xEB84, 0xE384, 0xE3A4,
    0xE3C4, 0xD3A4, 0xD3A4, 0xDBE5, 0xE445, 0xDC24, 0xDC05, 0xDC26,
    0xE4A6, 0xE4C6, 0xDCA6, 0xE4E6, 0xE4E6, 0xDD06, 0xE547, 0xED87,
    0xF5C7, 0xFE29, 0xFEEA, 0xFEA9, 0xDDC6, 0xD5A6, 0xD5A6, 0xCD86,
    0xCDA6, 0xCDC5, 0xC585, 0xBD85, 0xBDA5, 0xCE06, 0xD667, 0xCE46,
    0xC605, 0xC606, 0xC5E6, 0xB584, 0xA524, 0xAD85, 0xBDE5, 0xBDC5,
    0xA524, 0x94A3, 0x9CC3, 0xA523, 0xA523, 0xA524, 0xB584, 0xAD24,
    0xA4E3, 0xAD44, 0xBDA4, 0xBDA4, 0xBDA4, 0xC584, 0xBD64, 0xC584,
    0xDE25, 0xE665, 0xE605, 0xDDE5, 0xE5E5, 0xDDA4, 0xC4E3, 0xDD64,
    0xF5E4, 0xED84, 0xCCC2, 0x9B81, 0x7AC2, 0x82E2, 0x9B62, 0xA361,
    0xA341, 0x9B22, 0xA322, 0xAB42, 0xA301, 0x92A1, 0x9260, 0x92A0,
    0xA2C1, 0xA2A0, 0x7A00, 0x5160, 0x4100, 0x5120, 0x30A0, 0x1840,
    0x9040, 0x9861, 0xA081, 0xB081, 0xC0C2, 0xD943, 0xD983, 0xD142,
    0xD142, 0xD9A3, 0xE203, 0xE223, 0xEA44, 0xEA45, 0xF2A5, 0xFB25,
    0xFB86, 0xFBA6, 0xFB86, 0xFB65, 0xEB44, 0xDB03, 0xDAE3, 0xE324,
    0xE364, 0xE384, 0xCB23, 0xC303, 0xC324, 0xD384, 0xCBA4, 0xCBA3,
    0xCBC4, 0xCBE5, 0xC3A4, 0xB383, 0xD445, 0xDCA6, 0xCC64, 0xDCC5,
    0xDCC5, 0xCCA4, 0xD4E4, 0xD4E5, 0xCCC5, 0xC4A4, 0xCCE5, 0xDD86,
    0xDDC6, 0xE5E7, 0xEE27, 0xEE67, 0xE647, 0xD606, 0xDE26, 0xEEC7,
    0xEEE7, 0xCE26, 0xBD85, 0xC5E5, 0xD666, 0xD666, 0xCE46, 0xC605,
    0xBDC5, 0xBE05, 0xC605, 0xBE05, 0xB5C5, 0xB5C5, 0xBDE5, 0xC605,
    0xBDA4, 0xAD43, 0xB584, 0xCE25, 0xDE86, 0xCE05, 0xBDA5, 0xC5C4,
    0xCE25, 0xCDE4, 0xC5A4, 0xC564, 0xBD43, 0xBD43, 0xCD84, 0xDDE4,
    0xEE24, 0xE5C4, 0xCD23, 0xE5A4, 0xF5E5, 0xDD23, 0xC482, 0xCCA2,
    0xD4A3, 0xABA2, 0x9302, 0x8AE2, 0x8AC1, 0x7A60, 0x7A60, 0x8280,
    0x92A1, 0x92A1, 0x92A1, 0x9281, 0x8240, 0x8220, 0x79E0, 0x71C0,
    0x61A0, 0x5960, 0x2880, 0x0820, 0xA861, 0xC0A1, 0xD8E2, 0xC8C2,
    0xC0E2, 0xC102, 0xC922, 0xD9A3, 0xD9C3, 0xD182, 0xD1A2, 0xDA03,
    0xDA64, 0xD222, 0xDA03, 0xE263, 0xEAA4, 0xE283, 0xDA63, 0xE2C4,
    0xF366, 0xFBA5, 0xF383, 0xDB23, 0xD323, 0xDB44, 0xD344, 0xCB43,
    0xD364, 0xD385, 0xEBE5, 0xFC65, 0xFCA6, 0xFD28, 0xFD68, 0xF506,
    0xF4E5, 0xF4E6, 0xED06, 0xED67, 0xED86, 0xF5C7, 0xFE89, 0xFE88,
    0xFE06, 0xF5E6, 0xF627, 0xF667, 0xF647, 0xDDE6, 0xD5A5, 0xDE06,
    0xE667, 0xEEA7, 0xE687, 0xDE67, 0xDE87, 0xEEE7, 0xEF28, 0xE6E7,
    0xD666, 0xCE26, 0xCE46, 0xDEA7, 0xE707, 0xD6A6, 0xCE86, 0xD6A6,
    0xD686, 0xCE86, 0xD686, 0xD6C6, 0xD6C6, 0xD686, 0xD665, 0xCE46,
    0xCE46, 0xCE45, 0xDE66, 0xDE66, 0xCE05, 0xC5C5, 0xC5C4, 0xCDC4,
    0xD5C4, 0xDE05, 0xEE45, 0xDDC4, 0xD563, 0xDD84, 0xEDE4, 0xD523,
    0xC4C2, 0xE564, 0xE564, 0xE543, 0xED23, 0xED24, 0xC423, 0x8AE1,
    0xA342, 0xE464, 0xE484, 0xA321, 0x9AC1, 0xAB01, 0x9AC1, 0x8A61,
    0x8220, 0x8220, 0x79E0, 0x69A0, 0x5960, 0x5960, 0x28A0, 0x0820,
    0x8820, 0xA061, 0xC0A1, 0xC8C2, 0xB8E2, 0xB902, 0xC122, 0xC142,
    0xC142, 0xB962, 0xC1A3, 0xC9A3, 0xC9C2, 0xC1C2, 0x9982, 0x9182,
    0xB1E2, 0xBA03, 0xB203, 0xB223, 0xCA83, 0xD2C3, 0xCAC3, 0xD2E4,
    0xDB24, 0xE384, 0xF3E4, 0xF3E4, 0xE3A4, 0xDB83, 0xF467, 0xFD6A,
    0xFD28, 0xEC85, 0xF485, 0xFD07, 0xF4E6, 0xECE6, 0xED05, 0xF525,
    0xED25, 0xE505, 0xDD26, 0xE5A6, 0xFE06, 0xFE47, 0xF627, 0xF627,
    0xFE87, 0xFF08, 0xFF09, 0xF688, 0xEE87, 0xF6E7, 0xFF08, 0xF6E8,
    0xE6C7, 0xEEC7, 0xF728, 0xEF07, 0xDEC7, 0xE6E7, 0xE727, 0xE727,
    0xE6E7, 0xDEE6, 0xE727, 0xEF88, 0xEF47, 0xE727, 0xE707, 0xE727,
    0xEF47, 0xF768, 0xFFC9, 0xEF47, 0xDEA6, 0xD686, 0xDEA6, 0xDE85,
    0xD624, 0xDE65, 0xE686, 0xE646, 0xD5E5, 0xD5E4, 0xDDE4, 0xD5A4,
    0xE604, 0xF645, 0xFE66, 0xF646, 0xF5E4, 0xED83, 0xE544, 0xE544,
    0xDCE3, 0xD4A2, 0xDCC3, 0xECE4, 0xD443, 0xAB62, 0x9B01, 0x9AE1,
    0xB362, 0xBB81, 0xA2E1, 0x9281, 0x9281, 0x9A81, 0x8A20, 0x71C0,
    0x69A0, 0x6160, 0x28A0, 0x0820, 0x8820, 0x9041, 0xA881, 0xB8A1,
    0xB8C1, 0xB8E1, 0xB8E1, 0xC121, 0xC142, 0xC162, 0xB982, 0xB9A2,
    0xC1E3, 0xDA03, 0xEA44, 0xEA64, 0xDA84, 0xE2E4, 0xFB44, 0xFB45,
    0xF304, 0xE2E3, 0xDB24, 0xD304, 0xCB03, 0xCB03, 0xC303, 0xCB64,
    0xDBA5, 0xD3A4, 0xD383, 0xDBC3, 0xEC25, 0xE424, 0xDC24, 0xE464,
    0xDC84, 0xCC44, 0xBBE4, 0xBC04, 0xC444, 0xCC84, 0xCCA4, 0xCCC4,
    0xCCE4, 0xCCE4, 0xDD86, 0xDD86, 0xC525, 0xBD04, 0xCD85, 0xDE06,
    0xDE06, 0xD5E6, 0xDE46, 0xEEE7, 0xEEE7, 0xE6A7, 0xEEE7, 0xE6E7,
    0xDEC7, 0xDEC7, 0xDEC6, 0xE707, 0xEF88, 0xEF68, 0xEF67, 0xEF68,
    0xEF47, 0xEF47, 0xEF67, 0xEF67, 0xEF67, 0xEF27, 0xE727, 0xE707,
    0xEF27, 0xF747, 0xF767, 0xFF67, 0xFF67, 0xFF88, 0xFF07, 0xEE86,
    0xEE85, 0xEE85, 0xF685, 0xFEA6, 0xF665, 0xF625, 0xFE65, 0xFE45,
    0xEDE4, 0xE583, 0xED84, 0xED44, 0xDCC3, 0xDCC3, 0xDCC3, 0xDC83,
    0xDC83, 0xDC44, 0xD423, 0xCBE3, 0xC3A2, 0xB342, 0xA301, 0xA2E1,
    0xAAE1, 0xA2C1, 0x8220, 0x61A0, 0x5960, 0x69C0, 0x4100, 0x2060,
    0x8840, 0x9861, 0xB081, 0xB8A2, 0xB8C1, 0xC0E2, 0xD943, 0xD9A3,
    0xD9C3, 0xD9A2, 0xD9C3, 0xD9E3, 0xDA03, 0xE223, 0xE243, 0xEA84,
    0xF2C4, 0xFB25, 0xF305, 0xEAE3, 0xDAC3, 0xDAE4, 0xDB04, 0xDB23,
    0xDB24, 0xD323, 0xCB23, 0xCB44, 0xD384, 0xCB64, 0xC343, 0xB323,
    0xAB23, 0xAB43, 0xB383, 0xCC04, 0xD443, 0xD463, 0xC423, 0xABC3,
    0xB403, 0xC463, 0xBC43, 0xBC84, 0xBCA4, 0xAC23, 0xB483, 0xC505,
    0xC4E5, 0xC546, 0xCD85, 0xD5E6, 0xD5E6, 0xD5E6, 0xCDC6, 0xC5C6,
    0xCDE5, 0xD666, 0xE6C7, 0xE6C7, 0xEF28, 0xFFEA, 0xFFC9, 0xEF48,
    0xE707, 0xD6A6, 0xDEE6, 0xEF67, 0xEF67, 0xE747, 0xEF47, 0xEF68,
    0xEF68, 0xEF47, 0xE707, 0xEF27, 0xF747, 0xF767, 0xFF88, 0xFF47,
    0xF6E6, 0xEEA6, 0xF6E7, 0xFF28, 0xFEE7, 0xF6C6, 0xF6C6, 0xFEC6,
    0xFE65, 0xF645, 0xFEA8, 0xF606, 0xEDA3, 0xFDC3, 0xF5A4, 0xE544,
    0xDCE3, 0xED04, 0xF544, 0xED04, 0xE484, 0xC3E4, 0xAB62, 0xA341,
    0xA301, 0xB322, 0xB342, 0x9AA1, 0x7A20, 0x71E0, 0x8200, 0x79C0,
    0x6180, 0x71C0, 0x38E0, 0x1020, 0xB061, 0xA881, 0xA8A1, 0xB0A1,
    0xB8A2, 0xC0E2, 0xC922, 0xC943, 0xC963, 0xC962, 0xC9A2, 0xC9C2,
    0xD1E2, 0xE223, 0xEA84, 0xF2A4, 0xEA84, 0xC202, 0xBA22, 0xE2E4,
    0xEB04, 0xDAE3, 0xD2E3, 0xD303, 0xD324, 0xD323, 0xCB24, 0xCB24,
    0xC343, 0xBB23, 0xC364, 0xDBE5, 0xE425, 0xCBE4, 0xBB83, 0xBBA4,
    0xC3E3, 0xC423, 0xC444, 0xBC03, 0xBC03, 0xC464, 0xC4A5, 0xC4A4,
    0xC4A4, 0xCD05, 0xCD26, 0xC505, 0xC524, 0xCD65, 0xC565, 0xBD25,
    0xC565, 0xCDC5, 0xCDE6, 0xCDE6, 0xD626, 0xE687, 0xE6C7, 0xE6E7,
    0xDEC7, 0xDE86, 0xD686, 0xDEC7, 0xDEC7, 0xDEE7, 0xDEE7, 0xDF07,
    0xDEE6, 0xDF07, 0xE707, 0xDEE7, 0xE707, 0xEF47, 0xEF48, 0xE707,
    0xEF07, 0xEF27, 0xE6E6, 0xEEE6, 0xFF47, 0xFF48, 0xFF27, 0xF6E7,
    0xFEC6, 0xFEE6, 0xFEE7, 0xFF0A, 0xFEC8, 0xFE86, 0xFECA, 0xFEEB,
    0xFEA9, 0xFE05, 0xED84, 0xED44, 0xF565, 0xFD84, 0xFDA5, 0xF525,
    0xCC02, 0xB3A1, 0xC3E2, 0xDC23, 0xCBC3, 0xA301, 0x9281, 0x9281,
    0x9281, 0x8220, 0x8A20, 0x71C0, 0x5160, 0x5140, 0x30A0, 0x1020,
    0x7000, 0x9041, 0xB8A1, 0xB8C1, 0xB0C1, 0xB0C2, 0xC902, 0xD142,
    0xC962, 0xC162, 0xD1C2, 0xE203, 0xDA03, 0xC9E3, 0xD202, 0xE243,
    0xF2C4, 0xFB04, 0xFB45, 0xFB86, 0xEB05, 0xE2E4, 0xEB64, 0xF3A5,
    0xF3A5, 0xEB85, 0xDB64, 0xCB43, 0xC343, 0xCB64, 0xCB84, 0xC364,
    0xC383, 0xCBE4, 0xCBE4, 0xBBC4, 0xB384, 0xB3A3, 0xBC03, 0xC444,
    0xB403, 0xA3C2, 0xA3E2, 0xB443, 0xB463, 0xA423, 0xAC43, 0xBCC4,
    0xCD45, 0xCD86, 0xCD85, 0xCDA5, 0xCDA5, 0xCDA5, 0xCDE6, 0xD606,
    0xCDC5, 0xBDA5, 0xCE06, 0xC606, 0xC606, 0xD666, 0xE707, 0xE707,
    0xD6A6, 0xD6A6, 0xD6A6, 0xD686, 0xD6A6, 0xD6C6, 0xD6A6, 0xD665,
    0xCE65, 0xD685, 0xD6A6, 0xD6A6, 0xDEC6, 0xE6C6, 0xDE86, 0xD645,
    0xCE04, 0xCDC4, 0xD5E4, 0xDE25, 0xEE65, 0xEE65, 0xEE65, 0xF665,
    0xE604, 0xE5C3, 0xF604, 0xFE25, 0xFE26, 0xFE05, 0xFDC5, 0xFDC5,
    0xF585, 0xDCC4, 0xC423, 0xBBE3, 0xBBE2, 0xD443, 0xCBE3, 0x8AA1,
    0x6A00, 0x7A40, 0x9AC1, 0xA2C2, 0x9281, 0x8240, 0x71E0, 0x6180,
    0x5140, 0x5120, 0x2880, 0x0820, 0x9040, 0xA081, 0xB0A1, 0xA081,
    0xA8A1, 0xB901, 0xC101, 0xC142, 0xD163, 0xD983, 0xD1A3, 0xD9E3,
    0xDA02, 0xC9E2, 0xB9C3, 0xC203, 0xE284, 0xDA83, 0xD283, 0xE2C4,
    0xC262, 0xB262, 0xC2A3, 0xD2E4, 0xC2E3, 0xBAE2, 0xD344, 0xEBE5,
    0xFC26, 0xFC46, 0xFC66, 0xF445, 0xC3A4, 0xC3A3, 0xCBE4, 0xD424,
    0xCC04, 0xC404, 0xC424, 0xCC44, 0xBC24, 0xB424, 0xC485, 0xDD25,
    0xD525, 0xAC43, 0xB484, 0xCD25, 0xCD66, 0xCD86, 0xCD65, 0xC545,
    0xB505, 0xBD44, 0xC5A5, 0xCDE5, 0xBDA5, 0xB564, 0xBDA5, 0xBDA5,
    0xBDA5, 0xB5A5, 0xBDC5, 0xC625, 0xCE45, 0xC625, 0xC604, 0xCE66,
    0xCE86, 0xCE66, 0xCE45, 0xD685, 0xC605, 0xB5A5, 0xC605, 0xDEA6,
    0xDEA6, 0xC604, 0xCDE4, 0xCE05, 0xCDE4, 0xD625, 0xD625, 0xD604,
    0xCDA3, 0xCDA3, 0xD5A4, 0xCD83, 0xCD63, 0xD564, 0xE5A4, 0xDD63,
    0xD523, 0xD524, 0xD4C4, 0xCC83, 0xC443, 0xC422, 0xC443, 0xBBE3,
    0x9B22, 0xA321, 0xAB41, 0x8AC0, 0x7240, 0x8241, 0x9AA1, 0x8A60,
    0x7A20, 0x7A20, 0x7A00, 0x71E0, 0x6180, 0x4920, 0x2060, 0x0800,
    0x8020, 0x9040, 0xA881, 0xB881, 0xD0E2, 0xD943, 0xD163, 0xD162,
    0xC942, 0xC962, 0xC1A2, 0xC9C3, 0xD9E3, 0xE224, 0xDA23, 0xCA23,
    0xD264, 0xCA63, 0xD283, 0xF305, 0xFB45, 0xF344, 0xDB23, 0xCAE4,
    0xCB04, 0xCB24, 0xBAE4, 0xC324, 0xCB45, 0xBB24, 0xB2E3, 0xBB44,
    0xD3E5, 0xD3E4, 0xBBA3, 0xB382, 0xC403, 0xBC03, 0xA383, 0xA3A3,
    0xB403, 0xABE2, 0x8B21, 0x7AE1, 0x8B61, 0xAC43, 0xBCC4, 0xC504,
    0xCD45, 0xC505, 0xB4E4, 0xBD04, 0xC564, 0xBD64, 0xACC4, 0x9443,
    0xA4A3, 0xBD84, 0xCE25, 0xE6C7, 0xDEC7, 0xCE26, 0xBDA5, 0xBDC5,
    0xCE46, 0xDEE7, 0xE727, 0xDEE6, 0xC605, 0xC625, 0xD6A6, 0xD686,
    0xC625, 0xB5C4, 0xB5A4, 0xC605, 0xD666, 0xCE05, 0xC5E4, 0xBDA3,
    0xBD84, 0xC5C4, 0xCDE4, 0xCDA4, 0xACE2, 0xC543, 0xE624, 0xDDC4,
    0xBCE2, 0xAC61, 0xC4E3, 0xD523, 0xCCE3, 0xB442, 0xA3C2, 0x9362,
    0x9362, 0xABC2, 0xB402, 0xB3E2, 0xB3A2, 0x8AA1, 0x7A60, 0xAB42,
    0x9AE1, 0x7A40, 0x8241, 0x9281, 0x9281, 0x8220, 0x71E0, 0x69A0,
    0x71C0, 0x8A20, 0x5140, 0x1840, 0x8820, 0xA081, 0xC0C2, 0xC0C2,
    0xB0A1, 0xB0C1, 0xC902, 0xC122, 0xC962, 0xD983, 0xD1C3, 0xB182,
    0x9961, 0xA982, 0xC1E3, 0xCA22, 0xCA43, 0xCA63, 0xD284, 0xD284,
    0xB243, 0xAA43, 0xC2C3, 0xDB24, 0xE344, 0xD324, 0xCB24, 0xC344,
    0xD384, 0xEC06, 0xDBC5, 0xC364, 0xBB64, 0xD3E4, 0xDC45, 0xDC25,
    0xC404, 0xABA2, 0xA382, 0xABC3, 0xABC3, 0x9BA2, 0x93A2, 0x93A2,
    0x9BA3, 0xA3E3, 0x93A2, 0x7B41, 0x8361, 0x8362, 0x8BE2, 0xA463,
    0x9C23, 0x8C02, 0x9423, 0x9443, 0xACE3, 0xBD84, 0xB564, 0xA4E3,
    0x9CA3, 0xAD23, 0xAD44, 0xB584, 0xBDE5, 0xAD84, 0xAD64, 0xBE05,
    0xCE66, 0xD686, 0xCE45, 0xC605, 0xBDC4, 0xBDC4, 0xB5A4, 0xAD23,
    0xAD02, 0xB563, 0xCE04, 0xCE04, 0xC5C3, 0xCDE4, 0xCDE4, 0xCDC3,
    0xCDC3, 0xD5E3, 0xD5C3, 0xD5A3, 0xD5A3, 0xDDA3, 0xE5A3, 0xE584,
    0xCD03, 0xBC62, 0xC482, 0xBC43, 0xABC3, 0xABA2, 0xB3C2, 0xABA2,
    0xAB82, 0xA342, 0xAB42, 0xC3A3, 0xB362, 0xA302, 0xA2C2, 0x8240,
    0x8220, 0x9281, 0x8A41, 0x79E0, 0x61A0, 0x6180, 0x30A0, 0x0820,
    0x9041, 0x9861, 0xA881, 0xA8A1, 0x90A1, 0xA0C1, 0xD922, 0xD163,
    0xC963, 0xC942, 0xB982, 0xC1A2, 0xD1E3, 0xD1E3, 0xC1E3, 0xC203,
    0xCA43, 0xCA63, 0xD282, 0xDAA3, 0xD2A4, 0xD2A4, 0xCAC4, 0xC2C3,
    0xCB03, 0xD324, 0xC304, 0xBAE4, 0xCB45, 0xE3E5, 0xFCA6, 0xF486,
    0xD3E5, 0xD3E4, 0xDC45, 0xD424, 0xBBE4, 0xABA3, 0xA382, 0xA383,
    0xABC4, 0xB424, 0xAC03, 0xAC23, 0xB444, 0xB444, 0xB464, 0xAC84,
    0xAC83, 0xAC83, 0xACA4, 0xACC4, 0xB504, 0xBD64, 0xBD65, 0xB524,
    0xB524, 0xBD84, 0xCE05, 0xD666, 0xCE45, 0xC5E5, 0xB584, 0xB584,
    0xBDC3, 0xB5A3, 0xB5A4, 0xBDE5, 0xBDE5, 0xB5C4, 0xB5A4, 0xCE66,
    0xC625, 0xB583, 0xAD63, 0xB584, 0xBDC4, 0xBD83, 0xB583, 0xC5A3,
    0xCE04, 0xCE04, 0xCDE3, 0xD5E3, 0xD5E3, 0xDDE3, 0xDDC3, 0xD5A2,
    0xDDA3, 0xDDA4, 0xDD63, 0xE5A3, 0xEDC4, 0xED84, 0xD4E3, 0xC462,
    0xC443, 0xB3E2, 0xABC1, 0xABC1, 0xB3A2, 0xA342, 0x9AE1, 0xA322,
    0xAB22, 0xA2E1, 0x7A21, 0x61A0, 0x69C0, 0x7A00, 0x71E0, 0x69C0,
    0x69A0, 0x5960, 0x2880, 0x1020, 0x9041, 0x9040, 0xA881, 0xC0C2,
    0xC8C2, 0xC8E2, 0xC922, 0xD183, 0xD183, 0xD162, 0xC9A3, 0xD1C3,
    0xD1E3, 0xC9E3, 0xD223, 0xDA43, 0xCA23, 0xBA23, 0xCA63, 0xE2E4,
    0xEB04, 0xDAE3, 0xCAE4, 0xCAE4, 0xC2C4, 0xAAA3, 0xBAE3, 0xE3A5,
    0xE3C5, 0xC344, 0xAAE3, 0xB323, 0xC3A4, 0xB363, 0xAB43, 0xBBA4,
    0xD445, 0xDC65, 0xCC44, 0xBC04, 0xC444, 0xC464, 0xAC03, 0xAC23,
    0xB443, 0xBC84, 0xCD05, 0xD546, 0xCD45, 0xBD04, 0xBCE3, 0xC545,
    0xD5E6, 0xD606, 0xC5A5, 0xC5A5, 0xCDE5, 0xC5C5, 0xBD85, 0xC5C5,
    0xCE26, 0xCE45, 0xC5E5, 0xBDC4, 0xC605, 0xC625, 0xC625, 0xC605,
    0xBDE4, 0xBDE4, 0xC624, 0xD6A6, 0xC605, 0xB563, 0xBDE4, 0xC605,
    0xC605, 0xCE05, 0xC5C4, 0xC5C4, 0xCDC4, 0xC5C4, 0xCDE4, 0xDE25,
    0xE665, 0xDE04, 0xCDA3, 0xDDC3, 0xDDC3, 0xDD83, 0xCD23, 0xDD63,
    0xE584, 0xE564, 0xDD23, 0xCCA2, 0xBC42, 0xB3E2, 0xC423, 0xCC22,
    0xB3C2, 0xA342, 0xA342, 0xB362, 0x9AC1, 0x8A61, 0x92A1, 0x9AC1,
    0x8A61, 0x71E0, 0x71C0, 0x61A0, 0x5140, 0x5140, 0x30A0, 0x1020,
    0x9041, 0xA061, 0xA881, 0xA081, 0xB0C2, 0xC902, 0xD122, 0xC942,
    0xC142, 0xC162, 0xC182, 0xD9C3, 0xE204, 0xC1E3, 0xB9C2, 0xC202,
    0xC223, 0xD283, 0xCA63, 0xA202, 0xA202, 0xB262, 0xBA83, 0xB283,
    0xB2A3, 0xBAC4, 0xBAE4, 0xAAC3, 0x9AA3, 0xA2C3, 0xB2E4, 0xBB25,
    0xBB84, 0xBB83, 0xB383, 0xB363, 0xB384, 0xB3C3, 0xB3C2, 0xABC2,
    0xABC3, 0xABE3, 0xABE3, 0xA402, 0xB443, 0xC4C4, 0xAC43, 0xA423,
    0xC505, 0xBCE4, 0xB4E4, 0xB503, 0xA482, 0x9C61, 0xB503, 0xC5C5,
    0xD626, 0xD646, 0xD645, 0xC5E4, 0xB584, 0xC5E4, 0xCE45, 0xD686,
    0xDEE7, 0xD6C6, 0xCE85, 0xCE66, 0xCE66, 0xCE45, 0xC604, 0xBDE4,
    0xC625, 0xD6A6, 0xDEE6, 0xCE45, 0xBDC4, 0xC5E5, 0xD666, 0xE6A6,
    0xE686, 0xDE45, 0xD625, 0xDE25, 0xEE86, 0xEE65, 0xE644, 0xE624,
    0xDDA3, 0xD563, 0xE584, 0xFE25, 0xFE45, 0xF5C5, 0xDD23, 0xCCC2,
    0xCCA2, 0xCC63, 0xCC43, 0xBC02, 0xB3C2, 0xB382, 0xAB62, 0xB362,
    0x9AE1, 0x9AC1, 0xA2C2, 0x9281, 0x7A00, 0x61A0, 0x71C0, 0x71C0,
    0x5960, 0x5940, 0x28A0, 0x1020, 0x8820, 0x8840, 0xA0A1, 0xB0A1,
    0xB8C2, 0xB0E2, 0xB0E1, 0xB922, 0xC963, 0xD183, 0xC1A3, 0xC9C2,
    0xD1E3, 0xC9E3, 0xCA03, 0xD243, 0xCA43, 0xAA02, 0xAA02, 0xDAC4,
    0xDAE4, 0xC2A3, 0xAA62, 0xB283, 0xC2C4, 0xC2E4, 0xCB24, 0xBAE3,
    0xBB03, 0xDBC4, 0xDBC4, 0xC364, 0xC385, 0xD3E5, 0xE464, 0xE484,
    0xD445, 0xD446, 0xDCC6, 0xED26, 0xED46, 0xDD26, 0xD4E5, 0xC4A5,
    0xC4A4, 0xCD05, 0xC4E4, 0xC504, 0xD585, 0xCD65, 0xC525, 0xCDA5,
    0xE646, 0xF6E8, 0xF6E7, 0xD645, 0xC5C5, 0xCDE5, 0xDE66, 0xEF08,
    0xF748, 0xE6E7, 0xDEA6, 0xD666, 0xC625, 0xC625, 0xCE85, 0xDEE6,
    0xDEC7, 0xD6A6, 0xCE45, 0xCE64, 0xC624, 0xBDE5, 0xC605, 0xDEA5,
    0xE6E6, 0xDEA5, 0xDE85, 0xDE65, 0xE686, 0xF727, 0xFF47, 0xFF06,
    0xF6A6, 0xF665, 0xEE25, 0xDDE4, 0xEE24, 0xF644, 0xEDE4, 0xEDC4,
    0xEDC4, 0xEDA5, 0xDD23, 0xD4A2, 0xCC62, 0xC442, 0xBC02, 0xBBE2,
    0xBBE2, 0xB382, 0xAB41, 0xB362, 0xB342, 0xA2E1, 0x8A61, 0x7200,
    0x71E0, 0x71C0, 0x71E0, 0x61A0, 0x5960, 0x5960, 0x28A0, 0x0800,
    0x9881, 0x9041, 0x9060, 0xA8A1, 0xB8C1, 0xB8E1, 0xC102, 0xC122,
    0xC942, 0xD982, 0xD1A3, 0xD1E3, 0xD1E2, 0xC9E2, 0xDA23, 0xDA43,
    0xD263, 0xB222, 0xBA42, 0xDAC5, 0xCAA4, 0xB263, 0xB263, 0xD2E4,
    0xD325, 0xCB04, 0xCB24, 0xCB43, 0xC343, 0xBB23, 0xB303, 0xB323,
    0xBB64, 0xBB64, 0xB363, 0xAB42, 0x8AC1, 0x82C2, 0x9B43, 0xAB82,
    0xB3C2, 0xC463, 0xD504, 0xD505, 0xBCA4, 0xB463, 0xBCA3, 0xC4C4,
    0xB4C3, 0xCD65, 0xE627, 0xE646, 0xD5C4, 0xC584, 0xCDC5, 0xE686,
    0xEEC6, 0xEEC7, 0xE6C7, 0xD666, 0xCE25, 0xD665, 0xDEE6, 0xDEE6,
    0xDEC6, 0xDEC6, 0xE727, 0xEF47, 0xD6C6, 0xCE65, 0xD6A6, 0xEF27,
    0xE6E6, 0xD685, 0xD686, 0xE6E6, 0xDEC5, 0xCE24, 0xDE85, 0xEF07,
    0xF6E7, 0xE686, 0xE665, 0xEEA6, 0xF6A5, 0xEE85, 0xF665, 0xF645,
    0xFEA6, 0xFE86, 0xF604, 0xEDC4, 0xEDC4, 0xF5C4, 0xE544, 0xD4A2,
    0xCC82, 0xCC82, 0xD463, 0xBBE3, 0xAB82, 0x9B01, 0x9B22, 0xB362,
    0xA301, 0x8281, 0x8240, 0x8A61, 0x7A20, 0x61A0, 0x69C0, 0x6180,
    0x4900, 0x5960, 0x30C0, 0x1020, 0xA082, 0xB081, 0xC081, 0xC0C2,
    0xB8C2, 0xB8E1, 0xC902, 0xD162, 0xD183, 0xD183, 0xB982, 0xB182,
    0xC1C2, 0xC1C2, 0xCA02, 0xD243, 0xD263, 0xBA23, 0xAA02, 0xB242,
    0xC283, 0xBA84, 0xA243, 0xB283, 0xC2E3, 0xCB04, 0xCB25, 0xD365,
    0xD3A4, 0xDBA4, 0xF425, 0xFC87, 0xEC46, 0xDC05, 0xF4C7, 0xFE0A,
    0xFE08, 0xFD66, 0xF526, 0xE528, 0xDD07, 0xDD04, 0xEDA6, 0xEDC6,
    0xEDC6, 0xEDE7, 0xF628, 0xF648, 0xEE46, 0xFE87, 0xFEA6, 0xF686,
    0xF70B, 0xFF2A, 0xFF06, 0xFF27, 0xF728, 0xEEE7, 0xE6E6, 0xF747,
    0xFFA8, 0xF7A8, 0xE707, 0xDEC6, 0xE707, 0xEF47, 0xEF47, 0xE727,
    0xE727, 0xDEE6, 0xD6A5, 0xD6C6, 0xEF47, 0xF7A7, 0xEF47, 0xE706,
    0xF747, 0xFF88, 0xFF67, 0xF726, 0xF706, 0xEEC6, 0xEEC6, 0xEEA6,
    0xEE86, 0xEE65, 0xF6A5, 0xFEC6, 0xFEC7, 0xFE66, 0xFE45, 0xFE25,
    0xFE25, 0xFE05, 0xE564, 0xD4E4, 0xD4A4, 0xD4A3, 0xCC62, 0xABA2,
    0x9301, 0xA322, 0xB362, 0xA301, 0x92C1, 0x92A1, 0x9281, 0x7A20,
    0x71E0, 0x71E0, 0x71E0, 0x5980, 0x4900, 0x4900, 0x2880, 0x1040,
    0x9841, 0xA061, 0xB0A2, 0xB8C2, 0xC8E2, 0xD102, 0xD122, 0xC942,
    0xC162, 0xC162, 0xC182, 0xC1A2, 0xC1C3, 0xD203, 0xDA23, 0xDA43,
    0xC222, 0xB222, 0xBA23, 0xCA64, 0xD2A4, 0xC2A3, 0xB264, 0xC2C4,
    0xDB44, 0xE384, 0xCB24, 0xBB04, 0xDB84, 0xFC85, 0xF444, 0xD3A4,
    0xD3E5, 0xEC65, 0xDC25, 0xB3A4, 0xC3A1, 0xECA2, 0xFE09, 0xF6F3,
    0xF6D1, 0xFE8B, 0xFF0E, 0xFECB, 0xFE66, 0xFEA7, 0xFEC9, 0xFEC9,
    0xFEA8, 0xF666, 0xF665, 0xF6A7, 0xFF6D, 0xFF6C, 0xF706, 0xF707,
    0xF749, 0xF748, 0xEF06, 0xE706, 0xEF27, 0xEF27, 0xEF47, 0xEF67,
    0xEF67, 0xE727, 0xE707, 0xE747, 0xF7C8, 0xFFC8, 0xF788, 0xEF47,
    0xE727, 0xE706, 0xEF26, 0xF747, 0xF768, 0xF767, 0xFF67, 0xFF89,
    0xFF6B, 0xFF68, 0xFF46, 0xFEE6, 0xF6C6, 0xFEC6, 0xFEC5, 0xFEC6,
    0xFEA6, 0xFE87, 0xFE88, 0xFE87, 0xFE45, 0xFE03, 0xED63, 0xE4E3,
    0xDCE3, 0xE4C3, 0xDCC3, 0xCC63, 0xBBE2, 0xBBC2, 0xBBA2, 0xB382,
    0xBB82, 0xBB62, 0xA2E2, 0x8A81, 0x8240, 0x8220, 0x6180, 0x69A0,
    0x7A00, 0x6180, 0x2060, 0x0000, 0x9041, 0xA881, 0xB8A2, 0xB0A1,
    0xB8C2, 0xC8E2, 0xC902, 0xC122, 0xC942, 0xD163, 0xD1C3, 0xC9C2,
    0xC1C2, 0xC9E3, 0xB1A2, 0x99A2, 0xB1E3, 0xCA43, 0xCA63, 0xBA63,
    0xBA63, 0xB263, 0xA243, 0xAA64, 0x9223, 0x8202, 0x9A62, 0xBB03,
    0xB2C4, 0x7A02, 0x7202, 0xA2C3, 0xC384, 0xD404, 0xC3C2, 0xAB62,
    0xC404, 0xD464, 0xCC20, 0xB360, 0xBBC0, 0xCC62, 0xABE1, 0x8B40,
    0x9BA2, 0xC4C4, 0xE5A5, 0xEE04, 0xE625, 0xDE05, 0xD5E6, 0xDE06,
    0xE644, 0xF6E5, 0xFF68, 0xEEE7, 0xE6A6, 0xE6C6, 0xEF07, 0xEF07,
    0xDEC6, 0xD685, 0xDEE6, 0xE727, 0xEF47, 0xE727, 0xEF47, 0xEF47,
    0xE747, 0xE747, 0xE746, 0xE706, 0xE706, 0xEF47, 0xF7A8, 0xF7A8,
    0xF767, 0xF767, 0xFFA9, 0xFF88, 0xF726, 0xF727, 0xFF6B, 0xFF8E,
    0xFF4A, 0xFF07, 0xFF08, 0xFF0D, 0xFF0C, 0xFEEA, 0xFECB, 0xFEAB,
    0xFE8B, 0xFE68, 0xFE05, 0xFDE4, 0xFDC5, 0xFD84, 0xF544, 0xF504,
    0xECC4, 0xDC63, 0xCC02, 0xCBE2, 0xCBE2, 0xCBA2, 0xAB01, 0xAAE1,
    0xAAE2, 0xA2A1, 0x8220, 0x69A0, 0x5980, 0x5960, 0x38C0, 0x1840,
    0x9041, 0xA061, 0xC0C2, 0xC8C2, 0xC8E2, 0xC902, 0xD143, 0xC963,
    0xD183, 0xD983, 0xC9A3, 0xC1A2, 0xB9C2, 0xD203, 0xE244, 0xE243,
    0xCA43, 0xC243, 0xBA43, 0xB222, 0xA203, 0xA223, 0xAA63, 0xBAA3,
    0xCAE4, 0xC305, 0xA283, 0x9263, 0x9A83, 0xA2A3, 0xC364, 0xC364,
    0x8A82, 0xAB23, 0xD405, 0xCBE4, 0xB384, 0xAB84, 0xCC65, 0xE506,
    0xDCE6, 0xC465, 0xC464, 0xD505, 0xCD06, 0xAC24, 0x9BE3, 0xAC63,
    0xB4C4, 0xC525, 0xCD65, 0xCDA5, 0xB524, 0xACE4, 0xB545, 0xCDE6,
    0xE6A7, 0xEEE7, 0xDEA6, 0xDE86, 0xDE87, 0xD666, 0xD665, 0xDEC6,
    0xEF48, 0xE707, 0xDEC6, 0xDF06, 0xE727, 0xDF06, 0xD6A5, 0xD685,
    0xDEE6, 0xF767, 0xFFA7, 0xFF87, 0xFF87, 0xFFA8, 0xFFAB, 0xFF8A,
    0xFF68, 0xFF69, 0xFF6A, 0xFF4B, 0xFF29, 0xFF2A, 0xFF2D, 0xFF51,
    0xFF2F, 0xFECB, 0xFEAC, 0xFEEE, 0xFF0F, 0xFEAD, 0xF628, 0xF606,
    0xFE07, 0xFDE6, 0xFD85, 0xF523, 0xF4E3, 0xF4C4, 0xECA4, 0xE443,
    0xDC23, 0xD403, 0xC362, 0xB302, 0x9AA1, 0x9261, 0x8220, 0x71C0,
    0x6180, 0x6180, 0x2880, 0x0000, 0x8820, 0x9041, 0xA881, 0xA8A1,
    0xB0A1, 0xB8C2, 0xD122, 0xD143, 0xC962, 0xC962, 0xD1C3, 0xD9E3,
    0xD9E3, 0xDA24, 0xB9E3, 0xB1C3, 0xCA23, 0xD283, 0xD283, 0xCA83,
    0xBA63, 0xB263, 0xBA83, 0xCAE4, 0xD324, 0xD344, 0xC2E4, 0xB2C3,
    0xB303, 0xB303, 0x9AA3, 0x8A62, 0x8A62, 0x9AC2, 0x9B02, 0x9B02,
    0xAB63, 0xBBC3, 0xB3E3, 0xA382, 0x9B63, 0xABE4, 0xB444, 0xB443,
    0xAC23, 0xA403, 0xAC44, 0xB484, 0xB4A4, 0xB4C4, 0xA463, 0x9C63,
    0xACC4, 0xC565, 0xC586, 0xB525, 0xACE4, 0xA4E4, 0xB564, 0xC605,
    0xCE46, 0xCE25, 0xC5E5, 0xD665, 0xE706, 0xB5A4, 0xA543, 0xC625,
    0xDEC6, 0xDEE6, 0xD6C6, 0xE727, 0xE706, 0xD6A5, 0xDEC6, 0xEF07,
    0xEF27, 0xE6E6, 0xE6C5, 0xEF05, 0xFF46, 0xFF47, 0xFF26, 0xFF06,
    0xFF07, 0xFEE7, 0xFEC7, 0xFEE8, 0xFEC8, 0xFEA8, 0xFEC9, 0xFEA9,
    0xFE47, 0xFE26, 0xFDE5, 0xFDC4, 0xFD84, 0xF543, 0xF524, 0xECE4,
    0xE4A3, 0xDC43, 0xD423, 0xD423, 0xDC23, 0xDC03, 0xCB82, 0xB302,
    0x9AA1, 0x8220, 0x8220, 0x7A00, 0x69C0, 0x69A0, 0x38C0, 0x1020,
    0x9041, 0x9061, 0xA081, 0xA881, 0xB8C2, 0xC922, 0xC923, 0xC942,
    0xC942, 0xC982, 0xD9E3, 0xC1C3, 0xB1A2, 0xDA23, 0xD223, 0xB9E3,
    0xB1E2, 0xA9E2, 0xAA03, 0xBA43, 0xCA83, 0xC2A3, 0xB283, 0xB2A3,
    0xB2A3, 0xA262, 0x8202, 0x9A62, 0xBB04, 0xC343, 0xBB23, 0xB323,
    0xBB64, 0xB343, 0xA322, 0x9B03, 0x9B23, 0x9322, 0x9322, 0x9B42,
    0x9B63, 0x9B82, 0x9BA2, 0x9BC3, 0x9BC3, 0x9BC3, 0xA403, 0xA403,
    0x9C03, 0xA443, 0xACA4, 0xB4C4, 0xACA4, 0xB525, 0xC5A6, 0xBD85,
    0xAD04, 0xAD04, 0xC5C5, 0xCE05, 0xCE26, 0xD686, 0xD666, 0xC646,
    0xCE66, 0xCE65, 0xE6E6, 0xE748, 0xD6A6, 0xBDE4, 0xBDE3, 0xD6A5,
    0xDEC6, 0xD6A5, 0xD685, 0xD685, 0xDE85, 0xE6C6, 0xE6E6, 0xEEC6,
    0xE6A6, 0xEEC6, 0xEEC6, 0xEEC5, 0xF6A6, 0xF6A6, 0xFEA6, 0xF6A6,
    0xFE85, 0xFE65, 0xFE25, 0xF5C3, 0xED83, 0xED83, 0xE544, 0xD4C4,
    0xCC83, 0xD483, 0xCC63, 0xBBE3, 0xAB82, 0xAB62, 0xB382, 0xBBA2,
    0xC3A2, 0xBB62, 0xAAE2, 0xAAE2, 0xA2C1, 0x8A61, 0x8220, 0x61A0,
    0x4120, 0x5140, 0x38C0, 0x2060, 0x9041, 0x9061, 0xA081, 0xC0A1,
    0xC0C2, 0xC922, 0xD143, 0xD9A4, 0xE1A4, 0xD983, 0xD9C3, 0xD1C3,
    0xC9C3, 0xC1C3, 0xB9E2, 0xBA02, 0xA9E2, 0xBA23, 0xC264, 0xBA42,
    0xAA21, 0xA222, 0xAA44, 0xB283, 0xB2A3, 0xB2A3, 0xB2C3, 0xBB04,
    0xBB04, 0x9AA2, 0x9AA2, 0xAAE3, 0xB343, 0xB343, 0xB363, 0xB383,
    0xB383, 0xBBE3, 0xCC64, 0xCC64, 0xBC24, 0xABC3, 0xABE3, 0xC484,
    0xD505, 0xC4C5, 0xBC84, 0xD546, 0xF668, 0xEE47, 0xCD65, 0xBD24,
    0xBD44, 0xC585, 0xBD86, 0xC5A6, 0xDE47, 0xE6C7, 0xD666, 0xC5C5,
    0xAD64, 0xAD43, 0xAD63, 0xB584, 0xB5A5, 0xC645, 0xC645, 0xC605,
    0xD686, 0xE726, 0xE706, 0xCE86, 0xC625, 0xCE45, 0xD685, 0xD665,
    0xCE24, 0xC5E4, 0xD625, 0xDE65, 0xDE65, 0xE685, 0xE665, 0xE665,
    0xEE86, 0xEE86, 0xEE45, 0xEE45, 0xEE24, 0xE5C3, 0xDD83, 0xE5C4,
    0xE5A5, 0xD503, 0xD4C3, 0xD4C3, 0xCC83, 0xB402, 0xB3E2, 0xB3C3,
    0xAB62, 0x9B22, 0x9B02, 0xA302, 0xA2E1, 0x9AC1, 0x9281, 0x8A61,
    0x8A40, 0x8221, 0x7A00, 0x6180, 0x5140, 0x5960, 0x30A0, 0x0820,
    0x8020, 0x9861, 0xC0C2, 0xD0E2, 0xC0E2, 0xC0E2, 0xC8E2, 0xC122,
    0xB122, 0xB122, 0xC9A2, 0xD9E3, 0xDA03, 0xC1E2, 0xB1C2, 0xC203,
    0xD243, 0xCA63, 0xBA22, 0xAA22, 0xB263, 0xBA83, 0xAA62, 0x9A22,
    0xA263, 0xBAE3, 0xA283, 0x9242, 0x9A62, 0x9AA2, 0xBB23, 0xB323,
    0x8A81, 0x92A2, 0xA303, 0x92E2, 0x9301, 0x9301, 0x8AE1, 0x7281,
    0x7281, 0x9342, 0xA3E3, 0x9382, 0x72C1, 0x6280, 0x72E1, 0x6AC1,
    0x49E0, 0x41C0, 0x62C0, 0x8BE3, 0x83A1, 0x7B81, 0x8C02, 0x8C22,
    0x83E2, 0x83C1, 0x8C02, 0x9CA3, 0xAD44, 0xB563, 0xAD63, 0xB564,
    0xB5A4, 0xB5A4, 0xBDC5, 0xBDE5, 0xBDE4, 0xC605, 0xCE65, 0xCE45,
    0xD685, 0xDEA6, 0xD665, 0xCE04, 0xC5C4, 0xC5C4, 0xD625, 0xDE65,
    0xD644, 0xCDE4, 0xD605, 0xE665, 0xEE65, 0xEE65, 0xEE65, 0xFEA6,
    0xEE44, 0xE5C3, 0xE5A4, 0xDD84, 0xCD03, 0xCCC3, 0xD4E3, 0xD4C3,
    0xBC42, 0xABE3, 0xB3E3, 0xB3E2, 0xA362, 0x92E1, 0x82A1, 0x82A1,
    0x8261, 0x8261, 0x8A80, 0x71E0, 0x69C0, 0x71E0, 0x61A0, 0x5140,
    0x5160, 0x6980, 0x38C0, 0x0800, 0x8820, 0x8841, 0x8860, 0x8860,
    0xA8A1, 0xC102, 0xC922, 0xC962, 0xD183, 0xE1A3, 0xD9C3, 0xC1A2,
    0xA982, 0xB9C2, 0xC9E3, 0xC203, 0xC223, 0xC223, 0xBA23, 0xB223,
    0xAA42, 0xB262, 0xBA83, 0xAA63, 0x9223, 0x8202, 0x79E2, 0x9242,
    0xAAC3, 0xAAC3, 0xAAE3, 0xA2E3, 0x92A2, 0x9AE2, 0x92C2, 0x7A61,
    0xAB62, 0x9322, 0x51C0, 0x5A01, 0x8B02, 0x9B82, 0x8301, 0x72A0,
    0x7AE0, 0x7B20, 0x8BA2, 0x9C03, 0xA443, 0xA463, 0x9C23, 0x8BC3,
    0x7B82, 0x83C2, 0x9403, 0x9423, 0x9443, 0xA4C3, 0xAD24, 0xA504,
    0x9CA3, 0x9483, 0x9CC3, 0xAD43, 0xB584, 0xAD24, 0xAD44, 0xBDE5,
    0xCE45, 0xD686, 0xD6A6, 0xCE45, 0xCE45, 0xCE45, 0xC625, 0xC5E4,
    0xBDA4, 0xBDC4, 0xBDC4, 0xCE04, 0xDE65, 0xD625, 0xCDC4, 0xD5C4,
    0xE645, 0xEE85, 0xEE45, 0xF645, 0xE604, 0xDDC4, 0xDD84, 0xCD03,
    0xCCE3, 0xED84, 0xE564, 0xD4C3, 0xBC23, 0xABA2, 0xA382, 0x9B61,
    0x9B21, 0x9B21, 0x9B01, 0x92C1, 0x8281, 0x8260, 0x8240, 0x61A0,
    0x5160, 0x61A0, 0x61A0, 0x69A0, 0x5960, 0x30A0, 0x1020, 0x0820,
    0x8840, 0x9040, 0xA882, 0xD0E3, 0xD103, 0xC943, 0xC943, 0xC122,
    0xC942, 0xD9C4, 0xD9E4, 0xD1E3, 0xC9E2, 0xD203, 0xCA03, 0xC202,
    0xCA43, 0xBA22, 0xB223, 0xC283, 0xD2A4, 0xCAC3, 0xC2C3, 0xBAA4,
    0xBAC4, 0xAAA3, 0x9A61, 0xA2A1, 0xAAE2, 0xA2C2, 0x8A41, 0x92A2,
    0xC384, 0xB343, 0xA302, 0xAB43, 0xAB63, 0xAB83, 0xBC04, 0xE4C6,
    0xDCE6, 0xCCA4, 0xBC64, 0xBC64, 0xBC85, 0xB464, 0xAC24, 0x9BE4,
    0x9C04, 0xA464, 0xACA4, 0xB4C4, 0xBD45, 0xA4A3, 0x83C2, 0xA4A4,
    0xBD65, 0xBD65, 0xAD04, 0xB565, 0xBDA5, 0xAD44, 0xAD64, 0xB584,
    0xBDC5, 0xC606, 0xBDE5, 0xB5A4, 0xBDE4, 0xC605, 0xC605, 0xB5C4,
    0xC625, 0xD6A6, 0xCE45, 0xCE25, 0xCE05, 0xC5E4, 0xBDA4, 0xC5A4,
    0xD625, 0xD645, 0xD625, 0xD604, 0xD5E4, 0xDE24, 0xEE45, 0xEE25,
    0xE5E4, 0xDD83, 0xCD23, 0xCD03, 0xD503, 0xD504, 0xBC43, 0xABE2,
    0xB3E2, 0xABC2, 0xA382, 0x9B42, 0x8AE1, 0x82A1, 0x7A60, 0x7A60,
    0x8281, 0x8281, 0x7A41, 0x71E0, 0x71E0, 0x71E0, 0x5140, 0x4100,
    0x4920, 0x40E0, 0x1840, 0x0000, 0x6800, 0x8820, 0xC0A2, 0xD903,
    0xC0E2, 0xA8A1, 0xB8E1, 0xC122, 0xD163, 0xD9C3, 0xE1E4, 0xC9C3,
    0xB9A2, 0xC1E2, 0xCA03, 0xC203, 0xC223, 0xC223, 0xC243, 0xCA84,
    0xBA63, 0xB263, 0xB282, 0xC2A3, 0xC2E3, 0xC2E3, 0xCB24, 0xCB44,
    0xC324, 0xBB23, 0xB303, 0xC383, 0xEC64, 0xCBE3, 0xA323, 0xA343,
    0xBBC4, 0xD445, 0xCC44, 0xB3E3, 0xABC3, 0xB424, 0xB444, 0xBC64,
    0xBC84, 0xBCA4, 0xBCC4, 0xBCE5, 0xBCE4, 0xACA4, 0xB4C4, 0xBD25,
    0xCDC5, 0xDE46, 0xE667, 0xCDE6, 0xB545, 0xAD24, 0xAD24, 0xAD64,
    0xC5E5, 0xDEA7, 0xE6E7, 0xD686, 0xB5A4, 0xAD64, 0xB5C4, 0xC625,
    0xD6A6, 0xDEE7, 0xD6C6, 0xD686, 0xCE45, 0xC605, 0xC5E4, 0xCE45,
    0xCE66, 0xCE25, 0xCE25, 0xD645, 0xDE85, 0xDE45, 0xE665, 0xEEA6,
    0xEE86, 0xEE45, 0xE625, 0xE604, 0xE604, 0xE5C4, 0xD564, 0xD523,
    0xC4C2, 0xC482, 0xBC43, 0xBC43, 0xBC23, 0xA382, 0x9B42, 0x9322,
    0x7A61, 0x8280, 0x92E1, 0x8AA1, 0x8A81, 0x8A81, 0x8240, 0x7200,
    0x7A00, 0x8221, 0x71E0, 0x6180, 0x5960, 0x5960, 0x28A0, 0x0000,
    0xB061, 0xA061, 0x8860, 0x8860, 0xA0A1, 0xC0E2, 0xD122, 0xC942,
    0xD162, 0xD182, 0xD1C3, 0xC9C3, 0xC9C3, 0xD203, 0xC1E3, 0xB1C2,
    0xC223, 0xB203, 0xAA03, 0xAA23, 0x9A02, 0x91E2, 0x9A23, 0xAA63,
    0xBAC3, 0xBAE4, 0xBAE4, 0xA283, 0xA283, 0xBB24, 0xBB24, 0xB323,
    0xC383, 0xC3C4, 0xCBC5, 0xCBE5, 0xDC84, 0xE4C5, 0xDCA6, 0xCC65,
    0xC445, 0xCCA4, 0xD4E5, 0xCCE5, 0xCCE5, 0xD545, 0xCD25, 0xBCA4,
    0xB4C4, 0xBD04, 0xCD65, 0xCD86, 0xC565, 0xBD65, 0xC5A6, 0xC585,
    0xBD65, 0xBD85, 0xC5C5, 0xCE25, 0xCE45, 0xCE25, 0xBDC5, 0xB584,
    0xBDC4, 0xC624, 0xCE45, 0xC645, 0xC605, 0xB5A5, 0xBDC5, 0xDEC7,
    0xE707, 0xD686, 0xD665, 0xD665, 0xD686, 0xDEA6, 0xDE86, 0xD666,
    0xDE66, 0xDE66, 0xDE25, 0xDE25, 0xEE66, 0xEE66, 0xEE45, 0xEE25,
    0xEE25, 0xE5E5, 0xDD64, 0xD523, 0xCCE3, 0xBC83, 0xB423, 0xB403,
    0xB403, 0xABC2, 0xA382, 0xA362, 0x9B22, 0xA322, 0xA342, 0x9AE1,
    0x8AA1, 0x8260, 0x8241, 0x8261, 0x8221, 0x71E0, 0x71E0, 0x71E0,
    0x61A0, 0x5940, 0x2880, 0x0820, 0x8020, 0x7840, 0x9061, 0xB8A2,
    0xC8E2, 0xC0E2, 0xB902, 0xC142, 0xD163, 0xD183, 0xD1A3, 0xD1E4,
    0xD1E4, 0xC9E3, 0xC1E2, 0xC223, 0xCA43, 0xAA03, 0x91C2, 0xA202,
    0xAA22, 0x9A23, 0x9A03, 0xBAA3, 0xCAE3, 0xBAC4, 0xA283, 0xAAC3,
    0xBB03, 0x9AA2, 0x9282, 0x9AC3, 0xAB23, 0xB363, 0xB384, 0xAB64,
    0xAB64, 0xA344, 0x9B44, 0xA364, 0xCC65, 0xED46, 0xDD26, 0xB444,
    0x9BA3, 0xAC44, 0xBCA4, 0xBCC4, 0xB4C4, 0xB4A4, 0xB4A4, 0xB4E4,
    0xC545, 0xBD65, 0xBD65, 0xC585, 0xCE06, 0xD626, 0xCE47, 0xD647,
    0xCE26, 0xC605, 0xCE65, 0xEF28, 0xFFC9, 0xDEE7, 0xC625, 0xCE65,
    0xCE86, 0xE707, 0xE727, 0xD686, 0xBDE4, 0xC605, 0xDEC6, 0xDEA6,
    0xCE25, 0xD665, 0xDEA6, 0xE6A6, 0xE6A6, 0xEEE7, 0xF6E7, 0xEE86,
    0xDE04, 0xE645, 0xF6A6, 0xEE45, 0xE5E4, 0xDDA4, 0xD564, 0xD523,
    0xCCC3, 0xC4A3, 0xC4A4, 0xC464, 0xBC23, 0xBC03, 0xBC03, 0xB3C3,
    0x9B42, 0x9301, 0x92E1, 0x92C1, 0x9AE1, 0x9AC1, 0x8A81, 0x8261,
    0x8241, 0x8221, 0x71E0, 0x61A0, 0x6180, 0x69A0, 0x38E0, 0x1040,
    0x7000, 0x8840, 0xA881, 0xB0A1, 0xB0C2, 0xC102, 0xC102, 0xC922,
    0xC942, 0xD182, 0xD1C3, 0xC9C3, 0xC1C3, 0xC9E3, 0xDA23, 0xD223,
    0xB1E3, 0xB203, 0xD284, 0xE2E4, 0xCA84, 0xBA83, 0xCAC4, 0xC2E3,
    0xBAC3, 0xAA83, 0x9A63, 0xBB04, 0xDBA5, 0xC344, 0xB303, 0xB303,
    0xBB64, 0xC3A5, 0xC3C5, 0xCC04, 0xC3E4, 0xC404, 0xC425, 0xBC05,
    0xB3E4, 0xB425, 0xCCC6, 0xCCC5, 0xBC65, 0xBC85, 0xCD25, 0xC525,
    0xA423, 0x9C43, 0xACA4, 0xACC4, 0xB504, 0xBD45, 0xC585, 0xC5A5,
    0xBDA6, 0xBD84, 0xB561, 0xB540, 0xBDA2, 0xC606, 0xCE47, 0xD666,
    0xD6A6, 0xC625, 0xC625, 0xD685, 0xCE66, 0xD6A6, 0xDEC6, 0xD686,
    0xDEA6, 0xDEC6, 0xDEC6, 0xDEA6, 0xDE86, 0xDE85, 0xDE86, 0xE6C6,
    0xEEE6, 0xE685, 0xE665, 0xEE85, 0xEE65, 0xE645, 0xE625, 0xE605,
    0xE5E5, 0xDDA4, 0xDD64, 0xD564, 0xDD64, 0xDD44, 0xDD24, 0xDD04,
    0xD4C4, 0xCC63, 0xC423, 0xC403, 0xB383, 0xA322, 0x92E1, 0x92C1,
    0x8AA1, 0x8A81, 0x8A81, 0x8240, 0x8240, 0x7A21, 0x7A00, 0x71C0,
    0x6180, 0x6180, 0x30C0, 0x1020, 0x7020, 0x8841, 0xB0A2, 0xC0C3,
    0xD0E3, 0xD103, 0xC922, 0xC942, 0xC963, 0xD9A3, 0xD9C3, 0xD9C3,
    0xD9E3, 0xDA03, 0xDA43, 0xDA64, 0xC224, 0xC244, 0xCA63, 0xCA83,
    0xC283, 0xCAA4, 0xD2E4, 0xBAA3, 0xAA83, 0xBAC3, 0xBAE4, 0xAAC3,
    0x9A82, 0x9AA2, 0xA2A3, 0xB323, 0xD404, 0xCBC5, 0xCBC4, 0xE464,
    0xE485, 0xC404, 0xA383, 0xBC04, 0xC445, 0xC445, 0xCCC5, 0xDD25,
    0xE566, 0xD546, 0xBCC5, 0xB484, 0xC505, 0xD5A6, 0xE607, 0xE627,
    0xF6A8, 0xE668, 0xCDE6, 0xCDE7, 0xC5C0, 0xD642, 0xFFB6, 0xFFFC,
    0xFFB0, 0xEEE2, 0xD683, 0xC647, 0xCE25, 0xE727, 0xF7A9, 0xE728,
    0xDEC7, 0xCE86, 0xCE65, 0xCE45, 0xD666, 0xDEC7, 0xE6E7, 0xEEE7,
    0xE6C6, 0xD686, 0xDEA6, 0xE6A6, 0xE6A5, 0xDE65, 0xE665, 0xF6A6,
    0xFF06, 0xF685, 0xE624, 0xF685, 0xEE45, 0xE5C4, 0xDD84, 0xE584,
    0xE5A5, 0xE585, 0xED85, 0xED45, 0xE504, 0xE504, 0xDCA4, 0xBBE3,
    0xA362, 0x9B21, 0xA321, 0xAB42, 0x9AE1, 0x92A1, 0x9281, 0x8241,
    0x8240, 0x8A60, 0x8A41, 0x69A0, 0x4920, 0x5960, 0x38C0, 0x1840,
    0x8020, 0x9041, 0x9881, 0xA081, 0xA8A1, 0xC0E2, 0xC922, 0xD162,
    0xD983, 0xD9E4, 0xE244, 0xE244, 0xE204, 0xE223, 0xDA23, 0xD223,
    0xD244, 0xDA84, 0xDA84, 0xCA64, 0xC284, 0xCAC4, 0xD2E4, 0xCAE4,
    0xC2E4, 0xBAE4, 0xBAC3, 0xB2A3, 0xAAC3, 0xA2C3, 0xB303, 0xB323,
    0xA2E3, 0x9AE3, 0xA323, 0xBBA3, 0xAB63, 0xBBC4, 0xD485, 0xED27,
    0xDCC6, 0xBC44, 0xB424, 0xB424, 0xB444, 0xBCA4, 0xAC43, 0x9C02,
    0xAC64, 0xAC83, 0x9C42, 0x8BE2, 0x9C64, 0xACE4, 0xACC2, 0xAD02,
    0xBD63, 0xCDC4, 0xC5E5, 0xB582, 0xB583, 0xC605, 0xC626, 0xBDC5,
    0xB5A4, 0xBE05, 0xC625, 0xC625, 0xD686, 0xD6A6, 0xD666, 0xD686,
    0xD6A6, 0xDEA6, 0xD686, 0xD686, 0xD665, 0xCE45, 0xDE85, 0xE6A5,
    0xE6A5, 0xEEE6, 0xF6E6, 0xF6A5, 0xEE85, 0xEE65, 0xEE45, 0xF645,
    0xEE25, 0xE5A5, 0xD544, 0xD524, 0xCD04, 0xCCC4, 0xDD04, 0xE524,
    0xDCE4, 0xCC84, 0xBC03, 0xAB83, 0xAB62, 0x9301, 0x82A0, 0x8AA0,
    0x8280, 0x8A81, 0x9AA1, 0x9281, 0x8A61, 0x8241, 0x7A00, 0x71C0,
    0x5980, 0x5960, 0x28A0, 0x0820, 0x7820, 0x8040, 0x9881, 0xC0A2,
    0xC8E2, 0xC0E2, 0xC102, 0xC122, 0xC942, 0xD163, 0xD182, 0xD1C3,
    0xDA03, 0xEA24, 0xE244, 0xDA64, 0xE284, 0xDA83, 0xD264, 0xCA84,
    0xD2C4, 0xCAA3, 0xAA82, 0xBAA3, 0xB283, 0xA263, 0xC304, 0xE3E6,
    0xEBE6, 0xC343, 0xCB63, 0xD3C4, 0xC385, 0xD3E5, 0xD404, 0xBBA4,
    0xBBC4, 0xBBC4, 0xB3C4, 0xB3E3, 0xBC23, 0xC464, 0xC486, 0xC4A6,
    0xCCC5, 0xCCE4, 0xCD05, 0xCD25, 0xC525, 0xBD04, 0xACA3, 0xA462,
    0xB4C3, 0xBD44, 0xC5A4, 0xCDE5, 0xCE06, 0xD627, 0xDE86, 0xCE45,
    0xC5E5, 0xCE26, 0xDEA6, 0xE727, 0xE728, 0xE707, 0xE727, 0xEF48,
    0xD6A6, 0xD6A6, 0xE727, 0xEF48, 0xD6A6, 0xCE45, 0xDEA6, 0xDEE7,
    0xDEC7, 0xDE85, 0xEF07, 0xFF47, 0xF707, 0xEEC6, 0xF6E6, 0xF6E7,
    0xE646, 0xDE25, 0xDE05, 0xDDC4, 0xDDE4, 0xE5E5, 0xE5A4, 0xD524,
    0xC4C3, 0xCCE4, 0xC483, 0xBC23, 0xB402, 0xBC03, 0xB3E3, 0xA383,
    0x9B42, 0x9B01, 0x92C0, 0x8AA0, 0x8260, 0x8261, 0x8A81, 0x8A81,
    0x9281, 0x8A60, 0x69C0, 0x6180, 0x69A0, 0x5960, 0x2880, 0x0820,
    0x8020, 0x9060, 0xA081, 0xA881, 0xB0A2, 0xB8E2, 0xC102, 0xB921,
    0xC962, 0xD9A3, 0xC9A2, 0xD1E2, 0xEA44, 0xE224, 0xD204, 0xC1E3,
    0xC223, 0xC243, 0xCA64, 0xCA84, 0xDAC4, 0xD2C4, 0xBAA4, 0xC2C4,
    0xBAC3, 0xAAA3, 0xC323, 0xCB44, 0xCB43, 0xC343, 0xC364, 0xBB44,
    0xA302, 0xAB43, 0xBBA4, 0xBBA3, 0xCC44, 0xBC04, 0x9B23, 0x8AE3,
    0xABA3, 0xCCA5, 0xCCA6, 0xDD27, 0xEDA7, 0xDD65, 0xCD24, 0xCD45,
    0xDDE7, 0xE604, 0xF666, 0xFF2C, 0xFF4C, 0xE687, 0xCDC3, 0xD605,
    0xDE67, 0xE6A8, 0xE6E7, 0xE6E7, 0xEF48, 0xFFC8, 0xEF67, 0xE727,
    0xEF48, 0xEF68, 0xEF68, 0xEF68, 0xEF68, 0xEF68, 0xEF67, 0xEF67,
    0xEF47, 0xEF47, 0xF768, 0xE706, 0xDEA5, 0xDEA5, 0xFF67, 0xFF88,
    0xF706, 0xDE85, 0xE665, 0xEEC5, 0xF6A5, 0xF6A5, 0xFEC7, 0xFEA7,
    0xFE86, 0xEE05, 0xDD84, 0xDD43, 0xD503, 0xC4A3, 0xB423, 0xABE2,
    0xB3E2, 0xB3C3, 0xABC3, 0xAB82, 0xA361, 0x9B21, 0x92E1, 0x9AE1,
    0x9AE1, 0x92A1, 0x8261, 0x8241, 0x92A1, 0xA2C1, 0x8220, 0x5960,
    0x5140, 0x5940, 0x30A0, 0x1020, 0x6800, 0x6820, 0x8060, 0x9881,
    0xA8A1, 0xA8C1, 0xA0C1, 0xB101, 0xB942, 0xB942, 0x8121, 0x8941,
    0xB9A2, 0xC1C3, 0xC9C2, 0xCA02, 0xCA43, 0xBA24, 0xB224, 0xBA43,
    0xDAC4, 0xCAC3, 0x9A23, 0x89E2, 0x9222, 0xA262, 0xA263, 0x69A1,
    0x5981, 0xAB04, 0xE3E6, 0xEC25, 0xEC65, 0xE464, 0xBBA3, 0x8AA2,
    0x9B04, 0xAB64, 0xB3A3, 0xCC65, 0xCC85, 0xBC65, 0xCCA5, 0xF5A7,
    0xFEA9, 0xFEE9, 0xEDE7, 0xCD25, 0xCD65, 0xDDC5, 0xE605, 0xE627,
    0xEE87, 0xE666, 0xDE44, 0xE686, 0xF728, 0xFF89, 0xEEE6, 0xE6C6,
    0xE6E7, 0xE707, 0xE707, 0xE727, 0xEF68, 0xF788, 0xF788, 0xEF68,
    0xEF67, 0xF7A8, 0xFFE9, 0xFFC9, 0xFFA8, 0xFFA7, 0xFFA8, 0xEF46,
    0xDEC5, 0xDEA4, 0xF726, 0xFFA9, 0xFFA9, 0xFF26, 0xF706, 0xFF49,
    0xFF4A, 0xFF08, 0xFEA5, 0xF685, 0xEE45, 0xEE05, 0xE5A4, 0xE584,
    0xDD44, 0xD504, 0xC463, 0xABE2, 0xA3C2, 0xB3C3, 0xBC03, 0xB3C2,
    0xAB82, 0xAB42, 0x9B22, 0x92E1, 0x8280, 0x8A81, 0x9AA1, 0x9281,
    0x8A60, 0x7A20, 0x71C0, 0x6180, 0x5960, 0x5140, 0x2080, 0x0800,
    0x9861, 0xA881, 0xB8A1, 0xB8A1, 0xC8E2, 0xC923, 0xB923, 0xC143,
    0xC963, 0xD183, 0xD9C3, 0xE1E3, 0xE1E3, 0xD203, 0xCA85, 0xCAA5,
    0xDA44, 0xE284, 0xE2C4, 0xD2A3, 0xDAE4, 0xEB05, 0xF365, 0xF385,
    0xEBA5, 0xDB65, 0xD344, 0xDB84, 0xEBE5, 0xEBE6, 0xD3A4, 0xCBA4,
    0xD3E4, 0xD3E4, 0xEC65, 0xFCC6, 0xDC65, 0xCC24, 0xD484, 0xDCC5,
    0xD485, 0xC465, 0xD4E6, 0xCCE5, 0xC4C4, 0xD544, 0xE5C6, 0xEDE7,
    0xE5C6, 0xF668, 0xF687, 0xDE06, 0xDE06, 0xDE66, 0xEEA7, 0xDE47,
    0xE687, 0xE6C7, 0xD666, 0xDEA7, 0xEF08, 0xE6E8, 0xE6E7, 0xE6E6,
    0xDF07, 0xE727, 0xEF68, 0xF7A9, 0xEF88, 0xF788, 0xFFCA, 0xFFCA,
    0xFFC9, 0xF787, 0xE726, 0xEF26, 0xF767, 0xFF87, 0xFF68, 0xFF68,
    0xFF47, 0xF726, 0xFF27, 0xFF48, 0xFF29, 0xFF07, 0xFEC5, 0xF664,
    0xF665, 0xF646, 0xF626, 0xEDC5, 0xE564, 0xD524, 0xC483, 0xC463,
    0xCC83, 0xC423, 0xBC03, 0xBC03, 0xBBE3, 0xBBC2, 0xB362, 0xA301,
    0x8A81, 0x8261, 0x9281, 0x8A61, 0x8240, 0x8221, 0x8A20, 0x71C0,
    0x4940, 0x4900, 0x2880, 0x0820, 0x6000, 0x7820, 0xA081, 0xB8A2,
    0xB8C2, 0xC102, 0xD143, 0xD983, 0xE1C4, 0xE204, 0xDA04, 0xE204,
    0xEA24, 0xF264, 0xDA44, 0xC223, 0xD243, 0xDA84, 0xD284, 0xCA43,
    0xDAE4, 0xF3A6, 0xEB86, 0xC2A3, 0xA243, 0xC304, 0xF405, 0xFC65,
    0xEBE4, 0xD3A5, 0xDBE5, 0xF445, 0xFC86, 0xFCC7, 0xF507, 0xECA5,
    0xD464, 0xD464, 0xE4C5, 0xDCC5, 0xD4A5, 0xCCA5, 0xCCC5, 0xBC84,
    0xB464, 0xC4A5, 0xE5A7, 0xEDE7, 0xCD65, 0xCD65, 0xCD85, 0xD5C6,
    0xE626, 0xF6E8, 0xFF48, 0xE687, 0xDE66, 0xE6A6, 0xDEA7, 0xDE87,
    0xD667, 0xD647, 0xDEA7, 0xE727, 0xF788, 0xF7A9, 0xFFC9, 0xF7C9,
    0xEF47, 0xE747, 0xEF87, 0xEF67, 0xE727, 0xF768, 0xFFEA, 0xFFC9,
    0xF768, 0xF768, 0xFF68, 0xFF67, 0xFF47, 0xFF48, 0xFF27, 0xFEE5,
    0xFF08, 0xFF2C, 0xFF0A, 0xFEA6, 0xFEA5, 0xFEA7, 0xFE46, 0xFE05,
    0xFDE4, 0xFE26, 0xFE05, 0xF5A5, 0xE504, 0xDCC4, 0xDCA4, 0xDC84,
    0xD443, 0xCC03, 0xC3E3, 0xBB82, 0xA322, 0x92C1, 0x8A60, 0x8240,
    0x8241, 0x8241, 0x8A20, 0x79E0, 0x5960, 0x5120, 0x2080, 0x0800,
    0x7820, 0x8040, 0x8861, 0x8881, 0x90A1, 0xA8C1, 0xC102, 0xC942,
    0xC962, 0xD162, 0xC982, 0xC9C3, 0xD203, 0xE223, 0xE224, 0xE244,
    0xF2A4, 0xEAC4, 0xDAA4, 0xD2A4, 0xC263, 0xC283, 0xCAC4, 0xD304,
    0xDB44, 0xCB23, 0xAAA2, 0x9A62, 0xBB23, 0xF424, 0xE3E3, 0xBB63,
    0xCBA4, 0xD3C4, 0xCBC4, 0xD404, 0xECC5, 0xDCA5, 0xB3E4, 0xABC4,
    0xB3E4, 0xB424, 0xC485, 0xD506, 0xCD05, 0xA3E3, 0x9BE3, 0xB484,
    0xBD05, 0xC505, 0xBD05, 0xC545, 0xBD45, 0xC585, 0xCDE5, 0xCDE5,
    0xCDE5, 0xD626, 0xDE87, 0xDE87, 0xD666, 0xD686, 0xC625, 0xC625,
    0xD6A6, 0xD6A6, 0xDEC7, 0xE728, 0xE727, 0xE727, 0xEF48, 0xEF48,
    0xEF48, 0xE707, 0xDEC6, 0xDEA6, 0xE706, 0xFF88, 0xFF68, 0xF727,
    0xFF47, 0xF727, 0xF706, 0xFF27, 0xFF29, 0xFF0A, 0xF6E9, 0xFEE9,
    0xFECA, 0xFECA, 0xF6AB, 0xF68A, 0xFE47, 0xFE05, 0xF5A5, 0xED65,
    0xED25, 0xF545, 0xF524, 0xE4E4, 0xECC4, 0xE4A4, 0xDC43, 0xCBE3,
    0xB362, 0xA302, 0xA2C1, 0x9AC1, 0x9AA1, 0x8241, 0x8200, 0x69C0,
    0x5160, 0x4920, 0x2080, 0x0800, 0x9041, 0xA881, 0xC0C1, 0xB8C2,
    0xB0C2, 0xB0E2, 0xC902, 0xD143, 0xD9A3, 0xD9C4, 0xD1C3, 0xD1C3,
    0xDA04, 0xEA64, 0xEA65, 0xE264, 0xEA84, 0xE284, 0xDA84, 0xE2E4,
    0xEB04, 0xDAE4, 0xC2C4, 0xD303, 0xE364, 0xE384, 0xF3C5, 0xF3C5,
    0xE3C4, 0xF424, 0xFC65, 0xF445, 0xC3A3, 0xC3C3, 0xE444, 0xEC84,
    0xE485, 0xC3E5, 0xA384, 0xC405, 0xCC65, 0xBC44, 0xBC44, 0xBC44,
    0xBC65, 0xBCA5, 0xC4C5, 0xBCA4, 0xB484, 0xB4A4, 0xBD04, 0xC545,
    0xCD85, 0xBD45, 0xACC4, 0xACE4, 0xB545, 0xBDA5, 0xC5C5, 0xBD85,
    0xAD24, 0xB565, 0xBDE5, 0xCE66, 0xD6A7, 0xCE66, 0xCE46, 0xCE66,
    0xC606, 0xBDC6, 0xC5E5, 0xCE66, 0xDEE7, 0xD6A6, 0xC5E5, 0xCE05,
    0xDE86, 0xE6E7, 0xEF27, 0xF727, 0xFF47, 0xFF47, 0xFF27, 0xFF07,
    0xFEC6, 0xFEC6, 0xFEE6, 0xFEC6, 0xFEA6, 0xFE86, 0xFEA7, 0xFE67,
    0xF5E5, 0xF5A4, 0xF5A5, 0xED45, 0xDCE4, 0xD4A3, 0xD4A4, 0xDCA4,
    0xDC84, 0xCC03, 0xC3E3, 0xCBE3, 0xAB42, 0x9AE1, 0xA301, 0x9AA1,
    0x9261, 0x8A61, 0x8A40, 0x71C0, 0x4920, 0x4920, 0x2880, 0x1020,
    0x7020, 0x8861, 0xB0A1, 0xB8A1, 0xB0C1, 0xB0E1, 0xB901, 0xC142,
    0xC962, 0xD1A3, 0xD9C2, 0xDA03, 0xE223, 0xE224, 0xD1E3, 0xC203,
    0xDA84, 0xF2E5, 0xFB05, 0xE2E4, 0xCA83, 0xBA84, 0xC2A3, 0xB2A2,
    0xB2A2, 0xB2A3, 0xA2A3, 0x8A43, 0x8A43, 0xC344, 0xDBC5, 0xD3A5,
    0xC364, 0xBB63, 0xBBA3, 0xBBC3, 0xBBE4, 0xBBE4, 0xB3E4, 0xB3E3,
    0xBC24, 0xBC25, 0xA3C4, 0x9BA3, 0xA3E3, 0xA3E4, 0xA404, 0xA423,
    0xA443, 0xA443, 0x9C44, 0x9C03, 0x9C43, 0x9C43, 0x9C83, 0xBD45,
    0xBD85, 0xAD24, 0xA504, 0xB564, 0xBDA5, 0xB585, 0xBDA5, 0xC605,
    0xC626, 0xC626, 0xC606, 0xC626, 0xC606, 0xD6A6, 0xE707, 0xD686,
    0xC626, 0xCE26, 0xCE26, 0xDEA6, 0xDEC7, 0xDE66, 0xDEA6, 0xE6C6,
    0xE6C6, 0xD605, 0xCDC4, 0xD605, 0xDE25, 0xDE05, 0xDDE5, 0xE5E5,
    0xDDA4, 0xD584, 0xE584, 0xF604, 0xEDC4, 0xCCE3, 0xC4A3, 0xCCA3,
    0xD4A3, 0xD4A3, 0xC443, 0xB3A3, 0xB3A2, 0xBBC2, 0xBBA2, 0xAB42,
    0x9AE1, 0x9AC1, 0xA2C1, 0x8A61, 0x71E0, 0x61A0, 0x7A00, 0x69C0,
    0x4120, 0x4920, 0x2060, 0x0000, 0x7820, 0x8040, 0x8860, 0x9880,
    0xA8C1, 0xB0E1, 0xB902, 0xB922, 0xB942, 0xB962, 0xB962, 0xC9A3,
    0xEA45, 0xFAE6, 0xEAA4, 0xD1E2, 0xC9E2, 0xCA43, 0xD284, 0xCA84,
    0xD2C4, 0xDAE4, 0xC2C3, 0xA282, 0x9A43, 0xA263, 0xBAE3, 0xC323,
    0xD364, 0xDBC4, 0xA2C2, 0x69E1, 0x7A42, 0x8AA2, 0x9AE3, 0x9B03,
    0x8282, 0x7241, 0x7A82, 0x8B02, 0x9323, 0x9B84, 0xB425, 0xCCE5,
    0xC4C5, 0xA3E4, 0x93C4, 0xA424, 0x9C23, 0x9C23, 0x93C3, 0x8382,
    0x83A2, 0x8C03, 0x9423, 0xA484, 0x9C84, 0x8C23, 0x83C3, 0x83E2,
    0x9463, 0x9CA3, 0x9CE4, 0xA504, 0xA524, 0xAD44, 0xB585, 0xBDE5,
    0xBDC5, 0xB584, 0xAD64, 0xAD85, 0xBDE5, 0xCE46, 0xCE46, 0xCE25,
    0xCE05, 0xCE25, 0xCE05, 0xCE05, 0xCDE5, 0xB523, 0xACE3, 0xBD44,
    0xC544, 0xBD24, 0xBD03, 0xC544, 0xC524, 0xC4E4, 0xBCC3, 0xBCA3,
    0xBC62, 0xBC63, 0xBC63, 0xC463, 0xC463, 0xC443, 0xB3E3, 0xABA2,
    0xBBE3, 0xBBC3, 0xAB62, 0xAB42, 0xAB22, 0xA2E1, 0x8A81, 0x8A61,
    0x8A81, 0x8240, 0x8220, 0x69A0, 0x4100, 0x4920, 0x2080, 0x0000,
    0x7820, 0x8040, 0x9081, 0x9881, 0x98A1, 0xA0C1, 0xB0E2, 0xB922,
    0xC142, 0xC983, 0xC983, 0xD1C3, 0xDA03, 0xE244, 0xF2E7, 0xFB88,
    0xFB67, 0xD263, 0xB9E2, 0xD283, 0xC283, 0xA242, 0x9202, 0xAA63,
    0xBAC3, 0xB2C3, 0xBAE4, 0xDB85, 0xDBA5, 0xBB04, 0xC344, 0xDBC5,
    0xCBC4, 0xAB44, 0xA303, 0xB383, 0xBBC4, 0xB3C4, 0xA384, 0x9B63,
    0x9B83, 0x9B83, 0x8B23, 0x7B02, 0x8323, 0x8363, 0x8362, 0x8362,
    0x8BC3, 0x8BA3, 0x8BC3, 0x9423, 0x8BE2, 0x8BE2, 0x8BE2, 0x8C03,
    0x9443, 0xAD04, 0xC5E6, 0x9CC4, 0x83E2, 0xA504, 0xC606, 0xBDC5,
    0x8C63, 0x7BE2, 0x8C63, 0xAD64, 0xB584, 0xB584, 0xBDC5, 0xC605,
    0xBDE5, 0xC605, 0xCE46, 0xD666, 0xCE26, 0xBDA5, 0xB545, 0xACE4,
    0xAD03, 0xBD84, 0xC584, 0xB504, 0xACA3, 0xACA3, 0xB4A3, 0xAC82,
    0xAC62, 0xAC43, 0xB463, 0xA402, 0x9BC2, 0xAC23, 0xAC03, 0xABE2,
    0xABC2, 0xB3E3, 0xB3E3, 0xB3C2, 0xBBE2, 0xB382, 0xA342, 0xA302,
    0xBB82, 0xC382, 0xA2C1, 0x8A61, 0x9AA1, 0xAAC1, 0x8A41, 0x4920,
    0x2080, 0x38C0, 0x2060, 0x0000, 0x8020, 0x8040, 0x8880, 0x9080,
    0xA8C1, 0xB8E2, 0xB102, 0xB122, 0xB942, 0xC982, 0xD1A2, 0xEA24,
    0xEA65, 0xD1E3, 0xC1C2, 0xC1E2, 0xD222, 0xCA43, 0xDAA4, 0xEB06,
    0xC283, 0xBA63, 0xE304, 0xF386, 0xE366, 0xD325, 0xD364, 0xCB24,
    0xB2E3, 0xA2C3, 0xCB64, 0xEC05, 0xE426, 0xDC25, 0xD405, 0xCC04,
    0xB3A4, 0x9B44, 0x9303, 0x8B03, 0x8B04, 0x9364, 0xAC24, 0xBC65,
    0xB424, 0x8B62, 0x72C1, 0x7B22, 0x9C03, 0x8382, 0x7322, 0x7B42,
    0x7B62, 0x7B63, 0x7342, 0x83A3, 0x9423, 0x9C84, 0xA4C4, 0x9C84,
    0x9CA4, 0xA4E4, 0xA504, 0x9483, 0x8C63, 0xBDC5, 0xD686, 0xC626,
    0xBDE5, 0xBDE5, 0xC5E5, 0xC605, 0xC605, 0xBDE5, 0xC606, 0xCE05,
    0xC605, 0xBDA5, 0xB565, 0xB564, 0xBD64, 0xBD84, 0xBD44, 0xB4E4,
    0xA463, 0x9C42, 0x9422, 0x9402, 0x93E2, 0x9BE2, 0xA402, 0x8B82,
    0x8B62, 0x9BA2, 0x9382, 0x8B41, 0x9362, 0xABC2, 0xB3C2, 0xA362,
    0x9302, 0x9B22, 0xAB62, 0xA322, 0x92C1, 0x8A81, 0x9281, 0x8A61,
    0x8241, 0x8221, 0x79E1, 0x69C0, 0x5980, 0x5120, 0x2060, 0x0000,
    0x7820, 0x7820, 0x8861, 0xA081, 0xB0C1, 0xB0E1, 0xA8E1, 0xB122,
    0xB122, 0xA922, 0xA942, 0xB983, 0xC9C3, 0xD204, 0xCA24, 0xCA44,
    0xDA64, 0xDA84, 0xCA63, 0xC263, 0xC263, 0xC283, 0xAA63, 0x9A23,
    0xAA63, 0xCB24, 0xEBC5, 0xEBC5, 0xE3A5, 0xEBE6, 0xFC67, 0xFCC8,
    0xECA7, 0xCC05, 0xC3A4, 0xC3E5, 0xB3A4, 0xCC25, 0xECE6, 0xDCE6,
    0xBC25, 0xB404, 0xED67, 0xFDE8, 0xFE29, 0xFEEA, 0xFEEA, 0xE5C8,
    0xBCE6, 0xC526, 0xD5A7, 0xCD86, 0xB4E5, 0x9423, 0x8C22, 0xAD04,
    0x83E3, 0x4A41, 0x5AA1, 0x8C43, 0xAD04, 0x8C43, 0x8C43, 0xAD65,
    0xC606, 0xC606, 0xB585, 0xB565, 0xBDC6, 0xC626, 0xD687, 0xDF07,
    0xDEC7, 0xD666, 0xD646, 0xD666, 0xD686, 0xCE25, 0xD645, 0xCDE5,
    0xB545, 0xB524, 0xB524, 0xBD23, 0xACA4, 0x9C23, 0x9C02, 0xA442,
    0x93E2, 0x8381, 0x8B62, 0x8B62, 0x8322, 0x8301, 0x9382, 0xA3C2,
    0x9B82, 0x9322, 0x8B02, 0x9301, 0x9B02, 0x9B01, 0x9B01, 0x9B02,
    0x92A1, 0x8261, 0x8261, 0x8261, 0x8241, 0x8221, 0x79E0, 0x71C0,
    0x69C0, 0x6160, 0x2880, 0x0800, 0x8821, 0x8841, 0x8860, 0x7860,
    0x90A1, 0xB0E2, 0xC102, 0xB902, 0xB122, 0xC163, 0xC9A3, 0xC9C2,
    0xC9E2, 0xC9E3, 0xC1E3, 0xB9E3, 0xBA22, 0xC263, 0xCA43, 0xBA43,
    0xC284, 0xDB05, 0xE325, 0xC2C4, 0xBAC4, 0xB2A4, 0x8A23, 0x8A43,
    0xB304, 0xC344, 0xBB24, 0xB323, 0xB344, 0xAB44, 0xBBA5, 0xEC86,
    0xF4E6, 0xDCA6, 0xCC65, 0xDCC6, 0xDCC6, 0xC445, 0xBC65, 0xB464,
    0xAC43, 0xA423, 0xA404, 0xAC44, 0xBCC4, 0xC525, 0xC545, 0xC545,
    0xC545, 0xBD45, 0xB524, 0xB525, 0xBD45, 0xCDE6, 0xD666, 0xBDA5,
    0xAD24, 0xB565, 0xB585, 0xBDC5, 0xBDE6, 0xBDE6, 0xA525, 0x9CC4,
    0xAD45, 0xD687, 0xE707, 0xC626, 0xB565, 0xBDA5, 0xCE26, 0xCE26,
    0xC5E5, 0xBD85, 0xBD64, 0xC5A5, 0xCE05, 0xD605, 0xCDC5, 0xC585,
    0xC564, 0xC544, 0xCD44, 0xCD64, 0xC504, 0xB4A3, 0xB483, 0xB483,
    0xBC63, 0xAC23, 0xAC03, 0xA3A2, 0x9341, 0x82E1, 0x82C1, 0x9301,
    0xA342, 0x9B22, 0x8AA1, 0x7A40, 0x8261, 0x8AA1, 0x9281, 0x8241,
    0x7A20, 0x7A00, 0x7A00, 0x69C0, 0x5140, 0x5140, 0x2080, 0x0000,
    0x8820, 0x9861, 0xA8A1, 0xA8A1, 0xB8C2, 0xB8E2, 0xA0C1, 0xA0E1,
    0xB121, 0xB962, 0xB982, 0xB983, 0xC9C3, 0xD203, 0xDA23, 0xD243,
    0xBA22, 0xB202, 0xB202, 0xB242, 0xCAA3, 0xC2A3, 0xA222, 0x89E3,
    0x79C2, 0x81E2, 0xA282, 0xA2A2, 0x9262, 0x8A62, 0xB303, 0xDBE5,
    0xE425, 0xD405, 0xD405, 0xD424, 0xCC25, 0xC425, 0xBC04, 0x9B63,
    0xABA4, 0xC465, 0xC4A5, 0xBC85, 0xBC64, 0xB463, 0xC4E4, 0xCD44,
    0xC504, 0xAC64, 0xA444, 0xB4C5, 0xBD25, 0xB504, 0xACC4, 0xB525,
    0xBD65, 0xB564, 0xB565, 0xBDA5, 0xC5E6, 0xCE06, 0xC605, 0xB5A5,
    0xAD65, 0xBDC5, 0xCE26, 0xC606, 0xAD86, 0xBDE6, 0xD666, 0xC605,
    0xBDE5, 0xBDE5, 0xBDC5, 0xBDA5, 0xC605, 0xDEA6, 0xEF07, 0xEEE7,
    0xEEC6, 0xF6E7, 0xF6E7, 0xF6C7, 0xF6C7, 0xF686, 0xEE66, 0xF666,
    0xF646, 0xEE06, 0xE5C5, 0xE585, 0xDD44, 0xD504, 0xD4E4, 0xD4A4,
    0xC463, 0xC423, 0xBC03, 0xABA2, 0x92E1, 0x92E2, 0x9B02, 0xA301,
    0x9AC1, 0x9AC2, 0x9AA2, 0x8A61, 0x7A20, 0x7A01, 0x7A00, 0x6180,
    0x38E0, 0x38C0, 0x2060, 0x1040, 0x9841, 0x9861, 0xA0A1, 0x9880,
    0x9080, 0xA8C1, 0xD963, 0xE1C4, 0xD183, 0xC142, 0xB982, 0xC1A3,
    0xC9C3, 0xB9C2, 0xB1C2, 0xB9E3, 0xD244, 0xCA63, 0xC242, 0xCA83,
    0xCAA4, 0xC284, 0xB2A3, 0xD304, 0xDB44, 0xCB03, 0xC304, 0xBAE4,
    0xBB05, 0xBB44, 0xB303, 0x9AA3, 0x9283, 0x8AA3, 0x7A42, 0x59E1,
    0x6A01, 0x8AE2, 0xB3E4, 0xC445, 0xC465, 0xCCA5, 0xD4E6, 0xDD27,
    0xDD47, 0xCD06, 0xBCC5, 0xB4A4, 0xAC84, 0x9C04, 0xA444, 0xC565,
    0xD606, 0xCDA6, 0xBD45, 0xD627, 0xDE67, 0xCE06, 0xC5E6, 0xBDA6,
    0xC606, 0xDEA7, 0xEF28, 0xDEC8, 0xBDC5, 0xB5A5, 0xBDE6, 0xCE67,
    0xD687, 0xD686, 0xD686, 0xD687, 0xCE66, 0xCE46, 0xDEA7, 0xD666,
    0xC5E5, 0xC606, 0xCE26, 0xDE86, 0xE6A6, 0xE666, 0xD606, 0xD5E5,
    0xE645, 0xEE46, 0xEE46, 0xF646, 0xEE26, 0xE5E5, 0xDD85, 0xE5A5,
    0xEDA5, 0xE585, 0xE565, 0xE525, 0xDCE4, 0xD484, 0xCC64, 0xC423,
    0xAB82, 0x9B02, 0x9AE1, 0xA322, 0x9AE1, 0x8A81, 0x8261, 0x9281,
    0x9AA1, 0x8A41, 0x71E0, 0x5960, 0x4920, 0x4900, 0x1860, 0x0000,
    0x8020, 0x9861, 0xC0A1, 0xC0C2, 0xC8E2, 0xD922, 0xD143, 0xA101,
    0x90E1, 0xB942, 0xD9E4, 0xD1E3, 0xC1C3, 0xDA04, 0xF285, 0xF2A4,
    0xDA63, 0xD283, 0xDAA5, 0xEAE5, 0xF325, 0xF345, 0xEB24, 0xEB64,
    0xE365, 0xD345, 0xB2E3, 0xC322, 0xCB42, 0x9A82, 0x9AA2, 0xB324,
    0xC364, 0xB344, 0x9AE3, 0x8262, 0x7222, 0x6202, 0x6202, 0x7282,
    0x6A41, 0x59E0, 0x6A61, 0x72A2, 0x6A82, 0x6282, 0x8343, 0x9BC4,
    0x9404, 0xAC84, 0xBD25, 0xC545, 0xC587, 0xD5C7, 0xD607, 0xCDE6,
    0xBD85, 0xBD85, 0xC606, 0xC606, 0xB5A5, 0xAD44, 0xBDC5, 0xDEC7,
    0xE708, 0xDEC7, 0xCE46, 0xC605, 0xC646, 0xCE46, 0xCE46, 0xD666,
    0xCE46, 0xC5E6, 0xBDC6, 0xBDC6, 0xC606, 0xD646, 0xC5C5, 0xBD85,
    0xCDE5, 0xCDC5, 0xC5A5, 0xCDA5, 0xDE06, 0xDDE6, 0xCD65, 0xC524,
    0xCD44, 0xDDA5, 0xDD85, 0xC4E4, 0xBC63, 0xC4A3, 0xD4E4, 0xDCE4,
    0xD4C4, 0xD4A4, 0xD484, 0xC403, 0xAB82, 0x9302, 0x8AC1, 0x92C1,
    0xA302, 0xA2E2, 0x7A41, 0x69E0, 0x71E0, 0x7A00, 0x71E0, 0x61A0,
    0x5960, 0x5120, 0x1860, 0x0000, 0x8020, 0x9040, 0x9861, 0x8861,
    0x90A0, 0xA8E0, 0xC101, 0xC922, 0xC943, 0xB942, 0xB162, 0xB9A3,
    0xC9C3, 0xC9C3, 0xB9C2, 0xBA02, 0xCA44, 0xDA84, 0xE2C4, 0xE2C4,
    0xD2A3, 0xA222, 0x89C1, 0xB263, 0xD305, 0xDB65, 0xCB44, 0xCB24,
    0xBB04, 0xA2C3, 0xA2C2, 0xB322, 0xBB63, 0xAB23, 0xAB43, 0xBBA4,
    0xC403, 0xB3C4, 0xA384, 0xABC4, 0xABC4, 0x9343, 0x7AE3, 0x72A3,
    0x7AC2, 0x8322, 0x93C3, 0xA424, 0x9C04, 0x9403, 0x93E2, 0x9422,
    0x9C43, 0x9C63, 0x9C63, 0x9C83, 0xAD05, 0xACE5, 0x9C83, 0xA4E4,
    0xBDC5, 0xBDA5, 0x9484, 0x8C63, 0xB584, 0xBDE5, 0xA544, 0x94C3,
    0xB5A5, 0xC626, 0xB5C5, 0xAD64, 0xB564, 0xB584, 0xB584, 0xC5E5,
    0xCE66, 0xD646, 0xCE26, 0xCE05, 0xCE05, 0xCDC5, 0xCDC5, 0xD605,
    0xE646, 0xDE06, 0xD5A5, 0xDDE5, 0xE5E6, 0xDDA6, 0xD525, 0xD544,
    0xD524, 0xC483, 0xAC03, 0xB403, 0xC443, 0xCC84, 0xC443, 0xABA2,
    0xA362, 0xA342, 0x9B02, 0x92C1, 0x92C1, 0x92C1, 0x8A61, 0x8241,
    0x8A61, 0x9281, 0x7A00, 0x5960, 0x4100, 0x40E0, 0x1840, 0x0000,
    0x9841, 0x9861, 0x9080, 0x8880, 0x9080, 0x98A1, 0x98C1, 0xA0E1,
    0xB122, 0xD1A3, 0xF245, 0xF245, 0xE224, 0xE244, 0xE2A4, 0xF2C4,
    0xFAA4, 0xE263, 0xA1C1, 0x6940, 0xAA22, 0xE304, 0xC2C3, 0xB2A3,
    0xAA82, 0xA282, 0x9A62, 0xAAA3, 0xC324, 0xD384, 0xCB64, 0xB324,
    0xB343, 0xB343, 0xAB42, 0xA342, 0xA342, 0x9B42, 0xA363, 0xABC3,
    0xD4C5, 0xF587, 0xFDC7, 0xDD26, 0xC4C5, 0xCD06, 0xBCC5, 0xA443,
    0x93C3, 0x8BA3, 0x93E4, 0x9424, 0x9403, 0xA484, 0xB504, 0xACE4,
    0x9C83, 0x9C83, 0xA4E4, 0x9CA4, 0x9CA4, 0xAD24, 0xAD24, 0xA504,
    0xAD65, 0xBDE6, 0xC626, 0xBDE6, 0xB5C5, 0xBDE5, 0xCE66, 0xD667,
    0xC606, 0xBDC5, 0xC5E5, 0xCE46, 0xCE05, 0xBD84, 0xCE05, 0xD646,
    0xD606, 0xD626, 0xDE46, 0xE666, 0xEEA7, 0xEE66, 0xDDE5, 0xDDC5,
    0xDDC5, 0xDDA5, 0xD545, 0xC4C4, 0xBC83, 0xBC83, 0xB443, 0xBC43,
    0xC464, 0xBC03, 0xABA3, 0xAB82, 0xB3A2, 0xA342, 0x9B02, 0xA302,
    0xA302, 0x9AC2, 0x9281, 0x9AC2, 0x9AA1, 0x8221, 0x79E0, 0x61A0,
    0x4940, 0x4920, 0x2060, 0x0000, 0x8020, 0x9861, 0xC0A2, 0xD0C2,
    0xD102, 0xC102, 0xB0E2, 0xA902, 0xA102, 0xA102, 0xB962, 0xC9A2,
    0xD1E3, 0xE224, 0xE223, 0xE2A4, 0xDBA7, 0xD366, 0xEAC3, 0xFAE3,
    0xF304, 0xCAE4, 0xBAA3, 0xCAE4, 0xCAE4, 0xC304, 0xCB24, 0xD365,
    0xC324, 0xAAE3, 0xA2C3, 0x9AA2, 0x7A41, 0x8AA2, 0xA323, 0xAB43,
    0xAB63, 0x9B43, 0x8B03, 0x82C2, 0x7A82, 0x7282, 0x7AE2, 0x7B03,
    0x8323, 0x93A3, 0x9BE4, 0x9BE4, 0x93E3, 0x9403, 0x9C43, 0x9C43,
    0x9403, 0x8C03, 0x9444, 0x9C84, 0x8C23, 0x83C3, 0x9C84, 0xBDA5,
    0xC5C5, 0xB564, 0xB585, 0xBDC6, 0xB5A5, 0xA524, 0xB585, 0xCE46,
    0xCE46, 0xB5A5, 0xAD64, 0xBDE5, 0xC626, 0xC606, 0xC606, 0xCE26,
    0xCE26, 0xCE26, 0xCE06, 0xD626, 0xDE66, 0xE6A7, 0xD606, 0xC565,
    0xD5E5, 0xE646, 0xE626, 0xE5E5, 0xDDC5, 0xE5C5, 0xF606, 0xE585,
    0xCCE4, 0xC4A4, 0xBC43, 0xBC23, 0xBC23, 0xB403, 0xB3E3, 0xB3C3,
    0xB3A3, 0xB383, 0xAB62, 0xA302, 0xA302, 0xA2E2, 0x8A61, 0x8240,
    0x8240, 0x7A00, 0x71E0, 0x69A0, 0x6180, 0x5120, 0x2060, 0x0000,
    0x9041, 0x9060, 0x9881, 0x9881, 0xA0A1, 0xA8C1, 0xA8E1, 0xB922,
    0xC963, 0xD183, 0xD1C3, 0xC9C3, 0xC9E3, 0xC9C3, 0xD203, 0xE243,
    0xEA21, 0xE282, 0xD2C4, 0xD2C3, 0xD2C3, 0xDAE4, 0xD304, 0xBAA3,
    0xCAE4, 0xDB65, 0xAAC3, 0xAAE3, 0xD364, 0xDBA4, 0xE3E4, 0xDBE5,
    0xC3A4, 0xC383, 0xBBA3, 0xBBA3, 0xC3E4, 0xBBC4, 0xB3C4, 0xC444,
    0xD4A5, 0xC485, 0xB425, 0xB446, 0xBC86, 0xAC45, 0xA425, 0xAC65,
    0xB484, 0xAC84, 0xACA4, 0xB4C4, 0xAC84, 0x9C44, 0x9443, 0xA4A4,
    0xAD04, 0xB525, 0x9CC4, 0x8C43, 0xA4E4, 0xC606, 0xBDA6, 0xAD45,
    0xBDC5, 0xBDE6, 0xBDE5, 0xC606, 0xCE46, 0xD687, 0xD6C6, 0xE707,
    0xEF68, 0xEF47, 0xD685, 0xC605, 0xCE46, 0xDEC7, 0xE6C7, 0xE686,
    0xDE66, 0xD626, 0xDE45, 0xDE25, 0xCDA5, 0xCD85, 0xD5A5, 0xD585,
    0xD585, 0xD545, 0xC4E3, 0xCD04, 0xDD45, 0xE585, 0xE545, 0xD4C4,
    0xC443, 0xBC03, 0xABC3, 0x9B42, 0x9B22, 0xA342, 0xA322, 0x92C2,
    0x9AC2, 0xA302, 0xA2C1, 0x9AC1, 0x8A61, 0x71E0, 0x6180, 0x5980,
    0x5960, 0x38E0, 0x0800, 0x0000, 0x7820, 0x8840, 0xA081, 0x9081,
    0x98A1, 0xB0E2, 0xC122, 0xB122, 0xA922, 0xB162, 0xD1E3, 0xC9E3,
    0xB9C1, 0xC1E1, 0xEA83, 0xDA83, 0x8160, 0x89E2, 0xB263, 0xB243,
    0xDAC5, 0xEB25, 0xD304, 0xAA83, 0xCB24, 0xFBE6, 0xC304, 0xAAC3,
    0xC324, 0xC344, 0xB323, 0x9AC2, 0x9AE1, 0xC3A2, 0xD424, 0xC3E4,
    0xD424, 0xE4A5, 0xECE5, 0xE4C6, 0xDCC6, 0xDD07, 0xE526, 0xD506,
    0xCD06, 0xCD26, 0xCD05, 0xBCA4, 0xB483, 0xB4C5, 0xB4A5, 0xA484,
    0xBD25, 0xCDC6, 0xC5C5, 0xC585, 0xCE06, 0xD647, 0xC5E6, 0xD667,
    0xE708, 0xEF28, 0xF768, 0xF788, 0xE748, 0xE748, 0xE707, 0xDF07,
    0xEF47, 0xF788, 0xEF68, 0xE727, 0xEF27, 0xF789, 0xFFCB, 0xFFCA,
    0xF767, 0xEF27, 0xFF48, 0xFF68, 0xF707, 0xF6E6, 0xFF07, 0xFF27,
    0xE645, 0xD584, 0xCD65, 0xD585, 0xCD45, 0xC505, 0xDD65, 0xF606,
    0xFE26, 0xFE06, 0xF5A5, 0xE545, 0xD4A4, 0xCC63, 0xC423, 0xB3C3,
    0xA362, 0x9B22, 0x9B02, 0xA322, 0xA302, 0x9AE1, 0x8A61, 0x8241,
    0x7A21, 0x7A00, 0x7A00, 0x6180, 0x40E0, 0x28A0, 0x1040, 0x0800,
    0x8820, 0x8841, 0x8861, 0x7840, 0x9060, 0xB0C1, 0xA8C0, 0x7880,
    0x78A0, 0x98C0, 0x98E0, 0x78A0, 0x60A0, 0x8120, 0xB1A1, 0xB1C1,
    0x7941, 0x7962, 0xA9E2, 0xCA84, 0xB263, 0x89C1, 0x81C1, 0xA262,
    0xB282, 0x9A01, 0x79A1, 0x9242, 0xBB24, 0xBB43, 0xCB63, 0xCBA3,
    0xBB83, 0xA303, 0x92E3, 0x9B21, 0xBBE2, 0xCC23, 0xC425, 0xD487,
    0xC466, 0xC465, 0xF5A7, 0xFDE7, 0xDD25, 0xC4A2, 0xCCE4, 0xE5C6,
    0xE627, 0xDE06, 0xCD85, 0xC564, 0xD5E5, 0xD606, 0xCDC6, 0xCDC6,
    0xC5C6, 0xD647, 0xF748, 0xF768, 0xDE86, 0xC606, 0xDEC7, 0xF789,
    0xEF68, 0xF787, 0xF788, 0xEF68, 0xF7A9, 0xFFC9, 0xFFEA, 0xFFC8,
    0xFFC8, 0xFFCA, 0xFFEE, 0xFFCC, 0xFFA8, 0xFF67, 0xFF68, 0xFF89,
    0xFF89, 0xFF67, 0xFF48, 0xFF8B, 0xFF4A, 0xFEE7, 0xFEA5, 0xF645,
    0xF625, 0xFE66, 0xFE87, 0xFE26, 0xFE26, 0xFE47, 0xFDE6, 0xED45,
    0xDCE4, 0xD4A4, 0xCC83, 0xC403, 0xB3A3, 0xA342, 0x9B02, 0x9AE2,
    0x92C1, 0x92A1, 0x8A61, 0x8A61, 0x7A20, 0x69C0, 0x5980, 0x5120,
    0x38C0, 0x2060, 0x0820, 0x0800, 0xA061, 0xA061, 0xB881, 0xD0E2,
    0xC943, 0xB964, 0xD184, 0xFA25, 0xFA45, 0xFA24, 0xFAE7, 0xFB48,
    0xF307, 0xF285, 0xE265, 0xE2C5, 0xFAE5, 0xFB04, 0xEAA3, 0xCA83,
    0xD2C4, 0xE326, 0xEB26, 0xEB46, 0xF3C7, 0xFCA9, 0xFCEA, 0xFCA8,
    0xFC24, 0xEBA3, 0xF424, 0xEC66, 0xD3C4, 0xE425, 0xEC65, 0xDC44,
    0xECC6, 0xFD48, 0xF548, 0xED67, 0xF545, 0xFDA6, 0xFEAD, 0xFF51,
    0xFF50, 0xFEEC, 0xFEAA, 0xFE89, 0xFEA8, 0xF687, 0xF687, 0xF6A8,
    0xF6A8, 0xF6C8, 0xF708, 0xF708, 0xF728, 0xEF07, 0xDEA7, 0xBDA5,
    0xBDA5, 0xD667, 0xDEC7, 0xDEC6, 0xDEE6, 0xF768, 0xF7A9, 0xF788,
    0xEF88, 0xF788, 0xF7A8, 0xFFC9, 0xFFCA, 0xF7A8, 0xF767, 0xFF87,
    0xFF89, 0xF748, 0xF727, 0xEF06, 0xEEE7, 0xF707, 0xF707, 0xFF08,
    0xFF29, 0xFEE8, 0xF6A6, 0xFEC8, 0xFEC8, 0xFE87, 0xF605, 0xFE26,
    0xFE47, 0xFE06, 0xF5C5, 0xF565, 0xED05, 0xD4C4, 0xD4A4, 0xD464,
    0xC423, 0xB3A2, 0x9B02, 0x92C1, 0x92C1, 0x92C1, 0x8A81, 0x8241,
    0x71E0, 0x61A0, 0x5980, 0x5160, 0x4920, 0x38E0, 0x1840, 0x0800,
    0x8040, 0x9061, 0xA081, 0x9081, 0x8881, 0x7881, 0x6860, 0x7881,
    0xA103, 0xC163, 0xB982, 0xA941, 0xB182, 0xDA03, 0xF284, 0xEAC5,
    0xD284, 0xDA84, 0xEAC5, 0xF387, 0xFC28, 0xFCAA, 0xFD0C, 0xFCEA,
    0xF468, 0xFC06, 0xFC26, 0xFC68, 0xECAA, 0xEC89, 0xEBE5, 0xEBE3,
    0xECA5, 0xF4E6, 0xF4A6, 0xE486, 0xE486, 0xDC85, 0xE4E6, 0xFDC9,
    0xFE2A, 0xFDC8, 0xED67, 0xE567, 0xE5A7, 0xEDC6, 0xE5C5, 0xE5C5,
    0xEE46, 0xF648, 0xEE48, 0xEE67, 0xDE46, 0xD605, 0xD605, 0xD606,
    0xD606, 0xD626, 0xD646, 0xDEA7, 0xE6E7, 0xE6E7, 0xE6E7, 0xE727,
    0xE707, 0xD6A6, 0xCE85, 0xD6A6, 0xDF07, 0xE727, 0xEF47, 0xEF68,
    0xEF47, 0xE727, 0xEF48, 0xF768, 0xF768, 0xF768, 0xFF68, 0xFF48,
    0xF707, 0xEEC7, 0xEEC6, 0xF6A6, 0xF6A6, 0xF6A6, 0xFEC6, 0xFF09,
    0xF667, 0xE5A5, 0xE5C5, 0xF5E6, 0xEDA5, 0xE544, 0xED65, 0xFDA5,
    0xFD85, 0xDCC4, 0xD484, 0xD464, 0xCC23, 0xB382, 0x92E1, 0x92E1,
    0x9AE2, 0xA302, 0xA2C1, 0xA2C1, 0x9281, 0x7A00, 0x61A0, 0x5140,
    0x4900, 0x4900, 0x2060, 0x0000, 0x9040, 0x9060, 0x9881, 0x9861,
    0xB8C2, 0xC922, 0xC122, 0xB101, 0xA921, 0xB141, 0xA141, 0xA982,
    0xB9C3, 0xB1A2, 0xB1A2, 0xC1E3, 0xCA23, 0xBA23, 0xAA03, 0xB222,
    0xCA62, 0xDAA2, 0xCA61, 0xA201, 0x91E2, 0xA263, 0xBAE3, 0x9A60,
    0x79E0, 0xAAC2, 0xBB23, 0xD3A4, 0xEC86, 0xE446, 0xCBC4, 0xB383,
    0xB3A4, 0xB3C4, 0xB3E4, 0xBC04, 0xBC24, 0xC465, 0xD506, 0xD4E5,
    0xBC64, 0xB444, 0xBCA5, 0xCD46, 0xD586, 0xD586, 0xCDA5, 0xD5C5,
    0xC565, 0xA4A4, 0x9443, 0xA4C4, 0xB525, 0xB545, 0xB565, 0xBDA5,
    0xCE26, 0xD666, 0xCE66, 0xC625, 0xBDE4, 0xC625, 0xCE65, 0xD686,
    0xD6A6, 0xD6C7, 0xE707, 0xEF88, 0xF788, 0xF768, 0xF768, 0xF748,
    0xEF48, 0xF728, 0xEF28, 0xEF07, 0xEEE7, 0xFF27, 0xFF48, 0xFF07,
    0xEE86, 0xE605, 0xD5A5, 0xCD85, 0xDDA5, 0xE5C5, 0xDD65, 0xD545,
    0xDD45, 0xD504, 0xB423, 0xA3C2, 0xBC23, 0xCC63, 0xD483, 0xC403,
    0xBBE2, 0xB382, 0xB382, 0xC3A3, 0xB363, 0x9AC1, 0x8A60, 0x8240,
    0x8A61, 0x9261, 0x7A00, 0x6180, 0x5120, 0x40E0, 0x2060, 0x0820,
    0x7020, 0x8841, 0xA8A1, 0xB8A1, 0xB8C2, 0xB922, 0xC183, 0xE1E4,
    0xFA25, 0xF226, 0xD9C4, 0xC9A2, 0xDA03, 0xEA44, 0xEA84, 0xEAA4,
    0xF2C4, 0xE2A4, 0xDAA4, 0xEAC5, 0xEB25, 0xCAE4, 0xC2C4, 0xE345,
    0xFBC6, 0xEBA5, 0xBB03, 0xAAA3, 0xB2E4, 0xCB64, 0xBB44, 0xA2C3,
    0x92A2, 0xA302, 0xBBA3, 0xC3E4, 0xC3E4, 0xCC25, 0xDCA5, 0xDCC5,
    0xDCE5, 0xDD06, 0xD4E6, 0xC4A5, 0xC4C5, 0xD546, 0xDD66, 0xCD26,
    0xBCE5, 0xACA4, 0xACA5, 0xB4C5, 0xACA4, 0xB505, 0xBD45, 0xACE4,
    0xA4C4, 0xAD25, 0xAD45, 0xAD24, 0xAD25, 0xB565, 0xB584, 0xAD64,
    0xA523, 0xBDC5, 0xBDC5, 0xB584, 0xB5A4, 0xC625, 0xDEA6, 0xDEC7,
    0xDEC7, 0xE707, 0xEF48, 0xEF28, 0xE6E7, 0xEEE7, 0xE6A7, 0xE6A7,
    0xF707, 0xFF47, 0xF707, 0xEEA6, 0xEE66, 0xE626, 0xD5A5, 0xBCE5,
    0xC524, 0xD565, 0xCD04, 0xCCE4, 0xCCC4, 0xC4C4, 0xAC03, 0xABC2,
    0xB403, 0xB403, 0xB3C2, 0xAB82, 0xB3C3, 0xB383, 0x9B22, 0x92C1,
    0x92A0, 0x92A1, 0x8241, 0x7A00, 0x7A20, 0x8A40, 0x61A0, 0x4100,
    0x38C0, 0x4920, 0x28A0, 0x0820, 0x6000, 0x5800, 0x6040, 0x9080,
    0xA8C1, 0xA8C1, 0xA8A1, 0xB0E1, 0xB922, 0xB142, 0xB982, 0xB181,
    0xB1C1, 0xD202, 0xE223, 0xE263, 0xE2A3, 0xEB03, 0xE2E3, 0xBA42,
    0xBA63, 0xCAC4, 0xCAE4, 0xBAA3, 0xAA82, 0xB2C3, 0xB2C3, 0xB2C3,
    0xAAC3, 0xAAE2, 0xAAE2, 0xB323, 0xBB63, 0xBB84, 0xBBA4, 0xBBA3,
    0xAB83, 0xAB83, 0xB3C3, 0xABC3, 0xABC3, 0xABE4, 0xBC65, 0xC4A5,
    0xBC85, 0xB464, 0xB484, 0xBCC5, 0xBD05, 0xCD45, 0xC525, 0xB4E4,
    0xBD25, 0xB525, 0xA484, 0x83C2, 0x83E2, 0x9464, 0x9CA4, 0x9C84,
    0x9463, 0x9483, 0xA504, 0xAD44, 0x9CE4, 0xA524, 0xA524, 0xA524,
    0xAD64, 0xAD85, 0xB5A5, 0xC5E5, 0xCE45, 0xD6A6, 0xDEC7, 0xE6E7,
    0xE6E7, 0xE6C7, 0xEEE7, 0xEEE7, 0xEEC7, 0xE686, 0xDE66, 0xEEA6,
    0xFEE7, 0xFEC7, 0xEE46, 0xDDC5, 0xE5E5, 0xEE06, 0xEDC6, 0xCCE4,
    0xB443, 0xBC64, 0xB423, 0xAC02, 0xABE2, 0xB3C2, 0xABA3, 0xA363,
    0xAB62, 0xAB62, 0xA342, 0xA302, 0x9AE1, 0x8AA0, 0x8A60, 0x8A61,
    0x8A41, 0x8221, 0x61A0, 0x4940, 0x4900, 0x5120, 0x2060, 0x0000,
    0x6800, 0x7840, 0x9061, 0x8060, 0x7860, 0x88A1, 0xA0E2, 0x98E2,
    0x90E1, 0x9921, 0xA161, 0xB182, 0xB9A2, 0xC1C2, 0xB9C2, 0x99A1,
    0x7940, 0x8161, 0xA1C3, 0xB243, 0xCAA4, 0xB262, 0x81C0, 0x79C0,
    0x9221, 0xAA83, 0xBAE3, 0xCB24, 0xD344, 0xD385, 0xC364, 0xB303,
    0x92C2, 0x92C2, 0x92C2, 0x8AC2, 0x92E2, 0x9B23, 0xA384, 0xABC4,
    0xC425, 0xD4A5, 0xCCC5, 0xC4A4, 0xAC24, 0x9383, 0x93A3, 0x9C24,
    0xA443, 0xAC64, 0xAC64, 0x9C44, 0x83C2, 0x83A2, 0x9C63, 0xACE5,
    0xA4A4, 0x9443, 0x9483, 0x9CC4, 0x94A3, 0x9483, 0x9CA3, 0x9483,
    0x7BE2, 0x8443, 0xA524, 0xBDC5, 0xA544, 0x9CC3, 0xAD44, 0xCE66,
    0xD666, 0xBDC5, 0xB584, 0xCE45, 0xE6E7, 0xDEA6, 0xDE86, 0xD646,
    0xD626, 0xDE66, 0xE686, 0xE666, 0xE646, 0xDE05, 0xDDE5, 0xDDE5,
    0xE5E6, 0xDD65, 0xB483, 0xA403, 0xA403, 0xB443, 0xA3E2, 0x9362,
    0x9342, 0x9B62, 0xA362, 0xA362, 0xAB82, 0xA362, 0xA322, 0xAB42,
    0xAB22, 0x9AC1, 0x8241, 0x8241, 0x8241, 0x8240, 0x8200, 0x69C0,
    0x5140, 0x38E0, 0x1020, 0x0000, 0x7020, 0x8040, 0x9060, 0x8060,
    0x7880, 0x90A1, 0xB0E2, 0xC122, 0xB942, 0xA941, 0x8901, 0x7900,
    0x9161, 0xB1A2, 0xCA03, 0xE264, 0xEAA4, 0xE2A4, 0xD2A3, 0xCAA3,
    0xD2C4, 0xC283, 0xA243, 0xA242, 0xA262, 0x9A42, 0x9242, 0x8A22,
    0x9263, 0xAAE3, 0xAAE3, 0x9AA3, 0x92C3, 0xA303, 0xB364, 0xB364,
    0xB384, 0xA363, 0x9323, 0x9323, 0x9B63, 0xA3A3, 0xA3C4, 0xAC04,
    0xB444, 0xA404, 0x93A3, 0x8B83, 0x8BA3, 0x8382, 0x7B62, 0x7B82,
    0x7B82, 0x83C3, 0x7BA2, 0x5AC1, 0x6301, 0x8C23, 0x9CA4, 0x9483,
    0x9483, 0x9CE4, 0x9CC4, 0xA504, 0xB584, 0xAD44, 0x9D03, 0xA543,
    0xBDE5, 0xCE46, 0xC625, 0xBDE5, 0xBE05, 0xCE46, 0xD666, 0xD666,
    0xD666, 0xD666, 0xDE66, 0xD646, 0xD645, 0xE686, 0xDE46, 0xD5E5,
    0xCDA5, 0xD5A5, 0xDDC5, 0xDDA6, 0xDDA5, 0xCD24, 0xB463, 0xAC22,
    0xA402, 0x9BC2, 0x8B42, 0x9362, 0xA3A3, 0xA3A3, 0x9B62, 0x9B42,
    0xA342, 0x9B02, 0x8AC1, 0x92E1, 0x92C1, 0x9AC2, 0xA2E2, 0x8A61,
    0x8240, 0x9261, 0x8200, 0x5960, 0x38E0, 0x30C0, 0x1840, 0x0000,
    0x6000, 0x6820, 0x8060, 0x9080, 0xA8C1, 0xA8C1, 0x98C1, 0xA901,
    0xA101, 0x9101, 0xA962, 0xC1A2, 0xB9C2, 0xB1A2, 0xB1C2, 0xC223,
    0xC222, 0xBA22, 0xBA43, 0xC263, 0xD2C3, 0xE304, 0xDB04, 0xC2C3,
    0xBAA3, 0xC303, 0xC303, 0xCB44, 0xC344, 0xC344, 0xB303, 0xBB23,
    0xD3C4, 0xD3E4, 0xBB83, 0xA323, 0x9303, 0xA363, 0xC424, 0xED27,
    0xD4A6, 0xB424, 0xD4E6, 0xD506, 0xBC86, 0xB465, 0xB485, 0xB4A4,
    0xAC84, 0xB4A4, 0xC526, 0xBD45, 0xB4E4, 0xACE4, 0xBD45, 0xBD45,
    0xB544, 0xAD04, 0x9CC4, 0xA4C4, 0xA4C4, 0x94A3, 0x9483, 0xA504,
    0xBDC5, 0xBDE5, 0xB5C5, 0xB5C5, 0xBE05, 0xC625, 0xBE05, 0xBE05,
    0xCE26, 0xD666, 0xD686, 0xD666, 0xD646, 0xDE86, 0xDE65, 0xD645,
    0xD646, 0xD626, 0xDE06, 0xDE06, 0xD5C5, 0xDDE6, 0xE626, 0xDDC5,
    0xB4A3, 0x93C2, 0x9BC3, 0xA403, 0xA403, 0xA3E3, 0x9362, 0x8B21,
    0x9362, 0x9B62, 0xA382, 0xA383, 0xA363, 0xA342, 0xAB42, 0xAB43,
    0x9AE2, 0x9AC1, 0xA2E2, 0x9281, 0x8241, 0x7A01, 0x71E0, 0x5960,
    0x38E0, 0x30C0, 0x1020, 0x0000, 0x5000, 0x6020, 0x7860, 0x8061,
    0x8881, 0x90C1, 0x80A1, 0x90E1, 0xA101, 0xA942, 0xC1A2, 0xC1A2,
    0xB9A2, 0xB9C2, 0xB9C3, 0xB1E3, 0xA9C2, 0xB203, 0xAA02, 0x99E1,
    0x81C0, 0x81C0, 0x89E1, 0x9202, 0xAA83, 0xC304, 0xB2C3, 0xBB03,
    0xCB43, 0xB303, 0xBB43, 0xCBA4, 0xC383, 0xAB22, 0x9B02, 0xA343,
    0xBBE4, 0xC405, 0xB3C4, 0xABC4, 0x9B63, 0x7AC2, 0x7AE2, 0x7AE2,
    0x8342, 0x9BE3, 0x8B82, 0x7B42, 0x8BC3, 0x9C24, 0xA443, 0x9C43,
    0xA463, 0x9423, 0x83E2, 0x9C83, 0xACE4, 0xACE4, 0xA4A3, 0xAD24,
    0xBDE5, 0xCE25, 0xC605, 0xBDE4, 0xBDE5, 0xBDC5, 0xC605, 0xC626,
    0xBDE5, 0xC625, 0xDEA6, 0xDEA6, 0xCE66, 0xD685, 0xDEA6, 0xC5E5,
    0xBDC4, 0xDE86, 0xD646, 0xCE05, 0xD625, 0xCDE5, 0xD5E5, 0xDE05,
    0xDE06, 0xDE06, 0xD585, 0xBCE3, 0xAC62, 0xA422, 0xAC63, 0xB443,
    0xAC23, 0xAC03, 0xA3C2, 0xA3C2, 0xB3E3, 0xABA2, 0xABA2, 0xABA2,
    0xA362, 0xA342, 0xAB62, 0xBB82, 0xAB22, 0x8A81, 0x7A21, 0x8241,
    0x8A61, 0x7A00, 0x61A0, 0x5140, 0x38C0, 0x2060, 0x0800, 0x0000,
    0x7820, 0x7840, 0x8060, 0x8060, 0x9081, 0x98A1, 0xA8C1, 0xC122,
    0xB962, 0x9921, 0x8901, 0xA162, 0xC9C3, 0xC1C3, 0xB9C2, 0xC203,
    0xD243, 0xD283, 0xCA84, 0xD2A4, 0xE2E5, 0xE305, 0xE344, 0xFBA4,
    0xF384, 0xD323, 0xC303, 0xBB03, 0xBB23, 0xB302, 0xB323, 0xB323,
    0xAB24, 0xCBC5, 0xE466, 0xE445, 0xC405, 0xBBE4, 0xC425, 0xD4A6,
    0xD4A5, 0xC465, 0xC485, 0xCCE6, 0xC4C6, 0xA405, 0xB465, 0xDD66,
    0xE606, 0xD5C6, 0xBD25, 0xB504, 0xCDA6, 0xE647, 0xDE46, 0xCDC5,
    0xC5E5, 0xD666, 0xD666, 0xCE25, 0xC5E5, 0xC606, 0xC5E5, 0xBDC5,
    0xBDE5, 0xBDE5, 0xC625, 0xC645, 0xC625, 0xA524, 0x94C3, 0xBDE5,
    0xD6A6, 0xD666, 0xCE46, 0xDE86, 0xEF07, 0xE707, 0xD666, 0xD626,
    0xDE66, 0xDE45, 0xDE46, 0xDE45, 0xC585, 0xD5A5, 0xEE26, 0xE626,
    0xCD44, 0xAC62, 0xB482, 0xC4C3, 0xC4C3, 0xC482, 0xBC42, 0xC462,
    0xCC83, 0xCC63, 0xC423, 0xBBE2, 0xB3A1, 0xB3A1, 0xC3C2, 0xC3E2,
    0xBB82, 0xA2E2, 0x8A61, 0x7A01, 0x7A00, 0x71E0, 0x38E0, 0x1840,
    0x2080, 0x2080, 0x0820, 0x0000, 0x7020, 0x9061, 0xA881, 0xA081,
    0xA0E2, 0xB963, 0xD183, 0xD963, 0xC943, 0xC983, 0xE203, 0xE223,
    0xCA03, 0xB9E3, 0xC223, 0xCA44, 0xC243, 0xC283, 0xBA63, 0x99C1,
    0x7940, 0x89C1, 0xAA84, 0xA284, 0x9242, 0x9A61, 0xB2C2, 0xCB43,
    0xCB64, 0xC363, 0xDBE4, 0xF445, 0xD3E5, 0xB363, 0xB343, 0xCBE5,
    0xECC7, 0xE4A6, 0xC445, 0xD4A6, 0xE527, 0xE526, 0xC485, 0xBC65,
    0xC4A5, 0xD524, 0xE5A6, 0xDDA6, 0xCD45, 0xCD86, 0xDDC6, 0xD5C6,
    0xCDA6, 0xC5A5, 0xCDC5, 0xDE46, 0xCE06, 0xC5A5, 0xCE26, 0xC605,
    0xBDC5, 0xCE26, 0xD667, 0xC626, 0xB5C5, 0xCE46, 0xDEC7, 0xDEC7,
    0xD686, 0xCE46, 0xCE65, 0xE726, 0xDEC6, 0xCE66, 0xDEE7, 0xEF28,
    0xE707, 0xDEA6, 0xE6C6, 0xE6C6, 0xE686, 0xDE86, 0xDE45, 0xDE25,
    0xDE05, 0xE625, 0xE625, 0xE605, 0xE5C5, 0xE5A4, 0xE5A3, 0xE5A3,
    0xE564, 0xDD43, 0xE523, 0xE523, 0xDCE3, 0xD4A3, 0xDC83, 0xE4A3,
    0xE4A3, 0xD443, 0xCBE2, 0xC3C2, 0xBB62, 0xAB02, 0x8A81, 0x7200,
    0x69C0, 0x69C0, 0x4920, 0x30C0, 0x30A0, 0x2060, 0x0000, 0x0000,
    0x6000, 0x6000, 0x7860, 0x9880, 0xB0A1, 0xB0A1, 0xB8E1, 0xC121,
    0xD161, 0xD181, 0xC9A1, 0xC9A2, 0xD180, 0xD160, 0xC920, 0xD180,
    0xEA41, 0xE9E0, 0xE200, 0xE345, 0xD3E8, 0xD345, 0xE220, 0xD260,
    0xD323, 0xDB64, 0xB2C1, 0xB2C1, 0xCB42, 0xC343, 0xAAC3, 0xA2C3,
    0xC385, 0xCBE5, 0xB384, 0x9B03, 0xC3E5, 0xECE7, 0xDCC6, 0xC425,
    0xBC25, 0xD4E6, 0xE567, 0xDD46, 0xCCE5, 0xCCE5, 0xCD06, 0xCD25,
    0xD585, 0xD586, 0xD5C6, 0xE626, 0xE626, 0xD606, 0xCDC6, 0xD646,
    0xD665, 0xD646, 0xDEC7, 0xDEA7, 0xCE46, 0xBDC5, 0xCE46, 0xE707,
    0xE707, 0xDEE7, 0xDF07, 0xE747, 0xDEE6, 0xDF07, 0xEF48, 0xEF68,
    0xEF48, 0xEF27, 0xEF47, 0xEF27, 0xEF27, 0xF747, 0xF747, 0xF727,
    0xEF07, 0xEEC7, 0xF6E7, 0xFF07, 0xFEC6, 0xF6A6, 0xF6A6, 0xF685,
    0xFEA5, 0xFE65, 0xF625, 0xEDC4, 0xEDA4, 0xF5E5, 0xF5A5, 0xF584,
    0xED24, 0xE4E4, 0xDCC4, 0xD463, 0xC403, 0xCC03, 0xCC03, 0xB382,
    0xA322, 0x9AC2, 0x8261, 0x7200, 0x7A00, 0x79E0, 0x5160, 0x28A0,
    0x1860, 0x2880, 0x1840, 0x0000, 0x9841, 0xB061, 0xD0C1, 0xD0C2,
    0xC901, 0xD963, 0xE9E5, 0xFA46, 0xF246, 0xE226, 0xF286, 0xFAA5,
    0xFB47, 0xFD2F, 0xFE13, 0xFD90, 0xFD0C, 0xFCCC, 0xFD70, 0xFDF2,
    0xFD8F, 0xFD0D, 0xF50C, 0xECA9, 0xFC05, 0xFBC5, 0xF426, 0xEC26,
    0xEBE5, 0xE3C4, 0xEBE4, 0xE424, 0xEC45, 0xDC25, 0xEC66, 0xFD27,
    0xFD27, 0xECC6, 0xE4E6, 0xF568, 0xF588, 0xED47, 0xED46, 0xF5C8,
    0xFE2A, 0xF5E8, 0xEDC7, 0xEE07, 0xF669, 0xE628, 0xDDE6, 0xE627,
    0xE667, 0xEEA7, 0xEEC7, 0xEEC7, 0xE686, 0xDE86, 0xE6E7, 0xEF27,
    0xEF27, 0xF768, 0xFFA9, 0xFFC9, 0xF768, 0xE707, 0xDEC7, 0xDF07,
    0xEF68, 0xEF68, 0xE707, 0xDEE6, 0xEF27, 0xF788, 0xF768, 0xEF67,
    0xF767, 0xFF68, 0xF768, 0xF727, 0xF727, 0xFF27, 0xFF27, 0xF6E7,
    0xF6C6, 0xFEC7, 0xFEE7, 0xFEA6, 0xFE85, 0xFE65, 0xFE46, 0xF606,
    0xF5E5, 0xFE06, 0xED85, 0xDD04, 0xDCE4, 0xD4A4, 0xD484, 0xCC23,
    0xA362, 0x9B21, 0xAB42, 0xB362, 0xAB22, 0x92A2, 0x7A21, 0x7200,
    0x71E0, 0x61A0, 0x4940, 0x4100, 0x4100, 0x38E0, 0x1860, 0x0000,
    0x6820, 0x7840, 0x9060, 0x9881, 0x88C2, 0x9903, 0xB922, 0xC962,
    0xA901, 0x7060, 0x80C0, 0xA960, 0xC1C0, 0xC1A0, 0x78A0, 0x48A0,
    0x8203, 0xBAC4, 0xC326, 0xB389, 0xB368, 0xDB85, 0xFC07, 0xF427,
    0xEBE6, 0xF363, 0xF3A4, 0xF3E5, 0xFC25, 0xFC45, 0xE3E4, 0xDBE4,
    0xE425, 0xCBE5, 0xC3A4, 0xC3E4, 0xAB64, 0xBBA4, 0xDC64, 0xECE5,
    0xE4E6, 0xDD06, 0xF585, 0xFDE7, 0xF64A, 0xFE69, 0xFE69, 0xFEAB,
    0xFF0D, 0xFF0B, 0xFEE8, 0xFEE8, 0xF6A7, 0xEEC8, 0xF6E8, 0xE6A7,
    0xDE66, 0xDE65, 0xDEA6, 0xD665, 0xD665, 0xEF27, 0xE707, 0xD686,
    0xD6A6, 0xEF67, 0xF7A8, 0xEF48, 0xE747, 0xEF47, 0xEF67, 0xF768,
    0xEF48, 0xEF47, 0xEF27, 0xEF47, 0xEF47, 0xE6E7, 0xEEE7, 0xEEE7,
    0xE6A6, 0xE666, 0xE666, 0xE666, 0xEE66, 0xE625, 0xDDE5, 0xDDC5,
    0xE5E5, 0xDDA5, 0xD545, 0xD544, 0xDD64, 0xE544, 0xCCA3, 0xBC43,
    0xC444, 0xBC03, 0xBBE3, 0xABA2, 0x9B22, 0x92E2, 0x92E2, 0xA302,
    0xA302, 0x92C2, 0x7A21, 0x7200, 0x61A0, 0x4920, 0x4920, 0x5140,
    0x5140, 0x30A0, 0x0820, 0x0000, 0x8840, 0x8020, 0x8861, 0xA081,
    0x9881, 0x9081, 0x98A1, 0x90C0, 0xA142, 0xC1C3, 0xF223, 0xB161,
    0x5880, 0x60E1, 0x9181, 0xCA02, 0xEA84, 0xEA84, 0xDA23, 0xD201,
    0xDA61, 0xD282, 0xBA41, 0x9A01, 0x9A42, 0xAAA3, 0xC303, 0xCB43,
    0xD384, 0xE3C5, 0xE3E5, 0xDBE5, 0xDC05, 0xD3E4, 0xD425, 0xECA5,
    0xECC6, 0xED8A, 0xF62E, 0xF62E, 0xF5A8, 0xFD86, 0xFE0A, 0xFE6A,
    0xFE27, 0xEDC6, 0xEDE7, 0xEE07, 0xE5E5, 0xEE06, 0xF667, 0xFEE8,
    0xFF08, 0xF708, 0xFF08, 0xF708, 0xEEE8, 0xE6C8, 0xEF07, 0xEF27,
    0xEF27, 0xE707, 0xEF28, 0xEF68, 0xEF48, 0xEF68, 0xEF68, 0xEF68,
    0xEF48, 0xEF48, 0xEF68, 0xEF67, 0xEF47, 0xEF27, 0xEF27, 0xEF47,
    0xF727, 0xE6C7, 0xD646, 0xD646, 0xDE45, 0xDE65, 0xCDE5, 0xC584,
    0xCDC5, 0xD5C5, 0xCD85, 0xCD45, 0xCD44, 0xCD24, 0xC4C3, 0xB443,
    0xBC83, 0xD504, 0xCCA4, 0xB423, 0xABC3, 0x9B63, 0xB3E2, 0xC423,
    0xAB83, 0x9B03, 0x9AE2, 0x9B01, 0x8AA1, 0x8261, 0x8241, 0x9AA1,
    0x9260, 0x5980, 0x38E0, 0x4920, 0x5960, 0x38C0, 0x1020, 0x0800,
    0x8020, 0x9061, 0xA081, 0xB0A1, 0xC8C1, 0xF184, 0xFA26, 0xFA05,
    0xF205, 0xEA45, 0xF285, 0xFAA5, 0xFB26, 0xFBC9, 0xFB88, 0xFAE5,
    0xEAE5, 0xF326, 0xFB46, 0xEB26, 0xDB26, 0xE367, 0xFBC7, 0xFC47,
    0xFC87, 0xFC46, 0xF405, 0xEBC4, 0xEBC4, 0xEC05, 0xFC86, 0xFCA6,
    0xF485, 0xFCA5, 0xFCE5, 0xECE6, 0xF569, 0xFD88, 0xFD66, 0xFDC9,
    0xFE2C, 0xFE2A, 0xF5C7, 0xEDA6, 0xEDC7, 0xE5A7, 0xF607, 0xFE88,
    0xFEC8, 0xFEC8, 0xF6A8, 0xF687, 0xF6C8, 0xF6E8, 0xF6E8, 0xEEE7,
    0xFF6A, 0xFFCB, 0xEF28, 0xEF07, 0xF748, 0xF788, 0xF788, 0xF788,
    0xF788, 0xEF68, 0xEF67, 0xEF88, 0xF7A8, 0xF7A8, 0xEF67, 0xEF47,
    0xF767, 0xF747, 0xE707, 0xDEA6, 0xDEA6, 0xDEA6, 0xD645, 0xD625,
    0xDE66, 0xEEC8, 0xDE46, 0xC564, 0xC564, 0xCD64, 0xD5A4, 0xE605,
    0xD5A5, 0xC524, 0xD545, 0xCD04, 0xC4C4, 0xCCC4, 0xC4A4, 0xC463,
    0xC443, 0xC443, 0xCC63, 0xCC43, 0xB3C3, 0x9B22, 0x92C2, 0x9B02,
    0x8AA1, 0x7A41, 0x7200, 0x69C0, 0x69E0, 0x7200, 0x61A0, 0x4100,
    0x30C0, 0x30C0, 0x2060, 0x0000, 0x7020, 0x7840, 0x9080, 0x9881,
    0x90A1, 0x7860, 0x8040, 0xA8C0, 0xC121, 0xC942, 0xD1A3, 0xD1E4,
    0xC1C2, 0xB981, 0xB9A2, 0xC223, 0xD263, 0xE284, 0xE2A4, 0xCA84,
    0xCA83, 0xBA42, 0xAA43, 0xC2A3, 0xC2C3, 0xBAA2, 0xC2E3, 0xD363,
    0xDB83, 0xBB22, 0xBB22, 0xCBA3, 0xD3E4, 0xEC65, 0xEC85, 0xE424,
    0xE485, 0xECC6, 0xECE6, 0xF547, 0xF546, 0xED46, 0xF587, 0xF5C7,
    0xF5E8, 0xF5E7, 0xF628, 0xFE68, 0xF667, 0xEE27, 0xEE48, 0xF6A8,
    0xF6C8, 0xEEC7, 0xEEC7, 0xEEC7, 0xE686, 0xDE65, 0xE6A6, 0xEF08,
    0xEF28, 0xEF48, 0xEF68, 0xF788, 0xFFA8, 0xFFE9, 0xFFC9, 0xEF87,
    0xEF47, 0xEF68, 0xEF47, 0xDEC6, 0xCE65, 0xCE65, 0xD6A6, 0xD666,
    0xC5E5, 0xBDA4, 0xD646, 0xDE46, 0xBD63, 0xB503, 0xBD44, 0xCDA5,
    0xC544, 0xACA3, 0xAC83, 0xC524, 0xC524, 0xCD24, 0xDD85, 0xDD65,
    0xD504, 0xD4E4, 0xD4C4, 0xD4C3, 0xD4C3, 0xDCC4, 0xD484, 0xBBE3,
    0xAB62, 0x92E2, 0x8AC2, 0xAB43, 0xA322, 0x8A80, 0x71E0, 0x5980,
    0x4960, 0x4940, 0x4100, 0x30C0, 0x1860, 0x1840, 0x1020, 0x0800,
    0x7820, 0x7840, 0x8060, 0x8040, 0xB0A1, 0xE164, 0xF1E5, 0xD9C4,
    0xC183, 0xB982, 0xB981, 0xD1C2, 0xEA23, 0xDA23, 0xA9C3, 0xA182,
    0xC223, 0xD284, 0xD284, 0xCA83, 0xE304, 0xF365, 0xF365, 0xEB66,
    0xDB45, 0xC304, 0xBAE3, 0xC323, 0xD384, 0xD384, 0xDBC4, 0xE424,
    0xF465, 0xF485, 0xF4A5, 0xF4C6, 0xECE6, 0xE4C6, 0xE4C5, 0xF545,
    0xFDE8, 0xFE2A, 0xF5C8, 0xF5A6, 0xF5C6, 0xFE07, 0xF605, 0xEE05,
    0xEE47, 0xF666, 0xF665, 0xF665, 0xF6A6, 0xF708, 0xFF28, 0xF727,
    0xFF49, 0xFF8B, 0xF769, 0xEF47, 0xF748, 0xF788, 0xF768, 0xE728,
    0xE727, 0xEF47, 0xEF67, 0xEF67, 0xDF07, 0xE727, 0xF7A8, 0xFFC8,
    0xE707, 0xCE65, 0xDEE6, 0xEF27, 0xEF07, 0xD666, 0xC5C5, 0xB564,
    0xB524, 0xC585, 0xBD64, 0xBD43, 0xCDA5, 0xDDE5, 0xD5C5, 0xD584,
    0xD584, 0xDD84, 0xD564, 0xDD83, 0xE5A4, 0xE564, 0xDD03, 0xDCE3,
    0xDCC4, 0xC444, 0xABC3, 0xA362, 0xAB82, 0xC403, 0xDC44, 0xC3C3,
    0x92C1, 0x7200, 0x61C0, 0x61C0, 0x61C0, 0x5980, 0x4120, 0x38E0,
    0x38C0, 0x2880, 0x0820, 0x0000, 0x7000, 0x8840, 0xA881, 0xA881,
    0xA8A1, 0xB0E2, 0xB922, 0xC142, 0xC962, 0xD182, 0xD1C3, 0xB182,
    0xA9A2, 0xE263, 0xFAA4, 0xFAA4, 0xF306, 0xF326, 0xF2E5, 0xE2A4,
    0xE2C4, 0xDB05, 0xD2C4, 0xD303, 0xDB44, 0xEBA5, 0xF3E5, 0xFC25,
    0xF404, 0xD3C4, 0xD3A4, 0xE404, 0xEC45, 0xDC25, 0xE465, 0xFD07,
    0xFD07, 0xFD48, 0xFDC9, 0xFDEA, 0xFE2C, 0xFE6D, 0xFE2A, 0xFE49,
    0xFECC, 0xFF31, 0xFF0D, 0xFF0E, 0xFF95, 0xFF92, 0xFF90, 0xFFB1,
    0xFF90, 0xFF4D, 0xF72A, 0xF707, 0xFF28, 0xFF89, 0xF768, 0xEF28,
    0xE707, 0xE707, 0xF788, 0xFFA8, 0xF7A8, 0xFFA8, 0xF768, 0xE746,
    0xE727, 0xEF67, 0xEF47, 0xE707, 0xE6E6, 0xDEC6, 0xD666, 0xC605,
    0xCE05, 0xD666, 0xE6C6, 0xEEC6, 0xE685, 0xEEC6, 0xE685, 0xDE24,
    0xE624, 0xE605, 0xE605, 0xE605, 0xEE25, 0xEE04, 0xEDC4, 0xE5A3,
    0xE583, 0xE563, 0xE543, 0xCCA3, 0xBC22, 0xCC63, 0xCC43, 0xAB82,
    0xA342, 0xA362, 0xA342, 0x92C2, 0x8A81, 0x8260, 0x71E0, 0x5980,
    0x5180, 0x5980, 0x69C0, 0x4920, 0x1840, 0x2060, 0x2060, 0x1040,
    0x2800, 0x6020, 0x9060, 0x8881, 0x8081, 0x98C1, 0xB901, 0xB102,
    0xB122, 0xB962, 0xC9A3, 0xD1C3, 0xD1E3, 0xD1E3, 0xD202, 0xDA43,
    0xDA83, 0xF283, 0xFAC5, 0xFB86, 0xFBE7, 0xFB86, 0xFB45, 0xF365,
    0xEB85, 0xE364, 0xC324, 0xC324, 0xDB84, 0xE3E5, 0xEC04, 0xEC25,
    0xF445, 0xE445, 0xE445, 0xF4A6, 0xFCE7, 0xFD27, 0xFD88, 0xFDC9,
    0xFDEA, 0xF60A, 0xF608, 0xFE49, 0xF66B, 0xF62A, 0xF628, 0xFE45,
    0xFE44, 0xEE03, 0xDDC5, 0xDDE6, 0xE625, 0xEE85, 0xEEA7, 0xE6A8,
    0xDE67, 0xD666, 0xDE87, 0xE6E8, 0xE6E7, 0xDEA7, 0xD6A6, 0xDEC7,
    0xDF07, 0xE728, 0xE728, 0xEF69, 0xEF69, 0xEF68, 0xE747, 0xDEC6,
    0xCE85, 0xD665, 0xD686, 0xD646, 0xC605, 0xC605, 0xD665, 0xE6C6,
    0xF706, 0xEEC6, 0xEE86, 0xEE86, 0xEE86, 0xEE65, 0xEE45, 0xEE25,
    0xDDC4, 0xCD23, 0xBCA3, 0xCCE4, 0xCCE3, 0xB442, 0xAC22, 0xBC23,
    0xC443, 0xB403, 0xA382, 0x9B42, 0x9B22, 0x92E1, 0x92E1, 0x9AE1,
    0x8281, 0x69E0, 0x5980, 0x61A0, 0x69E0, 0x69C0, 0x69A0, 0x5140,
    0x28A0, 0x1860, 0x0800, 0x0000, 0x9041, 0x9861, 0x9881, 0x8861,
    0x90A1, 0xA8E1, 0xB902, 0xB922, 0xB942, 0xB962, 0xC9A2, 0xD9E3,
    0xD203, 0xC1C2, 0xCA03, 0xCA23, 0xB1E2, 0xC264, 0xD2C5, 0xC263,
    0xA9E2, 0xAA42, 0xC2C4, 0xBAA4, 0xA243, 0x9A42, 0xB2C3, 0xDBA4,
    0xEC04, 0xD3A4, 0xBB24, 0xBB44, 0xDC06, 0xFCC7, 0xFCC7, 0xE465,
    0xD465, 0xD465, 0xD465, 0xCC45, 0xD465, 0xDCC5, 0xDCE5, 0xDD25,
    0xED65, 0xED85, 0xEDE6, 0xEE27, 0xF668, 0xE648, 0xEE47, 0xF6A7,
    0xEE88, 0xE668, 0xDE47, 0xE687, 0xE6C8, 0xDE87, 0xCE27, 0xCE46,
    0xD686, 0xDE87, 0xDEA6, 0xD6A7, 0xD6A7, 0xD6A7, 0xDEE7, 0xE707,
    0xE707, 0xE706, 0xE727, 0xEF68, 0xF788, 0xEF48, 0xE6C7, 0xDEC6,
    0xE6E7, 0xE6E7, 0xE6A7, 0xE686, 0xE6A6, 0xDE66, 0xE666, 0xEEA6,
    0xE646, 0xDDE5, 0xDDC5, 0xDDE6, 0xDDA5, 0xC524, 0xB4A3, 0xB483,
    0xBC84, 0xBC64, 0xB403, 0xB403, 0xB403, 0xA382, 0x9342, 0xA362,
    0xB3A2, 0xAB82, 0xA321, 0x92E1, 0x7A61, 0x7200, 0x7A00, 0x7200,
    0x61C0, 0x5160, 0x4940, 0x4920, 0x4100, 0x40E0, 0x1840, 0x0000,
    0x4000, 0x6020, 0x9080, 0xA0A0, 0xA0C1, 0x98C1, 0x98C1, 0xB122,
    0xC962, 0xD183, 0xC9A3, 0xB9A2, 0xB1A2, 0xB9A2, 0xC1E2, 0xD243,
    0xDA64, 0xCA43, 0xAA02, 0x99E2, 0xB263, 0xBA63, 0xA222, 0x9A22,
    0xA263, 0xB2A4, 0xB2A4, 0xB2C3, 0xC323, 0xCB64, 0xCB84, 0xCB84,
    0xBB64, 0xBB83, 0xBBA4, 0xC3E5, 0xD425, 0xDCA6, 0xE4E6, 0xD4C6,
    0xD4C6, 0xDCE6, 0xCCC6, 0xDD27, 0xEDA7, 0xEDC7, 0xE5E7, 0xE5E7,
    0xEE27, 0xE607, 0xDDC7, 0xD5E7, 0xE648, 0xF6C9, 0xEEC8, 0xD647,
    0xCE05, 0xDE86, 0xF728, 0xEF28, 0xDEC7, 0xDEA7, 0xD687, 0xCE66,
    0xD686, 0xD6A7, 0xDEC7, 0xDEC7, 0xDEE7, 0xE707, 0xEF27, 0xE707,
    0xDEC7, 0xDEA6, 0xDEC6, 0xDEA7, 0xDE87, 0xCE46, 0xCE05, 0xC5C6,
    0xC5A5, 0xBD65, 0xBD44, 0xC565, 0xCDA5, 0xCD64, 0xC524, 0xCD44,
    0xC504, 0xC4C4, 0xBCA4, 0xB463, 0xB444, 0xB444, 0xB423, 0xA3C2,
    0x9B62, 0xA3A2, 0xABA2, 0x9B41, 0xA342, 0xA342, 0x9AE1, 0x8281,
    0x8A81, 0x8261, 0x69E0, 0x5980, 0x59A0, 0x69E0, 0x69C0, 0x5960,
    0x4120, 0x4100, 0x2880, 0x1040, 0x9040, 0x9060, 0x9880, 0x9081,
    0x9881, 0xA8A1, 0xB8E1, 0xC122, 0xB942, 0x9921, 0x8920, 0xA961,
    0xC9E2, 0xD203, 0xDA23, 0xD223, 0xC223, 0xDA84, 0xFB05, 0xEAE4,
    0xD2A4, 0xDB25, 0xF3C7, 0xF385, 0xE344, 0xD344, 0xCB24, 0xCB44,
    0xCB64, 0xD385, 0xDBE5, 0xE405, 0xDC25, 0xCBC5, 0xCBC5, 0xD425,
    0xC3C4, 0xB3A3, 0xC404, 0xCC65, 0xD4A6, 0xD4E6, 0xDD06, 0xE566,
    0xED87, 0xE587, 0xDD86, 0xE5C6, 0xF648, 0xE608, 0xDE07, 0xEE67,
    0xF6C7, 0xEE65, 0xDE25, 0xEEC8, 0xF70A, 0xEEC9, 0xDE87, 0xE6E7,
    0xF769, 0xF789, 0xE707, 0xE707, 0xEF48, 0xDEE7, 0xD686, 0xD6A6,
    0xD686, 0xCE66, 0xCE46, 0xCE66, 0xC606, 0xBDC5, 0xBDC5, 0xBDA5,
    0xBDA5, 0xBD85, 0xBD64, 0xAD04, 0xA4E4, 0xB524, 0xB524, 0xB4E4,
    0xB504, 0xB504, 0xB4E4, 0xBCC4, 0xB484, 0xAC64, 0xB463, 0xBC63,
    0xBC63, 0xB423, 0xB423, 0xB423, 0xABC3, 0x9342, 0x9B63, 0xABA2,
    0xA342, 0x9301, 0x8AC1, 0x7A40, 0x7220, 0x6A00, 0x59A0, 0x5160,
    0x5160, 0x5160, 0x4120, 0x4940, 0x6180, 0x5140, 0x2080, 0x0800,
    0x8840, 0x9060, 0x9880, 0x9860, 0xC0E1, 0xE1A4, 0xEA26, 0xD9A3,
    0xD161, 0xD9A2, 0xFA24, 0xEA24, 0xC9E2, 0xCA02, 0xBA03, 0xC223,
    0xDA84, 0xEAC4, 0xDAA4, 0xD283, 0xEB04, 0xCB04, 0x8A63, 0x9222,
    0xC2C3, 0xEBA5, 0xEBC5, 0xF406, 0xF406, 0xE3E5, 0xDBC5, 0xDBE6,
    0xE426, 0xE466, 0xE466, 0xEC45, 0xECE6, 0xFDA9, 0xFDC9, 0xED26,
    0xD485, 0xCCA6, 0xE526, 0xE566, 0xDD67, 0xEDA7, 0xF608, 0xF648,
    0xF667, 0xFEC9, 0xFF6B, 0xFF6C, 0xFF4A, 0xFF6E, 0xFF91, 0xF709,
    0xF705, 0xFF68, 0xEF07, 0xE6E7, 0xE6E7, 0xE709, 0xE708, 0xDEE8,
    0xDEE8, 0xE6E8, 0xE6E7, 0xDEC7, 0xC626, 0xBDC5, 0xB5A5, 0xBDA5,
    0xBDC6, 0xBDC6, 0xA524, 0xA4E5, 0xAD25, 0xAD05, 0x9CA4, 0x9463,
    0x9C63, 0xA483, 0xA4A3, 0xA4A3, 0xB4C4, 0xAC83, 0x93E2, 0x8382,
    0x9C02, 0xB4A3, 0xBCA3, 0xB443, 0xA403, 0xA3E3, 0xABE3, 0x9362,
    0x82E1, 0x9342, 0xA382, 0xA362, 0x9B22, 0xA322, 0x9B01, 0x8261,
    0x7A20, 0x6A00, 0x61C0, 0x61C0, 0x71E1, 0x7A00, 0x61A0, 0x5140,
    0x5140, 0x4900, 0x2060, 0x0800, 0x7820, 0x8840, 0xA080, 0x98A0,
    0x98A0, 0xA0A0, 0xA8C0, 0xB921, 0xA101, 0x88C0, 0xB1A3, 0xDA44,
    0xE203, 0xD9A2, 0xD9A2, 0xEA64, 0xFAE5, 0xF2C4, 0xDAA4, 0xCAA5,
    0xE306, 0xF325, 0xF304, 0xFB65, 0xFBA5, 0xFBC5, 0xEBA5, 0xF3E5,
    0xF426, 0xE405, 0xE405, 0xEC26, 0xFC66, 0xF445, 0xE445, 0xE486,
    0xF507, 0xECC6, 0xDC65, 0xED07, 0xF567, 0xF587, 0xFE49, 0xFEAA,
    0xFE69, 0xEDA6, 0xD545, 0xD566, 0xDDC6, 0xD5A5, 0xB4E3, 0xA482,
    0xD5C4, 0xD604, 0xB563, 0xC5A4, 0xCDE6, 0xC5C6, 0xAD24, 0xC5E6,
    0xE6E7, 0xE707, 0xDEC6, 0xD685, 0xD685, 0xD6C5, 0xCE65, 0xBDC4,
    0xB5A5, 0xCE45, 0xD6A5, 0xC605, 0xB585, 0xB565, 0xB565, 0xBDA5,
    0xC5C5, 0xB564, 0xA4E4, 0xA4A4, 0x9C84, 0x9463, 0x9C63, 0xA4A4,
    0xACA3, 0xA463, 0x9C23, 0x9C02, 0x9BE2, 0x9C02, 0xA423, 0x93A2,
    0x8321, 0x8B41, 0x9BA2, 0x9BA2, 0x8B01, 0x8B01, 0x9342, 0x9B42,
    0x8AC2, 0x7A81, 0x8281, 0x8281, 0x8241, 0x7200, 0x61C0, 0x59A0,
    0x59A0, 0x61A0, 0x4940, 0x4100, 0x40E0, 0x40E0, 0x2060, 0x0800,
    0x7820, 0x8040, 0x8860, 0x8860, 0xA0A0, 0xB0E1, 0xA0E1, 0xA101,
    0xA100, 0x9121, 0x9921, 0xB1A2, 0xD285, 0xE307, 0xF367, 0xFBC9,
    0xF44B, 0xFC4A, 0xFBE7, 0xFBC6, 0xFC07, 0xFC28, 0xFC06, 0xF407,
    0xF428, 0xF427, 0xF3C5, 0xF3E5, 0xFC46, 0xF3E5, 0xEBE5, 0xEC87,
    0xFD6A, 0xFD8A, 0xFD48, 0xFD48, 0xFD68, 0xF527, 0xDCA5, 0xD4A6,
    0xDCE6, 0xCCA4, 0x9BA2, 0xA3C2, 0xAC23, 0x93A3, 0x93C4, 0x93C4,
    0x7B42, 0x8363, 0x93E4, 0xA465, 0xA486, 0xACC5, 0xB524, 0xAD23,
    0xAD23, 0xAD03, 0x9CA2, 0xAD23, 0xBDA4, 0xAD44, 0xBDA4, 0xB5A4,
    0x9CE3, 0x9483, 0xA504, 0xB5A5, 0xB586, 0x9D05, 0xA504, 0xAD44,
    0xB565, 0xAD65, 0xAD44, 0xC5E5, 0xCE06, 0xB565, 0xA4E4, 0x9463,
    0x9423, 0xA4A3, 0xB503, 0xACC3, 0xA463, 0x9402, 0x9402, 0xA443,
    0xA423, 0x8BC2, 0x8342, 0x8341, 0x8B81, 0x9382, 0x9BA2, 0x9B82,
    0x8B22, 0x82E2, 0x8B02, 0x9B42, 0x8AC1, 0x8281, 0x8281, 0x8281,
    0x7220, 0x7200, 0x7A20, 0x69E0, 0x59A0, 0x5980, 0x5940, 0x5140,
    0x4100, 0x0820, 0x0000, 0x0000, 0x9860, 0xA060, 0xC0C0, 0xC8E1,
    0xD942, 0xD142, 0xD142, 0xE1E4, 0xFAA6, 0xFAE7, 0xFA85, 0xFAA5,
    0xFBA9, 0xFC4C, 0xF46C, 0xF48D, 0xF4EE, 0xF571, 0xF571, 0xF4CC,
    0xF46A, 0xF46A, 0xF489, 0xF468, 0xF447, 0xFC67, 0xFC88, 0xFD0A,
    0xFD2B, 0xF52B, 0xFD6B, 0xFD4A, 0xF4A6, 0xF445, 0xEC46, 0xDC25,
    0xBBE5, 0xBC05, 0xC446, 0xA3A5, 0x9344, 0xA3A5, 0xB425, 0xB446,
    0xA3E5, 0x8B64, 0x9C04, 0xB4A5, 0xAC64, 0x9C24, 0x8BA3, 0x8362,
    0x7B42, 0x9424, 0xB504, 0xA4A3, 0x8C23, 0x9CA5, 0xBDA6, 0xB546,
    0x8404, 0x7383, 0x8403, 0x9CC5, 0xAD66, 0xAD66, 0xA505, 0x94A4,
    0x9CE5, 0xA505, 0x8424, 0x6302, 0x8C63, 0xB585, 0x8403, 0x7382,
    0x8C23, 0x9CA3, 0x9CA3, 0x9443, 0x8C03, 0x8C03, 0x9C43, 0xA483,
    0x9403, 0x8BC3, 0x8BC3, 0x9BE3, 0x93C2, 0x93A2, 0x9BC2, 0xAC23,
    0xB423, 0xAC03, 0xABE2, 0xA3A2, 0x9362, 0x9322, 0x9322, 0x9B22,
    0x82A1, 0x82A1, 0x8AA1, 0x8281, 0x7221, 0x7220, 0x8241, 0x61C0,
    0x5160, 0x4920, 0x30C0, 0x30C0, 0x4100, 0x30A0, 0x0820, 0x0000,
    0xB060, 0xC0A1, 0xC8C1, 0xB880, 0xC102, 0xD9C5, 0xEA26, 0xE225,
    0xD9E3, 0xE224, 0xF328, 0xFB89, 0xF389, 0xF40B, 0xFCCE, 0xFCCF,
    0xF42A, 0xFC09, 0xFBE9, 0xFBA7, 0xF3E7, 0xFC49, 0xFC8A, 0xFC68,
    0xFC89, 0xFCEA, 0xF4C9, 0xF4C8, 0xFD2B, 0xFDAD, 0xF4E9, 0xF424,
    0xFC23, 0xF485, 0xF4E7, 0xFD07, 0xE424, 0xCBE3, 0xD444, 0xCC44,
    0xCC45, 0xBC04, 0xABE3, 0xAC03, 0xB485, 0xBCC7, 0xBCC6, 0xB4A5,
    0xB4A6, 0xD5A7, 0xE667, 0xDE47, 0xCDC7, 0x9C86, 0x7366, 0x9466,
    0xA4C5, 0x9423, 0x83E4, 0x8C65, 0xB566, 0xC607, 0xBDC5, 0xAD45,
    0x9CE5, 0x8443, 0x8443, 0xA505, 0xB585, 0xB5A5, 0xB585, 0xBDC5,
    0xC606, 0xD666, 0xCE26, 0xBD85, 0xA4C4, 0x9444, 0x9CA4, 0xAD04,
    0xA4A4, 0x83C3, 0x83C3, 0x9C63, 0x9C43, 0x9C43, 0xA463, 0xA463,
    0xAC83, 0xBCC4, 0xCD24, 0xCD24, 0xCCE4, 0xCCE4, 0xD4C4, 0xCC84,
    0xBC43, 0xC443, 0xC423, 0xA382, 0x82C1, 0x8281, 0x8281, 0x8281,
    0x7220, 0x7200, 0x7200, 0x69E0, 0x59A0, 0x5980, 0x5980, 0x5140,
    0x40E0, 0x38C0, 0x1840, 0x0000, 0x8020, 0x9860, 0xC0C1, 0xC8C2,
    0xC902, 0xC922, 0xD983, 0xE205, 0xF267, 0xFAC6, 0xEAC6, 0xEB28,
    0xEB89, 0xEAA6, 0xF2E7, 0xF3C9, 0xFC2A, 0xFC6B, 0xF4AD, 0xFCEE,
    0xFCCB, 0xFCCB, 0xFD0D, 0xFCCB, 0xFC88, 0xFCA9, 0xFD8E, 0xFDF0,
    0xFD8E, 0xFD6D, 0xFD6C, 0xFDCF, 0xFE93, 0xFEF5, 0xFF16, 0xFED4,
    0xFDED, 0xFDCA, 0xFE2B, 0xFDEB, 0xFE0A, 0xFE6B, 0xFE6B, 0xEDA8,
    0xD504, 0xDD23, 0xE585, 0xE5E7, 0xDDC6, 0xCD43, 0xCD44, 0xD5A6,
    0xBD03, 0xACA0, 0xBD01, 0xCDC4, 0xCE27, 0xC5E6, 0xBDA4, 0xC5E4,
    0xCE04, 0xB564, 0xB5A6, 0xB5A6, 0xA525, 0xA505, 0xAD45, 0xBDC6,
    0xBDE6, 0xBDC6, 0xC606, 0xDEE7, 0xD6A7, 0xBDE6, 0xBDC6, 0xBDA6,
    0xB565, 0xA505, 0xB565, 0xC5C5, 0xC5A5, 0xACE4, 0xA4A3, 0xB503,
    0xBD24, 0xBD24, 0xC524, 0xCD44, 0xD585, 0xDD85, 0xE5A5, 0xF5E5,
    0xF5E5, 0xEDA5, 0xED64, 0xED64, 0xED44, 0xE4E4, 0xD483, 0xC402,
    0xAB82, 0x92E2, 0x8AA1, 0x82A1, 0x8261, 0x7220, 0x7200, 0x71E0,
    0x71E0, 0x69A0, 0x6180, 0x5160, 0x4920, 0x5120, 0x2880, 0x1020,
    0x8840, 0xA061, 0xB0A1, 0xA881, 0xA8A1, 0xB8A1, 0xC8E1, 0xC121,
    0xC141, 0xC920, 0xB901, 0xC983, 0xFAA5, 0xFB47, 0xF3A8, 0xF40B,
    0xF48D, 0xF46B, 0xF46B, 0xFCEE, 0xFCED, 0xFC6A, 0xFC28, 0xFCCB,
    0xFD2D, 0xFD2D, 0xFD8F, 0xFD6E, 0xFD4C, 0xFDAE, 0xFDCE, 0xFDEF,
    0xFDCE, 0xF509, 0xF4C6, 0xF58A, 0xF5ED, 0xF671, 0xF6D3, 0xF6D3,
    0xEE2E, 0xEE0B, 0xFEAF, 0xFF32, 0xFF31, 0xFF32, 0xFF0D, 0xFEE8,
    0xFF08, 0xFF6E, 0xFF8E, 0xFF4A, 0xE66A, 0xE6F3, 0xFFB8, 0xF709,
    0xEEC3, 0xF707, 0xE6E9, 0xE6ED, 0xE6EC, 0xE6C7, 0xF787, 0xFFE9,
    0xFFEA, 0xFFE9, 0xFFEA, 0xFFEA, 0xFFE8, 0xF788, 0xF7A9, 0xF7A8,
    0xEF27, 0xDEA6, 0xD666, 0xDEA6, 0xEF06, 0xEEE6, 0xE6C6, 0xDE86,
    0xDE65, 0xDE45, 0xD626, 0xDE06, 0xE646, 0xE646, 0xDE05, 0xDDE5,
    0xEE05, 0xEE05, 0xDD85, 0xDD64, 0xE564, 0xDD44, 0xDD04, 0xDCE4,
    0xE504, 0xE503, 0xED03, 0xE4A3, 0xC423, 0xB382, 0x9B02, 0x8AA1,
    0x8261, 0x7A40, 0x7A20, 0x61C0, 0x69C0, 0x8A21, 0x8A42, 0x69C1,
    0x5160, 0x5140, 0x30A0, 0x1840, 0x9040, 0xA061, 0xB8A1, 0xC0C2,
    0xD144, 0xD9E6, 0xEA47, 0xF225, 0xF2A7, 0xFBAB, 0xFCCF, 0xFBEA,
    0xF307, 0xF44C, 0xFD30, 0xFD71, 0xFDB2, 0xFDB1, 0xFD91, 0xFDD3,
    0xF655, 0xF675, 0xFE33, 0xFE32, 0xF5F1, 0xF56E, 0xF56D, 0xFD8C,
    0xF56C, 0xF56B, 0xFD09, 0xFCA6, 0xFC64, 0xFC23, 0xFC64, 0xF4C7,
    0xF569, 0xFD46, 0xF4A2, 0xFD24, 0xFDA6, 0xFDC6, 0xF585, 0xF5A4,
    0xFE25, 0xFE88, 0xF645, 0xE629, 0xE6D2, 0xE6F7, 0xF711, 0xFF49,
    0xFFA7, 0xFFCA, 0xF74D, 0xF747, 0xFF8C, 0xFFF1, 0xFFEC, 0xFFEC,
    0xFFF2, 0xFFF7, 0xFFED, 0xFFC5, 0xF788, 0xEF48, 0xDEE7, 0xDEC7,
    0xEF48, 0xEF68, 0xE727, 0xF768, 0xF768, 0xEF48, 0xEF68, 0xEF48,
    0xEF27, 0xEF27, 0xF727, 0xEEE6, 0xE6A6, 0xDE65, 0xDE25, 0xD5E5,
    0xCDC5, 0xBD24, 0xB4C4, 0xC524, 0xCD64, 0xCD24, 0xBCC4, 0xC4C4,
    0xC4C4, 0xC484, 0xC483, 0xC463, 0xC442, 0xCC62, 0xD463, 0xCC43,
    0xBBE2, 0xAB62, 0xA322, 0x9AE2, 0x9AE2, 0x9AC1, 0x8261, 0x7200,
    0x69C0, 0x69C0, 0x69C1, 0x5980, 0x4900, 0x4900, 0x2880, 0x1020,
    0x9820, 0xC081, 0xE8E2, 0xD8E2, 0xD123, 0xE1A4, 0xE205, 0xD983,
    0xB8E1, 0xA0A0, 0xD142, 0xE1A2, 0xC961, 0xA900, 0xD180, 0xFA42,
    0xEA42, 0xE262, 0xEAA3, 0xFB04, 0xFBA5, 0xFBE7, 0xFC08, 0xFC48,
    0xFC88, 0xFCA8, 0xFC67, 0xF426, 0xFC05, 0xFC46, 0xFC26, 0xEC26,
    0xF486, 0xEC87, 0xCC06, 0xC3C5, 0xE4C8, 0xCC46, 0x82A2, 0xA3A4,
    0xC466, 0xCC86, 0xD4E7, 0xBC67, 0x9385, 0x72A3, 0x8B64, 0xAC24,
    0x9BC0, 0x72E0, 0x6260, 0x7301, 0x9445, 0xBD44, 0xCDA3, 0xD624,
    0xC585, 0xBD46, 0xDEA9, 0xE706, 0xE6C1, 0xE6E3, 0xDEA5, 0xD6A7,
    0xDEC8, 0xE707, 0xDEC6, 0xCE46, 0xD687, 0xDEC7, 0xD6A7, 0xCE86,
    0xC626, 0xCE67, 0xE6E7, 0xDEA7, 0xCE06, 0xBD85, 0xB565, 0xC5A5,
    0xC5A5, 0xB545, 0xACC4, 0xACC4, 0xBD04, 0xB4C4, 0xAC64, 0xB4A4,
    0xA443, 0xA422, 0xC4E4, 0xC4C4, 0xA3E3, 0x8B62, 0x9382, 0x9BA2,
    0x9B82, 0xA382, 0xABA2, 0xB3A2, 0xB3A2, 0xA342, 0x9AE2, 0xA322,
    0xA322, 0x9AE2, 0x8261, 0x8241, 0x8221, 0x71E0, 0x61A0, 0x5160,
    0x4920, 0x4900, 0x2080, 0x0820, 0x5820, 0x2800, 0x1820, 0x5020,
    0x8880, 0xB8E2, 0xD143, 0xD963, 0xD9A3, 0xD9C3, 0xE1E4, 0xD204,
    0xCA24, 0xC203, 0xD244, 0xDA65, 0xBA24, 0xB224, 0xBA43, 0xCA84,
    0xD284, 0xD2A3, 0xDAC3, 0xE2E2, 0xE322, 0xE344, 0xDB65, 0xE385,
    0xEC06, 0xEC26, 0xDBE6, 0xC364, 0xB344, 0xAB24, 0xBB85, 0xC3E5,
    0xC3E4, 0xBBE5, 0xBBE6, 0xCC86, 0xABC4, 0x7AC1, 0x9382, 0xB424,
    0xAC24, 0x93A4, 0x9C05, 0xBCC6, 0xBCE6, 0xB4E6, 0xA465, 0x8BE4,
    0x8BE4, 0xA484, 0xBD25, 0xCDC7, 0xE688, 0xE6C7, 0xE6C7, 0xDE87,
    0xD668, 0xD688, 0xD6A8, 0xD687, 0xCE66, 0xC626, 0xCE46, 0xCE66,
    0xCE45, 0xC625, 0xCE66, 0xD687, 0xDEA7, 0xDEC7, 0xDEC7, 0xCE26,
    0xC5E5, 0xC5C6, 0xBDA5, 0xB565, 0xB545, 0xBD65, 0xC565, 0xC565,
    0xC545, 0xC565, 0xC545, 0xC525, 0xBCE4, 0xBCC4, 0xC4E4, 0xB443,
    0xA3E3, 0xAC03, 0xA3C3, 0xABE3, 0xABC3, 0x9322, 0x8AE2, 0x9302,
    0x8AE2, 0x8281, 0x82A1, 0x9B02, 0xB342, 0xAB22, 0x92A1, 0x8A81,
    0x8A61, 0x8221, 0x8201, 0x79E0, 0x69A0, 0x4900, 0x2060, 0x0820,
    0x6800, 0x8820, 0x9860, 0x8060, 0x8080, 0x88A1, 0x90C1, 0x90E1,
    0x9901, 0xA922, 0xA942, 0xB182, 0xB1A2, 0x8121, 0x9982, 0xDA44,
    0xDA64, 0xCA63, 0xB242, 0xBA43, 0xBA63, 0xD2E4, 0xEB65, 0xEB65,
    0xDB65, 0xDB85, 0xEC06, 0xEC26, 0xE3C6, 0xE3A5, 0xF426, 0xFCE8,
    0xFD49, 0xF4A7, 0xDC05, 0xD405, 0xC3E5, 0xC425, 0xCC25, 0xBC04,
    0xB3E4, 0xB405, 0xBC65, 0xC4A5, 0xCD06, 0xD526, 0xBCC5, 0xB485,
    0xBCE5, 0xCD66, 0xCD66, 0xCD66, 0xEEA8, 0xFFAA, 0xFF89, 0xE6C8,
    0xDEA7, 0xF728, 0xFFA9, 0xFFEB, 0xFFCA, 0xEF28, 0xDEA7, 0xD666,
    0xCE66, 0xDEC7, 0xDEC7, 0xD686, 0xD686, 0xCE26, 0xC625, 0xD687,
    0xCE66, 0xBDA4, 0xB584, 0xBDA5, 0xC5E5, 0xCE05, 0xD625, 0xCE05,
    0xC5A5, 0xCDC5, 0xD605, 0xCDC6, 0xBD25, 0xACA4, 0xB4A4, 0xC525,
    0xBCC4, 0xA403, 0x9BC3, 0x8B63, 0x8342, 0x9382, 0x9BA2, 0x9382,
    0x8B22, 0x9322, 0x9B42, 0x9322, 0x8AC2, 0x9B02, 0x9B02, 0x92C2,
    0x92A1, 0x92A1, 0x8A61, 0x8241, 0x7A21, 0x7A01, 0x71E0, 0x61A0,
    0x5940, 0x4900, 0x2060, 0x0000, 0x6000, 0x7020, 0x7860, 0x6840,
    0x7060, 0x88A1, 0xA0C2, 0xC122, 0xC142, 0xB143, 0xA963, 0xB9A3,
    0xD203, 0xB1C3, 0xC204, 0xD264, 0xBA43, 0xA203, 0xA203, 0xC284,
    0xA223, 0xAA43, 0xCAC4, 0xC2C4, 0xAA83, 0xAA82, 0xE384, 0xFBC4,
    0xFBE4, 0xFC86, 0xFD29, 0xF509, 0xFC65, 0xEC03, 0xEC65, 0xFD07,
    0xFD07, 0xECE6, 0xF506, 0xFD88, 0xF588, 0xE526, 0xDD26, 0xDD26,
    0xD546, 0xD546, 0xD567, 0xDDA7, 0xE5E7, 0xE607, 0xDDE7, 0xCDA6,
    0xCDA6, 0xCDC6, 0xD607, 0xDE68, 0xDE68, 0xD627, 0xC5E6, 0xC5E6,
    0xCE25, 0xCE26, 0xCE27, 0xCE27, 0xCE67, 0xCE66, 0xBDE6, 0xAD65,
    0xB585, 0xC626, 0xCE67, 0xCE46, 0xCE26, 0xCE46, 0xCE26, 0xCE26,
    0xC605, 0xC5C5, 0xCDE5, 0xD606, 0xCDC5, 0xBD64, 0xACE3, 0xACE3,
    0xC564, 0xCD84, 0xBD23, 0xC524, 0xC524, 0xCD24, 0xDD64, 0xC4E3,
    0xB443, 0xA3E3, 0xA3C3, 0xBC23, 0xC444, 0xA3A2, 0x8B02, 0x92E2,
    0x9B42, 0x9B02, 0x92C2, 0x9AE2, 0x92C1, 0x92C2, 0x9AA1, 0x8A61,
    0x8241, 0x9282, 0x7A00, 0x5980, 0x4900, 0x4900, 0x2060, 0x0800,
    0x7000, 0x7840, 0x8860, 0x9081, 0xA0A1, 0xC0E2, 0xD944, 0xD143,
    0xC142, 0xC143, 0xD9A3, 0xE1A3, 0xD1A3, 0xA942, 0xC9A2, 0xEA23,
    0xE223, 0xCA23, 0xC222, 0xE2A3, 0xF304, 0xFB65, 0xF365, 0xEB03,
    0xF344, 0xFBC5, 0xFC26, 0xFCA9, 0xF50B, 0xF50A, 0xF52B, 0xF56D,
    0xF58C, 0xFDAC, 0xFD8B, 0xF548, 0xF4E6, 0xF4E6, 0xF526, 0xF567,
    0xF566, 0xF566, 0xF586, 0xF5C7, 0xEDC7, 0xE5A6, 0xDD86, 0xDDA6,
    0xE5E7, 0xEE47, 0xEE47, 0xDE06, 0xDE26, 0xDE26, 0xD626, 0xCDE5,
    0xD626, 0xDE87, 0xD666, 0xD667, 0xD667, 0xD687, 0xD687, 0xD6A7,
    0xDEC8, 0xCE67, 0xDEE8, 0xF7A9, 0xEF48, 0xD6A7, 0xD667, 0xCE47,
    0xCE26, 0xCE46, 0xD687, 0xDE86, 0xCE05, 0xB564, 0xBDA5, 0xC5E5,
    0xC5C5, 0xD626, 0xD605, 0xCDA4, 0xC584, 0xC524, 0xC504, 0xD565,
    0x9C03, 0x8322, 0xB464, 0xBC84, 0xA403, 0xA3C3, 0x9382, 0x9362,
    0xA383, 0xABA3, 0xA362, 0x8AC2, 0x82A1, 0x7A81, 0x7241, 0x7A61,
    0x8A81, 0x9AC2, 0xA2C2, 0x9AA1, 0x8A61, 0x71E0, 0x69C0, 0x61A0,
    0x5980, 0x5960, 0x2880, 0x0820, 0x9040, 0x9860, 0xC0A1, 0xE0E2,
    0xE0E2, 0xC902, 0xD1A3, 0xE225, 0xEA25, 0xE225, 0xF286, 0xFAE6,
    0xF307, 0xCAA6, 0xD2C6, 0xF368, 0xFBEA, 0xFBC9, 0xFB87, 0xEB87,
    0xDA82, 0xDA62, 0xFBA6, 0xFD0C, 0xFD6E, 0xFD2D, 0xF4EA, 0xF4EA,
    0xF4EA, 0xF4C8, 0xFCC7, 0xFCE7, 0xFD29, 0xFD4A, 0xFD29, 0xFD07,
    0xFD68, 0xFD88, 0xFD67, 0xFD87, 0xFD87, 0xF587, 0xF586, 0xF5C7,
    0xEDC7, 0xDD66, 0xE5A6, 0xEE27, 0xEE28, 0xEE49, 0xE627, 0xE605,
    0xFF0A, 0xFFEF, 0xFFCD, 0xF6E7, 0xEEC6, 0xF729, 0xE6C8, 0xE6E7,
    0xE707, 0xDEC7, 0xDEC7, 0xE707, 0xEF47, 0xDEE7, 0xD6A7, 0xD6C7,
    0xE708, 0xE708, 0xD6A7, 0xD6A7, 0xE708, 0xEF68, 0xE707, 0xDEC6,
    0xD686, 0xCE05, 0xCDE5, 0xBD85, 0xACE4, 0xACE4, 0xB524, 0xBD24,
    0xACC4, 0xBD04, 0xCD85, 0xC544, 0xAC83, 0x9C03, 0xAC44, 0xBCA4,
    0xC4C4, 0xBC84, 0xA3C3, 0x9B82, 0xABC2, 0xABE2, 0xABC3, 0x9302,
    0x6A21, 0x7220, 0x8281, 0x8281, 0x8281, 0x8A81, 0x8A61, 0x8221,
    0x7A01, 0x71E0, 0x8220, 0x8200, 0x6180, 0x4920, 0x2880, 0x1040,
    0x7000, 0xA881, 0xC8C1, 0x8880, 0x88A0, 0xB8E1, 0xD922, 0xD183,
    0xD1C4, 0xE1E4, 0xDA25, 0xD308, 0xE42C, 0xFC6C, 0xFD50, 0xF5D2,
    0xED2F, 0xEC6B, 0xF48C, 0xF5B2, 0xFE75, 0xFDF2, 0xF4CC, 0xF4CB,
    0xF48A, 0xEBE7, 0xEBC5, 0xF447, 0xFC88, 0xFC26, 0xF427, 0xEC26,
    0xE3C5, 0xF445, 0xF486, 0xE446, 0xDC66, 0xDC86, 0xDCA5, 0xE4E6,
    0xE527, 0xE547, 0xE567, 0xDD47, 0xDD46, 0xE587, 0xE5A7, 0xDDA7,
    0xE5C6, 0xF668, 0xEE68, 0xD5C6, 0xCD86, 0xCDC5, 0xDE26, 0xD606,
    0xDE47, 0xE6C7, 0xF727, 0xEF27, 0xE707, 0xE707, 0xEF48, 0xEF68,
    0xEF68, 0xE6E7, 0xDEC7, 0xDEE7, 0xDEC7, 0xE707, 0xDF07, 0xCE66,
    0xD687, 0xE6E7, 0xDEA6, 0xC5E5, 0xB565, 0xBDC5, 0xC5E5, 0xCDE5,
    0xC5A5, 0xB544, 0xB504, 0xB4E4, 0xA463, 0xACA3, 0xB4E4, 0xAC63,
    0xC505, 0xCD25, 0x9BE3, 0x93A3, 0xAC03, 0xB424, 0xA3C3, 0x9B82,
    0xA3A3, 0xA3A2, 0xABA2, 0xA362, 0x8AE1, 0x7A61, 0x7240, 0x7240,
    0x8260, 0x8A81, 0x8261, 0x69C0, 0x6180, 0x69E0, 0x71E0, 0x5960,
    0x38C0, 0x40E0, 0x2880, 0x1020, 0x7820, 0x9060, 0xB0A1, 0xA8A1,
    0xC0C1, 0xC901, 0xD122, 0xD142, 0xE9E4, 0xFAA6, 0xE286, 0xB9C4,
    0xC162, 0xE161, 0xFA64, 0xFB27, 0xFB47, 0xFBA8, 0xFBC7, 0xFBC7,
    0xFC69, 0xFC6A, 0xFBA6, 0xFB23, 0xFB43, 0xF3C6, 0xFC06, 0xFC26,
    0xFC26, 0xEC06, 0xEC06, 0xE406, 0xD406, 0xD406, 0xDC46, 0xDC66,
    0xCC26, 0xBBE5, 0xBC05, 0xC445, 0xCC65, 0xCC85, 0xDD06, 0xCCE6,
    0xC4A5, 0xCD06, 0xDD67, 0xCD46, 0xB4A5, 0xB4E5, 0xCD66, 0xD5C7,
    0xCDC6, 0xCDC6, 0xDE27, 0xCE06, 0xC5C5, 0xC5C5, 0xD647, 0xE6E8,
    0xEF28, 0xEF28, 0xE708, 0xEF28, 0xEF48, 0xDEE7, 0xDEE7, 0xEF28,
    0xCE67, 0xC626, 0xCE66, 0xCE46, 0xC625, 0xC5E5, 0xC5C5, 0xA505,
    0x9CA3, 0xAD23, 0xB523, 0xB544, 0xB544, 0xACE3, 0xB504, 0xC585,
    0xB504, 0x9C62, 0x9C22, 0xA443, 0xAC44, 0xA403, 0x93C3, 0xAC23,
    0xB423, 0x9BC3, 0x9382, 0xA3C2, 0xB402, 0x9B82, 0x7261, 0x5A00,
    0x8AC1, 0x8AC1, 0x8260, 0x8280, 0x8AA1, 0x92A1, 0x8A61, 0x7A01,
    0x71E0, 0x71E0, 0x69C0, 0x4120, 0x2880, 0x40E0, 0x2880, 0x0820,
    0x8020, 0x8040, 0x9080, 0xA0A1, 0xB0C1, 0xB0E2, 0xB101, 0xB102,
    0xB122, 0xB142, 0xA962, 0xC1C3, 0xDA24, 0xDA44, 0xC203, 0xA181,
    0x9141, 0xA9A2, 0xBA03, 0x99C2, 0x8160, 0x99C1, 0xCAC4, 0xD305,
    0xC304, 0xB2E4, 0xB2E4, 0xBB04, 0xBB24, 0xC365, 0xC386, 0xCBC6,
    0xDC06, 0xDC46, 0xCC06, 0xBBA5, 0xBBE4, 0xCC45, 0xCC66, 0xDCA6,
    0xBC25, 0x9BA4, 0xBC65, 0xB445, 0xA3E4, 0x9BE4, 0xAC65, 0xC506,
    0xC547, 0xCD67, 0xCD67, 0xCD86, 0xD5E6, 0xE667, 0xEEA8, 0xDE47,
    0xDE67, 0xE6C7, 0xEEE8, 0xE6E7, 0xDEA7, 0xDEA7, 0xDEC7, 0xE6E7,
    0xDEE6, 0xD6A6, 0xD6A6, 0xD6A7, 0xC605, 0xC645, 0xD686, 0xC605,
    0xB584, 0xB5A4, 0xBDC5, 0xC5E5, 0xB584, 0xA4C3, 0xA4C4, 0xAD04,
    0xB525, 0xACE4, 0xA4A4, 0xACC4, 0xB4E5, 0xB4C5, 0xB4A4, 0xB4A4,
    0xAC83, 0xAC43, 0xA403, 0xB463, 0xBC63, 0xAC23, 0xAC03, 0xBC23,
    0xBC23, 0xBC23, 0xA3A2, 0x9301, 0x9B21, 0x92E1, 0x8AA1, 0x8AA1,
    0x8AA1, 0x8A81, 0x8241, 0x8241, 0x8A61, 0x8A41, 0x71C0, 0x5960,
    0x5960, 0x5960, 0x30A0, 0x0820, 0x5000, 0x6820, 0x8040, 0x7040,
    0x8880, 0xA8C1, 0xB0E2, 0xB902, 0xA922, 0xA942, 0xB162, 0xA962,
    0x9962, 0xA982, 0xB9C3, 0xBA04, 0xBA44, 0xCA84, 0xD284, 0xCA84,
    0xDB05, 0xEB45, 0xE345, 0xDB25, 0xDB25, 0xDB65, 0xDB85, 0xD385,
    0xDB44, 0xD323, 0xE384, 0xDBA4, 0xBB23, 0xAAE2, 0xCB83, 0xEC66,
    0xD446, 0xBBC5, 0xBBE4, 0xD485, 0xCC65, 0xBC25, 0xD4C5, 0xE546,
    0xE587, 0xDD46, 0xCCE4, 0xC4A2, 0xBCA2, 0xCD26, 0xCD47, 0xBD25,
    0xACE5, 0xD5E7, 0xFF27, 0xE6A7, 0xDE47, 0xDE87, 0xE6C7, 0xDEC7,
    0xD667, 0xD667, 0xDEC7, 0xDEC7, 0xD667, 0xCE47, 0xC625, 0xC605,
    0xC605, 0xCE46, 0xCE45, 0xBDC5, 0xBDA5, 0xB5A5, 0xA503, 0xB564,
    0xB584, 0xA503, 0xA4A3, 0xA4C3, 0xB524, 0xACC4, 0xACC4, 0xB4E4,
    0xB504, 0xBD04, 0xB4E4, 0xB4A4, 0xBCE5, 0xCD26, 0xC4E5, 0xAC44,
    0x9BE3, 0xA3C3, 0xB423, 0xB422, 0xA3A2, 0xABC2, 0xB3E2, 0xAB82,
    0x9B01, 0x8AC1, 0x82A1, 0x8280, 0x8280, 0x8A61, 0x8241, 0x7A21,
    0x8A61, 0x9281, 0x8201, 0x69A0, 0x5160, 0x5140, 0x2880, 0x0820,
    0x7020, 0x7840, 0x8860, 0x8881, 0xA8C1, 0xA8C1, 0xA0E1, 0xC162,
    0xD983, 0xD183, 0xEA04, 0xF265, 0xF284, 0xF285, 0xEA65, 0xF284,
    0xF2A4, 0xEAC4, 0xE2C4, 0xEAE5, 0xEB04, 0xDAE4, 0xDB05, 0xF385,
    0xFBA5, 0xEB85, 0xF3A5, 0xFC46, 0xFCE9, 0xFD4B, 0xFD2A, 0xFD8C,
    0xF651, 0xF60F, 0xFD6A, 0xFD28, 0xF508, 0xFD49, 0xFD88, 0xFDA7,
    0xFDC8, 0xFE09, 0xFE4A, 0xFE08, 0xF5A6, 0xEDC7, 0xFED0, 0xFF75,
    0xFF30, 0xFF0C, 0xFF6A, 0xFFEB, 0xFF6A, 0xFF29, 0xFF68, 0xFF48,
    0xF708, 0xE6A7, 0xDE87, 0xDEC7, 0xDEA7, 0xCE26, 0xBDC5, 0xBDC5,
    0xB5A5, 0xB585, 0xB585, 0xB5A5, 0xB5A5, 0xAD84, 0xB5C5, 0xDEE6,
    0xDEE6, 0xBDC5, 0x9483, 0xAD24, 0xBDC5, 0xA4C4, 0x9463, 0xA4C3,
    0xCDC4, 0xC5A3, 0xB523, 0xB504, 0xB4E3, 0xAC82, 0xACA2, 0xC524,
    0xB4A3, 0x9C02, 0xAC43, 0xA402, 0xA3E3, 0xBC83, 0xB423, 0x9B82,
    0x82E1, 0x7280, 0x82C0, 0x9301, 0x8AC1, 0x82A0, 0x8AA0, 0x8AA1,
    0x8A81, 0x8A81, 0x9AC2, 0x92A2, 0x8241, 0x7A01, 0x7A01, 0x69A0,
    0x5160, 0x6980, 0x40E0, 0x2060, 0x7020, 0x8040, 0x9881, 0x9881,
    0xA8C2, 0xC0E2, 0xC0C1, 0xC901, 0xC962, 0xD1A3, 0xD9E4, 0xDA04,
    0xDA04, 0xE245, 0xE264, 0xE263, 0xDA63, 0xE2A4, 0xF2E4, 0xEB04,
    0xBA82, 0xAA62, 0xC2C3, 0xCAC4, 0xCB04, 0xDB44, 0xEB85, 0xEBA5,
    0xF406, 0xF489, 0xF446, 0xF404, 0xF4A6, 0xFD6B, 0xFDEF, 0xF5ED,
    0xF5CB, 0xFE4D, 0xFED2, 0xF690, 0xF64C, 0xFE8D, 0xFF12, 0xFF54,
    0xFF11, 0xFECD, 0xF68B, 0xFECC, 0xFEEA, 0xEE48, 0xD5A7, 0xD586,
    0xCDA6, 0xCDC6, 0xCDC6, 0xCDC6, 0xC5C6, 0xC5A6, 0xC5C5, 0xC5E5,
    0xBDA5, 0xAD45, 0xB564, 0xB5A4, 0xB584, 0xAD64, 0xAD44, 0xAD64,
    0xAD44, 0xA523, 0xA524, 0xB5A4, 0xAD43, 0xAD44, 0xCE25, 0xD665,
    0xBDC4, 0xAD03, 0xCDE4, 0xD645, 0xB544, 0x9423, 0x9423, 0xACC4,
    0xA484, 0x83A3, 0x7302, 0x7B43, 0xA423, 0xBCA3, 0xAC43, 0x8321,
    0x8B41, 0xB423, 0xAC02, 0xABE2, 0xBC03, 0xBC23, 0xBC03, 0xB3A2,
    0xA342, 0xA322, 0xAB22, 0xA322, 0x92C1, 0x92C2, 0x9AC2, 0x9AA2,
    0x9281, 0x8241, 0x7A01, 0x71C0, 0x5980, 0x5140, 0x2080, 0x0820,
    0x8020, 0x8860, 0xA8A0, 0xB880, 0xC8E2, 0xD983, 0xD9C4, 0xD9C4,
    0xD9E4, 0xEA45, 0xF2C6, 0xFAE6, 0xF2C6, 0xF2A5, 0xF2C6, 0xF306,
    0xF2E5, 0xF2E5, 0xEAC4, 0xF2E4, 0xFB05, 0xFB45, 0xFB85, 0xF365,
    0xF385, 0xFBE6, 0xFC27, 0xFC47, 0xFC26, 0xFC67, 0xFCC8, 0xFD0A,
    0xFD2A, 0xFCC8, 0xFCA6, 0xFCC5, 0xFD46, 0xFD46, 0xF4E5, 0xE4C6,
    0xE4C6, 0xE4C4, 0xDCA3, 0xD4C3, 0xE524, 0xF5C6, 0xEDC6, 0xE585,
    0xD566, 0xC546, 0xC566, 0xCD87, 0xCD87, 0xC586, 0xBD46, 0xAD05,
    0x9CA4, 0x9CA4, 0xA505, 0xAD25, 0xAD45, 0xB586, 0x9CC5, 0x7BA3,
    0x6B43, 0x8423, 0xA4E4, 0xA524, 0xA525, 0xA505, 0x9CE4, 0xA504,
    0xB585, 0xC605, 0xC5E5, 0xBD84, 0xBD84, 0xBDC4, 0xC5C4, 0x9CA2,
    0x7361, 0x83A2, 0x9403, 0x9402, 0x9C43, 0xB4E4, 0xC524, 0xB4C3,
    0xBCE4, 0xC504, 0xBCA4, 0xBC83, 0xC4A3, 0xCCE3, 0xD4E4, 0xDCE4,
    0xD4C4, 0xD4A3, 0xD4A3, 0xD463, 0xC403, 0xBBA2, 0xB382, 0xBBA3,
    0xCBC3, 0xC382, 0xA2E2, 0x9281, 0x8A61, 0x8221, 0x7A01, 0x71C0,
    0x61A0, 0x5120, 0x2880, 0x1020, 0x7820, 0x8840, 0x9080, 0x8880,
    0xA080, 0xC0E1, 0xD143, 0xE1C4, 0xE205, 0xE204, 0xD9E3, 0xE203,
    0xEA44, 0xEA85, 0xF2C5, 0xF2E5, 0xF2E5, 0xF2E5, 0xF305, 0xF345,
    0xEB86, 0xEBA6, 0xF3C6, 0xF3E6, 0xF3C5, 0xEB85, 0xE385, 0xD365,
    0xC325, 0xBB04, 0xCB44, 0xDBC5, 0xDBE5, 0xE405, 0xDC25, 0xCC06,
    0xCC06, 0xC426, 0xCC66, 0xDCE7, 0xE527, 0xE547, 0xE568, 0xD528,
    0xC4E7, 0xCD07, 0xBCC6, 0xB4A6, 0xC507, 0xCD67, 0xC546, 0xACC6,
    0xB505, 0xB526, 0xB506, 0xB546, 0xB525, 0xA4C5, 0x9CC4, 0x9CA4,
    0x9CA4, 0x9CC4, 0x9CC4, 0xAD45, 0xBDE7, 0xBDC6, 0xBDC6, 0xBDC6,
    0xAD45, 0xB5A6, 0xCE87, 0xD687, 0xCE46, 0xBDC5, 0xA505, 0x9484,
    0x9CA4, 0xA4E5, 0xA4A4, 0xB525, 0xCDE5, 0xCDC5, 0xBD65, 0xBD04,
    0xB4E4, 0xBD44, 0xD5A5, 0xDDC5, 0xDDA5, 0xEDC5, 0xFE86, 0xFEA7,
    0xFE87, 0xFE25, 0xF5A4, 0xED43, 0xDCE4, 0xCC63, 0xC423, 0xC403,
    0xC403, 0xC3E2, 0xC3C3, 0xBBA3, 0xC3A3, 0xC3A3, 0xB322, 0xA2C2,
    0x9281, 0x8A41, 0x8201, 0x79E1, 0x69A0, 0x5940, 0x2880, 0x1040,
    0x6800, 0x7820, 0xA080, 0xB0A1, 0xC0E2, 0xC101, 0xB8E0, 0xD162,
    0xE1C3, 0xEA04, 0xF2C7, 0xFB49, 0xFB68, 0xF2E6, 0xF2E5, 0xF306,
    0xF326, 0xF305, 0xF324, 0xFBC7, 0xFBC6, 0xF385, 0xEB64, 0xEB85,
    0xFBC6, 0xFBE6, 0xF406, 0xEBC5, 0xEBE6, 0xF446, 0xEC27, 0xDBE6,
    0xD406, 0xE446, 0xE446, 0xCC05, 0xDC86, 0xE4A6, 0xCC45, 0xBC04,
    0xBC04, 0xC445, 0xBC65, 0xBC65, 0xC4C5, 0xE567, 0xD567, 0xBCE6,
    0xBCC6, 0xCD86, 0xD5C7, 0xC546, 0xBD26, 0xBD66, 0xC5A5, 0xC5C6,
    0xBD86, 0xBD86, 0xD628, 0xD668, 0xCE47, 0xCE27, 0xC606, 0xC627,
    0xCE87, 0xC626, 0xC626, 0xCE67, 0xCE67, 0xD667, 0xCE67, 0xBDE6,
    0xB5A6, 0xC5E6, 0xD666, 0xCE45, 0xC625, 0xDE86, 0xD645, 0xC5A4,
    0xBD44, 0xB524, 0xB524, 0xBD24, 0xD5C5, 0xE625, 0xE625, 0xEE25,
    0xEE25, 0xEE05, 0xF605, 0xE5A4, 0xE583, 0xEDA4, 0xED64, 0xDCE4,
    0xCC83, 0xBC03, 0xB3C2, 0xABA2, 0xB3C2, 0xB3A3, 0xAB63, 0xAB42,
    0xB362, 0xB342, 0x9AC2, 0x9281, 0x8A61, 0x8241, 0x71E0, 0x5960,
    0x5120, 0x5920, 0x2060, 0x0000, 0x7820, 0x8840, 0xA8A0, 0xB8C1,
    0xB8C1, 0xC102, 0xD142, 0xD183, 0xC962, 0xC141, 0xD9C3, 0xF285,
    0xF2E6, 0xF2C5, 0xF2C5, 0xF326, 0xFB46, 0xFB25, 0xF2C4, 0xEAC4,
    0xE2C3, 0xDAE3, 0xD2C4, 0xD304, 0xE365, 0xEBA6, 0xE3A6, 0xD365,
    0xDBA6, 0xFC87, 0xFC88, 0xEC27, 0xCBC5, 0xC385, 0xC3C5, 0xC3E5,
    0xCC25, 0xC404, 0xBBE4, 0xBC45, 0xC466, 0xCC85, 0xC485, 0xC4A5,
    0xBC86, 0xA405, 0xB466, 0xC506, 0xC526, 0xCD46, 0xCD67, 0xD5C7,
    0xDE47, 0xDE47, 0xD627, 0xD627, 0xE6A7, 0xEF08, 0xEF08, 0xDEA7,
    0xD687, 0xDEA7, 0xDE87, 0xDEA7, 0xE708, 0xE728, 0xD6A7, 0xC626,
    0xC646, 0xD687, 0xCE67, 0xCE46, 0xCE66, 0xD687, 0xD687, 0xD667,
    0xDE87, 0xE6C7, 0xEF28, 0xFF48, 0xF707, 0xCDE5, 0xACE2, 0xA461,
    0x9C42, 0xA443, 0xB4C4, 0xD584, 0xD585, 0xCD24, 0xD564, 0xD524,
    0xCD03, 0xCCC3, 0xC4A3, 0xB403, 0xA382, 0x9B82, 0xA382, 0x9B42,
    0x92E2, 0x9B02, 0xA322, 0x92C2, 0x92A2, 0x9AC2, 0xA2E2, 0x9281,
    0x7A00, 0x61A0, 0x5980, 0x4940, 0x40E0, 0x40E0, 0x1840, 0x0000,
    0x8840, 0x8860, 0x9080, 0x9880, 0xA8A0, 0xC100, 0xD141, 0xC962,
    0xC962, 0xD1C3, 0xEA45, 0xEA44, 0xDA03, 0xD9E3, 0xE244, 0xE264,
    0xD223, 0xC243, 0xCA83, 0xE2C4, 0xD2C4, 0xC2C4, 0xD2E4, 0xD2E4,
    0xBAC4, 0xAAA3, 0xC304, 0xB2C3, 0x9263, 0x9263, 0xA2E4, 0xAB04,
    0x9AC3, 0xB344, 0xCBE5, 0xC3C5, 0xBBC5, 0xB3C4, 0xBC04, 0xCC66,
    0xCC66, 0xBC45, 0xBC44, 0xCCA6, 0xDD47, 0xE5C7, 0xEDE7, 0xE5A7,
    0xD587, 0xD587, 0xD5C7, 0xDDE8, 0xD5A7, 0xCDA6, 0xCDC7, 0xD627,
    0xCDE7, 0xBD86, 0xB586, 0xC607, 0xD687, 0xD687, 0xD6A7, 0xD6A7,
    0xC605, 0xB5A4, 0xB5A4, 0xBDE5, 0xC626, 0xC626, 0xCE46, 0xCE66,
    0xD6A6, 0xDEC7, 0xDEA7, 0xEF27, 0xEF26, 0xCE05, 0xB543, 0xC5A4,
    0xDE46, 0xC5A5, 0xC585, 0xC545, 0x83A3, 0x6AE2, 0x83A2, 0xB4A3,
    0xAC42, 0xA402, 0xC4C4, 0xC4A4, 0xB423, 0x9BC3, 0x9BA3, 0xA3C3,
    0xA3A3, 0x9342, 0x9322, 0x9B22, 0x9B22, 0x9B02, 0x9AE1, 0x92C1,
    0x8AA1, 0x8A61, 0x8A40, 0x7A00, 0x69E0, 0x69C0, 0x8A40, 0x8220,
    0x5960, 0x40E0, 0x2060, 0x1840, 0x5000, 0x6820, 0xA080, 0xB8A1,
    0xB8E1, 0xB8E2, 0xC102, 0xC942, 0xD9C3, 0xE204, 0xE224, 0xE224,
    0xE244, 0xEA64, 0xE264, 0xDA43, 0xD264, 0xD284, 0xDAA4, 0xE2C5,
    0xDAE5, 0xD2C4, 0xCAC4, 0xC2C4, 0xBAC4, 0xBAC4, 0xBAE5, 0xCB46,
    0xCB65, 0xCB65, 0xC365, 0xCB85, 0xD406, 0xD406, 0xCC05, 0xD405,
    0xE486, 0xE4A7, 0xDCA6, 0xDCC6, 0xD4A6, 0xD4C6, 0xDD27, 0xDD47,
    0xDD47, 0xE5A7, 0xE5A7, 0xE5C8, 0xEE48, 0xDDE7, 0xC526, 0xB506,
    0xBD25, 0xCDC6, 0xDE47, 0xDE67, 0xC5C7, 0xBD66, 0xC5E7, 0xD647,
    0xCE47, 0xC606, 0xCE27, 0xD667, 0xD687, 0xD6C8, 0xDEC8, 0xD6C7,
    0xCE66, 0xD686, 0xD6A7, 0xC626, 0xCE26, 0xCE46, 0xC5E5, 0xBDC5,
    0xB585, 0xA4E4, 0x8C43, 0x9483, 0xBD65, 0xC5A4, 0xC564, 0xB504,
    0xB4E4, 0xC544, 0xD585, 0xCD46, 0xB4A5, 0x9C04, 0x9C03, 0xB444,
    0xB444, 0x9BA3, 0x9BA2, 0xABC2, 0xA3C3, 0x9342, 0x8B02, 0x9322,
    0x9B22, 0x9B22, 0x9B01, 0x9AE1, 0x8AA1, 0x8261, 0x7A21, 0x71E1,
    0x71E0, 0x69C0, 0x8A40, 0x8A20, 0x69A0, 0x5140, 0x2080, 0x0820,
    0x8841, 0x9061, 0x9881, 0x9081, 0xA0A1, 0xC0E2, 0xD963, 0xE1A4,
    0xD9A3, 0xD162, 0xC983, 0xD1A3, 0xDA04, 0xF285, 0xEA85, 0xD264,
    0xCA44, 0xE285, 0xEAC5, 0xDAC4, 0xEB05, 0xEB46, 0xDB25, 0xD305,
    0xDB25, 0xE385, 0xEBA6, 0xEBC6, 0xDBA6, 0xD386, 0xDBC6, 0xF467,
    0xFD08, 0xF4A7, 0xDC26, 0xD426, 0xE486, 0xE4C6, 0xDC86, 0xCC66,
    0xC445, 0xC465, 0xCCC5, 0xD506, 0xD546, 0xDD67, 0xD547, 0xBCE6,
    0xBCC6, 0xCD87, 0xE648, 0xE668, 0xDE27, 0xDE07, 0xD607, 0xC586,
    0xC5A6, 0xD626, 0xD647, 0xD687, 0xD687, 0xCE67, 0xD687, 0xD6A7,
    0xD6A7, 0xD687, 0xDEC8, 0xDEE8, 0xBDC7, 0xB5A6, 0xC605, 0xB583,
    0x9CC2, 0x9482, 0x9CC4, 0x83E4, 0x7BA3, 0xA4A4, 0xA4E4, 0xA4A4,
    0x9443, 0x83E3, 0x7362, 0x7B61, 0x9422, 0xACA3, 0xACA4, 0xB4C4,
    0xAC84, 0xAC43, 0xAC43, 0xB443, 0xB423, 0xA3E3, 0xA3C3, 0x9B82,
    0x8B22, 0x8B02, 0x9322, 0x9B22, 0x9B21, 0x9301, 0x9B02, 0x9AE2,
    0x8261, 0x7221, 0x8241, 0x8A61, 0x8240, 0x69C0, 0x61A0, 0x5160,
    0x4120, 0x4920, 0x30A0, 0x1840, 0x6800, 0x8020, 0xB8A2, 0xD123,
    0xC902, 0xC0E2, 0xB922, 0xB942, 0xC162, 0xD183, 0xE1E4, 0xE224,
    0xE224, 0xCA03, 0xD224, 0xEA85, 0xFAA4, 0xFB67, 0xFB67, 0xCAA5,
    0xBA43, 0xCA84, 0xD305, 0xCAE5, 0xD325, 0xE385, 0xD365, 0xC345,
    0xD385, 0xEBE6, 0xE406, 0xD3C5, 0xD3C5, 0xD3E6, 0xD406, 0xCC05,
    0xCC05, 0xBBC5, 0xABC5, 0xBC25, 0xCC86, 0xCC86, 0xB425, 0xAC05,
    0xAC05, 0xAC05, 0xAC25, 0xAC65, 0xAC65, 0xA444, 0xA485, 0xB4E5,
    0xBD05, 0xACC4, 0xA4A4, 0xB546, 0xC5E7, 0xCE27, 0xD668, 0xCE27,
    0xBDE7, 0xC628, 0xCE48, 0xC607, 0xB585, 0xA4E4, 0x9484, 0x9CC4,
    0xA545, 0xAD45, 0xA504, 0xA4E3, 0x9CC3, 0x9CA3, 0xA504, 0xAD24,
    0xA504, 0x9CA4, 0x9463, 0x9CA4, 0xACE4, 0xBD65, 0xC585, 0xBD05,
    0xA463, 0x8BE3, 0xA463, 0xD5A5, 0xC525, 0xB484, 0xCD25, 0xCD04,
    0xCCC4, 0xBC63, 0xABE3, 0x9363, 0x9342, 0xA382, 0x8B02, 0x7261,
    0x8AC2, 0x9302, 0x8AC2, 0x7A61, 0x7A20, 0x7220, 0x7200, 0x71E0,
    0x71E0, 0x69C0, 0x5980, 0x5140, 0x4920, 0x5940, 0x30A0, 0x1020,
    0x7820, 0x7020, 0x6840, 0x7040, 0x8081, 0x98C2, 0xB902, 0xD143,
    0xC142, 0xA122, 0xA942, 0xD1E3, 0xE224, 0xC1C3, 0xE244, 0xEA64,
    0xB181, 0x8A03, 0xB327, 0xFBA7, 0xFB45, 0xE2E4, 0xDB05, 0xCAE4,
    0xCAE4, 0xCB05, 0xD345, 0xDBA5, 0xD365, 0xB304, 0xCB85, 0xEC27,
    0xEC47, 0xD3E5, 0xC3C5, 0xC3E5, 0xD426, 0xCC46, 0xBC05, 0xABA4,
    0xB3E5, 0xBC45, 0xA3E4, 0xA3E5, 0xB445, 0xBCA5, 0xBCA5, 0xB485,
    0xB4C6, 0xCD67, 0xCD87, 0xBD26, 0xCD87, 0xCDC7, 0xBD66, 0xACE5,
    0xBD86, 0xD647, 0xBDA6, 0xBD86, 0xC5C6, 0xBDA6, 0xAD46, 0xA526,
    0xB585, 0xBDE5, 0xB5A5, 0xA524, 0x9CE4, 0xA545, 0xAD85, 0x9D05,
    0x8C64, 0x8C24, 0x9CC5, 0xAD45, 0xB585, 0xBD85, 0xC5C5, 0xB524,
    0x9443, 0xA4E4, 0xC585, 0xC565, 0xACA4, 0xA484, 0xACA4, 0xACA4,
    0xB4A4, 0xBCC4, 0xD545, 0xD505, 0xA3E4, 0x7AE2, 0xA3E3, 0xC484,
    0xBC23, 0xBC24, 0xBC03, 0xABA2, 0x9B22, 0x9B02, 0x9B02, 0x7A61,
    0x7A41, 0x8261, 0x7220, 0x7200, 0x69C0, 0x5180, 0x4940, 0x5140,
    0x5140, 0x40E0, 0x1840, 0x0800, 0x7040, 0x9061, 0xB0A2, 0xA0A2,
    0x90A2, 0x98C2, 0xB102, 0xC143, 0xD183, 0xD9C3, 0xE1E3, 0xD1C3,
    0xC1C3, 0xD223, 0xC9E3, 0xC223, 0xEB26, 0xE2C5, 0xE264, 0xFB06,
    0xF346, 0xD305, 0xC2C4, 0xDB25, 0xF386, 0xE365, 0xD345, 0xDB85,
    0xFC26, 0xFC66, 0xDBC6, 0xB325, 0xB345, 0xBB85, 0xC3A6, 0xC3C6,
    0xC406, 0xBBE5, 0xB3C5, 0xBC05, 0xCC66, 0xC466, 0xA3C5, 0xA3E5,
    0xBC66, 0xBC85, 0xBCA5, 0xC4E6, 0xC526, 0xC547, 0xBD26, 0xBD07,
    0xC587, 0xD608, 0xD608, 0xCDC7, 0xAD26, 0x9CA5, 0xA4C5, 0xAD25,
    0xA4E5, 0x9464, 0xAD24, 0xB5A5, 0x9CC4, 0x8C63, 0xA504, 0xBDE6,
    0xBDC6, 0xBDC5, 0xC606, 0xBDC5, 0xC605, 0xD6A6, 0xE6E7, 0xC606,
    0xBDA6, 0xC5E6, 0xB565, 0xACE4, 0xB505, 0xC585, 0xBD65, 0xB4E4,
    0xAC84, 0xBD25, 0xD5A5, 0xC525, 0xC505, 0xC4E4, 0xC4E4, 0xC4C4,
    0xC4A4, 0xBC64, 0xB423, 0xB3E2, 0xABC2, 0xABA2, 0xABC2, 0xB3C3,
    0xAB83, 0x9B22, 0xA301, 0xA321, 0xAB22, 0x92A1, 0x61A0, 0x5160,
    0x61A0, 0x71E0, 0x61A0, 0x5140, 0x4100, 0x38C0, 0x1860, 0x0820,
    0x3800, 0x5000, 0x7861, 0x9081, 0x98A1, 0xB0E2, 0xC922, 0xB922,
    0xB142, 0xB142, 0xB983, 0xB9A2, 0xC9E2, 0xE224, 0xE244, 0xDA43,
    0xEAC5, 0xF305, 0xEB05, 0xDAE5, 0xEB05, 0xEB05, 0xDB05, 0xD325,
    0xD345, 0xD345, 0xB2E5, 0x9265, 0x8A45, 0x9AA5, 0xBB25, 0xC385,
    0xBBA5, 0xB385, 0xC3C5, 0xD425, 0xCC46, 0xBC06, 0xA385, 0x9B64,
    0xABA4, 0xBC04, 0xBC24, 0xAC05, 0xA405, 0xAC66, 0xBCA6, 0xB464,
    0xA423, 0xCD47, 0xEE69, 0xE627, 0xD5C5, 0xCDA5, 0xCDC6, 0xDE68,
    0xD647, 0xC5E7, 0xD688, 0xCE07, 0xC5E6, 0xDEC7, 0xE707, 0xD687,
    0xC606, 0xBDE6, 0xBDE6, 0xC626, 0xCE46, 0xC626, 0xBDC5, 0xBDE5,
    0xC5E6, 0xBDC6, 0xC606, 0xDE86, 0xEF07, 0xF728, 0xF708, 0xDE87,
    0xC5A5, 0xB545, 0xBD45, 0xC5A5, 0xCD85, 0xD5A5, 0xDDE5, 0xDDC5,
    0xDDC5, 0xDD85, 0xD565, 0xC4E4, 0xC4A3, 0xC4A3, 0xAC03, 0xABE3,
    0xB403, 0xBC03, 0xB3E2, 0xABA2, 0xAB82, 0xAB62, 0xAB42, 0xAB22,
    0xAB22, 0xA302, 0x92A1, 0x7A00, 0x69E0, 0x71E1, 0x61A0, 0x40E0,
    0x2080, 0x40E0, 0x28A0, 0x1040, 0x7820, 0x9861, 0xB8A1, 0xA8A1,
    0xA8A2, 0xB0E2, 0xC122, 0xD183, 0xD983, 0xD163, 0xD9E4, 0xEA45,
    0xDA24, 0xB9C3, 0xBA03, 0xDA84, 0xE243, 0xDA22, 0xE242, 0xF2A3,
    0xFB45, 0xFBA5, 0xFBC6, 0xEB44, 0xCAA3, 0xC2A3, 0xF3A5, 0xFC26,
    0xFC26, 0xF427, 0xD3A5, 0xC344, 0xD384, 0xDBE6, 0xDC47, 0xDC26,
    0xCBC3, 0xE464, 0xF527, 0xE4A5, 0xD4C6, 0xE58A, 0xF5EA, 0xEDA8,
    0xE567, 0xED85, 0xF607, 0xFE8A, 0xFECC, 0xFEA8, 0xFE85, 0xFEEA,
    0xFF4C, 0xFF6C, 0xFF29, 0xF6C7, 0xEEC7, 0xEEE7, 0xE6C6, 0xE6E7,
    0xE6E8, 0xDE88, 0xCE27, 0xD687, 0xEF48, 0xEF48, 0xE728, 0xE727,
    0xE707, 0xE728, 0xE707, 0xD6A6, 0xD685, 0xD6A6, 0xDEA7, 0xDEA7,
    0xDEA7, 0xDE86, 0xDE86, 0xE6A6, 0xEEE7, 0xF707, 0xFF07, 0xF6E7,
    0xF6A7, 0xF6A6, 0xF666, 0xE5E5, 0xDDA5, 0xE5C5, 0xEDC5, 0xDD85,
    0xD544, 0xDD44, 0xDD04, 0xDCE4, 0xD4A4, 0xCC83, 0xC443, 0xC403,
    0xC403, 0xBBC2, 0xBBA3, 0xBBA2, 0xBB62, 0xB342, 0xA2E2, 0x9282,
    0x7201, 0x5980, 0x5140, 0x4100, 0x30C0, 0x38E0, 0x2060, 0x0000,
    0x6000, 0x6820, 0x8861, 0xB8C1, 0xE143, 0xE984, 0xC943, 0xA102,
    0xA922, 0xD162, 0xC9A3, 0xA982, 0xB182, 0xE1E2, 0xFA23, 0xFAA4,
    0xFBA8, 0xFCAC, 0xFC8B, 0xFBC7, 0xF408, 0xF4CD, 0xFD6F, 0xFCEC,
    0xFC8A, 0xE489, 0xEC69, 0xF448, 0xFC27, 0xFC26, 0xC325, 0xAB26,
    0xECA9, 0xFD6A, 0xFD8A, 0xFD8B, 0xF5AD, 0xF5AD, 0xFDAA, 0xFDEA,
    0xFE0A, 0xFE2A, 0xFE29, 0xFE28, 0xFE48, 0xFEA9, 0xFF50, 0xFFB3,
    0xFF4F, 0xFF0C, 0xFF4F, 0xFF94, 0xFF72, 0xFF8F, 0xFF8E, 0xFF6B,
    0xFF6B, 0xFFCE, 0xFFF0, 0xFFEB, 0xFFA7, 0xF789, 0xEF28, 0xE708,
    0xE708, 0xD6A7, 0xD666, 0xD6A6, 0xDEC5, 0xDEC6, 0xDEC7, 0xE707,
    0xDEE7, 0xDEC7, 0xDEE7, 0xEF27, 0xF767, 0xF748, 0xEF08, 0xE6C7,
    0xE6A6, 0xE686, 0xDE26, 0xCDC5, 0xCD84, 0xC564, 0xC565, 0xD565,
    0xCD44, 0xC503, 0xC4C3, 0xCD04, 0xDD44, 0xE545, 0xDD24, 0xD4C4,
    0xCC63, 0xCC64, 0xD464, 0xCC43, 0xC403, 0xC3E3, 0xC3E3, 0xCBE3,
    0xBB82, 0xA2E1, 0x8261, 0x7A20, 0x71E0, 0x5980, 0x5160, 0x4100,
    0x30C0, 0x30A0, 0x2060, 0x1020, 0x6820, 0x7840, 0xA081, 0xB0A2,
    0x9881, 0x9081, 0xB0E2, 0xD922, 0xE183, 0xD9E4, 0xE204, 0xF1C3,
    0xFA65, 0xFBCA, 0xFC2B, 0xF3C9, 0xF367, 0xF42B, 0xF4EE, 0xF4EE,
    0xFCED, 0xF48A, 0xF428, 0xF3C5, 0xF427, 0xFD2C, 0xFE11, 0xF5F0,
    0xF52B, 0xFD6B, 0xFE91, 0xFF35, 0xFE92, 0xFD8C, 0xFD6A, 0xFDCC,
    0xFE6E, 0xFE2C, 0xF568, 0xF5A9, 0xF5E9, 0xF5A8, 0xED67, 0xED86,
    0xE5A6, 0xDD46, 0xCD06, 0xC4E4, 0xD522, 0xE5C5, 0xEE67, 0xF6A7,
    0xE604, 0xDE04, 0xF6C7, 0xFF07, 0xDE66, 0xCDE6, 0xDE88, 0xEF09,
    0xEF28, 0xF769, 0xF7A8, 0xF787, 0xE707, 0xDEA6, 0xD686, 0xD686,
    0xD6A7, 0xD6A7, 0xCE66, 0xCE66, 0xD685, 0xD684, 0xCE44, 0xC604,
    0xD645, 0xDE85, 0xD645, 0xC5C4, 0xBD43, 0xB523, 0xB524, 0xBD44,
    0xC544, 0xB4A3, 0xA442, 0xA462, 0xAC83, 0xB483, 0xB463, 0xBCA3,
    0xC4A3, 0xB443, 0xA3E2, 0xA3C2, 0xBC23, 0xCC83, 0xC403, 0xA362,
    0xA362, 0xAB82, 0xBBA3, 0xC3A3, 0xA302, 0x9AC2, 0x9AC2, 0x9261,
    0x71E0, 0x5980, 0x5980, 0x5960, 0x4920, 0x30C0, 0x2060, 0x1860,
    0x8040, 0x8840, 0x9861, 0xA881, 0xB8C2, 0xB902, 0xB123, 0xB943,
    0xC943, 0xD9A4, 0xFAC7, 0xFBEB, 0xFC8D, 0xF46E, 0xF42C, 0xF46C,
    0xFC4B, 0xF42A, 0xF387, 0xF324, 0xF386, 0xF429, 0xFC8A, 0xFC49,
    0xF449, 0xF469, 0xFC67, 0xFBC4, 0xEB43, 0xEBA4, 0xE383, 0xCB00,
    0xBB00, 0xDBC2, 0xDC04, 0xB383, 0xC3A3, 0xDC24, 0xE484, 0xE4C5,
    0xD484, 0xB403, 0xB444, 0xC4C5, 0xD526, 0xD525, 0xD565, 0xE5C6,
    0xEE48, 0xDDC7, 0xC546, 0xCD87, 0xCDC7, 0xD606, 0xC5A5, 0x9CA4,
    0xA4E5, 0xC5A5, 0xB565, 0xB565, 0xBDA5, 0xC5C5, 0xCE25, 0xCE65,
    0xCE45, 0xD665, 0xD685, 0xD6A6, 0xD6A6, 0xE707, 0xEF48, 0xDEA6,
    0xCE24, 0xC603, 0xC5E2, 0xC5A3, 0xBDC4, 0xC5C4, 0xC5C4, 0xCDE5,
    0xD605, 0xD624, 0xC583, 0xACC3, 0xA443, 0xA462, 0xAC82, 0x9C21,
    0x9BE2, 0xAC43, 0xC4C4, 0xB464, 0xA3C3, 0x9BC2, 0xABE3, 0xB402,
    0xABE2, 0xA3A2, 0xA383, 0xA363, 0x9B22, 0x9302, 0x92E2, 0xA322,
    0xAB22, 0xAB22, 0xA2E2, 0x8241, 0x7A00, 0x8201, 0x79E1, 0x6180,
    0x4920, 0x38C0, 0x1860, 0x1040, 0x7820, 0x9061, 0xB0A1, 0xA8A1,
    0xB8E2, 0xD123, 0xD964, 0xE1E5, 0xD9C4, 0xD9A3, 0xD204, 0xDA44,
    0xF2C6, 0xFB89, 0xFC8D, 0xFC6C, 0xF306, 0xF368, 0xF46C, 0xF48C,
    0xFC29, 0xFBC7, 0xF3C7, 0xFB86, 0xFB64, 0xF345, 0xCB04, 0xC345,
    0xDBC6, 0xE406, 0xDBE6, 0xCBC6, 0xCBE7, 0xD407, 0xC3E6, 0xAB64,
    0x9B03, 0xABA4, 0xD486, 0xC444, 0xBC24, 0xCCA5, 0xDD06, 0xC485,
    0x9BC4, 0x8B43, 0xA404, 0xB485, 0x9C24, 0x9C24, 0xB4C5, 0xCD86,
    0xBD26, 0x9C85, 0x8C45, 0x8404, 0x8C23, 0x9CA4, 0xAD24, 0xC5E6,
    0xBDA6, 0x9464, 0x8C24, 0x94A5, 0xA504, 0xBDC3, 0xC603, 0xC604,
    0xCE85, 0xD6A5, 0xD684, 0xD684, 0xD665, 0xCE45, 0xCE24, 0xCE24,
    0xCE04, 0xCDE4, 0xD645, 0xD646, 0xCE05, 0xC5A4, 0xC5A4, 0xCDA3,
    0xC543, 0xB4E4, 0xACA4, 0xB4A3, 0xB483, 0xB483, 0xC4E3, 0xBCA3,
    0xBC63, 0xBC63, 0xABE3, 0x9B82, 0x9B83, 0x9342, 0x9B42, 0x9B22,
    0x82C2, 0x8282, 0x8281, 0x8A81, 0x8261, 0x7A61, 0x8A61, 0x8A41,
    0x7A20, 0x71E0, 0x71C0, 0x61A0, 0x5140, 0x4900, 0x2060, 0x0000,
    0x7820, 0x7840, 0x9080, 0xA8A1, 0xB0C2, 0xB8E2, 0xC0E2, 0xC922,
    0xD984, 0xE205, 0xE225, 0xE225, 0xF245, 0xEA24, 0xF285, 0xFB27,
    0xFB67, 0xFBC7, 0xFBA6, 0xF304, 0xFB25, 0xF325, 0xDAE4, 0xD304,
    0xC304, 0xB2C4, 0xAAC4, 0xC325, 0xE3C6, 0xE3C5, 0xD3A5, 0xC365,
    0xB344, 0xBB84, 0xBBA5, 0xB385, 0x9B24, 0x9B24, 0x9B65, 0x9B64,
    0x82E3, 0x51E2, 0x3120, 0x6260, 0x9BA2, 0x8342, 0xA424, 0xAC64,
    0x7B43, 0x7323, 0x7B23, 0x7B44, 0x7B83, 0x9403, 0xA4C3, 0xA4C4,
    0x9C85, 0x9444, 0x9463, 0x83E2, 0x6B41, 0x6B41, 0x6B42, 0x6B42,
    0x73A3, 0x7BE3, 0x8403, 0x9483, 0x9D03, 0xB583, 0xBDA3, 0xAD43,
    0x9CC3, 0x9463, 0x7BE2, 0x8C02, 0xA4C2, 0xB542, 0xBD84, 0xAD24,
    0xA4C4, 0xA4A4, 0xA484, 0x9C63, 0xA462, 0xAC82, 0xB4C3, 0xBCE3,
    0xC504, 0xC4E4, 0xBC84, 0xB443, 0xB442, 0xAC22, 0xAC03, 0xABE3,
    0xABC3, 0x9322, 0x8B02, 0x9B22, 0x9302, 0x92E2, 0x8AA1, 0x7A61,
    0x69E1, 0x69E1, 0x8241, 0x7A21, 0x71E1, 0x69C0, 0x5980, 0x4920,
    0x38C0, 0x4100, 0x2080, 0x0820, 0x6800, 0x8841, 0xA8A1, 0xA8A1,
    0xA0A1, 0xB0E2, 0xC102, 0xC122, 0xB942, 0xC182, 0xE204, 0xF2A6,
    0xFB07, 0xF327, 0xEAC6, 0xF2A5, 0xF2E5, 0xEAC4, 0xDA83, 0xE2A4,
    0xFB65, 0xF386, 0xDB04, 0xEB65, 0xEB85, 0xD345, 0xDB85, 0xEBC6,
    0xDB85, 0xAAE4, 0xBB45, 0xDBE6, 0xDC06, 0xBB65, 0xAB64, 0xD426,
    0xDC66, 0xC405, 0x9B64, 0x9B64, 0x82E4, 0x6A62, 0x7AE2, 0x8323,
    0x8303, 0x5A21, 0x5201, 0x8363, 0xBCE6, 0xDDE7, 0xBD05, 0x8BC4,
    0x7343, 0x7343, 0x7363, 0x6AE2, 0x62E1, 0x5AC1, 0x4A42, 0x5AA3,
    0x73A3, 0x8C03, 0x7BA2, 0x7382, 0x7BC3, 0x6B42, 0x6B82, 0x8C24,
    0x83E4, 0x6B43, 0x7BA3, 0x9CE4, 0xA4E2, 0x8C21, 0x7BC3, 0x8C46,
    0x8C45, 0x6B41, 0x6B20, 0x83C2, 0xA4A3, 0x9C83, 0x9C63, 0x9C43,
    0x9403, 0x9C03, 0xA463, 0xBCC3, 0xB4A3, 0xB4A3, 0xD524, 0xBC83,
    0x9382, 0x8B22, 0xA3A2, 0xA3C2, 0x9B62, 0xA3A3, 0xA3A3, 0x9302,
    0x7241, 0x82A1, 0x9B02, 0x8AA2, 0x8261, 0x8261, 0x8A61, 0x7A21,
    0x69C0, 0x5980, 0x4940, 0x4100, 0x40E0, 0x4100, 0x2060, 0x0000,
    0x5000, 0x5800, 0x7840, 0x9081, 0xA0A2, 0xA0C2, 0xA8E2, 0xC122,
    0xC163, 0xA142, 0x88C0, 0xA921, 0xEA23, 0xF286, 0xF307, 0xF327,
    0xFB06, 0xFB46, 0xFB66, 0xF325, 0xEB05, 0xEB25, 0xE325, 0xD304,
    0xB2A3, 0xBAA3, 0xDB65, 0xE3A5, 0xD385, 0xD3A5, 0xE3E6, 0xEC26,
    0xDC06, 0xE446, 0xF4A6, 0xECA6, 0xD445, 0xBBE5, 0xB3E5, 0xC446,
    0xBC25, 0xB424, 0xE566, 0xDD26, 0xAC05, 0x7B23, 0x72E3, 0x5221,
    0x20C0, 0x2920, 0x5A61, 0x7324, 0x8BC4, 0x9424, 0x9445, 0x7B84,
    0x6B22, 0x7B82, 0x8403, 0x8C23, 0x83E4, 0x7BE4, 0x8C43, 0x7BC2,
    0x6301, 0x6B41, 0x7BE2, 0x7BE2, 0x6B62, 0x6321, 0x52A1, 0x41E2,
    0x5283, 0x7BC3, 0x8401, 0x7BC1, 0x7BC2, 0x8C03, 0x7343, 0x7343,
    0x83A3, 0x6B02, 0x62E1, 0x7361, 0x9422, 0xA463, 0xA443, 0xA443,
    0x9BE3, 0x9BC3, 0xBCA3, 0xBCA3, 0xB443, 0xAC03, 0xA3E3, 0xA3C2,
    0xA382, 0xA362, 0x9B22, 0x8AE1, 0x7A81, 0x7A61, 0x7A61, 0x7221,
    0x8261, 0x8241, 0x71E0, 0x61A0, 0x59A0, 0x5180, 0x5140, 0x4920,
    0x40E0, 0x30C0, 0x1040, 0x0000, 0x7820, 0x8840, 0xB0A1, 0xC0C1,
    0xB0C1, 0xB0E1, 0xC923, 0xD984, 0xE1A4, 0xD983, 0xE1C4, 0xEA66,
    0xF2C7, 0xEA86, 0xEA85, 0xEAA4, 0xE284, 0xEAC5, 0xEAC4, 0xD242,
    0xD262, 0xDAC4, 0xD305, 0xB2A4, 0x9A42, 0xA262, 0xC304, 0xCB65,
    0xDBA6, 0xF426, 0xE3C5, 0xBB24, 0xB344, 0xF4A6, 0xDC45, 0x6A22,
    0x51C2, 0x7AA3, 0xA383, 0x9343, 0x82E4, 0x8304, 0x9BA5, 0xBC66,
    0xC4C5, 0xAC64, 0xAC64, 0xB4A5, 0xAC85, 0xCD47, 0xB4C6, 0x7B64,
    0x83C4, 0x9C64, 0xA4A5, 0xA4A5, 0xA4A6, 0x9C85, 0x8403, 0x83E3,
    0x7B83, 0x5AC2, 0x6B63, 0x8C64, 0x94A5, 0x8C24, 0x8403, 0x9463,
    0x8C23, 0x7BE3, 0x73A2, 0x6B62, 0x6B63, 0x7383, 0x7BA2, 0x4A61,
    0x5281, 0x9CA3, 0x9CA3, 0x83E1, 0x83C1, 0x9443, 0x8BE4, 0x62A2,
    0x5261, 0x7321, 0x9C23, 0xB4A4, 0xAC63, 0xA423, 0xB443, 0xB444,
    0xAC23, 0xAC23, 0xA3E2, 0x9B82, 0x82E1, 0x7261, 0x7A81, 0x82C1,
    0x82C1, 0x7241, 0x6A20, 0x7221, 0x61E0, 0x5180, 0x4920, 0x5180,
    0x61C0, 0x5980, 0x4100, 0x30A0, 0x2880, 0x2080, 0x1020, 0x0000,
    0x7000, 0x7840, 0x9080, 0xA081, 0x98A1, 0xA0C1, 0xB0E2, 0xB902,
    0xC143, 0xD1C4, 0xEA46, 0xE224, 0xDA03, 0xEA85, 0xF285, 0xDA43,
    0xC203, 0xD222, 0xF2E5, 0xFBC8, 0xF408, 0xDB45, 0xCA83, 0xCAC4,
    0xDB45, 0xD344, 0xCB44, 0xC324, 0xCB44, 0xDBC4, 0xE406, 0xD3C6,
    0xB364, 0xBB84, 0xC3C5, 0xCBE5, 0xD446, 0xD466, 0xCC46, 0xA3A5,
    0x9344, 0x9BA3, 0xBC45, 0xA3C4, 0x9384, 0xC4A6, 0xC4E6, 0xBCC6,
    0xC506, 0xD587, 0xDDE8, 0xD5C8, 0xD5A8, 0xACE5, 0x9443, 0xA4A4,
    0xA4E5, 0xA4E6, 0xB567, 0xBDA7, 0xBDA6, 0xBDA6, 0xCE27, 0xCE66,
    0xBDC4, 0xAD65, 0xADA6, 0xBDE6, 0xAD44, 0x8C63, 0x83E2, 0x8C43,
    0x8C63, 0x8C63, 0xAD25, 0xA525, 0x9485, 0x9464, 0x9C83, 0xACE2,
    0xB543, 0xD605, 0xEE86, 0xE645, 0xC544, 0x9C23, 0x9C03, 0xBCC3,
    0xBD03, 0xAC63, 0xAC22, 0xA403, 0xA3E3, 0x9BC2, 0x8B62, 0x8B21,
    0x9342, 0x9B62, 0x9301, 0x7261, 0x7A61, 0x8281, 0x8281, 0x8A81,
    0x7A41, 0x7221, 0x69E0, 0x5980, 0x4120, 0x30C0, 0x30C0, 0x30A0,
    0x2080, 0x28A0, 0x1840, 0x0000, 0x7820, 0x8840, 0xA081, 0xA081,
    0x98A1, 0xB0E2, 0xC923, 0xB922, 0xC162, 0xD9E4, 0xDA24, 0xDA44,
    0xEA86, 0xFAE7, 0xFB48, 0xFB47, 0xFB05, 0xF2E5, 0xF305, 0xF366,
    0xEB05, 0xEB04, 0xEB24, 0xD304, 0xBAC4, 0xB2A3, 0xBAE3, 0xDB64,
    0xDB85, 0xBB24, 0xAAE3, 0xB323, 0xBB84, 0xC3A5, 0xBBA5, 0xB384,
    0xBBC5, 0xBBE5, 0xC405, 0xCC45, 0xCC66, 0xCCA6, 0xDD47, 0xD506,
    0xC4A5, 0xC4E5, 0xAC65, 0x93E5, 0xA425, 0xBD06, 0xC546, 0xB506,
    0xBD46, 0xD607, 0xDE48, 0xB547, 0x8C04, 0x83E4, 0x9CA5, 0x9CC6,
    0xA526, 0xB5C5, 0x9CE5, 0x8425, 0x94A5, 0xA4E3, 0xAD24, 0xB586,
    0xB5A6, 0xC626, 0xC625, 0xA4E3, 0x8401, 0x8C41, 0xB563, 0xDEC5,
    0xEF26, 0xDE65, 0xC5C5, 0xCE07, 0xE6C8, 0xD605, 0xACE3, 0xA4A3,
    0xC545, 0xD5A5, 0xBD04, 0xA423, 0x8362, 0x8BA3, 0xB463, 0xBC83,
    0xAC03, 0xA3E2, 0xABE3, 0xB423, 0xB402, 0xABC2, 0x9B62, 0x9B22,
    0x9B22, 0x82A1, 0x7220, 0x7A40, 0x8261, 0x8261, 0x71E0, 0x59A0,
    0x5980, 0x5160, 0x5140, 0x38C0, 0x1860, 0x2080, 0x1840, 0x0800,
    0x7820, 0x8040, 0x9081, 0x9880, 0xA0A1, 0xB902, 0xD963, 0xD163,
    0xC963, 0xC943, 0xC163, 0xC9A3, 0xD1C3, 0xC9A2, 0xC1E3, 0xD264,
    0xEAC5, 0xE284, 0xE284, 0xF345, 0xFBA6, 0xF365, 0xEB45, 0xEB65,
    0xF3C6, 0xF3A5, 0xDB65, 0xDBA6, 0xEC47, 0xF467, 0xEBE5, 0xE3E5,
    0xEC86, 0xFCA6, 0xE425, 0xBBA5, 0xBBE6, 0xCC66, 0xD486, 0xC466,
    0xBC25, 0xABE4, 0xA3A4, 0xB445, 0xC4C6, 0xAC46, 0xB466, 0xCD26,
    0xD587, 0xCD87, 0xCD66, 0xCD87, 0xD5C8, 0xCDA7, 0xC5A6, 0xE687,
    0xFF69, 0xFFA9, 0xF768, 0xE6C7, 0xCDE7, 0xAD46, 0xC606, 0xCE86,
    0xB5A6, 0xAD46, 0xAD44, 0xB564, 0xA503, 0xA4E4, 0xAD46, 0xC607,
    0xD687, 0xC606, 0xA504, 0xA524, 0xC605, 0xDEA5, 0xDEA6, 0xD645,
    0xD626, 0xD5E5, 0xD606, 0xD606, 0xCDA4, 0xB4E3, 0xAC63, 0xAC83,
    0xB483, 0xBCA3, 0xC4C3, 0xC4C4, 0xD504, 0xE544, 0xD504, 0xCC83,
    0xC443, 0xC423, 0xBC02, 0xAB82, 0x9301, 0x92E1, 0x9B01, 0x92E2,
    0x8AA1, 0x8A81, 0x8240, 0x69E0, 0x59A0, 0x4960, 0x4100, 0x30A0,
    0x1860, 0x1840, 0x0800, 0x0000, 0x7820, 0x7840, 0x8060, 0x8860,
    0xA0A1, 0xB8C2, 0xB8E2, 0xC143, 0xC963, 0xC183, 0xB963, 0xB183,
    0xC1E3, 0xE244, 0xD203, 0xB1A1, 0xBA02, 0xDA83, 0xF2C4, 0xE2A3,
    0xDAC3, 0xDB04, 0xE344, 0xE344, 0xF384, 0xFBC4, 0xE384, 0xBA81,
    0xAA60, 0xDBA3, 0xFC86, 0xFC87, 0xFCA6, 0xF4C6, 0xFD07, 0xFD27,
    0xEC86, 0xCC05, 0xCC25, 0xD465, 0xD486, 0xCCC7, 0xDD27, 0xDD27,
    0xD506, 0xC4E6, 0xAC46, 0x9C05, 0xB4A4, 0xE5E6, 0xEE45, 0xD5C3,
    0xC562, 0xBD44, 0xC587, 0xDE49, 0xD607, 0xBD66, 0xB586, 0xC5E6,
    0xD667, 0xE6C7, 0xF768, 0xEF48, 0xCE66, 0xC605, 0xBDE5, 0xBDE5,
    0xC645, 0xDEC5, 0xDF06, 0xD686, 0xC626, 0xCE45, 0xDEC6, 0xE6E7,
    0xE6C7, 0xE6C7, 0xCE25, 0xC5A4, 0xC5C3, 0xC5C4, 0xC564, 0xBD24,
    0xC564, 0xC544, 0xBD03, 0xC524, 0xD564, 0xD564, 0xD524, 0xD544,
    0xDD64, 0xE585, 0xED85, 0xED44, 0xDCE4, 0xD4A4, 0xDCA4, 0xD463,
    0xBBE3, 0xB3A2, 0xB382, 0xBBA2, 0xB362, 0xAB02, 0x9AA2, 0x8A61,
    0x7A20, 0x61A0, 0x4920, 0x30A0, 0x1860, 0x1840, 0x0820, 0x0800,
    0x7020, 0x8040, 0x8860, 0x7860, 0x88A1, 0xB0E2, 0xC103, 0xB102,
    0x88C1, 0x90E2, 0xD9E4, 0xFA86, 0xF266, 0xE224, 0xE264, 0xF2E5,
    0xF2E5, 0xFB26, 0xF346, 0xEB25, 0xFB45, 0xF344, 0xE303, 0xCAC2,
    0xE3A6, 0xFCEA, 0xFD2B, 0xFD4B, 0xFD2A, 0xFCC7, 0xFD2A, 0xF56B,
    0xF4C8, 0xF445, 0xF464, 0xF4E6, 0xF548, 0xFDEA, 0xFE4B, 0xFE09,
    0xFDC7, 0xFDE7, 0xFE07, 0xFE07, 0xFE08, 0xFE69, 0xFEA8, 0xFEC6,
    0xFE87, 0xFEA7, 0xFEA6, 0xF685, 0xF684, 0xEE84, 0xE666, 0xD646,
    0xD646, 0xE687, 0xF728, 0xF769, 0xF789, 0xF769, 0xE708, 0xE6E8,
    0xEF28, 0xF789, 0xEF69, 0xE6E8, 0xD6C8, 0xCE86, 0xCE45, 0xD685,
    0xEF27, 0xF789, 0xEF28, 0xDEC6, 0xDEA6, 0xE6C6, 0xF727, 0xF727,
    0xE6A6, 0xEEC5, 0xE6A5, 0xDE45, 0xDE05, 0xE646, 0xEE65, 0xE605,
    0xDDA5, 0xDD85, 0xDD85, 0xE585, 0xE585, 0xE585, 0xED84, 0xED64,
    0xE524, 0xDCC4, 0xD484, 0xCC43, 0xCC23, 0xC3E3, 0xC3C3, 0xC3A3,
    0xBB82, 0xBB62, 0xB302, 0x9AA1, 0x8240, 0x69C0, 0x4920, 0x2880,
    0x1860, 0x28A0, 0x1860, 0x0000, 0x6820, 0x7840, 0xA881, 0xD0C2,
    0xC0C2, 0xB0E2, 0xB8E2, 0xC922, 0xF1E4, 0xFAA7, 0xDAA7, 0xC225,
    0xE265, 0xFB47, 0xF367, 0xEB06, 0xFAE5, 0xFB05, 0xFB45, 0xF385,
    0xF3C6, 0xFC48, 0xFD2C, 0xFD4D, 0xFD0C, 0xFCEB, 0xF4EB, 0xF4EA,
    0xF4A8, 0xF445, 0xF486, 0xF54A, 0xFDCD, 0xFDAB, 0xFDCD, 0xFE92,
    0xFE71, 0xFE4F, 0xFE91, 0xEEF5, 0xEEF5, 0xF690, 0xF62D, 0xF64C,
    0xFE8C, 0xFE8C, 0xF6AE, 0xF711, 0xF710, 0xFF0F, 0xFEED, 0xF6A8,
    0xF6C7, 0xFF48, 0xFFA9, 0xFF47, 0xF6E7, 0xEEE8, 0xF728, 0xE6E7,
    0xDEC7, 0xEF08, 0xE6E8, 0xE708, 0xF7A8, 0xFFC9, 0xF7A9, 0xEF69,
    0xF789, 0xEF48, 0xE707, 0xE748, 0xEF48, 0xDEE6, 0xC625, 0xCE25,
    0xDEA6, 0xDE85, 0xD665, 0xD625, 0xD626, 0xDE26, 0xD605, 0xCDC4,
    0xC584, 0xC564, 0xCD64, 0xCD44, 0xCD44, 0xCD44, 0xD544, 0xCD23,
    0xCCE3, 0xCCC4, 0xCCA4, 0xC483, 0xC463, 0xD483, 0xCC63, 0xC403,
    0xBBE2, 0xBBC2, 0xB382, 0xAB42, 0xA302, 0xAB02, 0xA2C2, 0x8A61,
    0x8A61, 0x8A40, 0x6180, 0x28A0, 0x1040, 0x1840, 0x0820, 0x0000,
    0x5800, 0x7840, 0x9861, 0x9081, 0x98A1, 0xA0C1, 0xB102, 0xC143,
    0xC942, 0xD142, 0xB921, 0xC162, 0xD1A3, 0xB982, 0xC161, 0xD1E2,
    0xE2A4, 0xDB05, 0xE2E5, 0xFB25, 0xFB24, 0xF365, 0xF3E7, 0xF406,
    0xF426, 0xFC26, 0xF425, 0xF4A8, 0xF52B, 0xF54B, 0xF4E9, 0xFD08,
    0xFDCC, 0xF60F, 0xEDAD, 0xF528, 0xF527, 0xF58A, 0xF5EC, 0xFE8D,
    0xFECF, 0xFEF1, 0xFF52, 0xFEAC, 0xF608, 0xFE49, 0xFE68, 0xFEA9,
    0xFF0C, 0xF751, 0xFF2D, 0xFF08, 0xFF6D, 0xEECB, 0xC5A1, 0xBD60,
    0xB520, 0xC5A1, 0xEF08, 0xFFAA, 0xEF48, 0xDEE7, 0xD666, 0xD687,
    0xDEE8, 0xDEC7, 0xD6A6, 0xDF07, 0xF7A9, 0xF768, 0xDEC6, 0xDEC6,
    0xDEC6, 0xDEC7, 0xDEC7, 0xDE86, 0xD666, 0xCE25, 0xDE65, 0xCE04,
    0xAD02, 0xB503, 0xBD44, 0xB524, 0xACA3, 0xBCE3, 0xCD43, 0xBCC3,
    0xAC83, 0xAC62, 0xB483, 0xB443, 0xB443, 0xBC63, 0xB423, 0xABE2,
    0xA3A2, 0xABA2, 0xB3C3, 0xB3A2, 0xA342, 0x9AE1, 0x92E1, 0x92E1,
    0x8AA1, 0x8281, 0x8241, 0x7A21, 0x71E0, 0x5980, 0x4100, 0x38E0,
    0x40E0, 0x30C0, 0x1020, 0x0000, 0x6800, 0x7020, 0x9881, 0xC0A2,
    0xC8E2, 0xB8E2, 0xC102, 0xD963, 0xE1E5, 0xC9E5, 0xB1A4, 0xD204,
    0xF265, 0xD203, 0xEA85, 0xFB06, 0xDAA4, 0xA9C2, 0xB9E2, 0xEB04,
    0xEB85, 0xEBC6, 0xFC27, 0xFC07, 0xEB85, 0xEB23, 0xF3C4, 0xFC88,
    0xFCC9, 0xFCC9, 0xFCA8, 0xF466, 0xF423, 0xFC63, 0xFCE5, 0xF4A5,
    0xD404, 0xBBA4, 0xBBC4, 0xD422, 0xD484, 0xCCC7, 0xDD47, 0xDD04,
    0xCCA3, 0xC4C5, 0xCD05, 0xCD24, 0xC4E3, 0xBCE3, 0xB4C4, 0xAC83,
    0x9C62, 0xA4C2, 0xACE3, 0xACE3, 0xA4C2, 0xAD22, 0xD647, 0xD687,
    0xCE45, 0xDEA7, 0xE6E7, 0xE6E7, 0xDEE7, 0xDF08, 0xEF48, 0xE727,
    0xDEE7, 0xD6A7, 0xD6A7, 0xE707, 0xEF47, 0xE707, 0xD666, 0xD666,
    0xD666, 0xCE25, 0xD666, 0xD645, 0xCDE4, 0xCDE4, 0xD5E5, 0xCD84,
    0x9C42, 0x93E2, 0xA463, 0xA443, 0xAC62, 0xAC42, 0xAC42, 0xAC22,
    0xAC03, 0xB443, 0xB422, 0xB423, 0xB3E3, 0xB3C3, 0x9B62, 0x9301,
    0x9B21, 0x8AC1, 0x7A60, 0x8AA1, 0x8AA1, 0x8A61, 0x8240, 0x69E0,
    0x5180, 0x4920, 0x4920, 0x38C0, 0x2060, 0x2060, 0x0820, 0x0000,
    0x7020, 0x7840, 0x8060, 0x8060, 0x8880, 0xA8E1, 0xB902, 0xA8E1,
    0xB121, 0xD9C3, 0xEA25, 0xEA45, 0xEA65, 0xEA64, 0xDA64, 0xDA64,
    0xEAA4, 0xFAE5, 0xF305, 0xFB66, 0xFB86, 0xFB85, 0xFB85, 0xFB64,
    0xEB64, 0xDB84, 0xE3C4, 0xE383, 0xE362, 0xE3A3, 0xE3E4, 0xE425,
    0xDC06, 0xBB65, 0xB365, 0xD425, 0xE4A6, 0xDC86, 0xBC06, 0xB406,
    0xBC26, 0xBC04, 0x9BA3, 0xA425, 0xAC25, 0x8323, 0x72E2, 0x93C4,
    0xB4A5, 0xBCE5, 0xC545, 0xD5E6, 0xD5E6, 0xCDC6, 0xD607, 0xEEA8,
    0xFF68, 0xFF89, 0xFF89, 0xD668, 0xCE07, 0xEF09, 0xE708, 0xD6A7,
    0xDEC7, 0xDEC7, 0xD687, 0xD687, 0xD6A7, 0xD6A6, 0xCE46, 0xC605,
    0xBDE5, 0xC605, 0xCE45, 0xE706, 0xE6E7, 0xCDE5, 0xCDC5, 0xCDE5,
    0xCE04, 0xC5C4, 0xB503, 0xA463, 0x83A2, 0x83A2, 0x93E2, 0x93C2,
    0xAC43, 0xB483, 0xAC22, 0xA3C2, 0xAC02, 0xBC63, 0xB423, 0xABE3,
    0xABE2, 0xABC2, 0xA382, 0x9B42, 0x9B22, 0x9AE2, 0x8AA2, 0x8281,
    0x7A40, 0x7A41, 0x8221, 0x7A00, 0x61A0, 0x5160, 0x38E0, 0x2060,
    0x0800, 0x1020, 0x0820, 0x0000, 0x5000, 0x5820, 0x7040, 0x8860,
    0x90A1, 0xA0C1, 0xA8E2, 0xA922, 0xB122, 0xB942, 0xC982, 0xC982,
    0xD1C2, 0xE244, 0xF2C6, 0xFAE6, 0xFAA4, 0xFAE5, 0xFB46, 0xF324,
    0xCA62, 0xB242, 0xBAA4, 0xC2C4, 0xD303, 0xDB44, 0xCB44, 0xB2E3,
    0x9AA3, 0x9AA3, 0xA2C3, 0xAAE2, 0xAB42, 0xB363, 0xA303, 0x7A62,
    0x8282, 0x9302, 0x9B41, 0x9B62, 0xA3A3, 0xB405, 0xA3C4, 0xA3E4,
    0xB465, 0xCCE6, 0xB484, 0x9C04, 0xA424, 0x93E4, 0x8382, 0x8381,
    0x9C42, 0xB524, 0xB525, 0x9C64, 0x9C64, 0xB525, 0xC5C5, 0xDE86,
    0xD686, 0xCE26, 0xD687, 0xEF29, 0xDEE7, 0xBDE5, 0xB5C4, 0xCE45,
    0xCE47, 0xC607, 0xBDC5, 0xC625, 0xC605, 0xC606, 0xCE25, 0xE6E5,
    0xDEA6, 0xBDA5, 0xDE88, 0xE6C7, 0xBD84, 0xACE3, 0xB543, 0xCDC4,
    0xBD04, 0xAC84, 0xB4C3, 0xBCE3, 0xAC62, 0xA423, 0xBC84, 0xB464,
    0xB443, 0xB443, 0xB423, 0xAC03, 0xABE3, 0xABC3, 0xB3C3, 0xB3C2,
    0xAB82, 0x9B02, 0x8AA2, 0x8A81, 0x8AA1, 0x8A81, 0x7201, 0x69C0,
    0x61A0, 0x5160, 0x4120, 0x38E0, 0x2080, 0x0820, 0x0000, 0x0000,
    0x6000, 0x5820, 0x6040, 0x8060, 0x98A1, 0xA8E2, 0xB101, 0xB922,
    0xC963, 0xD9A3, 0xE1E4, 0xE224, 0xD203, 0xB9A1, 0xC9C0, 0xCA00,
    0x91A0, 0x7180, 0x99C0, 0xD2A3, 0xE304, 0xD2E3, 0xD2E3, 0xCAC3,
    0xCB04, 0xCB04, 0xB2C2, 0xAAC2, 0xC323, 0xCB82, 0xB300, 0xA2C0,
    0xB341, 0xC3A1, 0xCBE2, 0xD423, 0xD445, 0xCC05, 0xB3C5, 0xABC3,
    0xABC3, 0xA3C3, 0x8B42, 0x9383, 0x9384, 0x7B04, 0x7B23, 0x8362,
    0x8BC3, 0x9403, 0xA465, 0xACA5, 0xACC5, 0xB504, 0xB504, 0xACC4,
    0xB525, 0xB546, 0x9CA4, 0x9CA4, 0xBDA5, 0xDEC6, 0xD687, 0xBDE6,
    0xBDC6, 0xC5E6, 0xC626, 0xC626, 0xBDC5, 0xAD85, 0xB5C6, 0xCE66,
    0xD686, 0xC606, 0xA505, 0xBDC6, 0xCE25, 0x9C81, 0x7340, 0x7B82,
    0xACE5, 0xC585, 0xC564, 0xBD24, 0xA462, 0x9401, 0x9402, 0x9BE2,
    0x9BE3, 0xA423, 0xC4C3, 0xB463, 0xAC02, 0xB443, 0xC463, 0xB403,
    0x9B62, 0xA382, 0xA382, 0x9302, 0x9301, 0x8AC1, 0x8281, 0x8261,
    0x7A21, 0x7A20, 0x7200, 0x61C0, 0x5180, 0x5160, 0x4100, 0x38E0,
    0x38E0, 0x38C0, 0x1040, 0x0000, 0x8020, 0x8840, 0x8860, 0x9080,
    0xA0A1, 0xB8E2, 0xD102, 0xC922, 0xD182, 0xD9C3, 0xD9E3, 0xD1E3,
    0xE224, 0xF2C5, 0xFB26, 0xFB05, 0xFAA3, 0xEAA3, 0xCA82, 0xBA41,
    0xD2A3, 0xF345, 0xFBA5, 0xEB64, 0xDB44, 0xD365, 0xCB45, 0xCB42,
    0xB320, 0x9AA0, 0x8A62, 0x9AC3, 0xB343, 0xB383, 0xBBA3, 0xC3E3,
    0xB3C2, 0xB3C2, 0xB3E3, 0xA3C3, 0xB404, 0xBC45, 0xAC04, 0xAC04,
    0xBC85, 0xCD26, 0xC506, 0xBCE6, 0xBD07, 0xBCE5, 0xAC84, 0x9C44,
    0xACA4, 0xA484, 0x9C84, 0xBD45, 0xC5A5, 0xC5C6, 0xD667, 0xD667,
    0xC607, 0xC5E6, 0xCE46, 0xD687, 0xCE87, 0xCE67, 0xC647, 0xBDE6,
    0xB5A4, 0xAD64, 0xAD64, 0xB5A5, 0xB5A6, 0xA525, 0x83E2, 0x83C3,
    0x8403, 0x7BC1, 0x8C21, 0x9461, 0x9442, 0x8BE2, 0x9442, 0xACA3,
    0xA483, 0xACA3, 0xB4C3, 0xA462, 0xAC63, 0xAC43, 0x9BE2, 0x93C1,
    0x9BA1, 0x9B82, 0xA3C2, 0xA3C2, 0x9B62, 0x9321, 0x9321, 0x9B22,
    0xA343, 0x9B01, 0x8AA0, 0x8281, 0x7200, 0x71E0, 0x7201, 0x61A0,
    0x5960, 0x5160, 0x4100, 0x38C0, 0x30A0, 0x2880, 0x0800, 0x0000,
    0x6000, 0x6820, 0x9060, 0xB0C0, 0xB901, 0xC102, 0xD142, 0xD183,
    0xE205, 0xEA86, 0xF285, 0xEA64, 0xEA85, 0xEAA5, 0xF2A5, 0xF2C4,
    0xF2C4, 0xEAC4, 0xF2E4, 0xFB24, 0xFB65, 0xF364, 0xF343, 0xF384,
    0xFBC4, 0xFBA3, 0xEB64, 0xDB44, 0xD363, 0xCB40, 0xA2C0, 0x71C0,
    0x5900, 0x71C0, 0x92A0, 0x92E1, 0xAB22, 0xCBE3, 0xDC64, 0xD464,
    0xCC23, 0xD483, 0xE525, 0xCCC5, 0xBC64, 0xD4E4, 0xD524, 0xBCA3,
    0xA423, 0xB4A5, 0xB4C6, 0xA4A5, 0xD5E7, 0xEEA8, 0xDE47, 0xD627,
    0xD647, 0xDE87, 0xDE86, 0xDEA6, 0xDE87, 0xD667, 0xD6A7, 0xD687,
    0xC606, 0xB5A5, 0xC605, 0xD6A6, 0xCE86, 0xD686, 0xDEA7, 0xD6A7,
    0xCE46, 0xC625, 0xC5E4, 0xC5E4, 0xB564, 0x9CA4, 0x9464, 0x9CA3,
    0xAD01, 0x9C61, 0x9C43, 0xACC4, 0xACA4, 0xCD65, 0xDDE6, 0xC544,
    0xBCC3, 0xB482, 0xAC22, 0xAC22, 0x9BE2, 0x9362, 0x9B82, 0x9B82,
    0x9342, 0x8B01, 0x9302, 0x9B22, 0x9B22, 0x82A1, 0x7A61, 0x9AE1,
    0x7A40, 0x5180, 0x4940, 0x5180, 0x61C0, 0x61A0, 0x5980, 0x38E0,
    0x2060, 0x30A0, 0x1860, 0x0000, 0x8020, 0xB081, 0xD0C1, 0xA880,
    0xB8C0, 0xD142, 0xE1C4, 0xE1E5, 0xE1E5, 0xEA25, 0xF348, 0xFBCA,
    0xFB48, 0xEA64, 0xEAA4, 0xF3C8, 0xFC6A, 0xF449, 0xF44A, 0xF4AC,
    0xF4AB, 0xF4AB, 0xFD2D, 0xFD4D, 0xF4EB, 0xF4AA, 0xFCA9, 0xFD0A,
    0xFD0A, 0xFC46, 0xFCA8, 0xFDAD, 0xFE2E, 0xFDC9, 0xFD46, 0xFDA9,
    0xFE0C, 0xFE6E, 0xFE6E, 0xFDEA, 0xFE0B, 0xFE8E, 0xFEEF, 0xFEEE,
    0xFEAD, 0xFE6C, 0xFEED, 0xFF6F, 0xFF2E, 0xFF08, 0xFF26, 0xFF28,
    0xFF08, 0xEEA7, 0xE666, 0xE687, 0xEEC7, 0xEF07, 0xEF08, 0xEF28,
    0xEF28, 0xE707, 0xDEC7, 0xDEE7, 0xE707, 0xEF47, 0xEF68, 0xFFC9,
    0xFFE9, 0xF788, 0xE727, 0xE707, 0xDEE6, 0xC605, 0xA4E3, 0xA4E4,
    0xAD24, 0xA4C2, 0xA4A3, 0xB526, 0xC5C7, 0xBD63, 0xBD62, 0xCDA4,
    0xACC3, 0xAC82, 0xB4A2, 0xAC83, 0x9C22, 0x93E2, 0xA402, 0xA3E2,
    0x9BA1, 0x8B41, 0x9B82, 0xA3C2, 0x9B62, 0x9341, 0x7AA1, 0x6220,
    0x6A20, 0x7261, 0x7A61, 0x7A40, 0x61E0, 0x61C0, 0x7200, 0x7200,
    0x5980, 0x38E0, 0x38E0, 0x4100, 0x40E0, 0x38E0, 0x1840, 0x0800,
    0x8020, 0xA080, 0xD0C1, 0xC8A1, 0xC923, 0xD9C5, 0xEA26, 0xF286,
    0xF2A7, 0xF2A7, 0xFAC6, 0xFAC5, 0xF327, 0xFBA9, 0xFBC9, 0xF3A8,
    0xF3C8, 0xFCCD, 0xFD70, 0xFD4E, 0xFD6F, 0xF5D2, 0xF5D2, 0xF4CA,
    0xF4EB, 0xF632, 0xF6B6, 0xFF5B, 0xF7BD, 0xF6D6, 0xF652, 0xF5F0,
    0xF58C, 0xF5EF, 0xF631, 0xEDED, 0xED68, 0xEDAB, 0xFEF4, 0xFF76,
    0xFF75, 0xFF12, 0xFEAF, 0xFF13, 0xFF77, 0xFF55, 0xFEF2, 0xFF54,
    0xFFF9, 0xFF95, 0xF6EE, 0xF70C, 0xFF4C, 0xFF6D, 0xFF4C, 0xFF28,
    0xF707, 0xE6C8, 0xCE46, 0xCE25, 0xCE45, 0xD665, 0xC625, 0xBDA5,
    0xB585, 0xB5C6, 0xA524, 0x73A1, 0x5AA0, 0x7BA2, 0x94A3, 0x83E1,
    0x8C41, 0xAD23, 0xA503, 0x9CA4, 0x9C83, 0x9CA2, 0x9C82, 0x8C22,
    0x9C84, 0xCE07, 0xEEC7, 0xDE24, 0xB503, 0xA463, 0xA462, 0xAC42,
    0x7300, 0x5A60, 0x8BA1, 0xAC22, 0xAC02, 0xA3C2, 0xA3C2, 0x9341,
    0x72A1, 0x8B21, 0xAB82, 0xA362, 0x9B21, 0x8281, 0x6A20, 0x6A00,
    0x6A00, 0x7A20, 0x8220, 0x71E0, 0x5980, 0x5160, 0x5140, 0x4920,
    0x38C0, 0x2080, 0x0820, 0x0000, 0xA060, 0xB080, 0xC0A0, 0xB8A0,
    0xC902, 0xD964, 0xE1A5, 0xEA25, 0xEA65, 0xE225, 0xD1A3, 0xD9C3,
    0xFAA5, 0xFB06, 0xF305, 0xFB05, 0xFB25, 0xE2E4, 0xBA62, 0xCA61,
    0xF343, 0xFC48, 0xF4EC, 0xF46A, 0xFBC5, 0xFC05, 0xFD8D, 0xFD8D,
    0xF4A8, 0xFCE8, 0xFDAD, 0xFDAD, 0xFCE6, 0xFCE6, 0xF508, 0xF528,
    0xFD46, 0xFD44, 0xFD03, 0xC422, 0xB3E1, 0xD482, 0xED24, 0xED65,
    0xEDA7, 0xF64A, 0xF68A, 0xEDE6, 0xDD63, 0xEE68, 0xFF2C, 0xF6A9,
    0xE626, 0xE667, 0xF709, 0xE687, 0xCE07, 0xC5A7, 0xC5E6, 0xBD85,
    0xB545, 0xBD85, 0xB5A5, 0xB5C6, 0xBDE6, 0xB586, 0xA525, 0xA524,
    0xA544, 0x9D03, 0xA524, 0xBDC5, 0xBDC5, 0xB584, 0xBDC3, 0xC5E4,
    0xBDC5, 0xB564, 0xAD04, 0xA4C2, 0x9441, 0x83A1, 0x7321, 0x7B61,
    0xA482, 0xBCE3, 0xB4C3, 0xBCC3, 0xB483, 0xB462, 0xB482, 0xB442,
    0xBC63, 0xC4A3, 0xB443, 0xA3A2, 0xA382, 0xBC03, 0xBC23, 0xABA2,
    0xAB82, 0xB382, 0xAB42, 0x92C1, 0x92C2, 0xA2E2, 0x9281, 0x8A60,
    0x7A20, 0x69E0, 0x4940, 0x38E0, 0x40E0, 0x30A0, 0x1020, 0x0000,
    0x7820, 0x8840, 0xA8A0, 0xB8A1, 0xB8C1, 0xB0E1, 0xB121, 0xDA05,
    0xF267, 0xE204, 0xC982, 0xD9C3, 0xE245, 0xDA03, 0xD1E2, 0xE263,
    0xFAE5, 0xFAE5, 0xEAA4, 0xEAE4, 0xF305, 0xFB04, 0xFB24, 0xF323,
    0xEB85, 0xEBC6, 0xE3A5, 0xE343, 0xF384, 0xF406, 0xE3C4, 0xCB64,
    0xCBC5, 0xE426, 0xF485, 0xF4A6, 0xE4A6, 0xCC86, 0xDCC7, 0xED48,
    0xFD88, 0xED68, 0xE567, 0xDD27, 0xDD47, 0xEDC7, 0xE5A6, 0xBCC6,
    0x93E5, 0xAC65, 0xBD04, 0xB4C4, 0xB4E5, 0xC566, 0xD607, 0xCE07,
    0xC5C6, 0xBD65, 0xB545, 0xA4E5, 0x9CA5, 0xA4E5, 0xB585, 0xBDC5,
    0xB5A4, 0xC626, 0xDEE8, 0xE6E7, 0xC626, 0xAD64, 0xA523, 0xAD43,
    0xBDA4, 0xC606, 0xCE65, 0xC625, 0xC605, 0xCE24, 0xD645, 0xCE05,
    0xC5A5, 0xCDC4, 0xCD84, 0xBD44, 0xC584, 0xBD24, 0xBD24, 0xDDC5,
    0xFE86, 0xFE65, 0xE5A5, 0xF626, 0xFE46, 0xED84, 0xDD04, 0xE524,
    0xED44, 0xDCC4, 0xCC63, 0xCC43, 0xD443, 0xCC03, 0xC3C3, 0xBBA3,
    0xBBA3, 0xBB63, 0xAAE2, 0x9AA1, 0x9AA1, 0x9AA1, 0x8220, 0x5960,
    0x30C0, 0x1840, 0x0000, 0x0000, 0x8020, 0x8860, 0xA8A1, 0xB0A1,
    0xB0C1, 0xB0E2, 0xC101, 0xD101, 0xE182, 0xEA04, 0xDA03, 0xB182,
    0xA982, 0xDA24, 0xDA25, 0xA1C3, 0x91A1, 0xAA02, 0xCA84, 0xC283,
    0xBA83, 0xBAA3, 0xBAC4, 0xA263, 0x9A43, 0x9A42, 0x8A22, 0xAAC4,
    0xCB65, 0xC364, 0xC385, 0xCBA6, 0xC3A5, 0xC3A5, 0xBBC4, 0xAB63,
    0x82A2, 0x9B23, 0xDCA5, 0xDCC5, 0xB3E4, 0xA3A4, 0xCCC6, 0xBCA5,
    0x9BE4, 0x9C04, 0xA425, 0xAC65, 0xAC85, 0xB4C6, 0xB4A6, 0xACA5,
    0xBD45, 0xB525, 0xA4A4, 0xACE5, 0xC5A6, 0xCE07, 0xC5E6, 0xC5C5,
    0xC5C5, 0xBDA6, 0xB586, 0xB564, 0xA523, 0xA524, 0xA544, 0xAD44,
    0xA504, 0xAD45, 0xBDC5, 0xB5A5, 0x9D03, 0xA522, 0xCE25, 0xDEA6,
    0xD666, 0xD686, 0xE6C6, 0xEEE6, 0xEEE6, 0xF6E7, 0xF6E6, 0xEEC6,
    0xEE86, 0xF686, 0xF6A6, 0xF645, 0xF625, 0xEE05, 0xE5A4, 0xF605,
    0xF5E6, 0xED85, 0xED84, 0xF585, 0xFD85, 0xED24, 0xE504, 0xE4C4,
    0xDC84, 0xD443, 0xD423, 0xE443, 0xD403, 0xC3A2, 0xBB42, 0xB322,
    0xAB02, 0x9AA1, 0x8221, 0x6180, 0x4100, 0x40E0, 0x2880, 0x1040,
    0x8020, 0x8840, 0x9880, 0xB081, 0xC0E2, 0xB923, 0x98E2, 0x98E2,
    0xA922, 0xC9A3, 0xE1E4, 0xEA04, 0xE223, 0xEA43, 0xDA23, 0xDA43,
    0xEAC5, 0xD2A4, 0xC263, 0xD284, 0xDAC5, 0xDB05, 0xC2E4, 0xCAE4,
    0xDB44, 0xE385, 0xD365, 0xBB04, 0xC324, 0xCB64, 0xDBC5, 0xCBA4,
    0xB344, 0xB364, 0xBBA4, 0xC3E6, 0xB3C6, 0xB3C5, 0xB3E5, 0xABE5,
    0xBC45, 0xC486, 0xC486, 0xBC86, 0xC4C7, 0xD546, 0xD547, 0xCD06,
    0xBD06, 0xC526, 0xB4C5, 0x9C25, 0xA485, 0xB525, 0xBD45, 0xCDC6,
    0xD606, 0xCDE6, 0xBDA6, 0xC5E7, 0xC5E6, 0xBDA5, 0xC606, 0xBDE7,
    0xAD44, 0xAD44, 0xA524, 0x94A4, 0xA504, 0xA503, 0x9CE2, 0xAD64,
    0xB5A5, 0xAD44, 0x9CC2, 0x9CC2, 0xB544, 0xC5C4, 0xC5E5, 0xCE25,
    0xDE65, 0xD625, 0xDE25, 0xDE46, 0xDE05, 0xE645, 0xEE45, 0xE605,
    0xE5E5, 0xEDE5, 0xEDC5, 0xEDC5, 0xEDA5, 0xE564, 0xED64, 0xED44,
    0xED24, 0xED04, 0xECE4, 0xDC83, 0xBBE3, 0xBBC3, 0xBBC3, 0xBB82,
    0xB342, 0xB322, 0xB322, 0xAB02, 0xA2A1, 0x8A41, 0x7A00, 0x6180,
    0x4920, 0x4920, 0x2880, 0x1040, 0x8020, 0x8840, 0x9080, 0x9081,
    0x9881, 0xB0A1, 0xD901, 0xE162, 0xD982, 0xD182, 0xE224, 0xEA44,
    0xEA23, 0xF244, 0xF2A4, 0xFB05, 0xFB05, 0xF284, 0xFA83, 0xFB45,
    0xFB66, 0xE2E3, 0xCA62, 0xEB45, 0xD325, 0x9A22, 0xB282, 0xDB63,
    0xC343, 0x7A22, 0x8242, 0xBB64, 0xD3E7, 0xB345, 0xAAE3, 0xD382,
    0xD3C2, 0xC3E3, 0xCC24, 0xDC64, 0xE4A4, 0xCC84, 0xABC3, 0xA3C3,
    0xA3E3, 0x9384, 0x93A4, 0xAC65, 0xCD46, 0xD5C7, 0xDE07, 0xDE27,
    0xBD45, 0xB4E5, 0xB505, 0xA4A4, 0x83E3, 0x8C03, 0xBD64, 0xCDE6,
    0xC5C6, 0xB565, 0xAD65, 0xBDC6, 0xCE47, 0xD6A7, 0xD6C6, 0xD6A6,
    0xDEC6, 0xC606, 0xAD45, 0xBDC5, 0xC625, 0xD686, 0xD687, 0xCE06,
    0xB565, 0xB564, 0xB563, 0xBD84, 0xBD65, 0xB525, 0xB524, 0xC563,
    0xBD04, 0xACA3, 0xAC83, 0xBCE3, 0xC504, 0xBCE4, 0xC4C3, 0xD504,
    0xDD44, 0xD504, 0xCCC4, 0xCC83, 0xC463, 0xCC63, 0xCC43, 0xBBE2,
    0xA342, 0x9301, 0x9B02, 0xAB42, 0xA302, 0x92C1, 0x92A1, 0x8A61,
    0x8241, 0x7A01, 0x69A0, 0x4920, 0x38C0, 0x38C0, 0x2060, 0x0820,
    0x7820, 0x8860, 0xA8A1, 0xC0A0, 0xC0E1, 0xC983, 0xDA05, 0xEA46,
    0xF246, 0xF246, 0xF286, 0xF348, 0xF42A, 0xFC0A, 0xF40B, 0xF40A,
    0xF3C8, 0xF4CC, 0xF52E, 0xF46B, 0xF46A, 0xFC8B, 0xFC8A, 0xFC27,
    0xFBC5, 0xFC07, 0xFCCA, 0xFCC9, 0xFC87, 0xFC65, 0xFCA6, 0xFC86,
    0xFC44, 0xFCE6, 0xFE2E, 0xFF55, 0xFF13, 0xFED0, 0xFEAF, 0xFE2B,
    0xFE0B, 0xFE6C, 0xFEAC, 0xFE89, 0xFE68, 0xF66A, 0xF649, 0xF647,
    0xF626, 0xE5E6, 0xDDE7, 0xE628, 0xD5E6, 0xBD45, 0xBD45, 0xDE47,
    0xE6C7, 0xD626, 0xB564, 0xAD23, 0xA4E3, 0x8C43, 0xAD44, 0xBDE4,
    0xAD43, 0xAD64, 0xB586, 0xBDA5, 0xBDE4, 0xC645, 0xD6A7, 0xD6A7,
    0xC605, 0xBDC4, 0xCE25, 0xD667, 0xCE27, 0xC5C5, 0xBD84, 0xB543,
    0xB523, 0xBD65, 0xC565, 0xBD24, 0xBD24, 0xC524, 0xC524, 0xBCC4,
    0xA443, 0xAC63, 0xCD24, 0xB463, 0x8321, 0x8300, 0xABE2, 0xBC42,
    0xA382, 0xABA2, 0xABA2, 0xA382, 0x9302, 0x92E2, 0x9AE2, 0x8AA1,
    0x8A81, 0x8260, 0x7A20, 0x71E0, 0x61A0, 0x5980, 0x4940, 0x4920,
    0x4920, 0x40E0, 0x1860, 0x0000, 0x7020, 0x9040, 0xB8A1, 0xC082,
    0xC8E2, 0xD143, 0xD164, 0xD9E5, 0xF2C7, 0xFB28, 0xEA44, 0xEA23,
    0xFB27, 0xFBC9, 0xFC0A, 0xF3A7, 0xF365, 0xF4CD, 0xFDB2, 0xFCCD,
    0xF4CC, 0xF52E, 0xF590, 0xF54E, 0xF50D, 0xF50C, 0xF4EA, 0xF4A9,
    0xF4C9, 0xF50A, 0xF54B, 0xF58C, 0xF5EE, 0xF569, 0xF4C6, 0xECC7,
    0xECE7, 0xF547, 0xF588, 0xF5C9, 0xFE0A, 0xFEAD, 0xFF13, 0xF6D1,
    0xEE4D, 0xF68D, 0xFF0E, 0xFEED, 0xFEC9, 0xFF2A, 0xFF4A, 0xFEA7,
    0xF6A7, 0xF6E8, 0xFF28, 0xFF4A, 0xFF4A, 0xF749, 0xF748, 0xFFA8,
    0xFFC8, 0xF768, 0xF768, 0xF789, 0xF788, 0xEF27, 0xDEC6, 0xD6C7,
    0xD6A7, 0xD686, 0xCE66, 0xD686, 0xD6A6, 0xD686, 0xD645, 0xC604,
    0xC604, 0xC5E5, 0xC5C5, 0xBD64, 0xAD03, 0xB524, 0xBD44, 0xB524,
    0xBD44, 0xC524, 0xBD04, 0xBD04, 0xB4C3, 0xAC62, 0xAC43, 0xA403,
    0xA3E2, 0x9BC2, 0xABE2, 0x9B61, 0x7AC0, 0x9B62, 0x9322, 0x7280,
    0x8AC1, 0xAB62, 0xAB42, 0x6A21, 0x7A20, 0x7A20, 0x5160, 0x59A0,
    0x69E0, 0x61A0, 0x4100, 0x40E0, 0x5120, 0x40E0, 0x1020, 0x0000,
    0x7020, 0x7840, 0x9880, 0xA0A1, 0xB0C2, 0xB8E1, 0xB8E1, 0xB0E1,
    0xC101, 0xE183, 0xE203, 0xE244, 0xDA02, 0xB941, 0xD1A2, 0xF2E5,
    0xFBE7, 0xFBE7, 0xF326, 0xF2E5, 0xF385, 0xFC06, 0xFC8A, 0xFD4E,
    0xFDAF, 0xFCEA, 0xFC06, 0xFBE6, 0xFC88, 0xFD2A, 0xFD4A, 0xFCE8,
    0xFCC6, 0xFC64, 0xFC64, 0xF4C5, 0xF4C5, 0xECC6, 0xECE6, 0xFD26,
    0xF545, 0xDD04, 0xDCC4, 0xF564, 0xFE66, 0xFECA, 0xFE89, 0xF668,
    0xFE88, 0xEE89, 0xE648, 0xE626, 0xEE88, 0xF6E8, 0xF6E7, 0xF708,
    0xEF08, 0xEF08, 0xEF07, 0xF748, 0xF768, 0xE707, 0xDEA6, 0xDEC7,
    0xEF27, 0xEF68, 0xE707, 0xD6A7, 0xD6A6, 0xE707, 0xE726, 0xDEE6,
    0xDEC6, 0xDEE6, 0xDEC6, 0xDEA6, 0xDE86, 0xD646, 0xD646, 0xDE45,
    0xDE45, 0xDE46, 0xDE46, 0xDE06, 0xCDA5, 0xCD64, 0xCD64, 0xD584,
    0xC504, 0xBCA3, 0xBCA3, 0xBC83, 0xAC23, 0xA3E2, 0xAC02, 0xA3A2,
    0x8B01, 0x8B01, 0x9B41, 0xABA2, 0xAB62, 0x92E0, 0x7A60, 0x6A20,
    0x8261, 0x8A61, 0x7200, 0x69C0, 0x61A0, 0x61C0, 0x5960, 0x4920,
    0x4900, 0x38C0, 0x1840, 0x0000, 0x6000, 0x7020, 0x8860, 0x9080,
    0xA0A0, 0xB8E1, 0xC102, 0xC962, 0xC962, 0xC162, 0xA942, 0xC1A2,
    0xEA24, 0xF264, 0xFAC5, 0xFB06, 0xFB06, 0xCA64, 0xC243, 0xF325,
    0xFBA6, 0xE345, 0xDA82, 0xE2A1, 0xEB03, 0xDB24, 0xCB24, 0xB2C3,
    0xAAA2, 0xC302, 0xDB83, 0xE3E4, 0xE404, 0xDC25, 0xE466, 0xECA6,
    0xDC85, 0xCC44, 0xCC65, 0xCC86, 0xC446, 0xABE3, 0xABE2, 0xBC85,
    0xCCC7, 0xC4A6, 0xBC64, 0xA423, 0x93C3, 0x9C03, 0xACA4, 0xC545,
    0xC565, 0xC586, 0xBD66, 0xB524, 0xB524, 0xB544, 0xA4E4, 0x9463,
    0x9C83, 0xB544, 0xBDC6, 0xB5C6, 0xAD64, 0xB584, 0xBDE4, 0xBDE5,
    0xB584, 0xB5A4, 0xC605, 0xC605, 0xC605, 0xBDC5, 0xB584, 0xBDA4,
    0xC5C5, 0xC5E5, 0xC5C5, 0xC5C5, 0xCDE5, 0xD625, 0xD5E5, 0xD5C5,
    0xD5E5, 0xCDA4, 0xBD03, 0xA462, 0xAC63, 0xB463, 0xA3E2, 0xAC02,
    0xB463, 0xB443, 0xABE2, 0xA3A2, 0xA3A2, 0xB3C2, 0xABC2, 0x9B42,
    0x9301, 0xA341, 0xBB82, 0xAB22, 0x8261, 0x7220, 0x8240, 0x7A20,
    0x69C0, 0x61A0, 0x61A0, 0x5140, 0x38C0, 0x30C0, 0x1040, 0x0000,
    0x7020, 0x8040, 0x9880, 0x9881, 0xA0A1, 0x98C2, 0x90A1, 0xA8E2,
    0xA102, 0x9101, 0x8921, 0xA962, 0xC9E3, 0xC1C2, 0xC1E2, 0xCA23,
    0xD263, 0xCA43, 0xBA22, 0xC263, 0xD283, 0xD2C3, 0xC2E3, 0xC304,
    0xBAE4, 0xB2C4, 0xC324, 0xDBA4, 0xDBC5, 0xCB85, 0xC365, 0xC384,
    0xCBC4, 0xC3C4, 0xBBA3, 0xBBA4, 0xBBC4, 0xC404, 0xC424, 0xC424,
    0xD4C5, 0xED46, 0xD505, 0xBC84, 0xC4A5, 0xDD47, 0xE587, 0xBCA5,
    0x8B83, 0x9404, 0xACA4, 0xAC83, 0xACA3, 0xA4A4, 0xACC4, 0xAD04,
    0xB524, 0xACE4, 0x9444, 0x7BC3, 0x8402, 0x9483, 0x8C22, 0x8402,
    0x94A3, 0xA504, 0xA523, 0xA503, 0x94A3, 0x9CE4, 0xAD43, 0x9CA3,
    0x8C62, 0x9CC3, 0xB584, 0xB563, 0xA4E3, 0xAD23, 0xB544, 0xBD64,
    0xB544, 0xAD03, 0xA4A2, 0x9C63, 0x9C43, 0x9C22, 0x9C22, 0x9BE1,
    0x9C01, 0x9C22, 0x9BE2, 0xA422, 0xAC22, 0xB422, 0xB402, 0xABC2,
    0x9B61, 0x9B61, 0x9B62, 0x9B42, 0xA341, 0x9B21, 0x92E1, 0x82A1,
    0x8AA1, 0x8A81, 0x7200, 0x69C0, 0x69C0, 0x61C0, 0x6180, 0x5120,
    0x38E0, 0x30C0, 0x1840, 0x0820, 0x5000, 0x5000, 0x6840, 0x8060,
    0xA8C1, 0xA0E1, 0x70A0, 0x88C1, 0xA0E1, 0xB142, 0xC9A2, 0xC1C2,
    0xB1A2, 0xB1A3, 0xB1C3, 0xB1C3, 0xA9E2, 0xBA22, 0xC263, 0xBA62,
    0xAA42, 0xA242, 0xAA62, 0xAA62, 0xBAA3, 0xCB03, 0xC324, 0xC323,
    0xC343, 0xC343, 0xAAE2, 0x9AA2, 0xA303, 0xB363, 0xC3A3, 0xBBA4,
    0xAB84, 0xB3C4, 0xC424, 0xB3E3, 0xB3E4, 0xBC45, 0xB425, 0xA3E4,
    0xAC04, 0xC4C5, 0xD566, 0xE5C7, 0xDDC6, 0xC505, 0xAC64, 0x9C23,
    0x9403, 0x9444, 0xACE4, 0xC585, 0xBD85, 0xA4E4, 0x9484, 0x9CC4,
    0xAD44, 0xA504, 0x8C43, 0x8403, 0x8C83, 0x9CA3, 0xA503, 0xA523,
    0x9CC2, 0x9CA3, 0x9CE4, 0x94A3, 0x9CC3, 0x9CC3, 0x9483, 0x7BC2,
    0x8C01, 0xAD43, 0xB563, 0xACE4, 0xA4A4, 0xA4C3, 0xA4C3, 0x9C42,
    0x8BE3, 0x8BA2, 0x9402, 0xAC62, 0xB4A3, 0xB4A2, 0xB462, 0x9BE2,
    0xA3E2, 0xBC63, 0xB423, 0xA3C2, 0x9BA2, 0x9B82, 0x9321, 0x8AE1,
    0x9B01, 0x92E1, 0x82A0, 0x8280, 0x8261, 0x8261, 0x8240, 0x7200,
    0x69C0, 0x61A0, 0x5960, 0x4100, 0x30A0, 0x38C0, 0x2080, 0x1020,
    0x7020, 0x8040, 0x8880, 0x7860, 0x7060, 0x8880, 0xA8E1, 0xC962,
    0xD183, 0xC142, 0xB143, 0xA962, 0xC1C2, 0xDA23, 0xDA23, 0xC202,
    0xA9C0, 0xB221, 0xBA42, 0x99E1, 0x6121, 0x6142, 0x9202, 0x9222,
    0x69A1, 0x4900, 0x4921, 0x71C2, 0x9A82, 0xBB02, 0xBB23, 0xAB03,
    0xB344, 0xB343, 0xB363, 0xBBA3, 0xBBC4, 0xB3C4, 0xB3A4, 0xA3A3,
    0xA383, 0xABC4, 0xBC45, 0xC4C5, 0xCCC5, 0xC4E5, 0xB4A5, 0xAC65,
    0xA444, 0x7302, 0x6281, 0x7B82, 0xA484, 0x9C64, 0x7B82, 0x7B82,
    0x83A2, 0x8403, 0x9C84, 0xA4C4, 0x9483, 0x8402, 0x8402, 0x9463,
    0x9484, 0x8C43, 0x83E2, 0x7BE2, 0x7BE2, 0x8402, 0x7C02, 0x73A2,
    0x7BE2, 0x8C42, 0x8C62, 0x94A2, 0xAD23, 0xB564, 0xA4C3, 0x7B82,
    0x6B22, 0x83E3, 0x9442, 0x9402, 0xACA3, 0xACA4, 0x9C22, 0x9C01,
    0x9C01, 0x9BE1, 0x93A1, 0x9381, 0x93A2, 0xA3C2, 0xA3C2, 0xA3C2,
    0xA3A2, 0xA3A2, 0x9B41, 0x82C1, 0x8AC1, 0x9B01, 0xA321, 0x92C1,
    0x6A00, 0x69E0, 0x8220, 0x8240, 0x71E0, 0x5980, 0x4920, 0x38E0,
    0x30C0, 0x4900, 0x28A0, 0x0800, 0x7020, 0xA061, 0xC8C2, 0xC0A2,
    0xB0C1, 0xB902, 0xD943, 0xD143, 0xC142, 0xC963, 0xEA24, 0xF244,
    0xE203, 0xE223, 0xF2C5, 0xFB26, 0xF2C5, 0xE263, 0xDA63, 0xDAE4,
    0xDAE5, 0xC262, 0xB241, 0xC2A2, 0xCB04, 0xCB25, 0xDB84, 0xDB84,
    0xCB64, 0xD384, 0xCB84, 0xD3A4, 0xE405, 0xE425, 0xDC25, 0xD404,
    0xD445, 0xDC86, 0xDC85, 0xD4A4, 0xDCE5, 0xDCC5, 0xB424, 0xA3E4,
    0xAC25, 0xBCA5, 0xCD06, 0xC506, 0xBCE5, 0xBCE5, 0xB4C4, 0xA464,
    0x8382, 0x7B62, 0x8BE3, 0x9442, 0x9422, 0x7BA2, 0x6B61, 0x7BC2,
    0x7BC2, 0x5AC0, 0x52A0, 0x5AE0, 0x5AC1, 0x5AE1, 0x5AE1, 0x5B02,
    0x6B43, 0x7382, 0x7BC1, 0x7BE3, 0x7BC3, 0x7381, 0x7382, 0x7BC2,
    0x6B41, 0x4A40, 0x5260, 0x7BA1, 0x9442, 0x7B81, 0x6B00, 0x7B60,
    0x9C22, 0x9402, 0x7B41, 0x7320, 0x8B80, 0x9BE1, 0x8B81, 0x93A1,
    0xA3E1, 0xA3E1, 0x9BA1, 0x8B21, 0x82E1, 0x7AC0, 0x9321, 0xA382,
    0x9B21, 0x92E1, 0x82A0, 0x7A60, 0x7A40, 0x8240, 0x7A20, 0x7A00,
    0x69E0, 0x5980, 0x5960, 0x4920, 0x38C0, 0x38C0, 0x1860, 0x0000,
    0x5800, 0x7840, 0x9880, 0x9881, 0x9860, 0xB0C1, 0xE184, 0xE205,
    0xD9C4, 0xD183, 0xD9C4, 0xE224, 0xE264, 0xEA84, 0xE264, 0xE263,
    0xF2A3, 0xFB66, 0xFC08, 0xFC49, 0xFC89, 0xFCEB, 0xFCEA, 0xFC26,
    0xFBE5, 0xFC07, 0xFC26, 0xFC25, 0xFBE5, 0xE3C5, 0xDBC5, 0xE3E5,
    0xEC46, 0xF4A6, 0xF4A6, 0xE465, 0xE4A6, 0xFD47, 0xFDE8, 0xFDA8,
    0xF588, 0xF5C8, 0xFDC8, 0xF5A8, 0xDD26, 0xCCC4, 0xCCE4, 0xD566,
    0xE627, 0xEE47, 0xF687, 0xF6A7, 0xCDA6, 0xBD46, 0xC586, 0xCDA5,
    0xBD64, 0xBD85, 0xCE46, 0xB564, 0x9482, 0xA504, 0xB565, 0xAD45,
    0x94E6, 0x9CC5, 0x9483, 0x8422, 0x7BE2, 0x8402, 0x8C42, 0x7C02,
    0x6B82, 0x7382, 0x8C23, 0x8402, 0x7BC1, 0x83E2, 0x7BC2, 0x7BA2,
    0x8C02, 0xB524, 0xBD64, 0xB4E3, 0xBD44, 0xB504, 0xB4A3, 0xC503,
    0xAC82, 0x93C1, 0x93A1, 0x93A2, 0x9381, 0x9381, 0x9BA1, 0xA3A2,
    0x9B61, 0x82C0, 0x82A0, 0x8B01, 0x8AE0, 0x92E1, 0x92E1, 0x8280,
    0x7A40, 0x7220, 0x7200, 0x7200, 0x61C0, 0x5140, 0x4100, 0x38C0,
    0x2880, 0x2080, 0x0820, 0x0000, 0x6000, 0x8040, 0x9880, 0x8060,
    0x90A1, 0xA8C1, 0xB0E1, 0xB922, 0xC942, 0xD162, 0xD9E3, 0xE244,
    0xEA64, 0xF2A4, 0xFB27, 0xF3A8, 0xF387, 0xF366, 0xF345, 0xF365,
    0xEBC7, 0xEBC8, 0xF3A6, 0xEB65, 0xE344, 0xDB64, 0xF3E6, 0xEC07,
    0xE407, 0xFC67, 0xFC86, 0xFC45, 0xD3E5, 0xCBE5, 0xD425, 0xE465,
    0xE485, 0xE4A6, 0xDCA6, 0xD4A5, 0xE4E5, 0xFD87, 0xFDE7, 0xFE49,
    0xFF2E, 0xFFD2, 0xFE8A, 0xD523, 0xBCE6, 0x8BC2, 0x8BC1, 0xB504,
    0xDDE6, 0xCDA6, 0xB506, 0xC5A5, 0xC584, 0xACE3, 0xA4C4, 0x9CC4,
    0xB564, 0xD645, 0xBDC5, 0x9CE3, 0x94A3, 0xAD65, 0xBDA6, 0xAD45,
    0xA525, 0xAD44, 0xB584, 0xB584, 0xAD64, 0xAD44, 0xA4E4, 0x9CA3,
    0x9CC3, 0x94A2, 0x9482, 0x8C22, 0x8BE1, 0xACE3, 0xBD44, 0xBD44,
    0xCDC5, 0xDE05, 0xE626, 0xF666, 0xE5E5, 0xD564, 0xE5A4, 0xD544,
    0xC4A3, 0xBC63, 0xB423, 0xABE2, 0x9B81, 0x82E1, 0x7AC0, 0x8AE1,
    0x92E1, 0x8AC0, 0x82A0, 0x92C0, 0x8A81, 0x7220, 0x61C0, 0x5160,
    0x59A0, 0x69C0, 0x5160, 0x28A0, 0x2080, 0x38C0, 0x2060, 0x0000,
    0x8020, 0x9060, 0xA0A1, 0x9881, 0xA8A1, 0xB0C2, 0xB902, 0xC142,
    0xC963, 0xC983, 0xC182, 0xC181, 0xC9C1, 0xE223, 0xDA23, 0xDA43,
    0xF2A3, 0xFB05, 0xF346, 0xFB66, 0xF346, 0xF345, 0xFB65, 0xFBA6,
    0xFBE6, 0xFC26, 0xFC46, 0xF426, 0xEBE5, 0xDBA5, 0xDBA5, 0xE3E5,
    0xEC66, 0xFCE6, 0xFCE6, 0xEC85, 0xD424, 0xC403, 0xCC44, 0xD486,
    0xC466, 0xB404, 0xB424, 0xC484, 0xC483, 0xB464, 0xCD05, 0xEDE7,
    0xFEA9, 0xFF29, 0xFF09, 0xEE47, 0xDE27, 0xDE27, 0xDE27, 0xE687,
    0xE6A8, 0xDE67, 0xCE27, 0xCE47, 0xD647, 0xCE06, 0xAD64, 0xA543,
    0xB5A4, 0xC605, 0xB5A5, 0xA504, 0xB585, 0xBDC5, 0xB5A5, 0xC5E6,
    0xB565, 0x94A3, 0x9483, 0xA504, 0x9CA3, 0x6B80, 0x8401, 0xAD04,
    0xB504, 0x9C82, 0xA4C2, 0xCDA4, 0xD5E5, 0xDDE5, 0xD5E5, 0xDDC5,
    0xDDC5, 0xE5C5, 0xE5A5, 0xE584, 0xE5A4, 0xE564, 0xD4E4, 0xC463,
    0xBC23, 0xB3E2, 0xABA2, 0xA362, 0xAB62, 0x9B22, 0x92E1, 0xA302,
    0x9AE2, 0x8A81, 0x7A20, 0x7200, 0x69C0, 0x5160, 0x4940, 0x40E0,
    0x2880, 0x2060, 0x1020, 0x0800, 0x7820, 0x8840, 0xA8A0, 0xB0A1,
    0xC8E2, 0xC903, 0xC102, 0xB922, 0xC962, 0xE9C4, 0xE1E4, 0xE223,
    0xEA83, 0xF2A4, 0xFAC5, 0xEAA5, 0xD243, 0xBA02, 0xD263, 0xF2E4,
    0xE2C4, 0xD2C4, 0xDB05, 0xE344, 0xBAA3, 0x8A02, 0xAAA3, 0xCB44,
    0xDBA5, 0xDBC5, 0xDBC4, 0xCB84, 0xB364, 0xC384, 0xC3A3, 0xAB63,
    0xBBE4, 0xECE6, 0xFD86, 0xED26, 0xD4A6, 0xCCC5, 0xCCA4, 0xD506,
    0xDD88, 0xD567, 0xE5A6, 0xF606, 0xEE27, 0xDDE8, 0xDDE7, 0xEE87,
    0xEE87, 0xEEA8, 0xF6C8, 0xF709, 0xFF69, 0xFFAA, 0xFF89, 0xEEE8,
    0xDEA7, 0xDEC7, 0xDEA8, 0xE708, 0xFFC9, 0xEF27, 0xCE65, 0xC625,
    0xD686, 0xCE46, 0xB585, 0xAD45, 0xA4E4, 0xB565, 0xE6E8, 0xDEC8,
    0xCE26, 0xCE46, 0xCE05, 0xC5C5, 0xCE06, 0xDE46, 0xDE26, 0xD605,
    0xD5E5, 0xD5C5, 0xDDE5, 0xF667, 0xF646, 0xE5C5, 0xE584, 0xD544,
    0xCCE3, 0xCCC4, 0xD504, 0xE524, 0xDCE4, 0xDCC4, 0xD483, 0xCC43,
    0xC403, 0xC3E3, 0xC3C3, 0xBBA2, 0xAB42, 0x9AE2, 0x8A61, 0x71E0,
    0x61A0, 0x5160, 0x4940, 0x4900, 0x40E0, 0x38C0, 0x1840, 0x0000,
    0x7020, 0x8840, 0xA881, 0xC0A1, 0xD922, 0xE163, 0xD963, 0xB122,
    0xA901, 0xC162, 0xD9C3, 0xE225, 0xDAA5, 0xE283, 0xEA84, 0xF2C5,
    0xFAE5, 0xF2E4, 0xF305, 0xFBC7, 0xFB86, 0xF325, 0xEB46, 0xDB25,
    0xCAE5, 0xBAC4, 0xCB24, 0xD364, 0xCB44, 0xB2E3, 0xCB63, 0xE405,
    0xD3E5, 0xBB63, 0xAB43, 0xC3C4, 0xDC45, 0xD465, 0xCC45, 0xC445,
    0xD4A6, 0xED47, 0xFDA7, 0xFE08, 0xF628, 0xF628, 0xFE48, 0xFE88,
    0xFEA8, 0xFEC8, 0xFEC8, 0xF6C8, 0xEE67, 0xEE87, 0xEEC7, 0xEEA8,
    0xDE67, 0xD646, 0xDE87, 0xE6A7, 0xDE87, 0xD667, 0xDEC7, 0xDEC7,
    0xD6A7, 0xDEE8, 0xFFCA, 0xFFEA, 0xF7A8, 0xE707, 0xE728, 0xEF48,
    0xE708, 0xD686, 0xCE45, 0xD685, 0xE6E6, 0xF727, 0xF728, 0xF727,
    0xF707, 0xFF67, 0xFF67, 0xFF07, 0xEE67, 0xE626, 0xE606, 0xD5A4,
    0xD564, 0xDD64, 0xE5A4, 0xDD63, 0xC4E3, 0xB463, 0xBC63, 0xD4C3,
    0xE504, 0xF544, 0xF544, 0xED04, 0xDC84, 0xC3E3, 0xB3A2, 0xBBA2,
    0xBB62, 0xA2E2, 0x7220, 0x69C0, 0x69C0, 0x5980, 0x4940, 0x4100,
    0x4100, 0x38E0, 0x1860, 0x0800, 0x8840, 0x8840, 0x9881, 0xB0A2,
    0x8880, 0x7880, 0xA8E1, 0xE163, 0xE183, 0xC163, 0xB982, 0xB981,
    0xB182, 0xB9A3, 0xC9E3, 0xE243, 0xE263, 0xEA84, 0xEAE4, 0xEB05,
    0xDAC4, 0xC263, 0xAA63, 0xD324, 0xFBE5, 0xFC05, 0xDB64, 0xC324,
    0xD365, 0xBB23, 0xC343, 0xCB84, 0xCBA4, 0xDC24, 0xC3C3, 0x92C2,
    0x92E3, 0xB3A4, 0xD465, 0xBC05, 0xB3E4, 0xBC24, 0xBC45, 0xC4A5,
    0xD525, 0xDD65, 0xCD05, 0xBCC5, 0xC505, 0xDDC7, 0xEE68, 0xEE88,
    0xE668, 0xD607, 0xCDE8, 0xE668, 0xEEC9, 0xEEC9, 0xE6C8, 0xE6E8,
    0xD687, 0xBDE6, 0xBDC6, 0xC5E6, 0xBDC6, 0xB5A6, 0xBDC6, 0xC646,
    0xD6A7, 0xDEE8, 0xDEC7, 0xDEA7, 0xE6E7, 0xF7A9, 0xFFEB, 0xFFCA,
    0xEF07, 0xEF07, 0xF727, 0xFF88, 0xFFA9, 0xF728, 0xDE46, 0xD5E5,
    0xDE06, 0xDDC5, 0xCD64, 0xC544, 0xD584, 0xE5A4, 0xDD64, 0xDD64,
    0xD524, 0xC483, 0xBC43, 0xABE2, 0xB3E2, 0xCC63, 0xDCA4, 0xD483,
    0xCC23, 0xBBC3, 0xBBA3, 0xB363, 0xA302, 0x92A1, 0x8241, 0x7A00,
    0x69C0, 0x4940, 0x4120, 0x40E0, 0x40E0, 0x4100, 0x2080, 0x0820,
    0x7020, 0x8040, 0xA080, 0xC0A2, 0xD103, 0xD123, 0xC903, 0xD163,
    0xD9A4, 0xD9C4, 0xE1E3, 0xEA43, 0xFA84, 0xFAA5, 0xFB05, 0xF346,
    0xEB47, 0xF305, 0xEAA4, 0xDA63, 0xD2C4, 0xC2E4, 0xB283, 0xD2E3,
    0x89C1, 0x2880, 0x6160, 0x9A41, 0xA262, 0x9282, 0xAAE3, 0xBB43,
    0xB343, 0xB343, 0xC3A4, 0xD425, 0xECC7, 0xFD07, 0xFD66, 0xFD87,
    0xFDC8, 0xFE49, 0xFE48, 0xFE07, 0xDD67, 0xD526, 0xDD66, 0xDDA6,
    0xCD66, 0xC546, 0xA464, 0x7B61, 0x8BE2, 0x9C44, 0x9C44, 0xACE5,
    0xAD04, 0xB544, 0xCE26, 0xD667, 0xD647, 0xD687, 0xD667, 0xC606,
    0xBE06, 0xCE66, 0xDEC7, 0xD686, 0xBDE5, 0xBDC5, 0xC606, 0xCE67,
    0xCE26, 0xC5E4, 0xCE45, 0xD666, 0xDE87, 0xEF07, 0xF706, 0xF707,
    0xE6A7, 0xC585, 0xBD44, 0xD5C5, 0xDE25, 0xD5C5, 0xD5C5, 0xE5E6,
    0xDDC5, 0xD544, 0xC4E4, 0xD524, 0xCCE3, 0xB422, 0xA3E2, 0xA3A2,
    0x9B81, 0xA382, 0x9B42, 0x9301, 0x9301, 0x8AA1, 0x7A41, 0x7221,
    0x7220, 0x7200, 0x69E0, 0x7A00, 0x69C0, 0x4940, 0x71C0, 0x6180,
    0x30A0, 0x28A0, 0x2080, 0x2880, 0x7820, 0x8840, 0xA881, 0xB881,
    0xD102, 0xE1A4, 0xE1E5, 0xD9A3, 0xD182, 0xDA04, 0xFAC7, 0xFAC6,
    0xEA64, 0xEA84, 0xEA84, 0xF2A4, 0xFB46, 0xF3E7, 0xF3E8, 0xFBA6,
    0xFBC7, 0xFBE7, 0xFBE6, 0xFC68, 0xFC89, 0xFC68, 0xFC67, 0xFCE9,
    0xFD8B, 0xFD08, 0xF406, 0xDBA5, 0xE446, 0xFD28, 0xFD48, 0xE466,
    0xC3E5, 0xB3A4, 0xB3C4, 0xB3E4, 0xA3A4, 0x9B84, 0xABE5, 0xDD27,
    0xE588, 0xC4E5, 0xC4C6, 0xCD47, 0xC526, 0xB4C5, 0xC546, 0xE627,
    0xF6C8, 0xCDA6, 0x9444, 0x9444, 0xA4A4, 0xA4A4, 0x9463, 0x7362,
    0x6B01, 0x8424, 0xAD25, 0xBDC5, 0xB585, 0x8402, 0x6B62, 0x8445,
    0x8404, 0x8403, 0x8423, 0x7BE3, 0x9CE3, 0xBDA4, 0xBD86, 0xAD26,
    0xB585, 0xD686, 0xD666, 0xBD85, 0xB525, 0xCDC6, 0xDE26, 0xCDA5,
    0xBD23, 0xB4E3, 0xC524, 0xCD45, 0xC524, 0xAC62, 0x8B80, 0x8341,
    0x9382, 0xA3E2, 0xA3C2, 0x9B81, 0x8B00, 0x8AE0, 0x82A1, 0x7A81,
    0x7A81, 0x8AC2, 0x92C1, 0x8261, 0x59A0, 0x4960, 0x59A0, 0x61A0,
    0x5160, 0x3900, 0x71C0, 0x61A0, 0x2080, 0x1040, 0x1020, 0x1040,
    0x7800, 0x8040, 0x9881, 0xA8A1, 0xB0A1, 0xB0C1, 0xB0E1, 0xB102,
    0xB942, 0xC142, 0xC182, 0xB982, 0xA962, 0xC9C2, 0xDA23, 0xEAA4,
    0xFB26, 0xFB46, 0xF305, 0xEAC3, 0xEB25, 0xEB86, 0xEB86, 0xEBA6,
    0xF3E6, 0xF3E5, 0xEBA5, 0xDB64, 0xDB65, 0xEC26, 0xF426, 0xEC05,
    0xF486, 0xC3A5, 0xA304, 0xCBC5, 0xFDA9, 0xFE4A, 0xE4E8, 0xABA6,
    0xA3A5, 0x9BA4, 0x6261, 0x49C0, 0x5200, 0x51E0, 0x2920, 0x20E0,
    0x5220, 0x9C23, 0x8BA3, 0x39A0, 0x62C1, 0x9443, 0xA484, 0x9423,
    0x9444, 0xAD25, 0xCE07, 0xDE87, 0xD646, 0xBDC6, 0xAD45, 0xA525,
    0xAD45, 0xB585, 0xCE46, 0xBDE6, 0x62E1, 0x4200, 0x6B41, 0x8402,
    0x9CC4, 0xAD24, 0xAD25, 0xAD24, 0xB543, 0xC5E4, 0xBD84, 0xBD64,
    0xC5A3, 0xB522, 0xA4A3, 0xB4E5, 0xD5C5, 0xDDE4, 0xC523, 0xA444,
    0xAC83, 0xCD03, 0xC4E3, 0xB443, 0xA3C2, 0x9BA2, 0x9BA3, 0x9362,
    0x9B61, 0xA382, 0xA362, 0x9301, 0x7A80, 0x8281, 0x8282, 0x7220,
    0x59A0, 0x69E0, 0x9A82, 0x8241, 0x61A0, 0x5160, 0x4940, 0x4100,
    0x38C0, 0x4920, 0x28A0, 0x0820, 0x7020, 0x8040, 0x9880, 0x9881,
    0x9081, 0x98C1, 0xB102, 0xC122, 0xC142, 0xA941, 0x9121, 0x8921,
    0xB1A2, 0xFAC4, 0xEAC3, 0xBA22, 0xCA23, 0xDA43, 0xF304, 0xFBE7,
    0xFC08, 0xF366, 0xF324, 0xFBA5, 0xFBE6, 0xE385, 0xDB86, 0xE3A6,
    0xF406, 0xFC67, 0xCB85, 0xB326, 0xEC68, 0xCBC7, 0xA324, 0xA323,
    0x7241, 0x4980, 0x6A21, 0xABC4, 0xE506, 0xE546, 0xD4E5, 0xA3E4,
    0x8323, 0x8362, 0x7B22, 0x6AC2, 0x5241, 0x5A81, 0x5A61, 0x4A00,
    0x6AE1, 0x83A2, 0x83C3, 0x7342, 0x7342, 0x8BE3, 0x9464, 0x8C44,
    0x9483, 0xB565, 0xB565, 0xAD65, 0xC5E5, 0xBDE5, 0xBDE6, 0xC606,
    0xBDE5, 0xC625, 0xC626, 0xBDC5, 0x9483, 0x7362, 0x6B62, 0x83E3,
    0x9C84, 0xAD25, 0xB544, 0xBD64, 0xCDE4, 0xCDE5, 0xCDC6, 0xC586,
    0xBD04, 0x9C22, 0x93E1, 0xA443, 0xB4A3, 0xB482, 0xAC42, 0xCCE4,
    0xBC83, 0x9340, 0x8B00, 0x9B62, 0x9B81, 0x82C0, 0x7AA0, 0x8AC1,
    0x82A1, 0x8AC1, 0x7A60, 0x61E0, 0x51A0, 0x69E0, 0x8201, 0x69E0,
    0x5980, 0x5140, 0x4940, 0x4100, 0x38C0, 0x38E0, 0x1860, 0x0000,
    0x5800, 0x7020, 0x9861, 0xA0A1, 0xA8C1, 0xA8C1, 0x98C2, 0x90C2,
    0x90E1, 0xA121, 0xB981, 0xD1C2, 0xD1E3, 0xC1C2, 0xC1E3, 0xE264,
    0xFAE5, 0xFB05, 0xE2A4, 0xBA62, 0xAA41, 0xBA82, 0xCAA3, 0xAA43,
    0xAA63, 0xD303, 0xDB64, 0xDB84, 0xC343, 0xAAC3, 0xB324, 0xB324,
    0x9283, 0xAB44, 0xE466, 0xECA6, 0xB384, 0x8AE2, 0x8B02, 0x6202,
    0x4182, 0x51E1, 0x7AE1, 0x8322, 0x93A3, 0xCCE5, 0xF608, 0xEE29,
    0xCD47, 0xBCE5, 0xBD05, 0xC566, 0xB4E5, 0xACC4, 0xBD45, 0xBD66,
    0xC5C6, 0xC5A6, 0xB525, 0xBDA6, 0xCE47, 0xCE46, 0xCE47, 0xE728,
    0xFFC8, 0xD687, 0xD686, 0xEF87, 0xDF07, 0xBDE6, 0xA545, 0xAD85,
    0xBDC5, 0xAD44, 0x9484, 0x9484, 0xA4C4, 0xA4A3, 0xACE3, 0xBD85,
    0xD626, 0xD626, 0xDE26, 0xDE26, 0xDE05, 0xDDE5, 0xD5C4, 0xCD45,
    0xBCE4, 0xA402, 0x7300, 0x7B00, 0x9BA2, 0xB423, 0xA3E2, 0x9BA1,
    0xABC2, 0x8B01, 0x9321, 0xA361, 0x9301, 0x8281, 0x8281, 0x9B01,
    0xAB21, 0x9AC1, 0x7A21, 0x69C0, 0x69C0, 0x71E0, 0x61A0, 0x5140,
    0x40E0, 0x2880, 0x0800, 0x0000, 0x6000, 0x6820, 0x8060, 0x8861,
    0x98A1, 0xB8E2, 0xC102, 0xC122, 0xB942, 0xB941, 0xB981, 0xA981,
    0xA181, 0xC1C2, 0xEA43, 0xE283, 0xA9C2, 0x9181, 0x9981, 0xA9E2,
    0xBA64, 0xDB04, 0xFBC5, 0xEB65, 0xF3C6, 0xFC67, 0xEBC5, 0xD343,
    0xCB64, 0xCB85, 0xD385, 0xCB64, 0xB344, 0xB384, 0xB364, 0xBB84,
    0xE486, 0xFD88, 0xFDA8, 0xD465, 0xDC85, 0xF587, 0xF566, 0xCCC5,
    0xA3E4, 0x8342, 0xA3E4, 0xB485, 0xA444, 0xB4A4, 0xC525, 0xCD86,
    0xBD26, 0xC586, 0xD5E6, 0xC586, 0xB545, 0xC5C6, 0xE6E8, 0xE6A8,
    0xD647, 0xDE87, 0xCE66, 0xCE46, 0xDEC7, 0xDEE8, 0xDEC7, 0xCE86,
    0xD686, 0xD6A7, 0xCE67, 0xC605, 0xC5E5, 0xCE47, 0xCE47, 0xCE26,
    0xD664, 0xE6E5, 0xF726, 0xEEE7, 0xE6A6, 0xE664, 0xEEA3, 0xEE84,
    0xD5E6, 0xDE07, 0xEE26, 0xD584, 0xC504, 0xCD24, 0xDD45, 0xDD44,
    0xCCE3, 0xC4A3, 0xAC03, 0x9BA2, 0xA381, 0x82E0, 0x82C0, 0x8AE0,
    0x9301, 0x8AA1, 0x7A60, 0x8AA0, 0x9B01, 0x92C1, 0x69E0, 0x61A0,
    0x61C0, 0x61A0, 0x5140, 0x4100, 0x4100, 0x30C0, 0x1020, 0x0000,
    0x7820, 0x8840, 0x9881, 0x8060, 0x8080, 0x98C1, 0xB101, 0xC962,
    0xD183, 0xD183, 0xE1E4, 0xD1E3, 0xD1E3, 0xF245, 0xE265, 0xC243,
    0xD242, 0xFBC6, 0xFCCA, 0xFC48, 0xFB46, 0xF2E4, 0xEB64, 0xDB24,
    0xB2A3, 0xA2A2, 0xC323, 0xDB84, 0xEBC6, 0xFC05, 0xFC05, 0xEC05,
    0xDBC4, 0xD3E5, 0xCBE5, 0xCC05, 0xCBE4, 0xBBE4, 0xC466, 0xDCE6,
    0xFD87, 0xFDC8, 0xDD48, 0xE568, 0xF5C9, 0xE5C8, 0xE5C8, 0xF628,
    0xF648, 0xDDE6, 0xBD25, 0xBD25, 0xBD25, 0xCDC5, 0xDE66, 0xDE47,
    0xD647, 0xDE67, 0xE6C6, 0xE6C7, 0xDEC7, 0xE6E8, 0xEF28, 0xE707,
    0xD6A6, 0xDEA6, 0xDEA7, 0xD686, 0xD6A6, 0xC625, 0xB584, 0xBDA4,
    0xAD44, 0x8422, 0x7360, 0xBDA3, 0xF766, 0xD644, 0xBD63, 0xCE05,
    0xFF87, 0xF726, 0xE665, 0xDE25, 0xDE25, 0xDDE5, 0xD5A5, 0xEE06,
    0xF647, 0xEE06, 0xE5A5, 0xEDA5, 0xED85, 0xD4E3, 0xABE2, 0x8301,
    0x82E0, 0x9B41, 0xABA1, 0xA361, 0x9B22, 0x82A1, 0x7A40, 0x7A60,
    0x7240, 0x7201, 0x71E0, 0x7A00, 0x69C0, 0x5980, 0x5980, 0x5140,
    0x4100, 0x38C0, 0x1860, 0x0820, 0x7020, 0x6820, 0x7040, 0x7860,
    0x90A1, 0x90C1, 0x80A0, 0x80A1, 0x90E1, 0xA101, 0xA942, 0xB9A2,
    0xC9E3, 0xD1E2, 0xDA22, 0xE263, 0xEA84, 0xFB25, 0xFBA6, 0xFB86,
    0xFB66, 0xF325, 0xD324, 0xCAE4, 0xD324, 0xE363, 0xE3A5, 0xEBA5,
    0xFBC4, 0xFC86, 0xFE11, 0xF695, 0xFD4C, 0xFD29, 0xFD69, 0xFD29,
    0xF507, 0xF588, 0xFE0A, 0xFDA9, 0xFDA8, 0xFE08, 0xF5A8, 0xD527,
    0xCD06, 0xE5A7, 0xEDE8, 0xE5C8, 0xDDA8, 0xD5A7, 0xE627, 0xFEE8,
    0xE647, 0xCDC5, 0xCDE5, 0xD606, 0xD626, 0xC5C4, 0xAD03, 0xBDC5,
    0xDE87, 0xCE47, 0xD667, 0xDEA7, 0xD6A7, 0xDEE7, 0xDEC7, 0xCE87,
    0xDEC7, 0xE708, 0xE707, 0xD686, 0xD6A6, 0xE6E7, 0xDEA7, 0xDEC6,
    0xDEC5, 0xE6A5, 0xF727, 0xF727, 0xEF06, 0xF6E6, 0xF707, 0xF6C7,
    0xEE66, 0xEE65, 0xF665, 0xF646, 0xCD45, 0xB484, 0xC4E3, 0xCCE2,
    0xBC62, 0xAC03, 0xAC03, 0xBC43, 0xBC22, 0xA3A1, 0x7280, 0x59E0,
    0x8280, 0x8AC0, 0x8280, 0x7A60, 0x7A20, 0x7200, 0x69C0, 0x59A0,
    0x5980, 0x5160, 0x5140, 0x5960, 0x61A0, 0x5960, 0x2880, 0x0000,
    0x5000, 0x6820, 0x8860, 0x8060, 0x7060, 0x7080, 0x88A1, 0x90C1,
    0x88E1, 0x80E1, 0x9121, 0xA142, 0x9162, 0x7100, 0x9181, 0xBA03,
    0xA9C3, 0x8160, 0x8160, 0xA1E3, 0xAA23, 0xB263, 0xCAC4, 0xCAC4,
    0xCB04, 0xD324, 0xCB24, 0xC324, 0xD385, 0xE3C5, 0xF3C3, 0xFBE3,
    0xFC85, 0xE446, 0xC384, 0xAB24, 0xC3E5, 0xD445, 0xBBC4, 0xB3E4,
    0xC445, 0xD4A6, 0xCCC7, 0xCCC7, 0xCCE7, 0xBCA6, 0xA425, 0xA405,
    0xAC85, 0xC525, 0xBCE5, 0xACA5, 0xBD45, 0xCDC6, 0xC5A6, 0xBD26,
    0xBD85, 0xCE26, 0xCE27, 0xCE27, 0xCE26, 0xC606, 0xC5E6, 0xBDE6,
    0xC606, 0xC605, 0xBDE5, 0xBE06, 0xCE46, 0xE707, 0xEF68, 0xDEA7,
    0xD666, 0xDEC7, 0xE708, 0xD686, 0xD686, 0xEF26, 0xF726, 0xF726,
    0xFF46, 0xF6E6, 0xEEC7, 0xEEA6, 0xE645, 0xE625, 0xE625, 0xE625,
    0xCD65, 0xC504, 0xDD84, 0xD543, 0xC4C2, 0xBC83, 0xCCA3, 0xC463,
    0xABA2, 0xB3E2, 0xB402, 0xAB82, 0xA342, 0x9B21, 0x9B00, 0x8AC1,
    0x7A40, 0x7200, 0x7200, 0x69E0, 0x69C0, 0x69C0, 0x6180, 0x5960,
    0x5140, 0x4100, 0x2060, 0x1040, 0x4000, 0x6000, 0x9060, 0xA081,
    0x7860, 0x7880, 0xA8E1, 0xC122, 0xB942, 0xA941, 0x9921, 0xA981,
    0xC1E3, 0xB1A3, 0x9162, 0x8160, 0x99A0, 0xA1E1, 0xA202, 0xA202,
    0x91E1, 0x89C0, 0x89C2, 0xA243, 0xAA83, 0xA263, 0x9A43, 0xAAC3,
    0xC344, 0xBB44, 0xC385, 0xC3A5, 0xB345, 0x92C3, 0x9B03, 0xB384,
    0x9B23, 0x7A82, 0x7A82, 0x8B23, 0x8B03, 0x7AA2, 0x6A62, 0x72A2,
    0x7AE2, 0x7B23, 0xA405, 0x93C4, 0x62A1, 0x7302, 0x8BC3, 0x9404,
    0x9423, 0x9C63, 0xA484, 0x83C3, 0x8C03, 0xA4C4, 0xA504, 0x9CA4,
    0x8424, 0x8C23, 0x9CC4, 0xB565, 0xBDC5, 0xC606, 0xCE46, 0xCE67,
    0xCE46, 0xCE46, 0xD666, 0xDEA6, 0xDEA7, 0xCE46, 0xC605, 0xDEC6,
    0xF767, 0xEF27, 0xEEE6, 0xEF06, 0xF706, 0xE6A6, 0xDE46, 0xDE26,
    0xDE05, 0xEE65, 0xFEA6, 0xF686, 0xEE06, 0xDD85, 0xD543, 0xD543,
    0xCCE3, 0xA402, 0x9B82, 0x9B81, 0xABE2, 0xCC63, 0xCC63, 0xC403,
    0xB3A3, 0xB382, 0xB382, 0xBB83, 0xAB43, 0x9AC2, 0x8240, 0x69E0,
    0x69C0, 0x79E0, 0x71E0, 0x5980, 0x4940, 0x5140, 0x28A0, 0x0820,
    0x6820, 0x8040, 0x9080, 0x9081, 0x8881, 0x98C1, 0xB101, 0xB102,
    0xA102, 0xA122, 0xB982, 0xC9C3, 0xD9E4, 0xDA24, 0xEA63, 0xEA83,
    0xE283, 0xE2A4, 0xDAA4, 0xDAC2, 0xEB23, 0xF364, 0xE324, 0xE323,
    0xD304, 0xCB04, 0xDB85, 0xFC25, 0xFC45, 0xD384, 0xAAE4, 0xA2C3,
    0xBB64, 0xB343, 0xA323, 0xB364, 0xC405, 0xCC25, 0xBBE4, 0xCC44,
    0xED26, 0xF5A8, 0xD506, 0xCD06, 0xD526, 0xB465, 0xAC44, 0xAC44,
    0x9C04, 0x9C04, 0x9C24, 0x9C64, 0x9C43, 0x9403, 0x9404, 0x9424,
    0x9444, 0x9443, 0x9C84, 0xA4C5, 0xAD26, 0xAD66, 0xAD45, 0xB565,
    0xC606, 0xC626, 0xC626, 0xC646, 0xC646, 0xD687, 0xD6A6, 0xC626,
    0xBDC5, 0xC605, 0xDEC6, 0xEF27, 0xE6E7, 0xDEA6, 0xDEA5, 0xEEC6,
    0xEEA7, 0xEEA8, 0xE667, 0xDE45, 0xDE05, 0xDDE5, 0xDDE5, 0xDDC5,
    0xD565, 0xCD24, 0xCD44, 0xD524, 0xC4C3, 0xBC63, 0xCC83, 0xCC83,
    0xB402, 0xB3E2, 0xB3E2, 0xBBE3, 0xBBE2, 0xB3A2, 0xAB42, 0xA322,
    0xB342, 0xAB22, 0x92A1, 0x9281, 0x8241, 0x69C0, 0x5160, 0x5140,
    0x5960, 0x5960, 0x28A0, 0x0800, 0x5000, 0x6020, 0x6840, 0x7040,
    0x6040, 0x5040, 0x5860, 0x6080, 0x80C1, 0xB942, 0xC9A2, 0xC1A3,
    0xB1A2, 0xA981, 0xA9A1, 0xB9E1, 0xCA23, 0xC243, 0xCA63, 0xDAA3,
    0xDAC3, 0xCAC4, 0xD2E4, 0xE344, 0xF3A4, 0xE3A5, 0xC304, 0xBAE4,
    0xC323, 0xB304, 0xB304, 0xB324, 0xBB64, 0xB363, 0xAB24, 0x9B04,
    0xA344, 0xAB83, 0xA363, 0x9362, 0x7282, 0x59E1, 0x6A61, 0x9BA3,
    0xBC85, 0xBC84, 0xB464, 0xB485, 0xBCE6, 0xB4C5, 0xA464, 0xA463,
    0xA4A4, 0xACC4, 0xACC5, 0xB505, 0xAD05, 0xA4C4, 0x9CC4, 0x9484,
    0x8C44, 0x9463, 0xA504, 0xAD65, 0xAD45, 0xB586, 0xB5C5, 0xB5C4,
    0xB5C4, 0xC625, 0xD666, 0xCE46, 0xCE46, 0xC625, 0xC5C5, 0xBDA5,
    0xBDC6, 0xC607, 0xD647, 0xC5C5, 0xB523, 0xBD45, 0xC585, 0xC584,
    0xCD84, 0xCD84, 0xCD64, 0xD585, 0xD585, 0xD585, 0xE5A5, 0xEDC5,
    0xE564, 0xCCE4, 0xCCC3, 0xD4C3, 0xCCA3, 0xCC63, 0xCC43, 0xBBE3,
    0xA341, 0x9B21, 0xAB62, 0xB362, 0xA322, 0x9AE1, 0x9AC2, 0x9281,
    0x7A00, 0x6180, 0x61A0, 0x69A0, 0x5140, 0x4900, 0x2080, 0x1020,
    0x8840, 0x8040, 0x7840, 0x7040, 0x6860, 0x88A1, 0xB903, 0xA8E2,
    0xA921, 0xC162, 0xA142, 0xA162, 0xC9E3, 0xDA23, 0xD222, 0xCA23,
    0xD243, 0xD282, 0xCA81, 0xCA83, 0xCA83, 0xC2A3, 0xCAC3, 0xD323,
    0xDB24, 0xD325, 0xD364, 0xDBA5, 0xE3A6, 0xDBA6, 0xFC46, 0xFD07,
    0xFCE7, 0xF486, 0xEC66, 0xD446, 0xCC25, 0xBBE5, 0xBBE5, 0xCC45,
    0xED47, 0xFDE8, 0xE568, 0xD506, 0xCCE5, 0xCCC5, 0xB466, 0xAC66,
    0xBD05, 0xD586, 0xDDC7, 0xCDA7, 0xCDA7, 0xD5E7, 0xD607, 0xCE06,
    0xCE06, 0xC5E6, 0xB586, 0xBDC5, 0xCE26, 0xC605, 0xBDC6, 0xAD66,
    0xA525, 0xB585, 0xC605, 0xD686, 0xDEC7, 0xDEC7, 0xD6A7, 0xCE26,
    0xC606, 0xBDA6, 0xB565, 0xB5A5, 0xB585, 0x9C84, 0x9C83, 0x9C82,
    0x8C01, 0x8C22, 0x9422, 0x9422, 0x9C43, 0xA463, 0xAC83, 0xACA3,
    0xBCE3, 0xD544, 0xE5A5, 0xE5A4, 0xD524, 0xBC63, 0xBC23, 0xBC43,
    0xC463, 0xC443, 0xBC03, 0xBBE3, 0xBBC2, 0xBBA2, 0xB382, 0xAB22,
    0x92C1, 0x92C1, 0xA2E2, 0x92A1, 0x8A40, 0x8220, 0x71E0, 0x61A0,
    0x5160, 0x5140, 0x28A0, 0x1020, 0x5000, 0x7840, 0x9881, 0x8860,
    0x7860, 0x8080, 0x98C1, 0x98E1, 0x90E1, 0xA121, 0xB983, 0xD1E3,
    0xDA03, 0xE223, 0xD204, 0xC204, 0xC223, 0xDA83, 0xD282, 0xAA01,
    0xAA21, 0xB262, 0xC2A2, 0xC2C3, 0xCB04, 0xDB45, 0xD343, 0xB2E3,
    0xA2A3, 0xA2E3, 0xBB25, 0xCB85, 0xDBE6, 0xF4E8, 0xFD07, 0xE445,
    0xDC45, 0xDC86, 0xE4E6, 0xED27, 0xF568, 0xFDE9, 0xFE08, 0xE567,
    0xD507, 0xD567, 0xD567, 0xC506, 0xC506, 0xCD87, 0xDDE7, 0xDE07,
    0xDE06, 0xD5E6, 0xD607, 0xDE68, 0xEEE8, 0xF709, 0xE6C9, 0xCE27,
    0xC5E6, 0xCE47, 0xC626, 0xC606, 0xCE47, 0xD6A7, 0xDEC7, 0xDEA7,
    0xCE66, 0xCE47, 0xC5E7, 0xAD45, 0x8C43, 0x7382, 0x83E3, 0x7BC3,
    0x7B83, 0x83E3, 0x9CA3, 0x9463, 0x7BA1, 0x9C42, 0xA4A3, 0x9C82,
    0xACC3, 0xC524, 0xC544, 0xB4C4, 0xBCC4, 0xC4E4, 0xC4E4, 0xBC83,
    0xBC83, 0xCCC3, 0xD4C4, 0xC463, 0xABC2, 0xB3C2, 0xABA2, 0xA381,
    0xB381, 0xBBC2, 0xBBC3, 0xA302, 0xA302, 0xA2E1, 0x9AA1, 0x92A1,
    0x9281, 0x8220, 0x71C0, 0x5160, 0x4900, 0x5120, 0x30A0, 0x1040,
    0x9040, 0x7820, 0x6040, 0x7040, 0x8080, 0x88A1, 0x90C1, 0xA902,
    0xB122, 0xB943, 0xC9A3, 0xC9C2, 0xB9C2, 0xB9C3, 0xA183, 0x9982,
    0xB9E1, 0xCA42, 0xCA63, 0xBA43, 0xE2E4, 0xFB64, 0xEB44, 0xCB03,
    0xBAC3, 0xAA82, 0x9242, 0xAAC3, 0xC324, 0xAAE2, 0xA2C2, 0xB344,
    0xCBC5, 0xCBC5, 0xB385, 0xA344, 0xB3A4, 0xBC05, 0xCC46, 0xC425,
    0xABC4, 0xA3A3, 0xBC45, 0xDD06, 0xDD46, 0xD546, 0xE5A7, 0xE5C8,
    0xCD46, 0xB4C5, 0xBD25, 0xD5C6, 0xB506, 0x9C66, 0xA4A6, 0xBD85,
    0xBD65, 0xA4E4, 0xAD25, 0xAD05, 0xAD05, 0xB586, 0xB5A5, 0xAD44,
    0xA524, 0xBDE6, 0xCE67, 0xBDE5, 0x94A3, 0x9CC4, 0xAD65, 0xA504,
    0x8C63, 0x8C23, 0x9CA3, 0x8C43, 0x9463, 0xA4E5, 0x9443, 0x7BA2,
    0x8BE2, 0xAD03, 0xB523, 0x9C42, 0x9C22, 0xA463, 0xB4C4, 0xBCC4,
    0xC4E3, 0xBCC3, 0xAC43, 0xB443, 0xB463, 0xB422, 0xAC02, 0xB423,
    0xBC23, 0xCC63, 0xC422, 0xB3A2, 0xA342, 0xC3E3, 0xD423, 0x9B02,
    0xA302, 0xBB62, 0xAB02, 0x9281, 0x8240, 0x8221, 0x71E0, 0x5980,
    0x4940, 0x5940, 0x30A0, 0x0820, 0x6000, 0x7020, 0x8860, 0x9880,
    0x8081, 0x7881, 0x90C1, 0xA901, 0xA902, 0x9902, 0xA962, 0xC9E3,
    0xE204, 0xD9E3, 0xDA23, 0xF2E5, 0xFB46, 0xFB26, 0xFAE5, 0xF304,
    0xF323, 0xDB03, 0xD2E3, 0xDB24, 0xE344, 0xE363, 0xE363, 0xF405,
    0xFC67, 0xFC67, 0xFC86, 0xF425, 0xDB84, 0xDBE4, 0xDC45, 0xC3E5,
    0xB3A5, 0xB3A4, 0xCC25, 0xC465, 0xC446, 0xBC26, 0xB404, 0xA3E3,
    0xAC03, 0xB445, 0x9BE5, 0x93A4, 0xAC65, 0xAC86, 0xACA6, 0xBD46,
    0xB506, 0xC587, 0xD607, 0xBD65, 0xBD85, 0xC5C6, 0xC5C6, 0xBD85,
    0xAD45, 0xAD45, 0xAD65, 0xB585, 0xAD25, 0x9463, 0x8422, 0x9484,
    0x9CA4, 0xA4E4, 0xA524, 0xA4E4, 0x8C24, 0x83E3, 0x9CA2, 0xA503,
    0x9C83, 0x83E2, 0x7381, 0x8C02, 0xACE3, 0xACE3, 0xACE4, 0xACC4,
    0xACE3, 0xB4C3, 0xBD03, 0xC524, 0xCD44, 0xCD24, 0xCD24, 0xD524,
    0xDD44, 0xDD44, 0xE544, 0xE524, 0xD4A4, 0xCC83, 0xD483, 0xDCA4,
    0xDC64, 0xCC03, 0xB362, 0x9AE1, 0x9AE1, 0x9AE2, 0x8A81, 0x7A20,
    0x71E0, 0x69C0, 0x69C0, 0x5980, 0x4920, 0x5940, 0x38C0, 0x1840,
    0x7000, 0x8040, 0x8860, 0x8860, 0x9081, 0xA0C1, 0xB101, 0xB922,
    0xC143, 0xC983, 0xC9A3, 0xA962, 0x9142, 0xB9A2, 0xC1E2, 0xB9E2,
    0xC203, 0xD264, 0xE2A3, 0xDAC3, 0xD2C3, 0xD2E4, 0xEB45, 0xFB44,
    0xFC07, 0xFCEA, 0xF4C9, 0xEBE6, 0xEB64, 0xEC05, 0xEC46, 0xEC88,
    0xF54B, 0xFDAA, 0xFCE7, 0xFC44, 0xFD48, 0xFDCA, 0xF527, 0xE4E6,
    0xED06, 0xF566, 0xFDE7, 0xFE69, 0xFE8B, 0xFE8A, 0xFEA8, 0xFEA8,
    0xEE48, 0xD587, 0xCD86, 0xD5E7, 0xCD86, 0xC566, 0xCDA6, 0xC5A6,
    0xBD66, 0xB545, 0xBDA6, 0xC5E6, 0xBDC6, 0xBDC4, 0xB585, 0xB545,
    0xAD44, 0xB5A4, 0xB5A4, 0xA505, 0xA523, 0xAD63, 0xB585, 0xB5A5,
    0xB585, 0xA524, 0x9CC3, 0xAD24, 0xBDA4, 0xC5E4, 0xCE05, 0xCE05,
    0xD625, 0xDE46, 0xD625, 0xD5E5, 0xE666, 0xEE66, 0xE625, 0xEE25,
    0xEE25, 0xF646, 0xFE66, 0xFE46, 0xFE05, 0xFDE5, 0xF5C5, 0xF5A5,
    0xF565, 0xF544, 0xF524, 0xE4E4, 0xE4A4, 0xCC23, 0xB382, 0xA302,
    0x8281, 0x8261, 0x8A80, 0x8A60, 0x71E0, 0x6180, 0x5980, 0x5140,
    0x4100, 0x4900, 0x30A0, 0x1840, 0x6800, 0x6820, 0x7840, 0x8860,
    0x98A1, 0xA8C1, 0xB0E1, 0xB902, 0xC943, 0xD183, 0xC9A3, 0xA962,
    0x9961, 0xC1C2, 0xF2A5, 0xF306, 0xCA43, 0xB1E1, 0xC242, 0xDAC4,
    0xE305, 0xE305, 0xDB04, 0xDB03, 0xDB22, 0xE343, 0xEB84, 0xFC05,
    0xFC86, 0xFCC8, 0xFC66, 0xFC45, 0xFCC7, 0xFD07, 0xFD49, 0xFD89,
    0xFD87, 0xFD87, 0xFDC9, 0xFDE9, 0xFDE8, 0xFE08, 0xFE49, 0xF609,
    0xF5E7, 0xFE06, 0xEDE6, 0xDD87, 0xCD67, 0xC546, 0xBD25, 0xC546,
    0xCD85, 0xC585, 0xBD45, 0xBD45, 0xBD65, 0xBDA5, 0xC5E7, 0xBDA5,
    0xB5A3, 0xCE26, 0xC5C7, 0xAD66, 0xAD64, 0xC606, 0xDEA7, 0xDEC7,
    0xE707, 0xD6C6, 0xCE67, 0xD6A7, 0xD687, 0xCE47, 0xCE47, 0xD666,
    0xE6A6, 0xE6C6, 0xEEE7, 0xE6A7, 0xDE66, 0xDE66, 0xE686, 0xEEA6,
    0xF686, 0xE646, 0xDE05, 0xE605, 0xE605, 0xEE26, 0xFE45, 0xF625,
    0xF5C5, 0xEDA5, 0xED84, 0xED45, 0xED24, 0xE504, 0xE504, 0xE4A4,
    0xDC84, 0xCC03, 0xB362, 0xA302, 0x8A81, 0x8261, 0x8241, 0x69C0,
    0x69C0, 0x79E0, 0x7A00, 0x6180, 0x4920, 0x4900, 0x2060, 0x0000,
    0x5000, 0x7020, 0xA8A1, 0xB8C1, 0xA0A1, 0x90A1, 0xA8E1, 0xC122,
    0xC142, 0xB142, 0xA942, 0xC1C3, 0xEA44, 0xE244, 0xB1C3, 0x99A3,
    0xB1E3, 0xD283, 0xEAC4, 0xE2C4, 0xCA84, 0xC282, 0xCAE2, 0xEB63,
    0xDB45, 0xC304, 0xC303, 0xC323, 0xBB23, 0xAB03, 0xBB64, 0xDBE4,
    0xE3E5, 0xEC04, 0xECA7, 0xE58C, 0xDD09, 0xE4A6, 0xF4E5, 0xDCA5,
    0xD4A6, 0xD4A5, 0xD4A5, 0xC465, 0xAC24, 0xAC25, 0xAC26, 0xA405,
    0xA424, 0xCD64, 0xEE46, 0xEE48, 0xEE87, 0xE687, 0xDE27, 0xD606,
    0xDE87, 0xEF08, 0xE6E7, 0xCE23, 0xC5E3, 0xE6C7, 0xEF48, 0xF767,
    0xF788, 0xEF68, 0xEF49, 0xEF69, 0xF7A9, 0xEF68, 0xDEE7, 0xE728,
    0xE708, 0xE708, 0xE6E7, 0xE6C6, 0xDEC6, 0xDEA6, 0xDEA6, 0xDEA6,
    0xDE86, 0xDE66, 0xDE45, 0xD605, 0xCDC5, 0xCDA5, 0xDDC4, 0xD5A5,
    0xDDA5, 0xD564, 0xCD24, 0xC4E3, 0xCD03, 0xDD24, 0xD4E4, 0xCCA3,
    0xCC82, 0xCC63, 0xCC43, 0xBC03, 0xBBE2, 0xAB62, 0x9AE2, 0x9B02,
    0x92C1, 0x8241, 0x7A20, 0x8A61, 0x9281, 0x8220, 0x69C0, 0x5160,
    0x4920, 0x5120, 0x2060, 0x0000, 0x8040, 0x8040, 0x6840, 0x4800,
    0x6860, 0x98C1, 0xA0C1, 0xC123, 0xB923, 0x9902, 0xA142, 0xC1A3,
    0xC9E4, 0xB9C3, 0xC1E2, 0xDA43, 0xDA63, 0xBA23, 0x91C3, 0x89C3,
    0xA202, 0xBA62, 0xBAA3, 0xBAA3, 0xBAC3, 0xB2C2, 0x9A62, 0xAAA3,
    0xBB03, 0xAAC3, 0xB303, 0xBB43, 0x9AC4, 0x9B03, 0xA301, 0x8A60,
    0x4960, 0x6202, 0xB3E5, 0xC445, 0xBC24, 0xC485, 0xE546, 0xF5E7,
    0xFE28, 0xF628, 0xEDC6, 0xEE26, 0xF6C9, 0xE64A, 0xD5A8, 0xD5A7,
    0xE626, 0xEE85, 0xEE86, 0xF708, 0xF6E8, 0xE6A7, 0xE6E7, 0xF769,
    0xFFCB, 0xFF89, 0xEF47, 0xF768, 0xFFAA, 0xF7AA, 0xF788, 0xF788,
    0xF7A9, 0xFFC9, 0xF7A9, 0xEF48, 0xEF27, 0xEF27, 0xEF47, 0xEF27,
    0xE6E6, 0xD646, 0xCE25, 0xCDE4, 0xC5C4, 0xCDC4, 0xC584, 0xC564,
    0xC584, 0xC543, 0xBCE3, 0xB4C2, 0xC523, 0xDD84, 0xDD44, 0xD524,
    0xD523, 0xE563, 0xD503, 0xD4C3, 0xCC83, 0xB3C2, 0xA382, 0x9B62,
    0x9B01, 0x92C1, 0x92C2, 0x9AE2, 0x8260, 0x61E0, 0x59A0, 0x7200,
    0x7A00, 0x69A0, 0x69A0, 0x6180, 0x5960, 0x6160, 0x30A0, 0x1020,
    0x4800, 0x5000, 0x7040, 0x8880, 0x98A1, 0x98C1, 0x90C1, 0x90E2,
    0x80E1, 0x70C0, 0x78E1, 0x9942, 0xA182, 0xA161, 0x9161, 0x89A2,
    0x91C2, 0xC223, 0xF2C3, 0xFB03, 0xCAA2, 0x9A22, 0x8A02, 0x8A02,
    0xA262, 0xD323, 0xDB65, 0xD364, 0xB303, 0xB303, 0xB303, 0xBB43,
    0xBB62, 0xBB82, 0xCC04, 0xF4C8, 0xFD28, 0xECE6, 0xDCA4, 0xE4E4,
    0xED26, 0xE527, 0xD506, 0xCCE6, 0xDD46, 0xFE49, 0xFEC9, 0xFEEA,
    0xF6AB, 0xBD06, 0xAC60, 0xBCE0, 0xBD20, 0xC580, 0xDE04, 0xF6C7,
    0xEEC7, 0xE6A6, 0xF728, 0xFF69, 0xFF89, 0xF788, 0xFFA9, 0xFFAA,
    0xF789, 0xEF68, 0xF789, 0xF789, 0xEF68, 0xE727, 0xEF47, 0xEF68,
    0xEF48, 0xEF27, 0xE707, 0xEF07, 0xEF07, 0xE6C6, 0xDE86, 0xDE66,
    0xDE45, 0xCDE4, 0xC5A3, 0xC584, 0xD5E5, 0xE605, 0xEE26, 0xEE26,
    0xEE46, 0xEDE5, 0xDD64, 0xDD64, 0xE584, 0xE563, 0xD4C3, 0xDCE4,
    0xE504, 0xBC02, 0xABA1, 0xB3C2, 0xC3E3, 0xA342, 0x8AA1, 0x9AE2,
    0x9AE1, 0x9AE1, 0x92A1, 0x8A61, 0x7A21, 0x69C0, 0x69A0, 0x61A0,
    0x6180, 0x6980, 0x38E0, 0x2060, 0x6020, 0x7820, 0x9060, 0x8880,
    0x7880, 0x98C1, 0xC101, 0xB921, 0xB942, 0xD183, 0xD9C3, 0xB9A2,
    0xB9C2, 0xF243, 0xFAA3, 0xFAC4, 0xFAC3, 0xEAE4, 0xDB05, 0xDB25,
    0xD2A4, 0xC222, 0xBA62, 0xB263, 0xBAA4, 0xB2C4, 0x9262, 0x8A22,
    0xAAA3, 0xD364, 0xC363, 0xBB83, 0xDC25, 0xE466, 0xD426, 0xCC05,
    0xD464, 0xDC85, 0xCC45, 0xABC5, 0xA384, 0xB3E5, 0xCCA5, 0xE545,
    0xDD43, 0xC481, 0x9B80, 0x9BA1, 0xD565, 0xEE26, 0xF685, 0xF6A4,
    0xE645, 0xE668, 0xEEC9, 0xF728, 0xFF49, 0xFF49, 0xFF89, 0xF748,
    0xEF27, 0xF748, 0xF789, 0xF789, 0xEF69, 0xF789, 0xF789, 0xEF48,
    0xEF48, 0xEF48, 0xEF48, 0xEF48, 0xE727, 0xE6E7, 0xE6E6, 0xE707,
    0xE6E7, 0xDEA6, 0xD645, 0xD625, 0xDE46, 0xE686, 0xE666, 0xDE25,
    0xD5E5, 0xD5A5, 0xD5C5, 0xDDA5, 0xDDC5, 0xD564, 0xC4C3, 0xC4A2,
    0xD523, 0xEDA5, 0xE545, 0xD4C3, 0xCC83, 0xDCA4, 0xDCA4, 0xCC43,
    0xD423, 0xC3E3, 0xAB62, 0xAB42, 0xB363, 0xB342, 0xA2E2, 0x9281,
    0x9AA1, 0xAAC2, 0x9A81, 0x71C1, 0x5160, 0x6160, 0x30C0, 0x1020,
    0x7000, 0x8040, 0x9881, 0x9881, 0x90A0, 0x98C0, 0xB0E1, 0xA8E1,
    0x9902, 0xA942, 0xDA03, 0xE202, 0xD1C1, 0xE222, 0xDA43, 0xC222,
    0xD242, 0xF2E4, 0xFB65, 0xFB44, 0xFB85, 0xF429, 0xFCCC, 0xFC26,
    0xF383, 0xD344, 0xC303, 0xD364, 0xDBC5, 0xC364, 0xE3C3, 0xEBA2,
    0xB2C0, 0xA2A0, 0xC361, 0xD3C1, 0xBB41, 0xCBC2, 0xF4E3, 0xED26,
    0xE525, 0xED44, 0xED44, 0xF584, 0xFE49, 0xFF4F, 0xFFB2, 0xFF6F,
    0xFF0B, 0xFF0B, 0xF70C, 0xF70C, 0xFF4C, 0xFF6B, 0xFF4A, 0xFF49,
    0xFF48, 0xFF68, 0xFF89, 0xFFA9, 0xF788, 0xEF48, 0xEF48, 0xF768,
    0xEF68, 0xE727, 0xDF06, 0xE707, 0xE707, 0xDEE7, 0xD6A6, 0xD665,
    0xD686, 0xE6E7, 0xEF07, 0xE6C7, 0xD666, 0xD645, 0xDE86, 0xDE66,
    0xCE05, 0xDE45, 0xEE86, 0xE665, 0xDDE5, 0xD5A4, 0xD584, 0xC523,
    0xC503, 0xC504, 0xCD03, 0xCD03, 0xD503, 0xDD24, 0xDD24, 0xDCE4,
    0xD4A3, 0xD4A4, 0xCC64, 0xBBE3, 0xCC03, 0xDC43, 0xDC43, 0xCBC3,
    0xC3A3, 0xBB83, 0xB322, 0xAAE2, 0x9AA1, 0x9261, 0x8221, 0x69A0,
    0x5140, 0x5960, 0x30A0, 0x1040, 0x6800, 0x7840, 0x8060, 0x8060,
    0xA0A0, 0xB902, 0xC122, 0xC142, 0xC942, 0xD161, 0xC181, 0xB1A1,
    0xB1A2, 0xC1C2, 0xD202, 0xEA62, 0xE282, 0xD261, 0xD241, 0xE282,
    0xE283, 0xDA82, 0xCAA2, 0xC2C2, 0xBAC3, 0xC2E3, 0xF383, 0xFCA7,
    0xFD8B, 0xFD6B, 0xFD4A, 0xFD6B, 0xFDCC, 0xFDEC, 0xFE0E, 0xFE6F,
    0xFE6F, 0xFE6D, 0xFEB0, 0xFF56, 0xFF97, 0xFF76, 0xFF76, 0xFF96,
    0xFF75, 0xFEF0, 0xFECC, 0xFEC9, 0xFEA8, 0xFF0C, 0xFF4D, 0xFF09,
    0xFF07, 0xFF26, 0xFF47, 0xFF88, 0xFF69, 0xF748, 0xEF08, 0xEEE7,
    0xEF08, 0xE708, 0xE708, 0xE6C7, 0xDEC6, 0xD6A6, 0xD6A6, 0xD686,
    0xCE45, 0xD686, 0xE707, 0xD6A6, 0xD685, 0xCE65, 0xD666, 0xE6E6,
    0xF747, 0xF727, 0xDE86, 0xDE46, 0xDE86, 0xE6A6, 0xE645, 0xDE05,
    0xDE05, 0xE646, 0xEE46, 0xE5E6, 0xE5E6, 0xEE05, 0xEDE5, 0xE5A5,
    0xE585, 0xEDA4, 0xE564, 0xE524, 0xE504, 0xE504, 0xE504, 0xDC84,
    0xCC03, 0xC3E3, 0xCC03, 0xC3C2, 0xC3A3, 0xBB63, 0xB302, 0xA2C1,
    0xA2C1, 0x9AA1, 0x8A41, 0x69C0, 0x5960, 0x6160, 0x30C0, 0x1020,
    0x7000, 0x8040, 0x9880, 0x9060, 0xB0C1, 0xD122, 0xD943, 0xC942,
    0xC962, 0xD182, 0xC9A1, 0xC1A1, 0xD1E1, 0xEA63, 0xFAC3, 0xF2E3,
    0xE2C4, 0xDA83, 0xE305, 0xFBC7, 0xFC28, 0xFBA5, 0xDAE4, 0xDB04,
    0xF3C5, 0xF406, 0xD364, 0xC323, 0xD322, 0xF382, 0xFC24, 0xFCC6,
    0xFD48, 0xFCC7, 0xF465, 0xFCC5, 0xFD88, 0xFE09, 0xFE09, 0xFDE8,
    0xFE09, 0xFE0A, 0xFDE7, 0xF584, 0xED63, 0xED83, 0xE5A5, 0xDDA7,
    0xD587, 0xCD65, 0xCD64, 0xCD64, 0xCD86, 0xC566, 0xAD06, 0xACE5,
    0xBD85, 0xD626, 0xC606, 0xBDC6, 0xCE26, 0xDEA6, 0xDEA6, 0xE6E6,
    0xF768, 0xF768, 0xE707, 0xD6C7, 0xDEC6, 0xE706, 0xEF27, 0xE6E6,
    0xE706, 0xEF47, 0xF7A8, 0xEF47, 0xEF07, 0xF768, 0xF727, 0xEEE7,
    0xEEE7, 0xF706, 0xEEA6, 0xDE25, 0xDE25, 0xE625, 0xE625, 0xEE05,
    0xF646, 0xF646, 0xF626, 0xF605, 0xFDE5, 0xFDE5, 0xED85, 0xE544,
    0xE504, 0xDCA4, 0xCC64, 0xC424, 0xCC23, 0xBBC2, 0xB382, 0xB382,
    0xBB83, 0xB342, 0x9AC1, 0x9282, 0x9282, 0x9262, 0x8221, 0x69A0,
    0x5140, 0x5940, 0x30A0, 0x1040, 0x7020, 0x7020, 0x9060, 0xA8A1,
    0xB0A1, 0xB0C1, 0xC101, 0xC941, 0xD162, 0xD982, 0xEA04, 0xE244,
    0xE263, 0xEA84, 0xE263, 0xE263, 0xF304, 0xFB44, 0xFB44, 0xF325,
    0xFB66, 0xFB65, 0xEB24, 0xD303, 0xD324, 0xE365, 0xDB65, 0xBB04,
    0xAB03, 0xC384, 0xCB84, 0xA2C2, 0x8A40, 0xAB22, 0xCC03, 0xC3C2,
    0x9B01, 0x9B02, 0xA362, 0x7260, 0x59E0, 0x7AC1, 0xB423, 0xAC04,
    0x9BA5, 0xBCA6, 0xCD26, 0xC505, 0xBCE5, 0xBCE4, 0xBD05, 0xB526,
    0xB4E6, 0xACC5, 0xB504, 0xC586, 0xBD86, 0xBD85, 0xBDA5, 0xCE06,
    0xCE26, 0xCE25, 0xBDE5, 0xC605, 0xD665, 0xDEC6, 0xDEA6, 0xD666,
    0xDEC6, 0xE707, 0xE707, 0xE707, 0xEF47, 0xF787, 0xEF07, 0xDEA7,
    0xDE87, 0xEEE7, 0xEEC7, 0xE6A6, 0xE686, 0xDE65, 0xDE45, 0xDE25,
    0xD5E5, 0xCD64, 0xC544, 0xCD85, 0xDDA5, 0xDD84, 0xE5A5, 0xD544,
    0xD524, 0xDD44, 0xD4E4, 0xD4C4, 0xDCE4, 0xDCE4, 0xCC63, 0xC423,
    0xE4A4, 0xDC64, 0xBBA2, 0xAB42, 0xAB22, 0xAB22, 0x92A1, 0x8241,
    0x7A01, 0x7A01, 0x8200, 0x71C0, 0x5140, 0x40E0, 0x1860, 0x0820,
    0x7000, 0x9040, 0xA8A0, 0x9080, 0x8080, 0xA0C1, 0xD122, 0xD963,
    0xD183, 0xD182, 0xD1C2, 0xE203, 0xEA03, 0xE202, 0xE242, 0xEA63,
    0xEAA4, 0xE284, 0xDA64, 0xD283, 0xCA82, 0xCAA3, 0xD304, 0xCAE4,
    0xBAC4, 0xB2C3, 0xB2C3, 0xBB04, 0xCB44, 0xCB64, 0xD3A4, 0xD3C4,
    0xC3A4, 0xB364, 0xBB84, 0xCC24, 0xCC24, 0xB3C4, 0xB3C4, 0xC445,
    0xD4C5, 0xD4C4, 0xCCA4, 0xBC65, 0xB465, 0xC4C5, 0xBCC5, 0xC4E5,
    0xCD46, 0xCD66, 0xC546, 0xC525, 0xCDA6, 0xD606, 0xCDC6, 0xB525,
    0xACE5, 0xB525, 0xBDA5, 0xC5E5, 0xB5A5, 0xAD44, 0xA504, 0x9CC3,
    0x9CA2, 0xA4E3, 0xB584, 0xC625, 0xBE05, 0xBE05, 0xCE65, 0xDEA6,
    0xDEC6, 0xD686, 0xCE46, 0xD686, 0xE6E7, 0xDEA6, 0xCE05, 0xC5C5,
    0xCDE5, 0xCDC4, 0xC584, 0xBD45, 0xCDA5, 0xD5C5, 0xDDC5, 0xDDA5,
    0xD564, 0xC504, 0xC4A3, 0xB462, 0xBC63, 0xCCC3, 0xC483, 0xBC43,
    0xCC83, 0xD4A3, 0xD484, 0xC423, 0xC403, 0xD403, 0xDC24, 0xC3C3,
    0x92C1, 0x8240, 0x92A1, 0x8A61, 0x7A20, 0x7A00, 0x71E0, 0x6180,
    0x5140, 0x5120, 0x2880, 0x0820, 0x8020, 0x9860, 0xB0A0, 0xA080,
    0xB8C1, 0xC8E1, 0xC101, 0xC142, 0xC162, 0xB141, 0x9921, 0xA961,
    0xC9C3, 0xCA02, 0xB9C2, 0xA9C2, 0xA1C1, 0xAA02, 0xC263, 0xCA83,
    0xBA63, 0xAA63, 0xAA63, 0x9A22, 0xA243, 0xAAA3, 0xAAA3, 0xAAC3,
    0xA2A3, 0x9A82, 0x9AA2, 0xA2E3, 0xAB23, 0xAB43, 0xAB43, 0xAB43,
    0xA363, 0xA363, 0xA363, 0xA3A2, 0xA383, 0xA3A4, 0xB425, 0xA3E4,
    0xA3E3, 0xBC65, 0xA405, 0x8B84, 0x93C3, 0x9C03, 0xA444, 0x9C44,
    0x9C64, 0xA485, 0xA4A4, 0xAD04, 0xB565, 0xBD65, 0xBD85, 0xAD24,
    0xA4E3, 0xAD44, 0xAD64, 0x9CE4, 0x8423, 0x7BC2, 0x8C62, 0xA524,
    0x9483, 0x8C62, 0xA503, 0xBDC5, 0xC605, 0xB585, 0x9CE3, 0x9CA3,
    0xA4C3, 0xB523, 0xC5C3, 0xD625, 0xD646, 0xC5C5, 0xC585, 0xCDA5,
    0xCD84, 0xD5A4, 0xDDC5, 0xCD44, 0xC503, 0xC4E3, 0xD524, 0xD524,
    0xC4C4, 0xBC63, 0xB422, 0xB402, 0xABE2, 0xBBE2, 0xBC02, 0xB3C2,
    0xA342, 0x92E2, 0x92E1, 0x9B01, 0xA302, 0xA2E2, 0x92A1, 0x8220,
    0x7A00, 0x71E1, 0x69C0, 0x6180, 0x6180, 0x5940, 0x28A0, 0x0820,
    0x7020, 0x7840, 0x9880, 0xB080, 0xC8E1, 0xE163, 0xE183, 0xD141,
    0xB900, 0xC961, 0xFA64, 0xE223, 0xA160, 0xB1A1, 0xE243, 0xF2A4,
    0xE283, 0xCA62, 0xC242, 0xBA42, 0xA202, 0x9202, 0x9A02, 0x89E2,
    0x8A02, 0x9A43, 0x9262, 0x8A42, 0x8A42, 0x9283, 0x9263, 0x8A63,
    0x9AC2, 0x9AE2, 0x9AE2, 0xA323, 0xB3A3, 0xCC24, 0xCC44, 0xB3E3,
    0xABE4, 0xBC44, 0xBC64, 0xBC44, 0xB444, 0xB465, 0xB4A4, 0xBCC4,
    0xB4C3, 0x9C23, 0x9C44, 0xBCE6, 0xB505, 0xB504, 0xBD45, 0xCDC5,
    0xBD45, 0xA4E4, 0xBDA5, 0xBD84, 0xA503, 0xA4E3, 0xA4E4, 0x9CA3,
    0x8422, 0x8422, 0x8C62, 0x9CC3, 0xA523, 0xAD44, 0xAD24, 0x9D04,
    0x9CE3, 0x94A2, 0x9CA1, 0xAD22, 0xC5E4, 0xD665, 0xBDA3, 0xAD03,
    0xBD64, 0xD645, 0xE6A6, 0xDE25, 0xC583, 0xC544, 0xD5A5, 0xE5E4,
    0xDDC3, 0xDD83, 0xE584, 0xDD65, 0xD504, 0xC482, 0xC483, 0xCC83,
    0xC443, 0xBC03, 0xABC2, 0xA362, 0x9302, 0xA342, 0xAB41, 0x8AC0,
    0xA302, 0xAB03, 0x8A61, 0x7A20, 0x8240, 0x8A61, 0x79E0, 0x61A0,
    0x61A0, 0x6180, 0x38C0, 0x1840, 0x7820, 0x8040, 0x9880, 0xA8A0,
    0xA8E1, 0xA102, 0xA901, 0xD162, 0xE9C3, 0xD1A3, 0xD1A2, 0xD9E2,
    0xEA42, 0xF262, 0xE242, 0xE263, 0xEAA4, 0xF2E4, 0xF304, 0xF304,
    0xFB24, 0xF344, 0xEB65, 0xD305, 0xCAE4, 0xC2E4, 0xB2C4, 0xC324,
    0xD384, 0xD3A5, 0xD385, 0xD3A4, 0xDC05, 0xD405, 0xCBC4, 0xC3C3,
    0xCC24, 0xDC85, 0xDCA5, 0xE505, 0xE4E5, 0xDD05, 0xF5A7, 0xFE29,
    0xFE28, 0xF5E7, 0xF627, 0xF627, 0xE5E7, 0xE628, 0xEE48, 0xEE47,
    0xDE26, 0xE666, 0xEEC7, 0xDE66, 0xCE06, 0xC5C5, 0xCE05, 0xCE05,
    0xC5E5, 0xBDC5, 0xB564, 0xAD83, 0xB5C4, 0xB563, 0xAD63, 0xB5A4,
    0xAD44, 0xA504, 0xA524, 0xAD44, 0xAD63, 0xC5E4, 0xDEA5, 0xCE24,
    0xB563, 0xCE04, 0xE6A6, 0xE6C6, 0xE685, 0xDE65, 0xDE24, 0xD605,
    0xCDA5, 0xCD84, 0xD5C4, 0xE605, 0xE605, 0xDD84, 0xD542, 0xC4E2,
    0xBCA3, 0xC483, 0xB422, 0xABE2, 0xA3A1, 0xABA2, 0xABA2, 0xA362,
    0xA342, 0xAB62, 0xAB62, 0x9AE2, 0x8A81, 0x7A60, 0x8240, 0x8A81,
    0x8A61, 0x8201, 0x7A01, 0x69C0, 0x5140, 0x5120, 0x30A0, 0x1840,
    0x6800, 0x6020, 0x7040, 0x8060, 0x8860, 0x9081, 0xA0A1, 0xA901,
    0xB121, 0xC141, 0xC9A1, 0xC9C2, 0xD1E2, 0xD1E1, 0xD221, 0xD241,
    0xDA81, 0xD262, 0xC242, 0xCA63, 0xEB05, 0xFB66, 0xFB86, 0xFBA5,
    0xFBE6, 0xFBE6, 0xE385, 0xD364, 0xD345, 0xB2E4, 0xAB03, 0xBB63,
    0xCBA4, 0xBB83, 0xCBE4, 0xF4C6, 0xECC6, 0xD464, 0xC424, 0xDCA5,
    0xED26, 0xF587, 0xFE08, 0xFE07, 0xFE06, 0xF607, 0xF607, 0xEDE8,
    0xE5E8, 0xF668, 0xFEE9, 0xFEE9, 0xF6C8, 0xFF28, 0xFF89, 0xFF28,
    0xF708, 0xEF08, 0xE6C8, 0xDEA7, 0xDEA7, 0xE6E6, 0xDEE6, 0xCE65,
    0xC605, 0xC605, 0xB5A4, 0xA504, 0xA524, 0xBDE4, 0xCE44, 0xCE24,
    0xC5E4, 0xB583, 0xAD43, 0xBDA4, 0xCE04, 0xCE45, 0xDEA6, 0xDE65,
    0xC584, 0xC585, 0xD606, 0xE667, 0xE645, 0xE624, 0xE604, 0xDDC5,
    0xDDC4, 0xDDA3, 0xCD02, 0xAC42, 0xAC03, 0xC4A3, 0xC463, 0xBC22,
    0xB3E2, 0xBC02, 0xABA2, 0x9B41, 0xAB81, 0xA341, 0x92E1, 0x92C1,
    0x8AA1, 0x8A81, 0x9281, 0x8A61, 0x7A20, 0x71C0, 0x71E0, 0x69A0,
    0x5960, 0x69A0, 0x38C0, 0x0820, 0x6800, 0x6000, 0x6020, 0x8060,
    0xA8C1, 0xC101, 0xC902, 0xC143, 0xC142, 0xB961, 0xB180, 0xC9E2,
    0xEA43, 0xEA43, 0xDA23, 0xD223, 0xE284, 0xEAC4, 0xF2E4, 0xF303,
    0xDAC3, 0xBA83, 0xB283, 0xC2C4, 0xA263, 0x81E2, 0xAA83, 0xBAE4,
    0xAAC3, 0xB303, 0xC363, 0xD3A4, 0xCBC5, 0xC3A4, 0xC3C3, 0xCC03,
    0xD424, 0xD445, 0xD465, 0xDCC5, 0xD4A4, 0xCC84, 0xDD25, 0xDD26,
    0xCCE6, 0xCCE6, 0xD546, 0xE5C6, 0xE5E6, 0xD5A6, 0xD5A6, 0xDDE6,
    0xDE06, 0xCDC6, 0xC586, 0xDE47, 0xE6A7, 0xE6A7, 0xEEE7, 0xE6C6,
    0xDEA6, 0xDEA6, 0xE6E7, 0xE707, 0xDEC6, 0xD6A5, 0xDEC6, 0xE727,
    0xE726, 0xDEE6, 0xD686, 0xCE46, 0xD686, 0xDEC6, 0xDEA5, 0xCE45,
    0xC625, 0xCE25, 0xD624, 0xCDE4, 0xC5C4, 0xD626, 0xD5E5, 0xC584,
    0xD5E4, 0xEE45, 0xEE45, 0xE604, 0xDDA3, 0xD563, 0xE584, 0xDD64,
    0xDD44, 0xDD24, 0xD4E3, 0xD4C4, 0xD4A4, 0xD4A4, 0xCC63, 0xBC03,
    0xBBE2, 0xBBC3, 0xB3A2, 0xAB42, 0xAB42, 0xB322, 0xA2E2, 0x9AA1,
    0x9281, 0x8A61, 0x8A21, 0x71C0, 0x6180, 0x69A0, 0x40E0, 0x1860,
    0x5000, 0x6820, 0x8060, 0x8060, 0x8881, 0x90A1, 0x90C0, 0xB921,
    0xD982, 0xD9A2, 0xC182, 0xC9A2, 0xE223, 0xD223, 0xD243, 0xE263,
    0xEAA4, 0xDAA3, 0xDAA3, 0xEAE4, 0xE2E4, 0xDAC3, 0xD2C3, 0xDB04,
    0xE344, 0xDB64, 0xE385, 0xDB84, 0xDB84, 0xDBC4, 0xCB84, 0xC363,
    0xC382, 0xD3E3, 0xDC24, 0xDC65, 0xE4A5, 0xCC44, 0xB3C3, 0xC445,
    0xE4E7, 0xED47, 0xE546, 0xDD46, 0xDD66, 0xDD66, 0xDD65, 0xDD85,
    0xE5C6, 0xDDE7, 0xDDE7, 0xDE06, 0xE647, 0xE668, 0xDE27, 0xE667,
    0xDE86, 0xE6C6, 0xFF68, 0xF748, 0xEF28, 0xF768, 0xF768, 0xF7A8,
    0xFFE8, 0xF7A8, 0xF788, 0xF7C9, 0xF7A8, 0xF788, 0xEF47, 0xE727,
    0xDEE6, 0xD6C6, 0xDEC6, 0xDEA6, 0xDEA6, 0xE6C6, 0xE6C5, 0xDE85,
    0xCE05, 0xCDE5, 0xD605, 0xDE25, 0xD5E5, 0xD5A4, 0xDDC4, 0xF645,
    0xFE65, 0xFE46, 0xFE66, 0xF605, 0xF605, 0xFE46, 0xFDE6, 0xF585,
    0xF564, 0xF545, 0xED04, 0xE4C3, 0xE4A4, 0xE484, 0xDC43, 0xD423,
    0xD403, 0xCBC3, 0xBB62, 0xBB42, 0xB302, 0xA2C2, 0x9A81, 0x8201,
    0x69A0, 0x69A0, 0x38E0, 0x1840, 0x7820, 0x7840, 0x8860, 0x9060,
    0x98A1, 0xA8E1, 0xC102, 0xD142, 0xD962, 0xD9C3, 0xF224, 0xE203,
    0xD202, 0xE244, 0xF2A4, 0xFB04, 0xFB46, 0xFB26, 0xF2E5, 0xF304,
    0xFB85, 0xFC47, 0xFC88, 0xFC27, 0xE345, 0xCB04, 0xEBC5, 0xFC26,
    0xFC25, 0xF424, 0xFC65, 0xF465, 0xDC25, 0xEC45, 0xF4A6, 0xEC86,
    0xD445, 0xE4A5, 0xFD46, 0xF546, 0xDCE6, 0xD4E5, 0xDD45, 0xDD45,
    0xDD46, 0xF5E8, 0xF628, 0xEE08, 0xEE27, 0xF667, 0xF687, 0xF688,
    0xF688, 0xF6C7, 0xF707, 0xFF48, 0xFF48, 0xFF68, 0xFF89, 0xFF89,
    0xF768, 0xF768, 0xF788, 0xF768, 0xEF68, 0xF788, 0xEF88, 0xEF26,
    0xE726, 0xEF47, 0xE727, 0xDEE7, 0xDEE6, 0xE6E6, 0xDEC6, 0xDEC6,
    0xE706, 0xEF07, 0xE6A6, 0xDE86, 0xEEC6, 0xF727, 0xFF27, 0xFF06,
    0xFEE6, 0xFEE6, 0xFEC6, 0xFEC6, 0xFE86, 0xFE65, 0xFE86, 0xFE45,
    0xFDE5, 0xF5E5, 0xF5C5, 0xF585, 0xE524, 0xED24, 0xFD65, 0xF524,
    0xE4A4, 0xDC64, 0xDC43, 0xD403, 0xCBE3, 0xCBC3, 0xBB62, 0xBB42,
    0xB322, 0xA2C2, 0x9261, 0x71C0, 0x5960, 0x5960, 0x30A0, 0x1020,
    0x6000, 0x6820, 0x8040, 0x8860, 0xA0A1, 0xA8E1, 0xA902, 0x98E1,
    0x90E1, 0xA122, 0xC183, 0xD9E3, 0xDA03, 0xC9E3, 0xA9A3, 0xB1E3,
    0xD263, 0xC243, 0xC243, 0xF305, 0xF304, 0xBA83, 0x8A22, 0xD302,
    0xFBA4, 0xFBA4, 0xF3C4, 0xE3E5, 0xE3E5, 0xE383, 0xDB83, 0xD3A4,
    0xB343, 0x7A60, 0x8260, 0xCBC3, 0xE485, 0xDCA5, 0xDCA5, 0xD4A5,
    0xDCE5, 0xE526, 0xE525, 0xE566, 0xED65, 0xE543, 0xE583, 0xEE06,
    0xF647, 0xE5E7, 0xDDE7, 0xEEA8, 0xFEE8, 0xFF28, 0xFF28, 0xFF28,
    0xF728, 0xF748, 0xFF68, 0xF768, 0xF789, 0xFFA9, 0xFFC9, 0xF7A8,
    0xF767, 0xF7A8, 0xFFE8, 0xFFE9, 0xF7A8, 0xEF47, 0xE726, 0xEF87,
    0xEF47, 0xE6E7, 0xE707, 0xEF27, 0xF727, 0xF747, 0xFF67, 0xFF47,
    0xEEE6, 0xEEC6, 0xEEA6, 0xF6C6, 0xF6A6, 0xF6A6, 0xF6A6, 0xEE45,
    0xF685, 0xFE65, 0xEDE5, 0xE584, 0xE584, 0xF5E5, 0xED64, 0xDCE4,
    0xDCC4, 0xD4A4, 0xD4A4, 0xDC84, 0xCC23, 0xC3E3, 0xBBA3, 0xB363,
    0xB342, 0xAB22, 0x9AC1, 0x9AC1, 0x9AA1, 0x8A41, 0x79E0, 0x5980,
    0x40E0, 0x30A0, 0x1020, 0x0000, 0x7020, 0x7840, 0x9080, 0x98A1,
    0xA8A1, 0xC0C1, 0xD0E1, 0xB0E1, 0xB101, 0xD982, 0xD9C2, 0xB9A2,
    0xB182, 0xC9A2, 0xEA03, 0xF263, 0xFAC4, 0xF304, 0xF2E3, 0xF2E3,
    0xEAC1, 0xFB64, 0xFC89, 0xFCEB, 0xF4AA, 0xF448, 0xFBE4, 0xE322,
    0xC323, 0xCC07, 0xF4C9, 0xFCC6, 0xFC84, 0xFCE5, 0xFD25, 0xECE4,
    0xE4C4, 0xF506, 0xFD47, 0xF546, 0xFD45, 0xFDA5, 0xF608, 0xF627,
    0xFEA9, 0xFF2F, 0xFF71, 0xFF2D, 0xFEC8, 0xFF09, 0xFF4A, 0xFF28,
    0xF6C7, 0xE647, 0xDE27, 0xDE67, 0xE686, 0xE6C7, 0xF748, 0xF748,
    0xEF08, 0xE6E7, 0xEF27, 0xF768, 0xF7A8, 0xFFE8, 0xF767, 0xDEE6,
    0xE746, 0xEF87, 0xEF68, 0xF789, 0xEF28, 0xDEC6, 0xDEC6, 0xDEA5,
    0xD665, 0xD666, 0xDE86, 0xDE86, 0xE666, 0xDE46, 0xDE45, 0xDE25,
    0xCD84, 0xCD64, 0xD584, 0xD584, 0xE5C5, 0xE5C5, 0xD544, 0xD523,
    0xD504, 0xC484, 0xBC43, 0xBC63, 0xD4A4, 0xD4A4, 0xC423, 0xA362,
    0x9302, 0x92E2, 0x92C2, 0x92C1, 0x8AA1, 0x7A60, 0x7200, 0x6180,
    0x6180, 0x61C0, 0x4100, 0x28A0, 0x30C0, 0x38C0, 0x1860, 0x0000,
    0x6820, 0x8060, 0xA080, 0xA860, 0xC8C1, 0xD984, 0xE205, 0xEA45,
    0xF265, 0xEA65, 0xEA03, 0xD182, 0xC1E2, 0xE2E6, 0xFBE9, 0xFC09,
    0xF386, 0xF345, 0xF386, 0xFC08, 0xFCAB, 0xFD0C, 0xF52E, 0xF52E,
    0xF58F, 0xF5AF, 0xFD0A, 0xFC87, 0xFC87, 0xFCE9, 0xFD09, 0xFD08,
    0xFD49, 0xFD6A, 0xFD6A, 0xFD27, 0xFCE7, 0xECA5, 0xECE5, 0xED88,
    0xF5A8, 0xF5E8, 0xFF12, 0xFECF, 0xF609, 0xEE0C, 0xE5EB, 0xD587,
    0xCD45, 0xD5C7, 0xDDE8, 0xD5A6, 0xCD87, 0xEEC8, 0xFFE9, 0xFF88,
    0xEEC7, 0xD667, 0xD666, 0xD666, 0xCE46, 0xCE47, 0xE6E8, 0xE6E7,
    0xCE45, 0xCE25, 0xC625, 0xC605, 0xC625, 0xDEA7, 0xDEE8, 0xCE45,
    0xC604, 0xD665, 0xD6A6, 0xD666, 0xCE25, 0xC605, 0xAD23, 0xB523,
    0xC5C4, 0xC584, 0xC5A4, 0xCDC4, 0xCD84, 0xB4E3, 0xB4E4, 0xD584,
    0xBD03, 0xA422, 0xAC63, 0xCD04, 0xC4A4, 0x9B82, 0x9362, 0xA3A2,
    0xABC3, 0x9B63, 0x9B42, 0x9B22, 0x8AE2, 0x8AC1, 0x82A0, 0x7240,
    0x61E0, 0x61A0, 0x61C0, 0x4120, 0x4940, 0x69C0, 0x4100, 0x2880,
    0x30A0, 0x38C0, 0x1860, 0x0000, 0xA040, 0xA080, 0xA0A0, 0xA860,
    0xC8E1, 0xE1A3, 0xE1E5, 0xEA26, 0xEA46, 0xEA66, 0xEA86, 0xFB68,
    0xFBEA, 0xFAE5, 0xF263, 0xEAE5, 0xEBA7, 0xF3C7, 0xFB85, 0xF365,
    0xF3A6, 0xF3A6, 0xF345, 0xF323, 0xF343, 0xF3A4, 0xF406, 0xEC27,
    0xF3E5, 0xFC04, 0xF404, 0xDBC4, 0xCB83, 0xE404, 0xEC44, 0xCBC3,
    0xCC25, 0xD485, 0xD464, 0xBC24, 0xB403, 0xB3E2, 0xABC2, 0x9B42,
    0x8B21, 0x9B80, 0x9BC1, 0xB4A5, 0xCD46, 0xB4A5, 0x9C04, 0xA464,
    0xACE4, 0xA483, 0x83A2, 0x7B63, 0x9444, 0xBD85, 0xC5C5, 0xC5C5,
    0xBDA5, 0xAD44, 0xAD44, 0xAD64, 0xB585, 0xA525, 0xA4E4, 0xAD63,
    0xCE25, 0xCE65, 0xD665, 0xDEC5, 0xE706, 0xDEC6, 0xCE45, 0xBDE4,
    0xD665, 0xF747, 0xE6A6, 0xC5A4, 0xBD84, 0xC5A4, 0xC584, 0xBD23,
    0xC584, 0xBD24, 0xAC82, 0xBCE3, 0xBCE3, 0xBCA4, 0xB443, 0x9BE2,
    0x93A1, 0x9BC2, 0xAC04, 0xA3C4, 0x8302, 0x6A40, 0x7260, 0x9301,
    0x82A1, 0x82A0, 0x8280, 0x7221, 0x7200, 0x69E0, 0x69E0, 0x61E0,
    0x61C0, 0x61A0, 0x4940, 0x38E0, 0x30A0, 0x2880, 0x1020, 0x0000,
    0x6000, 0x7840, 0x9881, 0x9881, 0xA081, 0xA8A1, 0xB0E1, 0xC942,
    0xD142, 0xC922, 0xD182, 0xD9E3, 0xDA03, 0xD9E2, 0xF2A4, 0xFB66,
    0xFB66, 0xFAC4, 0xEA62, 0xDAA3, 0xDAA3, 0xDAE4, 0xEB25, 0xFBC6,
    0xFBE6, 0xE365, 0xD325, 0xDB64, 0xD364, 0xB304, 0xAAE4, 0xBB64,
    0xD3E4, 0xE465, 0xE445, 0xCC04, 0xCC24, 0xD464, 0xDCA5, 0xDCC5,
    0xCC85, 0xC466, 0xCCC5, 0xC4C5, 0xB465, 0xA425, 0x9C05, 0x9BE3,
    0x9C03, 0xAC84, 0xACA4, 0xA463, 0xACC4, 0xB505, 0xBD25, 0xC5A6,
    0xBD65, 0xA4C4, 0x9463, 0xB545, 0xCE07, 0xBDA6, 0xA524, 0xAD44,
    0xC5E5, 0xCE45, 0xDEC6, 0xE727, 0xDF07, 0xC645, 0xAD83, 0xAD63,
    0xBE04, 0xCE65, 0xCE45, 0xD666, 0xD646, 0xCE05, 0xC5C4, 0xC5E5,
    0xCDE5, 0xBD84, 0xC5A4, 0xD5E5, 0xCDC5, 0xBD04, 0xA463, 0xAC43,
    0xAC43, 0xAC43, 0x9C02, 0x9BE2, 0x8B62, 0x72E2, 0x72A0, 0x82C0,
    0x8B00, 0x7AA0, 0x8AE1, 0x9321, 0x6A20, 0x61E0, 0x7220, 0x7A40,
    0x8260, 0x7200, 0x5980, 0x4940, 0x5160, 0x61A0, 0x5980, 0x4900,
    0x30A0, 0x30A0, 0x1840, 0x0000, 0x8841, 0x9040, 0x9881, 0xA8A1,
    0xB8E1, 0xC102, 0xC923, 0xC122, 0xC942, 0xD9A3, 0xDA04, 0xE244,
    0xE244, 0xE224, 0xD203, 0xC203, 0xC223, 0xEAC5, 0xF305, 0xC284,
    0xA223, 0x9A02, 0x9A22, 0xBAA3, 0xB2C4, 0xAAA4, 0xB2E4, 0xC304,
    0xC324, 0xC323, 0xCB64, 0xC364, 0xBB64, 0xBB84, 0xBB84, 0xAB64,
    0xAB84, 0xA364, 0xA364, 0xA384, 0xABC4, 0xABE4, 0x9383, 0x9BC4,
    0xB445, 0xBC65, 0xBCA5, 0xBCE6, 0xBCE5, 0xB4A5, 0xAC84, 0xA484,
    0xA483, 0xACE3, 0xAD04, 0x9C84, 0x8C24, 0x9445, 0x9464, 0x8C43,
    0x9484, 0xAD45, 0xBDA5, 0xB564, 0xA503, 0xA523, 0xB5A4, 0xBE04,
    0xB584, 0xBDE4, 0xD6A6, 0xDEA6, 0xCE46, 0xBDC5, 0xBDA4, 0xB583,
    0xBDA4, 0xC605, 0xCE05, 0xCE05, 0xCE05, 0xBD84, 0xCDA5, 0xE667,
    0xEE87, 0xD5C5, 0xC524, 0xC544, 0xD584, 0xCD23, 0xB463, 0xAC23,
    0x9BC2, 0x8300, 0x6A80, 0x82E0, 0xABC1, 0xABC1, 0xA381, 0x9B20,
    0x8280, 0x7A60, 0x6A20, 0x5180, 0x61E0, 0x7A20, 0x69E0, 0x69E0,
    0x69E0, 0x61C0, 0x5940, 0x40E0, 0x28A0, 0x28A0, 0x1040, 0x0000,
    0x5000, 0x6820, 0x9061, 0x9061, 0x98A1, 0xA0C1, 0xA0C1, 0xA902,
    0xB943, 0xB142, 0xA142, 0xB162, 0xE204, 0xFAA5, 0xF2A5, 0xDA85,
    0xE264, 0xBA22, 0x91C1, 0x89A2, 0xBA63, 0xD2E4, 0xBAA4, 0xC2C3,
    0xCAE3, 0xC2E3, 0xAA83, 0xB2C3, 0xBB04, 0xAAE4, 0xA2C3, 0xAAE3,
    0xB344, 0xB344, 0xA323, 0x9B03, 0xA344, 0xB3C4, 0xBBE4, 0xA3A4,
    0x9B84, 0xA3C4, 0xA3A3, 0xABE3, 0xBC63, 0xCD05, 0xCD26, 0xC505,
    0xC525, 0xC525, 0xC545, 0xC544, 0xBD24, 0xACC4, 0xA4A4, 0xBD45,
    0xBD65, 0xAD25, 0xB544, 0xC5E5, 0xCE26, 0xBDA5, 0xBDA5, 0xBDE5,
    0xBDE5, 0xCE45, 0xD665, 0xD665, 0xCE45, 0xCE25, 0xCE45, 0xD666,
    0xD686, 0xD686, 0xCE66, 0xB584, 0xAD43, 0xC5E4, 0xD626, 0xCDE5,
    0xB544, 0xC5A5, 0xB525, 0x9423, 0x9C43, 0xBD03, 0xD584, 0xBCE2,
    0xBCC2, 0xC503, 0xC4E3, 0xBC83, 0xB442, 0xB443, 0xABE2, 0xABC1,
    0xBC21, 0xC421, 0xB3E1, 0x8AE0, 0x7240, 0x6200, 0x61E0, 0x69E0,
    0x8260, 0x8A61, 0x69C0, 0x5160, 0x5140, 0x5160, 0x5140, 0x4100,
    0x30C0, 0x28A0, 0x1040, 0x0800, 0x6800, 0x8040, 0x9881, 0x9081,
    0xA0A1, 0xA8C2, 0xB0E2, 0xC942, 0xD9A3, 0xE1C3, 0xE1E3, 0xE204,
    0xD204, 0xD224, 0xD1E3, 0xE244, 0xFB26, 0xDAC4, 0xDA83, 0xFB46,
    0xFB65, 0xE304, 0xCAC4, 0xE345, 0xEB65, 0xCB25, 0xAAE5, 0xC345,
    0xEBE5, 0xDBA4, 0xD3A5, 0xDBE6, 0xEC46, 0xEC46, 0xEC86, 0xFCE6,
    0xFD07, 0xFD47, 0xFD87, 0xFDA8, 0xF567, 0xF567, 0xFE08, 0xFE6B,
    0xF66C, 0xF649, 0xEDC6, 0xE5C6, 0xEE48, 0xEE48, 0xDDE7, 0xDDE6,
    0xF6E9, 0xFF4A, 0xF6C8, 0xEEC8, 0xE6A7, 0xDE66, 0xCE25, 0xD666,
    0xD666, 0xC5E5, 0xBDC5, 0xC625, 0xD686, 0xDEE7, 0xCE27, 0xAD24,
    0xB564, 0xBDC4, 0xB5C5, 0xB5A4, 0xBDC4, 0xB5A4, 0xB584, 0xAD23,
    0xAD44, 0xBDA4, 0xBDA4, 0xBD64, 0xB544, 0xC564, 0xA483, 0x8381,
    0x9402, 0xB503, 0xBD03, 0x93E1, 0x9C02, 0xB483, 0xB483, 0xD524,
    0xE585, 0xDD24, 0x9BA1, 0x9B60, 0xBC21, 0xABE1, 0x9B41, 0x82C1,
    0x7A80, 0x7240, 0x6A20, 0x7220, 0x6A00, 0x69E0, 0x61A0, 0x4940,
    0x38E0, 0x30A0, 0x38E0, 0x38E0, 0x2880, 0x28A0, 0x1040, 0x0000,
    0x6800, 0x8840, 0xA081, 0x9081, 0x8881, 0xA8E1, 0xC922, 0xC142,
    0xB122, 0xC142, 0xD9E3, 0xC1A2, 0xA982, 0xC9E3, 0xD203, 0xB9E2,
    0xBA43, 0xDAC5, 0xE2C5, 0xBA43, 0xBA63, 0xC2A4, 0xC2A4, 0xCAE4,
    0xE345, 0xFBC6, 0xFC26, 0xFC47, 0xFC07, 0xEBE6, 0xE405, 0xE405,
    0xDC05, 0xCBC4, 0xD404, 0xE466, 0xE466, 0xCC25, 0xC424, 0xE4E6,
    0xE4E6, 0xCCA6, 0xDD26, 0xE587, 0xE587, 0xDD86, 0xE5C7, 0xEE07,
    0xE607, 0xE607, 0xE607, 0xDDE7, 0xDE27, 0xDE27, 0xCDE6, 0xCDC5,
    0xCE26, 0xE6A8, 0xE6E8, 0xC606, 0xB585, 0xC606, 0xD667, 0xCE67,
    0xC606, 0xC5E5, 0xC605, 0xBE05, 0xBDC6, 0xBDC5, 0xB5A5, 0xAD44,
    0xB564, 0xB5A4, 0xB564, 0xA4C3, 0x9CC3, 0xB563, 0xB544, 0xAD04,
    0xAD03, 0xB523, 0xC584, 0xCDC5, 0xCDA4, 0xC524, 0xBD04, 0xC504,
    0xCD44, 0xCD24, 0xC4A4, 0xB443, 0xAC22, 0xBC82, 0xC483, 0xC483,
    0xC442, 0xB402, 0xA382, 0x9300, 0x8AE0, 0x7240, 0x61E0, 0x6A00,
    0x4980, 0x30E0, 0x38E0, 0x61C0, 0x7200, 0x5980, 0x4100, 0x30A0,
    0x2080, 0x28A0, 0x1860, 0x0820, 0x6000, 0x7820, 0xA081, 0xA0A1,
    0xA8A1, 0xB0C1, 0xB8E1, 0xD963, 0xE1A3, 0xD163, 0xD1E4, 0xEA65,
    0xFAA5, 0xF264, 0xDA24, 0xD244, 0xE264, 0xF2E5, 0xFB05, 0xF304,
    0xF324, 0xEB24, 0xE324, 0xD323, 0xCB03, 0xCB23, 0xDB65, 0xE3A5,
    0xEBC5, 0xF405, 0xEC05, 0xD3C5, 0xC3A4, 0xCBC5, 0xD3E5, 0xCC06,
    0xC3E5, 0xBBE4, 0xB3E4, 0xB3C4, 0xBC25, 0xC485, 0xBC44, 0xC484,
    0xD526, 0xDD47, 0xCD06, 0xBCE6, 0xCD46, 0xC525, 0xC545, 0xCD66,
    0xB4E5, 0x9C44, 0x9C84, 0xCDC6, 0xCDE6, 0xA4E5, 0x9464, 0xBDA6,
    0xE6C7, 0xC606, 0xAD45, 0xAD45, 0xB585, 0xB585, 0xAD25, 0xA524,
    0xAD65, 0xBDC5, 0xB5A5, 0xA503, 0x9CC3, 0xA503, 0xB584, 0xAD24,
    0xA4E4, 0xB584, 0xBD84, 0xB523, 0xACE3, 0xACC3, 0xB503, 0xBD24,
    0xB4E4, 0xAC83, 0xB4C4, 0xCD85, 0xD586, 0xCD24, 0xBCC3, 0xBCA3,
    0xC4A3, 0xC4A3, 0xC483, 0xBC43, 0xB402, 0xBC22, 0xA381, 0x82C1,
    0x9301, 0xAB62, 0xA342, 0x8281, 0x8261, 0x8A81, 0x69E0, 0x61C0,
    0x61A0, 0x5980, 0x4100, 0x30C0, 0x28A0, 0x2880, 0x0820, 0x0000,
    0x7820, 0x8840, 0xA0A0, 0xA881, 0xB8C2, 0xD123, 0xD143, 0xC922,
    0xD183, 0xE225, 0xE245, 0xE244, 0xE244, 0xE244, 0xF2A5, 0xFAE5,
    0xEAC5, 0xCA43, 0xCA42, 0xE2E4, 0xCAA3, 0xBA63, 0xCAC3, 0xD2E4,
    0xE345, 0xE365, 0xCB24, 0xA2A3, 0x9A82, 0xB304, 0xC344, 0xBB44,
    0xBB84, 0xC3A4, 0xC3E4, 0xC3E5, 0xBBC4, 0xBBE4, 0xC425, 0xBC04,
    0xB3E4, 0xBC25, 0xBC46, 0xBC66, 0xB465, 0xAC45, 0x9C04, 0xA445,
    0xBCE6, 0xB4C5, 0xA485, 0xACA5, 0xACC5, 0xACC4, 0x9C64, 0x9444,
    0x9444, 0x9CA4, 0xAD24, 0xA4E4, 0x9483, 0x9484, 0xA524, 0xB585,
    0xB5A5, 0xAD45, 0xAD65, 0xBDC6, 0xBDE5, 0xAD44, 0xAD23, 0xC5E5,
    0xC606, 0xAD65, 0xA523, 0xBDA4, 0xBDC5, 0xAD23, 0x9CA3, 0xAD03,
    0xC5A5, 0xCDE6, 0xC585, 0xBD44, 0xCDC5, 0xD5A5, 0xC504, 0xB4C3,
    0xC504, 0xD586, 0xDD86, 0xC4A4, 0xA3E2, 0xAC03, 0xBC63, 0xC463,
    0xB403, 0xBC23, 0xB3E2, 0x9B41, 0x92E1, 0xA322, 0x9B02, 0x61E0,
    0x7220, 0x8A81, 0x7A40, 0x7200, 0x61A0, 0x5140, 0x38C0, 0x28A0,
    0x30C0, 0x40E0, 0x2080, 0x0800, 0x7820, 0x8840, 0xA081, 0xA081,
    0xB8A1, 0xC902, 0xD163, 0xD1A4, 0xE1E4, 0xE225, 0xDA04, 0xE224,
    0xF285, 0xEA65, 0xE243, 0xEA83, 0xF2E4, 0xEAE4, 0xE2A4, 0xDAC4,
    0xC284, 0xB263, 0xB262, 0xAA83, 0xAA83, 0xAA83, 0xBAE4, 0xC324,
    0xC324, 0xB304, 0xAAE3, 0xAAE3, 0xAB23, 0xA303, 0xA323, 0xAB43,
    0xAB64, 0xAB85, 0xA384, 0x9B64, 0x9343, 0x9B84, 0xA3C4, 0xB425,
    0xAC04, 0x93A4, 0x8B83, 0xA404, 0xAC85, 0x9C24, 0x7302, 0x5A62,
    0x7B63, 0xACC5, 0xB525, 0x9C84, 0x8C03, 0x9C84, 0xBDA6, 0xC5E6,
    0xBDA5, 0xBDA5, 0xBDA6, 0xBDC6, 0xB5A5, 0xC5E5, 0xC626, 0xC626,
    0xCE86, 0xCE66, 0xCE46, 0xD6A6, 0xE707, 0xDEC6, 0xC605, 0xCE25,
    0xDE86, 0xD645, 0xCE05, 0xBD85, 0xACE3, 0xBD43, 0xC584, 0xBD64,
    0xCD85, 0xCD65, 0xC544, 0xBD04, 0xC504, 0xD565, 0xDD85, 0xD524,
    0xD504, 0xE564, 0xDD24, 0xD4C4, 0xCC63, 0xBC22, 0xBBE2, 0xBBC2,
    0xAB82, 0xA342, 0xA322, 0x9B01, 0x92C1, 0x8261, 0x7A21, 0x8241,
    0x7A00, 0x61A0, 0x4920, 0x30A0, 0x2080, 0x2060, 0x0820, 0x0000,
    0x7020, 0x8040, 0x7860, 0x6040, 0x8080, 0xC0E2, 0xE143, 0xD142,
    0xC983, 0xD9E4, 0xEA04, 0xD9C3, 0xC182, 0xB1A2, 0xC203, 0xCA24,
    0xB1C3, 0xC1E2, 0xDA63, 0xEAC3, 0xEB03, 0xE323, 0xE303, 0xD2E4,
    0xD304, 0xD324, 0xCB24, 0xB2E4, 0xAAA3, 0xBB23, 0xBB44, 0xB324,
    0xA304, 0xAB24, 0xAB64, 0xAB63, 0xA363, 0xABA4, 0xABC4, 0xABC5,
    0x9BA4, 0x9343, 0x8323, 0x9384, 0xA3E4, 0xA3E3, 0xAC44, 0xBCC5,
    0xC526, 0xBD06, 0xBD05, 0xC566, 0xC586, 0xB525, 0xA485, 0xA4A5,
    0xBD65, 0xCDE6, 0xC5C6, 0xC5E7, 0xC607, 0xBDC6, 0xBDE6, 0xC626,
    0xCE46, 0xDEE7, 0xD686, 0xB584, 0xC626, 0xDEE7, 0xE707, 0xDEA6,
    0xD686, 0xE707, 0xEF47, 0xE6E6, 0xDE86, 0xE6C7, 0xD665, 0xCDE5,
    0xC5E6, 0xE686, 0xE666, 0xCDA5, 0xC584, 0xDE05, 0xEE66, 0xDDE6,
    0xD585, 0xDD84, 0xEDC4, 0xF5E4, 0xF5E5, 0xFE06, 0xFDE5, 0xF585,
    0xF544, 0xE504, 0xED04, 0xECE4, 0xD463, 0xC403, 0xBBC2, 0xBBA2,
    0xB362, 0xB322, 0x9AC1, 0x9281, 0x8A61, 0x7A00, 0x6180, 0x4100,
    0x28A0, 0x2060, 0x0800, 0x0000, 0x7820, 0x9060, 0xC8C1, 0xE0E2,
    0xC8E2, 0xB0E2, 0xB922, 0xD142, 0xB922, 0x9902, 0xB942, 0xD1C3,
    0xCA24, 0xCA03, 0xE203, 0xFAA4, 0xFB66, 0xFBC7, 0xF366, 0xEB05,
    0xF2E4, 0xFB86, 0xFC89, 0xFC87, 0xFBE5, 0xF384, 0xE3A5, 0xDB85,
    0xD365, 0xDBA5, 0xD3A5, 0xCB83, 0xBB42, 0xCB83, 0xD3E5, 0xCC06,
    0xCC05, 0xC3A3, 0xBBA2, 0xCC23, 0xECE6, 0xFD87, 0xF5A7, 0xD506,
    0xCCC5, 0xE5A7, 0xEDC7, 0xDDA7, 0xD5A7, 0xD586, 0xDDC7, 0xE627,
    0xE627, 0xCDC6, 0xC5A5, 0xCE06, 0xDE47, 0xDE47, 0xCE27, 0xC5E6,
    0xCE06, 0xDE87, 0xE6C7, 0xDEC7, 0xD687, 0xD687, 0xDEC7, 0xE727,
    0xF7A8, 0xF7A8, 0xEF67, 0xE707, 0xDEC7, 0xE6E7, 0xF748, 0xF768,
    0xEF48, 0xE6C7, 0xDE86, 0xDE65, 0xDE45, 0xE666, 0xE686, 0xE685,
    0xE666, 0xDE06, 0xDDE4, 0xEE04, 0xFE64, 0xFE65, 0xFE45, 0xFE46,
    0xFE26, 0xF606, 0xFE27, 0xFE26, 0xFDC5, 0xF544, 0xFD64, 0xFD44,
    0xECE4, 0xE463, 0xDC43, 0xDC43, 0xD3E3, 0xCBA2, 0xBB42, 0xAB02,
    0x9AA1, 0x8220, 0x61A0, 0x4900, 0x30A0, 0x2060, 0x0000, 0x0000,
    0x8020, 0x7820, 0x7840, 0x8881, 0xB8C1, 0xC0E2, 0xA8E1, 0xB922,
    0xD983, 0xE9C4, 0xE1C3, 0xE203, 0xFAE6, 0xFC09, 0xFC2A, 0xFB87,
    0xDAA4, 0xCA84, 0xDAE6, 0xF325, 0xE2C3, 0xD283, 0xCAC3, 0xCAC3,
    0xDB24, 0xEB85, 0xEB85, 0xEBC5, 0xF405, 0xF446, 0xFC25, 0xFC65,
    0xF4E7, 0xF4E8, 0xF464, 0xFC23, 0xFD48, 0xFE4D, 0xFE6D, 0xFDC9,
    0xFDCA, 0xFE6D, 0xFE6B, 0xFE09, 0xFDE8, 0xFE6A, 0xF628, 0xFE47,
    0xFF2A, 0xFF09, 0xF688, 0xEE67, 0xFEE9, 0xF728, 0xEEA7, 0xE687,
    0xE6A7, 0xEF07, 0xEEE8, 0xDEA7, 0xDEA7, 0xE708, 0xE708, 0xEF28,
    0xF769, 0xEF48, 0xEF48, 0xF7A9, 0xF7A9, 0xEF69, 0xE748, 0xEF47,
    0xF788, 0xFFA8, 0xF788, 0xEF27, 0xE6E6, 0xDEA6, 0xEF07, 0xF727,
    0xF706, 0xF707, 0xF6E6, 0xF6C5, 0xFF07, 0xFEA2, 0xF660, 0xFEE9,
    0xFF93, 0xFF72, 0xFEA7, 0xFEA7, 0xFEA9, 0xFE26, 0xED64, 0xE503,
    0xED44, 0xF544, 0xED24, 0xE4C3, 0xE4A3, 0xDC63, 0xD423, 0xCBE3,
    0xBBA2, 0xBB82, 0xBB42, 0xB302, 0x9AA1, 0x7A00, 0x5960, 0x38E0,
    0x28A0, 0x30A0, 0x1840, 0x0800, 0x6820, 0x7020, 0x7040, 0x6040,
    0x8881, 0xB8E2, 0xC102, 0xB902, 0xB122, 0xC983, 0xDA04, 0xD9C3,
    0xD9A2, 0xDA24, 0xDA65, 0xEAA4, 0xF2A4, 0xFAC4, 0xEAA3, 0xD283,
    0xEB25, 0xF345, 0xEB04, 0xEB45, 0xF3C6, 0xFC27, 0xFC47, 0xFC06,
    0xEBA4, 0xD385, 0xE3E5, 0xFC66, 0xFCC7, 0xFD69, 0xFDEB, 0xFDEB,
    0xF568, 0xF5AA, 0xF64F, 0xFE4C, 0xFDE9, 0xF567, 0xF587, 0xFDE8,
    0xFE29, 0xF629, 0xDDA7, 0xCD26, 0xCD86, 0xDDC6, 0xDDE7, 0xD5C7,
    0xDE28, 0xEE88, 0xF6C8, 0xEEA8, 0xE6A8, 0xEEE8, 0xEEE8, 0xEF08,
    0xEF08, 0xF748, 0xF768, 0xEF27, 0xE707, 0xE727, 0xEF48, 0xEF68,
    0xEF68, 0xF7A8, 0xFFE8, 0xF788, 0xF768, 0xF788, 0xF768, 0xF768,
    0xFFA8, 0xFFA8, 0xFF88, 0xFF87, 0xFF67, 0xFF46, 0xFF25, 0xFF04,
    0xFF28, 0xFF4D, 0xFF70, 0xFF4C, 0xFEE6, 0xFE43, 0xEDA3, 0xE584,
    0xDD23, 0xCCC3, 0xD4E4, 0xD4C4, 0xC443, 0xC423, 0xCC43, 0xCC42,
    0xC401, 0xB381, 0xAB41, 0xA322, 0xAB22, 0xA302, 0x92A1, 0x8A81,
    0x9281, 0x9260, 0x5980, 0x28A0, 0x2060, 0x30C0, 0x2880, 0x1840,
    0x7020, 0x8040, 0xA081, 0xA881, 0x90A1, 0x78A0, 0x80A0, 0xA101,
    0xB121, 0xB121, 0xC182, 0xC9E3, 0xCA03, 0xC1C3, 0xC9C3, 0xDA23,
    0xE243, 0xEA84, 0xE2E6, 0xE346, 0xF3A6, 0xFC07, 0xFC49, 0xFC07,
    0xF3C6, 0xF3E6, 0xF468, 0xFC67, 0xFC25, 0xEBE5, 0xE3E5, 0xEC25,
    0xF424, 0xF465, 0xF4C7, 0xF508, 0xFD07, 0xFCC5, 0xECA4, 0xE4A4,
    0xE506, 0xED47, 0xFDE9, 0xF5E7, 0xDD46, 0xCCE6, 0xCD27, 0xDD88,
    0xD5A7, 0xE5E7, 0xEE48, 0xF688, 0xEE67, 0xE667, 0xEEA7, 0xE687,
    0xEF07, 0xFF68, 0xEF07, 0xF788, 0xFFA9, 0xEF08, 0xEF28, 0xEF68,
    0xEF48, 0xEF48, 0xEF68, 0xF7A9, 0xEF68, 0xEF68, 0xF7A8, 0xF788,
    0xFFC9, 0xFFC9, 0xFFC8, 0xFF87, 0xF787, 0xFF88, 0xFF68, 0xF747,
    0xF727, 0xFF48, 0xFF49, 0xFF2A, 0xFF29, 0xFEE6, 0xFEA4, 0xF662,
    0xD562, 0xBCC4, 0xCCE5, 0xDD45, 0xD503, 0xC4A2, 0xD4E3, 0xD4C4,
    0xB403, 0xB3C3, 0xB3E2, 0xAB81, 0x9B21, 0x92E1, 0x9B02, 0x9B01,
    0x92A1, 0x8260, 0x7200, 0x61C0, 0x5980, 0x5980, 0x5140, 0x38E0,
    0x30A0, 0x30A0, 0x1840, 0x0000, 0x7820, 0x7020, 0x8060, 0x9081,
    0xB0C1, 0xC902, 0xD923, 0xE183, 0xD983, 0xC983, 0xD1C2, 0xC9A2,
    0xC9E2, 0xEA43, 0xF284, 0xEAA4, 0xF346, 0xF3A6, 0xE324, 0xDA63,
    0xD263, 0xE3A7, 0xFCCB, 0xFC68, 0xFBE6, 0xFBE6, 0xFC06, 0xF447,
    0xF447, 0xFC26, 0xF426, 0xEC46, 0xE446, 0xF486, 0xE445, 0xCBC4,
    0xCC05, 0xDCA6, 0xED27, 0xE4E6, 0xED46, 0xFE08, 0xFE69, 0xF5C7,
    0xE586, 0xFE27, 0xFEA7, 0xFE87, 0xEE26, 0xF666, 0xFEA7, 0xF6A7,
    0xF6A7, 0xF6E8, 0xF708, 0xE687, 0xE687, 0xE6C7, 0xDE87, 0xEF08,
    0xEF49, 0xDEA8, 0xDEC8, 0xE729, 0xEF69, 0xEF68, 0xE728, 0xE728,
    0xE727, 0xEF67, 0xEF67, 0xEF47, 0xF788, 0xF7A8, 0xFFA8, 0xF747,
    0xF747, 0xFFA9, 0xFF89, 0xF748, 0xF6E6, 0xF728, 0xFF48, 0xFF27,
    0xFF27, 0xFF08, 0xFEA7, 0xE625, 0xD5A2, 0xC501, 0xB462, 0xA403,
    0xBC63, 0xD504, 0xD4E3, 0xCC83, 0xBC02, 0xA361, 0x9B41, 0xABA1,
    0xBBE2, 0xBBC3, 0x9B01, 0x7220, 0x7A40, 0x8260, 0x61C0, 0x59A0,
    0x61C0, 0x6180, 0x4120, 0x30C0, 0x30C0, 0x2080, 0x0820, 0x0000,
    0x6800, 0x7840, 0x8060, 0x8060, 0x8080, 0x98A1, 0xA8E1, 0xA901,
    0xB962, 0xD1A3, 0xC982, 0xD1E3, 0xE244, 0xD202, 0xDA23, 0xF2C4,
    0xFB05, 0xF305, 0xFB05, 0xFB65, 0xEB04, 0xCAA4, 0xCAA4, 0xCAC4,
    0xD304, 0xDB65, 0xFBE6, 0xF3E5, 0xE3A4, 0xF3E4, 0xFC87, 0xFCC8,
    0xE426, 0xD3E5, 0xCBE5, 0xD425, 0xDC66, 0xDC86, 0xD485, 0xBC25,
    0xB405, 0xB405, 0xAC06, 0xB466, 0xC4A6, 0xCCE6, 0xDD86, 0xEE06,
    0xEE06, 0xEE27, 0xE627, 0xE627, 0xE647, 0xE687, 0xEEA7, 0xDE67,
    0xDE67, 0xDE87, 0xDEA7, 0xE6E7, 0xE6E8, 0xD687, 0xCE46, 0xC626,
    0xCE66, 0xD6A6, 0xD6A6, 0xD6C7, 0xDEE7, 0xEF48, 0xF788, 0xE727,
    0xDEC6, 0xE6E6, 0xF788, 0xF788, 0xF768, 0xFF68, 0xFF68, 0xF728,
    0xEEA7, 0xE6A7, 0xDE46, 0xD5E6, 0xDE06, 0xEE66, 0xF686, 0xEE44,
    0xE5C4, 0xD544, 0xD525, 0xD523, 0xD502, 0xD503, 0xC483, 0xBC43,
    0xBC23, 0xB3E3, 0xABC3, 0xABA2, 0xB3A2, 0xB382, 0xAB42, 0x9AC1,
    0x8A81, 0x8240, 0x69C0, 0x69C0, 0x61A0, 0x5160, 0x5160, 0x4920,
    0x38E0, 0x2060, 0x0820, 0x0800, 0x6800, 0x6800, 0x7040, 0x8880,
    0x98A1, 0xA8C1, 0xC102, 0xC122, 0xB941, 0xB141, 0xB161, 0xC9C3,
    0xE224, 0xDA23, 0xE263, 0xF2E5, 0xFB67, 0xEAE5, 0xD263, 0xDAC4,
    0xF325, 0xFB65, 0xF344, 0xBA83, 0x9A42, 0xB2A2, 0xD324, 0xE3A5,
    0xE3C5, 0xD385, 0xD384, 0xCB84, 0xB343, 0xC3A4, 0xCC04, 0xC3C4,
    0xA323, 0xA343, 0xBBE4, 0xB3E4, 0xA384, 0xA3A3, 0xBC44, 0xD506,
    0xD526, 0xB465, 0xB485, 0xCD45, 0xE5E6, 0xEE47, 0xE606, 0xD5C6,
    0xDE06, 0xEEA8, 0xF709, 0xFF09, 0xEEC9, 0xDE88, 0xDEA7, 0xDE87,
    0xD646, 0xCE46, 0xD687, 0xD687, 0xC646, 0xCE66, 0xD666, 0xC625,
    0xBDE4, 0xCE65, 0xE707, 0xE706, 0xDEC6, 0xDEC7, 0xEF28, 0xEF28,
    0xEF27, 0xEEE7, 0xEEE7, 0xE6A6, 0xD645, 0xDE66, 0xDE46, 0xD5E6,
    0xDE06, 0xD5C5, 0xCD65, 0xCD65, 0xD565, 0xCD64, 0xCD24, 0xBCA3,
    0xC4A3, 0xDD24, 0xCCE4, 0xC444, 0xB3E3, 0xBC03, 0xBC23, 0xBBE3,
    0xC3E3, 0xAB62, 0xA301, 0xA321, 0x92C1, 0x8260, 0x7A00, 0x8240,
    0x7A00, 0x5160, 0x4100, 0x4900, 0x4900, 0x30C0, 0x1040, 0x0000,
    0x7020, 0x9060, 0xA0A0, 0x8880, 0x9880, 0xC0E2, 0xE143, 0xC942,
    0xC141, 0xD9A2, 0xF1E3, 0xF224, 0xE243, 0xDA43, 0xE263, 0xE283,
    0xE283, 0xEAC3, 0xEAA3, 0xEAA4, 0xEAC3, 0xF3A7, 0xFCAB, 0xFC07,
    0xFC27, 0xFCA9, 0xE3E6, 0xCB63, 0xD363, 0xCB64, 0xD3A4, 0xDBE4,
    0xDBE4, 0xDC25, 0xD424, 0xD404, 0xD446, 0xDCC8, 0xED28, 0xED06,
    0xED26, 0xED87, 0xF5A7, 0xE567, 0xE567, 0xEDE7, 0xEE07, 0xE5A7,
    0xCD46, 0xBD06, 0xBD26, 0xCDA7, 0xDE27, 0xDE47, 0xDE47, 0xD627,
    0xD626, 0xD646, 0xDE87, 0xDE87, 0xD687, 0xD687, 0xDEA8, 0xDEC8,
    0xDEC7, 0xCE47, 0xBDE6, 0xC606, 0xD6C6, 0xD6A6, 0xCE46, 0xCE66,
    0xD6A6, 0xDEA6, 0xD6A5, 0xDEA5, 0xDEA5, 0xD665, 0xD645, 0xC5E4,
    0xC5A5, 0xCDC5, 0xC584, 0xBD44, 0xBD24, 0xC544, 0xCD84, 0xD5A4,
    0xDDA4, 0xD564, 0xCCE4, 0xAC23, 0xAC03, 0xC483, 0xC4A3, 0xBC43,
    0xB3E3, 0xC423, 0xBC03, 0xA382, 0xA342, 0x92E1, 0x8AA1, 0x92C1,
    0x92C1, 0x8A81, 0x61C0, 0x4940, 0x4100, 0x38E0, 0x4100, 0x4940,
    0x4920, 0x30A0, 0x0800, 0x0000, 0x5000, 0x6020, 0x8861, 0xA081,
    0xA8A1, 0xA0C1, 0xA8E1, 0xB101, 0xC141, 0xC982, 0xC1A1, 0xD203,
    0xEA84, 0xF2A5, 0xE263, 0xE242, 0xF2A3, 0xFB05, 0xFB67, 0xFBE8,
    0xFC49, 0xFC69, 0xFC48, 0xF365, 0xEB44, 0xF3C6, 0xF3C5, 0xF3E5,
    0xF3E5, 0xEC05, 0xEC05, 0xEC26, 0xFCC7, 0xF466, 0xDC46, 0xECA6,
    0xFD68, 0xFD68, 0xE4C6, 0xE4C6, 0xFD87, 0xFE08, 0xF5C8, 0xDD26,
    0xC4C5, 0xCD06, 0xCD26, 0xD566, 0xE607, 0xF669, 0xFECA, 0xFF4A,
    0xFEE8, 0xE667, 0xDE26, 0xDE67, 0xE6A7, 0xDE87, 0xC5C6, 0xBD85,
    0xC606, 0xD646, 0xAD45, 0x9CE4, 0xB5A5, 0xC606, 0xBDE5, 0xBDC5,
    0xBE06, 0xCE46, 0xCE46, 0xB5C5, 0xBDC5, 0xC605, 0xBDC5, 0xB584,
    0xB563, 0xB583, 0xCE04, 0xD625, 0xBD84, 0xA4A3, 0xACE3, 0xCDC4,
    0xBD23, 0xC524, 0xCD84, 0xC523, 0xBCC3, 0xB4A3, 0xCD04, 0xCD04,
    0xC4A3, 0xB463, 0xBC63, 0xC484, 0xC443, 0xBC03, 0xB3C3, 0xABA2,
    0xAB82, 0xA342, 0x9B02, 0xAB22, 0x92C1, 0x7220, 0x61A0, 0x5180,
    0x5980, 0x5960, 0x5160, 0x38E0, 0x28A0, 0x38E0, 0x2880, 0x1040,
    0x7020, 0x7840, 0x8060, 0x9080, 0xA0A0, 0xB0E1, 0xB902, 0xB102,
    0xB922, 0xD182, 0xD1C2, 0xC9A1, 0xD1C1, 0xEA43, 0xF2A4, 0xEA84,
    0xDA62, 0xE2A3, 0xF325, 0xF366, 0xEB25, 0xDAA2, 0xDAA3, 0xEB45,
    0xF3A5, 0xE364, 0xDB64, 0xDB85, 0xEBE5, 0xFCC7, 0xFC86, 0xDBE4,
    0xDC04, 0xEC65, 0xE465, 0xD425, 0xCC05, 0xD465, 0xE4E6, 0xED27,
    0xE507, 0xDCE7, 0xDD06, 0xE567, 0xF5C7, 0xFE28, 0xF628, 0xEE07,
    0xEE27, 0xEE07, 0xEE27, 0xEE47, 0xDE07, 0xD606, 0xD607, 0xDE47,
    0xDE47, 0xDE67, 0xDEA7, 0xDE87, 0xCE26, 0xC5E6, 0xB585, 0xAD85,
    0xB5C6, 0xC626, 0xBDE6, 0x9CC4, 0x8422, 0x9CC3, 0xBDC4, 0xB584,
    0xBDC4, 0xCE45, 0xC605, 0xC604, 0xCE04, 0xCE25, 0xCE25, 0xC5C4,
    0xBD63, 0xC584, 0xCDC4, 0xCDC4, 0xB503, 0xBD24, 0xCD85, 0xC524,
    0xB4C4, 0xAC63, 0xAC43, 0xB443, 0xC484, 0xD504, 0xD4E4, 0xD4E4,
    0xD4C3, 0xE4E4, 0xE4E4, 0xDC84, 0xD443, 0xCC23, 0xC3E3, 0xB362,
    0xA321, 0x9AC1, 0x8241, 0x69C0, 0x5980, 0x5160, 0x6180, 0x4920,
    0x28A0, 0x38C0, 0x2060, 0x0000, 0x6800, 0x7820, 0x8860, 0x9081,
    0xB0C1, 0xC102, 0xD122, 0xC942, 0xC142, 0xB962, 0xC981, 0xE203,
    0xF2A5, 0xF2C4, 0xEA83, 0xEA84, 0xEAC4, 0xEAC4, 0xEAC4, 0xFAE4,
    0xFB86, 0xFBE7, 0xFBE7, 0xF385, 0xE344, 0xE385, 0xEBC5, 0xDB85,
    0xCB44, 0xD384, 0xE3C5, 0xDBC5, 0xC385, 0xC3A5, 0xE446, 0xEC86,
    0xECC7, 0xF4E7, 0xF527, 0xE4E7, 0xE527, 0xFDA8, 0xFDC8, 0xF5C8,
    0xF5E8, 0xEDC7, 0xF627, 0xFEA8, 0xFEC9, 0xE608, 0xD5C7, 0xE627,
    0xCD86, 0xC586, 0xDE27, 0xDE67, 0xD606, 0xCE06, 0xDE87, 0xDEC8,
    0xDEA7, 0xD687, 0xD667, 0xCE47, 0xC626, 0xCE66, 0xC646, 0xC605,
    0xCE46, 0xCE46, 0xD686, 0xD6A6, 0xDEE6, 0xCE66, 0xBDA4, 0xB564,
    0xC5C5, 0xDE66, 0xE6A6, 0xCE04, 0xB523, 0xBD63, 0xCDC4, 0xCDA4,
    0xB4E4, 0xACA4, 0xBCE4, 0xBCE3, 0xB483, 0xA422, 0xAC43, 0xAC43,
    0xBC83, 0xD504, 0xE524, 0xE545, 0xDD04, 0xDCC4, 0xD484, 0xD463,
    0xD443, 0xCC03, 0xBBC2, 0xBB82, 0xA322, 0x8A81, 0x61C0, 0x5160,
    0x4140, 0x4100, 0x5140, 0x38E0, 0x1840, 0x1860, 0x0820, 0x0000,
    0x6820, 0x8840, 0x9881, 0x8060, 0xA0A1, 0xD102, 0xD942, 0xC962,
    0xC962, 0xD183, 0xD1A2, 0xB161, 0x9982, 0xD203, 0xEA64, 0xEA84,
    0xEAC4, 0xF2E5, 0xF2E5, 0xE2C4, 0xCAA4, 0xDB04, 0xEB44, 0xBAA3,
    0xA262, 0xAAA3, 0xBAE4, 0xCB44, 0xCB44, 0xB303, 0x9282, 0xAB03,
    0xE425, 0xEC66, 0xE446, 0xECA7, 0xFD07, 0xFD27, 0xF527, 0xF527,
    0xED27, 0xE527, 0xE547, 0xDD47, 0xD526, 0xD526, 0xD546, 0xBCC5,
    0x9C03, 0xAC64, 0xC525, 0xC545, 0xBD25, 0xB525, 0xBD45, 0xC585,
    0xCDE6, 0xCDE6, 0xC5A5, 0xB565, 0xBDA6, 0xCE26, 0xCE46, 0xCE25,
    0xC626, 0xD667, 0xD687, 0xCE67, 0xCE46, 0xD687, 0xDEC7, 0xCE86,
    0xD6A6, 0xE6E7, 0xE706, 0xEF06, 0xE706, 0xE6C5, 0xE6C5, 0xEF06,
    0xEEE6, 0xE685, 0xC5A4, 0xBD43, 0xCD64, 0xBCE3, 0x8BC1, 0x7B41,
    0x93C2, 0xB483, 0xBC83, 0xAC22, 0xAC23, 0xBC63, 0xC483, 0xCCA3,
    0xD4C3, 0xCC63, 0xBC03, 0xB3E2, 0xBBE3, 0xBBC2, 0xBBA2, 0xB362,
    0x92C1, 0x71E0, 0x5160, 0x5180, 0x5980, 0x4100, 0x30C0, 0x30C0,
    0x38E0, 0x40E0, 0x1040, 0x0000, 0x6800, 0x7840, 0x9881, 0x9880,
    0xA0A1, 0xB0E1, 0xC102, 0xC122, 0xC162, 0xC9A3, 0xD9E3, 0xEA43,
    0xF264, 0xEA23, 0xEA64, 0xF2C4, 0xE2A3, 0xE2A3, 0xE2E4, 0xF325,
    0xF2C3, 0xEAE4, 0xF386, 0xF386, 0xE365, 0xD344, 0xD344, 0xC324,
    0xBB24, 0xCB65, 0xCB65, 0xBB44, 0xBB64, 0xC3A5, 0xD405, 0xD425,
    0xC3E5, 0xC425, 0xD466, 0xCC86, 0xC466, 0xC465, 0xC485, 0xCCC6,
    0xD526, 0xD545, 0xD566, 0xC526, 0xBCE4, 0xE607, 0xFEC8, 0xEE88,
    0xD5E7, 0xC5A6, 0xD607, 0xE687, 0xDE67, 0xCE06, 0xCE27, 0xD667,
    0xD667, 0xD667, 0xDEA7, 0xDEE7, 0xDEC7, 0xD6C7, 0xD6A7, 0xDEC7,
    0xDEE7, 0xDF07, 0xE747, 0xEF67, 0xE727, 0xE706, 0xF787, 0xFFA7,
    0xF787, 0xFF87, 0xEEE6, 0xE6A5, 0xE6A5, 0xE684, 0xD5E3, 0xBD42,
    0xBD23, 0xBD03, 0xBD03, 0xB4C3, 0x9C02, 0x8B81, 0x93A1, 0xB463,
    0xBC63, 0xA3E2, 0xAC02, 0xC463, 0xCC83, 0xC443, 0xB3E2, 0xABA2,
    0xA341, 0xA341, 0xAB42, 0xA301, 0xA301, 0x9AC0, 0x7200, 0x61C0,
    0x61C0, 0x5980, 0x4100, 0x30A0, 0x2080, 0x2080, 0x0820, 0x0000,
    0x7820, 0x7820, 0x8860, 0x9881, 0xA8C1, 0xA8C1, 0xA8C1, 0xB0E1,
    0xC942, 0xE1C3, 0xD9C2, 0xDA03, 0xEA64, 0xEA63, 0xF2E4, 0xFB67,
    0xFB47, 0xF2A4, 0xFB26, 0xFCAB, 0xF449, 0xEB45, 0xF303, 0xF365,
    0xDB65, 0xD324, 0xF3E5, 0xFC46, 0xF426, 0xDBC5, 0xDBC5, 0xF446,
    0xFCC7, 0xF486, 0xE445, 0xECA6, 0xDC66, 0xECE7, 0xFDA8, 0xFD88,
    0xF548, 0xED48, 0xEDA8, 0xE567, 0xCCE7, 0xC4C6, 0xC4C6, 0xC506,
    0xC526, 0xB4C5, 0xACA5, 0xB4C5, 0xACE5, 0xBD65, 0xCDE6, 0xCDC6,
    0xC5C6, 0xD607, 0xDE87, 0xDEA7, 0xDEA7, 0xDEC7, 0xDEC7, 0xDEE7,
    0xE727, 0xDF07, 0xDEE7, 0xDEE7, 0xE708, 0xE707, 0xD6A7, 0xD687,
    0xDEC7, 0xE6E7, 0xD686, 0xD647, 0xDEA8, 0xEF09, 0xDE66, 0xBD63,
    0xA4C1, 0xAD02, 0xB503, 0xA483, 0xACA3, 0xA462, 0xA442, 0xBCC4,
    0xC504, 0xB4A4, 0xA403, 0xAC23, 0xBC63, 0xBC63, 0xB443, 0xB403,
    0xB402, 0xABA2, 0xABA2, 0xABA2, 0xA362, 0xB382, 0xB362, 0x92C1,
    0x7A40, 0x7220, 0x7A20, 0x71E0, 0x69E0, 0x7200, 0x7A00, 0x6180,
    0x30C0, 0x2880, 0x1040, 0x0820, 0x6000, 0x7020, 0x8060, 0x8060,
    0xA0A1, 0xC923, 0xE184, 0xD983, 0xC962, 0xD182, 0xD1A2, 0xD1C2,
    0xD9E3, 0xDA04, 0xE244, 0xE264, 0xE283, 0xEAA3, 0xEA83, 0xD222,
    0xC202, 0xB243, 0xB2A5, 0xCB05, 0xD304, 0xAA63, 0x6182, 0x8223,
    0xD344, 0xD385, 0xCBA5, 0xD3A5, 0xDBE4, 0xCBC4, 0xCBE5, 0xD425,
    0xA364, 0x82C3, 0x7AA3, 0x6A42, 0x6A41, 0x6A62, 0x7AC1, 0x6A80,
    0x7AE1, 0xAC44, 0xCD06, 0xCD46, 0xC546, 0xAC85, 0x9C24, 0xB4C5,
    0xD5E6, 0xDE47, 0xCDE6, 0xD606, 0xDE87, 0xE6A7, 0xDEA7, 0xD646,
    0xD646, 0xD687, 0xD6A7, 0xDEC7, 0xDEA7, 0xD686, 0xD686, 0xD6C7,
    0xD686, 0xCE46, 0xC605, 0xB5A5, 0xB5A5, 0xB5A5, 0xB583, 0xB583,
    0xB583, 0xAD01, 0x9C82, 0x9442, 0x9462, 0xA4C3, 0xA4A3, 0x9422,
    0x9C42, 0x9402, 0x8BA2, 0x9403, 0xB4C4, 0xBCC3, 0x9C02, 0xAC23,
    0xC4A4, 0xBC83, 0xABE2, 0xA3C1, 0xB402, 0xABC2, 0xABC2, 0xABA2,
    0x9300, 0x82A0, 0x8281, 0x92C1, 0x92A1, 0x8261, 0x7A20, 0x61A0,
    0x61A0, 0x61A1, 0x6180, 0x4900, 0x2880, 0x30A0, 0x1840, 0x0800,
    0x5800, 0x7020, 0x9881, 0x9881, 0xA081, 0xB8C1, 0xD983, 0xEA04,
    0xE1E4, 0xD182, 0xD9E3, 0xE244, 0xEA64, 0xEA64, 0xEA85, 0xEAC4,
    0xEA83, 0xF346, 0xF40A, 0xF409, 0xFC28, 0xFBC6, 0xF304, 0xD2A3,
    0xE365, 0xFC27, 0xEB85, 0xDB64, 0xEC05, 0xF404, 0xFC24, 0xF446,
    0xE489, 0xECA9, 0xEC87, 0xE465, 0xE486, 0xF507, 0xFD88, 0xF546,
    0xED46, 0xFDA8, 0xFE49, 0xFE69, 0xFE48, 0xFE48, 0xF628, 0xE5E7,
    0xEE27, 0xF687, 0xFF08, 0xFF28, 0xF6C8, 0xE687, 0xEEA7, 0xF6E8,
    0xE6C7, 0xDE67, 0xDE87, 0xD666, 0xCE26, 0xCE46, 0xC606, 0xBDC5,
    0xBDC5, 0xC605, 0xC626, 0xC605, 0xAD65, 0xB5C5, 0xD6A6, 0xDEC6,
    0xC605, 0xB565, 0xC605, 0xCE45, 0xCE05, 0xBDA4, 0xB544, 0xB503,
    0xACC3, 0x9C82, 0x9C62, 0x9C42, 0x8BC2, 0x8BE2, 0x9C42, 0xA442,
    0x9C02, 0x93C2, 0x9BE2, 0xB443, 0xAC03, 0x8B62, 0x9B81, 0xABC2,
    0xABC3, 0x9B82, 0xA382, 0xAB82, 0x9B21, 0x8281, 0x7A61, 0x92C2,
    0x8A82, 0x7A21, 0x7A01, 0x71E0, 0x61C0, 0x5980, 0x69C0, 0x5960,
    0x28A0, 0x2880, 0x1840, 0x0820, 0x6000, 0x7820, 0x9060, 0x9080,
    0xA0C1, 0xB8E1, 0xB8E1, 0xB0E1, 0xB121, 0xC982, 0xE224, 0xEA64,
    0xEA84, 0xEA84, 0xF2C5, 0xFB06, 0xFAE5, 0xE2E4, 0xDB05, 0xEB46,
    0xF345, 0xEB24, 0xF3A6, 0xFC48, 0xFC68, 0xF468, 0xFCEA, 0xFE10,
    0xFE52, 0xF5AF, 0xF5AE, 0xFDAD, 0xFD2A, 0xF485, 0xF464, 0xFCE7,
    0xFD49, 0xF589, 0xF588, 0xFD88, 0xFDA9, 0xF5A8, 0xF587, 0xEDA7,
    0xF608, 0xF608, 0xE5C7, 0xEE06, 0xFE88, 0xEE27, 0xDDE7, 0xE626,
    0xDE06, 0xDE27, 0xDE47, 0xD607, 0xC5C6, 0xB545, 0xAD25, 0xB545,
    0xB586, 0xBD85, 0xBDA5, 0xB5A5, 0xAD64, 0xAD64, 0xAD64, 0xAD44,
    0xAD64, 0xBDC5, 0xBDE6, 0xBDC5, 0xC5E5, 0xC605, 0xBD84, 0xB564,
    0xBDA4, 0xC5C4, 0xCDE5, 0xBD64, 0xA4A3, 0xBD64, 0xD605, 0xD5E5,
    0xB4E3, 0xB4A3, 0xBCE3, 0xAC83, 0xA443, 0xAC43, 0xB463, 0xBCA3,
    0xAC02, 0x8B40, 0xABE2, 0xC464, 0xC443, 0xBC02, 0xB3C1, 0xA381,
    0x9B41, 0x9B02, 0x9AE2, 0x8AC2, 0x8261, 0x7A20, 0x7200, 0x71E0,
    0x71E0, 0x69C0, 0x6180, 0x4920, 0x30C0, 0x28A0, 0x1040, 0x0820,
    0x8020, 0x8040, 0x8860, 0xA081, 0xC0E2, 0xC8E2, 0xC0E1, 0xD162,
    0xEA05, 0xF266, 0xEA45, 0xEA65, 0xF2C6, 0xFB06, 0xFB27, 0xF347,
    0xF3A7, 0xFC8C, 0xFD70, 0xFD90, 0xFD2D, 0xFD2E, 0xFDD1, 0xFD6E,
    0xFD4D, 0xFD6D, 0xFD4C, 0xFD6D, 0xFE11, 0xFEB4, 0xFE52, 0xFE10,
    0xFE92, 0xFE0E, 0xFDEC, 0xFE2E, 0xF5CB, 0xF568, 0xFD88, 0xFDE9,
    0xFDE9, 0xFDC8, 0xF5A7, 0xF5C7, 0xFDE7, 0xF5E7, 0xF608, 0xF628,
    0xF648, 0xF687, 0xFEC8, 0xFF09, 0xFF4A, 0xFF29, 0xF6E8, 0xE687,
    0xE6A7, 0xE6C8, 0xD667, 0xC5C6, 0xB585, 0xBDC6, 0xBDC6, 0xB5A5,
    0xB564, 0xB565, 0xAD25, 0x9D04, 0xB585, 0xBDE5, 0xBDC5, 0xB564,
    0xB584, 0xBDA4, 0xB584, 0xB585, 0xB585, 0xB564, 0xC5E5, 0xC5C4,
    0xB523, 0xC5A4, 0xCDC5, 0xC584, 0xC584, 0xC564, 0xBD03, 0xB4A3,
    0xC4E3, 0xC503, 0xB4A3, 0xC4C4, 0xD505, 0xC4A3, 0xC483, 0xB403,
    0xABC3, 0xC443, 0xC443, 0xABA1, 0x9321, 0x8AC1, 0x8AA1, 0x8AA2,
    0x8A81, 0x7A21, 0x69C0, 0x5160, 0x5980, 0x71E0, 0x5140, 0x38C0,
    0x38C0, 0x38C0, 0x1040, 0x0000, 0x7820, 0x8840, 0xA081, 0xA0A1,
    0xA8A1, 0xB8E2, 0xC922, 0xD162, 0xD183, 0xD9C3, 0xE244, 0xEA84,
    0xEAA5, 0xF2A5, 0xF306, 0xFB67, 0xF326, 0xF346, 0xF325, 0xF325,
    0xE326, 0xE304, 0xEAE3, 0xEB03, 0xE344, 0xDB24, 0xD303, 0xC2C2,
    0xCAE2, 0xEBA4, 0xE342, 0xDB41, 0xEC86, 0xF4E8, 0xED2A, 0xE52C,
    0xF528, 0xFD26, 0xED27, 0xED27, 0xED07, 0xED46, 0xED66, 0xE586,
    0xE587, 0xDD66, 0xE5C7, 0xEE07, 0xE5E7, 0xF668, 0xF688, 0xEE67,
    0xDE27, 0xDE47, 0xE667, 0xE687, 0xE688, 0xE6A7, 0xEEE8, 0xCE26,
    0xBDA5, 0xCE47, 0xCE26, 0xC605, 0xC626, 0xCE66, 0xCE66, 0xCE46,
    0xD686, 0xC606, 0xAD44, 0xAD44, 0xB5A5, 0xC5E5, 0xC5C5, 0xAD44,
    0xAD43, 0xC5E5, 0xC5C5, 0xBDA5, 0xC5A5, 0xCDE5, 0xCDA5, 0xB503,
    0xB4C3, 0xBD03, 0xCD84, 0xCD64, 0xC504, 0xBCC4, 0xBCC4, 0xC4E4,
    0xCCC4, 0xC483, 0xBC63, 0xBC23, 0xB3E3, 0xA382, 0x9B62, 0xA362,
    0xAB82, 0xAB62, 0x92C1, 0x7A41, 0x7A61, 0x8261, 0x7A20, 0x61A0,
    0x5180, 0x61A0, 0x5140, 0x38E0, 0x30A0, 0x38C0, 0x1860, 0x0000,
  };

  const EyeDefinition eye PROGMEM = {
      "dragon_eye", 0.5, 0, 0, nullptr,
      { 0, 0.5, 0.25, 0.8 },
      { 0.5, 0.3, { iris_texture, 256, 116 }, 65224, 0, 0, 0, 0 },
      { { nullptr, 0, 0 }, 0, 0, 0, 0, 0 },
      { upper, lower, 0, 0.3, 0.0, true },
      { 233, nullptr, nullptr }
  };
}  // namespace
