#pragma once

#include <Arduino.h>
#include "eyes.h"

namespace eagle {

  // upper eyelid lookup table (480 columns, 0-255 range)
  const uint8_t upper[960] PROGMEM = {
    98, 130, 94, 129, 91, 127, 89, 125, 87, 124, 85, 123, 83, 121, 82, 120,
    80, 119, 79, 118, 77, 117, 75, 116, 74, 116, 73, 115, 72, 114, 70, 114,
    69, 113, 68, 112, 66, 112, 65, 111, 64, 111, 63, 110, 62, 109, 62, 109,
    61, 108, 60, 108, 58, 107, 57, 107, 57, 106, 56, 106, 55, 105, 54, 105,
    53, 105, 52, 104, 52, 104, 51, 103, 50, 103, 49, 103, 48, 102, 48, 102,
    47, 102, 46, 101, 46, 100, 45, 100, 44, 100, 44, 99, 43, 99, 42, 99,
    41, 98, 41, 98, 40, 98, 39, 97, 39, 97, 38, 97, 38, 97, 37, 96,
    37, 96, 36, 96, 35, 95, 35, 95, 34, 95, 34, 95, 33, 94, 32, 94,
    32, 94, 31, 94, 31, 93, 30, 93, 30, 92, 30, 92, 29, 92, 29, 92,
    28, 91, 28, 91, 27, 91, 27, 91, 26, 90, 26, 90, 26, 90, 25, 90,
    24, 89, 24, 89, 24, 89, 23, 89, 23, 88, 22, 88, 22, 88, 22, 88,
    21, 88, 21, 87, 21, 87, 20, 87, 20, 87, 19, 87, 19, 86, 19, 86,
    18, 86, 18, 86, 18, 85, 17, 85, 17, 85, 17, 85, 17, 85, 16, 84,
    15, 84, 15, 84, 15, 83, 15, 83, 14, 83, 14, 83, 14, 83, 13, 82,
    13, 82, 13, 82, 13, 82, 12, 82, 12, 82, 12, 81, 12, 81, 11, 81,
    11, 81, 11, 81, 11, 81, 10, 80, 10, 80, 10, 80, 10, 80, 9, 80,
    9, 80, 9, 80, 9, 79, 9, 79, 8, 79, 8, 79, 7, 79, 7, 79,
    7, 79, 7, 78, 7, 78, 7, 78, 6, 78, 6, 78, 6, 78, 6, 78,
    6, 78, 5, 77, 5, 77, 5, 77, 5, 77, 5, 77, 5, 77, 4, 77,
    4, 77, 4, 76, 4, 76, 4, 76, 4, 76, 4, 76, 4, 75, 3, 75,
    3, 75, 3, 75, 3, 75, 3, 75, 3, 75, 3, 75, 3, 75, 2, 75,
    2, 75, 2, 74, 2, 74, 2, 74, 2, 74, 2, 74, 2, 74, 2, 74,
    2, 74, 1, 74, 1, 74, 1, 74, 1, 74, 1, 74, 1, 73, 1, 73,
    1, 73, 1, 73, 1, 73, 1, 73, 1, 73, 1, 73, 0, 73, 0, 73,
    0, 73, 0, 73, 0, 73, 0, 73, 0, 73, 0, 73, 0, 73, 0, 73,
    0, 73, 0, 73, 0, 73, 0, 72, 0, 72, 0, 72, 0, 72, 0, 72,
    0, 72, 0, 72, 0, 72, 0, 72, 0, 72, 0, 72, 0, 72, 0, 72,
    0, 72, 0, 72, 0, 72, 0, 72, 0, 72, 0, 72, 0, 72, 0, 72,
    0, 72, 0, 72, 0, 72, 0, 72, 0, 72, 0, 72, 0, 72, 0, 72,
    0, 72, 0, 72, 0, 72, 0, 72, 0, 72, 0, 72, 0, 72, 0, 72,
    0, 72, 0, 72, 0, 72, 0, 72, 0, 72, 0, 72, 0, 72, 0, 72,
    0, 72, 0, 72, 0, 72, 0, 72, 0, 72, 0, 72, 0, 72, 0, 72,
    0, 72, 0, 72, 0, 72, 0, 72, 0, 72, 0, 72, 0, 72, 0, 72,
    0, 72, 0, 72, 0, 72, 0, 72, 0, 72, 0, 72, 0, 72, 0, 72,
    0, 72, 0, 72, 0, 72, 0, 72, 0, 72, 0, 73, 0, 73, 0, 73,
    0, 73, 0, 73, 0, 73, 0, 73, 0, 73, 0, 73, 0, 73, 0, 73,
    0, 73, 0, 73, 0, 73, 0, 73, 0, 73, 0, 73, 1, 73, 1, 73,
    1, 73, 1, 74, 1, 74, 1, 74, 1, 74, 1, 74, 1, 74, 1, 74,
    1, 74, 2, 74, 2, 74, 2, 74, 2, 74, 2, 74, 2, 74, 2, 75,
    2, 75, 2, 75, 3, 75, 3, 75, 3, 75, 3, 75, 3, 75, 3, 75,
    3, 75, 3, 75, 4, 76, 4, 76, 4, 76, 4, 76, 4, 76, 4, 77,
    5, 77, 5, 77, 5, 77, 5, 77, 5, 77, 5, 77, 5, 77, 6, 78,
    6, 78, 6, 78, 6, 78, 6, 78, 7, 78, 7, 78, 7, 78, 7, 79,
    7, 79, 8, 79, 8, 79, 8, 79, 9, 79, 9, 79, 9, 80, 9, 80,
    10, 80, 10, 80, 10, 80, 10, 80, 10, 80, 11, 81, 11, 81, 11, 81,
    11, 81, 12, 81, 12, 81, 12, 82, 12, 82, 13, 82, 13, 82, 13, 82,
    14, 82, 14, 83, 14, 83, 14, 83, 15, 83, 15, 83, 15, 84, 16, 84,
    16, 84, 17, 85, 17, 85, 17, 85, 18, 85, 18, 85, 18, 86, 19, 86,
    19, 86, 19, 86, 20, 87, 20, 87, 20, 87, 21, 87, 21, 87, 21, 88,
    22, 88, 22, 88, 22, 88, 23, 88, 23, 89, 24, 89, 24, 89, 24, 89,
    25, 90, 26, 90, 26, 90, 27, 90, 27, 91, 27, 91, 28, 91, 28, 91,
    29, 92, 29, 92, 30, 92, 30, 92, 31, 93, 31, 93, 31, 94, 32, 94,
    32, 94, 33, 94, 34, 95, 34, 95, 35, 95, 35, 95, 36, 96, 37, 96,
    37, 96, 38, 97, 38, 97, 39, 97, 39, 97, 40, 98, 41, 98, 41, 98,
    42, 99, 43, 99, 43, 99, 44, 100, 45, 100, 45, 100, 46, 101, 47, 102,
    47, 102, 48, 102, 49, 103, 50, 103, 51, 103, 52, 104, 52, 104, 53, 105,
    54, 105, 55, 105, 56, 106, 56, 106, 57, 107, 58, 107, 60, 108, 60, 108,
    61, 109, 62, 109, 63, 110, 64, 111, 65, 111, 66, 112, 68, 112, 69, 113,
    70, 114, 71, 114, 73, 115, 74, 116, 75, 116, 77, 117, 79, 118, 80, 119,
    82, 120, 83, 121, 85, 123, 87, 124, 89, 125, 91, 127, 94, 129, 98, 130,
  };

  // lower eyelid lookup table (480 columns, 0-255 range)
  const uint8_t lower[960] PROGMEM = {
    144, 126, 148, 124, 151, 122, 154, 120, 157, 119, 159, 118, 161, 117, 163, 116,
    165, 115, 166, 114, 168, 113, 170, 113, 171, 112, 173, 111, 174, 111, 175, 110,
    177, 109, 178, 109, 179, 108, 181, 108, 182, 107, 183, 107, 184, 106, 185, 106,
    186, 105, 187, 105, 188, 104, 189, 104, 190, 103, 191, 103, 192, 103, 193, 102,
    193, 102, 194, 101, 196, 100, 196, 100, 197, 100, 198, 99, 199, 99, 199, 99,
    200, 98, 201, 98, 202, 98, 202, 97, 203, 97, 204, 97, 205, 96, 205, 96,
    206, 96, 207, 95, 207, 95, 208, 95, 209, 94, 209, 94, 210, 94, 210, 94,
    211, 93, 212, 92, 213, 92, 213, 92, 214, 92, 214, 91, 215, 91, 215, 91,
    216, 90, 216, 90, 217, 90, 217, 90, 218, 89, 218, 89, 219, 89, 219, 89,
    220, 88, 221, 88, 221, 88, 222, 88, 222, 87, 223, 87, 223, 87, 224, 87,
    224, 86, 225, 86, 225, 86, 225, 86, 226, 86, 226, 85, 227, 85, 227, 85,
    227, 85, 228, 84, 228, 84, 229, 83, 230, 83, 230, 83, 230, 83, 231, 83,
    231, 82, 231, 82, 232, 82, 232, 82, 232, 82, 233, 81, 233, 81, 234, 81,
    234, 81, 234, 81, 235, 80, 235, 80, 235, 80, 236, 80, 236, 80, 236, 79,
    236, 79, 237, 79, 238, 79, 238, 79, 238, 79, 238, 78, 239, 78, 239, 78,
    239, 78, 240, 78, 240, 78, 240, 77, 240, 77, 241, 77, 241, 77, 241, 77,
    242, 77, 242, 76, 242, 76, 242, 76, 243, 76, 243, 75, 243, 75, 243, 75,
    243, 75, 244, 75, 244, 75, 244, 75, 244, 74, 245, 74, 245, 74, 245, 74,
    245, 74, 246, 74, 246, 74, 246, 73, 247, 73, 247, 73, 247, 73, 247, 73,
    247, 73, 248, 73, 248, 73, 248, 73, 248, 72, 248, 72, 249, 72, 249, 72,
    249, 72, 249, 72, 249, 72, 249, 72, 250, 72, 250, 71, 250, 71, 250, 71,
    250, 71, 250, 71, 251, 71, 251, 71, 251, 71, 251, 71, 251, 71, 251, 71,
    251, 70, 252, 70, 252, 70, 252, 70, 252, 70, 252, 70, 252, 70, 252, 70,
    253, 70, 253, 70, 253, 70, 253, 70, 253, 70, 253, 69, 253, 69, 253, 69,
    253, 69, 254, 69, 254, 69, 254, 69, 254, 69, 254, 69, 254, 69, 254, 69,
    254, 69, 254, 69, 254, 69, 254, 69, 254, 69, 254, 69, 254, 69, 254, 68,
    254, 68, 254, 68, 254, 68, 254, 68, 254, 68, 254, 68, 254, 68, 254, 68,
    254, 68, 254, 68, 254, 68, 254, 68, 254, 68, 254, 68, 254, 68, 254, 68,
    254, 68, 254, 68, 254, 68, 254, 68, 254, 68, 254, 68, 254, 68, 254, 68,
    254, 68, 254, 68, 254, 68, 254, 68, 254, 68, 254, 68, 254, 68, 254, 68,
    254, 68, 254, 68, 254, 68, 254, 68, 254, 68, 254, 68, 254, 68, 254, 68,
    254, 68, 254, 68, 254, 68, 254, 68, 254, 68, 254, 68, 254, 68, 254, 68,
    254, 68, 254, 68, 254, 68, 254, 68, 254, 68, 254, 68, 254, 68, 254, 68,
    254, 68, 254, 68, 254, 68, 254, 68, 254, 68, 254, 68, 254, 68, 254, 68,
    254, 68, 254, 68, 254, 69, 254, 69, 254, 69, 254, 69, 254, 69, 254, 69,
    254, 69, 254, 69, 254, 69, 254, 69, 254, 69, 254, 69, 254, 69, 253, 69,
    253, 69, 253, 69, 253, 69, 253, 69, 253, 70, 253, 70, 253, 70, 253, 70,
    252, 70, 252, 70, 252, 70, 252, 70, 252, 70, 252, 70, 252, 70, 251, 70,
    251, 70, 251, 71, 251, 71, 251, 71, 251, 71, 251, 71, 250, 71, 250, 71,
    250, 71, 250, 71, 250, 71, 250, 72, 249, 72, 249, 72, 249, 72, 249, 72,
    249, 72, 249, 72, 248, 72, 248, 72, 248, 73, 248, 73, 248, 73, 247, 73,
    247, 73, 247, 73, 247, 73, 247, 73, 246, 73, 246, 74, 246, 74, 245, 74,
    245, 74, 245, 74, 245, 74, 244, 74, 244, 75, 244, 75, 244, 75, 244, 75,
    243, 75, 243, 75, 243, 75, 243, 76, 242, 76, 242, 76, 242, 76, 242, 77,
    241, 77, 241, 77, 241, 77, 240, 77, 240, 77, 240, 78, 240, 78, 239, 78,
    239, 78, 239, 78, 238, 78, 238, 79, 238, 79, 238, 79, 237, 79, 236, 79,
    236, 79, 236, 80, 236, 80, 235, 80, 235, 80, 235, 80, 234, 81, 234, 81,
    234, 81, 233, 81, 233, 81, 232, 82, 232, 82, 232, 82, 231, 82, 231, 82,
    231, 83, 230, 83, 230, 83, 230, 83, 229, 83, 228, 84, 228, 84, 227, 85,
    227, 85, 227, 85, 226, 85, 226, 85, 225, 86, 225, 86, 225, 86, 224, 86,
    224, 87, 223, 87, 223, 87, 222, 87, 222, 88, 221, 88, 221, 88, 220, 88,
    219, 89, 219, 89, 218, 89, 218, 89, 217, 90, 217, 90, 216, 90, 216, 91,
    215, 91, 215, 91, 214, 91, 214, 92, 213, 92, 213, 92, 212, 92, 211, 93,
    210, 94, 210, 94, 209, 94, 209, 94, 208, 95, 207, 95, 207, 95, 206, 96,
    205, 96, 205, 96, 204, 97, 203, 97, 202, 97, 201, 98, 201, 98, 200, 98,
    199, 99, 199, 99, 198, 99, 197, 100, 196, 100, 196, 100, 194, 101, 193, 102,
    193, 102, 192, 103, 191, 103, 190, 103, 189, 104, 188, 104, 187, 105, 186, 105,
    185, 106, 184, 106, 183, 107, 182, 107, 181, 108, 179, 108, 178, 109, 177, 109,
    175, 110, 174, 111, 173, 111, 171, 112, 170, 113, 168, 113, 166, 114, 165, 115,
    163, 116, 161, 117, 159, 118, 157, 119, 154, 120, 151, 122, 148, 124, 144, 126,
  };

  // iris_texture (256x83 px, RGB565 angle-major: T[angle*83+radius])
  const uint16_t iris_texture[21248] PROGMEM = {
    0x5240, 0x5A61, 0x5A83, 0x62C4, 0x6326, 0x6B47, 0x6BA7, 0x7C49,
    0x7C4A, 0x844C, 0x8CAE, 0x8CCE, 0x848D, 0x8C4D, 0x8C4D, 0x7C0B,
    0x840B, 0x7C0C, 0x846C, 0x6BAA, 0x7C2D, 0x7C8D, 0x7C4B, 0x9D92,
    0x9D51, 0xADB4, 0xA572, 0xA5B3, 0xAD52, 0xADB2, 0xADD2, 0xADD3,
    0xADB3, 0xB613, 0xB613, 0xC675, 0xC656, 0xB614, 0xBE13, 0xC655,
    0xC634, 0xD676, 0xB613, 0xADB0, 0xC612, 0xAD6E, 0xC5F2, 0xC5B0,
    0xCDF2, 0xBD8F, 0xB50D, 0xBD4D, 0xBD4F, 0xBD6E, 0xACCB, 0xC58F,
    0xBD4E, 0xBD4E, 0xC56F, 0xB4EC, 0xACAA, 0xBCCC, 0xBCED, 0xB4AC,
    0xAC8B, 0xB48C, 0xB42A, 0xB3E8, 0xABC8, 0x9B27, 0x9306, 0x9B26,
    0x9B46, 0x82A4, 0x8242, 0x7A23, 0x7201, 0x69A0, 0x6980, 0x5920,
    0x5080, 0x5060, 0x3840, 0x5260, 0x5A60, 0x5A83, 0x6AE5, 0x62C5,
    0x7B68, 0x8C0C, 0x83EC, 0x842D, 0x94AE, 0x94CF, 0x94EF, 0xADD5,
    0xB6D8, 0xBE76, 0xBE58, 0xC699, 0xAE56, 0xB6D9, 0xAE36, 0xCF3B,
    0xC739, 0xB717, 0xC799, 0xBEB8, 0xC6F9, 0xAE34, 0xB676, 0xB696,
    0xB637, 0xB615, 0xBE34, 0xBE34, 0xBE55, 0xC655, 0xC697, 0xD6F8,
    0xDF5A, 0xD719, 0xC695, 0xC675, 0xC695, 0xB590, 0xAD8F, 0xAD71,
    0xA52E, 0xAD2D, 0x9D0D, 0x9CCC, 0xAD50, 0xAD2E, 0xAD2C, 0xAD0C,
    0xAD0C, 0xB52D, 0xB50C, 0xC58E, 0xAD09, 0xC58F, 0xB50C, 0xBD0E,
    0xBD0D, 0xACA9, 0xC50B, 0xB448, 0xB4CE, 0xB4CA, 0xB50A, 0x9C28,
    0xACAA, 0xAC87, 0x9B64, 0x8AC3, 0x82A5, 0x7A24, 0x8222, 0x69E1,
    0x69A0, 0x71E1, 0x5140, 0x50C0, 0x4860, 0x30E0, 0x5200, 0x5A40,
    0x5A62, 0x62A5, 0x62A4, 0x5AE4, 0x6B46, 0x7BA8, 0x840A, 0x8448,
    0x946C, 0x942C, 0x942C, 0x8BED, 0x8C4E, 0x7C2A, 0xA550, 0xAD33,
    0xA571, 0xCE97, 0xD677, 0xC656, 0xC637, 0xAD71, 0x950F, 0xA5B4,
    0xA5F4, 0xADF5, 0xADF6, 0xBE15, 0xADB3, 0xB636, 0xB614, 0xB5D2,
    0xC675, 0xB5F3, 0xB5D2, 0xADB2, 0xB5F3, 0xBDB2, 0xAD0F, 0xA4AE,
    0xAC8F, 0xB511, 0xACEE, 0xAD6F, 0xA50D, 0xAD2D, 0xAD0B, 0xBD6F,
    0xB52E, 0xBD4F, 0xC58F, 0xB4EC, 0xBD0D, 0xBD0E, 0xC50F, 0xAC4A,
    0xC50E, 0xC54F, 0xB4AA, 0xBC8A, 0xB409, 0xABEA, 0xAC29, 0xAC69,
    0x9BA5, 0xA2E7, 0xB40B, 0xA3C7, 0xABA5, 0x9B44, 0x9306, 0x8A46,
    0x8262, 0x8220, 0x79E2, 0x79E0, 0x71C0, 0x61E0, 0x5120, 0x4820,
    0x3920, 0x5200, 0x5A41, 0x5A83, 0x5AC3, 0x6B47, 0x83AA, 0x73C7,
    0x73E8, 0x8429, 0x840A, 0x8C6B, 0x8C6B, 0x84CE, 0x9592, 0x9D51,
    0xA532, 0x7C0B, 0x8CD0, 0x9D11, 0x848F, 0x8D50, 0x9510, 0x9533,
    0xA556, 0xA572, 0xA551, 0xADD5, 0xB655, 0xB633, 0xB6B7, 0xAF17,
    0xBF18, 0xBED7, 0xB675, 0xB694, 0xC717, 0xCF58, 0xCF17, 0xC674,
    0xD6F7, 0xC633, 0xCE74, 0xBE12, 0xBDF2, 0xB590, 0xAD90, 0xAD6F,
    0xBDB1, 0xAD4F, 0xAD2F, 0xCE52, 0xC5F0, 0xAD2E, 0xBD90, 0xBDB0,
    0xB52D, 0xB4EA, 0xB4EA, 0xA446, 0xA427, 0x9B85, 0xA406, 0xA447,
    0x9366, 0xA386, 0xA3C8, 0x9B66, 0x9AA5, 0xA3A7, 0x9AE6, 0x9B66,
    0x9B26, 0x8A82, 0x8A44, 0x8225, 0x7A03, 0x79E3, 0x71C0, 0x7160,
    0x7180, 0x48E0, 0x5040, 0x3860, 0x4A20, 0x5240, 0x5A61, 0x62C4,
    0x73A8, 0x6B46, 0x7347, 0x7368, 0x7B88, 0x738A, 0x7BEA, 0x7BEA,
    0x7C4A, 0x73C9, 0x6B07, 0x73AA, 0x73AB, 0x7C0B, 0x5A65, 0x5A86,
    0x844C, 0x8BEC, 0x8C8C, 0x8C4B, 0x942C, 0x942A, 0x72E6, 0x6226,
    0x5A02, 0x6203, 0x72C2, 0x6AC1, 0x8C4B, 0xA52F, 0x9D0F, 0x9C6D,
    0x94CC, 0xB653, 0xB5F2, 0xADF2, 0xBE94, 0xC674, 0xBE12, 0xC613,
    0xC633, 0xCE34, 0xC632, 0xC633, 0xCE53, 0xBDB1, 0xBD6E, 0xB4CD,
    0xB52D, 0xAD47, 0xB588, 0xACA2, 0xA466, 0xA466, 0xB469, 0x8C68,
    0x9CA6, 0x8C86, 0x8C87, 0xB4EB, 0x9C68, 0xA489, 0xB48B, 0xA427,
    0xA426, 0xA3A6, 0xA3E6, 0x9B84, 0x8AA1, 0x8AA4, 0x8AA3, 0x8282,
    0x71E0, 0x7180, 0x7180, 0x6120, 0x4920, 0x5080, 0x3840, 0x5200,
    0x5A40, 0x5A83, 0x5A83, 0x5A83, 0x62C5, 0x7388, 0x73A7, 0x7C08,
    0x8C49, 0x94CA, 0x9CF0, 0x844D, 0xA551, 0xA573, 0x846B, 0x9CEE,
    0x8C8C, 0x9CEE, 0xAD71, 0xA510, 0x9CAE, 0xAD72, 0xB592, 0x9D50,
    0xA592, 0xA592, 0xC658, 0xBE37, 0xBDF7, 0xB617, 0xAD96, 0xA472,
    0xA512, 0xA4D1, 0x9C8D, 0xA4CE, 0xA40B, 0xAD2F, 0xBD72, 0xB550,
    0xC614, 0xC634, 0xC694, 0xBE73, 0xC6B4, 0xC6B5, 0xCE74, 0xCE75,
    0xD696, 0xC632, 0xCE55, 0xD696, 0xC5F3, 0xCDD7, 0xD618, 0xBD4E,
    0xACC6, 0xB4C9, 0xAC49, 0xB449, 0xAC27, 0xACAB, 0xACCC, 0xA4AA,
    0xA428, 0xB409, 0xABE8, 0xABE9, 0xA3A6, 0xA346, 0x9AC5, 0xA366,
    0x9B24, 0x8280, 0x8260, 0x8280, 0x79E0, 0x7A81, 0x7220, 0x5120,
    0x4840, 0x4080, 0x51E0, 0x5A41, 0x5A62, 0x5AA4, 0x62C6, 0x6B06,
    0x7367, 0x7BA7, 0x8C4A, 0x840A, 0x8C4A, 0x8C6B, 0x8408, 0x8C8D,
    0x8C4B, 0x9C6D, 0x9C8F, 0x8C8D, 0x848C, 0x7C2B, 0x7BEB, 0x848F,
    0x73CA, 0x7C4C, 0x84AD, 0x94AE, 0x8C2C, 0x94B0, 0x8CAF, 0x8CCE,
    0x94AD, 0xA56F, 0x9DEE, 0xA5D0, 0x9D6D, 0xBED6, 0xC6D7, 0xAE53,
    0xADF3, 0xCE55, 0xC614, 0xBDB3, 0xC614, 0xC613, 0xCE35, 0xCE95,
    0xC674, 0xC654, 0xC693, 0xCEB5, 0xCEF6, 0xD6D4, 0xD6D2, 0xE755,
    0xE735, 0xDF14, 0xD62F, 0xDE50, 0xD5CD, 0xC4E9, 0xBCAA, 0xC4C9,
    0xBCA9, 0x9BC4, 0x9B83, 0xAC29, 0xAC67, 0xA445, 0xBC69, 0xB428,
    0xA3E7, 0x9B85, 0x9B85, 0x9305, 0x9B44, 0x9322, 0x7260, 0x7260,
    0x6180, 0x5900, 0x4880, 0x4800, 0x30C0, 0x5220, 0x5A61, 0x5A61,
    0x62C5, 0x6B26, 0x6B26, 0x7366, 0x7347, 0x62C4, 0x7388, 0x840B,
    0x840B, 0x8C8D, 0x846C, 0x740A, 0x842B, 0x83EA, 0x7AE7, 0x8BC9,
    0x83CB, 0x8C2B, 0x73A7, 0x7C08, 0x9D6F, 0x9D10, 0xA5B3, 0xADF4,
    0xA5D2, 0xADD3, 0xA572, 0xAD93, 0xAD52, 0xACF0, 0xA531, 0x8C2A,
    0x9C8A, 0x950D, 0x9D2D, 0xA52E, 0xA52E, 0xB5B1, 0xB570, 0xB4EE,
    0xBD51, 0xBDF0, 0xBD8F, 0xBDB2, 0xCDF4, 0xBDD2, 0xC5F2, 0xCE33,
    0xC5F1, 0xD674, 0xD673, 0xD6B1, 0xCE70, 0xD691, 0xD6D2, 0xCD8E,
    0xBD0A, 0xBCEC, 0xA448, 0x8B83, 0xA428, 0xB489, 0xABC7, 0xABEA,
    0xAC2A, 0xB48B, 0xB46A, 0xAC07, 0xAC07, 0xA3C7, 0xA3A6, 0x8AE5,
    0x7200, 0x69C0, 0x69E0, 0x5160, 0x5160, 0x5900, 0x48A0, 0x3140,
    0x5220, 0x5A40, 0x5A62, 0x62C6, 0x6306, 0x6B26, 0x6B25, 0x7367,
    0x842A, 0x8CAB, 0x7C28, 0x8C8B, 0x842A, 0x94AD, 0x94AE, 0x9D72,
    0x8D0E, 0x84CC, 0x8CEF, 0x8CCE, 0x846A, 0x94CE, 0x94AE, 0x942D,
    0x9CD0, 0x9D52, 0xA593, 0xA5B3, 0xA592, 0xB636, 0xB635, 0xB655,
    0xBE35, 0xBE76, 0xD6F9, 0xBDF5, 0xBE15, 0xBD33, 0xBD72, 0xCE14,
    0xBDB1, 0xB5F3, 0xBE76, 0xBDD4, 0xCDF5, 0xBD72, 0xC613, 0xB5B0,
    0xBE12, 0xC613, 0xC611, 0xD633, 0xCDF0, 0xBCED, 0xC54E, 0xD5D0,
    0xCDCF, 0xB50A, 0xBD4C, 0xBCED, 0xAC4B, 0xB48A, 0xC48A, 0xABE8,
    0xABE8, 0xAC09, 0xBC8B, 0xC52E, 0xBCCE, 0xBCAC, 0xB44A, 0xB44B,
    0xAC08, 0xA3A7, 0x9305, 0x82E3, 0x6A80, 0x59A0, 0x5900, 0x6140,
    0x4020, 0x4840, 0x30C0, 0x5220, 0x5A40, 0x5A81, 0x62C4, 0x62E5,
    0x62E4, 0x7326, 0x7B84, 0x7B04, 0x8BC9, 0x8C0A, 0x8409, 0x8C09,
    0x8CAE, 0x8C48, 0x8BA8, 0x940C, 0x9C8E, 0x8C2B, 0x948C, 0x952F,
    0xADAF, 0x94C9, 0x952D, 0x9D0E, 0x94AD, 0x948D, 0xA551, 0xA553,
    0xA532, 0xAD52, 0xB5F5, 0xBEB6, 0xB634, 0xB654, 0xB633, 0xB653,
    0xB612, 0xB5F2, 0xBE14, 0xC5F3, 0xCE54, 0xC653, 0xB611, 0x9DAF,
    0xA58F, 0xA5AF, 0xAD90, 0x9407, 0xAC29, 0xC4CD, 0xB52D, 0xC5B0,
    0xBDAE, 0xBDAD, 0xC58E, 0xC5AE, 0xB50B, 0xBD8D, 0xBD6D, 0xAD0B,
    0xADAE, 0xA54B, 0xA4CB, 0x9C8A, 0xAC2A, 0xB46D, 0xBCEE, 0xB4AB,
    0xBD0E, 0xB4AD, 0xB46B, 0xAC29, 0xA3A8, 0x9B44, 0x9324, 0x7A61,
    0x6A40, 0x6200, 0x69E0, 0x48E0, 0x5080, 0x3860, 0x4A00, 0x5240,
    0x5A82, 0x62A2, 0x62A4, 0x6AE4, 0x7346, 0x7363, 0x7BE7, 0x8C4B,
    0x83E7, 0x8C68, 0x8CAE, 0x9551, 0x95D3, 0x95B3, 0x850F, 0x84AD,
    0x94EF, 0x94D0, 0x9D31, 0x94EE, 0x9D11, 0xA5B2, 0x94EF, 0xA5D3,
    0xA654, 0x95B0, 0x9DD2, 0xB675, 0xB5F4, 0xA4EE, 0xA52F, 0xA530,
    0xBE14, 0xC679, 0xD73B, 0xCED7, 0xBE34, 0xC653, 0xBE74, 0xBDD3,
    0xACAE, 0xC5B2, 0xA4AC, 0xA4AC, 0xAD8F, 0xB550, 0xBD71, 0xBDD2,
    0xBDB0, 0xAD6F, 0xBD6E, 0xBD0E, 0xBCCC, 0xBCEC, 0xC56E, 0xBD4E,
    0xAC48, 0xC52E, 0xBCC9, 0xC50C, 0xB52A, 0xA4C8, 0xAD2A, 0xBCCB,
    0xA489, 0xAC49, 0xB429, 0xABC8, 0xA347, 0xA347, 0x9B66, 0x9306,
    0x8AC5, 0x79C1, 0x71C0, 0x69E0, 0x6200, 0x59A0, 0x5100, 0x58C0,
    0x40A0, 0x5A00, 0x6281, 0x5A81, 0x62A4, 0x6B27, 0x6B25, 0x7386,
    0x8409, 0x8409, 0x7BE6, 0x8449, 0x8429, 0x8449, 0x8C2C, 0x8C0B,
    0x9D2F, 0xADB3, 0x9D72, 0xA614, 0x7C87, 0x8CCA, 0x8C8A, 0x9D4D,
    0x8CCB, 0x9CEE, 0x9CCD, 0xAD32, 0xB5D4, 0xADD3, 0xADF3, 0xAE55,
    0xAD93, 0xBE35, 0xB5F4, 0xAD52, 0x9CCF, 0x9D51, 0xAE15, 0xB614,
    0xB613, 0xBDD1, 0xBE13, 0xC654, 0xBE54, 0xC696, 0xCE76, 0xC634,
    0xAD90, 0xC652, 0xC672, 0xB5F0, 0xC632, 0xCE31, 0xC630, 0xCE30,
    0xBE2F, 0xBE0E, 0xB54D, 0xC54E, 0xACCC, 0xAD2C, 0xAD4D, 0xBD4E,
    0xBD2D, 0xBC6D, 0xAB4A, 0xB408, 0xB40A, 0xA3A9, 0xAB8A, 0xA388,
    0x92C6, 0x8B25, 0x82A2, 0x8AE5, 0x8261, 0x69E0, 0x5920, 0x5980,
    0x5200, 0x59A0, 0x4800, 0x2960, 0x51E0, 0x5200, 0x5A62, 0x62A3,
    0x6AE5, 0x6AE5, 0x6AE5, 0x6AE4, 0x7BA7, 0x7C09, 0x842A, 0x948F,
    0x8C4C, 0x8408, 0x8CAE, 0x94AD, 0x83CB, 0x6B26, 0x8BE8, 0x948B,
    0x9C6E, 0x8C2A, 0x942A, 0x8C08, 0x94AD, 0x7C29, 0x7BA8, 0x8C2A,
    0x840A, 0x8BE9, 0x94CC, 0x9D91, 0x8CCE, 0xA50E, 0xB5D1, 0xC654,
    0xBDD0, 0xC633, 0xCE77, 0xD6DB, 0xCE57, 0xC676, 0xC653, 0xC5D1,
    0xCDF3, 0xC613, 0xBDF1, 0xC632, 0xB56C, 0xBDCF, 0xD653, 0xDE53,
    0xDE34, 0xDE76, 0xDE75, 0xDE52, 0xDE93, 0xC5AF, 0xCE51, 0xBD8F,
    0xCDF1, 0xB52E, 0xBD4E, 0xB54C, 0xB54C, 0xACC9, 0xB50D, 0xB48C,
    0xABC9, 0xAB8A, 0xAB69, 0xAB89, 0xA348, 0x9AE4, 0x8B05, 0x8301,
    0x8AA0, 0x7A40, 0x59A0, 0x59A0, 0x59C0, 0x4820, 0x38E0, 0x5200,
    0x5220, 0x5A41, 0x5A41, 0x5AC4, 0x62C3, 0x7367, 0x6B46, 0x7BCA,
    0x73C8, 0x7C49, 0x8CEB, 0x8C4C, 0x94EE, 0x8CCC, 0x7BA9, 0x7C0B,
    0x7C4B, 0x94D0, 0x94EF, 0x8CCC, 0xA571, 0xADB3, 0x94CD, 0x94AD,
    0x9D0F, 0x9D10, 0x8D0E, 0x8CAD, 0x8C4D, 0x840D, 0x94CF, 0x9D30,
    0xA5F0, 0xBE12, 0xBE13, 0xC614, 0xC5F3, 0xC634, 0xC653, 0xC612,
    0xC654, 0xCE74, 0xC674, 0xB5D0, 0xBDF2, 0xC611, 0xCE12, 0xC674,
    0xCED6, 0xD6F8, 0xC693, 0xD673, 0xE6D7, 0xE697, 0xE699, 0xDED7,
    0xD653, 0xD612, 0xBD51, 0xCDF2, 0xD611, 0xCE2E, 0xC50E, 0xBC4F,
    0xC549, 0xBD29, 0xB489, 0xB428, 0xABA7, 0xA328, 0xA3A6, 0xA386,
    0x92C5, 0x8A64, 0x81E2, 0x7220, 0x6A60, 0x6260, 0x5A00, 0x50C0,
    0x4080, 0x3860, 0x5200, 0x5A00, 0x5A83, 0x62E6, 0x6B47, 0x7388,
    0x7368, 0x7BA8, 0x7386, 0x8448, 0x8C2A, 0x8C6B, 0x9D0A, 0x8C4A,
    0x834B, 0x9D32, 0x9D70, 0x9D6F, 0x952F, 0xA510, 0xA530, 0x9D11,
    0xA4D0, 0x9CEF, 0x9D10, 0x946C, 0xA4EF, 0xA5B3, 0xA5D2, 0xB696,
    0xC6F8, 0xB5F3, 0xCEB4, 0xD713, 0xC692, 0xCE93, 0xCEB4, 0xCEB5,
    0xD6F6, 0xCE74, 0xC694, 0xC675, 0xC697, 0xCEB8, 0xC676, 0xD6D9,
    0xD6F9, 0xD6D7, 0xCED4, 0xD6F4, 0xD6F3, 0xD735, 0xDF37, 0xDF37,
    0xD6F5, 0xE759, 0xDEF6, 0xDE95, 0xE6D7, 0xE6F4, 0xDEF3, 0xE675,
    0xC5CE, 0xD565, 0xBC66, 0xAB68, 0xBC8A, 0xBC4B, 0xB409, 0xA365,
    0xA384, 0xA386, 0xAC28, 0x8B61, 0x8301, 0x8281, 0x6A60, 0x7220,
    0x6220, 0x4A40, 0x58C0, 0x4060, 0x3800, 0x5200, 0x6241, 0x5AA2,
    0x52A0, 0x5A41, 0x62E4, 0x62E4, 0x6B07, 0x7B68, 0x7308, 0x7BA9,
    0x7BC9, 0x83EC, 0x948E, 0x950D, 0x9D70, 0x9D72, 0x9CD0, 0xA510,
    0xA591, 0x9D2F, 0x9CAC, 0xA4EE, 0xA50F, 0xAD51, 0xAD93, 0xADB2,
    0xA4CF, 0xAD10, 0xAD73, 0xAE55, 0xA5B1, 0x8D10, 0xAD14, 0xBD94,
    0xBDF4, 0xD676, 0xC5F3, 0xC675, 0xBE73, 0xD717, 0xD6B5, 0xDEF7,
    0xDF17, 0xCE96, 0xDF19, 0xCEB6, 0xDF18, 0xDEF7, 0xDEF7, 0xDEF7,
    0xE738, 0xE759, 0xE736, 0xE715, 0xDF16, 0xDEF6, 0xD6D4, 0xDF17,
    0xDEF7, 0xDF15, 0xDE4F, 0xD5ED, 0xBC4A, 0xB42D, 0xC4EE, 0xBCE7,
    0xC52A, 0xB42A, 0xAB87, 0xA3C6, 0x9AE4, 0x92A4, 0x8AE5, 0x8B03,
    0x7B20, 0x7AA0, 0x6260, 0x69E0, 0x5180, 0x5100, 0x4820, 0x3880,
    0x5200, 0x5201, 0x5221, 0x6263, 0x6AC6, 0x62C5, 0x6B46, 0x73C8,
    0x7388, 0x7389, 0x840B, 0x840B, 0x8C8D, 0x7C0A, 0x8C8D, 0x8C8C,
    0x8C4D, 0x9530, 0x952F, 0x9D30, 0x946C, 0x94CF, 0x9D91, 0xADD1,
    0xBEB4, 0xB6B3, 0xADF3, 0xC6D7, 0xBE77, 0xB5D5, 0xBDD4, 0xCE36,
    0xBE36, 0xAD93, 0xA551, 0xB592, 0xB5B2, 0xC5B4, 0xD616, 0xD637,
    0xCE36, 0xD698, 0xD698, 0xDEB8, 0xD6D5, 0xD6B5, 0xD694, 0xDED6,
    0xDEB6, 0xE717, 0xE759, 0xDEF6, 0xDF17, 0xDEF6, 0xE738, 0xE717,
    0xE6F6, 0xE715, 0xDEF2, 0xDEF1, 0xDF34, 0xE797, 0xE774, 0xD670,
    0xCD51, 0xC4ED, 0xC46A, 0xB48C, 0xAC6C, 0xB3C9, 0xB428, 0xB426,
    0xA384, 0x9BA6, 0x9326, 0x9326, 0x82E3, 0x8AC2, 0x7A61, 0x5180,
    0x50E0, 0x5100, 0x4040, 0x5220, 0x5220, 0x5A83, 0x62C5, 0x62C4,
    0x6B07, 0x836B, 0x7B8A, 0x844B, 0xA5B0, 0xA54F, 0x8C8C, 0x8369,
    0x9C0D, 0x8BCA, 0x8BCA, 0x8368, 0x940C, 0x8C6F, 0x94AE, 0x9D2F,
    0x9D6F, 0x9D6F, 0xA612, 0x9D50, 0xA571, 0xCEB9, 0xCEB7, 0xC656,
    0xCEB8, 0xCE99, 0xBE18, 0xCEB9, 0xC615, 0xD6F9, 0xDF19, 0xBE55,
    0xCF59, 0xC6F5, 0xC6B3, 0xCEB3, 0xD6B7, 0xCDF3, 0xCE96, 0xD697,
    0xD6D8, 0xDED8, 0xD6D7, 0xD73A, 0xCED7, 0xD6B7, 0xE6D6, 0xE738,
    0xD6D5, 0xCEB2, 0xCE91, 0xDED4, 0xD692, 0xDED4, 0xDE50, 0xE6B3,
    0xD60C, 0xDEF2, 0xE7D8, 0xDF32, 0xDEF0, 0xDEB1, 0xC52E, 0xC52E,
    0xC58D, 0xBCCC, 0xBCCA, 0xBCCA, 0xB448, 0xA3E7, 0xA3A7, 0x9386,
    0x82E4, 0x7201, 0x59A0, 0x50C0, 0x48A0, 0x3820, 0x5220, 0x62C4,
    0x6B27, 0x62C5, 0x62E4, 0x7327, 0x5A85, 0x6B28, 0x7348, 0x7B89,
    0x7BC9, 0x954E, 0x8D71, 0x8D4F, 0x848D, 0x9531, 0x9DF2, 0x9D2D,
    0x9CAD, 0x9CAC, 0x946C, 0x948D, 0x8C6A, 0x9409, 0x9C6C, 0x9C8E,
    0x944C, 0x842A, 0x9CF0, 0xB5B4, 0xBE14, 0x9D0E, 0xBDF3, 0xBDB4,
    0xAD72, 0xB5B2, 0xBDF3, 0xB5D2, 0xB570, 0xADD2, 0xBDF3, 0xBDF3,
    0xADCF, 0xC612, 0xD614, 0xD635, 0xCDD4, 0xCE54, 0xDED6, 0xE717,
    0xD6D5, 0xCE94, 0xD654, 0xDEF7, 0xDEB6, 0xC652, 0xC671, 0xBE10,
    0xCE31, 0xCE10, 0xCE12, 0xCD6E, 0xD5AE, 0xD610, 0xD610, 0xD631,
    0xCE10, 0xD66F, 0xD630, 0xCDAD, 0xC5AD, 0xC58E, 0xB4AB, 0xB48B,
    0xB449, 0xA3C8, 0x9B87, 0x82E4, 0x7A21, 0x61A0, 0x50E0, 0x4000,
    0x3840, 0x5200, 0x5A00, 0x4A20, 0x5AA4, 0x6B08, 0x6327, 0x73A8,
    0x7BCA, 0x6B68, 0x5B28, 0x734A, 0x7308, 0x6AE7, 0x8429, 0x844A,
    0x94AB, 0x842C, 0x8C0B, 0x844B, 0x7BCA, 0x7BA9, 0x83EA, 0x7BEB,
    0x644A, 0x6C6B, 0x6C29, 0x7C6A, 0x846B, 0x842C, 0x73A9, 0x7347,
    0x8C0C, 0x8448, 0x94ED, 0x9D0F, 0xA4EF, 0xA5D1, 0x9DD0, 0x9D2F,
    0x9C4C, 0xB591, 0xAD70, 0xADB3, 0xAD92, 0xADB0, 0xBDB1, 0xC633,
    0xCDB1, 0xBD0E, 0xD634, 0xDE13, 0xCDF2, 0xD674, 0xD6B3, 0xCE11,
    0xCE32, 0xBDCE, 0xBDB0, 0xCE33, 0xADAF, 0xC56E, 0xCDF2, 0xC5B1,
    0xC50E, 0xC56E, 0xD5AE, 0xD5EF, 0xCDEF, 0xCD6E, 0xC4ED, 0xC4EE,
    0xBC8B, 0xAC08, 0xA3C7, 0x9B67, 0x9327, 0x8AE4, 0x82C3, 0x7200,
    0x59A0, 0x50C0, 0x4000, 0x2960, 0x5240, 0x5A61, 0x6283, 0x62C6,
    0x6347, 0x6BA9, 0x7C0B, 0x6BC9, 0x83EB, 0x8C2C, 0x7BE8, 0x8CCC,
    0x848C, 0x844C, 0x7BCB, 0x73A8, 0x6BA7, 0x6368, 0x73A9, 0x842B,
    0x7C4B, 0x7409, 0x7BA8, 0x83A9, 0x8B89, 0x8BEA, 0x7BEC, 0x740B,
    0x740A, 0x83CA, 0x7C6C, 0x8C8D, 0x83AB, 0x93AA, 0x9C4B, 0x936A,
    0x7165, 0x8269, 0x94AC, 0x9CCB, 0x8C2A, 0x9D2F, 0xADD0, 0xB550,
    0xB570, 0xB510, 0xB550, 0xBDB1, 0xBDF2, 0xBE11, 0xBDF1, 0xCE73,
    0xCE52, 0xBDAF, 0xCE11, 0xCDAF, 0xCD30, 0xB42A, 0xBD0B, 0xBCCB,
    0xBD2E, 0xB50C, 0xACCC, 0xB4EE, 0xBD4E, 0xBCEC, 0xBCED, 0xBCEE,
    0xB4AA, 0xB428, 0xABA6, 0xA387, 0x9B06, 0x92E6, 0x8AE4, 0x8262,
    0x7A62, 0x79E1, 0x61C0, 0x5960, 0x48A0, 0x4000, 0x3820, 0x5200,
    0x5A61, 0x5AA3, 0x6326, 0x6B27, 0x7307, 0x73CA, 0x7C2B, 0x73EA,
    0x7C0B, 0x844C, 0x8CAC, 0x7B67, 0x8449, 0x7B89, 0x7389, 0x842B,
    0x8C6D, 0x8C8D, 0x7368, 0x7B48, 0x7C0B, 0x7C6B, 0x7C6C, 0x7CCC,
    0x848B, 0x9C4C, 0x9C8D, 0x946D, 0x9C2E, 0x9C6F, 0x8CCE, 0x7CEF,
    0x744B, 0x94EF, 0x954E, 0x8CEC, 0xAD2E, 0xA46A, 0x9C0D, 0x9389,
    0xACCE, 0xA429, 0x942A, 0xA4AC, 0xAD4F, 0xA50E, 0xACCE, 0xBD70,
    0xBCEC, 0xB4CB, 0xC570, 0xA50B, 0xAD0C, 0xBD2E, 0xACAA, 0xA46B,
    0xB52F, 0xBD71, 0xB4ED, 0xBD4F, 0xBCAF, 0xAC6A, 0xBD0D, 0xB510,
    0xACAB, 0x9B47, 0xB42A, 0xA409, 0xA42A, 0xA3C6, 0x8BA2, 0x93A5,
    0x82E3, 0x7A41, 0x8263, 0x7262, 0x71C0, 0x5980, 0x50E0, 0x50C0,
    0x50C0, 0x3900, 0x51E0, 0x5A81, 0x6262, 0x6284, 0x62C4, 0x7B48,
    0x7349, 0x7B69, 0x8C4D, 0x842C, 0x7B8B, 0x83EC, 0x846D, 0x94AD,
    0x8CCB, 0x8D0C, 0x8C6A, 0x8469, 0x83EA, 0x9CAE, 0x94ED, 0x950E,
    0x946D, 0x946C, 0x948E, 0x84AE, 0x7CCB, 0x8C6B, 0x8C6B, 0x8D2D,
    0x8CCB, 0x9D0E, 0xB5B2, 0xA50F, 0xA552, 0x9D10, 0xA570, 0x8D4E,
    0x8C2C, 0xA571, 0xADB2, 0x942B, 0xBD10, 0xD5D4, 0xACAD, 0xACEF,
    0xACEE, 0xACAD, 0xA4EC, 0xB52F, 0xACED, 0xA449, 0xACAB, 0xB50C,
    0xAC8A, 0xB52D, 0xB50B, 0xB4E8, 0xAC89, 0xB4AC, 0xAC6A, 0xAC8A,
    0xBCEF, 0xB4B0, 0xACAB, 0xB4EA, 0xACE9, 0xB4A8, 0xAC27, 0xAC67,
    0x9BA5, 0x8B04, 0x9368, 0x8B46, 0x7B64, 0x8303, 0x6AA0, 0x7200,
    0x59A0, 0x5180, 0x5080, 0x4820, 0x30C0, 0x5220, 0x5A41, 0x5A62,
    0x5AA3, 0x6305, 0x6326, 0x6326, 0x6BC8, 0x5B26, 0x6B29, 0x73A7,
    0x6B45, 0x840A, 0x7BCB, 0x7AE9, 0x8BAC, 0x7BEB, 0x8CAE, 0x958F,
    0x9D93, 0x9C91, 0x9CF0, 0x9CEE, 0x8CEC, 0x94AC, 0xA4CF, 0x9CAF,
    0x948D, 0xAD72, 0xA4CE, 0xBDB3, 0xADB2, 0xA5B2, 0xAE34, 0xB632,
    0xBE33, 0xBDF4, 0xBDB2, 0xB612, 0xADEF, 0xBDF1, 0xCED7, 0xB5B0,
    0xAD91, 0xBE13, 0xC615, 0xB54F, 0xC5B0, 0xB54F, 0xBD30, 0xB52D,
    0xB50C, 0xBD0D, 0xB4EA, 0xAC89, 0xB4EC, 0xACAC, 0xB4AB, 0xB50B,
    0xBD90, 0xB52E, 0xB48D, 0xBCCE, 0xBCCD, 0xB44C, 0xABC9, 0xA487,
    0xACCB, 0xACA8, 0xAC27, 0x9B43, 0x9B43, 0x8260, 0x7181, 0x6A40,
    0x4940, 0x61C0, 0x7A60, 0x59E0, 0x5120, 0x4880, 0x4880, 0x3880,
    0x5200, 0x5A22, 0x5A63, 0x5A84, 0x5AC5, 0x6B47, 0x73A9, 0x73EA,
    0x73CA, 0x73AA, 0x736B, 0x7C8E, 0x748B, 0x848D, 0xAD0F, 0x7C2A,
    0x8CAD, 0x94AF, 0x73AC, 0x744B, 0x8D4D, 0x848D, 0x9CF1, 0xAC91,
    0xA532, 0xAE33, 0xA633, 0xBE55, 0xBE36, 0xBE35, 0xC697, 0xD6D7,
    0xCE56, 0xB5F4, 0xBE76, 0xBE76, 0xB5F3, 0xE69A, 0xE6DB, 0xDE36,
    0xD675, 0xBE11, 0xB631, 0xBDF0, 0xB56E, 0xC5D0, 0xCE13, 0xC573,
    0xB4CC, 0xBD4E, 0xB52C, 0xB54D, 0xAD2D, 0xB4CC, 0xBCCB, 0xBD2D,
    0xB4ED, 0xB4CC, 0xB4EC, 0x9B05, 0xAC49, 0xB508, 0x9C64, 0xA468,
    0xACCA, 0xBC8B, 0xCCB0, 0xA3C3, 0xB404, 0xB345, 0x9323, 0x8AA2,
    0x8A80, 0x7A80, 0x7A20, 0x71A1, 0x6981, 0x50A0, 0x5100, 0x5920,
    0x5060, 0x48E0, 0x3860, 0x49E0, 0x5A20, 0x5A62, 0x5A63, 0x5A64,
    0x62C6, 0x62E7, 0x62A5, 0x7B29, 0x8C2C, 0x8C4C, 0x8389, 0x8328,
    0x5AA2, 0x63E8, 0x7BEA, 0x73E9, 0x8409, 0x8369, 0x7B69, 0x7B8B,
    0x7AE9, 0x7B69, 0x83CA, 0x7BA9, 0x834A, 0x8B6A, 0x8C6A, 0x73C9,
    0x842A, 0x7C08, 0x846B, 0x9D2F, 0xA50E, 0xACCE, 0xAD0F, 0xA56E,
    0x8D6B, 0x8CAB, 0x9D0D, 0x9D6F, 0x9CCB, 0xCD90, 0xC58F, 0xAD4E,
    0xB5CF, 0xBE0D, 0xD5AF, 0xD570, 0xCD6F, 0xCDB1, 0xC611, 0xCE91,
    0xB5EF, 0xAD4C, 0xBD4E, 0xCDD0, 0xB4AC, 0xBD10, 0x9B69, 0xAB86,
    0xC48C, 0xB48A, 0xBC29, 0xB4CB, 0xACC9, 0xACC8, 0xABC8, 0xABE5,
    0xBBE4, 0xA303, 0x8AA0, 0x7300, 0x7280, 0x82A0, 0x8AA2, 0x69C0,
    0x61A0, 0x61A0, 0x5960, 0x50C0, 0x4880, 0x3880, 0x5A61, 0x5A41,
    0x62A3, 0x62C5, 0x6B07, 0x6B07, 0x7349, 0x73CA, 0x7BEA, 0x7BAB,
    0x7B6A, 0x6B49, 0x7C8D, 0x842C, 0x7328, 0x72C6, 0x7B48, 0x5BEA,
    0x5C4A, 0x7C4B, 0x842B, 0x946B, 0x946C, 0x842A, 0x846A, 0x7C2A,
    0x742B, 0x7BEA, 0x8BEA, 0x8C2B, 0x7BAA, 0x946C, 0x9C4E, 0x9D30,
    0x9D4F, 0x9C8C, 0xAC6D, 0x9C69, 0xA56B, 0x9C8A, 0x8BCB, 0xA40D,
    0x8C48, 0x9C8B, 0xB4EE, 0xACED, 0xA44A, 0xAD6B, 0xAD6C, 0xAD6C,
    0xDDF1, 0xCD70, 0xC50F, 0xAD0B, 0xAD6B, 0xBD8F, 0xBD6E, 0xC5AE,
    0xBD2C, 0xCDF3, 0xD614, 0xBD0F, 0xBD2D, 0xC54D, 0xBBCA, 0xA3C7,
    0x93C3, 0x82A1, 0x9B64, 0xA3C5, 0xA324, 0x92C1, 0x8AA1, 0x7260,
    0x6A21, 0x8261, 0x7240, 0x7A40, 0x69A0, 0x5980, 0x4900, 0x4860,
    0x38E0, 0x5180, 0x6220, 0x5A42, 0x6244, 0x6283, 0x6B07, 0x6B06,
    0x7366, 0x7B89, 0x73C8, 0x8CCA, 0x9D4D, 0x9429, 0x83EA, 0x7C6B,
    0x7CAC, 0x8D0F, 0xA4F0, 0x940D, 0x8C2D, 0x7C6B, 0x7BC9, 0x944B,
    0x9CED, 0xA52F, 0x9CEC, 0xA52C, 0xA56E, 0xA56F, 0xA4EE, 0xA54E,
    0x954D, 0x8C8D, 0x93EA, 0x9389, 0x9D0B, 0x9CA9, 0xA44C, 0xAD0E,
    0xA56F, 0xB58F, 0x944A, 0xAD0F, 0xB552, 0xA4AD, 0xBD0C, 0xCD30,
    0xD693, 0xDE94, 0xC5F1, 0xA569, 0xB5CC, 0xBDAE, 0xCDD1, 0xC5D0,
    0xBD8D, 0xB54E, 0xBD8F, 0xBD0C, 0xC54E, 0xB4ED, 0xA489, 0xAB48,
    0xABC8, 0x9C86, 0x8BA6, 0x8368, 0x6B41, 0xA2E0, 0x8AC0, 0x8BA3,
    0x8AA1, 0x7980, 0x8A40, 0x82C0, 0x7A60, 0x6260, 0x69E0, 0x6A20,
    0x5A00, 0x50C0, 0x4820, 0x3880, 0x5AA1, 0x62A1, 0x62C1, 0x6BA6,
    0x6BE9, 0x83EC, 0x8C2D, 0x840C, 0xAD50, 0x94EC, 0x8429, 0x8CEE,
    0x952D, 0x950B, 0xA4AD, 0xAC6E, 0x940C, 0x946D, 0x94CE, 0x9D10,
    0x94ED, 0x9D30, 0x8C6C, 0x8CCA, 0x9CCC, 0x8C8A, 0x9D2E, 0x94CC,
    0x948A, 0x7CA8, 0x83E9, 0x7B06, 0x7C24, 0x7CA9, 0xB52F, 0x9BEB,
    0x8C4C, 0x8D4B, 0x9C07, 0x81A5, 0xA44C, 0xAD6D, 0xADB0, 0xA54B,
    0xA54B, 0x9D2B, 0xA54F, 0xA44A, 0xBD0C, 0xD5D0, 0xCDAF, 0xDE92,
    0xC651, 0xC5CE, 0xBDEF, 0xE6B4, 0xC5AF, 0xB54D, 0xBD4D, 0xAD0B,
    0xBD4E, 0xACC8, 0xB529, 0xB48A, 0xB3EA, 0xA385, 0xA3C6, 0x9B6B,
    0x9389, 0x8240, 0x9281, 0x8AC3, 0x92E1, 0x8262, 0x79E1, 0x7A80,
    0x7280, 0x7260, 0x61C0, 0x5180, 0x5120, 0x4060, 0x38A0, 0x5220,
    0x6280, 0x62A2, 0x7348, 0x73CA, 0x7C89, 0x848A, 0x73E8, 0x73C6,
    0x8CA9, 0xB54E, 0xA4EC, 0x9CAC, 0x9D10, 0xA5B4, 0xA675, 0xA616,
    0xB679, 0xA675, 0xB595, 0xADB5, 0xAE12, 0xAE32, 0xB654, 0xB614,
    0xBDB5, 0xAD52, 0xA590, 0xC655, 0xB613, 0xEFBC, 0xC679, 0xDDB8,
    0xAD94, 0x85D1, 0xADF4, 0xCD33, 0xBCD1, 0xCFBA, 0xD7D9, 0xCEB6,
    0xBE12, 0xC632, 0xBDB1, 0xD676, 0xCE33, 0xC5AF, 0xBDB0, 0xB5AF,
    0xCDD3, 0xD633, 0xBD4D, 0xC630, 0xC5F1, 0xBDD0, 0xB54D, 0xA4C6,
    0xB58D, 0xB52B, 0xBD6D, 0xB52D, 0xACCA, 0xBD2E, 0x94C8, 0xA487,
    0xBC6C, 0xAB08, 0x9A83, 0x9B49, 0x9348, 0x9306, 0x8B06, 0x8AA3,
    0x8AA1, 0x71E0, 0x79E0, 0x6940, 0x59E0, 0x6A20, 0x4980, 0x50C0,
    0x48A0, 0x3820, 0x5200, 0x5A60, 0x6281, 0x62A3, 0x6AA5, 0x5A84,
    0x7346, 0x7345, 0x6AA7, 0x7329, 0x7BEB, 0x84AA, 0x8CCA, 0x94E9,
    0x8C66, 0xB4CC, 0xB5F3, 0xA571, 0x94F0, 0x84CB, 0x7488, 0xA5D1,
    0xA58E, 0xA5B0, 0xAE91, 0x9609, 0xA5CF, 0xB5F3, 0xB5F1, 0xB633,
    0xB672, 0xBF33, 0xD7D8, 0xE7BC, 0xD719, 0xD79A, 0xC7B7, 0xD696,
    0xCDB2, 0xC5F2, 0xBE92, 0xCED5, 0xDED9, 0xD694, 0xD6B4, 0xD6B7,
    0xF738, 0xE6B4, 0xCEB1, 0xDEF5, 0xD6D6, 0xD717, 0xCE52, 0xD651,
    0xCDCE, 0xCDF0, 0xD612, 0xCDF2, 0xCDB0, 0xCDF0, 0xB52C, 0xC52E,
    0xBD2D, 0xD5B0, 0xBD2D, 0xB54C, 0xAC8C, 0xAC4B, 0xB469, 0xB46D,
    0xA389, 0x9326, 0x82A5, 0x8AA5, 0x8283, 0x82A1, 0x71A0, 0x71C0,
    0x6260, 0x49E0, 0x58C0, 0x48A0, 0x3800, 0x51A0, 0x5A00, 0x5A62,
    0x5AC3, 0x62E4, 0x61E3, 0x6245, 0x7327, 0x7BA7, 0x7B87, 0x6267,
    0x8348, 0x8307, 0x83C9, 0x848D, 0x5B86, 0x7C05, 0x9D0D, 0x8CEA,
    0x950D, 0x94CB, 0x8C4B, 0x8C69, 0x83E5, 0x8302, 0x94CC, 0x8D6D,
    0x8D2D, 0x954C, 0xADB0, 0xA550, 0xAD92, 0x9D6E, 0xADD1, 0xBE53,
    0xB592, 0xBE35, 0xBF16, 0xC737, 0xD6F8, 0xD6D7, 0xDEF7, 0xD717,
    0xDF38, 0xDF79, 0xDF37, 0xDF36, 0xDF79, 0xE758, 0xDF15, 0xD6D2,
    0xDEF5, 0xD652, 0xD6D4, 0xDED4, 0xDED5, 0xE716, 0xD692, 0xD652,
    0xD652, 0xD652, 0xD672, 0xCE30, 0xD631, 0xD5CF, 0xC52D, 0xCDEE,
    0xBD2D, 0xBCED, 0xB4CC, 0xB48C, 0xB44A, 0xAC08, 0x9B88, 0x9B47,
    0x9365, 0x8B45, 0x8AA4, 0x7A22, 0x7240, 0x5180, 0x4860, 0x31A0,
    0x5220, 0x5A20, 0x5A61, 0x5A83, 0x6AE5, 0x6B68, 0x73A7, 0x842A,
    0x7BA8, 0x7C29, 0x8CCB, 0x94EB, 0x948E, 0x946D, 0x9D2D, 0x9DF0,
    0xA592, 0x8C8D, 0x944C, 0xA510, 0x9D2D, 0xAD8E, 0xA50E, 0x952F,
    0xA571, 0x9D10, 0xA4EE, 0xBDD2, 0xADD1, 0x956E, 0xA5CF, 0xAD6F,
    0xC635, 0xBE36, 0xBE34, 0xC675, 0xCE56, 0xCE76, 0xCED5, 0xD716,
    0xDEF8, 0xDF18, 0xDF38, 0xD717, 0xD717, 0xDEF6, 0xDED7, 0xDEF6,
    0xCE71, 0xD694, 0xD694, 0xCE51, 0xD693, 0xC651, 0xCE93, 0xCE93,
    0xC652, 0xD692, 0xDED4, 0xDEB2, 0xDEB3, 0xDE93, 0xDE92, 0xD631,
    0xDE71, 0xDE51, 0xCDB0, 0xD5D0, 0xC58D, 0xBD4D, 0xC5AF, 0xB4ED,
    0xB48C, 0xACCA, 0xAC29, 0xABA8, 0x9B87, 0x9BA6, 0x8AE4, 0x8241,
    0x6A00, 0x5960, 0x40C0, 0x51A0, 0x5A20, 0x6220, 0x5A03, 0x5A62,
    0x72E3, 0x7BA7, 0x6B26, 0x7BA7, 0x7BC7, 0x83A8, 0x7C6A, 0x7489,
    0x8469, 0x8C6B, 0x8BCA, 0x8C4A, 0x946B, 0x948C, 0x946C, 0x9C8B,
    0x948C, 0x93C8, 0xA488, 0x9CCC, 0x9D2E, 0x958F, 0x84C8, 0xA511,
    0xAD73, 0xA5D2, 0xADD1, 0xADAF, 0xADCE, 0xB5D0, 0xB614, 0xB5F2,
    0xCDF5, 0xC5D3, 0xC673, 0xBE71, 0xD6D6, 0xD6D8, 0xDEB7, 0xE6F7,
    0xDF37, 0xDF79, 0xDEF7, 0xE75A, 0xDEF5, 0xD6F6, 0xCE93, 0xC692,
    0xC671, 0xD631, 0xD630, 0xC62F, 0xC58F, 0xC56E, 0xCDAF, 0xC5AF,
    0xBD6C, 0xD610, 0xDE30, 0xDE31, 0xD5EF, 0xD650, 0xD610, 0xC58F,
    0xC56F, 0xBCEC, 0xB4EB, 0xB4AC, 0xB42A, 0xAC89, 0xA408, 0x9B87,
    0x9366, 0x8AE4, 0x8283, 0x71C1, 0x61C0, 0x40A0, 0x51E0, 0x5180,
    0x5A81, 0x6323, 0x6385, 0x6307, 0x6BA4, 0x63A2, 0x7C28, 0x7C29,
    0x73E9, 0x83AA, 0x940C, 0x8C8A, 0x7C2A, 0x7348, 0x7B68, 0x72A8,
    0x72A5, 0x83EB, 0x7BC8, 0x8C48, 0x944C, 0x946B, 0x9487, 0xA4A8,
    0xA46B, 0x9CEE, 0x952D, 0xA4CB, 0xAD4F, 0xA510, 0x94EF, 0xB5D1,
    0xB5D1, 0xADAF, 0xAD70, 0xBE13, 0x9D70, 0xBDF3, 0xC653, 0xC6B4,
    0xBE90, 0xBE71, 0xC673, 0xD693, 0xC690, 0xC691, 0xD6D3, 0xCE93,
    0xCE12, 0xC5F0, 0xCE31, 0xCDF0, 0xB5EF, 0xCDAF, 0xCD8C, 0xBD8D,
    0xC5F0, 0xB52C, 0xCDCD, 0xD5CF, 0xDD8D, 0xCD4A, 0xCD0D, 0xC4EE,
    0xBCEC, 0xB4AB, 0xB4CB, 0xB4AB, 0xB449, 0xA3C8, 0xA3E8, 0x9B67,
    0x9B06, 0x9366, 0x8B25, 0x8AA4, 0x8283, 0x7A21, 0x69C0, 0x61C0,
    0x48E0, 0x51C0, 0x5180, 0x6220, 0x6161, 0x69E3, 0x6AA3, 0x72C5,
    0x7B45, 0x7B66, 0x7BA5, 0x8BE3, 0x8443, 0x8BC5, 0x8B47, 0x944C,
    0x94F0, 0x8CEE, 0x8D91, 0x8D0E, 0x946C, 0x8B2D, 0x7B8A, 0x8C69,
    0x8C6A, 0x948C, 0x9DF4, 0x954D, 0xA4EC, 0xA550, 0xB613, 0xBEB5,
    0xB670, 0xC674, 0xBE35, 0xB616, 0xC6F7, 0xCF39, 0xC6B6, 0xE718,
    0xE6F8, 0xD697, 0xCEF8, 0xBE75, 0xC6B3, 0xCEB1, 0xBDF0, 0xC56F,
    0xAD0E, 0x9CAB, 0xAD8B, 0xCDAD, 0xC58D, 0xB54A, 0xAD09, 0xC58D,
    0xBDCE, 0xC672, 0xBCAD, 0xC531, 0xCDD2, 0xD610, 0xD5EE, 0xC56E,
    0xC54C, 0xC509, 0xB3C7, 0xB3E9, 0xB42A, 0xABC7, 0xAC08, 0x9B65,
    0x9B24, 0x9B85, 0x8363, 0x8AC4, 0x8244, 0x82C4, 0x7A61, 0x7A40,
    0x7220, 0x6A00, 0x6980, 0x4020, 0x5200, 0x5AA0, 0x5AE1, 0x6B22,
    0x6301, 0x7BA7, 0x7B88, 0x7344, 0x8BC7, 0x8C66, 0x8BC8, 0x8BEA,
    0x8CAB, 0x84EA, 0x9CAB, 0x8CCC, 0x7CAE, 0x7C2C, 0x83EB, 0x7C2B,
    0x850D, 0x94AE, 0x9CAD, 0x9CEF, 0x9C8C, 0x94A9, 0x954E, 0x956C,
    0x9DF0, 0x9D6F, 0xB634, 0xBE78, 0xB675, 0xCE75, 0xC5F5, 0xC5D7,
    0xCE35, 0xBE11, 0xBE94, 0xBE72, 0xB5EF, 0xBDAF, 0xBD6D, 0xBD6F,
    0xAD0B, 0xADAC, 0xB56B, 0xAD29, 0xBCEE, 0xAC8C, 0xA52B, 0xA52B,
    0xC58D, 0xCE72, 0xB54B, 0xCDCE, 0xD652, 0xCEB1, 0xD5AF, 0xC5AE,
    0xBD4E, 0xBD4D, 0xCDCE, 0xCD8F, 0xBD89, 0xBD28, 0xB448, 0xAC08,
    0xA365, 0xA346, 0xA366, 0x9B25, 0xA2E5, 0x9AE6, 0x8324, 0x82A1,
    0x8A42, 0x82C3, 0x7A61, 0x7222, 0x59E0, 0x5180, 0x4040, 0x5200,
    0x6240, 0x6A81, 0x7365, 0x8367, 0x7AE3, 0x7AE1, 0x9C8C, 0x7B84,
    0x7B24, 0x7C4A, 0x84A9, 0x7BE6, 0x73A7, 0x5385, 0x6B06, 0x7245,
    0x6AA6, 0x6B07, 0x7286, 0x6B06, 0x6347, 0x6AE7, 0x7B86, 0x7BC5,
    0x8428, 0x8CA9, 0x94CC, 0x84A9, 0x8CCB, 0x8CEB, 0x8CCA, 0x8D0B,
    0x8CEB, 0x954A, 0x7CA7, 0x9C8D, 0xACEF, 0x9CCA, 0xBD71, 0x9CCC,
    0xAD2F, 0xB50C, 0xACA9, 0xA48B, 0x9C4A, 0x8C47, 0x9C67, 0xACE9,
    0xB50C, 0xAD2B, 0x8D28, 0xA4E6, 0xB445, 0xC56C, 0xBE0E, 0xB4EA,
    0xAD0B, 0xCE10, 0xCDEE, 0xBD2C, 0xC52F, 0xC5CE, 0xBDAC, 0xC56D,
    0xC4EF, 0xBC89, 0xBC6A, 0xB46A, 0xAC08, 0x9B47, 0x92E6, 0x9AE7,
    0x9AE5, 0x8A46, 0x93A9, 0x7A81, 0x82A4, 0x7A42, 0x7220, 0x69A1,
    0x5980, 0x4040, 0x5A40, 0x62C0, 0x62E0, 0x6AE2, 0x6AE3, 0x6344,
    0x6B45, 0x6261, 0x6AE5, 0x7387, 0x7AA5, 0x7A83, 0x7364, 0x83C9,
    0x7B68, 0x73A9, 0x6B87, 0x7388, 0x73E9, 0x73C9, 0x7B48, 0x7B27,
    0x7408, 0x7C08, 0x83EA, 0x7409, 0x7BE9, 0x8BA9, 0x8C27, 0x83AB,
    0x948C, 0x8BC9, 0xA40D, 0x83CA, 0x7408, 0x8C8A, 0x8C29, 0x9C4D,
    0x9C4B, 0xA4CD, 0xACCE, 0xBD2E, 0xA4CC, 0xAD0B, 0xAD0B, 0xA48A,
    0x8C06, 0x9C28, 0x9CEB, 0x9426, 0xB4CB, 0xB50F, 0x9D8D, 0x8D28,
    0xB428, 0xB4AA, 0xBDEE, 0xBDF1, 0xBD0F, 0xC50F, 0xBD2D, 0xC58E,
    0xBD0D, 0xBC4B, 0xC4CD, 0xB46C, 0xB489, 0xABE6, 0xAC07, 0xAC07,
    0xABC6, 0x9B26, 0x8A85, 0x9303, 0x92C3, 0x8AA7, 0x8242, 0x7A61,
    0x6A81, 0x6A00, 0x61A0, 0x5960, 0x4000, 0x5200, 0x6260, 0x6280,
    0x5AA0, 0x6305, 0x6B48, 0x7387, 0x7BA6, 0x83AA, 0x83E7, 0x83E9,
    0x942B, 0x7BAB, 0x83CB, 0x7BC8, 0x8408, 0x7C2C, 0x7BEA, 0x83C9,
    0x7BEA, 0x944D, 0x8C6B, 0x9CCE, 0x848B, 0x8C4A, 0xA4CC, 0x950B,
    0x94AB, 0xA58D, 0xA5AC, 0x956C, 0x9CEF, 0x952F, 0xA50E, 0xB570,
    0xA573, 0x9D90, 0xB5D0, 0xB5D3, 0xAD4E, 0x9CED, 0xB4EE, 0xB54F,
    0xA52C, 0x9CEA, 0x9CA7, 0xACA8, 0xB52C, 0xADEF, 0xA56D, 0xCE31,
    0xD631, 0xCDF2, 0xC5F2, 0xCE94, 0xC611, 0xC4EE, 0xC56F, 0xB56D,
    0xB4CE, 0xC52E, 0xC56F, 0xCD6F, 0xBCCD, 0xACAB, 0xAC68, 0xB44A,
    0xB489, 0xAC08, 0xB48B, 0xB42A, 0xB429, 0xABCA, 0xB3EC, 0x92E4,
    0x8AA2, 0x8A84, 0x7A62, 0x79E1, 0x71C0, 0x61E0, 0x5120, 0x4060,
    0x5200, 0x5A40, 0x62A2, 0x6A62, 0x6AA4, 0x7365, 0x7346, 0x7C2B,
    0x8427, 0x8469, 0x7C28, 0x8C69, 0xA50A, 0x94AB, 0x94CD, 0x94CE,
    0x9469, 0x844A, 0x8C6E, 0x842B, 0x7428, 0x948B, 0x7345, 0x7B65,
    0x8CA8, 0x8C26, 0x6B45, 0x6BE8, 0x5A62, 0x6324, 0x84CB, 0x7C09,
    0xA4EF, 0x950F, 0x9D0F, 0x9CEC, 0x9D10, 0x9CAF, 0x94CC, 0xB511,
    0xAD31, 0xA56E, 0xBDD2, 0xBDB0, 0xB5D0, 0xBDAE, 0xD612, 0xD611,
    0xD611, 0xD694, 0xCEB4, 0xD6D5, 0xDEF4, 0xD653, 0xCE33, 0xCE93,
    0xD5F2, 0xDDF2, 0xCDF0, 0xC5CF, 0xCD70, 0xB4EC, 0xBD4D, 0xBD0D,
    0xCD2F, 0xBCCC, 0xBCED, 0xB4AD, 0xB46D, 0xBD2D, 0xAC09, 0xB46B,
    0xB44C, 0xA327, 0x92E6, 0x9AE6, 0x82A2, 0x7A83, 0x79E2, 0x79E0,
    0x61A0, 0x50A0, 0x38A0, 0x5220, 0x5AA0, 0x6280, 0x6B05, 0x7306,
    0x72E5, 0x73A4, 0x73A5, 0x7383, 0x93E7, 0xA467, 0x948A, 0x844A,
    0x9CAF, 0xAD6E, 0x94CE, 0x8C2C, 0x952E, 0x8CED, 0x8409, 0x846B,
    0x9CED, 0xADB1, 0xB5D2, 0xA530, 0xADD2, 0xBEB2, 0xC673, 0xBE96,
    0xC636, 0xBDB4, 0xA5B1, 0xADB0, 0xB530, 0xB592, 0xA52E, 0xA56C,
    0xACEF, 0xA52F, 0xA44D, 0xAD50, 0xB5B1, 0xAD6F, 0xD5F1, 0xCDF1,
    0xDE74, 0xE6D6, 0xD676, 0xCE12, 0xDE73, 0xD672, 0xD6B3, 0xD6F4,
    0xDF57, 0xDE74, 0xDEF7, 0xD6B4, 0xD673, 0xD693, 0xCE31, 0xCDF1,
    0xCDD0, 0xD5F0, 0xD631, 0xD5F1, 0xCD90, 0xD5F0, 0xC54E, 0xC52D,
    0xB4CC, 0xAC2B, 0xB429, 0xA3A8, 0x9B26, 0xA368, 0x9B26, 0x8AA5,
    0x8286, 0x82A4, 0x79E1, 0x61C0, 0x5960, 0x4060, 0x51E0, 0x5260,
    0x5A40, 0x62E4, 0x6345, 0x6B06, 0x8325, 0x7AA3, 0x7345, 0x7345,
    0x83A6, 0x9425, 0x83C5, 0x8406, 0x83EB, 0x7BA7, 0x7C06, 0x7BC8,
    0x944B, 0xAD8F, 0xBE74, 0xAE53, 0xB694, 0xC6D4, 0xCF16, 0xD778,
    0xCF56, 0xD793, 0xF7DA, 0xEFFC, 0xE7FB, 0xEFDC, 0xCF5A, 0xD6FA,
    0xD6D7, 0xE71A, 0xDF5A, 0xCF15, 0xD757, 0xDF78, 0xDF57, 0xDEB6,
    0xD696, 0xD697, 0xD695, 0xCE32, 0xC610, 0xC630, 0xC5F0, 0xC5D0,
    0xD654, 0xCDD0, 0xCDD0, 0xD5F1, 0xD6D2, 0xDE53, 0xCDD1, 0xCE51,
    0xD5D0, 0xCD6F, 0xC5CF, 0xD611, 0xD571, 0xCDD1, 0xCDCF, 0xC54E,
    0xCD8E, 0xC52D, 0xBD4D, 0xBCED, 0xBD0D, 0xB44A, 0xAC09, 0xAC09,
    0xA387, 0x9B68, 0x9325, 0x9304, 0x82C4, 0x7201, 0x69A0, 0x5960,
    0x4020, 0x51E0, 0x5A21, 0x6282, 0x5AA1, 0x6AA3, 0x5AA5, 0x5AC4,
    0x7C29, 0x8B65, 0x83C6, 0x7BC7, 0x7BA5, 0x9C8A, 0x9D2B, 0x9CAB,
    0xB592, 0xADD0, 0x952C, 0x846A, 0x8CCC, 0x948C, 0x9469, 0x948B,
    0x7323, 0x93E7, 0x93E7, 0x7BAA, 0x9D72, 0xAD70, 0xADCE, 0x9570,
    0xBE35, 0xD7BC, 0xD7FE, 0xCF9C, 0xCF7A, 0xCF39, 0xD75B, 0xD759,
    0xD6F8, 0xDEF8, 0xD738, 0xDF39, 0xD6F7, 0xDED6, 0xDF17, 0xD6D5,
    0xCE73, 0xD654, 0xD633, 0xCE10, 0xCDF0, 0xD632, 0xDE54, 0xD5D1,
    0xCDCF, 0xD5F1, 0xC58F, 0xCDF0, 0xD5B1, 0xCD6F, 0xC54D, 0xBC8B,
    0xB4AB, 0xBCEC, 0xB4EB, 0xBCCC, 0xC4AD, 0xB4AB, 0xB46C, 0xAC2A,
    0xA3E9, 0xB44A, 0xB44A, 0xA3A7, 0xA3A8, 0x9326, 0x8AC5, 0x7A83,
    0x7221, 0x6180, 0x5960, 0x4820, 0x5200, 0x5A00, 0x5A81, 0x5A01,
    0x6325, 0x5B43, 0x7B28, 0x73A8, 0x6364, 0x8C49, 0x944A, 0x9CEC,
    0x848A, 0x8C6C, 0x83CA, 0x7B68, 0x7B6A, 0x7B4A, 0x73E8, 0x62A5,
    0x83CB, 0x84A9, 0x9C68, 0x9D2F, 0x8CF0, 0x9CEA, 0xA509, 0x94CC,
    0x6C2D, 0x93ED, 0xB4ED, 0xAD6C, 0xA468, 0x82A4, 0xACCD, 0xC5D1,
    0xB6D2, 0xBE15, 0xCE78, 0xD6D7, 0xD6F8, 0xE71A, 0xD6F6, 0xD6D6,
    0xDEF7, 0xDED7, 0xDED8, 0xDF39, 0xD6D6, 0xDEB7, 0xDE96, 0xDE95,
    0xDE73, 0xD673, 0xDE54, 0xD5F1, 0xCDB0, 0xD571, 0xD5F1, 0xCD90,
    0xCD2F, 0xC50E, 0xC52F, 0xC4EC, 0xC4CA, 0xB4C9, 0xC52D, 0xC4EE,
    0xB46A, 0xBC8B, 0xBC2B, 0xB44A, 0xA3A9, 0x9B46, 0x9B67, 0x9347,
    0x8AE5, 0x8AC5, 0x8AA6, 0x71C2, 0x69C0, 0x5920, 0x4020, 0x49A0,
    0x5220, 0x5AE1, 0x5A83, 0x6262, 0x52A4, 0x3AE1, 0x6A23, 0x6A44,
    0x6AA4, 0x6262, 0x6AC5, 0x7306, 0x8CEA, 0x6C06, 0x7329, 0x6324,
    0x7B87, 0x946C, 0x8CAD, 0x8C28, 0x83C9, 0x842B, 0x9487, 0x7D4B,
    0x9637, 0xA635, 0xB52D, 0xBDAE, 0xA5D2, 0xA552, 0xAD10, 0xCE77,
    0xD6D8, 0xC6B8, 0xABEA, 0xE480, 0xDDE0, 0xBD46, 0xCE32, 0xC672,
    0xCE74, 0xE6B8, 0xE6F7, 0xDF3A, 0xD75B, 0xD6D9, 0xD6D7, 0xD6F8,
    0xCED6, 0xD6D5, 0xDEB6, 0xDE95, 0xDE54, 0xDE74, 0xD632, 0xD611,
    0xCDD0, 0xC56D, 0xBD6D, 0xCD6E, 0xD571, 0xDDD3, 0xD5F0, 0xCCEF,
    0xC4ED, 0xCD6C, 0xBC8A, 0xBCAD, 0xB4A8, 0x9B64, 0xB448, 0x92E6,
    0x8A86, 0x92E4, 0x8B05, 0x82A4, 0x7A42, 0x7200, 0x71C0, 0x69A0,
    0x6180, 0x48A0, 0x5A20, 0x51E0, 0x50C0, 0x4AC3, 0x5AA3, 0x6A68,
    0x6265, 0x5B67, 0x5BC9, 0x6B28, 0x83A9, 0x744A, 0x7348, 0x7186,
    0x6B44, 0x7C46, 0x7B88, 0x7409, 0x6BA4, 0x7B67, 0x7C09, 0x7BC7,
    0x8C29, 0x7AE8, 0x83A4, 0x5A20, 0x4203, 0x842B, 0x942D, 0x9CCF,
    0xADF2, 0xB6D5, 0xBEB6, 0xC633, 0xC734, 0xAEB9, 0xAD77, 0xCDD5,
    0xC651, 0xDE95, 0xD657, 0xC6B2, 0xDF1B, 0xE73C, 0xDEB5, 0xE6B8,
    0xDF3A, 0xD718, 0xDF19, 0xDF3A, 0xE6F9, 0xD6B6, 0xD6B4, 0xD6B3,
    0xCE93, 0xBDCF, 0xC5AF, 0xB54C, 0xC52C, 0xBD0C, 0xBD0D, 0xBC69,
    0xB447, 0xBD0B, 0xC4EC, 0xBCAC, 0xC52B, 0xBD0B, 0xB42B, 0xB388,
    0x8B65, 0x9385, 0x8AA3, 0x8366, 0x8262, 0x7A20, 0x7220, 0x7A21,
    0x7200, 0x71E1, 0x61A0, 0x59C0, 0x4080, 0x5180, 0x5AC1, 0x6263,
    0x6242, 0x62C4, 0x5B46, 0x6B07, 0x6A85, 0x6BC9, 0x6C4A, 0x6286,
    0x6A87, 0x7C4B, 0x7BEB, 0x938B, 0x7C08, 0x94CA, 0x8C6B, 0x744C,
    0x9448, 0x8BC7, 0x748A, 0x8D2C, 0x94EE, 0xAD52, 0xD5D4, 0xA52F,
    0xAD91, 0x9CEF, 0x9CEE, 0xA48F, 0x8BCD, 0x742A, 0x940F, 0x8B6B,
    0xADCE, 0xCE55, 0xCE53, 0xC654, 0xBDD2, 0xCE95, 0xCEB6, 0xBE0A,
    0xCDAE, 0xE697, 0xD6F3, 0xEEF9, 0xD676, 0xD779, 0xC6F6, 0xD696,
    0xDE36, 0xDE76, 0xD692, 0xCE52, 0xCE52, 0xCE92, 0xCE52, 0xCE32,
    0xCDB0, 0xBD4E, 0xC56E, 0xC52E, 0xC4EE, 0xB4EC, 0xB4AB, 0xBCCB,
    0xBCEC, 0xB468, 0xB46A, 0xB409, 0xAC27, 0x9B47, 0x8B25, 0x8AC6,
    0x7A22, 0x8283, 0x8A64, 0x7A01, 0x69C0, 0x5A00, 0x5100, 0x3840,
    0x51E0, 0x59E0, 0x5AA2, 0x5A84, 0x6284, 0x6AA6, 0x6369, 0x6B08,
    0x62E5, 0x63A7, 0x848E, 0x838B, 0x7B45, 0x744A, 0x7C8E, 0x8C2C,
    0x8C69, 0x8C88, 0x9C8B, 0x8D0E, 0xB5B2, 0xB551, 0x9D71, 0xADB2,
    0xAE33, 0xB6B4, 0xAE32, 0xC695, 0xC675, 0xBE94, 0xBEB5, 0xBE33,
    0xBE14, 0x9E32, 0x9D92, 0xA551, 0x954E, 0xAD70, 0xA54D, 0xA54F,
    0xAD0D, 0xB572, 0x9DCE, 0xAD8D, 0xBD33, 0x94AD, 0xADCF, 0xD554,
    0xDE54, 0xC652, 0xBE32, 0xC635, 0xAE34, 0xC574, 0xD5D3, 0xDE33,
    0xCE53, 0xCE51, 0xCE32, 0xCE51, 0xCE31, 0xCDF1, 0xC5F0, 0xCDF1,
    0xD610, 0xD610, 0xCD8F, 0xC58E, 0xBD2E, 0xBD2D, 0xBCEC, 0xBCAC,
    0xAC29, 0x9B26, 0x82E5, 0x8243, 0x8201, 0x71E0, 0x7A21, 0x69A0,
    0x59C0, 0x5100, 0x3840, 0x5200, 0x6220, 0x5A60, 0x5AA3, 0x5B05,
    0x6306, 0x6328, 0x63A9, 0x6245, 0x7A86, 0x6367, 0x6B66, 0x7BEA,
    0x83CA, 0x7409, 0x844B, 0xA48E, 0x9511, 0xB632, 0x9CAF, 0x8CCD,
    0x9D2F, 0xAD93, 0xB653, 0xADD4, 0xAD33, 0xCE77, 0xAD92, 0xA592,
    0xB5D3, 0xCE56, 0xCF39, 0xD6F9, 0xE6F8, 0xD697, 0xB572, 0xBDF3,
    0xAD71, 0xAD70, 0xAD93, 0xA510, 0xAD4F, 0xAD93, 0xADAE, 0xB52D,
    0xAC4F, 0xAD8C, 0xACAD, 0xAC6D, 0xA56B, 0xB50E, 0xACEE, 0x9CEC,
    0x9CC9, 0xADAD, 0xCD6C, 0xCDB1, 0xBDD0, 0xBE31, 0xC590, 0xD652,
    0xCE10, 0xD610, 0xD611, 0xDE52, 0xD671, 0xD5CF, 0xD630, 0xC54F,
    0xCD8F, 0xBD0D, 0xB4CC, 0xAC69, 0x9B07, 0x8304, 0x82C2, 0x8283,
    0x7A21, 0x6200, 0x69C0, 0x51A0, 0x5940, 0x4040, 0x51E0, 0x5240,
    0x5A80, 0x5261, 0x52A2, 0x5AE5, 0x6285, 0x6AC6, 0x73CB, 0x7BCB,
    0x844A, 0x8D50, 0x7C8F, 0x94ED, 0x94A9, 0x84A9, 0x844B, 0x8CCC,
    0x7CAB, 0x856F, 0xA593, 0xA571, 0x9CEF, 0x8C4E, 0xA50E, 0x8C6C,
    0x83EC, 0x8CAE, 0x948F, 0x8C8F, 0x8C0A, 0x83C9, 0x8C4D, 0x7AEA,
    0x93CE, 0x8C70, 0x8D70, 0x854F, 0xB5D3, 0xA5B0, 0x9D91, 0xB5D2,
    0xAD4F, 0x9D2F, 0x9D2D, 0xAC90, 0xAC2A, 0x8C45, 0xA40D, 0x9BEA,
    0xACCD, 0xA3A8, 0xA2EA, 0xAC47, 0xA409, 0x8B84, 0x8BE5, 0xAC29,
    0xA4E9, 0xA48A, 0xB489, 0xB44A, 0xB4CD, 0xB4EC, 0xBCAD, 0xBCEC,
    0xBD2D, 0xC52D, 0xBCAD, 0xB44A, 0xB48B, 0xB48A, 0xAC48, 0x9AE5,
    0x9286, 0x8B24, 0x8282, 0x7A00, 0x7220, 0x71E0, 0x59C0, 0x59A0,
    0x4840, 0x5A41, 0x5220, 0x5A20, 0x5A61, 0x5A64, 0x62C5, 0x5B27,
    0x6389, 0x6B46, 0x6B28, 0x6286, 0x6B04, 0x7B87, 0x7B69, 0x840B,
    0x854C, 0x8449, 0x7BE8, 0x7B45, 0x7B88, 0x840A, 0x6BC6, 0x844B,
    0x8C8C, 0x83AD, 0x73CA, 0x846D, 0x946E, 0x944B, 0x83C9, 0x94AE,
    0xB571, 0xA5D2, 0xB616, 0xB552, 0x94EE, 0x9D70, 0x9D32, 0x7C0D,
    0xA52F, 0x94CB, 0x94CD, 0xA4AD, 0xA4AE, 0xAD50, 0xA4AC, 0xACB0,
    0xB5F2, 0xA4CD, 0xA40A, 0xACEF, 0x9C0A, 0x9C6A, 0xA4A9, 0x9B89,
    0xA46D, 0x9386, 0x9C07, 0xB52A, 0xA447, 0xABE7, 0xAC29, 0xB40C,
    0xBC89, 0xAC89, 0xAC28, 0xB448, 0xA3C5, 0xB428, 0xABC8, 0xBC49,
    0x9304, 0xB3E9, 0xA3C7, 0x92E5, 0xA3E8, 0x8AC4, 0x8203, 0x7A01,
    0x71E0, 0x61C0, 0x5980, 0x4040, 0x5160, 0x5A80, 0x5A20, 0x5280,
    0x5A82, 0x6281, 0x62A4, 0x6B28, 0x73CA, 0x7BA9, 0x7B6B, 0x7349,
    0x8428, 0x83A6, 0x7B04, 0x7C07, 0x83C7, 0x8C0B, 0x848B, 0x8BC8,
    0x6B87, 0x746C, 0x83EF, 0x9530, 0xA633, 0xACD0, 0x9D30, 0xA5B1,
    0xA635, 0xB677, 0xBE58, 0xAD74, 0xA573, 0x95D2, 0xA531, 0xADB3,
    0xB5F3, 0xBE12, 0xB614, 0xCE37, 0xD6B9, 0xCEDA, 0xBDD4, 0xAE12,
    0x9E33, 0xB611, 0xBE75, 0xCE55, 0xCDF3, 0xBDB2, 0xB511, 0xA3AB,
    0x8A25, 0x93A8, 0x8A46, 0x9B88, 0xACA9, 0x8BC5, 0xA4A9, 0xA488,
    0xB48A, 0xB4EE, 0xAC6B, 0xB44B, 0xB4CB, 0xB48A, 0xB429, 0xBCAD,
    0xAC68, 0xA346, 0xA326, 0x9AE4, 0xABE7, 0x9B47, 0x9346, 0x8B65,
    0x82C4, 0x8A83, 0x79E1, 0x69E0, 0x59C0, 0x5960, 0x4040, 0x5A80,
    0x5240, 0x59C0, 0x5220, 0x62C8, 0x5A66, 0x7345, 0x5AA5, 0x6307,
    0x73E9, 0x7C07, 0x7BEA, 0x7C26, 0x7C66, 0x83E8, 0x8409, 0x8447,
    0x946B, 0x8C4C, 0x94CF, 0x94B2, 0xA4F1, 0xB672, 0xB513, 0x9D32,
    0x7D50, 0x9CB0, 0x940F, 0x9D71, 0xAEB8, 0x9DF4, 0x9551, 0x9D0F,
    0x946F, 0x9CEF, 0xBD32, 0xADF4, 0xAD53, 0xC5B4, 0xA5F0, 0xAE11,
    0xA590, 0xB5B1, 0xC5F2, 0xAD70, 0xA511, 0xA50D, 0xBDB0, 0xD5D3,
    0xD615, 0xC613, 0xBDD1, 0xBD11, 0xA54F, 0x9DEE, 0x9C0B, 0xA487,
    0x9C44, 0x9C25, 0x9486, 0xA3A7, 0xAC28, 0xA4E8, 0xBCAD, 0xC4CE,
    0xC52E, 0xB44B, 0xB3A8, 0xB448, 0xB429, 0xABA7, 0xB3E8, 0xA3A6,
    0x9B06, 0x8A84, 0x8B04, 0x8B44, 0x8262, 0x7A01, 0x71C0, 0x59E0,
    0x5180, 0x4040, 0x5160, 0x51E0, 0x5200, 0x4980, 0x4A20, 0x5200,
    0x6AE5, 0x6B47, 0x6B07, 0x6AE4, 0x6B62, 0x7367, 0x7B48, 0x83E9,
    0x83CA, 0x7BAA, 0x8C6B, 0x8CEC, 0x844C, 0x83A9, 0x8BC9, 0x838B,
    0x7BEA, 0x7449, 0x83C9, 0x6B8A, 0x83E9, 0x7408, 0x6B84, 0x6961,
    0x72C2, 0x9C0B, 0x950B, 0x9C4E, 0x9D0F, 0x9CCC, 0x94A9, 0x952B,
    0xA48C, 0x9CEF, 0x9D0C, 0xA46A, 0x9C2A, 0x93E8, 0xAC6B, 0xACEE,
    0xA50F, 0xAD4F, 0xAD4C, 0xBD6E, 0xC5D1, 0xB5F1, 0xBDAF, 0xBCEE,
    0xA5B0, 0xBD52, 0xC54F, 0xB4CB, 0xBCEF, 0xBCEE, 0xB56E, 0xAD4D,
    0xC4CE, 0xC58E, 0xBD8D, 0xCD6E, 0xBCCD, 0xC40A, 0xB48A, 0xB4AA,
    0xB3E9, 0xA346, 0x9324, 0x9BE7, 0x92C6, 0x9305, 0x8B44, 0x7A01,
    0x71A0, 0x71E1, 0x61C0, 0x50E0, 0x4080, 0x5280, 0x52A0, 0x5A62,
    0x6223, 0x62E4, 0x62C5, 0x6227, 0x6B46, 0x7B89, 0x83C9, 0x8CAB,
    0x8449, 0x8C2C, 0x8428, 0x9D6A, 0x8D4E, 0x8CAB, 0x8C8B, 0x848D,
    0x958F, 0x956E, 0x7C0A, 0x8B4A, 0x846B, 0x6C2B, 0x8C2C, 0x9D0F,
    0x9C8C, 0xA5D0, 0xA6B8, 0x95D2, 0x9E32, 0x84EF, 0x94AB, 0x946B,
    0x946C, 0x946B, 0x9C89, 0x8BE9, 0x942C, 0x936A, 0x9C6B, 0x9C8E,
    0xA593, 0x9D2F, 0xBCF0, 0xBDB0, 0xB611, 0xBDD1, 0xCDD2, 0xCDF2,
    0xB54F, 0xCD90, 0xD673, 0xCEB3, 0xCE71, 0xD693, 0xE596, 0xD5F5,
    0xCDD0, 0xCDD0, 0xBDAF, 0xC570, 0xB4EC, 0xB4EC, 0xBCCD, 0xAC89,
    0xBC4C, 0xB44A, 0xA3E6, 0xAB88, 0xA387, 0xA387, 0x9366, 0x9B06,
    0x9325, 0x8AC4, 0x8223, 0x6A01, 0x61C0, 0x61E0, 0x5160, 0x3820,
    0x4920, 0x5220, 0x5A63, 0x5220, 0x62A4, 0x6305, 0x6B05, 0x62C3,
    0x6B46, 0x6AC8, 0x6A82, 0x6360, 0x73A2, 0x6B46, 0x7281, 0x7223,
    0x6306, 0x7389, 0x7287, 0x7B69, 0x7449, 0x748B, 0x74AE, 0x83A9,
    0x8368, 0x8C8B, 0x6324, 0x7AE6, 0x7367, 0x6A05, 0x71C5, 0x72E5,
    0x7AC8, 0x8C2C, 0x7B04, 0x73A5, 0x844A, 0x8427, 0x94A9, 0x93C9,
    0x938A, 0xA50C, 0x8448, 0x844A, 0x8CCA, 0xB4F0, 0xAD6F, 0xB611,
    0xBDF2, 0xBDD2, 0xC5F1, 0xCE54, 0xCD72, 0xBDF1, 0xD6F5, 0xD6B3,
    0xCEF2, 0xD6B3, 0xC631, 0xBE11, 0xCDEF, 0xDE51, 0xD632, 0xCD70,
    0xB54C, 0xBD09, 0xACE8, 0x92C3, 0xAB65, 0xAC48, 0xB40A, 0xA327,
    0xABA7, 0x9BC7, 0x9B68, 0x8AA4, 0x8221, 0x79E0, 0x79E1, 0x71A0,
    0x6220, 0x5960, 0x4040, 0x49A0, 0x5240, 0x5241, 0x4A21, 0x5A61,
    0x5A83, 0x5A43, 0x6263, 0x62C5, 0x5A42, 0x5B64, 0x72C9, 0x6201,
    0x4B65, 0x6B67, 0x8388, 0x742C, 0x842C, 0x846C, 0x8BCB, 0x948C,
    0x9C6F, 0x846E, 0x9D51, 0x8BEB, 0x83AB, 0x8CEF, 0x842C, 0x9C8E,
    0xA4EF, 0x9493, 0x9D33, 0x9530, 0x840B, 0xA44E, 0xA54E, 0x9CCD,
    0xAD2F, 0xB5B2, 0xACF1, 0xAE0F, 0xBDD5, 0xC5B4, 0xC5F3, 0xBD90,
    0xB590, 0xBD70, 0xB58F, 0xB5D0, 0xCE13, 0xDE98, 0xC5D1, 0xD653,
    0xCE54, 0xBE10, 0xDEB4, 0xD6D2, 0xDF13, 0xCE92, 0xCE53, 0xD610,
    0xCDEE, 0xCDCF, 0xBCAD, 0xBD4D, 0xC549, 0xACE9, 0xBCAD, 0xABE7,
    0xA3C7, 0xABE7, 0x9B28, 0x92E4, 0x9B23, 0x7A42, 0x8281, 0x7240,
    0x7240, 0x71A0, 0x69E0, 0x5A00, 0x50A0, 0x40A0, 0x5200, 0x5220,
    0x5260, 0x5A84, 0x5A41, 0x5A43, 0x5AC5, 0x5B04, 0x7368, 0x7B87,
    0x8409, 0x842C, 0x850E, 0x952F, 0x94D1, 0x84ED, 0x7C0B, 0x948A,
    0x8D0C, 0x9C8F, 0x9530, 0xC677, 0xD71C, 0xA639, 0xB699, 0xBDB4,
    0xA655, 0xAEB9, 0xA617, 0xB6B6, 0xA634, 0x9571, 0xAE13, 0xADF5,
    0xB5D7, 0xADB3, 0xCF59, 0xBE14, 0xB5EE, 0xBDB0, 0xC632, 0x9569,
    0xC54E, 0xC5D3, 0xBDD3, 0xCE16, 0xC653, 0xCE75, 0xBDF3, 0xDEB6,
    0xCE74, 0xCE51, 0xD6B4, 0xD675, 0xD631, 0xDE72, 0xD6B3, 0xD6B3,
    0xDEB3, 0xD694, 0xD610, 0xD630, 0xD5F1, 0xABEC, 0xAC8B, 0xBD47,
    0xAB66, 0xABC8, 0xAB88, 0xABA6, 0x72C0, 0x82C1, 0x8A81, 0x8A80,
    0x7A60, 0x7A41, 0x6A00, 0x6A40, 0x6200, 0x61C0, 0x6A60, 0x5120,
    0x3860, 0x5220, 0x5A42, 0x5A60, 0x5A83, 0x62C3, 0x7326, 0x7328,
    0x7B6B, 0x73A9, 0x7BEC, 0x7BEA, 0x7BC4, 0x958E, 0xA610, 0x946E,
    0x8C8B, 0x8C8B, 0x63E6, 0x7406, 0x9C4C, 0x94B0, 0x94F0, 0x7CAD,
    0x848E, 0x8C8E, 0x94EF, 0x846C, 0x9D0E, 0xADB2, 0xBDF5, 0xA5B5,
    0x9659, 0xA657, 0xC617, 0xCE76, 0xB591, 0xA52F, 0x9CAB, 0xB5F1,
    0xBDF1, 0xC613, 0xB651, 0xCED5, 0xCE35, 0xDEF7, 0xC673, 0xCE73,
    0xC612, 0xCE12, 0xBDAF, 0xA4EA, 0xB50D, 0x8385, 0x9341, 0xDE70,
    0xCD2B, 0xBD8C, 0xCF54, 0xD690, 0xBE10, 0xC610, 0xBD8E, 0xCD91,
    0xDDB3, 0xCD2F, 0xCD0F, 0xBCAC, 0xA489, 0x8A82, 0xA344, 0xA346,
    0x9B86, 0x8283, 0x8AC2, 0x82C0, 0x71C1, 0x7A02, 0x7200, 0x61E0,
    0x61E0, 0x51A0, 0x4860, 0x3860, 0x4A20, 0x5241, 0x5242, 0x62A5,
    0x62C7, 0x6327, 0x6325, 0x7383, 0x6AE4, 0x7346, 0x8429, 0x7BA8,
    0x59E4, 0x6366, 0x7BAB, 0x94EE, 0x8CCD, 0xAD53, 0xAD90, 0x9469,
    0x8C8C, 0x8C6D, 0xA34B, 0x8C0B, 0x746B, 0x940B, 0xC533, 0xAE14,
    0xAC6F, 0xC554, 0xBD10, 0xA42D, 0x82E5, 0x848B, 0x844B, 0x94CB,
    0xAD31, 0xA56F, 0xB5B1, 0xB551, 0xACD0, 0xCE56, 0xBE75, 0xBDD2,
    0xBE52, 0xB5B1, 0xCE96, 0xC612, 0xC631, 0xCDD3, 0xCDF4, 0xBD4F,
    0xCDD4, 0xCDD5, 0xC64E, 0xDEF0, 0xE6D4, 0xD612, 0xD60D, 0xD62E,
    0xC551, 0xD5D2, 0xC4CD, 0xB4EB, 0xC50F, 0xCC4D, 0xBCA9, 0x94A8,
    0xA386, 0x9AE2, 0x8AE1, 0x8B23, 0x8A83, 0x82E1, 0x8B43, 0x8A63,
    0x7260, 0x71E0, 0x69E0, 0x59C0, 0x5920, 0x4840, 0x38C0, 0x4A00,
    0x5A41, 0x5AA2, 0x62A3, 0x59C5, 0x5243, 0x6284, 0x6B24, 0x73A8,
    0x7366, 0x8328, 0x8C4C, 0x948E, 0x744A, 0x5B82, 0x7405, 0x7346,
    0x7367, 0x7C2A, 0x848C, 0x6BE8, 0x6BEA, 0x8B6A, 0x6B27, 0x8571,
    0x9C8F, 0x7C09, 0x8329, 0x3A03, 0x32E2, 0x72C2, 0x73E7, 0xADB0,
    0xB639, 0xBD54, 0xACEF, 0xAE53, 0x9C4E, 0xB4EF, 0xA550, 0xB612,
    0xACCE, 0xBD50, 0xBE73, 0xBDD3, 0xDF19, 0xC6F6, 0xC654, 0xD735,
    0xAD72, 0x952F, 0xAD4F, 0xACCD, 0x8C8B, 0xA3EE, 0xA3AB, 0xACAD,
    0xBDD0, 0xC5D2, 0xCDD1, 0xCDD0, 0xC5AE, 0xBC6E, 0xAC29, 0x9B61,
    0x8341, 0xABE7, 0xA3E5, 0xA3C6, 0x9B05, 0x9B64, 0x9B85, 0x8224,
    0x8AA5, 0x9385, 0x8A85, 0x7A61, 0x7A21, 0x7221, 0x61E0, 0x5940,
    0x4820, 0x38A0, 0x5200, 0x5A60, 0x5A63, 0x6A21, 0x6A85, 0x7345,
    0x6325, 0x6AA4, 0x62C6, 0x8489, 0x6CC8, 0x6B66, 0x842B, 0x9CAC,
    0xA5B4, 0x844D, 0x9572, 0x950E, 0x8CCF, 0x8C70, 0xAD53, 0x8C90,
    0x5C8F, 0x8556, 0x834A, 0x7B66, 0x3AA2, 0x7A24, 0xA4AE, 0xA631,
    0x9DAF, 0x7C4A, 0x7C06, 0x5C28, 0x5325, 0x6A82, 0x5B00, 0x7A24,
    0x8B27, 0x7B26, 0x8304, 0x9BEB, 0x83C7, 0x94AB, 0xA4EE, 0xA52D,
    0xB56E, 0xAD0F, 0xB60F, 0xC610, 0xC5B0, 0xA48A, 0x8B85, 0x8346,
    0xA388, 0xACCC, 0xB50D, 0xBD4E, 0xBD70, 0xB50F, 0xAC2C, 0x9C03,
    0xA3CA, 0xB489, 0xAC46, 0xBC2D, 0xAB24, 0x9242, 0x9BC6, 0x9300,
    0x8AC0, 0x8AE3, 0x8A43, 0x8221, 0x6A80, 0x79C0, 0x79E1, 0x6200,
    0x61C0, 0x59A0, 0x51E0, 0x48A0, 0x3820, 0x5220, 0x5A61, 0x6284,
    0x5AA4, 0x5A84, 0x62C5, 0x62E6, 0x6B25, 0x6AE6, 0x7345, 0x742B,
    0x9C29, 0x8CEF, 0x7C69, 0x8C8D, 0x944D, 0x94AE, 0x9CAC, 0x9CD0,
    0x842D, 0x946C, 0xA4EE, 0xACCF, 0x9CCE, 0x836B, 0xA4F2, 0xC6FB,
    0xAD55, 0x7BCE, 0x7BEB, 0x5222, 0x5A60, 0x5A60, 0x41C0, 0x4A80,
    0x9449, 0x5AA1, 0x7323, 0x9C6A, 0x9C2C, 0x9C6D, 0xBD92, 0xCE14,
    0xC5F3, 0xACEE, 0xACEF, 0xB48F, 0xC5D2, 0x93EA, 0x6860, 0x8BC8,
    0x9BE9, 0xB46B, 0xB48D, 0xBD2B, 0xAD8D, 0xAD0D, 0xBD6A, 0xACE7,
    0xAC8B, 0xC510, 0xC54D, 0xA42A, 0xBC49, 0xBD0B, 0xABC9, 0xA2A7,
    0x9AA7, 0x9B44, 0x9B66, 0x9B47, 0x8AA3, 0x8224, 0x8264, 0x71A0,
    0x71C3, 0x8225, 0x69E1, 0x6A00, 0x59C0, 0x5960, 0x58C0, 0x4060,
    0x5A20, 0x5A42, 0x6285, 0x6B89, 0x73CB, 0x7388, 0x7BC8, 0x84EF,
    0x746B, 0x844A, 0x8C4B, 0x8CEB, 0x8D4F, 0x954E, 0xA512, 0x95B3,
    0x9D92, 0xB5F5, 0x9D93, 0xAE74, 0xB676, 0xA5B3, 0x8C4E, 0x9612,
    0x9637, 0x94F0, 0x7429, 0x846A, 0x83EB, 0x7BAB, 0x8CAE, 0xB5F6,
    0x9CD0, 0xB574, 0xB551, 0xAD2F, 0xBDF4, 0xD6B7, 0xA4ED, 0x9C6B,
    0xA44A, 0x9C0A, 0x8285, 0x7B85, 0x9C8C, 0xB4EE, 0x8C89, 0x5C06,
    0x8B8E, 0x9267, 0x848A, 0x8C28, 0xBD2E, 0xAC70, 0xB4CF, 0xBE10,
    0xB570, 0xB48E, 0xCD72, 0xBD4F, 0xB48C, 0xB4EB, 0xB46D, 0xB46A,
    0x9443, 0x8B42, 0xA2C6, 0x9B67, 0x9B84, 0x9262, 0x8AE3, 0x7A63,
    0x8285, 0x8264, 0x71A1, 0x69A0, 0x69E0, 0x69C0, 0x51C0, 0x7A21,
    0x40C0, 0x4880, 0x3820, 0x5220, 0x5A41, 0x62C6, 0x6B07, 0x6B07,
    0x6B87, 0x73A9, 0x7BA9, 0x8C49, 0x944C, 0x9CEA, 0x84AD, 0x8C6E,
    0x83E9, 0x7C0B, 0x73E8, 0x73C8, 0x52C4, 0x4180, 0x7AE5, 0x5364,
    0x7408, 0x8BEA, 0x8B89, 0x846A, 0x9D92, 0xADD3, 0xB652, 0x9ED5,
    0xCF39, 0xC6D5, 0xBE15, 0xAD50, 0xBDF2, 0xAD71, 0x954F, 0x73A4,
    0x7C04, 0x844A, 0x9C8D, 0xA4AB, 0xBD4D, 0xCDD4, 0xC614, 0xCDF4,
    0xB5B0, 0xC5F2, 0xE5B4, 0xCD91, 0xBDAF, 0xC571, 0xCDD2, 0xBD4D,
    0xC58F, 0xCE33, 0xDE95, 0xDE72, 0xCE34, 0xB4EC, 0xC56F, 0xCD4E,
    0xC56E, 0xCD51, 0xC50F, 0xBC4C, 0xC4CD, 0xACA7, 0xA367, 0xA365,
    0xA344, 0x9325, 0x8AA4, 0x82A4, 0x7A61, 0x7A02, 0x79E1, 0x79E1,
    0x79C1, 0x5A00, 0x7A41, 0x4900, 0x50E0, 0x4860, 0x5A40, 0x5A61,
    0x5AA3, 0x4A40, 0x52A4, 0x7368, 0x7327, 0x6346, 0x5B66, 0x5329,
    0x5BEA, 0x7BCA, 0x840B, 0x7C6C, 0x7C0A, 0x8B28, 0x7C2A, 0x9DAF,
    0xA4CD, 0x93AC, 0x8C6C, 0x8BE9, 0x8C6A, 0x8CCB, 0x94EA, 0x7A66,
    0x8BAB, 0x946C, 0x93EB, 0x942B, 0x846B, 0x9CEE, 0xA54F, 0x9CCC,
    0x9CCE, 0xB5F3, 0xC676, 0xC677, 0xBDB5, 0xC616, 0xCE99, 0xD679,
    0xCEB6, 0xB5F2, 0xBD10, 0xADD2, 0xA551, 0xA590, 0xB5F3, 0xCDF5,
    0xCDF4, 0xCE54, 0xD759, 0xF7DF, 0xDE95, 0xDEB6, 0xD6B3, 0xE77A,
    0xD693, 0xC54F, 0xCD31, 0xC50E, 0xBCCB, 0xCD2E, 0xC4ED, 0xC50D,
    0xBCEA, 0xB408, 0xAB87, 0xAC0A, 0xB48B, 0xB44A, 0xABA9, 0xA348,
    0x92E6, 0x8284, 0x7A23, 0x71C0, 0x59E0, 0x59A0, 0x5180, 0x50E0,
    0x4040, 0x5240, 0x5A81, 0x62E5, 0x6B88, 0x6B89, 0x6A85, 0x6B05,
    0x73A8, 0x83CB, 0x9426, 0x846C, 0x94AC, 0x8CAB, 0x9510, 0x9CEE,
    0x8CB0, 0x7CAF, 0x8B6E, 0x7B8A, 0x7D0D, 0x8429, 0x940A, 0xA4AD,
    0x8CAC, 0x8BC9, 0x9CAE, 0x9D0D, 0x9C8D, 0x9CEF, 0xB592, 0xBDF5,
    0xC675, 0xC676, 0xD6B7, 0xD6B8, 0xD6D8, 0xDEB7, 0xC634, 0xCE76,
    0xCE55, 0xC5D2, 0xC5B1, 0xCE35, 0xC5D3, 0xCDF3, 0xCE74, 0xC655,
    0xE77C, 0xDFB9, 0xDEB6, 0xE698, 0xE697, 0xCE32, 0xBDCE, 0xCE72,
    0xE6B4, 0xEEB6, 0xDEB3, 0xE734, 0xE6B5, 0xD5B2, 0xD592, 0xC52D,
    0xC50C, 0xCD2D, 0xC4EB, 0xACE8, 0xB489, 0xBC8C, 0xC54D, 0xC54D,
    0xBCCC, 0xAC29, 0xA3A7, 0x9B67, 0x8AE5, 0x71E1, 0x71E0, 0x61E0,
    0x59C0, 0x5180, 0x48A0, 0x3880, 0x5240, 0x6281, 0x5B03, 0x6306,
    0x6AE7, 0x6AE5, 0x73EA, 0x7BAB, 0x8469, 0x8C8A, 0x8C4C, 0x7BCA,
    0x7B68, 0x840A, 0x8C2B, 0x836A, 0x8CAB, 0x7327, 0x6B06, 0x7C2B,
    0x848D, 0x8CCC, 0x8C8B, 0x844B, 0x9C49, 0x8C29, 0x9D0F, 0xA652,
    0xA571, 0xA550, 0x9D6E, 0xB5D2, 0xADD1, 0xB5F1, 0xB654, 0xA5D3,
    0xBE74, 0xBE95, 0xC6B6, 0xD6D9, 0xCF5A, 0xDF7C, 0xD676, 0xD656,
    0xDE15, 0xDEB8, 0xE6F7, 0xB5EF, 0xC611, 0xC5D1, 0xACCD, 0xA42C,
    0xBC4F, 0xDE53, 0xB5F2, 0xBE31, 0xB56D, 0xBD31, 0xCD91, 0xCDB0,
    0xCD4E, 0xC54F, 0xDDD3, 0xD590, 0xC52E, 0xC4CC, 0xB4CB, 0xBCED,
    0xBCAD, 0xBC8B, 0xB46B, 0xAC09, 0xABE8, 0xABE8, 0x9346, 0x8B04,
    0x8222, 0x6A00, 0x61C0, 0x59E0, 0x5120, 0x4880, 0x3880, 0x5A20,
    0x6261, 0x5AA2, 0x5A84, 0x6AA5, 0x6B26, 0x6B48, 0x7325, 0x6B64,
    0x7BC8, 0x73C7, 0x7C49, 0x8CCD, 0x94CD, 0x94CE, 0x8CAE, 0x9CF1,
    0xA531, 0xA5D4, 0xA50E, 0x94EE, 0x946D, 0x9CCE, 0xAD30, 0xA611,
    0x9D2E, 0xA4CA, 0x8CEB, 0x9CF0, 0x8449, 0x9449, 0x946C, 0x8C89,
    0xB5B2, 0xCE57, 0xE75B, 0xCE76, 0xBE15, 0xC613, 0xB654, 0xBE75,
    0xBDF4, 0xB5F3, 0xC5B2, 0x9D2C, 0x952A, 0xBDCE, 0xACED, 0xACAD,
    0xB550, 0xB4EF, 0xB550, 0x8C87, 0xAC49, 0x9C88, 0x6461, 0x9CAA,
    0xB52B, 0xAC84, 0xBD2D, 0xC56F, 0xCD4E, 0xC54F, 0xC56E, 0xCD4D,
    0xCD2E, 0xC56E, 0xBCCC, 0xB409, 0xAC27, 0x9BA6, 0x9347, 0x9326,
    0x8AE4, 0x9305, 0x82A3, 0x8241, 0x6A20, 0x5A00, 0x59C0, 0x50A0,
    0x4060, 0x3860, 0x5220, 0x5A60, 0x5A61, 0x6283, 0x5A84, 0x6306,
    0x7326, 0x83C7, 0x8C49, 0x8C6B, 0xA4CF, 0xA4EE, 0x94AC, 0x948C,
    0x9C6F, 0x94D0, 0x8C6E, 0x8C8B, 0x8C8D, 0x9D10, 0x9510, 0xA5B3,
    0xA4EF, 0x8CCD, 0x84CD, 0xA4EE, 0x9D2F, 0x9D10, 0xA52F, 0xBE35,
    0xD6D9, 0xCEFA, 0xEFFF, 0xBDB2, 0x952E, 0x5444, 0x7CA7, 0xB5D1,
    0xACAF, 0xAD4F, 0xB4AC, 0x9C47, 0x9CCB, 0xC52E, 0xBD6F, 0x94E8,
    0x9CEC, 0xB4D1, 0xA4CE, 0xACEE, 0xB52C, 0xA5CD, 0xAD4C, 0xACAB,
    0x94E8, 0x8D46, 0xA447, 0xA344, 0xB4EB, 0xAD0C, 0xC58F, 0xCD90,
    0xDE12, 0xC54E, 0xCD6F, 0xC4ED, 0xAC2B, 0xABA8, 0xA366, 0x8B83,
    0x8AC2, 0x9323, 0x8B01, 0x8AE3, 0x8AA2, 0x7A40, 0x6A00, 0x69E0,
    0x79A0, 0x50C0, 0x50A0, 0x50C0, 0x3820, 0x4A00, 0x5A60, 0x5A42,
    0x6263, 0x6B69, 0x73CB, 0x7369, 0x7B6B, 0x7BC9, 0x8C4B, 0x8409,
    0x8468, 0x94EC, 0x9E0F, 0x8E0F, 0xB6B5, 0xA5CF, 0xA511, 0x9D11,
    0x9D4E, 0x94ED, 0x94CD, 0x9CCD, 0x9D50, 0xA551, 0xAD10, 0xAD92,
    0xCE77, 0xBE14, 0xBDD3, 0xBE16, 0xA593, 0xA4EE, 0xA54F, 0xB694,
    0xCE94, 0xDEF5, 0xA651, 0xB512, 0xBD70, 0xAD4F, 0xB633, 0xB58E,
    0xAC09, 0xB551, 0x952F, 0x94AF, 0xABE9, 0x93C8, 0x9BA6, 0x9BE6,
    0x7C46, 0x8AC5, 0x9B89, 0x8BE4, 0xA408, 0x9BC6, 0x9B27, 0xBD4F,
    0xB52B, 0xBCCD, 0xAC6A, 0xB50A, 0x9C46, 0x9B43, 0x9BC4, 0x9B84,
    0x9B64, 0xA367, 0x8B62, 0x8B02, 0x9301, 0x9303, 0x8AE3, 0x8281,
    0x7A41, 0x7A40, 0x6A20, 0x59C0, 0x5160, 0x5080, 0x4060, 0x3880,
    0x5A60, 0x62A4, 0x62C6, 0x5B05, 0x6348, 0x72C7, 0x6B47, 0x842A,
    0x842A, 0x83C8, 0x8CAD, 0x94AF, 0x8BAA, 0x7C0C, 0x83CB, 0x7B47,
    0x6425, 0x6CCC, 0x8D0B, 0x8CCC, 0x8C6C, 0x948B, 0x948B, 0xA4EF,
    0x950D, 0x950D, 0x9CEE, 0xA4EE, 0x9D4D, 0xA56F, 0x8C4A, 0x846D,
    0x9D0E, 0x9D50, 0x9D4F, 0xA4ED, 0xA44C, 0x92C4, 0x8B88, 0x9465,
    0x9BE7, 0x73A4, 0x8385, 0x7B83, 0x5360, 0x5B81, 0x6322, 0x7AC2,
    0x7286, 0x8A25, 0x83E6, 0x8BA9, 0x8AC4, 0x8B85, 0x8363, 0x62E0,
    0x8AA3, 0xA3C5, 0x8AE2, 0x8B21, 0xA385, 0x9325, 0x8B21, 0xA3A4,
    0xA2A4, 0x9B85, 0xAC45, 0x9B81, 0x9324, 0x8AE2, 0x9B85, 0x9385,
    0x9323, 0x82E1, 0x8B00, 0x8261, 0x8240, 0x7A00, 0x69A0, 0x61A0,
    0x5160, 0x50A0, 0x3880, 0x5220, 0x5A60, 0x5A40, 0x5A00, 0x6284,
    0x6386, 0x6B48, 0x62C5, 0x6B26, 0x73A9, 0x7BA8, 0x6B43, 0x73C3,
    0x7344, 0x4963, 0x59C5, 0x7285, 0x5983, 0x58C0, 0x51A6, 0x73A5,
    0x8428, 0x83C9, 0x83EA, 0x8C28, 0x944A, 0x940A, 0x8C29, 0x8C08,
    0x93CB, 0x9CCD, 0x9D0E, 0x950E, 0x8C8E, 0x7C6B, 0x72E5, 0x6B26,
    0x94EB, 0x83E9, 0x9B46, 0x8BA6, 0x946A, 0xA42C, 0x8C69, 0xA387,
    0xAC49, 0xA409, 0x8C28, 0x8448, 0x9407, 0x7C26, 0x9386, 0xA448,
    0x9C88, 0xB50A, 0xB4EB, 0x9B67, 0x82A5, 0x9BE9, 0x9C05, 0xACAC,
    0xA3C9, 0xAC45, 0xAB84, 0xA344, 0x9B44, 0xA365, 0xA386, 0x9B86,
    0xA386, 0x9344, 0x8B23, 0x92E4, 0x9324, 0x7AE1, 0x7A21, 0x8261,
    0x7A00, 0x6180, 0x51A0, 0x5160, 0x58C0, 0x3800, 0x49E0, 0x4A00,
    0x5A61, 0x5B63, 0x4AC0, 0x6282, 0x6AA6, 0x6B28, 0x6B47, 0x6B26,
    0x6B29, 0x7306, 0x73A8, 0x7BE8, 0x7BE5, 0x7425, 0x7BE5, 0x83E9,
    0x948A, 0x844A, 0x8CA9, 0x83C8, 0x7B67, 0x8409, 0x8C89, 0x8C6A,
    0x844A, 0x9CAC, 0x8C8A, 0x8CAD, 0x8C6C, 0x944C, 0x9D2F, 0xAD91,
    0xBDD3, 0xA4EE, 0x9CA8, 0x948A, 0x8CCA, 0xAD8F, 0x958D, 0xA4CD,
    0x9CCC, 0xA56E, 0x9C0A, 0x948A, 0x9C4A, 0xB488, 0xBC88, 0x9CA8,
    0xACCB, 0xAC28, 0xB46A, 0x9427, 0x9C05, 0xB4EA, 0xB48B, 0xB46A,
    0xACE9, 0xA448, 0x9B87, 0x9B85, 0xB428, 0xB3E8, 0xB468, 0xA366,
    0xABE7, 0xABE9, 0x9B86, 0xA386, 0x9344, 0x9345, 0x92C3, 0x8B02,
    0x82E3, 0x8241, 0x8241, 0x71E0, 0x7180, 0x59C0, 0x5100, 0x50A0,
    0x4060, 0x5220, 0x6261, 0x5A62, 0x5284, 0x59C4, 0x6285, 0x5AC4,
    0x5AA4, 0x6B08, 0x7348, 0x7366, 0x7BE8, 0x7B87, 0x7B88, 0x7BC9,
    0x840A, 0x8429, 0x840A, 0x7BEA, 0x94CC, 0x948D, 0x8C6C, 0x944C,
    0x94AB, 0x844A, 0x942A, 0xA46B, 0x9C8B, 0x950D, 0xBD91, 0xA50E,
    0x9CCF, 0xAD52, 0xB552, 0x8BEA, 0x948C, 0x9CEB, 0x94CB, 0x9CAB,
    0x9D0C, 0xA4EB, 0xA3AC, 0x8B87, 0xA3C8, 0x8C25, 0x8CA6, 0x9CEA,
    0xACEA, 0xA4A9, 0xA48A, 0xACAA, 0x9C47, 0xA4A9, 0xB52C, 0xB46A,
    0xB48A, 0xBC4C, 0xB4CD, 0xA507, 0xA3E8, 0x9B88, 0xA426, 0xA3E5,
    0xA406, 0xA406, 0xABC7, 0xAC27, 0xAC67, 0xA366, 0x9B24, 0x9B46,
    0x9344, 0x9B25, 0x8342, 0x8A83, 0x8283, 0x7A20, 0x7200, 0x71A0,
    0x61A0, 0x5140, 0x48A0, 0x3820, 0x51E0, 0x5260, 0x5AA0, 0x7282,
    0x62E6, 0x6B85, 0x7327, 0x6AA6, 0x7B89, 0x846B, 0x946D, 0x9CB0,
    0x7B2A, 0x844A, 0x9CED, 0x8C0C, 0x7BE9, 0x840B, 0x840B, 0x7BE8,
    0x8347, 0x8C29, 0x94CC, 0x9CCB, 0xA4EF, 0x9D50, 0x9D0D, 0x8D2D,
    0x8CCF, 0x9468, 0x8CC6, 0x9CEE, 0x9BEF, 0x8C4A, 0x7448, 0x8C68,
    0xA52C, 0xAD2E, 0xACEF, 0xA4ED, 0xAC6B, 0xA4ED, 0x93E6, 0xABEC,
    0xAD6F, 0xAD6F, 0xA4CA, 0xC54D, 0xAD2C, 0xB52D, 0xB52D, 0xC590,
    0xB50D, 0xAD0D, 0xB54E, 0xBD6F, 0xC50E, 0xBD8E, 0xC5CF, 0xC590,
    0xC56F, 0xBD0D, 0xAC07, 0xB409, 0xA348, 0xABC7, 0xAC69, 0xA387,
    0x9B87, 0xA407, 0x9B46, 0x9345, 0x9B45, 0xA3E7, 0x8263, 0x8241,
    0x8261, 0x7A20, 0x71E0, 0x69C0, 0x5120, 0x48A0, 0x30C0, 0x5220,
    0x5A80, 0x6282, 0x5AA4, 0x5344, 0x5A85, 0x7308, 0x6C07, 0x7428,
    0x6AA6, 0x836B, 0x8D2C, 0x8D6E, 0x842D, 0x9CEF, 0x8D10, 0xAE15,
    0xB636, 0xADD4, 0x9CF1, 0xB5F4, 0xB614, 0xAE33, 0x9D90, 0xA54F,
    0x95B0, 0x9D90, 0xA592, 0xB572, 0xA590, 0x9CF0, 0xCE56, 0xCF38,
    0xBE95, 0xDEB7, 0xCEB6, 0xBE14, 0xD655, 0xCED5, 0xD6F5, 0xD6D6,
    0xD6D6, 0xDF16, 0xD715, 0xC651, 0xD654, 0xE6B6, 0xDE94, 0xCE32,
    0xD694, 0xDE94, 0xD673, 0xD652, 0xD672, 0xCE31, 0xD5F1, 0xCE11,
    0xCE11, 0xD5B1, 0xCDB1, 0xC56E, 0xBD2D, 0xBCEF, 0xBC2C, 0xB46A,
    0xB42A, 0xA3A6, 0xABA8, 0x9B04, 0x9304, 0x9344, 0xAB48, 0x8AE2,
    0x82C1, 0x7A23, 0x8A62, 0x7201, 0x71E1, 0x69C0, 0x61A0, 0x51C0,
    0x48A0, 0x3880, 0x5A40, 0x62A3, 0x6286, 0x6347, 0x7329, 0x83CA,
    0x8D4C, 0x7BCA, 0x944C, 0x9D0F, 0x9D70, 0x84EA, 0xBDD1, 0xC5F4,
    0xA5B4, 0xB655, 0xBE15, 0xAE34, 0x9E12, 0xA5B2, 0xADD1, 0xAE12,
    0xB611, 0xBE75, 0x9D70, 0x9D70, 0xB591, 0xB5F3, 0xB653, 0xC718,
    0xDF7B, 0xCEB7, 0xC6D6, 0xDF79, 0xC6D7, 0xDF5A, 0xD6D7, 0xC6D7,
    0xCEF6, 0xDEF9, 0xDED9, 0xD718, 0xD779, 0xDF58, 0xDEF8, 0xE739,
    0xDED4, 0xD653, 0xCE94, 0xCE11, 0xC5F0, 0xCE0F, 0xCE11, 0xC5AF,
    0xBD6D, 0xBD4F, 0xB52D, 0xB4CA, 0xAD0C, 0xACAB, 0xBCAD, 0xAC8B,
    0xB52A, 0xB448, 0xA447, 0xAC48, 0x9B65, 0xABC8, 0x9321, 0x9B05,
    0x8A64, 0x8282, 0x9BA5, 0x8AE5, 0x71A0, 0x8263, 0x5980, 0x7A23,
    0x59C0, 0x59A0, 0x59E0, 0x4880, 0x3880, 0x5200, 0x5A82, 0x5B23,
    0x6B65, 0x83A9, 0x8C0B, 0x8BED, 0x8C4E, 0x9D4E, 0x958F, 0x9D91,
    0x9D50, 0xA5F1, 0xAE32, 0xA531, 0xADB2, 0x9D72, 0x9510, 0x9DB3,
    0xB5D5, 0xA590, 0xA5F3, 0xA592, 0xAD91, 0xC757, 0xEFFD, 0xE75A,
    0xCFBA, 0xBEB6, 0xCF17, 0xCF17, 0xCED7, 0xD6F9, 0xC676, 0xBE55,
    0xB5D3, 0xADF3, 0xB5F2, 0xA4EE, 0xBDB2, 0xC673, 0x95CD, 0x9D0A,
    0x9BC7, 0x9CEB, 0xADCB, 0xAC69, 0xACCE, 0xAD2C, 0xBDAE, 0xCE14,
    0xC5B1, 0xB52C, 0xB610, 0xBDD3, 0xBD0E, 0xB4CC, 0xAD2A, 0xBCCF,
    0xB48C, 0xBC8D, 0xB4CD, 0xB4AC, 0x9C68, 0xAD2A, 0xA3E7, 0x8B21,
    0xABC6, 0xA3A7, 0x9B66, 0x9B86, 0x9B26, 0x8AC5, 0x8AA6, 0x8242,
    0x8263, 0x7221, 0x7220, 0x61A0, 0x59C0, 0x59C0, 0x50A0, 0x38E0,
    0x5A60, 0x5AA0, 0x5A41, 0x6263, 0x6B04, 0x6B68, 0x7346, 0x8448,
    0x83C8, 0x83CB, 0x946B, 0x8CAB, 0x842C, 0x8C2C, 0x94F0, 0x73EA,
    0x840C, 0x840B, 0x6AC5, 0x7C8A, 0x73C8, 0x6285, 0x846D, 0x83EE,
    0x6B8C, 0x742D, 0x6CAB, 0x84AD, 0x94CF, 0x8CEE, 0x7C09, 0x7C6A,
    0x542B, 0x646A, 0xA530, 0xA5D2, 0xAE33, 0xAD2F, 0xA48E, 0x9CCD,
    0x7B85, 0xB46C, 0xCCCE, 0xBD30, 0xAD2C, 0xB4F1, 0xC674, 0xBEB2,
    0xD653, 0xC592, 0xBCAD, 0xBDB0, 0xC5F2, 0xCDF4, 0xB530, 0xB50C,
    0xA54C, 0xACEF, 0xAC6C, 0xB4AC, 0xACAB, 0xA448, 0xB44B, 0xB4CB,
    0xACAA, 0xC4EC, 0xBD0D, 0xB46B, 0xB42A, 0xB42A, 0xABE9, 0x9B66,
    0x92E4, 0x92C6, 0x9306, 0x8A84, 0x8AA3, 0x7A43, 0x79A1, 0x61A0,
    0x5140, 0x50C0, 0x4000, 0x5A20, 0x5A81, 0x6264, 0x6306, 0x5A86,
    0x6264, 0x6B47, 0x6BCA, 0x7BEA, 0x8428, 0x7BC8, 0x8BED, 0x7C2B,
    0x7BCA, 0x840C, 0x844A, 0x744A, 0x84CD, 0x94EE, 0x842B, 0x8C4C,
    0x948D, 0x8C6C, 0x8BCA, 0x946B, 0x84AD, 0x7CAE, 0x844C, 0x84AC,
    0x950E, 0x94CF, 0xA4F1, 0xAD71, 0xB552, 0x9CEF, 0x9D8F, 0x8C2B,
    0x9CAE, 0x9D0E, 0xB571, 0xC5B3, 0xB532, 0xADD3, 0xB571, 0xB592,
    0xBD53, 0xA50A, 0xA4CB, 0x94CC, 0xB48D, 0xAC85, 0xA54E, 0xA50B,
    0x9CA6, 0xACCA, 0xBD4E, 0xB5AD, 0xD590, 0xC5AF, 0xCDF0, 0xC5AF,
    0xD631, 0xCDB0, 0xCDD1, 0xCD70, 0xCD6F, 0xC56E, 0xC56E, 0xC52E,
    0xBCEE, 0xC4AD, 0xB409, 0xA3E8, 0xA3E8, 0x9AE7, 0x9B46, 0x9B46,
    0x8AC5, 0x7A62, 0x71E0, 0x5A00, 0x50A0, 0x4080, 0x5A20, 0x6261,
    0x5AE4, 0x62E4, 0x6B04, 0x6B45, 0x7409, 0x7BE8, 0x5AE5, 0x7B89,
    0x638A, 0x5B21, 0x6384, 0x6C0A, 0x63C6, 0x6C0C, 0x7348, 0x7B47,
    0x6305, 0x7BA9, 0x844C, 0x748B, 0x8CAD, 0x844C, 0x7C8C, 0x83C9,
    0x7B25, 0x954E, 0x8CCD, 0x8C2C, 0x9510, 0x74CB, 0x744A, 0x8C6F,
    0x84ED, 0xA4F1, 0x9C4E, 0x9D70, 0x9CCE, 0x9C8D, 0xB5B2, 0xB5B0,
    0xB570, 0xB54F, 0xA54F, 0xAD4C, 0x9D0B, 0x9CEB, 0xACAB, 0xA48B,
    0xB5B1, 0xACCB, 0xA527, 0xCDF2, 0xCE11, 0xCE72, 0xE653, 0xDE93,
    0xDEB3, 0xDEB3, 0xD651, 0xE672, 0xD610, 0xD5F0, 0xC58D, 0xCE0F,
    0xCD8E, 0xCD4E, 0xCD8E, 0xC56E, 0xB4EC, 0xBCEE, 0xB40A, 0xBC2B,
    0xB448, 0xA3A7, 0x9B67, 0x92E6, 0x8204, 0x7220, 0x59C0, 0x5080,
    0x4080, 0x5A40, 0x62A0, 0x5AE3, 0x62E1, 0x6303, 0x83CC, 0x73CA,
    0x7347, 0x83CC, 0x7B89, 0x83C8, 0x8CAD, 0x8CAE, 0x8C6C, 0x8C8D,
    0x944D, 0x948C, 0x84CE, 0x94CF, 0x846C, 0x84EF, 0x8CD0, 0x742E,
    0x8510, 0x9D2F, 0xA5D0, 0x9550, 0x9571, 0xB5D5, 0xAE34, 0x9E31,
    0xADD4, 0xADB5, 0xA5D3, 0x83EC, 0x9C6F, 0x8CEE, 0x9D0C, 0xB550,
    0xADF3, 0xA570, 0xA550, 0x94CE, 0x9C6D, 0xBD11, 0xBD8E, 0xB590,
    0xD615, 0xD5D3, 0xA5AF, 0x9D2A, 0xB54C, 0xCDB1, 0xBD6F, 0xBDD0,
    0xC5CF, 0xC570, 0xB56F, 0xC56E, 0xBD0B, 0xBCEC, 0xB4AC, 0xC58E,
    0xE673, 0xC56E, 0xDE52, 0xCDAF, 0xBCEE, 0xBD0E, 0xBCEC, 0xB40A,
    0xB44A, 0xB3E9, 0xA388, 0xA3C8, 0x9348, 0x8AA6, 0x8A85, 0x8A64,
    0x6A21, 0x50E0, 0x3800, 0x3000, 0x6281, 0x6AA2, 0x72E1, 0x7B26,
    0x7B6B, 0x842B, 0x83EB, 0x72A9, 0x83EA, 0x8CCB, 0x8D09, 0x94AB,
    0x8BE8, 0x7322, 0x9CCB, 0x9D4E, 0x95B3, 0x8D0E, 0x9DF2, 0xA6B5,
    0x9570, 0xBE55, 0xAE54, 0xADF2, 0xA5D4, 0x9DD3, 0xAE33, 0xA54F,
    0x6C29, 0x7CEC, 0xB513, 0xAD33, 0x9E73, 0xCE56, 0xBD11, 0xBEF6,
    0xCEF7, 0xB613, 0xBEB6, 0xBE75, 0xAD92, 0xB592, 0xB550, 0xA4EE,
    0xAD4E, 0x954E, 0xBD32, 0xA4AC, 0xA56C, 0x9D2C, 0x9D8C, 0xA611,
    0xA58B, 0xB5CC, 0xB54E, 0xB42B, 0xACC9, 0xA403, 0x92A3, 0x7B02,
    0xB466, 0xB468, 0xB469, 0xB3A8, 0xB448, 0xA447, 0xB429, 0xAC07,
    0x9B25, 0xAB69, 0xA3A7, 0xA366, 0xA307, 0x9345, 0x82C4, 0x92A5,
    0x8AA1, 0x8201, 0x6220, 0x51C0, 0x5960, 0x4840, 0x30A0, 0x5A40,
    0x6AC2, 0x6AE6, 0x734B, 0x7BEA, 0x848A, 0x8C4C, 0x94AC, 0x94CA,
    0xA4EE, 0x9CEF, 0x9CED, 0xB5F2, 0xBF16, 0xAE73, 0xC739, 0xADF2,
    0xBE73, 0xBF18, 0xDF7C, 0xF7DC, 0xCF17, 0xBE96, 0xBE14, 0xBED6,
    0xB672, 0xB632, 0xD757, 0xFFDD, 0xF75A, 0xD738, 0xE7FD, 0xFF5C,
    0xE73B, 0xE7FF, 0xDF9B, 0xDF1A, 0xDF7B, 0xE79B, 0xDED8, 0xD6B6,
    0xC613, 0xBDAF, 0xBDEF, 0xB60F, 0xAD30, 0xACAE, 0x852B, 0x7200,
    0x8227, 0x9BC4, 0xA342, 0xACA9, 0xA489, 0xA487, 0xACA8, 0xAC26,
    0xAB8A, 0xCE35, 0xCDCF, 0xB4CA, 0xAC28, 0xB3E5, 0x7B00, 0x8BC3,
    0xABC6, 0xA3A6, 0xA3A6, 0x92A3, 0x8A84, 0x9B06, 0x9B06, 0x8AA2,
    0x7AA0, 0x7A00, 0x8281, 0x79E1, 0x69A0, 0x6200, 0x59C0, 0x5100,
    0x4800, 0x38C0, 0x5A61, 0x6AA3, 0x62C1, 0x7363, 0x73A8, 0x73AB,
    0x7BEB, 0x850E, 0x9511, 0x746A, 0x8CCC, 0x9DCE, 0x956E, 0xA570,
    0xADD1, 0xA591, 0xC635, 0xA5B3, 0xAD72, 0xAD92, 0xA5B5, 0xA537,
    0xBEFB, 0xAF56, 0xB674, 0xCE9A, 0xC6D8, 0xCEF9, 0xB676, 0xC6F8,
    0xDF3C, 0xD71B, 0xBEF8, 0xCF7C, 0xE79A, 0xCF38, 0xCF1A, 0xCE98,
    0xC655, 0xBE53, 0xCEB6, 0xCED6, 0xD716, 0xCEF6, 0xCE74, 0xD6B4,
    0xDF15, 0xE718, 0xEFDC, 0xE7F8, 0xDEB4, 0xD694, 0xB5EE, 0xA42A,
    0xB42C, 0xB407, 0xB3CD, 0xB4F4, 0xB567, 0xC4ED, 0xAC29, 0xB487,
    0xAC28, 0xA468, 0xA3E6, 0xA385, 0x9B24, 0x9B26, 0x9B87, 0x9385,
    0x82A2, 0x71A1, 0x79E3, 0x7A04, 0x7280, 0x71C0, 0x81C0, 0x6220,
    0x49C0, 0x51A0, 0x5940, 0x4880, 0x38A0, 0x51C0, 0x5240, 0x6342,
    0x6AA4, 0x6B26, 0x7388, 0x840D, 0x7C4B, 0x8449, 0x8C2D, 0x8C0B,
    0x8C4C, 0x844C, 0x8CAC, 0x94CC, 0x8CEA, 0x94CB, 0x950B, 0x8D0B,
    0x842D, 0x8C86, 0x74C0, 0x62A0, 0x6900, 0x7B40, 0x63C3, 0x842A,
    0x9C4E, 0xA48D, 0x94CD, 0x9D30, 0x94CD, 0x8CEE, 0x954D, 0x6C29,
    0x9CB1, 0xA44C, 0xBE13, 0xBE75, 0xB633, 0xBE34, 0xBE32, 0xC632,
    0xC613, 0xC5F3, 0xC613, 0xB50E, 0xBD4F, 0xBE10, 0xC612, 0xCE14,
    0xBDF1, 0xC5B0, 0xC5EF, 0xBD2D, 0xA42B, 0xA449, 0xB506, 0xB3A5,
    0xA46C, 0xACCB, 0xC572, 0xB54C, 0xBC69, 0xB3C7, 0xA427, 0x9B86,
    0x9B47, 0x9346, 0x92A4, 0x8AA6, 0x92E7, 0x82C3, 0x8284, 0x8A83,
    0x61A0, 0x6A20, 0x69C0, 0x6A20, 0x5960, 0x4880, 0x4900, 0x3800,
    0x5260, 0x5A60, 0x5A80, 0x5A84, 0x5B27, 0x6B27, 0x73C6, 0x73A9,
    0x73CA, 0x84AC, 0x8CEC, 0x8C4B, 0x9468, 0x8404, 0x7C28, 0x94CD,
    0x8CCD, 0x84AC, 0x8C6C, 0x94A6, 0x9460, 0x82E5, 0x9328, 0x8427,
    0x84E8, 0x8507, 0x8CC3, 0x84E7, 0x7CA9, 0x94CD, 0x8C29, 0x950D,
    0x9D90, 0xAD30, 0xB4F1, 0xA4ED, 0x8C69, 0x9CCC, 0x9429, 0xA4EF,
    0xAD50, 0xBD91, 0xC5D5, 0xBD92, 0xC5B2, 0xC654, 0xB5F3, 0xBE14,
    0xA50C, 0xB52C, 0xA4AC, 0xAD30, 0x9BEA, 0x9B06, 0x8B28, 0x9363,
    0xAC66, 0x9BC6, 0x9BC7, 0xAC29, 0xAC09, 0xA4EA, 0xA486, 0xABC9,
    0x9C25, 0xA3E4, 0x9B26, 0x9B66, 0x9B46, 0x9B05, 0x92E5, 0x92A7,
    0x9325, 0x82C3, 0x79C2, 0x7A42, 0x6A22, 0x69E0, 0x6160, 0x5940,
    0x50C0, 0x4820, 0x3060, 0x4A00, 0x5200, 0x5261, 0x5304, 0x5B04,
    0x5B47, 0x6BA9, 0x73E9, 0x7BA9, 0x7324, 0x7B62, 0x7BE0, 0x6300,
    0x73C7, 0x846B, 0x846A, 0x7C48, 0x844A, 0x8409, 0x7406, 0x8C89,
    0x84C3, 0x84E1, 0x94C5, 0xACC7, 0x9D6C, 0x9CF0, 0x946E, 0x8C49,
    0x8C2A, 0x83A7, 0x8BCA, 0x6AE8, 0x6BE6, 0x6447, 0x8C4B, 0xA4CF,
    0xAC8E, 0xA52D, 0xA4EC, 0xA4CF, 0xA50E, 0x944A, 0xBE11, 0xB611,
    0xB571, 0xC531, 0xB5F2, 0xBD90, 0xA56E, 0xADD1, 0xCDF2, 0xCD33,
    0xAC2E, 0xBD6F, 0x9C44, 0x92E5, 0xAB8C, 0xBD4E, 0xACAB, 0xAC65,
    0x9BE6, 0xA328, 0x9B88, 0xB449, 0xB428, 0xA369, 0xAC6B, 0x9B87,
    0x9B47, 0x9306, 0x8B05, 0x8B04, 0x8264, 0x7A42, 0x7A21, 0x7201,
    0x69C0, 0x59A0, 0x5200, 0x5920, 0x4840, 0x30A0, 0x4200, 0x4A40,
    0x5A42, 0x5A63, 0x6284, 0x62E4, 0x62C6, 0x6B27, 0x6B47, 0x7BEC,
    0x844F, 0x848F, 0x846E, 0x94EE, 0x7BC6, 0x7B88, 0x7BC9, 0x844A,
    0x846B, 0x6C49, 0x7387, 0x8389, 0x8B87, 0x8407, 0x6BE9, 0x52C6,
    0x73A6, 0x6C25, 0x7C27, 0x948C, 0x8C0C, 0x84AF, 0x9590, 0x8C8C,
    0x8C2C, 0x93AA, 0x7B84, 0x8CE8, 0x94EC, 0xA40B, 0xA3EB, 0xAD6D,
    0xBE10, 0xB672, 0xBE14, 0xD6B8, 0xBDD0, 0xAD4C, 0xCDB2, 0xBD53,
    0xBD2F, 0xC5B0, 0xB5CF, 0xB690, 0xBED0, 0xB512, 0xDE99, 0xB58C,
    0x9D28, 0xAE6D, 0xB48D, 0xB40A, 0xBC8A, 0xA407, 0xAC0A, 0xABCB,
    0xA449, 0xA429, 0xA3A9, 0xA388, 0xA368, 0x9BE7, 0x9345, 0x8264,
    0x8AC4, 0x8263, 0x79E1, 0x71A0, 0x61C0, 0x5160, 0x48A0, 0x3800,
    0x38E0, 0x5220, 0x5240, 0x5A60, 0x5AA2, 0x5AE6, 0x52C5, 0x6BC7,
    0x742B, 0x740B, 0x7C8B, 0x73E9, 0x8C4C, 0x8C6C, 0x8CEE, 0x94EF,
    0x950E, 0x950E, 0x8CEB, 0x94EC, 0x9CAB, 0x8CCA, 0x8D0C, 0x8D0D,
    0x8CAF, 0x83EC, 0xACCF, 0x9D30, 0x8CD0, 0x8C8F, 0x7CAF, 0x6C4A,
    0x8CCB, 0x7B85, 0x7BE8, 0x9CED, 0xAD6D, 0xB630, 0xBDF4, 0xBD72,
    0xD698, 0xCF79, 0xDFBB, 0xC616, 0xCDF6, 0xD697, 0xC5F2, 0xD695,
    0xCDD5, 0xC614, 0xC672, 0xBDD0, 0xADAF, 0xA5AE, 0xB6AF, 0xD654,
    0xCD2E, 0xBD4D, 0xBDCE, 0xA56C, 0xA3A9, 0x9286, 0x9BC6, 0x9B47,
    0xAC29, 0xABE8, 0xA3C6, 0xAC68, 0xABC9, 0xA3C8, 0xA3A7, 0x9B27,
    0x9346, 0x92A6, 0x82A4, 0x8243, 0x7A22, 0x8203, 0x6A00, 0x5A00,
    0x5040, 0x4020, 0x3860, 0x38A0, 0x4A60, 0x5261, 0x5AE5, 0x5B05,
    0x5B26, 0x6B8A, 0x6C0D, 0x5368, 0x846C, 0x7BCA, 0x8C6D, 0x8C8C,
    0x6306, 0x8BEB, 0x8D2A, 0x8D2D, 0x956F, 0x8CCC, 0x94AC, 0xA550,
    0xA5B3, 0xB591, 0x9D2E, 0x954D, 0x95EF, 0x856F, 0x94AD, 0x8C2C,
    0x84CE, 0x8D4E, 0xAD70, 0xA4CE, 0x9D0E, 0xA54E, 0xA48C, 0x946C,
    0x8C8C, 0x9483, 0x94E9, 0xA50B, 0xA486, 0xBCEF, 0xBDF1, 0xBDF0,
    0xCEB5, 0xC694, 0xC6B5, 0xC6F6, 0xCEB5, 0xC653, 0xCE56, 0xDED4,
    0xD6B3, 0xC611, 0xC5F2, 0xC5CF, 0xCDD0, 0xC5CC, 0xCD6F, 0xC50E,
    0xA3C7, 0xAC08, 0xAC48, 0xAC47, 0xAC27, 0xAC08, 0xA3E8, 0xAC08,
    0xA3C7, 0xA388, 0x9346, 0x9345, 0x8AA4, 0x8222, 0x8A65, 0x8243,
    0x8222, 0x6220, 0x59C0, 0x5980, 0x48A0, 0x4840, 0x3860, 0x51E0,
    0x5261, 0x5262, 0x5AA3, 0x5AC6, 0x5B27, 0x62E6, 0x6247, 0x62E9,
    0x62E6, 0x6B07, 0x7BEA, 0x8409, 0x948D, 0x946D, 0x94AD, 0x950F,
    0x952E, 0x9DB0, 0x958F, 0xB634, 0xADF2, 0xAE34, 0xC695, 0xB635,
    0xA5B1, 0xA633, 0xAEB9, 0xD71D, 0xD77C, 0xE75C, 0xC696, 0xC6B7,
    0xCE97, 0xCF3A, 0xD7BB, 0xD6F6, 0xE77E, 0xB650, 0xD580, 0xD520,
    0xC68E, 0xD73A, 0xCED5, 0xB652, 0xB6B4, 0xBE94, 0xC652, 0xD6D7,
    0xE6F8, 0xC671, 0xC673, 0xCE54, 0xD633, 0xCDD0, 0xC5D0, 0xC5EF,
    0xACE7, 0xACAB, 0xA50A, 0xACE9, 0xBCEB, 0xB4A9, 0xAC08, 0xB468,
    0xAC47, 0xAC48, 0xABC8, 0xA386, 0x9BC6, 0xA3A7, 0x9AE5, 0x92E4,
    0x92E4, 0x8284, 0x8283, 0x7A42, 0x7A01, 0x59C0, 0x51C0, 0x5900,
    0x4840, 0x3880, 0x42A0, 0x5AA1, 0x6AE6, 0x5AC5, 0x62C6, 0x7B29,
    0x9C8E, 0x942C, 0x73EA, 0x8D4E, 0x94CD, 0x8C4C, 0x950C, 0x854C,
    0x952E, 0xA5B0, 0xBE76, 0xAE15, 0xADB2, 0x9DD1, 0xA58F, 0x954D,
    0xB672, 0xB673, 0xCE97, 0xE6D9, 0xD6BB, 0xC71A, 0xC77A, 0xC6D8,
    0xC657, 0xCED8, 0xCED9, 0xD6FA, 0xDF1A, 0xDEFA, 0xCE9A, 0xC6B7,
    0xF736, 0xEEF7, 0xCE99, 0xD6D8, 0xCE75, 0xCE75, 0xD6B7, 0xD696,
    0xEF3A, 0xDEF8, 0xDEFA, 0xD6F7, 0xCED7, 0xD6B6, 0xC630, 0xC58F,
    0xD5F1, 0xC60F, 0xBDAE, 0xC5D1, 0xBDD0, 0xBD8D, 0xBD2D, 0xB4ED,
    0xBD0D, 0xBD2D, 0xBD0D, 0xB4EC, 0xB48B, 0xB46B, 0xB44A, 0xB42B,
    0xB42A, 0xABC8, 0xABC8, 0x9B86, 0x9326, 0x9326, 0x8B05, 0x8283,
    0x7A21, 0x5140, 0x4880, 0x4000, 0x3840, 0x5200, 0x5A20, 0x5261,
    0x52C5, 0x62C6, 0x5A86, 0x2AC6, 0x640B, 0x8C0D, 0x7BAC, 0x7C8C,
    0x8CCD, 0x94AD, 0x9C6E, 0x9C6C, 0x94EE, 0x7C07, 0x9D30, 0xADF1,
    0xBEB4, 0xB635, 0xADF3, 0xBE13, 0xA512, 0x9D10, 0x9D92, 0xA6B5,
    0xBED6, 0xCE57, 0xCE36, 0xB675, 0xB695, 0xC6B6, 0xCF16, 0xCEF7,
    0xC6B5, 0xD671, 0xDE2F, 0xD62F, 0xB651, 0xC652, 0xD6B5, 0xDF5A,
    0xD719, 0xCED8, 0xCE56, 0xE6BA, 0xDE9A, 0xCE76, 0xBE33, 0xBDF0,
    0xD694, 0xDF18, 0xD6B5, 0xCE31, 0xDE74, 0xEED6, 0xD672, 0xDE71,
    0xD611, 0xCDB0, 0xDE11, 0xCDCF, 0xC56E, 0xCD4E, 0xCD6E, 0xC52E,
    0xC56E, 0xC54E, 0xBD0C, 0xAC4A, 0xB429, 0xAC09, 0xA3A8, 0xA388,
    0xA367, 0x9325, 0x7A42, 0x69E0, 0x5140, 0x48C0, 0x4860, 0x3820,
    0x5260, 0x5260, 0x5A62, 0x6285, 0x5AC6, 0x6327, 0x6B08, 0x6B28,
    0x5AC7, 0x7BEA, 0x6B67, 0x6325, 0x8C0A, 0x842B, 0x7448, 0x842A,
    0x8C8C, 0x8CAA, 0x94CD, 0x7387, 0x73C4, 0xA52D, 0xA531, 0x9DD1,
    0x9DF1, 0xADF3, 0x9C4E, 0x9C2F, 0x8CF0, 0x8D11, 0xA593, 0x9D70,
    0x94F0, 0x744F, 0x8C2B, 0xD5B0, 0xC58A, 0xBD28, 0xA4ED, 0xBDB6,
    0xBCF2, 0x8D4F, 0x9DD2, 0xC653, 0xDE77, 0xD695, 0xAE0F, 0xADCF,
    0xADEE, 0xC670, 0xD672, 0xBDB0, 0xBDCF, 0xD674, 0xCE53, 0xCE12,
    0xAD6A, 0xB5AA, 0xB50B, 0xB4AB, 0xB50C, 0xB50B, 0xB50C, 0xC52D,
    0xBCEC, 0xC50D, 0xC54E, 0xC56E, 0xBD0D, 0xB4AC, 0xB48C, 0xB429,
    0x9B67, 0xA387, 0x9B87, 0x92E6, 0x8A84, 0x7A81, 0x6220, 0x58E0,
    0x4840, 0x4020, 0x38A0, 0x5240, 0x5260, 0x5AA2, 0x5AE3, 0x6B28,
    0x7308, 0x6B08, 0x6B09, 0x7329, 0x6B27, 0x7BC9, 0x844B, 0x742A,
    0x848C, 0x950F, 0x94AD, 0x94CD, 0x9CF0, 0x9CCF, 0x94AD, 0xAD92,
    0x8530, 0x8530, 0xA571, 0xA4CF, 0x7C0D, 0x9532, 0x8CF0, 0x8CB0,
    0x848C, 0x840A, 0x8D10, 0x8C4F, 0x9D51, 0xADD3, 0xA592, 0xAD54,
    0xB5F8, 0xAD73, 0xBE75, 0xD7BC, 0xDF5A, 0xE615, 0xB513, 0xADF1,
    0xB6D4, 0x8D0E, 0xAD0E, 0xBC49, 0xABCA, 0xAC51, 0xC5F6, 0xB5B1,
    0x9CEA, 0xAD8E, 0xC671, 0xC610, 0xD5B1, 0xCD51, 0xCDD1, 0xB52D,
    0xAC29, 0xB409, 0xB429, 0xB46B, 0xB48B, 0xC4EC, 0xBCCD, 0xAC69,
    0xB448, 0xA3A7, 0x9324, 0x8B05, 0x9325, 0x8AE4, 0x82C3, 0x7A81,
    0x6A80, 0x59A0, 0x50E0, 0x4860, 0x4020, 0x3860, 0x5240, 0x5AA1,
    0x52A4, 0x52C5, 0x5B47, 0x5327, 0x6BE9, 0x6429, 0x744C, 0x7CD0,
    0x8511, 0x7D2F, 0x848D, 0x94AE, 0x842B, 0x8C8C, 0x8C4C, 0x7BC9,
    0x7BAA, 0x846C, 0x942E, 0x7BA9, 0x7C47, 0x744D, 0x7C8E, 0x646C,
    0x7CAF, 0x848E, 0x9D2E, 0x8D10, 0xADD4, 0x9D30, 0x9D2E, 0x8C4C,
    0x83ED, 0x9D30, 0x950F, 0x9D4F, 0xADF4, 0xA552, 0x8389, 0x9C6F,
    0x7C8D, 0x95B1, 0x74CB, 0x732C, 0xB42C, 0xB46C, 0xA531, 0xB592,
    0xBDED, 0x9C05, 0xA4C5, 0xBD6C, 0xE651, 0xD5B1, 0xBD11, 0xCE55,
    0xB56C, 0xA46A, 0xBC4E, 0xBCAC, 0xAB68, 0x8AA6, 0xA409, 0xAC09,
    0x9BE7, 0xA3A8, 0xAB68, 0xA3C7, 0x9345, 0x9346, 0x8AC5, 0x7A21,
    0x8204, 0x7A62, 0x7A00, 0x6180, 0x61E0, 0x51C0, 0x4860, 0x4840,
    0x3860, 0x5240, 0x5281, 0x52A3, 0x5A83, 0x5A85, 0x5327, 0x6369,
    0x7C4E, 0x6BAA, 0x7C0C, 0x840A, 0x7B68, 0x8B8A, 0x8CCE, 0x9D52,
    0x7C6A, 0x840C, 0x846C, 0x846C, 0x7C6B, 0x74C9, 0x852E, 0x84CE,
    0x748B, 0x8C6D, 0xA4D1, 0xA511, 0x94B1, 0x73ED, 0x8449, 0x9CCE,
    0x73C9, 0x9CD1, 0x9512, 0x9531, 0xB5F4, 0xB5D6, 0xB555, 0x948C,
    0x9CCB, 0x8CCF, 0x6D6F, 0x9DF4, 0xAD8F, 0xCE14, 0xD570, 0xA5CE,
    0x95F1, 0xAD6E, 0xA408, 0xA348, 0xA3CA, 0x946B, 0xACEE, 0x94CE,
    0x9C4A, 0xA4E8, 0xB54B, 0xCDD0, 0xD590, 0xBC8F, 0xA3C9, 0xB48B,
    0xAD09, 0xA447, 0xA3C8, 0x9B47, 0x9AC5, 0x8383, 0x93C6, 0x8B04,
    0x7A63, 0x8264, 0x8223, 0x7AC4, 0x7281, 0x7261, 0x5980, 0x5120,
    0x50E0, 0x5080, 0x4840, 0x3880, 0x5280, 0x5A82, 0x62A4, 0x5AE4,
    0x6327, 0x6B8B, 0x6B8B, 0x73AB, 0x7C4F, 0x7C2C, 0x844C, 0x83EA,
    0x848C, 0x7BC9, 0x7B89, 0x840C, 0x7BEB, 0x63A8, 0x6C49, 0x6C8C,
    0x84CF, 0x9CB0, 0x8B8A, 0x9C4C, 0xA48E, 0x41E5, 0x4326, 0x83E6,
    0x6368, 0x63CC, 0x53CC, 0x8D70, 0x8D2A, 0x8D6D, 0x94EE, 0xAD33,
    0x7BAD, 0x7C09, 0x8CEE, 0x84AE, 0x9530, 0x940A, 0x8BC9, 0x7A48,
    0x6B27, 0x7CCC, 0x844C, 0x9348, 0xAB6A, 0x7BA8, 0x64C8, 0x73C6,
    0x8388, 0x7B46, 0x62A2, 0xA44A, 0x9C47, 0x9B43, 0x9BCB, 0x8286,
    0x6AA4, 0x8405, 0xACAB, 0xABE8, 0xAB89, 0xA3AA, 0xA3E8, 0xA407,
    0x9386, 0x8263, 0x8203, 0x8A44, 0x7A21, 0x7282, 0x6AE1, 0x6180,
    0x6120, 0x7200, 0x59A0, 0x50E0, 0x48A0, 0x4040, 0x38E0, 0x5160,
    0x5200, 0x5263, 0x5246, 0x5A26, 0x6307, 0x5B27, 0x5201, 0x7AE7,
    0x842E, 0x8490, 0x7CEE, 0x84F0, 0x94AF, 0x8CAD, 0x848C, 0x846B,
    0x7BC8, 0x8BCD, 0x9C2D, 0x944F, 0x8D0F, 0x9511, 0x9512, 0x95B1,
    0x9D90, 0x8CEF, 0x7CD0, 0x8531, 0x8D2D, 0xBDF0, 0xA4EF, 0x6B09,
    0x7A86, 0x48E0, 0x5940, 0x6347, 0x742A, 0x8C6B, 0x7C0A, 0x73A6,
    0x93A9, 0x9BAA, 0x83AB, 0x944A, 0x9307, 0x7AA2, 0x8BA6, 0x7425,
    0x73C5, 0x7A23, 0x5105, 0x8B6A, 0x9364, 0x9BE5, 0x9368, 0x7A68,
    0x832A, 0x6AE5, 0x7BA3, 0xA4A6, 0x9C28, 0xA3A9, 0x9327, 0xAC29,
    0xB44A, 0xABAA, 0xA367, 0x9B67, 0x9B07, 0x9325, 0x82C3, 0x7A83,
    0x7A62, 0x81A3, 0x81E4, 0x7220, 0x71C0, 0x6200, 0x5A20, 0x5140,
    0x4840, 0x38A0, 0x4A81, 0x5283, 0x5A84, 0x5AC4, 0x6326, 0x5B26,
    0x5367, 0x6C6B, 0x74EE, 0x750D, 0x7C6E, 0x842C, 0x942B, 0x73E8,
    0x8D0E, 0x8C8D, 0x94AD, 0x94EF, 0x74AD, 0x854F, 0x7C2D, 0x7BEC,
    0x8CCF, 0x8C8F, 0x7BEB, 0x9531, 0x8CCF, 0x7C2A, 0x6B8A, 0x6B27,
    0x7328, 0x72C9, 0x5A64, 0x6386, 0x7D51, 0xAE94, 0x8C4C, 0x7B2A,
    0x7AE9, 0x7A67, 0x7A42, 0x6AA4, 0x5AC6, 0x8BC9, 0x8B67, 0x8427,
    0x7C48, 0x7B29, 0xA34D, 0x8208, 0x9BAA, 0xC449, 0xA384, 0x8BAD,
    0x938E, 0x7B23, 0x7C25, 0xAC07, 0xB3E7, 0xA449, 0x9B6A, 0xA368,
    0xBC8A, 0xAC28, 0xBCAA, 0xAC08, 0x8B04, 0xA388, 0x9346, 0x9348,
    0x9AA8, 0x7A44, 0x8264, 0x8A66, 0x8264, 0x82A4, 0x79E2, 0x71C1,
    0x6200, 0x59A0, 0x51C0, 0x50E0, 0x3840, 0x5220, 0x5A60, 0x5AA4,
    0x5AA5, 0x5AE7, 0x6328, 0x7BCC, 0x738D, 0x8B8E, 0x92EC, 0x9BCE,
    0x8CCF, 0x8D30, 0x8CAD, 0x946D, 0x946E, 0x7BEA, 0x742B, 0x7349,
    0x8BAD, 0x94AE, 0x8C8E, 0x7C6B, 0x742B, 0x7C6D, 0x7BCB, 0x734B,
    0x7B8D, 0x7AE9, 0x5A45, 0x2A40, 0x8C46, 0x73C7, 0x9CED, 0x8328,
    0x72C8, 0x7328, 0x8329, 0x9CC9, 0x9CCC, 0x8D0D, 0x93EA, 0x8BC8,
    0x6BE2, 0x8326, 0x7265, 0x934A, 0x8B28, 0xA469, 0xACC8, 0xBD89,
    0x9C68, 0x9C2A, 0x8B45, 0xAC86, 0xB4C9, 0xB54C, 0xA44B, 0xA3EC,
    0xA328, 0xAC28, 0xACA8, 0xB4AB, 0xB4AC, 0xB42C, 0xAC08, 0xABE8,
    0xA3E7, 0xAB4A, 0x92C6, 0x8B05, 0x9308, 0x8A65, 0x8264, 0x7201,
    0x7A03, 0x7A23, 0x7202, 0x71C0, 0x6180, 0x51C0, 0x50E0, 0x4020,
    0x5221, 0x52A3, 0x5AA4, 0x6306, 0x6B69, 0x73AB, 0x738A, 0x7369,
    0x742A, 0x74EF, 0x9E14, 0x8CD0, 0x8CD2, 0xADD7, 0x9512, 0x9D32,
    0x94B0, 0x94D0, 0x8BCD, 0x7C2C, 0x850E, 0x8CD0, 0x8CAF, 0x94B2,
    0x944E, 0x83EC, 0x7C2A, 0x952E, 0x94EC, 0x9D90, 0xAD30, 0x8C4D,
    0x7BA8, 0x9C8C, 0x748B, 0x8C6C, 0xADAF, 0x954F, 0x6CED, 0x5CAB,
    0x8CCB, 0x94EB, 0xBD90, 0xA42F, 0x9B8D, 0xA44F, 0xB4E9, 0xBDEB,
    0xC60E, 0xD630, 0xCDCE, 0xD5CF, 0xCDCF, 0xCDCE, 0xD58D, 0xCD0F,
    0xD572, 0xBD8F, 0xBD6E, 0xC56C, 0xBD4C, 0xAC2B, 0xB3EB, 0xB429,
    0xAC4A, 0xB44A, 0xB3CA, 0xA369, 0x9347, 0x8B47, 0x8B07, 0x8AE5,
    0x7AC4, 0x8264, 0x8263, 0x7A62, 0x8243, 0x7A62, 0x79E1, 0x71A0,
    0x59C0, 0x50E0, 0x3820, 0x52A0, 0x52A2, 0x5285, 0x5B27, 0x5AC7,
    0x6307, 0x7B4A, 0x9450, 0xADB4, 0x9DB5, 0x9592, 0x9DD3, 0x9D51,
    0x848C, 0x850F, 0x9591, 0x9575, 0x9553, 0x9DB2, 0x94F0, 0x842C,
    0x84AB, 0x6406, 0x6C28, 0x7D0B, 0x6429, 0x94AD, 0xA4ED, 0x9CED,
    0x8CA9, 0x850A, 0x9590, 0x9E10, 0x9DF0, 0xC675, 0xADD3, 0xA552,
    0xAD73, 0xB5D1, 0x94AB, 0xB4CE, 0xB530, 0xA4CE, 0xBD4E, 0xC54C,
    0xD5CE, 0xCDAE, 0xD5F1, 0xCE12, 0xD654, 0xDEB5, 0xCD8D, 0xCD2B,
    0xCC8A, 0xC4EC, 0xC54C, 0xC56C, 0xCD6E, 0xCD2D, 0xB409, 0xAB48,
    0xB406, 0x9CA4, 0xABC7, 0xB3EB, 0xAB8B, 0x9B86, 0xA428, 0xA447,
    0x9BC6, 0x9347, 0x9327, 0x8B26, 0x92C6, 0x9AE7, 0x9307, 0x8A65,
    0x79C1, 0x79C3, 0x7180, 0x59C0, 0x50E0, 0x4020, 0x51C0, 0x5A23,
    0x6204, 0x59C3, 0x6225, 0x6368, 0x6B89, 0x63CC, 0x6BEB, 0x9511,
    0x9D11, 0x94B0, 0x9D73, 0xAE15, 0xA5D4, 0xA592, 0x8D2D, 0x8DB2,
    0x9E97, 0xAF17, 0xA656, 0xAFBA, 0xC7FF, 0xB6DA, 0xAE77, 0xBE78,
    0xC73B, 0x9E15, 0xAE97, 0xA615, 0xADD3, 0xA5D1, 0xA530, 0xA4CF,
    0xA4AD, 0xB5F1, 0xBE94, 0xBE11, 0xCDCF, 0xE6B7, 0xBDB1, 0xBDF3,
    0xD678, 0xD6B8, 0xD7B8, 0xCF14, 0xCE93, 0xC5F0, 0xC652, 0xBE52,
    0xBE11, 0xBE0F, 0xCE2E, 0xC5EB, 0xC60D, 0xCDCF, 0xC54D, 0xBCAB,
    0xACAA, 0xB4CA, 0xB50C, 0xAC68, 0xA3E9, 0xA46A, 0xAC68, 0xACA9,
    0xAC69, 0x9C47, 0xA425, 0xB4AA, 0xA3A8, 0x9327, 0x9B87, 0xA3A8,
    0x9365, 0x8AC4, 0x8A85, 0x79C1, 0x69C0, 0x6A40, 0x5980, 0x50A0,
    0x4840, 0x4220, 0x4A42, 0x5364, 0x5BEA, 0x53AA, 0x52C5, 0x6B28,
    0x6367, 0x6306, 0x7BA9, 0x842C, 0x94EF, 0x9DD3, 0x9D93, 0x9531,
    0xAE18, 0xA5F9, 0xA5B5, 0x9592, 0x9532, 0xA512, 0x9430, 0x932D,
    0xC5B6, 0xBDF8, 0xBE59, 0xAE78, 0xB636, 0xBE9A, 0xBE96, 0xCE75,
    0xD6B7, 0xD6F9, 0xF7FD, 0xDFBB, 0xCF9B, 0xE7BD, 0xDF9D, 0xD79E,
    0xD79C, 0xD75A, 0xF7FF, 0xD79A, 0xD778, 0xD6B6, 0xD658, 0xCE35,
    0xC611, 0xCE31, 0xC650, 0xCE73, 0xCEB5, 0xC674, 0xCED7, 0xCF16,
    0xD717, 0xCED5, 0xCE52, 0xCE12, 0xB56E, 0xB50D, 0xB50D, 0xBD2E,
    0xB50C, 0xB4AB, 0xBCED, 0xC54E, 0xBD0E, 0xB48B, 0xAC6B, 0xB44B,
    0xB429, 0xABE8, 0xABE8, 0xA387, 0x8B05, 0x7A62, 0x7A21, 0x6180,
    0x59A0, 0x50E0, 0x50A0, 0x4040, 0x4AC2, 0x52C4, 0x52A5, 0x6265,
    0x62E7, 0x6B69, 0x7349, 0x7BAA, 0x840B, 0x6366, 0x73A8, 0x7BCB,
    0x7B86, 0x746B, 0x7CAD, 0x8D0E, 0x948C, 0x7B2A, 0x83AD, 0xA553,
    0x952F, 0x8CF1, 0x63ED, 0x7CCF, 0x84F0, 0x84CF, 0x84AF, 0xA5D4,
    0x9530, 0xB615, 0xAE57, 0xB593, 0xBDB4, 0xC677, 0xC6DA, 0xC699,
    0xD698, 0xDF5A, 0xDF1A, 0xD696, 0xD696, 0xCE35, 0xCE34, 0xCE56,
    0xBD73, 0xCE14, 0xD6F6, 0xD6F6, 0xCEB4, 0xD6D6, 0xD695, 0xC630,
    0xC670, 0xCE52, 0xCE12, 0xCDF2, 0xD5B1, 0xDE74, 0xDEB5, 0xDED6,
    0xD694, 0xDE52, 0xCDD0, 0xC54E, 0xCD8F, 0xBD4E, 0xBD0E, 0xBCAE,
    0xB4AD, 0xB40B, 0xB408, 0xAC09, 0xA3C8, 0xA3A7, 0xA347, 0x9366,
    0x8B25, 0x7222, 0x61A0, 0x59E0, 0x5140, 0x50C0, 0x3820, 0x41A0,
    0x5241, 0x4A83, 0x4AA5, 0x5346, 0x5307, 0x5327, 0x5B07, 0x6B47,
    0x7C0B, 0x7C0A, 0x7C2B, 0x84AD, 0x7C6D, 0x7C4C, 0x84AE, 0x6C6C,
    0x74EF, 0x5C6C, 0x636D, 0x4B0B, 0x640C, 0x8CCE, 0x742C, 0x848E,
    0x84CE, 0x8CCF, 0x7BCB, 0x8B6B, 0x93CC, 0x842D, 0x7C4D, 0x848D,
    0x94CF, 0x7BE9, 0xB5B3, 0xBDF4, 0xB5B2, 0xA530, 0xBE55, 0xADD2,
    0xBE35, 0xB5F3, 0xB613, 0xCF16, 0xB5D2, 0xC594, 0xBD30, 0xC592,
    0xC571, 0xBCAE, 0xC531, 0xBD31, 0xC591, 0xDE74, 0xDEB6, 0xD675,
    0xB5B0, 0x9D0D, 0xB54F, 0xB52F, 0xC56F, 0xCD70, 0xC56F, 0xBD6E,
    0xACCA, 0xACAA, 0xA3C8, 0xA3C8, 0xA409, 0xA3A8, 0x9B87, 0x9BC7,
    0x9B25, 0x9346, 0x8B25, 0x82A3, 0x7260, 0x71C1, 0x5980, 0x4920,
    0x58A0, 0x3860, 0x4AA2, 0x4AE5, 0x4AE4, 0x4A84, 0x62C5, 0x6329,
    0x5BA9, 0x73EB, 0x6B68, 0x63E9, 0x6388, 0x844E, 0x844F, 0x7C0F,
    0x94B1, 0x6C2D, 0x7C6E, 0x9490, 0x946D, 0x8C8C, 0xAD91, 0x9CD0,
    0x73CD, 0x7C0E, 0x8C2F, 0x8C4F, 0x8C8F, 0x8C6D, 0x8CEF, 0x950F,
    0x8C2C, 0x9C8E, 0x9CEF, 0x9CCF, 0xAD72, 0x9D72, 0x9D11, 0xA593,
    0xB615, 0xAD94, 0x94EE, 0x8C6C, 0xA4EF, 0x8BEA, 0xA4AB, 0xACED,
    0x9B28, 0xAC2D, 0xB5B2, 0xAD2F, 0xC5D0, 0xAD8F, 0xCEB3, 0xC693,
    0xAD4F, 0xAD91, 0x948B, 0xACEE, 0xB4EF, 0xAC8D, 0x9C6C, 0xBD50,
    0xAD0E, 0xACEC, 0xACED, 0xACCB, 0xAC8C, 0xA429, 0xA3E7, 0x9BC6,
    0xA3E6, 0xA387, 0x9326, 0x9346, 0x8B46, 0x82E3, 0x69A0, 0x69E1,
    0x7221, 0x61E0, 0x5980, 0x5080, 0x4080, 0x5240, 0x4220, 0x4A22,
    0x4244, 0x4AE6, 0x6348, 0x6AA5, 0x62C6, 0x73EA, 0x7B49, 0x83CB,
    0x738A, 0x6302, 0x94EF, 0x8C8C, 0x9C6D, 0x83EC, 0x840C, 0x7C2D,
    0x7C8E, 0x746E, 0x742C, 0xA533, 0x94D0, 0x8CAE, 0x8C90, 0x8CB0,
    0x8C8F, 0x842C, 0x948D, 0x846C, 0x84AF, 0x8D0F, 0x8D0F, 0x8CF0,
    0xA5B3, 0x9D92, 0xAD73, 0xB5B3, 0x9C8E, 0xB5B2, 0xB591, 0xAD50,
    0xB552, 0xAC51, 0xA470, 0xA5F1, 0xB56F, 0xA48C, 0x9CED, 0xA52F,
    0x8C8C, 0x834B, 0xA40E, 0xA50D, 0xBCEF, 0xC4B0, 0x9C29, 0xAD2C,
    0xAD4E, 0xA4EC, 0x9CCA, 0xA4AB, 0xACAD, 0xACCD, 0xACEE, 0x82C6,
    0x9B89, 0xB44C, 0xA3AA, 0xAC2A, 0x9386, 0x93A6, 0x8B04, 0x7A62,
    0x7AA3, 0x7201, 0x7A61, 0x5A40, 0x5A40, 0x59C0, 0x5080, 0x3820,
    0x4A40, 0x5A84, 0x6B49, 0x5B06, 0x5B27, 0x5B06, 0x63A9, 0x63EB,
    0x73EB, 0x63EA, 0x742B, 0x848E, 0x8CD0, 0x7C8E, 0x636A, 0x7C2D,
    0x73EC, 0x7C6D, 0x848E, 0x840D, 0x8CAE, 0x94F0, 0x848D, 0x8C6F,
    0x94D0, 0x84AE, 0x846E, 0x844D, 0x950F, 0x8CF0, 0x8C6D, 0x8C2D,
    0x8C0D, 0x93EF, 0x9C8E, 0x940A, 0x9C8D, 0x9CAC, 0x948A, 0xA54E,
    0xADB3, 0xA656, 0x9E34, 0xAD93, 0xA635, 0xA571, 0xAC8D, 0xA36A,
    0xA4AB, 0x950E, 0xAC2B, 0xAC4C, 0xAC2C, 0xACAC, 0xA50C, 0x94EA,
    0x9489, 0xAD0C, 0xB54F, 0xAC6E, 0xABCC, 0x93C9, 0xBD70, 0xA4CC,
    0xACED, 0xB52D, 0xB48A, 0xA429, 0x8B06, 0x9AE7, 0x8205, 0x82A5,
    0x8AE5, 0x82A4, 0x7A22, 0x7A42, 0x7A40, 0x7240, 0x6A20, 0x69C0,
    0x5A00, 0x5960, 0x4020, 0x5281, 0x5242, 0x5243, 0x5AC5, 0x6B49,
    0x6BA9, 0x6368, 0x6B68, 0x6B89, 0x744C, 0x740B, 0x6BAA, 0x7C2C,
    0x7C2D, 0x7C8E, 0x7CCE, 0x746D, 0x8C8F, 0x8CAE, 0x94F1, 0x8C70,
    0x8CB0, 0xA553, 0xA5F5, 0x94F1, 0x9511, 0x9D71, 0x9531, 0x8CCF,
    0x8CCF, 0x9D70, 0x9591, 0x9DF2, 0x8D91, 0x8551, 0x9E13, 0xBED7,
    0xA633, 0xC656, 0xAD71, 0xB5D1, 0xBDF3, 0xBE13, 0xBE54, 0xBE13,
    0xCE74, 0xC614, 0xC676, 0xBDF4, 0xAD31, 0xBDCD, 0xA506, 0xA4C5,
    0x942A, 0x9289, 0xB3ED, 0x9BAB, 0x9C0A, 0x8AA7, 0x83A3, 0x9C47,
    0xA40A, 0xAC8A, 0xA4AA, 0xA40A, 0xABAA, 0x9B69, 0x9B69, 0x92C7,
    0x92A6, 0x8A86, 0x9327, 0x8B04, 0x9325, 0x82A3, 0x7A21, 0x8204,
    0x8201, 0x7220, 0x69A0, 0x59E0, 0x5180, 0x4820, 0x49E0, 0x5A80,
    0x62C3, 0x62E4, 0x62E4, 0x7327, 0x7BC9, 0x7BEA, 0x73EA, 0x7C2B,
    0x73EA, 0x740B, 0x7BEB, 0x746D, 0x742C, 0x7C0B, 0x7BEB, 0x740B,
    0x6BAC, 0x840E, 0x844F, 0x846F, 0x7CAE, 0x850F, 0x8CAE, 0x9510,
    0x9D32, 0x9D51, 0xA571, 0x9D31, 0xA593, 0x9DB4, 0xB5D5, 0xB593,
    0xCE16, 0xAD92, 0x9CCF, 0xAD30, 0xB5B1, 0xBE54, 0xA591, 0xAD93,
    0xBDF3, 0xB5D1, 0xAE12, 0xB633, 0xBE75, 0xC696, 0xC633, 0xCE12,
    0xC633, 0xADD0, 0xBE31, 0xB56F, 0xA56E, 0x852A, 0x8CE9, 0xAD2D,
    0xBD6C, 0xB52D, 0xAD0B, 0xBD6F, 0xAD10, 0x9C8C, 0x93C9, 0xA40B,
    0x9B89, 0x9B06, 0xA388, 0x92E7, 0x8B46, 0x9326, 0x9305, 0x9304,
    0x8AC4, 0x8283, 0x7A62, 0x7A60, 0x8241, 0x8242, 0x69E0, 0x5160,
    0x4000, 0x5A40, 0x5AA0, 0x62C0, 0x6B02, 0x6B64, 0x6366, 0x6BC8,
    0x7C0A, 0x7BCA, 0x7B6A, 0x83AB, 0x7B89, 0x7B88, 0x7BEB, 0x83EB,
    0x83EA, 0x840B, 0x73CA, 0x73C9, 0x7BEA, 0x6307, 0x738A, 0x7389,
    0x73AA, 0x848C, 0x8C6C, 0x8C2D, 0x948D, 0x94CF, 0x94AE, 0x948D,
    0xAD52, 0xAE14, 0xB5F4, 0xB593, 0xAD93, 0xB5D5, 0xB553, 0xAD92,
    0xB5B3, 0xA5B3, 0x9530, 0xAE13, 0xB633, 0xC635, 0xBDF3, 0xAD6D,
    0xAD2C, 0xBD90, 0xB590, 0xBE10, 0xC651, 0xCE74, 0xCE72, 0xE654,
    0xC50D, 0xC50B, 0xD551, 0xB4CF, 0xB46F, 0x8B2A, 0x8285, 0xAC69,
    0xA366, 0xAC2B, 0xAC89, 0xA368, 0x9B67, 0x93A8, 0x9347, 0x8B06,
    0x8B07, 0x92E5, 0x92C4, 0x8AA4, 0x8223, 0x81E2, 0x7221, 0x7A01,
    0x8A21, 0x61C0, 0x50C0, 0x4040, 0x5260, 0x62A0, 0x6303, 0x62C4,
    0x7365, 0x6B66, 0x6B64, 0x7388, 0x846C, 0x8C8A, 0x94AC, 0x950E,
    0x8CAD, 0x8C4C, 0x842B, 0x844B, 0x842B, 0x8C8E, 0x84F0, 0x848F,
    0x8511, 0x95F5, 0x8532, 0x8CAE, 0x846C, 0x8CAD, 0x8CAC, 0x8CAB,
    0x94CE, 0x950E, 0x950D, 0x94EF, 0x844D, 0x94F0, 0x9D50, 0xA551,
    0xADF4, 0xB635, 0xBE54, 0xBE34, 0xCEB7, 0xD6D6, 0xC675, 0xC634,
    0xC675, 0xC634, 0xDE97, 0xC5F4, 0xBDB1, 0xBE13, 0xC5D2, 0xC5B1,
    0xD5F4, 0xCD94, 0xD5F5, 0xD6B6, 0xD6D8, 0xCEF6, 0xAD6C, 0xB384,
    0xAB49, 0xA3E9, 0xBD6D, 0xB4ED, 0xBD0D, 0xBD2B, 0xBC6A, 0xB4AA,
    0x9B88, 0x9B27, 0x9B27, 0x8AE5, 0x92E5, 0x92C5, 0x8A84, 0x8AA6,
    0x8A65, 0x7A41, 0x6A20, 0x5A20, 0x51E0, 0x5060, 0x3100, 0x5220,
    0x5A60, 0x6304, 0x6324, 0x6B03, 0x7366, 0x7BEA, 0x8CAF, 0x9CF0,
    0x8CAE, 0x84AC, 0x8CAD, 0x8CAC, 0x952C, 0x9D0D, 0x8CEB, 0x850D,
    0x8D2F, 0x8D50, 0x8D10, 0x8551, 0x9551, 0x9490, 0x94F0, 0x9D11,
    0x94EF, 0xA593, 0x8CEE, 0x8C8B, 0x94AE, 0x948C, 0x94CE, 0xADF3,
    0x9D51, 0xA4F1, 0xA592, 0x9D91, 0x9D0F, 0xAD90, 0xAD90, 0xA550,
    0xADD4, 0xBE16, 0xB5F3, 0xB5F2, 0xBDF2, 0xB612, 0xBDB1, 0xC634,
    0xC5F3, 0xC5D3, 0xA550, 0xBDB1, 0xBE70, 0xAE2E, 0xBE71, 0xADCB,
    0xAD4A, 0xACCD, 0xB4CE, 0xC5F0, 0xCE30, 0xD5F0, 0xC5EF, 0xCE0F,
    0xC56D, 0xC58D, 0xC54C, 0xBCAB, 0xAC28, 0xA3C7, 0x9BA7, 0x9BC8,
    0x9B27, 0x9B67, 0x9B46, 0x8A84, 0x8224, 0x7A02, 0x69E0, 0x61C0,
    0x5100, 0x3120, 0x5240, 0x5AA0, 0x6280, 0x62A2, 0x6B26, 0x7BA8,
    0x7BC9, 0x73C8, 0x73CA, 0x8BEC, 0x8C6C, 0x8C6D, 0x8C6B, 0x8CAC,
    0x8D0D, 0x94EC, 0x950F, 0x94CD, 0x946D, 0x8C4C, 0x83CC, 0x8BCB,
    0x8C8E, 0x8CCE, 0x8D0E, 0x948E, 0x8C6D, 0x950F, 0xA5B1, 0x9DB2,
    0xAE15, 0x9571, 0x9D51, 0x94D0, 0x950F, 0xA593, 0x9CAF, 0x9550,
    0x9510, 0xA531, 0x9CEE, 0x94CD, 0x8C69, 0x8CCD, 0x8C6B, 0x9592,
    0xA5B2, 0xA590, 0xA54F, 0xA54F, 0xC634, 0xBDF2, 0xAD90, 0x946D,
    0x9C2C, 0xAC2D, 0xAC4D, 0xC531, 0xBD6F, 0xB56D, 0xAD0B, 0xB52D,
    0xCDB0, 0xCD90, 0xDE32, 0xE693, 0xDE50, 0xD58D, 0xC54D, 0xB4AB,
    0xAC29, 0xAC09, 0xAC28, 0xA3C8, 0xA387, 0xA368, 0x92A6, 0x8A65,
    0x79C3, 0x7A03, 0x69C1, 0x5980, 0x4000, 0x5240, 0x6282, 0x62C3,
    0x6BA7, 0x73C7, 0x7BA9, 0x7C2B, 0x948D, 0x8C8D, 0x8C8D, 0x8C6D,
    0x8C8E, 0x8C4C, 0x8C6C, 0x948F, 0x94D0, 0x8CEF, 0x8CEF, 0x9553,
    0x9D73, 0x9573, 0x9DF4, 0xAE15, 0xADD6, 0x9D53, 0xA5D3, 0xB615,
    0x9D52, 0xA513, 0x9CD0, 0x94B0, 0x94F0, 0xADB4, 0xB5D5, 0xAD31,
    0xA530, 0xADB2, 0xB531, 0xAD30, 0xA50F, 0x8CAB, 0x952F, 0x9CCD,
    0xA510, 0xABED, 0x7B26, 0x7BA9, 0xA48D, 0xA44D, 0xAC0F, 0xAC2B,
    0xB4CE, 0xC54F, 0xCC6E, 0xBCCD, 0xB54C, 0xAD2A, 0x8363, 0x9B08,
    0xA2A6, 0xA3CA, 0xB48E, 0xB48B, 0xACAC, 0xAC2C, 0xB42A, 0xB4CB,
    0xB48C, 0xBCCC, 0xB48C, 0xB48B, 0xB42A, 0xA367, 0xA387, 0xAB68,
    0xA3C8, 0x8AC4, 0x8284, 0x7A23, 0x7A01, 0x69A1, 0x58C0, 0x4040,
    0x5220, 0x6261, 0x5A42, 0x62A5, 0x6AA5, 0x6B06, 0x7308, 0x836A,
    0x7B49, 0x83CB, 0x83C9, 0x83C9, 0x83EA, 0x948B, 0x73C6, 0x73A5,
    0x83C9, 0x8C09, 0x946D, 0x946D, 0x9D11, 0x9D31, 0x94CE, 0xA5B3,
    0xC658, 0xC657, 0xC655, 0xD758, 0xBEF6, 0xCF58, 0xD79A, 0xE7BB,
    0xD757, 0xC6F6, 0xC718, 0xB615, 0xAD51, 0xAD12, 0xB570, 0xB571,
    0xB530, 0xB54F, 0xB58F, 0xA52C, 0xAD4C, 0xB54D, 0xA56E, 0xA50B,
    0xA56B, 0x9D49, 0xA54C, 0xAD0B, 0xA54B, 0xC670, 0xBD8D, 0xB50B,
    0xCDF1, 0xB4ED, 0x9369, 0xA44A, 0xA40B, 0x7A87, 0x8A88, 0xA3CA,
    0xAC4A, 0x8AE3, 0xA327, 0xA3A7, 0xA3E8, 0xAC29, 0xA3A8, 0x9B67,
    0x9326, 0x9B46, 0x8AC5, 0x8AC5, 0x8B06, 0x8244, 0x7A24, 0x7A21,
    0x6980, 0x58A0, 0x4000, 0x5200, 0x5A80, 0x5A82, 0x62A5, 0x6283,
    0x7368, 0x6B88, 0x742B, 0x74CB, 0x7C6C, 0x844C, 0x7C4B, 0x846C,
    0x842C, 0x8C4D, 0x8BEA, 0x948E, 0x94EE, 0x94CF, 0x9571, 0xAE15,
    0xAE35, 0xB678, 0xC75B, 0xAE76, 0x9DF4, 0xAE17, 0xBE38, 0xC617,
    0xC658, 0xD678, 0xC5D6, 0xC618, 0xDF7D, 0xDF9C, 0xD7BD, 0xF7FD,
    0xEFBC, 0xD77A, 0xCF59, 0xCF17, 0xBE53, 0xC695, 0xBE13, 0xB590,
    0xB50E, 0xAD4E, 0xA50D, 0xB570, 0xB50D, 0xBD8F, 0xD6B3, 0xBCAD,
    0xA3EA, 0xB50F, 0xA40A, 0x9C49, 0xB54D, 0xB58C, 0xB4AA, 0xBCCA,
    0xAC46, 0xBD2C, 0xA427, 0xA428, 0x9C47, 0xABEA, 0xAB68, 0x8AE6,
    0x7A22, 0x82E1, 0x8B23, 0x82C2, 0x8AC3, 0x8A83, 0x8244, 0x8AC5,
    0x7A43, 0x79E2, 0x71E1, 0x61E0, 0x61C0, 0x4840, 0x4A00, 0x59E0,
    0x59E0, 0x5A82, 0x62C4, 0x62C5, 0x5AE5, 0x6AE7, 0x6286, 0x62A6,
    0x6B8B, 0x6B8A, 0x744B, 0x740B, 0x84CF, 0x8CEE, 0x848D, 0x8C8D,
    0x8C8D, 0x8CAD, 0x842C, 0x842C, 0x846F, 0x6BA9, 0x842C, 0x9CD0,
    0x846D, 0x748C, 0x952E, 0x848D, 0x9550, 0xA5AF, 0xA5B1, 0x948D,
    0x9C6F, 0xACD0, 0x9530, 0x7CCD, 0xBE33, 0xCE53, 0xC613, 0xCE95,
    0xCE34, 0xC613, 0xC654, 0xCE74, 0xBDD3, 0xC5B1, 0xC54D, 0xCDD0,
    0xBD50, 0xB4EF, 0xB52F, 0xAC8A, 0xB52D, 0xACA9, 0xB489, 0xAC6B,
    0xB46B, 0xAC8C, 0xA4CE, 0xACCC, 0xA4CD, 0xA50F, 0xACEE, 0xA46B,
    0x9409, 0xAC08, 0xABE7, 0xA3A6, 0xAB87, 0x92C5, 0x92E4, 0x82C2,
    0x8A82, 0x8224, 0x7A23, 0x7A84, 0x8243, 0x71E1, 0x61C0, 0x5140,
    0x4000, 0x5260, 0x5281, 0x5AC3, 0x5B04, 0x62E4, 0x62A5, 0x62A5,
    0x6AE5, 0x73A9, 0x7C0A, 0x6B45, 0x69A2, 0x7226, 0x7247, 0x61C2,
    0x72E4, 0x840C, 0x7BEB, 0x7BAB, 0x73AB, 0x7C0C, 0x846D, 0x846E,
    0x950F, 0x94CF, 0x848C, 0x8CEE, 0x9D0F, 0x9CF1, 0x7C0C, 0x94CD,
    0x8C6B, 0x8C6D, 0x8CEB, 0x9DB0, 0x9DD1, 0xAD72, 0xBE12, 0xC676,
    0xBE56, 0xBE55, 0xD6B6, 0xC674, 0xBE93, 0xBE73, 0xCE94, 0xC651,
    0xC652, 0xBE12, 0xB5AF, 0xC612, 0xA58C, 0xB56E, 0xB56E, 0xBD0E,
    0xAC69, 0xACAC, 0xA4AD, 0xA48C, 0xA42C, 0xAC8E, 0xA42E, 0xA44B,
    0xA429, 0xA3AA, 0xAC28, 0xAC49, 0xA3C9, 0xAC28, 0xAC28, 0xA346,
    0x92E4, 0x8B04, 0x8A83, 0x8A83, 0x8283, 0x8223, 0x8283, 0x7A22,
    0x71C0, 0x69C0, 0x5980, 0x40A0, 0x5260, 0x5AA2, 0x62E2, 0x6305,
    0x6B46, 0x5BA8, 0x7CAD, 0x73ED, 0x62E9, 0x62E9, 0x7C70, 0x8532,
    0x8551, 0x9571, 0x9DF4, 0x95D4, 0x8C8D, 0x94AD, 0x9D51, 0x9530,
    0x9571, 0x8D0F, 0x9531, 0x84AF, 0x8510, 0x8D10, 0x8C8F, 0x84AD,
    0x8D0E, 0x9D2F, 0xA571, 0x952F, 0xA571, 0x9DB1, 0x94EE, 0x8D4D,
    0xADD1, 0xA5F1, 0xADB0, 0xB5D2, 0xAD8E, 0xB5D1, 0xCE56, 0xD6B8,
    0xD677, 0xD698, 0xCEB6, 0xCE74, 0xD636, 0xBD70, 0xD5F3, 0xC54F,
    0xC52F, 0xBCEE, 0xA42A, 0xACAA, 0xB4EC, 0xB48D, 0xAC8C, 0xB50F,
    0xA48A, 0x9C87, 0xA3C9, 0x9B89, 0x9B27, 0xABAA, 0xA388, 0x9386,
    0x9B87, 0x9B67, 0x6B21, 0x8282, 0x92C4, 0x82A1, 0x8AC4, 0x8283,
    0x8204, 0x71E1, 0x7220, 0x61C0, 0x50C0, 0x5100, 0x31A0, 0x5220,
    0x62C4, 0x5260, 0x62A4, 0x6AE7, 0x7328, 0x7BAA, 0x6BAB, 0x8CEF,
    0xA612, 0xBEF7, 0xAEB4, 0x9DD1, 0xB615, 0xDF1A, 0xC698, 0xA5B2,
    0xA572, 0x94AE, 0x9D51, 0x9D53, 0x9CF2, 0x9CD1, 0x94D0, 0xA551,
    0x9CB0, 0x9531, 0x952F, 0xA5B2, 0xA572, 0xA5D3, 0x9D71, 0xB5D4,
    0xB5D3, 0xBDB3, 0xD677, 0xBDD2, 0xAD70, 0xB591, 0xB5D2, 0xC653,
    0xCED5, 0xCF15, 0xCE94, 0xD6F8, 0xD6F7, 0xD6B5, 0xCE73, 0xCE75,
    0xD675, 0xC673, 0xB5F1, 0xCE74, 0xC5D0, 0xB52E, 0xBD70, 0xBD6E,
    0xBD4E, 0xAD0C, 0xACEB, 0xABA8, 0xB46C, 0xABEA, 0xBCAF, 0xA3CA,
    0x9348, 0xA3AB, 0x9B49, 0x9AE8, 0x9AE7, 0x9B67, 0x8B86, 0x8262,
    0x82C1, 0x82A2, 0x82A3, 0x7A01, 0x6980, 0x7A41, 0x6A00, 0x50E0,
    0x5100, 0x4040, 0x5A81, 0x62A3, 0x6B48, 0x6347, 0x6BA7, 0x744B,
    0x742B, 0x84AE, 0x8C8F, 0x842E, 0x8BED, 0xA4F2, 0x9CB2, 0x9CF1,
    0x7B69, 0x838A, 0xA5F5, 0xAE37, 0xA5F6, 0xA5F3, 0xA5D1, 0xA5B0,
    0x9E11, 0xAE31, 0xADF2, 0xAE12, 0xB674, 0xB613, 0xB634, 0xAE12,
    0xB612, 0xBE33, 0x9DB0, 0xBE74, 0xAE75, 0xAE36, 0xB676, 0xC6F9,
    0xEFFF, 0xC6B7, 0xCF38, 0xC696, 0xC6B5, 0xC6D5, 0xC693, 0xCEB4,
    0xCEB6, 0xBE53, 0xC693, 0xCEB5, 0xBE74, 0xC6F5, 0xCF57, 0xB733,
    0xB691, 0xBDEF, 0xB52D, 0xACCD, 0xAC4D, 0xACAD, 0xA50D, 0xB4CE,
    0xB56C, 0x9CA8, 0xA4EB, 0xAD0B, 0xACEC, 0x9C67, 0x9466, 0xA487,
    0x9327, 0x82A4, 0x7A62, 0x8304, 0x7AA2, 0x82A4, 0x8262, 0x79E3,
    0x7A22, 0x8280, 0x69E0, 0x58C0, 0x4060, 0x5220, 0x5A40, 0x5A82,
    0x5A64, 0x6B29, 0x62E8, 0x62C8, 0x6B09, 0x72E9, 0x5AA7, 0x6B6A,
    0x73EA, 0x6B89, 0x7409, 0x84ED, 0x8D0E, 0x848C, 0x948D, 0xA550,
    0x9D72, 0xAE34, 0x9E14, 0xAE98, 0x9E76, 0xA677, 0x95F3, 0x9DB2,
    0xA5D1, 0xADD1, 0xADF2, 0xADD2, 0xB613, 0xB5F2, 0xADB1, 0xADF2,
    0xBE53, 0xB633, 0xBDF2, 0xB611, 0xADCF, 0xBDF2, 0xC634, 0xC613,
    0xCDF5, 0xC614, 0xC655, 0xC614, 0xC697, 0xDF3A, 0xC613, 0xCDF4,
    0xC5B1, 0xBD91, 0xD573, 0xCD50, 0xB50D, 0xBD6F, 0xBD6F, 0xCDF1,
    0xBD4E, 0xBD4D, 0xABEC, 0xC4CF, 0x8AA6, 0x9ACA, 0xA3CC, 0x9B48,
    0x9B07, 0x8A87, 0xA2E9, 0x8B26, 0x8325, 0x7AA3, 0x7A64, 0x8264,
    0x8AA5, 0x8A85, 0x8A43, 0x7A20, 0x7240, 0x61E0, 0x5100, 0x38C0,
    0x4A00, 0x5260, 0x5200, 0x5A22, 0x5A44, 0x6B06, 0x6B27, 0x6307,
    0x7369, 0x7368, 0x7BAA, 0x7BC9, 0x6B07, 0x7B6A, 0x7B29, 0x7AE8,
    0x8BEB, 0x7347, 0x8469, 0x8CCD, 0x8D4F, 0x9612, 0x9DF2, 0x8D2F,
    0x9D0F, 0xADF4, 0xA5B2, 0xADD2, 0xBE15, 0xA592, 0xA5B2, 0xA592,
    0xA572, 0xB5D3, 0xB5F2, 0xBE14, 0xB591, 0xB570, 0xB551, 0xCDD5,
    0xC5B4, 0xBD91, 0xB570, 0xBDD0, 0xBDB2, 0xB5F3, 0xBDF2, 0xAD6F,
    0x9D0D, 0xBDB1, 0xBDF2, 0xBDD2, 0xC5D2, 0xBDB0, 0xBDB0, 0xB58E,
    0xC590, 0xBD4E, 0xAD0A, 0xA489, 0xBD4D, 0xB52C, 0xB4ED, 0xB54D,
    0xBDCD, 0xB4EA, 0xA44A, 0x9BE8, 0xAC6B, 0xA3C9, 0x82C5, 0x92E9,
    0x8AC7, 0x8AC6, 0x8AA5, 0x8AE5, 0x8264, 0x8284, 0x8244, 0x7220,
    0x59A0, 0x50A0, 0x4000, 0x59E0, 0x6282, 0x5A60, 0x5282, 0x5244,
    0x5A63, 0x5AE5, 0x5AC5, 0x6326, 0x6244, 0x6B46, 0x842B, 0x73C8,
    0x7407, 0x73E8, 0x8C6C, 0x8CED, 0x84CE, 0x850E, 0x9530, 0x84CE,
    0x9531, 0xA634, 0xA636, 0x94EF, 0x94ED, 0x946C, 0x8CCD, 0x746C,
    0x8CCF, 0x8CEF, 0x9530, 0x95AF, 0x8D0D, 0x8CEE, 0xA5B1, 0xA5B2,
    0xBEF7, 0xBFFC, 0x9F96, 0xAF77, 0xC79A, 0xD7FE, 0xC75A, 0xC694,
    0xBE12, 0xCE54, 0xCE32, 0xCE13, 0xCDF1, 0xC591, 0xCDF2, 0xACEB,
    0xBD2F, 0xBD2F, 0xC5AF, 0xC5B0, 0xBD4E, 0xC58F, 0xC530, 0xB46E,
    0xAC0A, 0xB48D, 0xA3AA, 0x9AE9, 0x8AC7, 0x8AE6, 0x9B47, 0x9305,
    0x8AC5, 0x9367, 0x8B04, 0x8AE6, 0x8AE6, 0x8AC4, 0x8B23, 0x8262,
    0x79E2, 0x79C1, 0x7200, 0x61A0, 0x50C0, 0x3880, 0x2A40, 0x2180,
    0x5220, 0x52A2, 0x6328, 0x6388, 0x6409, 0x73EB, 0x73CB, 0x6BEA,
    0x7C4B, 0x736C, 0x7369, 0x7BA9, 0x83EB, 0x7BEA, 0x842A, 0x944A,
    0x8C6C, 0x8C6D, 0x9510, 0x8CAF, 0x83EB, 0x7B89, 0x83CC, 0x848D,
    0x844D, 0x84AF, 0x8D0D, 0x6383, 0x8447, 0x94AB, 0x8BEC, 0x9CCE,
    0x9D30, 0xA52E, 0x8C4B, 0x848A, 0xA42C, 0xBCB1, 0xCE55, 0xC695,
    0xBE33, 0xC654, 0xBE34, 0xC674, 0xADD0, 0xBDF2, 0xBE11, 0xBDAF,
    0xC5F2, 0xCE34, 0xD656, 0xCE34, 0xC570, 0xBD50, 0xB50F, 0xACEF,
    0xB4EF, 0xB50F, 0xB50E, 0xB530, 0xACEE, 0xACAE, 0xACCC, 0xAC0A,
    0xABE9, 0x9B69, 0x9B89, 0x9309, 0x82A5, 0x8AC6, 0x7AC4, 0x8AA5,
    0x9326, 0x92C5, 0x8263, 0x8244, 0x7A23, 0x7202, 0x69C1, 0x50C0,
    0x3880, 0x6A42, 0x72E7, 0x6367, 0x6388, 0x7BCA, 0x6B28, 0x5A04,
    0x6246, 0x7347, 0x4A62, 0x73C8, 0x6BC7, 0x6BE9, 0x7C4D, 0x950C,
    0x952E, 0x9D51, 0xA58F, 0xA591, 0x9D30, 0x9D10, 0xA551, 0xA4EF,
    0xA5B2, 0x9CAE, 0x9CAD, 0xAD91, 0x7A87, 0x9C8E, 0x948F, 0x9CF2,
    0x8BCE, 0x7208, 0x838C, 0x8369, 0x6281, 0x5304, 0x840A, 0xA48A,
    0xCDCF, 0xAC2B, 0xCD12, 0xCE12, 0xC5F0, 0xCE33, 0xC612, 0xCE74,
    0xC632, 0xBE12, 0xC634, 0xB653, 0xAE11, 0xBDF2, 0xC654, 0xBD91,
    0xB4CE, 0xB4ED, 0xB52E, 0xAC4C, 0xA40B, 0xACAC, 0xAB6B, 0xA40B,
    0xABE7, 0xB429, 0xB46C, 0x93A4, 0x9387, 0x9B85, 0x9B46, 0x9B87,
    0xAB88, 0x9327, 0x9306, 0x9305, 0x8A85, 0x7AA2, 0x8243, 0x7201,
    0x69A0, 0x59E0, 0x58A0, 0x4080, 0x5261, 0x52A3, 0x5B46, 0x6B6B,
    0x744D, 0x746E, 0x8D12, 0xAE77, 0x952F, 0xA5B3, 0xBE77, 0xC656,
    0xCED8, 0xC696, 0xCF19, 0xBF36, 0xBF75, 0xB6D6, 0xB654, 0xAEB3,
    0xAE53, 0xA613, 0x95B2, 0x8D71, 0x8D91, 0x95F3, 0xA654, 0x9D90,
    0xAE33, 0xB674, 0xADD0, 0xB671, 0xBF75, 0xAEB3, 0xBF57, 0xCF7A,
    0xE79A, 0xF7BC, 0xE79C, 0xBF59, 0xD7FE, 0xEFFF, 0xDFFD, 0xEFFF,
    0xDFBB, 0xD738, 0xD717, 0xC653, 0xD676, 0xE6D9, 0xD6B5, 0xE718,
    0xD6B5, 0xD718, 0xD715, 0xD715, 0xDEB3, 0xD631, 0xCE11, 0xC5CF,
    0xBD6F, 0xB44B, 0xB4CD, 0xBD4D, 0xAC6B, 0xAC8C, 0xB44B, 0xB46A,
    0xB469, 0xB449, 0xB469, 0xAC06, 0xA3A6, 0x9326, 0x8AC5, 0x8AA4,
    0x82A1, 0x71C0, 0x6A02, 0x69E0, 0x59C0, 0x5120, 0x4060, 0x5A61,
    0x5A83, 0x5A63, 0x5A64, 0x5AC5, 0x62E2, 0x6B42, 0x6284, 0x7B8C,
    0x8CAE, 0x94CF, 0x9D73, 0x9D70, 0xA5B0, 0xADD4, 0xA510, 0xAD52,
    0xB5B5, 0xBE35, 0xB635, 0xBE34, 0xBE74, 0xC655, 0xC5D2, 0xB4CF,
    0xD5D3, 0xC635, 0xCF3A, 0xBF39, 0xAEB6, 0xCF9C, 0xDF9B, 0xE7B9,
    0xCF75, 0xDF78, 0xDF9A, 0xE7DA, 0xA692, 0xEFDD, 0xDF19, 0xC656,
    0xCE77, 0xE677, 0xDE78, 0xDED8, 0xF7DD, 0xEFBA, 0xFFFF, 0xE7F9,
    0xDF56, 0xE759, 0xDEB6, 0xDE12, 0xDDD1, 0xE632, 0xE653, 0xD632,
    0xCE11, 0xCDD2, 0xCD71, 0xD5D3, 0xD611, 0xCDAF, 0xD5F1, 0xC54F,
    0xC54D, 0xC52E, 0xBCEC, 0xBD0C, 0xBCEC, 0xC4AC, 0xB409, 0xA3C7,
    0x8AE5, 0x8283, 0x8241, 0x7A41, 0x7221, 0x7A45, 0x71E2, 0x61C0,
    0x5160, 0x4840, 0x5A60, 0x62C2, 0x6AE6, 0x6B64, 0x7387, 0x7BCC,
    0x94F0, 0x7C2A, 0x848E, 0x7BEE, 0x84D0, 0x958F, 0x9DB2, 0x9E15,
    0xA5F2, 0xA5D0, 0xAE33, 0xA58F, 0xBE73, 0xBE75, 0xB6B6, 0xAE56,
    0xB71A, 0xB7DF, 0xAFFF, 0xA77D, 0xAEFB, 0xC6DA, 0xBE99, 0xC6DA,
    0xBEF8, 0x9D92, 0xA531, 0xB592, 0xBDD3, 0xA46C, 0xBCCF, 0xAC8D,
    0xA42A, 0xB58E, 0xB58F, 0xB590, 0xAD6D, 0xAD4D, 0xA4ED, 0xA54F,
    0xA4AC, 0xA52F, 0xAD70, 0xA590, 0xB613, 0xB695, 0x8DD0, 0xA571,
    0xA54E, 0xACCD, 0xB50F, 0xB54E, 0xACAA, 0xAD0A, 0xB52B, 0xB4EC,
    0xBD2E, 0xC56F, 0xC58F, 0xD5F0, 0xCDAF, 0xCD6E, 0xC54E, 0xBCEC,
    0xB468, 0xA3A7, 0x9305, 0x8284, 0x82A2, 0x7A21, 0x7A20, 0x7A20,
    0x7160, 0x69C1, 0x5A00, 0x5100, 0x4020, 0x62A2, 0x6323, 0x62E3,
    0x7366, 0x7C0A, 0x7BE6, 0x83E6, 0x94CE, 0x94F1, 0x9570, 0xAE35,
    0x9D30, 0xA531, 0x9CAF, 0x9D0E, 0x9D71, 0xA552, 0xA570, 0xAE33,
    0x9D6F, 0xAE32, 0xADD2, 0x94EE, 0x9CEF, 0xAD11, 0xB512, 0x8C6D,
    0x94CE, 0x8CAE, 0x84AB, 0x7427, 0x850D, 0x8D4F, 0x954F, 0x850E,
    0x9EF4, 0xA693, 0xA693, 0x746E, 0x7C31, 0x8C8C, 0x7BC9, 0x8C4E,
    0xADB3, 0xADB1, 0xA50D, 0x946B, 0x8C49, 0xB4EF, 0xACEE, 0xB54F,
    0xBD90, 0xCE13, 0xC570, 0xAC4E, 0x9C0B, 0xA46A, 0xA40C, 0x8B07,
    0xA409, 0x9BE8, 0xA429, 0xAC69, 0xAC8A, 0xB4CC, 0xB4AD, 0xB4CC,
    0xB4CC, 0xB46A, 0xB409, 0xA3C9, 0x8AE6, 0x82C5, 0x82A4, 0x8281,
    0x7A01, 0x7A21, 0x69A0, 0x71A0, 0x69A0, 0x5160, 0x5020, 0x3800,
    0x5A80, 0x6301, 0x63A2, 0x63C5, 0x6B84, 0x7C4A, 0x94EE, 0x84CA,
    0x8D0F, 0x95D2, 0xA5D4, 0x9DD3, 0xAEB7, 0xAE35, 0x9DD1, 0x9DB1,
    0x9DD0, 0x958E, 0xA590, 0xADF3, 0xB634, 0xAE35, 0xA675, 0x8D50,
    0x8551, 0x74CD, 0x7C6D, 0x8CAE, 0x7BAA, 0x8BCC, 0x9C31, 0x9BCF,
    0x838A, 0x94AD, 0x942D, 0x8BAA, 0x8367, 0x7B06, 0xA42B, 0xA4CA,
    0x940A, 0xAD11, 0xACB0, 0x7BC8, 0x83CA, 0x948E, 0xA531, 0xA50D,
    0x946B, 0x9CCF, 0x83C8, 0x7B66, 0xB52F, 0x7B05, 0x93A8, 0xA3C9,
    0xA429, 0x9388, 0x9BC9, 0xA3E9, 0x9BA8, 0x9348, 0x9B88, 0x9366,
    0x9BA6, 0xA429, 0xA3C8, 0xA367, 0x9B46, 0x92E6, 0x92A6, 0x8A65,
    0x8283, 0x8A85, 0x7A22, 0x7A42, 0x7A21, 0x6200, 0x5920, 0x40C0,
    0x59A0, 0x4860, 0x29E0, 0x5240, 0x5A60, 0x5A60, 0x62A4, 0x5AC3,
    0x5B01, 0x52A3, 0x62E1, 0x7B87, 0x7C2D, 0x8530, 0x9CF1, 0xA572,
    0x954E, 0x9D70, 0x9D71, 0x9530, 0x9D52, 0x950F, 0x8CEF, 0x9D31,
    0x8CAE, 0xADB1, 0xB633, 0xBE34, 0xAE33, 0xAE33, 0x9D70, 0x9D6F,
    0x9D4D, 0x73C4, 0x8C67, 0x7BC8, 0x8BEB, 0x82E6, 0x834A, 0x8C30,
    0x8C0D, 0x9CAE, 0x95AA, 0x9D8A, 0x9D08, 0xA529, 0xBD0C, 0xB4CB,
    0xBD4C, 0x9C07, 0xB48D, 0xACEE, 0xA4CE, 0xA4AC, 0xB4D0, 0xA4CC,
    0xBD2F, 0xC590, 0xACCD, 0xA42B, 0x9B89, 0xB4CA, 0xAC69, 0xA428,
    0xA3E8, 0xA408, 0x9BE7, 0x8B05, 0x92E5, 0x9365, 0x9B86, 0x9326,
    0x8346, 0x8B06, 0x8AE6, 0x7A83, 0x82A4, 0x7A42, 0x7A61, 0x7A21,
    0x6A40, 0x69A0, 0x6180, 0x5180, 0x3040, 0x3860, 0x5240, 0x6281,
    0x62A1, 0x62C0, 0x5AE1, 0x6AC4, 0x6A82, 0x6B25, 0x7BCB, 0x7B29,
    0x7BAA, 0x7C8C, 0x748B, 0x6BEB, 0x7C2E, 0x848D, 0x84AD, 0x952F,
    0x84AE, 0x950F, 0x8D2F, 0x850F, 0x9510, 0x9530, 0x8D0F, 0x9D52,
    0xAD73, 0x94CF, 0xA614, 0x9E35, 0xB73A, 0xBF5A, 0xA652, 0xADCE,
    0xB5CF, 0xB60E, 0x8524, 0xA670, 0x8E4B, 0x956C, 0xC572, 0xAD0D,
    0xADCF, 0xCED4, 0xBED1, 0xBE90, 0xBE8E, 0xB62F, 0xA5AD, 0xB5F0,
    0xBE90, 0xAD4D, 0xB52F, 0xB50E, 0xB52F, 0xACCC, 0xA48B, 0xA48A,
    0x9C48, 0xAC4A, 0xA469, 0xA448, 0xA428, 0x9BE7, 0xA3C8, 0x9B46,
    0x92A4, 0x9B27, 0x9306, 0x92E3, 0x9346, 0x8AE5, 0x82A3, 0x8263,
    0x8262, 0x71E2, 0x69E0, 0x6A20, 0x69E0, 0x51A0, 0x51C0, 0x50A0,
    0x4060, 0x5260, 0x5AA0, 0x62C0, 0x6B67, 0x7C2A, 0x6BA7, 0x6BC8,
    0x844D, 0x6C27, 0x73E5, 0x7388, 0x7BC9, 0x8C0B, 0x83EA, 0x7C4B,
    0x7C29, 0x6B45, 0x7C4A, 0x8CEE, 0x9530, 0x952F, 0x8CCD, 0x9530,
    0x8D10, 0x9D51, 0x954F, 0xA634, 0xB655, 0xA530, 0xA4EF, 0xB572,
    0xAD51, 0xB5D5, 0xB678, 0xB676, 0xD71A, 0xEF5D, 0xE699, 0xF77C,
    0xD6F7, 0xCF55, 0xCF56, 0xCED4, 0xC6D7, 0xC677, 0xD677, 0xD636,
    0xDE16, 0xCDD2, 0xC570, 0xB4AE, 0xBCF0, 0xB4F0, 0x9C8D, 0x9CEE,
    0xA46D, 0xA369, 0xA3EA, 0xA46A, 0xAC4A, 0xAC4B, 0xA429, 0x8BA6,
    0xAC48, 0xAC6A, 0xAC69, 0x9BA8, 0xA369, 0x9285, 0x8AE5, 0x9B67,
    0x9305, 0x9B46, 0x8A83, 0x8263, 0x7A21, 0x7260, 0x71A1, 0x7A41,
    0x61A0, 0x6220, 0x5120, 0x3820, 0x5A80, 0x5A80, 0x5A81, 0x5AA1,
    0x62C3, 0x6325, 0x5B23, 0x5AA0, 0x7346, 0x7B48, 0x7BCA, 0x7B69,
    0x83EB, 0x94AE, 0x83CB, 0x94AF, 0x950F, 0x8C8D, 0x844C, 0x7C6A,
    0x846D, 0x8CCD, 0x94EE, 0x94EE, 0x948C, 0x94AE, 0x8C0B, 0x946B,
    0x952F, 0x9D70, 0xA571, 0xADD2, 0xB591, 0xBDD2, 0xBE35, 0xBDF4,
    0xB653, 0xC6D5, 0xB613, 0xC657, 0xDEB9, 0xC5D4, 0xD696, 0xCF18,
    0xC715, 0xBEF5, 0xBF35, 0xB64F, 0xC632, 0xC5F1, 0xC5B2, 0xC571,
    0xBD0F, 0xC4EF, 0xBCEF, 0xB52F, 0xACCC, 0xAC6D, 0xB50C, 0xACCB,
    0xB50B, 0xACAC, 0xACAB, 0xAC69, 0xAC89, 0xB449, 0xAC28, 0xA429,
    0xA3CA, 0x9347, 0x9BA7, 0x9366, 0x8B05, 0x8282, 0x7A41, 0x7240,
    0x6240, 0x61E0, 0x52A0, 0x5200, 0x69E0, 0x5120, 0x3860, 0x49A0,
    0x5260, 0x5AA3, 0x5AA2, 0x5AA3, 0x6325, 0x6B68, 0x7329, 0x6367,
    0x6B86, 0x73A7, 0x7BAA, 0x6BC8, 0x5B66, 0x6BC8, 0x6B68, 0x5B06,
    0x7388, 0x7BAA, 0x83A9, 0x8C09, 0x8C8B, 0x846B, 0x8469, 0x7C89,
    0x8CAD, 0x9D0F, 0x9D90, 0x9D30, 0xA591, 0x9D2F, 0xADF3, 0xB613,
    0xB5F4, 0xB633, 0xB613, 0xB593, 0xC615, 0xCE76, 0xBE53, 0xB610,
    0xD6D7, 0xD6B6, 0xCE35, 0xCE13, 0xCDD2, 0xCE13, 0xCE35, 0xCE55,
    0xCE95, 0xDEB5, 0xD673, 0xCE72, 0xCE73, 0xC632, 0xBDB0, 0xBD70,
    0xBD4F, 0xB4CD, 0xB4EE, 0xBD0E, 0xB4EC, 0xB4EE, 0xAC8C, 0xACAB,
    0xAC4B, 0xABE9, 0xABE8, 0x9B85, 0x9B46, 0x9B87, 0x9325, 0x9366,
    0x8B03, 0x82A4, 0x8281, 0x6A40, 0x7200, 0x79E0, 0x69A0, 0x59C0,
    0x5900, 0x4080, 0x52A2, 0x5AA2, 0x5A82, 0x5AA3, 0x6305, 0x6326,
    0x6B45, 0x6B46, 0x73E7, 0x7346, 0x7BA8, 0x6B87, 0x7B89, 0x8BAA,
    0x6AE6, 0x6B88, 0x73EA, 0x6B47, 0x6BA8, 0x84CB, 0x850C, 0x7C4A,
    0x844C, 0x9511, 0xB553, 0x8D2E, 0x8D2F, 0x9CAE, 0xA48E, 0xA510,
    0xA50F, 0xAD72, 0xADD3, 0xBE54, 0xBE74, 0xBE74, 0xBED5, 0xC6B5,
    0xB654, 0xBE55, 0xC695, 0xB633, 0xADF1, 0xBE33, 0xC632, 0xC653,
    0xBE73, 0xC693, 0xD6D3, 0xCEB2, 0xD6D4, 0xDEF8, 0xDEB6, 0xD632,
    0xD674, 0xD674, 0xCE53, 0xCE31, 0xD5F1, 0xD632, 0xCDB1, 0xCD70,
    0xCD6F, 0xBD0D, 0xB48B, 0xAC49, 0xAC4C, 0xA3A8, 0xA469, 0x93A7,
    0x9326, 0x9BA7, 0xA367, 0x92A5, 0x8283, 0x7A41, 0x8221, 0x6A40,
    0x5A60, 0x59C0, 0x51C0, 0x5080, 0x3800, 0x40E0, 0x5A20, 0x5261,
    0x52A2, 0x5AC5, 0x5AC5, 0x6326, 0x6B67, 0x7BA9, 0x7368, 0x7BA8,
    0x7C27, 0x844C, 0x8CCE, 0x8D91, 0x94CE, 0x94CF, 0x8CCD, 0x848C,
    0x8409, 0x9C8D, 0x9CEC, 0x9D2E, 0xA50F, 0x9D2F, 0xAD52, 0xB593,
    0xB635, 0xAE76, 0xB6B4, 0xA6D0, 0xBF13, 0xBE73, 0xBE52, 0xB632,
    0xB5B1, 0xB590, 0xADCF, 0xBE54, 0xC675, 0xBE53, 0xB652, 0xCE95,
    0xC693, 0xC672, 0xC674, 0xCEB5, 0xCEB7, 0xD6D9, 0xDEB7, 0xD6B4,
    0xC62F, 0xC60F, 0xC5F0, 0xBD8F, 0xBD8E, 0xD611, 0xD671, 0xD652,
    0xD651, 0xD631, 0xD5F0, 0xD5B0, 0xC52D, 0xB48A, 0xB4AA, 0xACE9,
    0x9BC6, 0xB3CA, 0xAB87, 0x9B26, 0x9345, 0x8B44, 0x8B04, 0x8A83,
    0x6A60, 0x71E0, 0x71E0, 0x72A0, 0x6200, 0x5100, 0x4001, 0x38C0,
    0x5240, 0x5A62, 0x6283, 0x62A4, 0x5B04, 0x6B24, 0x7348, 0x6B69,
    0x6325, 0x7447, 0x8CCC, 0x7C8C, 0x84EF, 0x840A, 0x8C2C, 0x840B,
    0x7C49, 0x84AB, 0x952E, 0x956C, 0x8D6D, 0x84C8, 0x9D2D, 0x950C,
    0x8D8D, 0xADB2, 0xAD93, 0xC657, 0xC676, 0xCED8, 0xCE78, 0xD6D8,
    0xE7BB, 0xD739, 0xEFDD, 0xE7DB, 0xEFDE, 0xEFBC, 0xDF59, 0xC6F6,
    0xD6F7, 0xDF18, 0xCED5, 0xCED5, 0xD717, 0xE758, 0xDF37, 0xDF16,
    0xC6B2, 0xDF16, 0xD673, 0xD653, 0xCE32, 0xC5F0, 0xBD90, 0xD612,
    0xDE72, 0xD611, 0xDE31, 0xCDCD, 0xD5EE, 0xCDAE, 0xD56E, 0xDDCE,
    0xD5AE, 0xD54D, 0xCCEB, 0xCD6C, 0xAC89, 0xB489, 0xAC09, 0x9AC5,
    0x9328, 0x92E4, 0x8264, 0x8301, 0x7240, 0x6240, 0x6A20, 0x6960,
    0x4880, 0x5021, 0x4040, 0x5220, 0x5261, 0x5281, 0x6B07, 0x7BED,
    0x6BC9, 0x6B67, 0x63A1, 0x7408, 0x83EA, 0x6A86, 0x6368, 0x7C0A,
    0x740B, 0x846C, 0x94EF, 0x94AF, 0x946D, 0x83E9, 0x7C2A, 0x942C,
    0x94CC, 0x950B, 0xA570, 0xAD4F, 0xADB0, 0x9D91, 0x956F, 0xAE12,
    0xBE96, 0xAE33, 0xADD3, 0xBE54, 0xAE11, 0xB653, 0xB653, 0xBE54,
    0xC674, 0xD718, 0xCEF7, 0xDF7A, 0xDF79, 0xCED6, 0xD717, 0xD717,
    0xCEB5, 0xD6B5, 0xCF14, 0xD6D4, 0xD694, 0xDF57, 0xD6F5, 0xC650,
    0xD693, 0xD694, 0xBDD0, 0xB52D, 0xAC8D, 0xB52E, 0xACCC, 0xC56E,
    0xCDAF, 0xC4EE, 0xC52D, 0xC4CC, 0xCD8C, 0xCD2C, 0xC48B, 0xBC6C,
    0xAC0B, 0x9B87, 0x9C27, 0xA40A, 0xB40C, 0x8AC5, 0x7A60, 0x7260,
    0x72A0, 0x5A40, 0x5180, 0x58E0, 0x4801, 0x38E0, 0x5220, 0x5280,
    0x5A82, 0x5221, 0x4A00, 0x5A83, 0x62A5, 0x734A, 0x7328, 0x62A4,
    0x6B47, 0x73C9, 0x83EA, 0x7BCB, 0x73C9, 0x6387, 0x6368, 0x7BA9,
    0x73A6, 0x8CC9, 0x8C47, 0x8427, 0x9469, 0x9CCC, 0x9D2E, 0x94EE,
    0xA530, 0xAD72, 0xA5B2, 0xAD91, 0xBDF5, 0xB634, 0xBE55, 0xBE95,
    0xC696, 0xB654, 0xC695, 0xC6D5, 0xC694, 0xC693, 0xB611, 0xB651,
    0xCED6, 0xC6F6, 0xD6F7, 0xD716, 0xEF79, 0xE738, 0xDED6, 0xD6D5,
    0xD694, 0xC5EF, 0xC610, 0xC5F0, 0xBDAF, 0xAD2D, 0xD613, 0xBCCB,
    0xB48A, 0xBD0D, 0xB4ED, 0x9C49, 0xB50C, 0xACEC, 0xBD0F, 0xBD0E,
    0xB4EC, 0xB4EC, 0xB4CB, 0xBCAC, 0xABEB, 0x9B88, 0x8AC5, 0x8B46,
    0x9307, 0x8AA2, 0x7220, 0x5A20, 0x59C0, 0x50E0, 0x48C0, 0x4020,
    0x38A0, 0x5240, 0x5A82, 0x5AC4, 0x63A8, 0x7C6E, 0x8BED, 0x844C,
    0x7CEC, 0x7D4D, 0x9E13, 0x9D51, 0x8C8C, 0x84EE, 0x8D0E, 0x8CD0,
    0x9CF1, 0xAD93, 0xA631, 0x8DF0, 0x8D2E, 0x952D, 0x9DAF, 0x9DD0,
    0x958F, 0xA5F0, 0xB5D0, 0xB655, 0xA5F3, 0xBE76, 0xBE96, 0xAE12,
    0xB612, 0xB5F2, 0xC675, 0xC6D6, 0xCED7, 0xC695, 0xC695, 0xCED7,
    0xC6B5, 0xE79B, 0xD759, 0xCE96, 0xDEF8, 0xDEF7, 0xD717, 0xD737,
    0xD6F5, 0xDF17, 0xDEF7, 0xDED5, 0xDED5, 0xE6D6, 0xCE52, 0xCE32,
    0xC631, 0xBDF0, 0xCE32, 0xDE56, 0xBCED, 0xC52E, 0xC50D, 0xCDF0,
    0xB4ED, 0xBD2E, 0xB4CD, 0xAC8C, 0xB46B, 0xAC49, 0xB48A, 0xAC69,
    0xAC4A, 0x8AE7, 0x8B06, 0x8264, 0x8282, 0x7221, 0x7240, 0x7A21,
    0x5A00, 0x51C0, 0x5080, 0x3800, 0x5A60, 0x5222, 0x5A62, 0x6142,
    0x61E1, 0x4AE2, 0x5BA5, 0x7BE7, 0x5964, 0x51A1, 0x5326, 0x6C0A,
    0x7C2C, 0x7B2A, 0x7BC9, 0x7BA7, 0x72E5, 0x72C4, 0x8BC7, 0x8C07,
    0x8C8A, 0x94AE, 0x94CD, 0x8CED, 0x852D, 0x8DD2, 0x9614, 0xC6D7,
    0xBE76, 0xAE15, 0xBE97, 0xBE76, 0xA633, 0xB654, 0xB5B2, 0xBDF3,
    0xCED6, 0xC6D6, 0xCEF7, 0xD6F8, 0xCE97, 0xC6D5, 0xD6F6, 0xC6D4,
    0xCEF6, 0xD6F7, 0xDEB6, 0xDEF6, 0xD6D6, 0xDED5, 0xDED6, 0xD6B5,
    0xD6B4, 0xDE95, 0xE675, 0xD5F3, 0xCDD0, 0xC5F0, 0xBE2F, 0xAD4C,
    0xBD6F, 0xC52E, 0xBCCE, 0xB4AC, 0xB4CC, 0xA428, 0xB4CC, 0xAC4A,
    0xABE9, 0x9328, 0xA388, 0xA408, 0x8B06, 0x9326, 0x8A84, 0x8283,
    0x8244, 0x9282, 0x60E0, 0x5980, 0x59E0, 0x48A0, 0x3840, 0x5220,
    0x5A21, 0x5A22, 0x5A05, 0x5AA4, 0x6384, 0x51C1, 0x5AA0, 0x6380,
    0x7322, 0x4121, 0x6223, 0x8444, 0x8C05, 0x8C86, 0x8CC8, 0xA56E,
    0x94EC, 0x9CEC, 0x9CED, 0xA530, 0x950C, 0x8CCB, 0x9CED, 0x93EA,
    0x8C6A, 0x53E9, 0x94CF, 0x950F, 0xA5B2, 0xADF3, 0xB654, 0xC6D7,
    0xC6F8, 0xCF5A, 0xCF19, 0xCED9, 0xCE96, 0xC695, 0xC693, 0xB62F,
    0xCE71, 0xBDEE, 0xCE51, 0xD6B3, 0xB62F, 0xCEF4, 0xDF17, 0xD6D6,
    0xD6B5, 0xDEF6, 0xDEB6, 0xD6D4, 0xD6F4, 0xD6D4, 0xCE52, 0xDE74,
    0xD632, 0xCDD0, 0xD631, 0xCE0F, 0xC5AF, 0xC58F, 0xC56F, 0xC4CD,
    0xBD0C, 0xC52E, 0xAC8A, 0xAC4A, 0xABEA, 0x9BA7, 0x9347, 0x8AA6,
    0x8AA5, 0x8AC5, 0x82A5, 0x7A21, 0x7220, 0x51A0, 0x6200, 0x5980,
    0x4840, 0x3840, 0x6242, 0x62E4, 0x6326, 0x6405, 0x6C4A, 0x8C11,
    0x7C0D, 0x94B1, 0x94AE, 0xBED6, 0xD7B8, 0xBF35, 0xB638, 0xC71C,
    0xC6BB, 0xB677, 0xAE70, 0x95AE, 0x9550, 0xA570, 0x9CCC, 0xA52D,
    0xA52F, 0x956E, 0x9D72, 0xAE36, 0xB5B2, 0xADB2, 0xBE16, 0xB5B4,
    0xA5D2, 0xC657, 0xCE16, 0xBDD3, 0xC676, 0xB614, 0xAE52, 0xBE52,
    0xC695, 0xC695, 0xBE92, 0xC6B3, 0xCEF4, 0xD6F6, 0xDF39, 0xE6F8,
    0xDEB6, 0xC653, 0xD6D5, 0xDEB5, 0xD673, 0xD693, 0xE6F6, 0xDED5,
    0xDEF5, 0xDF36, 0xD6F5, 0xD6F4, 0xE6D5, 0xDE94, 0xDE53, 0xE6B4,
    0xDE92, 0xD651, 0xD652, 0xD5F1, 0xD5F2, 0xC54F, 0xBCED, 0xBCAC,
    0xB44A, 0xA3E7, 0x9385, 0x9BA6, 0x9B27, 0x8AA5, 0x7A22, 0x7A01,
    0x61C0, 0x51C0, 0x59A0, 0x5040, 0x3120, 0x49C0, 0x5200, 0x6261,
    0x6264, 0x6243, 0x6323, 0x63A2, 0x7343, 0x6B24, 0x6B22, 0x5AA1,
    0x6BA8, 0x73C5, 0x83A7, 0x954E, 0x8C4A, 0x7365, 0x8CAA, 0x8C05,
    0x7BE4, 0x8C47, 0x7BA7, 0x7B08, 0x8C6C, 0x846A, 0x7BA7, 0xACF1,
    0x9CEF, 0x84AD, 0x956F, 0xA5D2, 0x9550, 0x94EF, 0xA530, 0xB550,
    0xBD50, 0xBDF1, 0xC633, 0xADD0, 0xBE10, 0xBE10, 0xBE52, 0xC654,
    0xBDF1, 0xB5F0, 0xCEF4, 0xC693, 0xCED5, 0xCEB4, 0xCE94, 0xDEF7,
    0xD6B6, 0xDED6, 0xDEB5, 0xDED5, 0xDEB5, 0xDED5, 0xD693, 0xD6B3,
    0xD6D4, 0xDE73, 0xDE51, 0xDE50, 0xDE50, 0xD610, 0xD58E, 0xCDCE,
    0xCDAE, 0xC56D, 0xBD2C, 0xB48B, 0xB409, 0xB428, 0xABC8, 0x9305,
    0x8AC5, 0x7A43, 0x79A0, 0x7200, 0x51A0, 0x48E0, 0x5000, 0x2940,
    0x5A01, 0x5A44, 0x52C2, 0x5B67, 0x5B89, 0x6B88, 0x7329, 0x7C0A,
    0x7BE8, 0x73C7, 0x7C09, 0x83A7, 0x73E7, 0x5BA6, 0x42A1, 0x4B64,
    0x736B, 0x6345, 0x6C06, 0x7C89, 0x7C8A, 0x8CEC, 0x9D90, 0x946B,
    0x8BCA, 0x9530, 0x85D2, 0x8CEE, 0x9D71, 0xA551, 0x9C8E, 0x9D0D,
    0xA5CD, 0xAE31, 0x9D6E, 0xAE11, 0xB5B1, 0xB5B1, 0xA56E, 0xBE31,
    0xADAF, 0xADAE, 0xB590, 0xB56F, 0xC5D3, 0xB550, 0xBDB0, 0xD653,
    0xCE52, 0xC611, 0xBE90, 0xC6D3, 0xB651, 0xCEB5, 0xCEB5, 0xCE52,
    0xD673, 0xCDF1, 0xCDF1, 0xC5CF, 0xCDCF, 0xCDEF, 0xD5AF, 0xCD4E,
    0xCD8C, 0xC58D, 0xC50C, 0xC50C, 0xC52C, 0xBC8A, 0xBC8A, 0xC4CB,
    0xBC28, 0xAC07, 0xA3A6, 0x92C6, 0x8263, 0x7980, 0x69E0, 0x5140,
    0x50A0, 0x3840, 0x3160, 0x4A80, 0x5241, 0x5242, 0x5A43, 0x5A84,
    0x6326, 0x5B05, 0x42A3, 0x6B28, 0x7308, 0x6B88, 0x6BE8, 0x7C2A,
    0x7BCA, 0xA432, 0x944C, 0x954B, 0x8D2A, 0x846B, 0x8409, 0x7C29,
    0x7408, 0x7BEA, 0x7C2B, 0x9550, 0x9C6E, 0x8C4C, 0x8CED, 0x9D50,
    0x950D, 0x952E, 0xAD32, 0x938F, 0xB4F2, 0xC5D2, 0xADD1, 0xA54E,
    0xB5D0, 0xCE34, 0xB5B0, 0xB611, 0xC673, 0xB60F, 0xB5EF, 0xB5AF,
    0xB54E, 0xBD6F, 0xB5AF, 0xBDB0, 0xAD0D, 0xA4A9, 0xC5D1, 0xC5F0,
    0xC5D2, 0xCEB4, 0xC6B4, 0xBDD0, 0xCE11, 0xCDD0, 0xCDD0, 0xBD4E,
    0xC570, 0xC5D1, 0xACEA, 0xB468, 0xBCC9, 0xBCA8, 0xB467, 0xB468,
    0xB448, 0xB3E8, 0xABA4, 0xABC5, 0xABC6, 0xA3A7, 0x8AC5, 0x8264,
    0x7A01, 0x69E1, 0x4060, 0x5080, 0x4080, 0x3900, 0x4980, 0x5220,
    0x5221, 0x5A43, 0x5A42, 0x5A83, 0x6AC5, 0x7327, 0x7346, 0x6B26,
    0x7B48, 0x72C7, 0x6B27, 0x6385, 0x1BE0, 0x4363, 0x62E5, 0x6BE8,
    0x6C27, 0x7447, 0x7C89, 0x7C47, 0x8CAA, 0x7C49, 0x73E6, 0x7C88,
    0x94CD, 0x840A, 0x7BA9, 0x7344, 0x7345, 0x6B64, 0x7C85, 0x5C06,
    0x6BC6, 0x9469, 0x9448, 0x9468, 0x7C67, 0x8C48, 0xA48C, 0xA48A,
    0xA4EB, 0xB5F0, 0xADCE, 0xB60F, 0xAD6F, 0xBDAF, 0xBDD0, 0xB5EF,
    0xD653, 0xC5F0, 0xCDF1, 0xC5F0, 0xB54C, 0xD611, 0xB58E, 0xC5D0,
    0xC58F, 0xC5B0, 0xCDB1, 0xC54E, 0xAC8A, 0xA4A7, 0xA4A9, 0xAC48,
    0xA3C8, 0xA3C7, 0xA3A7, 0xA3A7, 0xA387, 0x9B47, 0x9B46, 0x9B27,
    0x9B46, 0x8282, 0x7A44, 0x7A83, 0x7220, 0x6200, 0x5100, 0x4060,
    0x3880, 0x5220, 0x5240, 0x5A81, 0x5AE3, 0x5AC1, 0x6304, 0x52A4,
    0x6327, 0x6B68, 0x6B46, 0x6B86, 0x73A6, 0x7387, 0x7BC8, 0x840A,
    0x84AD, 0x7C2A, 0x83CA, 0x844A, 0x844B, 0x844C, 0x842A, 0x844A,
    0x94EC, 0x8C49, 0x7BC9, 0x7BE9, 0x850E, 0x9E13, 0x84ED, 0x9DD2,
    0x9D52, 0x9CAE, 0xA58E, 0x8CEC, 0xA50F, 0xA5B0, 0x9D0D, 0xAD0E,
    0xAD90, 0xA54E, 0x9D0B, 0xA48B, 0xA4AA, 0x9C49, 0xAD2B, 0xAD8E,
    0xAD6E, 0xB56F, 0xADCE, 0xADAE, 0xB58F, 0xC611, 0xC5F1, 0xC5F1,
    0xCDF1, 0xC5F0, 0xC5D0, 0xC5B0, 0xCDD0, 0xC510, 0xCD51, 0xC5B0,
    0xA407, 0x9BA8, 0x9428, 0xA3E8, 0x8B85, 0x9346, 0x9346, 0x9368,
    0x9328, 0x9367, 0x9347, 0x92E6, 0x8B04, 0x92C6, 0x7A82, 0x7A42,
    0x6A00, 0x5160, 0x4880, 0x3100, 0x5240, 0x5261, 0x5261, 0x5262,
    0x62A4, 0x6325, 0x6B25, 0x5AE1, 0x5301, 0x6366, 0x73CA, 0x7C4D,
    0x846B, 0x7429, 0x7C0A, 0x73AA, 0x7387, 0x6B66, 0x6B46, 0x62E6,
    0x6B67, 0x7BC8, 0x6B88, 0x7B89, 0x840B, 0x846B, 0x844A, 0x8388,
    0x8368, 0x8428, 0x8429, 0x8C8B, 0x844A, 0x8369, 0x83C9, 0x7BC5,
    0x73C6, 0x7C07, 0x7C27, 0x6B42, 0x73A4, 0x94CA, 0x8C69, 0x9CAA,
    0xA4EB, 0xA52B, 0xAD4D, 0x9D28, 0xAD4D, 0xBDD0, 0xB5AF, 0xADAF,
    0xBE11, 0xC5F1, 0xC611, 0xCDF1, 0xC5F1, 0xCDF0, 0xCE11, 0xC58F,
    0xB56E, 0xC58F, 0xC50F, 0xBCEE, 0xB489, 0xAC28, 0xA3A7, 0x8B07,
    0x9348, 0x9B68, 0x9346, 0x9B67, 0x9326, 0x8B05, 0x8B05, 0x8AE5,
    0x8AE5, 0x7A62, 0x82A4, 0x6A00, 0x51C0, 0x4860, 0x3880, 0x5220,
    0x5A40, 0x5261, 0x5241, 0x5AC3, 0x5A63, 0x5B02, 0x6AC3, 0x7345,
    0x7326, 0x7325, 0x5AC0, 0x5A85, 0x6308, 0x7BE9, 0x7363, 0x7300,
    0x7364, 0x83A9, 0x8C0A, 0x946E, 0x844D, 0x7BEA, 0x6BA8, 0x63C7,
    0x7347, 0x7B89, 0x83EB, 0x8C8C, 0x9D2E, 0x9D0E, 0x94CC, 0x7C28,
    0x8469, 0x8CCA, 0x94AB, 0x9C6A, 0x8BC7, 0x8C26, 0x9D4D, 0x9C8B,
    0x9449, 0x94EB, 0x94CA, 0x9C8A, 0x9C48, 0x93E7, 0xAD0C, 0xAD2E,
    0x9CCB, 0xAD2E, 0xCDD1, 0xB52F, 0xB54E, 0xCE53, 0xCE12, 0xBDF1,
    0xC5D0, 0xCE12, 0xCDF1, 0xC5F0, 0xBDD0, 0xC5AF, 0xC550, 0xB48C,
    0x9BE7, 0xAC27, 0xA3E6, 0x9326, 0x9366, 0x9367, 0x9B87, 0x9B66,
    0x9306, 0x9B27, 0x8B24, 0x8263, 0x8263, 0x8300, 0x7A01, 0x5A20,
    0x48A0, 0x3140, 0x4A40, 0x4A20, 0x52A2, 0x62A5, 0x6264, 0x62A5,
    0x6325, 0x6365, 0x63C3, 0x6BC5, 0x7C29, 0x8C69, 0x94A8, 0x8408,
    0x7389, 0x7BEC, 0x7BCB, 0x7368, 0x7BA9, 0x73A9, 0x73C8, 0x7BE6,
    0x8448, 0x948A, 0x9469, 0x8CA9, 0x7C88, 0x8488, 0x8469, 0x8C6A,
    0x94EC, 0x9D0D, 0x94ED, 0x9D0C, 0xA50D, 0xA590, 0x9D4E, 0x9D4E,
    0xA4AF, 0x93A8, 0x9428, 0x948A, 0xA46A, 0x9469, 0xA50B, 0xACEC,
    0xA4CC, 0xA4CB, 0xA4EC, 0xAD2D, 0xB50E, 0xB5F0, 0xBE53, 0xD674,
    0xD654, 0xD653, 0xDE74, 0xD673, 0xCE12, 0xCE72, 0xDE94, 0xDE13,
    0xC5F1, 0xCD90, 0xD5B2, 0xB48C, 0xAC2B, 0xAC09, 0xA3A7, 0xA3C8,
    0x9B88, 0x9B67, 0x9B46, 0x9B26, 0x92C4, 0x8AE3, 0x82C2, 0x7A63,
    0x79A1, 0x6960, 0x59E0, 0x50E0, 0x3080, 0x5260, 0x52A2, 0x52E4,
    0x5325, 0x5387, 0x642A, 0x83EE, 0x7B0B, 0x7BA8, 0x846A, 0x84A9,
    0x7C8C, 0x842B, 0x8C6C, 0x8CAC, 0x8BE9, 0x8C4D, 0x9D30, 0x944B,
    0x8BA9, 0x842B, 0x8C4B, 0x7368, 0x73C6, 0x8469, 0x8CAB, 0x94AC,
    0xAD6F, 0xA56E, 0xA5B1, 0x9D30, 0x950F, 0xAD92, 0xA591, 0x9D0F,
    0x9C8C, 0xA4CE, 0x9CAC, 0xA54F, 0xA50E, 0x9CEC, 0xA54E, 0x9CEC,
    0xA4ED, 0xAD2D, 0x9D4B, 0xA56C, 0xB58E, 0xAD6B, 0xBDAF, 0xD633,
    0xCE94, 0xCED5, 0xD6B6, 0xD674, 0xCE94, 0xCE52, 0xDE94, 0xDED4,
    0xD632, 0xCDD1, 0xCDB1, 0xACAC, 0xB4CD, 0xBC8D, 0xB44D, 0xB44C,
    0xA3A9, 0xA3E8, 0xABC8, 0x9B67, 0x9B89, 0x9B87, 0x8B65, 0x8AA2,
    0x8A83, 0x7A81, 0x7AA2, 0x7A60, 0x6100, 0x58E0, 0x5140, 0x4060,
    0x5281, 0x5A43, 0x5A45, 0x6306, 0x7346, 0x62E3, 0x5B24, 0x5AE2,
    0x6B27, 0x6308, 0x5B47, 0x6B89, 0x6388, 0x6367, 0x63A8, 0x63C8,
    0x7325, 0x6A65, 0x7389, 0x5B62, 0x7AC1, 0x93E8, 0x84CA, 0x9571,
    0x8C8B, 0x8C28, 0x8C4A, 0x8C4A, 0x8C8B, 0x946B, 0xAD0F, 0x9CCC,
    0x9C6C, 0xA4EF, 0xA591, 0xA5CF, 0xA5EE, 0xAD6D, 0x946A, 0x94AB,
    0x9D0D, 0xA52E, 0xAD6F, 0xBDF1, 0xBE11, 0xB5EE, 0xB5EE, 0xB630,
    0xCE73, 0xC653, 0xCED4, 0xDEF7, 0xE6B7, 0xDEF7, 0xD6D5, 0xDE96,
    0xD6B5, 0xD6B4, 0xDEB6, 0xDEB4, 0xCE11, 0xC5AF, 0xBD4D, 0xC5D0,
    0xC58F, 0xBCED, 0xBCAD, 0xA3E8, 0xA3C7, 0xB42A, 0xAC49, 0xABE7,
    0xA3A8, 0xA3E8, 0x9BA8, 0x8AC4, 0x82A2, 0x82A3, 0x7AE2, 0x71E0,
    0x6180, 0x50C0, 0x4080, 0x5A20, 0x5283, 0x4A81, 0x5181, 0x41C1,
    0x49A4, 0x6288, 0x5326, 0x5B25, 0x73C7, 0x8C8B, 0x7BCA, 0x844A,
    0x9C92, 0xAD71, 0x9674, 0x8734, 0x8610, 0xA551, 0xAD73, 0x9616,
    0x8D70, 0xB4EA, 0xB5CF, 0x95B1, 0x8D92, 0x9D70, 0xA551, 0xC69A,
    0xB637, 0xA5D3, 0xA5D2, 0xAE0F, 0xB5CE, 0xC632, 0xC656, 0xB674,
    0xA671, 0xAE30, 0xBDD0, 0xC5D1, 0xBDD1, 0xC694, 0xCEB5, 0xC6B3,
    0xD6B5, 0xC673, 0xB670, 0xC672, 0xD674, 0xD6D6, 0xDED7, 0xD695,
    0xDEB6, 0xDED7, 0xE6F8, 0xE6F8, 0xD6B5, 0xD694, 0xD672, 0xD653,
    0xDE52, 0xEE96, 0xCD91, 0xC58F, 0xCDF1, 0xBD4E, 0xC50F, 0xD591,
    0xBCED, 0xB46C, 0xB429, 0xA387, 0x8AE3, 0x8B85, 0x8B25, 0x9304,
    0x8AC2, 0x7221, 0x6260, 0x59A0, 0x50C0, 0x3860, 0x52E3, 0x52A4,
    0x6347, 0x53A9, 0x53CB, 0x7C8E, 0x8C8B, 0x8CEF, 0x9551, 0x7C4F,
    0x8C2E, 0x846D, 0x94EF, 0x6C09, 0x83CC, 0xAB4F, 0x9BD1, 0x8D14,
    0x8E75, 0x9E53, 0xA52D, 0x954C, 0x7DD0, 0x84CC, 0xA58F, 0x9D4C,
    0x9DF5, 0x9634, 0x9651, 0xA674, 0xC79A, 0xDFDD, 0xD75D, 0xC71D,
    0xC6D7, 0xD694, 0xDE77, 0xDE58, 0xCF17, 0xC777, 0xC716, 0xD6B5,
    0xB50E, 0xBDB0, 0xC673, 0xC672, 0xD6D4, 0xE6F9, 0xDEF8, 0xDF38,
    0xDF38, 0xE739, 0xDF17, 0xD6F6, 0xDF18, 0xDEB6, 0xD6B3, 0xD693,
    0xD6D4, 0xD6D3, 0xD715, 0xD6B3, 0xDEB3, 0xDE93, 0xD5F1, 0xD611,
    0xD631, 0xCD8F, 0xC56E, 0xB4AC, 0xB46B, 0xB429, 0xA3A8, 0x8B05,
    0x8B44, 0x8AE3, 0x8283, 0x79C1, 0x69E0, 0x6280, 0x59E0, 0x4880,
    0x3880, 0x5241, 0x5262, 0x5A20, 0x6221, 0x6AA2, 0x5A00, 0x5A21,
    0x61C0, 0x5900, 0x52C0, 0x6B23, 0x4B41, 0x5AC2, 0x6B87, 0x63C9,
    0x4AC2, 0x5B05, 0x7305, 0x69E3, 0x62C5, 0x7428, 0x93E7, 0xA48A,
    0x8C08, 0x8348, 0x8C43, 0x94A8, 0x9C4D, 0x94F1, 0x7D0E, 0x9E13,
    0xADB1, 0x9D08, 0xAD4E, 0xAE33, 0xAE10, 0xA5AE, 0xADD0, 0xB570,
    0xB550, 0xADB1, 0xC695, 0xE718, 0xB5D0, 0xBE94, 0xD6F7, 0xD716,
    0xDF17, 0xDF18, 0xE739, 0xE77A, 0xDF58, 0xEF5A, 0xF77B, 0xE718,
    0xDEF6, 0xDF57, 0xDF36, 0xE716, 0xE758, 0xDF35, 0xDE93, 0xD632,
    0xD612, 0xDE94, 0xD611, 0xD651, 0xD5F0, 0xBD2D, 0xB4AD, 0xB449,
    0xABE9, 0x9386, 0x9305, 0x8AE4, 0x8B24, 0x7B23, 0x7A42, 0x69C0,
    0x61A0, 0x50C0, 0x4000, 0x38A0, 0x5221, 0x5A41, 0x5A82, 0x5AC4,
    0x6AC5, 0x62A5, 0x5366, 0x63E8, 0x7BA7, 0x7BC3, 0x8C6A, 0x4BC4,
    0x6384, 0x8B67, 0x7BAA, 0x7D0F, 0x6409, 0x84EE, 0x8CCD, 0x83C9,
    0x844B, 0x7449, 0x7365, 0x8464, 0x9CEA, 0x94CB, 0x9D8E, 0xA58F,
    0xAC91, 0xB513, 0xB592, 0x9D50, 0xA570, 0xACEC, 0xA48A, 0x9CCD,
    0x9CCC, 0xA50E, 0xB5D1, 0xAD6F, 0xBE13, 0xADF1, 0xBE95, 0xD6F8,
    0xDF37, 0xD758, 0xCF17, 0xD6B5, 0xD6B4, 0xDF37, 0xDED5, 0xD6B5,
    0xDEF9, 0xEF7A, 0xE6F7, 0xDEB5, 0xE6D7, 0xD6B4, 0xD6B3, 0xDED4,
    0xCD8F, 0xBD4E, 0xBD4E, 0xB48D, 0xBCCE, 0xD612, 0xCDF1, 0xCD8F,
    0xBCED, 0xB4AB, 0xAC49, 0x9B67, 0x9326, 0x8B06, 0x9305, 0x8B03,
    0x8303, 0x7A62, 0x7A01, 0x71E0, 0x5140, 0x4800, 0x3840, 0x5A41,
    0x5A42, 0x5A82, 0x5AC4, 0x52E4, 0x5B47, 0x6B68, 0x7349, 0x6BA9,
    0x6B69, 0x838A, 0x93E9, 0x8BE9, 0x8C2A, 0x7C48, 0x8C4C, 0x8B89,
    0x83EA, 0x846C, 0x6BC9, 0x948D, 0x94CB, 0x952F, 0x8C8D, 0x94A9,
    0x946A, 0x944C, 0x8C4B, 0x958D, 0x9D4D, 0x8C8E, 0x9510, 0x84AD,
    0x8CAE, 0x952D, 0x94AB, 0xA4EC, 0x9CAB, 0x8C69, 0x94AA, 0xA4CC,
    0x9D0E, 0x83E8, 0xA52F, 0xA52E, 0x9D0D, 0xB54F, 0xADB0, 0xB5B0,
    0xC633, 0xBE93, 0xDED6, 0xDE94, 0xB5EF, 0xB611, 0xC653, 0xD633,
    0xCDD1, 0xC5F0, 0xC5F1, 0xBD0D, 0xC54F, 0xBD2E, 0xB58E, 0xB4AC,
    0xB4AC, 0xC50F, 0xBD4E, 0xACAB, 0xABC9, 0x9B68, 0x8B26, 0x9B27,
    0x8B06, 0x8AA6, 0x8AE6, 0x8B65, 0x8303, 0x7241, 0x6200, 0x61C0,
    0x4860, 0x3840, 0x5241, 0x5A84, 0x62E5, 0x6B06, 0x62A6, 0x62C6,
    0x5AA5, 0x62E6, 0x7347, 0x7BC9, 0x7C09, 0x8CCA, 0x8CE8, 0x8C8B,
    0x94CB, 0x73E8, 0x744B, 0x7C2D, 0x8BEB, 0x8C8D, 0x7C0B, 0x7BC7,
    0x7385, 0x6B43, 0x7408, 0x83E8, 0x83E8, 0x7B28, 0x7A46, 0x6A64,
    0x6AE4, 0x7308, 0x83E9, 0x83A9, 0x844A, 0x84C7, 0x8CC9, 0x8448,
    0x8C29, 0x946C, 0x8C07, 0x8C29, 0xB58F, 0xADAE, 0x9D2E, 0xADF1,
    0xA4CC, 0xB54E, 0xB5D1, 0xB54F, 0xAD2C, 0xADF1, 0xAD8F, 0xC571,
    0xBDD1, 0xBDD0, 0xBD90, 0xCDF2, 0xD5F2, 0xB50D, 0xC5F1, 0xCDD1,
    0xD591, 0xBD6F, 0xD631, 0xBD0F, 0xB44C, 0xAC4A, 0xA489, 0xA449,
    0xA388, 0x9B89, 0x9B68, 0x9326, 0x92E6, 0x8AE6, 0x82A2, 0x82E1,
    0x7A60, 0x7220, 0x69E0, 0x5100, 0x3880, 0x5243, 0x5281, 0x52C1,
    0x5A61, 0x5A43, 0x5AC5, 0x6368, 0x842C, 0x83CC, 0x8C0B, 0x8C8C,
    0x7C4B, 0x840A, 0x5AA1, 0x7327, 0x8C2B, 0x7BA8, 0x73C7, 0x7347,
    0x7B07, 0x8C4C, 0x846C, 0x8C2C, 0x8428, 0x8469, 0x6C46, 0x7447,
    0x7CA8, 0x858B, 0xA693, 0xB695, 0xA5CF, 0x9DB0, 0x94EC, 0x9429,
    0x8BAA, 0x93CA, 0x944A, 0x9CEB, 0xACEB, 0x94A8, 0xA54C, 0x948A,
    0x9CAB, 0xAD0C, 0xA50C, 0x9DB0, 0xB5D1, 0xBD70, 0xB56F, 0xCDF3,
    0xCD71, 0xB58F, 0xBD90, 0xCD90, 0xAD2D, 0xC612, 0xC590, 0xCDD1,
    0xCE12, 0xD653, 0xC5F0, 0xC5AF, 0xC52F, 0xBD4E, 0xACCB, 0xAC49,
    0xAC0A, 0xAC0A, 0xAC09, 0x9B87, 0xA368, 0x9386, 0x9346, 0x9326,
    0x82E4, 0x8AA6, 0x8B24, 0x7A81, 0x79E0, 0x5A40, 0x5100, 0x3140,
    0x5A01, 0x5A41, 0x5A21, 0x62C0, 0x6303, 0x6AE8, 0x6B07, 0x6AE6,
    0x6B28, 0x6B48, 0x6345, 0x73AA, 0x73CB, 0x844A, 0x7C09, 0x6B44,
    0x7AC8, 0x840C, 0x848C, 0x7C6B, 0x7BCB, 0x7BA6, 0x8428, 0x8C28,
    0x9369, 0x8CEA, 0x8CAB, 0x8C2B, 0x93EE, 0x7B69, 0x72A9, 0x79C6,
    0x8345, 0x846A, 0x8C8A, 0x8427, 0x9487, 0x9C28, 0x9489, 0x8CA8,
    0xA4EE, 0x9C4A, 0x9CEB, 0xB550, 0xA48B, 0x9408, 0xAD6E, 0x950A,
    0xA4CB, 0xB5D0, 0xA52C, 0xACEC, 0xAD4D, 0xADAD, 0xBDD0, 0xC5D1,
    0xBDF0, 0xC5B0, 0xB590, 0xCD91, 0xCDB0, 0xC590, 0xC5D0, 0xCD91,
    0xBCCE, 0xBD4E, 0xB4AC, 0xABA8, 0xABE8, 0xB44B, 0xA429, 0x9B66,
    0x9387, 0x8B25, 0x82E4, 0x8AC5, 0x8283, 0x82C4, 0x7A63, 0x71A0,
    0x51E0, 0x50C0, 0x3880, 0x5241, 0x5A84, 0x62C7, 0x7327, 0x6B27,
    0x5A84, 0x6AA6, 0x6BCA, 0x6389, 0x7BAB, 0x8C4E, 0x842A, 0x7C2A,
    0x946E, 0x8C4D, 0x850D, 0x84AC, 0xA42E, 0x8B2A, 0x84A7, 0x8C06,
    0x7B65, 0x83EB, 0x844B, 0x8349, 0x7247, 0x6A06, 0x4AA4, 0x6282,
    0x61E0, 0x5B02, 0x6304, 0x62C5, 0x8B6B, 0x7C2A, 0x8D0F, 0x9D90,
    0xAD12, 0xC554, 0xB5D2, 0xA54F, 0xB5B1, 0xB5F0, 0x9D4B, 0xAD8F,
    0xC674, 0xDE75, 0xBDF1, 0xBDF1, 0xC5B1, 0xC5D1, 0xC5F2, 0xB56F,
    0xAD71, 0xA5D0, 0xCDB1, 0xB4CD, 0xC54F, 0xBD2E, 0xBD4F, 0xC590,
    0xBD4F, 0xACEC, 0xB54E, 0xC54F, 0xB42B, 0xACA9, 0xB4ED, 0xB4AC,
    0xB48C, 0xAC6A, 0xA387, 0x9326, 0x8AE3, 0x92E5, 0x8AC5, 0x7A41,
    0x7260, 0x7261, 0x7200, 0x61C0, 0x5060, 0x3140, 0x5A43, 0x5AC1,
    0x5AC0, 0x5A61, 0x6B07, 0x6BA9, 0x6B47, 0x6B07, 0x7328, 0x6B66,
    0x6AE5, 0x8349, 0x83A8, 0x6C07, 0x7BEB, 0x83C9, 0x6C6A, 0x756A,
    0x7C0C, 0x7BAD, 0x742D, 0x7C2B, 0x7AE7, 0x7308, 0x5365, 0x52A3,
    0x7AE4, 0x9D0C, 0x858F, 0xA5F1, 0xADB3, 0xADB3, 0x9DB1, 0x952C,
    0xA4CB, 0x9C4C, 0x9D4C, 0xB653, 0xA56F, 0xC5D3, 0xBE32, 0xB591,
    0xBD92, 0xBDF2, 0xE6D8, 0xC5D2, 0xAD8F, 0xB56F, 0xD5F3, 0xC5F2,
    0xCE13, 0xC612, 0xBDF2, 0xCE53, 0xBD90, 0xBDB0, 0xC611, 0xCE52,
    0xCDD1, 0xC590, 0xCDF1, 0xD612, 0xD5F2, 0xCDD1, 0xC56F, 0xC590,
    0xCD6F, 0xC52E, 0xBD2E, 0xB48C, 0xB46A, 0xA3A8, 0x9326, 0x8B25,
    0x9305, 0x8283, 0x8A64, 0x8A44, 0x7A62, 0x6A20, 0x6180, 0x5020,
    0x30E0, 0x5A41, 0x5A83, 0x5A85, 0x62E5, 0x6284, 0x6284, 0x6B05,
    0x6B05, 0x7328, 0x73A9, 0x7C09, 0x73C8, 0x7367, 0x7387, 0x73E8,
    0x7387, 0x71E6, 0x61A6, 0x7AA5, 0x7BE8, 0x7344, 0x7BE9, 0x8D2E,
    0x9D0E, 0x9CEE, 0xA52D, 0x7CCC, 0x942C, 0x8B27, 0x8D2F, 0x84EC,
    0xA4ED, 0xA50A, 0x9DAD, 0x9DAD, 0x9CCB, 0x94CC, 0x9D0D, 0x94CB,
    0x9CAD, 0xAD6F, 0x954C, 0xA56F, 0xB591, 0xB58F, 0xA54D, 0xAD0F,
    0xCDB2, 0xAD50, 0x9D6F, 0xCD91, 0xBD0F, 0xB58F, 0xAD2E, 0xBDB0,
    0xD654, 0xD6B4, 0xD694, 0xE694, 0xDE94, 0xDE73, 0xD631, 0xD612,
    0xD5F2, 0xCDB0, 0xC56E, 0xBCED, 0xB4CC, 0xB4AB, 0xAC09, 0xA409,
    0x8B25, 0x8AE5, 0x9306, 0x8B05, 0x8AC5, 0x8AA4, 0x7A41, 0x7A01,
    0x6A60, 0x51A0, 0x5040, 0x4060, 0x5A01, 0x5A42, 0x5221, 0x5AA4,
    0x62C6, 0x62C6, 0x6B27, 0x7369, 0x7387, 0x7B47, 0x7329, 0x6BC8,
    0x7387, 0x8B4A, 0x83CA, 0x7CCF, 0x7C6B, 0x7BEB, 0x7389, 0x6307,
    0x7C0C, 0x83CB, 0x8B88, 0x7409, 0x7C4C, 0xAD71, 0x9D91, 0x758D,
    0x9590, 0xA44D, 0x84AB, 0x6508, 0x7447, 0x93C9, 0xA44B, 0x9D2E,
    0xA570, 0xB50F, 0xAD4F, 0x9D4F, 0xBCF0, 0xCE34, 0xA5EF, 0xA52D,
    0xAD50, 0xAD8F, 0xB571, 0xA4CD, 0xA44C, 0xB5F2, 0xBE94, 0xB4EF,
    0xBD4F, 0xBDB0, 0xBD6F, 0xAD0D, 0xB52D, 0xBD6F, 0xBD8F, 0xB52D,
    0xBD2E, 0xBD2C, 0xBD4D, 0xB48A, 0xAC6A, 0xAC2A, 0xAC09, 0xA3E7,
    0x9B66, 0x8284, 0x8AC4, 0x9365, 0x9326, 0x8263, 0x82A2, 0x8A84,
    0x8264, 0x8281, 0x79E2, 0x79C1, 0x5A20, 0x5160, 0x3820, 0x5200,
    0x5261, 0x5A83, 0x62C5, 0x62C4, 0x62E5, 0x6AA5, 0x6A86, 0x7348,
    0x736A, 0x7BA9, 0x738B, 0x7C2B, 0x6BC8, 0x7B88, 0x7B68, 0x6B69,
    0x6B89, 0x8C8F, 0x9CD0, 0x9CEF, 0x8D73, 0x9DB4, 0x954F, 0x7CAD,
    0x7CCD, 0x844B, 0xA572, 0x8D70, 0x8CED, 0xC637, 0xAE98, 0xB7DC,
    0xAF5A, 0xA533, 0xB513, 0xB591, 0x9C8D, 0x9469, 0x9C89, 0x8386,
    0x6122, 0x9C49, 0x9489, 0x9C09, 0xB50E, 0xB591, 0xAD0E, 0xB50F,
    0xC591, 0xBE12, 0xBEF4, 0xC5B1, 0xCE12, 0xC632, 0xC5D1, 0xC5B0,
    0xB4ED, 0xACAC, 0xB4CB, 0xAC4A, 0x9BC6, 0xA408, 0x9365, 0x93A5,
    0x9305, 0x8AE4, 0x9365, 0x9BC6, 0x9325, 0x8B05, 0x9306, 0x8B05,
    0x9305, 0x8AE4, 0x8303, 0x8283, 0x8243, 0x7A82, 0x79E1, 0x71C1,
    0x5980, 0x4000, 0x5A20, 0x5261, 0x5A62, 0x62C4, 0x62E4, 0x62E5,
    0x6B67, 0x7389, 0x83EC, 0x736A, 0x6B66, 0x7BA8, 0x7B88, 0x748E,
    0x7BEA, 0x8B88, 0x9C6F, 0x8C8E, 0x8C6B, 0x842A, 0x7388, 0x7C4A,
    0x852D, 0x8CCF, 0x94ED, 0x848C, 0x7C0A, 0x7B67, 0x7AE9, 0x7B8A,
    0x8C8B, 0x9BEC, 0x8B05, 0x7AC3, 0x8488, 0x6BA5, 0x8325, 0x8327,
    0x8367, 0x8347, 0x9C8C, 0x94EC, 0xA44B, 0x9C8B, 0xA50C, 0x9BEA,
    0xACCD, 0xC633, 0xAD8F, 0xB5B0, 0xB54F, 0xB5AF, 0xB5AF, 0xBD90,
    0xB58F, 0xB52E, 0xB50E, 0xB50D, 0xB4ED, 0xB4AA, 0xAC29, 0x9C07,
    0x9C27, 0x9B86, 0xA3C7, 0x8C06, 0x93A6, 0x9BA6, 0x9364, 0xA3C7,
    0x9BA7, 0x9305, 0x9326, 0x9B67, 0x8AC4, 0x82E3, 0x82E4, 0x8223,
    0x7A62, 0x7261, 0x69A0, 0x5120, 0x3800, 0x5A00, 0x5A61, 0x5A82,
    0x5A83, 0x5AC5, 0x62E6, 0x6B47, 0x7367, 0x6B89, 0x83CB, 0x9450,
    0x9D32, 0x8368, 0x8B48, 0x6C09, 0x6307, 0x7B28, 0x7C2B, 0x73A9,
    0x8C8D, 0x948E, 0x8BCC, 0x9CEF, 0x846B, 0x83E9, 0x8C4B, 0x94AD,
    0x8C6B, 0x842A, 0x842A, 0x7B46, 0x6B66, 0x7408, 0x83A7, 0x8BA7,
    0x93E9, 0x9C28, 0x93E7, 0x8C06, 0x8CA9, 0x9C49, 0xB58F, 0x9D0D,
    0x9449, 0xB590, 0xA52D, 0x9407, 0xA408, 0xAD0D, 0xAD2C, 0xB5AE,
    0xB58F, 0xB590, 0xCDD1, 0xCD71, 0xB4EE, 0xACAC, 0xACCB, 0xB52E,
    0xACEB, 0xACC8, 0xB4C8, 0xACA7, 0xA467, 0xAC48, 0xA406, 0xA3E7,
    0xA3E8, 0x9BE7, 0xA3C8, 0xA3C7, 0xA427, 0x9BA7, 0x9326, 0x9B86,
    0xABA9, 0x82C3, 0x8AC4, 0x8A64, 0x6261, 0x4920, 0x5060, 0x38A0,
    0x4A41, 0x5261, 0x5A62, 0x62A3, 0x62C5, 0x6305, 0x6B06, 0x7306,
    0x73C9, 0x8C8D, 0x83C9, 0x7367, 0x740A, 0x7BC9, 0x8BAB, 0x846B,
    0x6BE6, 0x7328, 0x73C9, 0x8C2A, 0x8C6C, 0x7C27, 0x59E2, 0x7326,
    0x7B68, 0x7367, 0x6A21, 0x72C7, 0x7B67, 0x83E9, 0x8CAE, 0xAD6F,
    0x8C2A, 0x84CB, 0x84AA, 0x9449, 0x7BA6, 0x93C7, 0x93E8, 0x946A,
    0x94A9, 0x8BE7, 0x8BC7, 0x94C9, 0x9CAA, 0xA4CA, 0xA52D, 0xA54E,
    0xB58F, 0xACED, 0x9D0C, 0xAD4E, 0xC5B1, 0xBDCF, 0xBD90, 0xC5D0,
    0xBD8F, 0xBD6F, 0xACE9, 0xAD0C, 0xAD0C, 0xAD0B, 0xB50C, 0xB52C,
    0xB4CA, 0xB4C8, 0xA4A8, 0xACA9, 0xB488, 0xB469, 0xA3A8, 0xABC9,
    0xA408, 0x9B27, 0x9326, 0x8B05, 0x82E3, 0x82C4, 0x8221, 0x7A81,
    0x51E0, 0x50E0, 0x38C0, 0x5A00, 0x5A62, 0x5AA5, 0x5AC4, 0x6303,
    0x6B25, 0x6B67, 0x73A8, 0x7BA8, 0x73AB, 0x7369, 0x83AA, 0x8C6D,
    0x7C8C, 0x7BEA, 0x7389, 0x7428, 0x7B67, 0x73E9, 0x5347, 0x7B09,
    0x946D, 0x946E, 0x8C2A, 0x8C69, 0x8CCB, 0x94AD, 0x8CEA, 0x8CC9,
    0x9C6D, 0x840A, 0x8469, 0x8C4A, 0x8C4A, 0x8C89, 0x8CCA, 0x8C88,
    0x8CC9, 0x8CA9, 0xAD2E, 0xACEE, 0x9D0C, 0xA56D, 0xAD70, 0xAD2F,
    0xB5D1, 0xB5B0, 0xBDD0, 0xB5B0, 0xCE12, 0xCE93, 0xBDF0, 0xBDB0,
    0xCDF2, 0xCE53, 0xC632, 0xCE32, 0xCE52, 0xBDCD, 0xBDEF, 0xC5CF,
    0xC5AF, 0xC58E, 0xBD8D, 0xBD4D, 0xCDD0, 0xB52B, 0xB4C9, 0xB4AA,
    0xB4AA, 0xABE9, 0x9B67, 0xA3C8, 0x9B87, 0x9345, 0x8AE3, 0x8AC4,
    0x7221, 0x7261, 0x7240, 0x5A20, 0x5120, 0x3860, 0x52C2, 0x5AC4,
    0x62A4, 0x5AC5, 0x62E7, 0x6B47, 0x73C9, 0x73A8, 0x7B6A, 0x840C,
    0x7C2B, 0x842B, 0x840B, 0x7C2B, 0x848C, 0x840C, 0x7C4A, 0x94CB,
    0xA46D, 0xACD1, 0x950C, 0x9D8D, 0x9D2F, 0x94A9, 0x9D6B, 0x9D6D,
    0x94CC, 0x8BCC, 0x950F, 0x8CEC, 0x9CEC, 0x94CC, 0x952D, 0xA4EE,
    0xA4CB, 0xA50D, 0xAD2E, 0xBD90, 0xA50D, 0x94EC, 0x956D, 0xB54F,
    0xAD0E, 0xA50E, 0xB56F, 0xB611, 0xBE12, 0xBDD1, 0xBDF1, 0xB52F,
    0xC54F, 0xC652, 0xCE52, 0xC52F, 0xCDF1, 0xDE74, 0xDEB4, 0xE6D5,
    0xE6F6, 0xDED4, 0xDE93, 0xDEB4, 0xDEB3, 0xDE72, 0xD6B2, 0xD671,
    0xC5AF, 0xCDAF, 0xC54E, 0xB4CB, 0xB48C, 0xB4AD, 0xAC09, 0xAC08,
    0xA3A7, 0x8B25, 0x9306, 0x8282, 0x8A43, 0x7A40, 0x5A20, 0x5160,
    0x4040, 0x59E1, 0x5221, 0x5A42, 0x5A84, 0x5AC5, 0x6326, 0x6B28,
    0x6B27, 0x6B88, 0x7BA9, 0x7B6B, 0x842D, 0x840B, 0x840B, 0x7BE9,
    0x7BC9, 0x842B, 0x8C6A, 0x7C27, 0x6363, 0x944B, 0x94EA, 0x7C66,
    0x8CAD, 0x8C8B, 0x9CEB, 0xA5AE, 0x8C2A, 0x8C6C, 0x8CAC, 0x94EF,
    0xAD51, 0x9448, 0x7CCA, 0x9D2C, 0xA52D, 0x9D6E, 0xA4ED, 0xAD6E,
    0xBDB0, 0xB5D0, 0xC653, 0xC612, 0xBE72, 0xB5F0, 0xBDD1, 0xBE32,
    0xCE54, 0xD6D5, 0xD6D6, 0xDED6, 0xDED6, 0xD6B4, 0xCE32, 0xCEB2,
    0xE6F6, 0xDEF5, 0xDEF5, 0xD6B4, 0xDED5, 0xE716, 0xDEF5, 0xDED4,
    0xDEB4, 0xD6D3, 0xD6B3, 0xD611, 0xC5AF, 0xC54E, 0xC56F, 0xC52D,
    0xB4AD, 0xBCAD, 0xAC09, 0xA388, 0x9344, 0x9305, 0x8A84, 0x8262,
    0x7A60, 0x6220, 0x5120, 0x4000, 0x49C0, 0x5A22, 0x5AA5, 0x5AE5,
    0x6B27, 0x7389, 0x73CA, 0x7BAA, 0x7BCA, 0x7C4B, 0x7B68, 0x8369,
    0x7C0A, 0x740B, 0x7C0A, 0x950F, 0x840B, 0x73A9, 0x8C6C, 0x95EE,
    0x94EC, 0x94AD, 0xAD6F, 0xAD51, 0xADD1, 0x954D, 0x952D, 0xA56F,
    0x9D4F, 0x9D0F, 0x954D, 0x8D0C, 0x9D0D, 0xB653, 0xA5AF, 0x9D8E,
    0xB611, 0xBE32, 0xDED8, 0xCE55, 0xC632, 0xBE94, 0xCE14, 0xC5F3,
    0xC652, 0xD715, 0xD737, 0xEF5B, 0xD6F6, 0xCF15, 0xCF15, 0xD6B5,
    0xDEF7, 0xEFBC, 0xDEF6, 0xDED7, 0xDEF6, 0xDEF5, 0xDF15, 0xD6B3,
    0xDEF5, 0xDF16, 0xD6B2, 0xDE72, 0xD652, 0xCDF0, 0xD610, 0xD5F0,
    0xCD6F, 0xB4AC, 0xBCCC, 0xAC2A, 0xAC0A, 0xA3E7, 0x9B26, 0x8AC4,
    0x82A2, 0x8222, 0x8222, 0x8280, 0x6220, 0x5180, 0x4060, 0x52C2,
    0x5AA4, 0x6285, 0x6B07, 0x6307, 0x6B27, 0x6B68, 0x73AA, 0x7BAA,
    0x6BE9, 0x746C, 0x838B, 0x83EC, 0x8C4C, 0x7C2B, 0x8CCE, 0x94EE,
    0x950F, 0x946D, 0x7D0D, 0x950F, 0x84ED, 0x7CEB, 0x850B, 0x9D2F,
    0xA5B3, 0x9CAB, 0xA54D, 0xA50D, 0xA4AE, 0xAD0F, 0x854B, 0x95EF,
    0xAE32, 0xB611, 0xCE95, 0xBE53, 0xB5F1, 0xC694, 0xBE33, 0xCE54,
    0xC671, 0xC672, 0xD696, 0xCE74, 0xCEB4, 0xCEB3, 0xD6F6, 0xDF17,
    0xDF17, 0xE75A, 0xE738, 0xE738, 0xCEB0, 0xDF15, 0xE716, 0xDEF5,
    0xDEF5, 0xD6F4, 0xE6F5, 0xDED5, 0xDEB3, 0xCE50, 0xD630, 0xD610,
    0xCD6E, 0xBD6D, 0xAC89, 0xBCA9, 0xAC49, 0xAC07, 0xABE7, 0xA367,
    0x9B66, 0x8A83, 0x82C3, 0x8303, 0x82C2, 0x8242, 0x7A41, 0x5A20,
    0x50E0, 0x3840, 0x51A0, 0x5A20, 0x5A62, 0x5A63, 0x5A84, 0x62C4,
    0x6305, 0x5282, 0x6305, 0x6B07, 0x7367, 0x7BA8, 0x7369, 0x7349,
    0x83CA, 0x7B69, 0x6AA5, 0x7305, 0x7AC6, 0x6246, 0x4B04, 0xA4B1,
    0x846B, 0x9DB0, 0x8C49, 0x82A6, 0x92AB, 0x9BAB, 0x9D2F, 0x850F,
    0x9D51, 0xDE56, 0xDED5, 0xA5D0, 0xA56F, 0xBDF0, 0xB5F0, 0xBE74,
    0xB64E, 0xC690, 0xDEB8, 0xDEF6, 0xBE51, 0xD6B6, 0xC694, 0xDED5,
    0xCED6, 0xDF38, 0xCEF5, 0xDF38, 0xE759, 0xE758, 0xDF36, 0xDF15,
    0xC6CF, 0xCEB0, 0xE716, 0xE738, 0xCEF3, 0xE715, 0xE6F5, 0xDE92,
    0xCE50, 0xCDEE, 0xC58D, 0xC58E, 0xB4EB, 0xB409, 0x9C05, 0xA3E7,
    0xA3E7, 0xA3C7, 0x9B66, 0x9344, 0x8AA3, 0x8AC4, 0x8304, 0x8322,
    0x7A61, 0x71E0, 0x6220, 0x5900, 0x3860, 0x5A40, 0x5A63, 0x5A64,
    0x62C5, 0x6AE5, 0x6B04, 0x7B87, 0x7365, 0x8408, 0x7BCB, 0x736B,
    0x6BA8, 0x73A9, 0x7B8B, 0x840B, 0x83EA, 0x83EA, 0x840B, 0x7407,
    0x94CC, 0x8C47, 0x8C4A, 0x83C9, 0x8407, 0x8429, 0x8CCA, 0x8D2C,
    0x8AC8, 0x8AE8, 0xA4EE, 0x9510, 0xADF3, 0x8DCE, 0xA5B0, 0xAE11,
    0xB672, 0xDF17, 0xDF7B, 0xB5F0, 0xB630, 0xBE13, 0xDE96, 0xC6B5,
    0xEF39, 0xCF35, 0xCED6, 0xD716, 0xDEF6, 0xD6F5, 0xD737, 0xCEF3,
    0xDEF5, 0xDEF4, 0xDEF6, 0xC66F, 0xD692, 0xDEF5, 0xD6B3, 0xC64E,
    0xCE91, 0xCE71, 0xD692, 0xD6B2, 0xCE30, 0xBD8D, 0xBD4C, 0xB4CA,
    0xAC48, 0xAC27, 0xA3E8, 0x9B88, 0x9B66, 0x9383, 0x9343, 0x9324,
    0x8264, 0x8283, 0x8343, 0x8303, 0x6A00, 0x6220, 0x51A0, 0x4060,
    0x5220, 0x5242, 0x62C5, 0x62E4, 0x62E6, 0x6306, 0x6B07, 0x7347,
    0x7388, 0x83CA, 0x83AB, 0x83CA, 0x83EA, 0x7B89, 0x944E, 0x73C8,
    0x7B6A, 0x83A9, 0x8389, 0x9CCF, 0x9C8E, 0x8C6B, 0x94AC, 0x946E,
    0x9D0D, 0x944B, 0x946C, 0x944B, 0x8CAA, 0x9CEB, 0x9CAF, 0x9D2F,
    0xA54E, 0xAD6E, 0xAD0D, 0x8D4C, 0x94C8, 0x9CCB, 0xAD8C, 0xBDCD,
    0xBDD1, 0xB611, 0xB650, 0xB5CE, 0xBE72, 0xD695, 0xCEB5, 0xCED6,
    0xD694, 0xC631, 0xDEB5, 0xCE73, 0xBDEF, 0xCE71, 0xCE73, 0xCE71,
    0xDED5, 0xDED4, 0xDE72, 0xDE92, 0xCDEF, 0xC5CF, 0xBDAE, 0xBDAD,
    0xC5AE, 0xB50C, 0xB4CB, 0xB4AA, 0xA408, 0xA408, 0xA388, 0x9326,
    0x9B63, 0x8B03, 0x82A2, 0x8283, 0x82A4, 0x82E4, 0x7AC1, 0x6A40,
    0x7200, 0x5140, 0x4060, 0x5241, 0x5A62, 0x5A63, 0x6285, 0x6307,
    0x7367, 0x7B89, 0x8409, 0x83AA, 0x7BC9, 0x83A9, 0x7B8A, 0x7C2B,
    0x7BAA, 0x7BAB, 0x7C29, 0x8C0C, 0x742A, 0x7BCA, 0x73C8, 0x7387,
    0x73E9, 0x7C28, 0x7367, 0x7BC8, 0x8469, 0x842A, 0x9D2F, 0xA574,
    0x8CEB, 0x9C6B, 0x944B, 0x9CCA, 0x84A6, 0x9489, 0x94C8, 0x8405,
    0x9C69, 0x94E8, 0x9D24, 0xB56C, 0xB56F, 0x954C, 0xA54D, 0xBDCF,
    0xA54B, 0xB56D, 0xA5CC, 0xBDCF, 0xCE32, 0xC5D1, 0xC632, 0xC5F0,
    0xCE11, 0xBDF0, 0xBE2F, 0xCE4F, 0xCE70, 0xD6B2, 0xD671, 0xCE2F,
    0xCE30, 0xD610, 0xCDCF, 0xBD6D, 0xB50C, 0xB4EC, 0xB4ED, 0xBCCD,
    0xB48B, 0xA3C8, 0x9B47, 0x9B64, 0x8361, 0x8B22, 0x82C3, 0x8AA4,
    0x7B02, 0x7AC1, 0x7A20, 0x6A00, 0x51A0, 0x4020, 0x5220, 0x5225,
    0x62A7, 0x6B07, 0x6307, 0x6B26, 0x7388, 0x73A8, 0x7B89, 0x7BA9,
    0x7BC9, 0x7B4B, 0x7B29, 0x7C0A, 0x7389, 0x8B6C, 0x83CA, 0x7BA9,
    0x83EA, 0x6BE9, 0x63A7, 0x8349, 0x83E9, 0x952E, 0x946D, 0x9D6D,
    0x9D0C, 0x8488, 0x94AE, 0x9CEE, 0xA52E, 0xB5B1, 0xA571, 0x9D0E,
    0xA50D, 0xBE13, 0xC635, 0xD6B6, 0xBDF4, 0xB5D0, 0xB5F0, 0xCEB7,
    0xFFFF, 0xDE77, 0xC694, 0xB5EE, 0xD675, 0xE719, 0xD655, 0xC651,
    0xBE10, 0xC5D0, 0xCE52, 0xD674, 0xD673, 0xCE31, 0xCE72, 0xCE70,
    0xC62F, 0xD651, 0xE6D3, 0xCDEF, 0xCE50, 0xC5CF, 0xC56D, 0xC58E,
    0xC56E, 0xC56F, 0xBCEE, 0xBCEE, 0xAC4C, 0x9B48, 0x9B25, 0x9B26,
    0x92E5, 0x8AC3, 0x8284, 0x7AE2, 0x7AE3, 0x7A21, 0x59A0, 0x59E0,
    0x40A0, 0x5201, 0x5A63, 0x5AA4, 0x62C6, 0x62E7, 0x6307, 0x6B47,
    0x7369, 0x7348, 0x7329, 0x7BC9, 0x7B69, 0x7308, 0x8C2C, 0x7BAA,
    0x7BCB, 0x840A, 0x7BCA, 0x7388, 0x7BEA, 0x84CC, 0x8C2A, 0x8BEA,
    0x846C, 0x8CAB, 0x84CD, 0x8C6C, 0x94AE, 0x946C, 0x84AD, 0x950F,
    0xAC8E, 0x9CCC, 0xA56F, 0x94C9, 0x8CA9, 0x9CEB, 0x9CEA, 0xA54E,
    0xAD4E, 0xA58D, 0x9D2B, 0x9549, 0xADAE, 0xBDB0, 0xC610, 0xBDCF,
    0xBDCE, 0xC5F1, 0xC611, 0xCE32, 0xC631, 0xD6B4, 0xC612, 0xCE31,
    0xCE11, 0xCE51, 0xD672, 0xCE50, 0xCE30, 0xCE0F, 0xCDCE, 0xCDEE,
    0xC5AD, 0xBD6D, 0xBD4D, 0xBD4E, 0xBD2D, 0xB4CD, 0xB4AA, 0xAC08,
    0xA369, 0x9325, 0x8B05, 0x82C3, 0x8AC3, 0x82C3, 0x82C2, 0x7A61,
    0x7A00, 0x69E0, 0x59E0, 0x40A0, 0x5221, 0x5222, 0x62A4, 0x62C5,
    0x62E4, 0x6B27, 0x6B68, 0x7349, 0x736A, 0x7369, 0x7387, 0x7B8A,
    0x6B87, 0x62C7, 0x7387, 0x6B09, 0x7387, 0x840A, 0x6BC9, 0x7BA8,
    0x7BC9, 0x6366, 0x8388, 0x7BCA, 0x7C2A, 0x7C0A, 0x83A9, 0x8B6A,
    0x8C2C, 0xA5D0, 0x9D4E, 0x93E9, 0x94CA, 0x94EB, 0xA4EC, 0xA4AA,
    0xA4EC, 0xAD4F, 0xA54E, 0xAD4F, 0xB610, 0xBE12, 0xB632, 0xB611,
    0xBDD0, 0xDF18, 0xD6F7, 0xBE11, 0xBE11, 0xCE53, 0xD694, 0xB5AE,
    0xBDAE, 0xCE73, 0xBDEF, 0xC630, 0xCE71, 0xCE71, 0xD693, 0xD631,
    0xC5CE, 0xD651, 0xCE10, 0xC58D, 0xBD4D, 0xB50B, 0xB4A9, 0xB48B,
    0xAC2A, 0xA3E9, 0xA3E8, 0x9B47, 0x9324, 0x8B04, 0x8B24, 0x8AE5,
    0x8263, 0x8283, 0x7A22, 0x71C0, 0x69C0, 0x59C0, 0x4080, 0x5A84,
    0x5242, 0x5242, 0x62C5, 0x6AE6, 0x6B27, 0x6B47, 0x7369, 0x7329,
    0x7B89, 0x7367, 0x7348, 0x7386, 0x72E7, 0x6B66, 0x6A27, 0x7B49,
    0x7388, 0x7C0B, 0x7B48, 0x7B89, 0x842C, 0x8BE9, 0x84AA, 0x948D,
    0x950D, 0x9DAE, 0x9D4F, 0x950E, 0x952D, 0x9D8F, 0xA52E, 0xA5B0,
    0x9D2D, 0x952B, 0x9D4E, 0xAD70, 0xA52E, 0xAD4E, 0xAD4F, 0xAD2E,
    0xB54F, 0xB5D0, 0xAE10, 0xADAE, 0xA52B, 0xBD6D, 0xB5AE, 0xBE2F,
    0xAD4E, 0xB58F, 0xD674, 0xCDF1, 0xC610, 0xC611, 0xCE31, 0xC610,
    0xC610, 0xC5F0, 0xC5CF, 0xCE31, 0xD610, 0xCDEF, 0xCDEF, 0xC56D,
    0xBD2B, 0xB4EA, 0xABE8, 0xA3A9, 0xA387, 0x9B27, 0x9306, 0x9346,
    0x9325, 0x8AE4, 0x82C3, 0x8282, 0x7A82, 0x7200, 0x79E1, 0x6A00,
    0x5160, 0x4020, 0x51E0, 0x5A63, 0x6AE7, 0x5A83, 0x62A5, 0x6B06,
    0x7368, 0x7B8A, 0x7328, 0x7367, 0x7388, 0x7369, 0x7B89, 0x83A9,
    0x7BAA, 0x73A7, 0x7C08, 0x83EA, 0x8C2B, 0x8C0C, 0x8C4A, 0x8409,
    0x9C89, 0x9D6B, 0x83E7, 0x8C29, 0x94CB, 0x8D0C, 0x7C89, 0x94A9,
    0x84E9, 0x9CCB, 0x9D2B, 0x9D0D, 0x9D2D, 0x950C, 0xA58E, 0xA5EE,
    0xBE74, 0xB5F1, 0xA4ED, 0xA4CD, 0xA52D, 0xB610, 0xCE94, 0xBDF0,
    0xB50C, 0xAD6D, 0xBE51, 0xCE53, 0xCE52, 0xC610, 0xB5CF, 0xB5AE,
    0xC5D0, 0xBDCF, 0xC5F0, 0xCE10, 0xCE10, 0xD671, 0xD651, 0xCDEF,
    0xCDCE, 0xC5AE, 0xBD6D, 0xB50A, 0xB4E9, 0xAC28, 0xAC4A, 0x9B87,
    0x9306, 0x8AC4, 0x82C2, 0x8AE4, 0x82C2, 0x82C3, 0x7A61, 0x7A61,
    0x7A21, 0x71A0, 0x6200, 0x5160, 0x3840, 0x59C1, 0x5A24, 0x6AE9,
    0x6B07, 0x6B27, 0x6AE6, 0x7369, 0x7389, 0x7B88, 0x7BA8, 0x7368,
    0x7387, 0x7B87, 0x7B68, 0x83EB, 0x7BE8, 0x7BEA, 0x7BC9, 0x83E5,
    0x73E5, 0x7C25, 0x7345, 0x7B65, 0x8C4C, 0x7B86, 0x940A, 0x7C08,
    0x8CCE, 0xA551, 0x9D4D, 0x954D, 0x9CCD, 0x9CAC, 0x940B, 0x8C2A,
    0x94EB, 0x9CCC, 0xA52D, 0x8488, 0x8C8A, 0xAD70, 0xA4EC, 0xAD4E,
    0xA56D, 0xAD0B, 0xAD4E, 0xB58F, 0xB5AF, 0xAD6C, 0xBDCF, 0xAD8D,
    0xB5CD, 0xC610, 0xBDCF, 0xBDCF, 0xB58D, 0xAD4C, 0xBDEE, 0xC5EE,
    0xBDAD, 0xC5AD, 0xCE0E, 0xCDEE, 0xBDAC, 0xBD4A, 0xB4EA, 0xB50B,
    0xAC48, 0xA427, 0x9BC7, 0x9346, 0x9325, 0x82E3, 0x8282, 0x82A2,
    0x8282, 0x8241, 0x7A40, 0x71C1, 0x5160, 0x5A20, 0x4860, 0x3880,
    0x5221, 0x59E0, 0x5241, 0x62A5, 0x6B06, 0x7347, 0x7368, 0x7369,
    0x6B26, 0x6B66, 0x7B88, 0x7367, 0x7B89, 0x7B48, 0x7387, 0x73A7,
    0x6BA9, 0x6B07, 0x62E3, 0x6AE7, 0x8368, 0x7BA9, 0x8386, 0x7BC5,
    0x7BE7, 0x73A5, 0x8C06, 0x62E1, 0x8365, 0x7BE5, 0x7B43, 0x7B63,
    0x83C5, 0x8C66, 0x9CAC, 0x9C6A, 0x9408, 0x83A6, 0x8C68, 0x9428,
    0x9CA8, 0xA50B, 0xA4EA, 0x9CA8, 0xA4C8, 0xAD4B, 0xACEB, 0xAD0C,
    0xB5CF, 0xBE0F, 0xC610, 0xBDEF, 0xBDAF, 0xBDCE, 0xB56C, 0xB5AC,
    0xB58D, 0xCDEF, 0xBDAE, 0xBDAD, 0xCE0F, 0xCE0F, 0xD60F, 0xBDAD,
    0xC5AE, 0xB509, 0xCD6D, 0xC54D, 0xB4AA, 0xA427, 0x9BA5, 0x9384,
    0x9365, 0x8B04, 0x8283, 0x8262, 0x7A01, 0x6200, 0x71C0, 0x69A0,
    0x6200, 0x4020, 0x4020, 0x5241, 0x5A85, 0x62E7, 0x62C6, 0x6AE6,
    0x62C6, 0x62E6, 0x7348, 0x7B89, 0x7367, 0x7348, 0x7BAB, 0x7BA8,
    0x7B67, 0x7B47, 0x7BC9, 0x6386, 0x7B89, 0x7BE8, 0x7326, 0x7B46,
    0x7C08, 0x8448, 0x6B63, 0x8387, 0x7BC4, 0x7BE2, 0x6BC5, 0x7343,
    0x7BA5, 0x8428, 0x73A4, 0x6B61, 0x7B20, 0x6280, 0x5AA0, 0x83C5,
    0x83E3, 0x8423, 0x8466, 0x8404, 0x8C05, 0x9488, 0xAD4C, 0xAD49,
    0xAD6D, 0xAD4D, 0xB56E, 0xA5AD, 0xB5CF, 0xBDCF, 0xC610, 0xC650,
    0xBDCF, 0xB58D, 0xB5CD, 0xC5EF, 0xC5CD, 0xBDCD, 0xCE0F, 0xCE2F,
    0xCE30, 0xD671, 0xC5CC, 0xC5AC, 0xC56B, 0xB4C9, 0xBCE9, 0xBCC8,
    0xA428, 0xA3E7, 0x9BC7, 0x8B25, 0x82C3, 0x82C2, 0x82E2, 0x8282,
    0x71E0, 0x7A21, 0x61C0, 0x6220, 0x6180, 0x4020, 0x5241, 0x5A83,
    0x62A5, 0x62E6, 0x6B27, 0x7B6A, 0x7369, 0x7368, 0x7368, 0x7348,
    0x73A6, 0x7345, 0x7369, 0x7B89, 0x73A5, 0x7AE8, 0x738A, 0x7BA9,
    0x73C8, 0x8BEA, 0x83A9, 0x7366, 0x8BC8, 0x8BE8, 0x9BEA, 0x946B,
    0x9C4B, 0xA4EE, 0xA4EC, 0x948B, 0x94CB, 0xAD30, 0xA550, 0xA510,
    0xCE77, 0xC675, 0xA56E, 0xADCE, 0xA5AF, 0xB5D2, 0xBE95, 0xC694,
    0xAD8E, 0xA58C, 0xA549, 0xAD2D, 0xB58D, 0xBDF0, 0xB5CF, 0xDED4,
    0xCE71, 0xBDEF, 0xBDEE, 0xCE50, 0xBDAE, 0xBD8D, 0xC60F, 0xC5F0,
    0xCE50, 0xCE2F, 0xCE50, 0xC650, 0xCE0E, 0xCDED, 0xBD6A, 0xC5AD,
    0xC56B, 0xB4CA, 0xB4CC, 0xAC67, 0xA3E7, 0x9B87, 0x9345, 0x9326,
    0x9345, 0x8B04, 0x8AA2, 0x8262, 0x8241, 0x7260, 0x61C0, 0x5940,
    0x4040, 0x5241, 0x5A82, 0x6263, 0x6AC5, 0x6307, 0x6B27, 0x7327,
    0x7B89, 0x6B27, 0x7B89, 0x7B89, 0x72E6, 0x7368, 0x7348, 0x740A,
    0x73AA, 0x73E9, 0x7B48, 0x7327, 0x7306, 0x8C4B, 0x7C49, 0x8C2B,
    0x844A, 0x7BE7, 0x8367, 0x7BA6, 0x73A5, 0x83C7, 0x8406, 0x8406,
    0x8447, 0x8C28, 0x9489, 0x8467, 0x9448, 0x9CEC, 0x94CC, 0x9D4F,
    0x9DAE, 0x9CAA, 0xB56E, 0xB5D0, 0xBDF0, 0xC651, 0xB5F0, 0xC651,
    0xCE73, 0xCED5, 0xA58B, 0xBDED, 0xCE50, 0xBE50, 0xC64F, 0xC650,
    0xCE92, 0xD692, 0xCE70, 0xD6B1, 0xD691, 0xD691, 0xD692, 0xD691,
    0xD630, 0xD650, 0xC5AD, 0xC54D, 0xBD2D, 0xB4AA, 0xB4C9, 0xAC29,
    0xA387, 0x9BC6, 0xA387, 0xA387, 0x9B66, 0x92E5, 0x8B25, 0x8262,
    0x7A80, 0x59C0, 0x5200, 0x40C0, 0x5241, 0x5A43, 0x5A85, 0x62A5,
    0x6AE7, 0x6B27, 0x6B07, 0x7389, 0x7B89, 0x7BA9, 0x7348, 0x7368,
    0x83EA, 0x7BAA, 0x7BA9, 0x7B88, 0x83AA, 0x844B, 0x83EB, 0x83AA,
    0x7C09, 0x73A7, 0x7305, 0x8326, 0x7BA8, 0x7BE7, 0x948B, 0x8C87,
    0x7C26, 0x8CAB, 0x94EB, 0x8CC9, 0x8CCA, 0x94AB, 0x9D0C, 0x94CA,
    0x94EA, 0x9D2C, 0xA5B0, 0xA4EE, 0xA48C, 0x9D0B, 0xB58F, 0xBDD0,
    0xB5AE, 0xC631, 0xC5CF, 0x9D07, 0xC692, 0xBE70, 0xCEB2, 0xCEB3,
    0xCE70, 0xCEB2, 0xD6D3, 0xCE90, 0xD690, 0xD6F3, 0xDED4, 0xDED3,
    0xDEF3, 0xDEB2, 0xDED2, 0xDEB1, 0xDEB2, 0xDEB1, 0xD630, 0xD5EF,
    0xD5CE, 0xC56D, 0xC52D, 0xBCCC, 0xB46A, 0xB449, 0xB469, 0xAC28,
    0xA387, 0x8AC4, 0x82A2, 0x7B01, 0x7201, 0x6180, 0x4060, 0x5242,
    0x6285, 0x62C6, 0x62E6, 0x6B07, 0x6B48, 0x7349, 0x7347, 0x6B27,
    0x7B89, 0x83CA, 0x83CA, 0x7368, 0x7BA7, 0x72C8, 0x732A, 0x6B89,
    0x7C2C, 0x6BCB, 0x6B48, 0x73A8, 0x7C2A, 0x8CAD, 0x6365, 0xACEF,
    0x940B, 0x8C4C, 0x9CAD, 0xC572, 0xA50C, 0x9D0D, 0xBD31, 0x948A,
    0x9486, 0x9D0C, 0xA54E, 0xB570, 0x9D4B, 0x950A, 0xB5B0, 0xBEF3,
    0xBED3, 0xC632, 0xC671, 0xBE50, 0xC693, 0xD6B4, 0xC672, 0xCEB3,
    0xCEB2, 0xC670, 0xC690, 0xDF15, 0xDF15, 0xE6F6, 0xE758, 0xE779,
    0xE737, 0xE736, 0xE716, 0xE715, 0xE6F4, 0xEF36, 0xE714, 0xDED3,
    0xE713, 0xE713, 0xD62F, 0xD62F, 0xCE0E, 0xC5AD, 0xBD6C, 0xBD4C,
    0xBCCB, 0xB489, 0xAC07, 0xA386, 0x8AE4, 0x8282, 0x7A61, 0x6A00,
    0x5940, 0x4000, 0x5222, 0x5A85, 0x5AA5, 0x62C5, 0x6B06, 0x6B06,
    0x7347, 0x7368, 0x7347, 0x7368, 0x6B06, 0x6B07, 0x7BA9, 0x7BA8,
    0x7329, 0x63A9, 0x6389, 0x6AE8, 0x6325, 0x8409, 0x6B69, 0x5AA5,
    0x83A9, 0x940A, 0x8D08, 0x74A7, 0xA50D, 0x9503, 0x7403, 0x8CC8,
    0x7C42, 0x83C2, 0x9CED, 0x9E6D, 0xAE30, 0xB62E, 0xC5D1, 0xAE31,
    0xC735, 0xCF35, 0xB691, 0xCED4, 0xCED5, 0xC672, 0xC6B2, 0xCEF4,
    0xCED5, 0xD6F4, 0xD6F5, 0xCED3, 0xCED3, 0xCEB2, 0xD714, 0xDF36,
    0xD6F5, 0xDF35, 0xDF56, 0xDEF4, 0xDF15, 0xE758, 0xE715, 0xDED3,
    0xE6F4, 0xDED3, 0xDED2, 0xDEB2, 0xDEB1, 0xD60F, 0xD60F, 0xD5AE,
    0xC52C, 0xC50C, 0xBCAA, 0xB427, 0xAC27, 0xA3A6, 0x9325, 0x9346,
    0x8AA3, 0x7A01, 0x6220, 0x5980, 0x4060, 0x5A63, 0x5A84, 0x5AC6,
    0x6AE7, 0x6B26, 0x6B27, 0x7306, 0x7345, 0x7367, 0x7B67, 0x83E9,
    0x7B86, 0x7B88, 0x7B6A, 0x840A, 0x73C9, 0x7BEB, 0x84AD, 0x84ED,
    0x83CC, 0x952D, 0x9D8E, 0x948A, 0x9D0E, 0x8CEB, 0x8C69, 0xA4EA,
    0xCE71, 0xCF99, 0xD719, 0xE7BD, 0xBF55, 0xB775, 0xB794, 0xC715,
    0xB6D2, 0xBEB4, 0xD799, 0xCF56, 0xC6B4, 0xD716, 0xCED3, 0xCED4,
    0xCED4, 0xD6F6, 0xD715, 0xD6D4, 0xCEB3, 0xD715, 0xE759, 0xD6F6,
    0xD6D4, 0xCEB0, 0xD6D3, 0xD6F5, 0xDEF4, 0xE716, 0xE738, 0xDF16,
    0xDED2, 0xD6B2, 0xD692, 0xDE92, 0xD691, 0xDE91, 0xD670, 0xD60E,
    0xC50D, 0xBCEC, 0xB4EC, 0xB4AB, 0xAC28, 0xAC07, 0xA367, 0x9B86,
    0x9B67, 0x8AA4, 0x82C2, 0x7A61, 0x7220, 0x7A60, 0x50C0, 0x3800,
    0x5285, 0x5A84, 0x62C5, 0x62A4, 0x6B06, 0x6B47, 0x7368, 0x6B07,
    0x7347, 0x7386, 0x7BA8, 0x7BE8, 0x7368, 0x7B27, 0x7BA9, 0x7B49,
    0x7367, 0x8C0A, 0x8BCB, 0x944E, 0x84CB, 0x9CCE, 0xB553, 0x94EF,
    0xA5B2, 0xDEF8, 0xBE92, 0xB613, 0xB5D1, 0xADCD, 0xA610, 0xAE31,
    0xBE92, 0xCE74, 0xBE92, 0xCED5, 0xC693, 0xD736, 0xD716, 0xCF15,
    0xD736, 0xC6B3, 0xD735, 0xDF57, 0xCED3, 0xBED1, 0xCEF4, 0xCED4,
    0xCE93, 0xCEB3, 0xB66F, 0xD6B3, 0xDF16, 0xD6D4, 0xDEF6, 0xE737,
    0xD6D4, 0xD6B2, 0xCE92, 0xCE91, 0xCE71, 0xCE70, 0xDEB2, 0xD691,
    0xD650, 0xD60F, 0xD62F, 0xC56C, 0xBCEB, 0xBCA9, 0xB486, 0x9305,
    0x9326, 0x9B26, 0x8B83, 0x8AC4, 0x8263, 0x7A80, 0x7A60, 0x6A40,
    0x59A0, 0x5900, 0x4040, 0x5A62, 0x5A41, 0x5A84, 0x62A5, 0x62E6,
    0x6AE6, 0x7347, 0x7368, 0x7367, 0x7388, 0x7BC8, 0x7BE8, 0x7387,
    0x73E9, 0x7C0B, 0x7367, 0x840B, 0x8C0C, 0x840C, 0x8C69, 0x8C0A,
    0x7428, 0x6C89, 0x8BEA, 0x7C07, 0x6B84, 0x6364, 0x6BC6, 0x7C26,
    0x8508, 0x8D6B, 0x9D0B, 0x8CA8, 0x9CED, 0x94AA, 0xADD0, 0xBE32,
    0xAD90, 0x9D6C, 0xBE50, 0xC6B3, 0xC6B3, 0xBE11, 0xB60F, 0xC6B1,
    0xCE92, 0xC672, 0xCEB3, 0xCEB3, 0xB64F, 0xD673, 0xD6B3, 0xBE4F,
    0xC691, 0xCE50, 0xBDED, 0xCEB2, 0xD6B3, 0xC60F, 0xCE30, 0xD651,
    0xD62F, 0xD62F, 0xDE70, 0xD60F, 0xCDAD, 0xD5CE, 0xC52B, 0xBCA9,
    0xBCA7, 0xB449, 0xA387, 0x9B65, 0x9305, 0x9B85, 0x8241, 0x8AA4,
    0x7A02, 0x7220, 0x7260, 0x5980, 0x59A0, 0x4040, 0x5220, 0x5A62,
    0x6284, 0x62A4, 0x62A5, 0x6B06, 0x7348, 0x7347, 0x7367, 0x7B69,
    0x7368, 0x7BCA, 0x7386, 0x7BA9, 0x844C, 0x73A7, 0x7BA9, 0x83CA,
    0x8C0C, 0x8409, 0x8C2B, 0x950D, 0x940A, 0x9C6D, 0x9D4D, 0xAD6F,
    0xA4CF, 0xBD71, 0xAE31, 0xB593, 0xAD4F, 0x9D2D, 0xAD90, 0x9D6C,
    0xADEF, 0xA52E, 0xADAF, 0xC653, 0xDF17, 0xBE71, 0xB5CF, 0xBDF1,
    0xD6B6, 0xD6B4, 0xC672, 0xBE11, 0xAE0F, 0xB650, 0xC692, 0xC653,
    0xBE0F, 0xB60D, 0xB5AE, 0xBDCF, 0xD672, 0xCE70, 0xC64F, 0xC630,
    0xE6F6, 0xDEB3, 0xDE51, 0xD610, 0xCDCD, 0xD60E, 0xD5EE, 0xCD8C,
    0xCDAD, 0xBCEA, 0xC4C8, 0xBC66, 0xAC05, 0xABC6, 0xA386, 0x9B45,
    0x9B66, 0x8AE4, 0x7AC2, 0x7240, 0x7A20, 0x6A20, 0x61C0, 0x5980,
    0x3800, 0x5262, 0x5A63, 0x5A44, 0x62C6, 0x7306, 0x6B06, 0x6B27,
    0x7347, 0x7B89, 0x7369, 0x7347, 0x7389, 0x7BAA, 0x7388, 0x6B24,
    0x7BC8, 0x7B88, 0x7BC9, 0x7BCA, 0x7B8A, 0x6B68, 0x838A, 0x8B6C,
    0x846B, 0x7C88, 0x8429, 0x8448, 0x7CC7, 0x7487, 0x8488, 0x8CA8,
    0x84A7, 0x9D4C, 0x8466, 0x9D0D, 0x9D2C, 0x956A, 0x8CE5, 0x8CE6,
    0xAD8F, 0xB5F0, 0xB651, 0xA5CD, 0xA5AD, 0xB60F, 0xC652, 0xCE72,
    0xC631, 0xBE10, 0xBE0F, 0xADCD, 0xB5EF, 0xC652, 0xCE51, 0xADCD,
    0xBDCF, 0xCE53, 0xCE31, 0xC60F, 0xC5EE, 0xD631, 0xCE0F, 0xC60D,
    0xBD8A, 0xC56C, 0xD62F, 0xCDEF, 0xBD2C, 0xC4E7, 0xBCA8, 0xB448,
    0xAC07, 0xA3A6, 0x9B86, 0x9B04, 0x92E4, 0x92C5, 0x7A22, 0x7200,
    0x7A40, 0x69A0, 0x5180, 0x4060, 0x5A42, 0x5A43, 0x62C6, 0x6AE7,
    0x6B05, 0x6B68, 0x7347, 0x7348, 0x7368, 0x7368, 0x7BC8, 0x7BA8,
    0x7B88, 0x7C0A, 0x8CEB, 0x7C6A, 0x8C0C, 0x83CA, 0x83AA, 0x8C6C,
    0x8CAE, 0x7B89, 0x7409, 0x7CAA, 0x7C28, 0x94AC, 0x954F, 0x8D2C,
    0x9CCB, 0x950B, 0x8C8A, 0x8CEA, 0x950B, 0xAD70, 0xA54F, 0x9D6C,
    0xA56D, 0xB5F2, 0xADF0, 0xAD8F, 0xADCF, 0xADAF, 0xAD6E, 0xBE31,
    0xADAE, 0xADCE, 0xADCE, 0xADCE, 0xADCE, 0xA5AD, 0xBE10, 0xBDD0,
    0xAD8B, 0xB5AE, 0xB58E, 0xBDAF, 0xB58C, 0xB58D, 0xB5AD, 0xC5CE,
    0xCDEF, 0xBD8B, 0xBDAC, 0xC58B, 0xBD29, 0xBD6A, 0xBD4C, 0xBD2A,
    0xBCC7, 0xB447, 0xB427, 0xAC47, 0x9B05, 0x9B46, 0x9324, 0x8283,
    0x8B05, 0x82A3, 0x7220, 0x7240, 0x59C0, 0x5960, 0x4020, 0x5262,
    0x5A43, 0x62A3, 0x5A42, 0x7307, 0x6B27, 0x6B27, 0x6B27, 0x7368,
    0x7B88, 0x7B88, 0x7B69, 0x7BC9, 0x8408, 0x8BEA, 0x83AB, 0x8409,
    0x8409, 0x8C0B, 0x83CA, 0x944C, 0x9D90, 0x9DAF, 0x9CAD, 0x9D0D,
    0x94EB, 0x8C6A, 0x8468, 0x8C49, 0x8CAD, 0x8CAA, 0x9D0B, 0x94AB,
    0x950C, 0x952A, 0x9CEA, 0x9D0C, 0x9D0B, 0xAD8E, 0xA54D, 0x9D4C,
    0xA5AE, 0xBE51, 0xB60F, 0xA56D, 0xA58C, 0xA5AC, 0xA58C, 0xB5CF,
    0xAD8D, 0xB5AE, 0xBE10, 0xAD8A, 0xAD2C, 0xB5AC, 0xB54A, 0xB569,
    0xBD8C, 0xBDAD, 0xC58C, 0xC58B, 0xC5CA, 0xBD8A, 0xC56C, 0xC58B,
    0xC58B, 0xC5AE, 0xBCE9, 0xBCC7, 0xABE8, 0xA3C6, 0x9BC6, 0x9B26,
    0x92E4, 0x9B06, 0x8AC4, 0x7A01, 0x79E0, 0x7A40, 0x7200, 0x7221,
    0x51A0, 0x4040, 0x5242, 0x52E4, 0x5B04, 0x6244, 0x6AC6, 0x6306,
    0x7347, 0x7368, 0x6B04, 0x6B05, 0x7388, 0x7BA6, 0x7BA9, 0x83EA,
    0x7308, 0x7308, 0x8C6A, 0x8C4A, 0x8C4B, 0x844B, 0x8CCD, 0x9CCF,
    0x8BCB, 0x8CAC, 0x950D, 0x94CD, 0x8CA7, 0x8467, 0x8C89, 0x7C45,
    0x8466, 0x8427, 0x8C67, 0x6C02, 0x7C04, 0x83E4, 0x8CA8, 0x8C87,
    0x8C47, 0x94A7, 0x9D4B, 0xA58D, 0x94E8, 0x9CE9, 0x9D2B, 0xA58E,
    0xA54D, 0xA56B, 0xBDEF, 0xBE10, 0xBDCF, 0xAD6D, 0xAD6D, 0xAD2D,
    0xA528, 0xB58B, 0xBDCD, 0xBD8C, 0xBDAC, 0xBD6C, 0xBD8D, 0xBDAC,
    0xC56B, 0xC58C, 0xC5AC, 0xBD8C, 0xB4C7, 0xB4A7, 0xAC48, 0xA386,
    0xA427, 0x9B86, 0x9B47, 0x9B67, 0x9B47, 0x92E5, 0x8AE5, 0x8262,
    0x8AA3, 0x7A21, 0x7221, 0x59A0, 0x4020, 0x5280, 0x5A62, 0x6284,
    0x6B08, 0x7347, 0x6B47, 0x7345, 0x7347, 0x7369, 0x7BCA, 0x7BC8,
    0x83A9, 0x7BAA, 0x8C2B, 0x950F, 0x94EB, 0x8C2A, 0x8C0B, 0x844A,
    0x7BCB, 0x842C, 0x6BE9, 0x840B, 0x8CEC, 0x8C69, 0x8C88, 0x8CEA,
    0x7C47, 0x8488, 0x84E7, 0x73C4, 0x73E3, 0x8D09, 0x9D4B, 0xA56E,
    0xA54E, 0xA52D, 0xA58E, 0xA56D, 0x9CA8, 0x9D2A, 0xB5B0, 0xCE53,
    0xCE53, 0xAD6E, 0xB5F0, 0xBE32, 0xD6F5, 0xBDF0, 0xBDCF, 0xC652,
    0xBDEF, 0xB58D, 0xADAD, 0xC5EF, 0xBDAE, 0xB54C, 0xAD4C, 0xB56D,
    0xB58B, 0xAD66, 0xBDAB, 0xC56D, 0xAD05, 0xAD27, 0xB50A, 0xB468,
    0x9405, 0x9345, 0x9BA6, 0xA447, 0x9BC6, 0x9304, 0x8AA3, 0x9B46,
    0x7A40, 0x8AC3, 0x8283, 0x8221, 0x7240, 0x7A00, 0x7240, 0x40A0,
    0x5A61, 0x6263, 0x5A82, 0x62E4, 0x6AE3, 0x6B06, 0x7B27, 0x7368,
    0x7B87, 0x7B87, 0x7307, 0x83CB, 0x7BCA, 0x7C09, 0x7BA6, 0x7306,
    0x840A, 0x73E8, 0x844A, 0x94ED, 0x9DB1, 0xA592, 0x956F, 0x8C8B,
    0x94EB, 0x950C, 0x8CEB, 0x9D0B, 0x950B, 0x94CB, 0x9D2E, 0xA5B1,
    0x950B, 0xA56E, 0xA54F, 0xADB0, 0xA56E, 0x9D0D, 0x9D6D, 0xADEF,
    0x9D6E, 0xAD6E, 0xA56E, 0xA5AE, 0xAD6E, 0xADCF, 0xADEE, 0xB5CE,
    0xBE31, 0xBE10, 0xBE0F, 0xBDEF, 0xA56C, 0xBDEE, 0xCE51, 0xB5AD,
    0xBDCE, 0xB5AD, 0xC5EF, 0xC5CD, 0xBDCA, 0xBD8B, 0xB56B, 0xB58A,
    0xC5AD, 0xB54B, 0xBD2C, 0xBCCB, 0xB44A, 0xAC88, 0xAC68, 0x9B47,
    0x92A5, 0x9325, 0x8260, 0x8AA3, 0x8A62, 0x7A40, 0x8242, 0x7A20,
    0x6A20, 0x5100, 0x4020, 0x59E0, 0x6262, 0x62C3, 0x6264, 0x6AC7,
    0x7327, 0x7327, 0x7B87, 0x7BC8, 0x7389, 0x7BA8, 0x8C89, 0x8CEC,
    0x9CEE, 0x946E, 0x8C8C, 0x952D, 0x8CED, 0x94CC, 0x846A, 0x7C69,
    0x846B, 0x8449, 0x8CAB, 0x8CEB, 0x8C4B, 0x8C29, 0x8CC9, 0x7D0A,
    0x74A5, 0x84A7, 0x8CE8, 0x84E7, 0x8D0A, 0x9D6E, 0x9DAF, 0xA5AF,
    0xBDB0, 0xADCF, 0xB5F1, 0xAD8E, 0xADCF, 0xADD0, 0xAE10, 0xCED4,
    0xCE94, 0xBE71, 0xC671, 0xBE31, 0xC691, 0xBE30, 0xBE10, 0xC650,
    0xC631, 0xC671, 0xC691, 0xBE2F, 0xB5ED, 0xB58C, 0xBDCE, 0xD611,
    0xCDEF, 0xD62F, 0xC58D, 0xC5CF, 0xCE2F, 0xCE30, 0xD5CF, 0xD5D1,
    0xBCEC, 0xABC9, 0xABE8, 0xB467, 0xA386, 0x79E0, 0x8A43, 0x8AC4,
    0x82E3, 0x8241, 0x71E0, 0x6220, 0x5120, 0x4020, 0x52A4, 0x5A83,
    0x6284, 0x6AA5, 0x6B05, 0x6B06, 0x6B27, 0x7346, 0x7367, 0x7BC7,
    0x8C2B, 0x842B, 0x7B27, 0x83A8, 0x8C8B, 0x8449, 0x83E9, 0x8C2A,
    0x8449, 0x8449, 0x8C2A, 0x8C2A, 0x9CCE, 0x94EC, 0x848A, 0x948B,
    0x84E8, 0x854A, 0x94CA, 0x950D, 0x954E, 0x952C, 0x9D70, 0xA54F,
    0x9D6D, 0xA56F, 0xA56E, 0x8D8E, 0xADF0, 0xB5B1, 0xCE14, 0xC674,
    0xC6B5, 0xCE53, 0xBE12, 0xC673, 0xC694, 0xCEB5, 0xC693, 0xCEB3,
    0xCEB3, 0xCEB3, 0xD6D6, 0xD6D5, 0xCEB3, 0xD6D4, 0xCE71, 0xE6F5,
    0xE6F6, 0xD693, 0xE673, 0xDEF3, 0xDF35, 0xDE72, 0xDED2, 0xE6D5,
    0xD652, 0xC56D, 0xC56D, 0xCDAE, 0xCD91, 0xB44B, 0xAC05, 0xB3E9,
    0xB3EA, 0x9325, 0x8AC3, 0x82C3, 0x8221, 0x7A22, 0x61E0, 0x5980,
    0x4020, 0x5A21, 0x5A63, 0x5AA4, 0x62C5, 0x6B28, 0x73A8, 0x73C6,
    0x7B69, 0x7BA9, 0x7BC9, 0x8C29, 0x8C2A, 0x948D, 0x8C6B, 0x7C49,
    0x844A, 0x8C6A, 0x8C8A, 0x8C4A, 0x8C4B, 0x8C8C, 0x8449, 0x8468,
    0x7BE7, 0x8C69, 0x8D2A, 0x956A, 0x94CB, 0x7CA8, 0x8D49, 0x8CE7,
    0x954B, 0x84E9, 0x954B, 0xA4EF, 0x9D8F, 0xA5F0, 0xADF1, 0xB5B1,
    0xADB0, 0xADF0, 0xC694, 0xC673, 0xDF19, 0xE79A, 0xCED4, 0xCE94,
    0xBE92, 0xD736, 0xCEB4, 0xD6F6, 0xD6F5, 0xD6F5, 0xCEB4, 0xD6F4,
    0xDEF6, 0xDF15, 0xD693, 0xD652, 0xE6B4, 0xD6D4, 0xD671, 0xDE72,
    0xCE2F, 0xD6B1, 0xCDEE, 0xCDCD, 0xCDCE, 0xBD2C, 0xBD0D, 0xC58B,
    0xBC8B, 0xABEB, 0x92E5, 0x9AC4, 0x9B45, 0x93A5, 0x8220, 0x7A20,
    0x7A41, 0x69A0, 0x61E0, 0x3900, 0x5A21, 0x5A62, 0x6284, 0x6AA5,
    0x6AA5, 0x6AC5, 0x6B06, 0x7306, 0x6B47, 0x7BAA, 0x8BCC, 0x844B,
    0x7CC9, 0x9D2D, 0x94AC, 0x8C6B, 0x8C6A, 0x8C29, 0x8C29, 0x7C49,
    0x8CEB, 0x8489, 0x9C8B, 0x950E, 0x954C, 0x952C, 0x94EB, 0x94CA,
    0x94EB, 0x9D4C, 0x950D, 0x954C, 0x9D6D, 0xA5D1, 0x8D6D, 0x8D6D,
    0xADB0, 0xBE32, 0xADD0, 0xC6D5, 0xC6B4, 0xCEB5, 0xC6D5, 0xBE72,
    0xC693, 0xCEB4, 0xDF37, 0xCED5, 0xD6F6, 0xD6D4, 0xD6F5, 0xD6F5,
    0xCED3, 0xCEB3, 0xD6D4, 0xD6D4, 0xDF16, 0xDF36, 0xE735, 0xD652,
    0xCE50, 0xD650, 0xD671, 0xCE90, 0xCE0F, 0xDE4F, 0xBD6B, 0xC5AD,
    0xC52C, 0xB52A, 0xBCE9, 0xBC89, 0xB46A, 0xB44A, 0xA407, 0x9BC5,
    0x93C3, 0x9325, 0x82A3, 0x7A00, 0x6A20, 0x6220, 0x40C0, 0x59E1,
    0x5AC3, 0x5B05, 0x62C5, 0x6305, 0x6B07, 0x6325, 0x7328, 0x7308,
    0x6B85, 0x5AE3, 0x6306, 0x7B27, 0x6AE8, 0x7BE8, 0x8BAA, 0x8409,
    0x8C8A, 0x8CEB, 0x952E, 0x94EA, 0x952F, 0xB674, 0x95EE, 0xA550,
    0xADB2, 0xA591, 0xA591, 0xADB0, 0xA58F, 0xA5AF, 0xAE71, 0xBEB5,
    0xBE73, 0xCED4, 0xDF38, 0xCED6, 0xC6B4, 0xCEF6, 0xD6D6, 0xCE94,
    0xCED5, 0xCEB5, 0xC694, 0xCED5, 0xCED5, 0xC6B3, 0xCED4, 0xD716,
    0xCED4, 0xCED4, 0xCEF5, 0xDEF8, 0xE738, 0xC691, 0xC651, 0xCE50,
    0xC5EE, 0xC630, 0xC610, 0xBDEE, 0xBDCD, 0xB5CD, 0xCE2F, 0xD60F,
    0xDE30, 0xC5AD, 0xBD4D, 0xBD2C, 0xB508, 0xC4EB, 0xBC6D, 0x9BE5,
    0x92E3, 0x9B85, 0xA3C5, 0x8AE4, 0x8AA4, 0x82C3, 0x7A21, 0x7240,
    0x5980, 0x4040, 0x52E3, 0x5B05, 0x62E6, 0x6306, 0x6B06, 0x7387,
    0x7387, 0x7347, 0x7C48, 0x7BC7, 0x8BCA, 0x840B, 0x840B, 0x8BCC,
    0x8CEC, 0x94ED, 0x8CA8, 0x8C8A, 0x948A, 0x8C69, 0x946C, 0x94B0,
    0xA572, 0xA593, 0xB674, 0xA5D0, 0xADD1, 0xAD8F, 0xB650, 0xB651,
    0xCF77, 0xBE94, 0xBE93, 0xC693, 0xC674, 0xADEF, 0xAE11, 0xBE33,
    0xBE94, 0xBE53, 0xB673, 0xC6F6, 0xC694, 0xB611, 0xB610, 0xCE53,
    0xC653, 0xBE30, 0xC651, 0xB610, 0xC651, 0xC652, 0xBE50, 0xBE30,
    0xC5B0, 0xC5F0, 0xC611, 0xBDCF, 0xB58E, 0xB58D, 0xC58E, 0xCDCF,
    0xC5CD, 0xBD0A, 0xD5CE, 0xB4C9, 0xBD2B, 0xC58D, 0xBD2A, 0xC4EE,
    0xABA9, 0x8AA2, 0xC46C, 0xABCA, 0x9343, 0x9B65, 0x8AA3, 0x8241,
    0x8280, 0x7200, 0x6200, 0x5980, 0x4040, 0x5A80, 0x6242, 0x6264,
    0x6AE6, 0x7B48, 0x6B08, 0x734A, 0x83A8, 0x83EB, 0x83EC, 0x84CD,
    0x8D0C, 0x9D2D, 0x9D0D, 0x8D0B, 0x7C68, 0x948B, 0x94AA, 0x948A,
    0x83E8, 0x942B, 0x84AB, 0x8488, 0x948C, 0x8C4C, 0x844A, 0x9D30,
    0x94EC, 0x9D4F, 0x8D0C, 0x9D2C, 0xA4ED, 0x8CEC, 0x9D2F, 0xADD1,
    0xB632, 0xC674, 0xBE53, 0xB611, 0xC674, 0xCE95, 0xAD6F, 0xB5D0,
    0xB631, 0xB611, 0xB5CF, 0xB5CF, 0xB5AE, 0xB58E, 0xADAE, 0xAD8E,
    0xB56D, 0xAD2B, 0xB54D, 0xC612, 0xBD8F, 0xB56D, 0xB60E, 0xAD8D,
    0xB56C, 0xACCA, 0xB54B, 0xC5AE, 0xCDCE, 0xBD2B, 0xCDEE, 0xC56C,
    0xBCA7, 0xBCE9, 0xABA7, 0x8A45, 0x9305, 0x8240, 0x8260, 0x8AC2,
    0x8B03, 0x8AC2, 0x8AC1, 0x82A0, 0x7A40, 0x6A00, 0x5180, 0x4040,
    0x59A0, 0x5A43, 0x5AA3, 0x62A5, 0x62E5, 0x6B03, 0x7366, 0x6347,
    0x6B28, 0x83C7, 0x842A, 0x8C2A, 0x8CCD, 0x84CA, 0x9C4D, 0x9CAB,
    0x94CB, 0x94CB, 0x94CC, 0x94ED, 0x9D0C, 0x94AB, 0x94CE, 0x952C,
    0x9CEE, 0xA4F0, 0xA510, 0x9D51, 0xA572, 0xA5B1, 0xAD71, 0xB615,
    0xBEB8, 0xCF5A, 0xBE13, 0xB5B1, 0xADB0, 0xADB0, 0xADD0, 0xA56E,
    0xADAF, 0xB611, 0xB672, 0xA5AF, 0xB5B1, 0x9D2B, 0xA54B, 0xAD6F,
    0xAD6D, 0xA4A9, 0xA48A, 0xA509, 0xB4CB, 0xB4CC, 0x94C8, 0xAD0C,
    0xAD6D, 0xA5AB, 0xB54D, 0xB56E, 0xC60F, 0xCDEF, 0xBDAE, 0xC5EE,
    0xB50B, 0xC5AD, 0xCD8C, 0xC4C9, 0x92C5, 0x8206, 0x9305, 0x9B85,
    0x9326, 0x9AE6, 0x9306, 0x8AE2, 0x9303, 0x9363, 0x82C2, 0x6A80,
    0x59C0, 0x5920, 0x4840, 0x52C3, 0x5B26, 0x5B04, 0x62A5, 0x6B26,
    0x7BAA, 0x7348, 0x73A6, 0x7BA4, 0x6BC6, 0x73CC, 0x6C0A, 0x6C4B,
    0x7BC8, 0x7BA7, 0x7C28, 0x94AA, 0x94AC, 0x8C6A, 0x8C6B, 0x8C8C,
    0x8D0E, 0x9DD1, 0x9D51, 0x9CF0, 0x9D10, 0xADF3, 0xA5F3, 0xA5B1,
    0xBE95, 0xBF17, 0xB6B4, 0xB5D2, 0xB5B1, 0xA550, 0xA550, 0xA590,
    0xA50F, 0x9CCC, 0x9D4E, 0x9D4E, 0xA56E, 0xA56E, 0xBD91, 0xAD4F,
    0xBD91, 0xBDD2, 0xA58E, 0xA54D, 0xAD4D, 0xB58E, 0xAD4D, 0xB56F,
    0xB5CF, 0xC610, 0xBDF0, 0xADAD, 0xBD8F, 0xBD8E, 0xBDAD, 0xB58D,
    0xCDCE, 0xBDAD, 0xC5AD, 0xCD6C, 0xBD2B, 0xBD0B, 0xAC49, 0xAC45,
    0xB4E6, 0xB447, 0xA386, 0xA367, 0x9B25, 0x9B24, 0x9B24, 0x8AE1,
    0x8AE2, 0x8AC2, 0x6AA0, 0x6200, 0x5960, 0x4040, 0x5A21, 0x5A21,
    0x6283, 0x6B06, 0x6B26, 0x6B26, 0x6B26, 0x7BC8, 0x8C4D, 0x7C0A,
    0x7C8B, 0x9C8C, 0x948B, 0x84CC, 0x854C, 0x94ED, 0x8C6B, 0x8C8B,
    0x948E, 0x8CCE, 0x84AC, 0x9CED, 0x942C, 0x944D, 0xA48E, 0x94AD,
    0x8D0E, 0xB591, 0xAD92, 0xAD51, 0xA4EF, 0xB572, 0xA592, 0xB5F3,
    0xBE95, 0xB654, 0xB612, 0xBE34, 0xBE13, 0xBDF2, 0xADB0, 0xB5B1,
    0xBDD1, 0xBDF2, 0xBE12, 0xB610, 0x9D8C, 0xBD6F, 0xB58F, 0xADEF,
    0xB5CF, 0xB58F, 0xBE10, 0xB5AE, 0xCE32, 0xADAD, 0xCE10, 0xDE72,
    0xC60F, 0xCE10, 0xD5EF, 0xB529, 0xCD8C, 0xC52C, 0xC56C, 0xC56B,
    0xC54C, 0xBD6A, 0xC529, 0xBC67, 0xBCC9, 0xB407, 0xA3C5, 0x93E4,
    0x9B23, 0x9B45, 0x9B44, 0x9365, 0x8AA2, 0x82E0, 0x8261, 0x6A40,
    0x40C0, 0x5A42, 0x62A5, 0x62C5, 0x6264, 0x6AC5, 0x7367, 0x7BE9,
    0x7C0A, 0x7C09, 0x7B49, 0x946E, 0x8C90, 0x8CCC, 0x8C8D, 0x8408,
    0x8C49, 0x8CCA, 0x94CB, 0x8C89, 0x8448, 0x94AA, 0x942C, 0x942D,
    0x950F, 0x952D, 0xA5AF, 0xA58F, 0x9D0E, 0x950E, 0xA570, 0x9D90,
    0x9D70, 0xADD0, 0xAD91, 0xB591, 0xB5B1, 0xB612, 0xA58F, 0xA58E,
    0xB5F0, 0xBE13, 0xCE54, 0xBE33, 0xC653, 0xB671, 0xC694, 0xDE95,
    0xAE10, 0xAE10, 0xBE11, 0xB5CE, 0xC693, 0xC632, 0xB5CE, 0xBE0F,
    0xCE51, 0xCE72, 0xCE92, 0xDEF4, 0xD6B1, 0xD670, 0xD691, 0xDEB2,
    0xD62E, 0xCDEE, 0xC5AD, 0xC5CC, 0xCDAC, 0xCD4D, 0xBCCC, 0xB48B,
    0xB489, 0xBC4B, 0xB428, 0xB488, 0xAC48, 0x9B47, 0x9B45, 0x92E4,
    0x8AC2, 0x6A20, 0x61C0, 0x4040, 0x5200, 0x6262, 0x62A4, 0x6B06,
    0x62C4, 0x6B05, 0x7B26, 0x72A5, 0x7386, 0x848C, 0x8D0D, 0x94EC,
    0x9D2D, 0x9D4D, 0xB611, 0xADD1, 0x8C8A, 0x7C08, 0x9571, 0xA511,
    0x9D4E, 0x9DCF, 0x95EE, 0x9570, 0xA572, 0x950F, 0x94CE, 0x946C,
    0x8CCA, 0x952D, 0x94EC, 0x9D2D, 0xB5B1, 0xB5D0, 0xAE11, 0xA5EF,
    0xAE51, 0xBE73, 0xC6D4, 0xCEF6, 0xCE34, 0xCE95, 0xC6B5, 0xCED5,
    0xCE74, 0xBE11, 0xB630, 0xC693, 0xCE53, 0xC6D3, 0xC692, 0xBE30,
    0xCE93, 0xDF15, 0xCEB3, 0xD6D3, 0xD6D3, 0xD6D4, 0xD6D3, 0xDED3,
    0xDED4, 0xE717, 0xDED2, 0xDEF3, 0xDED2, 0xDE70, 0xD60E, 0xCDEF,
    0xCE0F, 0xCDEE, 0xCDAE, 0xBD4E, 0xB4CB, 0xB4A9, 0xB469, 0xAC28,
    0xAC07, 0x9B85, 0x8B04, 0x7AC1, 0x7260, 0x61C0, 0x4020, 0x5261,
    0x5A83, 0x5A84, 0x6B06, 0x7368, 0x7389, 0x6B88, 0x7C6B, 0x844C,
    0x7BC7, 0x73C9, 0x7C8C, 0x6C6E, 0x842D, 0x7C0A, 0x7C49, 0x8CAA,
    0x952C, 0x94AC, 0x94AA, 0x95D1, 0x9573, 0xADF5, 0xBDB5, 0xAD91,
    0xADB1, 0xADD0, 0xBE74, 0xC636, 0xC655, 0xD695, 0xCE95, 0xD6D6,
    0xA670, 0xA630, 0xBE53, 0xC612, 0xB60F, 0xC674, 0xCE76, 0xCED5,
    0xD716, 0xD717, 0xDEF8, 0xDF18, 0xE79A, 0xD695, 0xDEB6, 0xDF37,
    0xD715, 0xDEF7, 0xE718, 0xDF36, 0xDF16, 0xDF37, 0xD6F4, 0xD6D3,
    0xD6D3, 0xD6D3, 0xD6B3, 0xD6D3, 0xD691, 0xD690, 0xDED3, 0xD691,
    0xDED2, 0xDE91, 0xDE70, 0xD650, 0xCDCF, 0xC56D, 0xC58E, 0xBD2D,
    0xB4EC, 0xB48A, 0xAC68, 0xA3E6, 0xA385, 0x8AE4, 0x8261, 0x7200,
    0x59A0, 0x4040, 0x5240, 0x5A82, 0x5AA4, 0x5A61, 0x6282, 0x6BC9,
    0x6BC8, 0x7B89, 0x844C, 0x7CF1, 0x8553, 0x8CAF, 0x84CB, 0x8CAA,
    0x8CCB, 0x94EB, 0x94EC, 0x944A, 0x8C2A, 0x8C8A, 0x846A, 0x93C7,
    0x944C, 0x7408, 0x952F, 0xA56F, 0xA52F, 0xA571, 0xB630, 0xBE73,
    0xB693, 0xB6B2, 0xA690, 0xD6D6, 0xD676, 0xCE94, 0xBEB5, 0xBE53,
    0xCE55, 0xB631, 0xCEF5, 0xC6B6, 0xCE75, 0xDEF8, 0xD6F8, 0xCEF6,
    0xCF37, 0xDF99, 0xD717, 0xD716, 0xD716, 0xD6F5, 0xD716, 0xD6D6,
    0xDF37, 0xD6F5, 0xDEF5, 0xDED3, 0xDED4, 0xDEF4, 0xE6F5, 0xEF36,
    0xEEF6, 0xE6F5, 0xDEB2, 0xDE92, 0xE694, 0xDE94, 0xDE31, 0xD5CE,
    0xC54D, 0xBCCC, 0xB4AB, 0xB4AB, 0xB428, 0xB3E8, 0xABA8, 0x9365,
    0x8AA2, 0x8200, 0x5A00, 0x51C0, 0x4800, 0x5241, 0x5A61, 0x5A41,
    0x5A02, 0x6224, 0x6182, 0x7102, 0x7204, 0x7348, 0x83A9, 0x8C08,
    0x83E7, 0x8C49, 0x8CAB, 0x848B, 0x8C6A, 0x8C8A, 0x8D0C, 0x954C,
    0x94ED, 0x9D2E, 0x946B, 0x840A, 0x8489, 0x8409, 0x94AC, 0x94EA,
    0x9D2B, 0x9D6D, 0xADB0, 0x9D6D, 0x9D2D, 0xADB1, 0xC5D1, 0xA5D0,
    0x9D8E, 0xB5D2, 0xCE35, 0xC694, 0xCE96, 0xE6D9, 0xDEF9, 0xE739,
    0xD717, 0xE739, 0xDF37, 0xE738, 0xEF5A, 0xD737, 0xD717, 0xE739,
    0xE739, 0xE738, 0xDF37, 0xDED6, 0xDE93, 0xE6D5, 0xEEF6, 0xE6F5,
    0xE6D4, 0xE693, 0xE693, 0xDE52, 0xDE2F, 0xE672, 0xE651, 0xDE10,
    0xD5EF, 0xD5EE, 0xCD8D, 0xBCAB, 0xBCAD, 0xB409, 0xB3A8, 0xABE8,
    0x9303, 0x92A5, 0x7A82, 0x7A80, 0x7A20, 0x61E0, 0x5140, 0x4000,
    0x5A61, 0x6283, 0x62A3, 0x6304, 0x7366, 0x6AC4, 0x738A, 0x73EA,
    0x7BC9, 0x7BC7, 0x7BC5, 0x94CB, 0x9D2D, 0x94CC, 0x8C6A, 0x94EC,
    0x84CA, 0x6B64, 0x7B88, 0x7367, 0x846C, 0x84CE, 0x94EE, 0xADB3,
    0x9D2D, 0x948A, 0x9509, 0x9527, 0x84A9, 0x94EB, 0xA52F, 0xAD51,
    0x952D, 0x8D0B, 0xAE12, 0xAD8E, 0xA56C, 0xA5EC, 0x9DAE, 0x952C,
    0xBE11, 0xBE12, 0xB570, 0xC5F3, 0xCE94, 0xC653, 0xCE94, 0xC6D4,
    0xD6D6, 0xD6D5, 0xCEF3, 0xD6F4, 0xD6D4, 0xCE53, 0xDEB4, 0xE6D5,
    0xDE73, 0xD652, 0xDE52, 0xDE32, 0xDE32, 0xDE51, 0xD610, 0xD58F,
    0xD58E, 0xCD8D, 0xD5EE, 0xD56C, 0xCDAC, 0xC4CB, 0xBBC6, 0xB386,
    0xB386, 0xA325, 0x9B26, 0x9305, 0x8AC4, 0x8201, 0x81E1, 0x6A00,
    0x61C0, 0x58A0, 0x4000, 0x5A60, 0x5A81, 0x62A3, 0x62E5, 0x6B07,
    0x73C8, 0x6BA8, 0x7CAA, 0x850C, 0x8D2E, 0x9D51, 0x948D, 0x83CA,
    0x8489, 0x8CA9, 0x8C68, 0x9449, 0x944B, 0x8C4C, 0x94ED, 0x9CAA,
    0x9C6A, 0x9CCD, 0x8C8B, 0x8D2D, 0x9DD0, 0x950F, 0xB533, 0xB550,
    0xAD90, 0x952A, 0x8D4A, 0x956E, 0xA58D, 0x8D27, 0x9D6B, 0x8589,
    0x84E6, 0xA54E, 0xB5F0, 0xB5F1, 0xC675, 0xC633, 0xBE31, 0xC653,
    0xBE11, 0xC693, 0xCDF2, 0xBDB0, 0xCE94, 0xD654, 0xBD91, 0xD633,
    0xD652, 0xC630, 0xCE52, 0xCE12, 0xC5AF, 0xD631, 0xDE93, 0xCDAE,
    0xCD6E, 0xC5AE, 0xBDAE, 0xB58C, 0xBD4C, 0xCD8D, 0xC4E9, 0xC445,
    0xBB87, 0xB3A6, 0xB3C7, 0xB3A6, 0xAB45, 0x9AC5, 0x9304, 0x8AC3,
    0x8AE5, 0x8281, 0x7220, 0x61C0, 0x5140, 0x4000, 0x5A61, 0x6282,
    0x62A4, 0x6B05, 0x6B65, 0x6B67, 0x73EA, 0x83AB, 0x83AC, 0x83AB,
    0x8BCC, 0x8D0C, 0x950A, 0xA50F, 0xA511, 0x9D71, 0x9D90, 0xA58D,
    0xB56E, 0xA4CC, 0x8D0C, 0x746B, 0x8CED, 0x956F, 0x948B, 0x93EA,
    0xA4CD, 0x7488, 0x6C46, 0x63E4, 0x94ED, 0xA50D, 0xA4EB, 0xA52E,
    0x9D2C, 0xC5F5, 0xBDD4, 0xBDF3, 0xCEB6, 0xD6F7, 0xC5F3, 0xB5B0,
    0xC674, 0xBE33, 0xC5D1, 0xCE32, 0xC611, 0xC672, 0xBE50, 0xB5AF,
    0xBDB0, 0xBE30, 0xB651, 0xC6B2, 0xC5D0, 0xC58F, 0xC5EF, 0xC5F0,
    0xCDAF, 0xB50C, 0xBD6D, 0xBDCE, 0xB5AE, 0xCD8E, 0xCD8D, 0xC50C,
    0xC50B, 0xBCEA, 0xB468, 0xB427, 0xAB87, 0xAB86, 0xAB66, 0xA305,
    0x9AC5, 0x92E4, 0x8AC3, 0x8AE4, 0x7A40, 0x7A40, 0x6A00, 0x5140,
    0x4020, 0x5A61, 0x62A2, 0x6B04, 0x6B46, 0x6B67, 0x7C2A, 0x7388,
    0x840B, 0x7C88, 0x854D, 0x958D, 0x954E, 0xA50F, 0x8CEB, 0x8D08,
    0x94A5, 0x93E5, 0x8C27, 0x7CA9, 0x6C47, 0x94AA, 0x9CAB, 0x9C6B,
    0x946B, 0x848C, 0x8CEC, 0x950D, 0x8CAB, 0xA54F, 0xB5B0, 0xB5D0,
    0xA56F, 0x9D6D, 0xADD0, 0xAE10, 0xAE0F, 0xA5EE, 0xADF1, 0xA58F,
    0xA54E, 0xAD90, 0xADB0, 0xADAF, 0xB5B0, 0xB5D1, 0xB5F0, 0xADF0,
    0xA56E, 0xB570, 0xAD6E, 0xADAE, 0xAD6E, 0xCDB2, 0xB449, 0xA468,
    0xAD6C, 0xA4A9, 0xB4EA, 0xB56C, 0xC610, 0xCE31, 0xB56D, 0xB54D,
    0xBD8E, 0xC52D, 0xB4CA, 0xBD0B, 0xB489, 0xA406, 0xA3E6, 0xABC7,
    0x9B25, 0x9AC5, 0xA346, 0x9303, 0x92E4, 0x8AC3, 0x82A2, 0x7A41,
    0x7200, 0x6A20, 0x5920, 0x4020, 0x5A81, 0x5A41, 0x5A00, 0x6A85,
    0x6AC7, 0x740A, 0x7C6A, 0x9611, 0xA591, 0xACEF, 0xA50F, 0x9CED,
    0x8CEA, 0x9D0A, 0xA52E, 0x9510, 0xA653, 0x8D2C, 0x9D2D, 0xB592,
    0x9C8D, 0x948C, 0x8CF0, 0x8D2F, 0x954F, 0x9CED, 0xA4CE, 0xAD2F,
    0x9D4E, 0x952C, 0x950A, 0x9D2C, 0xA54E, 0x9D2C, 0x952A, 0x9D0C,
    0xA50D, 0xADAF, 0x94EB, 0x9D2C, 0x9D6D, 0xA52D, 0xA50D, 0xA4CC,
    0xA4EC, 0xA50B, 0xA50D, 0xA4EB, 0xA52A, 0xA56B, 0xB56C, 0xA4C8,
    0x9465, 0x94E8, 0xA52B, 0xAD0B, 0xB50D, 0xBD8E, 0xB5CF, 0xA4CA,
    0xB4EC, 0xC56F, 0xC54F, 0xAC88, 0xBC69, 0xBCCB, 0xB468, 0xB4A9,
    0xAC48, 0xABA7, 0x9B67, 0x9BC7, 0x9385, 0x92E5, 0x92C4, 0x8AE4,
    0x8AA2, 0x8A83, 0x8241, 0x71E0, 0x6A60, 0x59E0, 0x4020, 0x5242,
    0x5A84, 0x5AE6, 0x6388, 0x7C29, 0x7369, 0x7348, 0x7ACA, 0x836C,
    0x848C, 0x8CCD, 0x952C, 0x8D0C, 0x8CEE, 0x950E, 0x954B, 0xA52D,
    0xA4EF, 0x9D0E, 0x9D2D, 0x9590, 0xA633, 0x956F, 0xA54E, 0xA50E,
    0x94CB, 0x8CCB, 0x8C69, 0x8C09, 0x942B, 0x9CAA, 0x9489, 0x8C68,
    0x94AA, 0x946B, 0x944B, 0x9C4A, 0x946A, 0x946A, 0x9CAC, 0x948B,
    0x9429, 0x9409, 0x9C8A, 0x9C49, 0x9C29, 0xA48A, 0x9CAA, 0xA4AC,
    0xA48C, 0x8345, 0x9C29, 0xA4EB, 0xA4AB, 0xBD0D, 0xB4ED, 0xB52D,
    0xB52E, 0xE6D5, 0xCDCE, 0xB58A, 0xAD29, 0xBD4B, 0xBD0B, 0xACC8,
    0xB50B, 0xB4CA, 0xB46A, 0xAB48, 0xAC48, 0xAC89, 0x9B86, 0xA3A7,
    0x9345, 0x9325, 0x8AC4, 0x8A84, 0x8262, 0x7221, 0x6A20, 0x61A0,
    0x5100, 0x4040, 0x5220, 0x5280, 0x62E0, 0x62A1, 0x6282, 0x6AC4,
    0x7304, 0x83EB, 0x7428, 0x8CAC, 0x7C4A, 0x8469, 0x9CEC, 0x94A8,
    0x94CB, 0x8C4B, 0x8489, 0x952C, 0x94AC, 0x9CAD, 0x9D50, 0x9D4F,
    0x94AA, 0x94CD, 0x948C, 0x94CA, 0x94AB, 0x8C8A, 0x94AB, 0x94CA,
    0x946A, 0x948B, 0x9CCC, 0x946A, 0x94AA, 0x8C88, 0x8427, 0x8409,
    0x8428, 0x7B86, 0x8C09, 0x9429, 0x8C08, 0x9449, 0xA54F, 0x9CCC,
    0x9CEA, 0x9CAA, 0x9C28, 0xA4C9, 0xC672, 0xB5EF, 0xAD6E, 0xB54E,
    0xB52D, 0xBD6E, 0xB52C, 0xB4EC, 0xB4EA, 0xAD0A, 0xB4EC, 0xBCAC,
    0xAC68, 0xC58F, 0xACE9, 0xABE6, 0xB3E9, 0xAB67, 0x9384, 0xAC28,
    0xABA8, 0x9B45, 0xAC09, 0x9BA6, 0x9B47, 0x8AA4, 0x82C4, 0x8A83,
    0x7AA0, 0x6A40, 0x5A00, 0x4940, 0x4020, 0x5220, 0x5220, 0x5240,
    0x62C3, 0x6306, 0x6367, 0x6BA7, 0x8C8A, 0xA50E, 0x948E, 0xA571,
    0x950D, 0x8CCB, 0x94CE, 0x8D0B, 0x8CAB, 0x9D0F, 0x9D30, 0x9592,
    0x9D71, 0x9D91, 0x9DD0, 0x9D92, 0x9570, 0x952D, 0x8CEC, 0x950C,
    0x84A9, 0x8C6B, 0x8C4A, 0x9CCB, 0x8C47, 0x94A9, 0x8C48, 0x8468,
    0x8C8A, 0x94CB, 0x9CCD, 0xAD70, 0xB5D1, 0xA52E, 0xAD90, 0xB5F2,
    0x9CEB, 0xA50C, 0xA4EA, 0xA50B, 0xA54C, 0xB5CF, 0xB58E, 0xB54C,
    0xBD6E, 0xAD0C, 0xBD4D, 0xBD4D, 0xAD0C, 0xB52D, 0xAD0A, 0xAC49,
    0xAC29, 0xAC68, 0xACCA, 0xACA8, 0xB4A8, 0xBCAA, 0xB426, 0xAC46,
    0xB4A9, 0xAC6A, 0xABA7, 0xAC28, 0xA408, 0xA3A8, 0x9B27, 0x9346,
    0x9385, 0x8AE3, 0x8222, 0x7A03, 0x7201, 0x7240, 0x5920, 0x4000,
    0x51E0, 0x51E0, 0x5A40, 0x5A43, 0x62A4, 0x8388, 0x7BCB, 0x7C0C,
    0x840E, 0x7C2B, 0x7C8B, 0x842A, 0x8D0D, 0x84AA, 0x8CCC, 0xA50E,
    0x9CEF, 0x94CE, 0xA4CE, 0x94CD, 0x9530, 0x8CAD, 0x952E, 0x9509,
    0x952A, 0x9CEC, 0x9CED, 0x9D0C, 0x9CEA, 0x9D0B, 0x9D2D, 0x94EC,
    0x9D2D, 0xA4EE, 0xAD71, 0xB5D3, 0xAE52, 0xADD0, 0xA54F, 0xAD4F,
    0xA5D0, 0xA56E, 0xA56E, 0xA54D, 0xAD4D, 0xB56E, 0xAD4E, 0xAD6E,
    0xAD4B, 0xBDAF, 0xACEC, 0xB58F, 0xBDAF, 0xAD4C, 0xBDAE, 0xBD8D,
    0xBDCC, 0xB4EA, 0xB4CB, 0xAC89, 0xB4C9, 0xA466, 0xB50A, 0xBD4B,
    0xBCA8, 0xBC8B, 0xBCCB, 0xBC8A, 0xBCCC, 0xAC28, 0xABE9, 0x9BC7,
    0x8B83, 0x9366, 0x9B26, 0x92E6, 0x8A25, 0x7A01, 0x7A22, 0x6A20,
    0x61C0, 0x59C0, 0x4080, 0x5220, 0x5A62, 0x6282, 0x6284, 0x5AA5,
    0x62C6, 0x7B0B, 0x742B, 0x74CC, 0x850E, 0x7CCB, 0x9C6D, 0xA50E,
    0xA4ED, 0x94EC, 0x8468, 0x8CCC, 0x954F, 0x9590, 0xA634, 0x9DB2,
    0xAE32, 0xAE32, 0xAD71, 0xB573, 0xAD71, 0xADF1, 0xAED2, 0x9DEF,
    0xADB1, 0xA56F, 0xA54F, 0x9D4F, 0xA630, 0xA610, 0xAD71, 0xB572,
    0xC593, 0xC696, 0xB632, 0xB591, 0xB5D0, 0xB5F0, 0xB5B1, 0xB5F1,
    0xBDF2, 0xAD4F, 0xAD2E, 0xB5AF, 0xBE30, 0xAE0E, 0xA60C, 0xB58E,
    0xCD8F, 0xB58B, 0x9C85, 0xB4AC, 0xAC6C, 0xB4EB, 0xB48E, 0xCD71,
    0xDE31, 0xCDAE, 0xC52C, 0xB4EA, 0xC54D, 0xBCCB, 0xB40B, 0xB40A,
    0xB429, 0xB449, 0xA3E7, 0x9B67, 0x9B26, 0x8AA4, 0x8243, 0x7A42,
    0x7AC2, 0x7260, 0x71E0, 0x59C0, 0x5940, 0x4020, 0x4A00, 0x5220,
    0x5240, 0x5282, 0x6305, 0x62C3, 0x5B85, 0x7368, 0x83EB, 0x8C0C,
    0x83A9, 0x7C08, 0x7C49, 0x8C8B, 0x8C6C, 0x9530, 0x94EC, 0x94AD,
    0x8B8B, 0x8BEB, 0x9CF0, 0x9CF0, 0x9D11, 0x9530, 0x850D, 0x95EF,
    0x9D8F, 0x9D0E, 0xA52E, 0xA5AF, 0xA56F, 0xB5F2, 0xADB3, 0xB5B3,
    0xB592, 0xAD90, 0xB5F2, 0xAD91, 0xB5B1, 0xB5D2, 0xB5F2, 0xBE54,
    0xC655, 0xC634, 0xCE15, 0xC615, 0xCEB5, 0xCED5, 0xCEB4, 0xDF17,
    0xDE77, 0xD613, 0xCE73, 0xBDEE, 0xBDEF, 0xDE73, 0xCDB1, 0xCE33,
    0xDEF5, 0xDECF, 0xBD6B, 0xB4EA, 0xB50A, 0xBD0D, 0xB48B, 0xB44D,
    0xB46B, 0xBD0E, 0xB50C, 0xBCCC, 0xB4AB, 0xAC07, 0xABA8, 0x9B67,
    0x92E6, 0x92E5, 0x82E4, 0x82A4, 0x79E1, 0x71C0, 0x5980, 0x5080,
    0x3840, 0x5260, 0x62A3, 0x6306, 0x6367, 0x6306, 0x6B48, 0x730A,
    0x7B4B, 0x7BE9, 0x744A, 0x7C2C, 0xA5D4, 0x8D2F, 0x956F, 0x9591,
    0x8CCE, 0x948F, 0x94CF, 0xBE76, 0xA5D4, 0x9530, 0x84AD, 0x8CCD,
    0x952E, 0x9CEC, 0x9C8A, 0x94AB, 0x9D0C, 0x9D91, 0x9D10, 0xADB2,
    0xA5B1, 0xA5AE, 0xB551, 0xB613, 0xB674, 0xAE13, 0xB634, 0xADF2,
    0xB591, 0xCDF4, 0xCE14, 0xC5F5, 0xBDF3, 0xC695, 0xCF57, 0xC6B5,
    0xCE75, 0xD696, 0xD695, 0xD674, 0xDE54, 0xE6F7, 0xDEF8, 0xDED7,
    0xDF17, 0xD6B4, 0xD672, 0xBD4C, 0xAC67, 0xBD2E, 0xB4EA, 0xBC88,
    0xBC8E, 0xB46D, 0xB48D, 0xB4AD, 0xCD4F, 0xC52E, 0xC52E, 0xB4AC,
    0xB46C, 0xB46A, 0xB44A, 0xA3C8, 0x9B66, 0x9306, 0x8AA4, 0x8262,
    0x7220, 0x5160, 0x4880, 0x3820, 0x5240, 0x5240, 0x5262, 0x5A84,
    0x6AE7, 0x7388, 0x7C8B, 0x848C, 0x7C2B, 0x8D0E, 0x8D0E, 0x842C,
    0x942C, 0x946E, 0x9C90, 0x9D2F, 0xA5B2, 0x9550, 0x7CEC, 0x9D91,
    0xA634, 0xAE97, 0xA592, 0xADF4, 0xA695, 0xA676, 0xAE77, 0xC737,
    0xAE72, 0xA5D1, 0xADD0, 0xAD30, 0xA550, 0xAD92, 0xAD71, 0xA4D0,
    0xB572, 0xC593, 0xC635, 0xBE75, 0xBEB6, 0xBE95, 0xCF17, 0xCF78,
    0xC693, 0xB4EF, 0xC5B3, 0xCE75, 0xC614, 0xD6B6, 0xDF5B, 0xE77C,
    0xDEF9, 0xDED6, 0xDF19, 0xCD91, 0xCD8F, 0xCD50, 0xC56E, 0xBD6E,
    0xD5B1, 0xCD51, 0xCDD2, 0xBD8E, 0xCD70, 0xCD50, 0xC4CD, 0xC54E,
    0xC56E, 0xBCEC, 0xBCCC, 0xBCED, 0xB48D, 0xAC0A, 0xA3C7, 0x9B67,
    0x9B67, 0x9304, 0x82C4, 0x7A62, 0x6200, 0x5900, 0x38C0, 0x5220,
    0x5240, 0x5AA3, 0x52E4, 0x6345, 0x5AE6, 0x6B08, 0x7329, 0x6B6A,
    0x7B8B, 0x838A, 0x7BCA, 0x84CE, 0x744B, 0x7BEA, 0x846D, 0x7C2A,
    0x94F0, 0x8430, 0x9511, 0x7C4C, 0x950F, 0xAE55, 0xADD4, 0xA571,
    0xA550, 0x9CEE, 0x94CE, 0xA550, 0xADB3, 0xB634, 0xADF2, 0xBE96,
    0xBE35, 0xB696, 0xC718, 0xCF58, 0xBEF6, 0xC716, 0xC6F5, 0xB674,
    0xC655, 0xBDD3, 0xCD74, 0xD5F5, 0xCE35, 0xDF39, 0xCE54, 0xD6B6,
    0xD6B6, 0xD6D6, 0xEF58, 0xDF17, 0xDEB6, 0xE6D5, 0xDED7, 0xE6D7,
    0xD635, 0xC5B2, 0xC5D1, 0xCDF0, 0xC5CE, 0xCDD0, 0xC52F, 0xCD50,
    0xC58D, 0xBDAD, 0xBD4D, 0xCDAE, 0xCDAE, 0xBD2D, 0xBC8C, 0xB42A,
    0xAC29, 0xA3A8, 0x9326, 0x8AC5, 0x8B06, 0x8AA4, 0x79E2, 0x61C0,
    0x4900, 0x3040, 0x4A00, 0x5240, 0x4A41, 0x4243, 0x4A84, 0x4AE5,
    0x5305, 0x6347, 0x6B26, 0x7388, 0x740A, 0x842C, 0x8C4D, 0x8C4D,
    0x948B, 0x9CEE, 0x9510, 0xA56F, 0xA56E, 0xA572, 0xA635, 0xA655,
    0x8DD2, 0xA5D2, 0xA5F2, 0x9DD1, 0x9DB0, 0x9DF2, 0xAE73, 0x9D70,
    0xA5B3, 0xADF3, 0xB675, 0xAF17, 0xAEB6, 0xADD2, 0xB635, 0xBE15,
    0xB5B3, 0xBDB3, 0xCDD4, 0xC532, 0xC592, 0xC633, 0xCEF6, 0xC693,
    0xCE13, 0xC613, 0xD6B6, 0xD6B5, 0xD695, 0xD615, 0xF73B, 0xEF3A,
    0xD654, 0xE738, 0xCE32, 0xD633, 0xDE54, 0xDE33, 0xCD70, 0xB4CE,
    0xD5F1, 0xDE74, 0xC5AF, 0xCDF1, 0xCD91, 0xBCAD, 0xC4ED, 0xBCAD,
    0xBC6D, 0xBC8D, 0xB44A, 0xAC09, 0x9B67, 0x9306, 0x8AA6, 0x8264,
    0x7A42, 0x7240, 0x6220, 0x48E0, 0x3040, 0x41C0, 0x5220, 0x5260,
    0x5A80, 0x5AA4, 0x62A5, 0x62E4, 0x6B47, 0x7368, 0x73EA, 0x742A,
    0x6C4A, 0x84AC, 0x8CCC, 0x742A, 0x738A, 0x7B69, 0x7B28, 0x72E9,
    0x7327, 0x7AE4, 0x6B04, 0x62E1, 0x73A6, 0x5B02, 0x940C, 0x942D,
    0x8BEB, 0x7C2A, 0x846C, 0x8C8B, 0x7428, 0x84ED, 0x8BEA, 0xAC8D,
    0xACEF, 0xA4CD, 0xAD0E, 0xB5B1, 0xAD50, 0xADB1, 0xA5D1, 0xC674,
    0xB592, 0xC593, 0xCDF4, 0xBE14, 0xCE34, 0xC613, 0xC5F2, 0xD614,
    0xBD50, 0xBDD1, 0xBE31, 0xBDAF, 0xCE33, 0xD695, 0xD675, 0xCE54,
    0xCEB5, 0xCE75, 0xE6D7, 0xCDF2, 0xCDD1, 0xCD91, 0xCD10, 0xBC8D,
    0xB48C, 0xB48B, 0xB4AD, 0xACAC, 0xA448, 0xA3C8, 0xA349, 0x9306,
    0x8A63, 0x8A64, 0x7A20, 0x79E0, 0x71E0, 0x61A0, 0x50A0, 0x38C0,
    0x5220, 0x5200, 0x5241, 0x5AE6, 0x5AE5, 0x5B05, 0x6B88, 0x7388,
    0x7389, 0x7B69, 0x7B89, 0x842C, 0x8C6D, 0x8C0D, 0x94AE, 0x956F,
    0x74CC, 0x74CC, 0x73C7, 0x73EA, 0x6B88, 0x72EA, 0x7B4B, 0x738B,
    0x6B6A, 0x744A, 0x7429, 0x842A, 0x7327, 0x94AE, 0x9CAE, 0xA52F,
    0xAD92, 0x952F, 0xAE75, 0xAE55, 0xAE56, 0xB676, 0xB633, 0xB634,
    0xC635, 0xBDF3, 0xC696, 0xC675, 0xCE96, 0xC633, 0xCE14, 0xCDF3,
    0xD695, 0xC612, 0xCE74, 0xD6D5, 0xCE93, 0xDED6, 0xD6B5, 0xDEB7,
    0xD695, 0xCE13, 0xCE14, 0xD655, 0xD5D2, 0xC4EF, 0xC4F0, 0xBD2D,
    0xC56E, 0xBD6D, 0xA4A9, 0xBD0F, 0xB4CC, 0xA366, 0xA3C8, 0xA347,
    0x9325, 0x9B03, 0x92C5, 0x7A61, 0x6A01, 0x7201, 0x7221, 0x6160,
    0x59A0, 0x4880, 0x3820, 0x5241, 0x5B43, 0x5343, 0x5AE4, 0x62C5,
    0x7368, 0x6B06, 0x6B47, 0x7BC9, 0x7BCA, 0x8C8D, 0x83CB, 0x7347,
    0x7C29, 0x7C2C, 0x942E, 0x9C8E, 0xA512, 0xAD75, 0xA513, 0xB675,
    0xA6D1, 0xAED1, 0xC713, 0x9DEF, 0xB651, 0xADF1, 0xAE73, 0xB6B5,
    0xADF1, 0xAE33, 0xB6F8, 0xA696, 0xAEF9, 0xB6B8, 0xBE54, 0xC675,
    0xC675, 0xCE76, 0xC655, 0xC634, 0xB654, 0xAE12, 0xC654, 0xCE74,
    0xCED6, 0xD696, 0xCEB5, 0xCEB5, 0xDEF7, 0xDED8, 0xEED9, 0xE678,
    0xDE78, 0xDED8, 0xCE13, 0xCD90, 0xD5D2, 0xD52F, 0xD611, 0xD691,
    0xDF53, 0xCED1, 0xD633, 0xB4EF, 0xB44D, 0xB44D, 0xABC9, 0xABA7,
    0xAB88, 0x9B27, 0x9326, 0x9286, 0x82E5, 0x8325, 0x7AC3, 0x6A81,
    0x69A1, 0x5980, 0x61E0, 0x6A00, 0x4880, 0x3860, 0x5160, 0x5140,
    0x59C1, 0x5A61, 0x5A83, 0x62C4, 0x6305, 0x6B48, 0x6B87, 0x63C8,
    0x6367, 0x842B, 0x846C, 0x8C8D, 0x8CAD, 0x846A, 0x7CEA, 0x7D09,
    0x6463, 0x84C8, 0x950B, 0x942C, 0x8BED, 0x944D, 0x946E, 0x948D,
    0x9CCD, 0xA4CD, 0xA50E, 0xA50F, 0x9C8C, 0xAC6E, 0xACCD, 0xAC8C,
    0xAD4F, 0xBE74, 0xAD70, 0xA50E, 0xA530, 0xB654, 0xD738, 0xDF19,
    0xDF1A, 0xDF5A, 0xDF19, 0xCE96, 0xD6F6, 0xDF3A, 0xCE97, 0xDEF8,
    0xDED8, 0xDEB7, 0xDF18, 0xDED7, 0xD654, 0xC612, 0xBDF2, 0xADCF,
    0x9DF0, 0xC612, 0xB4B0, 0xABAF, 0xB34B, 0xB3CD, 0xBC8D, 0xC54E,
    0xAC69, 0xB3A9, 0x9306, 0x9345, 0x9B47, 0x9B26, 0x8264, 0x7302,
    0x82C0, 0x8A40, 0x8261, 0x6980, 0x48E0, 0x6A20, 0x50E0, 0x3801,
    0x38A0, 0x4AC1, 0x52E2, 0x4AC0, 0x5B05, 0x6327, 0x6B27, 0x6BEA,
    0x6346, 0x7366, 0x7BE9, 0x7388, 0x9530, 0x8C0C, 0x83EB, 0x8C8C,
    0x8C2B, 0xA491, 0xA4D2, 0xA491, 0x9451, 0x8C4E, 0x948F, 0x94CB,
    0x954C, 0xA54F, 0x952F, 0x9D30, 0x84CE, 0x84ED, 0x94EE, 0x9D6F,
    0x9D70, 0x9550, 0xADF3, 0xAD12, 0x9C8F, 0xBE56, 0xBE76, 0xDF1A,
    0xCE58, 0xCE37, 0xCE97, 0xDEF9, 0xCE96, 0xD6D8, 0xE75B, 0xC6D5,
    0xD695, 0xEF3A, 0xDEB6, 0xD6D5, 0xD717, 0xCEF8, 0xC674, 0xB5AF,
    0xBE12, 0xDE55, 0xBCCF, 0xD4F1, 0xD533, 0xB48D, 0xAC6D, 0xACEE,
    0xB44D, 0xAC8A, 0xAC49, 0xB4AE, 0xB48C, 0xB40A, 0xA387, 0x92C6,
    0x9325, 0x9AE4, 0xB347, 0x8AA2, 0x8282, 0x92A5, 0x7AA2, 0x6A20,
    0x6160, 0x5980, 0x5040, 0x3900, 0x5A00, 0x5A62, 0x5A84, 0x5A82,
    0x5AE4, 0x62E5, 0x6B06, 0x7388, 0x7BEA, 0x7388, 0x94EF, 0x9550,
    0x7C8D, 0x94D0, 0x9511, 0x95B0, 0x8D4C, 0x958C, 0x966F, 0x966E,
    0x9DD0, 0x8D6D, 0x95B2, 0x9510, 0x8CED, 0xA5F1, 0xA652, 0xB5B1,
    0xB614, 0xADD2, 0xA530, 0xBE34, 0xAE13, 0xAE95, 0xAF56, 0xB736,
    0xBEB6, 0xADD2, 0xAD91, 0xA5F0, 0x958E, 0x9D4C, 0xB5EF, 0xB631,
    0xADAE, 0xCE54, 0xD634, 0xDE74, 0xC693, 0xD736, 0xBE73, 0xB631,
    0xC632, 0xC5D1, 0xD612, 0xD5F2, 0xC5B1, 0xCDF1, 0xBE70, 0xCEF3,
    0xCEB2, 0xCEB2, 0xBD0B, 0xAC68, 0xB48C, 0xBCCF, 0xAC6A, 0xA429,
    0xA347, 0x9306, 0x8AE4, 0x92E2, 0x8AA3, 0x82E3, 0x8262, 0x8AA3,
    0x8283, 0x7261, 0x82C4, 0x7221, 0x7AC0, 0x6A00, 0x30A0, 0x41C0,
    0x5240, 0x62A2, 0x5A62, 0x6AA5, 0x7326, 0x7B88, 0x7347, 0x7BC9,
    0x6B68, 0x7BCA, 0x6BA8, 0x6C0A, 0x74AB, 0x7CA9, 0x63E7, 0x6AE6,
    0x5AA7, 0x6268, 0x62A6, 0x6C4C, 0x6B68, 0x7BC9, 0x7BA9, 0x944C,
    0x8329, 0x7B0A, 0x8C2C, 0x7BA8, 0x8C6A, 0xA52D, 0x94AD, 0x83E9,
    0x9C6D, 0x9C8C, 0x8BA8, 0x8408, 0xA48B, 0x83C6, 0x9427, 0xAC8B,
    0xACAE, 0xA4CC, 0x9D2D, 0xA54D, 0x9CCA, 0x8C89, 0x9CCB, 0xA4CB,
    0xC5B2, 0xC550, 0xC5D1, 0xBDB1, 0xB590, 0xAD6F, 0xBDB0, 0xADEF,
    0xCE31, 0xC590, 0xB4EE, 0xBD2E, 0xBD2E, 0xB54E, 0xB5AF, 0xB52B,
    0xB46A, 0xA3A7, 0xA388, 0x9B67, 0x9285, 0x8AC4, 0x8AC5, 0x8AC5,
    0x8AE4, 0x8A84, 0x8244, 0x8262, 0x8282, 0x6B20, 0x7A80, 0x59E0,
    0x5120, 0x4060, 0x4A00, 0x5240, 0x5221, 0x5A63, 0x52C2, 0x5B06,
    0x5B46, 0x5B24, 0x6B68, 0x6347, 0x6285, 0x7B27, 0x8C0B, 0x6A43,
    0x7AA5, 0x6AC6, 0x7306, 0x7B68, 0x8368, 0x8BA9, 0x7368, 0x836A,
    0x8BAB, 0x8B6A, 0x83EA, 0x8CCE, 0x842A, 0x5B66, 0x73EA, 0x7C2C,
    0x744C, 0x742A, 0x7C4A, 0x5B67, 0x844B, 0x8CCD, 0x740B, 0x9CD0,
    0xA4D0, 0x93ED, 0x8389, 0x7C28, 0x7CAB, 0x948A, 0x948B, 0xA4EE,
    0x9D0E, 0x9CCD, 0xAD0F, 0x8C07, 0x9387, 0xA48D, 0x9C6A, 0xB48E,
    0xAC2B, 0xAC2D, 0x9B4B, 0x8A25, 0x9B08, 0xA2E8, 0xAC6D, 0xB50D,
    0x9B44, 0xB40B, 0xB40D, 0xA3CA, 0xA34A, 0xA349, 0x9325, 0xA408,
    0x9B67, 0x8AE5, 0x8AE5, 0x8AA4, 0x8A64, 0x8AE3, 0x8A80, 0x8A62,
    0x79C1, 0x5980, 0x50E0, 0x4801, 0x4020, 0x5220, 0x5AA2, 0x52C1,
    0x6B07, 0x6B24, 0x6AE3, 0x7307, 0x6B06, 0x7368, 0x73E9, 0x8DB1,
    0x7D50, 0x748D, 0x746C, 0x6BA8, 0x7348, 0x740B, 0x7C4B, 0x642A,
    0x5C4A, 0x6C08, 0x6C08, 0x6C6B, 0x64A9, 0x6427, 0x746B, 0x7C6C,
    0x9530, 0x8CED, 0x742B, 0x840D, 0x840B, 0xAD92, 0x7C0B, 0x8C6D,
    0x8CCE, 0x8C0A, 0x8448, 0x7C88, 0x8DAE, 0xADB1, 0xBD71, 0xB593,
    0xAD4F, 0x848A, 0x9CAB, 0x9CAB, 0x9CAC, 0xAC6A, 0xB4CD, 0xB46E,
    0xAC0B, 0x9BA9, 0xACF0, 0xA44F, 0xA44F, 0xAD0E, 0xDF79, 0xCF37,
    0xB58F, 0x9B45, 0xB44C, 0xB44F, 0xA36A, 0x9BE8, 0xB4CC, 0xBCAC,
    0xA3C7, 0xABC9, 0xA3E8, 0x9366, 0x8B24, 0x8B85, 0x8324, 0x8A84,
    0x8A62, 0x8203, 0x79E0, 0x71E1, 0x5180, 0x6100, 0x3801, 0x30E0,
    0x4A40, 0x4A40, 0x4A20, 0x4A43, 0x5265, 0x6307, 0x5B06, 0x73C9,
    0x7BEB, 0x7BEA, 0x72E9, 0x7A89, 0x838A, 0xA491, 0x8510, 0x9570,
    0x9D50, 0x848E, 0x94F0, 0x9CB0, 0xADB3, 0xAE34, 0xB615, 0xC698,
    0xE73C, 0xBE55, 0xC615, 0xCDF4, 0xCE56, 0xDF9C, 0xEFDD, 0xBE37,
    0xB5D7, 0xBE59, 0xC658, 0xB4B0, 0xBDD4, 0xC656, 0xB570, 0xB48D,
    0x9CCC, 0x7C48, 0x7BA4, 0x9D0B, 0x8D0C, 0x9509, 0x94C9, 0xAD6F,
    0xA50E, 0xB52F, 0xA4CD, 0xAD4E, 0x9CCA, 0xA489, 0xAD0C, 0xB5AF,
    0xC633, 0xC5F4, 0xBE13, 0xB673, 0xAD8E, 0xB54B, 0xB52D, 0xAC69,
    0xB367, 0xABA5, 0xA38A, 0x9B28, 0xABA8, 0xA36A, 0xA329, 0x9307,
    0x9AE3, 0x92C4, 0x82A4, 0x7960, 0x7A02, 0x69E0, 0x5960, 0x5180,
    0x51A0, 0x4840, 0x3880, 0x5220, 0x5261, 0x5AC5, 0x62E2, 0x5AA3,
    0x6B46, 0x7368, 0x7BA9, 0x73A8, 0x7BCC, 0x842D, 0x84CE, 0x6C2C,
    0x73EC, 0x6B89, 0x738B, 0x7C0B, 0x6B6A, 0x8C8F, 0xA573, 0xADD4,
    0x9D10, 0xA5B2, 0x954E, 0x9E11, 0xAE93, 0xA673, 0xA716, 0xA693,
    0x9E72, 0xA676, 0x8DF2, 0xAF38, 0xBFDC, 0xB759, 0xAF7A, 0xAFBB,
    0xAED9, 0xB656, 0xBE55, 0xE75C, 0xDF5C, 0xDF5A, 0xBE15, 0xDEBA,
    0xDF1B, 0xDEB9, 0xD698, 0xBE76, 0xDF5A, 0xDEF9, 0xDEF8, 0xEFDC,
    0xEFFE, 0xF7FF, 0xF7FF, 0xDF7A, 0xD6B5, 0xC630, 0xACCB, 0xD634,
    0xB50D, 0xBCEE, 0xCDB0, 0xCDF2, 0xA48A, 0xB4EE, 0xCD90, 0xB46A,
    0x9BA8, 0xAC4B, 0x7323, 0x6A63, 0x8206, 0x7AA4, 0x7AC3, 0x82A4,
    0x7A42, 0x5A20, 0x5960, 0x30E0, 0x4060, 0x3880, 0x5A60, 0x5282,
    0x5AA3, 0x6B05, 0x73A9, 0x7388, 0x7387, 0x7389, 0x7C0A, 0x84AB,
    0x84AD, 0x7C6D, 0x8D6E, 0x958E, 0xA671, 0x750A, 0x7D29, 0xA64F,
    0x9569, 0x8D4C, 0x956D, 0x94CB, 0x9CAE, 0x946D, 0x9CAE, 0x8BEA,
    0x9C8A, 0x9C8E, 0x8C2B, 0x8C08, 0x9C8C, 0xA4EE, 0xACCE, 0x9CED,
    0x9CCD, 0xB5F2, 0xC590, 0xCE32, 0xE758, 0xE7DB, 0xD7BB, 0xF77B,
    0xFFBE, 0xF7BC, 0xEFBA, 0xDF98, 0xD776, 0xEFFB, 0xF7DC, 0xDF59,
    0xF7FD, 0xEF9C, 0xEF7B, 0xE739, 0xDED7, 0xDED7, 0xE6F8, 0xEF19,
    0xFF5C, 0xD5D5, 0xD635, 0xCE35, 0xC612, 0xAD2D, 0xCDF1, 0xC58F,
    0xB4EB, 0xBD30, 0xB48D, 0xABEA, 0xA388, 0xA389, 0xA3A9, 0xABE7,
    0x92C4, 0x8AE6, 0x8225, 0x8A04, 0x7200, 0x6220, 0x5940, 0x5060,
    0x38A0, 0x5222, 0x5A84, 0x5AC5, 0x5A64, 0x6306, 0x6B88, 0x6BA8,
    0x73EA, 0x738A, 0x5B09, 0x7BCB, 0x62EA, 0x5ACA, 0x6B0B, 0x732B,
    0x944E, 0x7B4B, 0x6B6A, 0x73EB, 0x7C0B, 0x846D, 0x848B, 0x8C8B,
    0x8D0D, 0x848B, 0xA572, 0x8CEE, 0x952E, 0xA591, 0xA5D3, 0x9530,
    0x8D0F, 0x9530, 0x9D51, 0x9D31, 0x9D52, 0xA5D2, 0x8D0F, 0x7C2C,
    0x8C8B, 0x6B22, 0x9D2C, 0x7488, 0x9DAE, 0xC6D4, 0xD6B5, 0xE739,
    0xDF1A, 0xE77C, 0xE73A, 0xDF38, 0xDF39, 0xDEF8, 0xDF17, 0xE739,
    0xE738, 0xE759, 0xDF18, 0xDF5A, 0xEFFD, 0xE758, 0xD6D4, 0xD673,
    0xD630, 0xD5B1, 0xCD90, 0xC54E, 0xCD2F, 0xBCCD, 0xB4EE, 0xB48D,
    0xA489, 0xA449, 0xAC69, 0x9BA7, 0x9345, 0x8303, 0x82E3, 0x7A22,
    0x61C0, 0x59C0, 0x4900, 0x3840, 0x5240, 0x5A40, 0x5AA3, 0x6B26,
    0x5AA4, 0x6305, 0x73A9, 0x740A, 0x744A, 0x846C, 0x7C8D, 0x744D,
    0x742C, 0x6C0A, 0x7C2A, 0x84AD, 0x842B, 0x73C8, 0x840A, 0x840A,
    0x7B68, 0x8C2B, 0x8409, 0x83C9, 0x7BE9, 0x6B03, 0x6AA2, 0x8C07,
    0x8405, 0x8489, 0x8C8B, 0x8CCD, 0x8CCD, 0x94AD, 0x94AD, 0x8C4D,
    0x840B, 0x840B, 0x7C4C, 0x8C4E, 0xA4B0, 0x948D, 0x8CCB, 0x8BAB,
    0x9BEC, 0x9C6E, 0xBD53, 0xCE15, 0xD6D7, 0xE6F9, 0xD634, 0xDEB6,
    0xE6D7, 0xDEF8, 0xDED6, 0xDEF7, 0xDED5, 0xDED7, 0xDE95, 0xDEB5,
    0xDE75, 0xCE53, 0xD695, 0xD673, 0xD632, 0xDE74, 0xCE33, 0xC590,
    0xC570, 0xC54F, 0xB50E, 0xB4CD, 0xAC4A, 0xA3E9, 0x9BE9, 0x9BA8,
    0x8B06, 0x82C5, 0x7A62, 0x69E0, 0x59A0, 0x4860, 0x3840, 0x5A61,
    0x62A4, 0x62A4, 0x62C5, 0x6B07, 0x7348, 0x62A5, 0x6AE5, 0x6B07,
    0x6B68, 0x73A8, 0x73C8, 0x73C8, 0x6B88, 0x6389, 0x63A9, 0x7C2A,
    0x73EA, 0x6BA9, 0x8CED, 0x8D6F, 0x74AB, 0x846B, 0x84CD, 0x8D2F,
    0x9DB2, 0x9D92, 0x8CF0, 0x8C8C, 0x84AC, 0x8C6C, 0x94ED, 0x94ED,
    0x8C8B, 0x846A, 0x8C4C, 0x946F, 0x9D0E, 0xAD91, 0xA54F, 0x9D50,
    0xADF3, 0xBE95, 0xC758, 0xB777, 0xC718, 0xE7FD, 0xDF99, 0xDF37,
    0xD6F6, 0xC695, 0xC655, 0xC634, 0xC613, 0xD695, 0xD696, 0xD674,
    0xDED7, 0xDEB6, 0xD655, 0xD613, 0xDE75, 0xDE75, 0xD632, 0xDED5,
    0xD632, 0xDE12, 0xD5F0, 0xC58F, 0xBD4E, 0xB50D, 0xB4CD, 0xB4CB,
    0xAC49, 0x9BA7, 0x9346, 0x8B05, 0x82A4, 0x8201, 0x69C0, 0x51A0,
    0x4880, 0x3860, 0x62A2, 0x5A83, 0x62A4, 0x62C5, 0x62C5, 0x7348,
    0x6307, 0x6B6A, 0x6B88, 0x6B46, 0x7348, 0x7389, 0x7BCA, 0x7BC9,
    0x7387, 0x6B26, 0x73A9, 0x6B04, 0x7388, 0x5B07, 0x6AC6, 0x7B88,
    0x73EA, 0x73E9, 0x7367, 0x6B47, 0x842B, 0x73C6, 0x7BA8, 0x9CCE,
    0x8CAC, 0x942B, 0x9CCE, 0x9CEE, 0xAD31, 0xA54F, 0xB5F1, 0xA570,
    0x946B, 0xB54F, 0xB4CE, 0xBD51, 0xCDF5, 0xBDF3, 0xDEBA, 0xD6D8,
    0xCEB8, 0xD697, 0xCE33, 0xDEB7, 0xE73A, 0xD656, 0xE6B5, 0xDEB6,
    0xCE53, 0xCE93, 0xDEF6, 0xD652, 0xD632, 0xCD70, 0xBD2F, 0xAC6B,
    0xBD4F, 0xC52F, 0xD5D1, 0xCDD1, 0xBD6E, 0xB52D, 0xB4EE, 0xB4EC,
    0xB4CB, 0xA468, 0x93C4, 0x9B66, 0x9346, 0x82C4, 0x7A21, 0x7221,
    0x6A00, 0x6180, 0x5160, 0x4860, 0x3840, 0x5201, 0x5A83, 0x5AC4,
    0x5AC5, 0x6B27, 0x6B88, 0x6BA8, 0x7BC9, 0x7BAA, 0x7C0A, 0x7C2C,
    0x846E, 0x846F, 0x844F, 0x94D0, 0x8C4D, 0x842C, 0x844D, 0x7C6C,
    0x744C, 0x84ED, 0x84CE, 0x7CAC, 0x7CCD, 0x8CCD, 0x848D, 0x8CEE,
    0x954F, 0x9DB1, 0x952F, 0x9D70, 0x952F, 0xA550, 0xAD71, 0x9D0F,
    0xAD50, 0x94AF, 0xADF3, 0xADF2, 0xB613, 0xBE34, 0xBDF2, 0xBE53,
    0xBE10, 0xC570, 0xC5D0, 0xCDD1, 0xBDB0, 0xC5F0, 0xBDB0, 0xA50C,
    0xC611, 0xADAE, 0xBDB0, 0xBD4E, 0xBDAF, 0xCDD2, 0xBD0E, 0xA488,
    0xB447, 0xB4ED, 0xAC6A, 0xB4CC, 0xBCED, 0xAC8A, 0xB46C, 0xB3E9,
    0xABEB, 0xABEA, 0xA367, 0x8B04, 0x9B86, 0x9B06, 0x92E5, 0x8284,
    0x8264, 0x71E1, 0x71C0, 0x71A1, 0x6180, 0x58E0, 0x4820, 0x3860,
  };

  // sclera_texture (128x64 px, RGB565 angle-major: T[angle*64+radius])
  const uint16_t sclera_texture[8192] PROGMEM = {
    0x3A08, 0x8C72, 0xB5D9, 0xC67B, 0xD71C, 0xDF1C, 0xDEBB, 0xDEDB,
    0xE77D, 0xEF9E, 0xEF9E, 0xF79E, 0xEF5C, 0xEF7D, 0xF7DE, 0xF7DE,
    0xF7DE, 0xF7BD, 0xF79C, 0xF7BD, 0xF79C, 0xF75A, 0xF73A, 0xEF3A,
    0xEF19, 0xEEF9, 0xEED8, 0xE6B8, 0xE676, 0xDE55, 0xDE35, 0xDE14,
    0xD5D3, 0xD5B2, 0xCD91, 0xCD51, 0xC510, 0xC4EF, 0xBCAF, 0xBC8E,
    0xB44D, 0xB40C, 0xABEB, 0xABAB, 0xA36A, 0xA349, 0x9B08, 0x9AC7,
    0x9286, 0x8A46, 0x8A25, 0x89E4, 0x81C4, 0x81A4, 0x8183, 0x7963,
    0x7942, 0x7942, 0x7942, 0x7942, 0x7942, 0x7942, 0x7942, 0x7942,
    0x4228, 0x8453, 0xAD56, 0xCE59, 0xDF1D, 0xE73D, 0xE6DB, 0xEFBE,
    0xEFBF, 0xEF9E, 0xF7BE, 0xF79E, 0xF7BE, 0xF79D, 0xF77C, 0xF7BD,
    0xF7BD, 0xF79C, 0xF77B, 0xF79D, 0xF79C, 0xF77B, 0xEF3A, 0xEF3A,
    0xEF19, 0xEED8, 0xEED8, 0xE6B7, 0xE696, 0xDE55, 0xDE34, 0xDDF3,
    0xD5B2, 0xD591, 0xCD51, 0xCD30, 0xC510, 0xC4CF, 0xBC8E, 0xBC6D,
    0xB42C, 0xB40C, 0xABEB, 0xABAA, 0xA38A, 0xA349, 0x9B08, 0x9AC8,
    0x92A7, 0x9266, 0x8A26, 0x8A05, 0x81E4, 0x81A4, 0x8183, 0x7963,
    0x7962, 0x7942, 0x7942, 0x7942, 0x7942, 0x7942, 0x7942, 0x7942,
    0x4229, 0x8C93, 0xADB8, 0xD69B, 0xE71C, 0xEF3D, 0xEF5C, 0xEF9E,
    0xF7BE, 0xF7BE, 0xF7BE, 0xFFDF, 0xFFDF, 0xFFDE, 0xF77D, 0xFF9D,
    0xFFFF, 0xF79D, 0xF7BC, 0xFFBD, 0xF79C, 0xF77C, 0xEF7B, 0xEF3A,
    0xEF19, 0xEEF9, 0xEED8, 0xE6B7, 0xE696, 0xDE76, 0xDE35, 0xDE15,
    0xD5F4, 0xD5B3, 0xCD72, 0xCD51, 0xC510, 0xC4CF, 0xBC8E, 0xBC6D,
    0xB42C, 0xB40C, 0xABCC, 0xABAB, 0xA36A, 0xA329, 0x9B08, 0x9AC7,
    0x92A7, 0x9266, 0x8A45, 0x8A05, 0x81E4, 0x81A4, 0x8183, 0x7963,
    0x7963, 0x7942, 0x7942, 0x7942, 0x7942, 0x7942, 0x7942, 0x7942,
    0x4249, 0x8493, 0xADF9, 0xCE9B, 0xEF5D, 0xEF3D, 0xEEFB, 0xF7BE,
    0xEF7E, 0xF79E, 0xF7BE, 0xF7DF, 0xFFDF, 0xFF9D, 0xFFBD, 0xF7BD,
    0xF7BD, 0xFFDE, 0xF7BD, 0xF79C, 0xF77C, 0xF75B, 0xF73A, 0xEF19,
    0xEF19, 0xEEF9, 0xE6D8, 0xE6B7, 0xE697, 0xDE76, 0xDE35, 0xDE14,
    0xD5D3, 0xD5B2, 0xCD72, 0xCD51, 0xC510, 0xC4CF, 0xBCAE, 0xBC8E,
    0xB46E, 0xB42D, 0xABEC, 0xABAB, 0xA38A, 0xA349, 0x9B09, 0x9AE8,
    0x92A7, 0x9287, 0x8A46, 0x8A05, 0x81E4, 0x81C4, 0x8183, 0x7983,
    0x7962, 0x7942, 0x7942, 0x7942, 0x7942, 0x7942, 0x7942, 0x7942,
    0x4249, 0x8473, 0xB61A, 0xCE9B, 0xE73D, 0xEF9E, 0xEF3D, 0xE6DA,
    0xF77D, 0xF7DF, 0xF7DF, 0xF7DE, 0xF7BE, 0xF77C, 0xFFBC, 0xFFBE,
    0xFF9C, 0xF79C, 0xFFBD, 0xF79C, 0xF77C, 0xF75A, 0xEF5A, 0xF73B,
    0xEF1A, 0xEF19, 0xEED9, 0xE6B8, 0xE697, 0xDE76, 0xDE35, 0xDE15,
    0xD5F4, 0xD5B3, 0xCD72, 0xCD51, 0xC531, 0xC4F0, 0xBCAF, 0xBC8E,
    0xB44D, 0xB42D, 0xABEC, 0xABAB, 0xA38A, 0xA34A, 0x9B09, 0x9AE8,
    0x92A7, 0x9287, 0x8A46, 0x8A25, 0x81E5, 0x81C4, 0x81A3, 0x7963,
    0x7963, 0x7942, 0x7942, 0x7942, 0x7942, 0x7942, 0x7942, 0x7942,
    0x4A8A, 0x94F6, 0xB5F9, 0xD6FC, 0xEF7E, 0xF79E, 0xF77D, 0xEF9E,
    0xEF3C, 0xEF1B, 0xF73C, 0xF73C, 0xF73B, 0xF77D, 0xF79C, 0xF77D,
    0xF77C, 0xF75B, 0xF71A, 0xF75A, 0xF79C, 0xF77C, 0xF75B, 0xF73A,
    0xEF1A, 0xEEF9, 0xE6D8, 0xE6B7, 0xE697, 0xE676, 0xDE35, 0xDE14,
    0xD5D3, 0xCD92, 0xCD72, 0xCD51, 0xC531, 0xC4F0, 0xBCAF, 0xBC8E,
    0xB44D, 0xB40C, 0xABEC, 0xABAB, 0xA38A, 0xA34A, 0x9B29, 0x9AE8,
    0x92A7, 0x9287, 0x8A46, 0x8A05, 0x81E5, 0x81C4, 0x7983, 0x7983,
    0x7963, 0x7942, 0x7942, 0x7942, 0x7942, 0x7942, 0x7942, 0x7942,
    0x3A08, 0x8472, 0xADB8, 0xCE9A, 0xE71C, 0xF79E, 0xF79E, 0xF79E,
    0xEF7D, 0xEF9E, 0xF6FB, 0xF6FA, 0xF7BE, 0xF79E, 0xFF7C, 0xF75B,
    0xF75B, 0xF75A, 0xF75A, 0xF73A, 0xF73A, 0xF73A, 0xF75B, 0xF73A,
    0xEF3A, 0xEF19, 0xEED8, 0xE6B8, 0xE697, 0xE676, 0xDE55, 0xDE15,
    0xD5D4, 0xD5B2, 0xCD72, 0xCD51, 0xC510, 0xC4EF, 0xBCAF, 0xBC6E,
    0xB44D, 0xB42D, 0xABEC, 0xABAB, 0xA38A, 0xA349, 0x9B09, 0x9AE8,
    0x92A7, 0x9266, 0x8A46, 0x8A05, 0x81E4, 0x81C4, 0x7983, 0x7963,
    0x7962, 0x7942, 0x7942, 0x7942, 0x7942, 0x7942, 0x7942, 0x7942,
    0x3A08, 0x8432, 0xADD9, 0xCE9B, 0xEF7E, 0xF79E, 0xEF5D, 0xEF7E,
    0xF7BE, 0xF7BE, 0xF77D, 0xF7DF, 0xFFFF, 0xFFDE, 0xFFDE, 0xFFBE,
    0xF79D, 0xF79C, 0xF77B, 0xF77B, 0xF75A, 0xF739, 0xEE77, 0xEDD5,
    0xE593, 0xEE35, 0xEEB7, 0xE676, 0xE676, 0xDE35, 0xDE34, 0xDE15,
    0xD5D4, 0xD5B3, 0xCD72, 0xCD71, 0xCD51, 0xC4F0, 0xBCCF, 0xBC8E,
    0xB44D, 0xB3EC, 0xABCB, 0xAB8A, 0xA36A, 0xA329, 0x9AE8, 0x9AC8,
    0x92A7, 0x9266, 0x8A26, 0x8A05, 0x81C4, 0x81A4, 0x7983, 0x7963,
    0x7942, 0x7942, 0x7942, 0x7942, 0x7942, 0x7942, 0x7942, 0x7942,
    0x3A28, 0x7C92, 0xB5FA, 0xCE9B, 0xE73D, 0xF7BF, 0xF7DF, 0xF79E,
    0xF7BE, 0xF7DF, 0xF7FF, 0xF77E, 0xF7BE, 0xFFFF, 0xFFFF, 0xFFFF,
    0xFFDE, 0xF7BD, 0xF79C, 0xF75B, 0xF71A, 0xF73B, 0xECF1, 0xEE13,
    0xF697, 0xE5B2, 0xE634, 0xDDD2, 0xDDD3, 0xDDB2, 0xD530, 0xD550,
    0xD510, 0xCCCF, 0xCCAE, 0xC40C, 0xC40C, 0xC44D, 0xBBEC, 0xB40C,
    0xB3EC, 0xABAB, 0xAB6A, 0xA329, 0xA2C8, 0x9AA7, 0x9AC7, 0x9286,
    0x9266, 0x9246, 0x8A05, 0x89E5, 0x81E4, 0x81A4, 0x7983, 0x7963,
    0x7962, 0x7942, 0x7942, 0x7942, 0x7942, 0x7942, 0x7942, 0x7942,
    0x4228, 0x8D35, 0xB61A, 0xC67A, 0xE73D, 0xEF5D, 0xEF5D, 0xF79E,
    0xF79E, 0xF77E, 0xF77D, 0xF79E, 0xF71C, 0xF679, 0xEE78, 0xF6B9,
    0xF698, 0xEE77, 0xEE56, 0xF676, 0xEE76, 0xEE76, 0xEED7, 0xEF39,
    0xEEF8, 0xEEB5, 0xE6B6, 0xE676, 0xDE14, 0xDDF3, 0xDDF3, 0xD5D3,
    0xD592, 0xCD71, 0xCD51, 0xC4F0, 0xC48E, 0xBC4D, 0xBC2D, 0xB3EC,
    0xB3CB, 0xABAB, 0xAB8A, 0xA36A, 0xA36A, 0xA34A, 0x9B09, 0x9AE8,
    0x92A7, 0x9287, 0x8A46, 0x8A05, 0x81E4, 0x81C4, 0x8183, 0x7963,
    0x7962, 0x7942, 0x7942, 0x7942, 0x7942, 0x7942, 0x7942, 0x7942,
    0x4A8A, 0x8452, 0xAD97, 0xC67B, 0xD6DB, 0xEF3C, 0xF79E, 0xF77D,
    0xEF7D, 0xF77D, 0xF73C, 0xF75C, 0xECD2, 0xE5B4, 0xFF7C, 0xF73A,
    0xF77C, 0xFF7B, 0xF79B, 0xF79C, 0xF739, 0xEF39, 0xEF19, 0xEEB6,
    0xEEF7, 0xE6F8, 0xE6D8, 0xE696, 0xE676, 0xDE56, 0xDE35, 0xD614,
    0xD5D3, 0xD5B2, 0xCD72, 0xCD52, 0xC531, 0xC4F0, 0xBCAF, 0xBC6E,
    0xB44D, 0xB42D, 0xABEC, 0xABAB, 0xA36A, 0xA329, 0x9AE8, 0x9AC7,
    0x9287, 0x8A66, 0x8A25, 0x8A05, 0x81E4, 0x81A4, 0x8183, 0x7963,
    0x7962, 0x7942, 0x7942, 0x7942, 0x7942, 0x7942, 0x7942, 0x7942,
    0x4249, 0x7C31, 0xA577, 0xBE39, 0xDEDC, 0xE75D, 0xEF5D, 0xF75C,
    0xF75C, 0xF79D, 0xF79D, 0xFF9D, 0xFFDE, 0xEDF7, 0xEDB4, 0xFFFD,
    0xF7BE, 0xF7BD, 0xF79D, 0xF73A, 0xF739, 0xEF3A, 0xEEF8, 0xEEF8,
    0xEF18, 0xE6D8, 0xE6B7, 0xE676, 0xDE55, 0xDE55, 0xDE14, 0xD5F4,
    0xD5B3, 0xCD92, 0xCD51, 0xC530, 0xC510, 0xC4EF, 0xBCAF, 0xBC8E,
    0xB44D, 0xB40C, 0xABEC, 0xABAB, 0xA38A, 0xA329, 0x9B08, 0x9AE8,
    0x92A7, 0x9286, 0x8A46, 0x8A05, 0x81E4, 0x81A4, 0x8183, 0x7963,
    0x7962, 0x7942, 0x7942, 0x7942, 0x7942, 0x7942, 0x7942, 0x7942,
    0x4248, 0x84F4, 0xAE1A, 0xC69B, 0xD6FC, 0xDF3D, 0xE73D, 0xE6FB,
    0xE6BA, 0xEEB9, 0xEE99, 0xEE78, 0xEE37, 0xEDD5, 0xF718, 0xFFBD,
    0xF73A, 0xF77A, 0xF75A, 0xF717, 0xF758, 0xF77B, 0xF77B, 0xEF5B,
    0xEF19, 0xE6D8, 0xE6B8, 0xE676, 0xDE35, 0xDE34, 0xDDF3, 0xD5D2,
    0xD5D3, 0xCD92, 0xCD72, 0xCD51, 0xC531, 0xC4F0, 0xBCAF, 0xBC8E,
    0xB44D, 0xB40C, 0xABEC, 0xABAB, 0xA38A, 0xA349, 0x9B09, 0x9AC8,
    0x92A7, 0x9266, 0x8A25, 0x8A05, 0x81E4, 0x81C4, 0x7983, 0x7963,
    0x7962, 0x7942, 0x7942, 0x7942, 0x7942, 0x7942, 0x7942, 0x7942,
    0x4207, 0x8472, 0xADF9, 0xC6BB, 0xDF5D, 0xE75D, 0xE73E, 0xDF1D,
    0xDF3E, 0xE71D, 0xEEDA, 0xEEDA, 0xF73B, 0xF79D, 0xF7BD, 0xF7BD,
    0xF77B, 0xF77B, 0xF79C, 0xF77B, 0xF77B, 0xF75A, 0xEF19, 0xEEF8,
    0xE6D7, 0xE697, 0xE697, 0xE696, 0xDE56, 0xDE55, 0xDE35, 0xD615,
    0xD5D3, 0xCD92, 0xCD72, 0xCD51, 0xC530, 0xC4F0, 0xBCAF, 0xB46D,
    0xB42D, 0xABEC, 0xABCB, 0xA38A, 0xA36A, 0xA329, 0x9AE8, 0x92C7,
    0x92A7, 0x8A66, 0x8A46, 0x8A05, 0x81E4, 0x81C4, 0x81A3, 0x7963,
    0x7962, 0x7942, 0x7942, 0x7942, 0x7942, 0x7942, 0x7942, 0x7942,
    0x4228, 0x84B3, 0xA5D8, 0xBE9A, 0xD73D, 0xE79E, 0xE79E, 0xEFBF,
    0xEF9F, 0xEF9E, 0xFFDE, 0xFFDE, 0xFFFF, 0xF7BE, 0xF79D, 0xF79D,
    0xF77C, 0xF77C, 0xF77A, 0xF75A, 0xF75A, 0xF739, 0xEF18, 0xEF19,
    0xEEF9, 0xE6F8, 0xE6D8, 0xE697, 0xDE76, 0xD635, 0xD614, 0xD614,
    0xD5D3, 0xCDB3, 0xCD92, 0xC531, 0xC4EF, 0xBCAE, 0xB46D, 0xB44D,
    0xB42D, 0xAC0C, 0xABEB, 0xABAB, 0xA36A, 0x9B29, 0x9B08, 0x92C8,
    0x92A7, 0x9286, 0x8A46, 0x8A25, 0x81E4, 0x81C4, 0x81A3, 0x7963,
    0x7962, 0x7942, 0x7942, 0x7942, 0x7942, 0x7942, 0x7942, 0x7942,
    0x4249, 0x9514, 0xA619, 0xC69B, 0xDF3D, 0xE77E, 0xEF9E, 0xEF9E,
    0xEFDF, 0xEF9F, 0xEF7E, 0xF7BE, 0xF79E, 0xF79D, 0xFF9D, 0xF77C,
    0xF79B, 0xF79C, 0xF79C, 0xF79C, 0xF79C, 0xEF5A, 0xEF5A, 0xEF3A,
    0xE719, 0xE6F9, 0xE6D8, 0xE697, 0xDE75, 0xD614, 0xD5B3, 0xD5B2,
    0xCDB2, 0xCD71, 0xCD30, 0xC4EF, 0xBCCE, 0xBCCE, 0xBCAF, 0xB48E,
    0xB44D, 0xB40C, 0xABCB, 0xA38A, 0xA36A, 0x9B29, 0x9B08, 0x9AC7,
    0x92A7, 0x9266, 0x8A45, 0x8A05, 0x81E5, 0x81C4, 0x81A3, 0x7963,
    0x7962, 0x7942, 0x7942, 0x7942, 0x7942, 0x7942, 0x7942, 0x7942,
    0x4248, 0x8CD4, 0xAE39, 0xBE9A, 0xD73C, 0xDF7D, 0xE75D, 0xE75D,
    0xE75D, 0xEF7E, 0xE71D, 0xE75D, 0xEF9E, 0xEF9E, 0xF7BE, 0xF79D,
    0xEF7D, 0xF79D, 0xF79C, 0xF77C, 0xF77B, 0xF75A, 0xEF18, 0xDE96,
    0xE6D7, 0xE6B7, 0xE6B7, 0xDE56, 0xDE35, 0xD5F4, 0xCDD3, 0xD5D3,
    0xCDB2, 0xCD71, 0xC530, 0xC530, 0xC50F, 0xBCCF, 0xBC8E, 0xB46D,
    0xB42C, 0xAC0C, 0xABCB, 0xA38A, 0xA36A, 0x9B49, 0x9B08, 0x92C8,
    0x92A7, 0x9286, 0x8A45, 0x8A25, 0x81E4, 0x81C4, 0x79A3, 0x7963,
    0x7963, 0x7942, 0x7942, 0x7942, 0x7942, 0x7942, 0x7942, 0x7942,
    0x4228, 0x8CF4, 0xAE39, 0xC6BB, 0xDEFC, 0xE73D, 0xE71C, 0xE73C,
    0xDF1C, 0xE79D, 0xE6BC, 0xDEFC, 0xEF9E, 0xF7BE, 0xF7DE, 0xF7DE,
    0xF7BD, 0xF7BD, 0xEF9D, 0xF77C, 0xF77B, 0xEF3A, 0xEF19, 0xE6B8,
    0xDE76, 0xE696, 0xDE56, 0xDE14, 0xD5D3, 0xD614, 0xD5F4, 0xCDB3,
    0xCDB2, 0xCD71, 0xC530, 0xC510, 0xC4EF, 0xBCCF, 0xBC8E, 0xB44D,
    0xB42C, 0xAC0B, 0xABCB, 0xABAA, 0xA36A, 0xA349, 0x9B08, 0x9AE8,
    0x92A7, 0x9286, 0x8A46, 0x8A05, 0x81E4, 0x81C4, 0x8183, 0x7963,
    0x7962, 0x7942, 0x7942, 0x7942, 0x7942, 0x7942, 0x7942, 0x7942,
    0x4248, 0x8CB2, 0xADF8, 0xBE59, 0xD6DB, 0xE73C, 0xE73C, 0xE6FB,
    0xE71C, 0xE75D, 0xDEFC, 0xE75D, 0xE77D, 0xEF5D, 0xF77D, 0xF79D,
    0xEF7C, 0xEF7B, 0xF79C, 0xF7BD, 0xEF7B, 0xEF5A, 0xE71A, 0xE6F9,
    0xE6D8, 0xDE56, 0xD614, 0xD5F2, 0xD614, 0xD614, 0xD5F3, 0xCDD3,
    0xCD92, 0xCD51, 0xC530, 0xC510, 0xC4EF, 0xBCCE, 0xBC8D, 0xB44D,
    0xB42C, 0xAC0B, 0xABCB, 0xA3AA, 0xA36A, 0xA329, 0x9AE8, 0x9AC7,
    0x92A7, 0x9266, 0x8A45, 0x8A05, 0x81E4, 0x81C4, 0x81A3, 0x7983,
    0x7962, 0x7942, 0x7942, 0x7942, 0x7942, 0x7942, 0x7942, 0x7942,
    0x4228, 0x84D3, 0xAE3A, 0xC69A, 0xD6FB, 0xE73D, 0xE75D, 0xEF3C,
    0xE69A, 0xEF9E, 0xE5F8, 0xD5B6, 0xE6BA, 0xE71B, 0xE75C, 0xE73B,
    0xEF5B, 0xEF7C, 0xEF5B, 0xEF3A, 0xEF3A, 0xEF3A, 0xEF19, 0xE6D8,
    0xE677, 0xDE56, 0xDE14, 0xD634, 0xD635, 0xD614, 0xD5F4, 0xD5B3,
    0xCD72, 0xCD71, 0xC551, 0xC530, 0xC4EF, 0xBCCE, 0xBCAE, 0xB46D,
    0xB42C, 0xABEB, 0xABCA, 0xAB8A, 0xA369, 0xA328, 0x9B08, 0x9AE7,
    0x92A7, 0x9286, 0x8A45, 0x8A25, 0x81E4, 0x81C4, 0x81A3, 0x7983,
    0x7962, 0x7942, 0x7942, 0x7942, 0x7942, 0x7942, 0x7942, 0x7942,
    0x4228, 0x84B2, 0xADF8, 0xC69B, 0xDF1C, 0xE79D, 0xE79E, 0xEF5D,
    0xEF7E, 0xE5F8, 0xDD55, 0xE6BA, 0xE75D, 0xE6DB, 0xE6FA, 0xE73B,
    0xE71B, 0xE6FA, 0xE6F9, 0xEF1A, 0xE6D8, 0xE6D8, 0xE6B8, 0xE677,
    0xE676, 0xDDF4, 0xD5D3, 0xDE55, 0xDE34, 0xD5F4, 0xD5F4, 0xD5D3,
    0xD5B2, 0xCD51, 0xCD50, 0xC530, 0xC4EF, 0xBCCF, 0xBC8E, 0xBC4D,
    0xB40C, 0xABEB, 0xABCB, 0xABAA, 0xA38A, 0xA349, 0x9B08, 0x9AE8,
    0x92A7, 0x9286, 0x8A46, 0x8A25, 0x81E4, 0x81C4, 0x81A3, 0x7983,
    0x7963, 0x7942, 0x7942, 0x7942, 0x7942, 0x7942, 0x7942, 0x7942,
    0x4248, 0x8CF3, 0xB638, 0xCEDB, 0xDEFC, 0xE71C, 0xE75C, 0xEF7D,
    0xEF7E, 0xDE5A, 0xE6BA, 0xE6BB, 0xE699, 0xEF5B, 0xE71B, 0xE75C,
    0xE71B, 0xE6DA, 0xE6D9, 0xE6F9, 0xE73A, 0xE6F9, 0xE6F9, 0xE6F9,
    0xE6D8, 0xDEB7, 0xDE15, 0xDDD4, 0xD5D3, 0xD5D2, 0xD5B2, 0xD5B2,
    0xD5B2, 0xCD51, 0xCD10, 0xC50F, 0xC4EF, 0xBCAE, 0xBC6D, 0xB44D,
    0xB42C, 0xAC0C, 0xABCB, 0xABAA, 0xA369, 0x9B49, 0x9B08, 0x9AC7,
    0x92A7, 0x9286, 0x8A45, 0x8A05, 0x81E4, 0x81C4, 0x81A3, 0x7983,
    0x7963, 0x7942, 0x7942, 0x7942, 0x7942, 0x7942, 0x7942, 0x7942,
    0x4A68, 0x8D34, 0xB638, 0xCEDB, 0xDF1B, 0xDF3C, 0xEF5C, 0xEF5C,
    0xE6FC, 0xE69A, 0xEF7C, 0xEF7D, 0xE6DB, 0xE6BA, 0xE618, 0xE6FA,
    0xEF9D, 0xE73B, 0xE6FA, 0xDE98, 0xE6B8, 0xE698, 0xDE77, 0xE677,
    0xE697, 0xDE97, 0xDE97, 0xDE36, 0xDE15, 0xD5F4, 0xD5B3, 0xCD71,
    0xCD30, 0xC4EF, 0xC4EF, 0xC50F, 0xC4EF, 0xBCCE, 0xBCAE, 0xB46D,
    0xB42C, 0xB40C, 0xABCB, 0xAB8A, 0xA369, 0xA348, 0x9B08, 0x92C7,
    0x92A6, 0x9286, 0x8A45, 0x8A05, 0x81E4, 0x81A3, 0x7983, 0x7963,
    0x7942, 0x7942, 0x7942, 0x7942, 0x7942, 0x7942, 0x7942, 0x7942,
    0x4A69, 0x84B3, 0xB618, 0xC6BA, 0xD6DB, 0xE75C, 0xE75C, 0xEF7D,
    0xEF5C, 0xE69A, 0xEF1B, 0xEF1B, 0xE6FB, 0xE699, 0xE679, 0xE617,
    0xE678, 0xE73B, 0xE73B, 0xE73B, 0xE6FA, 0xE6D9, 0xE698, 0xDE77,
    0xDE56, 0xDE15, 0xDDF5, 0xDE14, 0xD614, 0xD5D3, 0xD5D3, 0xCD92,
    0xCD51, 0xC50F, 0xC4CE, 0xC50F, 0xC4EF, 0xBCAE, 0xBC8E, 0xB46D,
    0xB42C, 0xABEB, 0xABCB, 0xA3AA, 0xA369, 0x9B28, 0x9B08, 0x92C7,
    0x9286, 0x8A45, 0x8A05, 0x81E4, 0x81C4, 0x81A3, 0x7983, 0x7963,
    0x7962, 0x7942, 0x7942, 0x7942, 0x7942, 0x7942, 0x7942, 0x7942,
    0x4228, 0x8C92, 0xB638, 0xC6BA, 0xDF1B, 0xE73C, 0xE75C, 0xEF7D,
    0xEF3C, 0xE6BA, 0xE6FB, 0xEF1B, 0xE6DB, 0xE6DA, 0xEEBA, 0xDDB6,
    0xE616, 0xDDF6, 0xDE57, 0xDE77, 0xDE98, 0xDEB8, 0xDE98, 0xDE98,
    0xDE97, 0xDE56, 0xDE36, 0xD5D4, 0xD5F3, 0xD614, 0xD5D3, 0xD5B3,
    0xCD72, 0xC4EF, 0xC48D, 0xC4AE, 0xC4CF, 0xBC8E, 0xB44D, 0xB40C,
    0xABCB, 0xAB8A, 0xA349, 0x9B08, 0x9B08, 0x9AC7, 0x9286, 0x9246,
    0x8A25, 0x8A25, 0x8A05, 0x81C4, 0x81A4, 0x8183, 0x7983, 0x7963,
    0x7942, 0x7942, 0x7942, 0x7942, 0x7942, 0x7942, 0x7942, 0x7942,
    0x4249, 0x8CF3, 0xB659, 0xCEBA, 0xDEFB, 0xE75C, 0xEF7D, 0xEF5C,
    0xEF7D, 0xEEBA, 0xE6BA, 0xE6DB, 0xE699, 0xE6DA, 0xE6DA, 0xE698,
    0xE637, 0xDD94, 0xDE16, 0xD5D5, 0xD573, 0xD5B4, 0xD5D5, 0xD552,
    0xD572, 0xD5F4, 0xD5D3, 0xD572, 0xCCF0, 0xCD30, 0xCD10, 0xCC8E,
    0xC46D, 0xC44D, 0xC42D, 0xBC4D, 0xBC4D, 0xBC4C, 0xB40C, 0xB3EB,
    0xAB6A, 0xA308, 0x9AC7, 0x9AA7, 0x9246, 0x9266, 0x9286, 0x9286,
    0x9266, 0x8A45, 0x89E4, 0x8183, 0x8183, 0x7983, 0x7963, 0x7963,
    0x7942, 0x7942, 0x7942, 0x7942, 0x7942, 0x7942, 0x7942, 0x7942,
    0x4A6A, 0x9514, 0xBE59, 0xCEFB, 0xE75C, 0xE77D, 0xEF7D, 0xEF7D,
    0xF79D, 0xEF3C, 0xE659, 0xE699, 0xE6BA, 0xE6BA, 0xE638, 0xE657,
    0xE6B9, 0xE6B9, 0xE6B9, 0xDED9, 0xDED9, 0xDE16, 0xD5B4, 0xD5F5,
    0xD552, 0xD531, 0xD552, 0xCD31, 0xCD31, 0xCD10, 0xC4CF, 0xC4AE,
    0xC44C, 0xBBCB, 0xBBEB, 0xBBCB, 0xB38A, 0xAB29, 0xAB29, 0xAB49,
    0xAB6A, 0xA329, 0xA329, 0x9AE8, 0x9AA7, 0x9AC7, 0x9A87, 0x9225,
    0x8A05, 0x89E4, 0x81C4, 0x81C4, 0x81C4, 0x8183, 0x7963, 0x7963,
    0x7942, 0x7942, 0x7942, 0x7942, 0x7942, 0x7942, 0x7942, 0x7942,
    0x4A49, 0x9514, 0xBE59, 0xD71C, 0xDF3C, 0xEF9E, 0xF7BE, 0xEF7E,
    0xE6FC, 0xE6DB, 0xF77D, 0xF77D, 0xEF1C, 0xE699, 0xDE78, 0xE6FA,
    0xE6FA, 0xDED9, 0xDEDA, 0xE6D9, 0xDEB8, 0xDED9, 0xDEB8, 0xD636,
    0xD677, 0xD615, 0xCDB4, 0xC531, 0xC511, 0xC531, 0xC510, 0xC4F0,
    0xC4CF, 0xBCAE, 0xBC4D, 0xB40C, 0xB3CB, 0xB3AB, 0xAB6A, 0xA309,
    0xAB29, 0xA309, 0xA2E8, 0x9AA7, 0x9A66, 0x9A66, 0x9246, 0x9246,
    0x8A45, 0x8A05, 0x89E4, 0x81C4, 0x81A3, 0x8183, 0x7983, 0x7963,
    0x7942, 0x7942, 0x7942, 0x7942, 0x7942, 0x7942, 0x7942, 0x7942,
    0x3A28, 0x9555, 0xBE59, 0xCE59, 0xDEFB, 0xE71B, 0xE6DB, 0xEF5C,
    0xF7BE, 0xF7BE, 0xF77D, 0xF77D, 0xEF3C, 0xEF3C, 0xEF1B, 0xDEB9,
    0xDEB8, 0xDE98, 0xDE77, 0xDE77, 0xD677, 0xD677, 0xD677, 0xD635,
    0xCDF4, 0xD5F5, 0xCDB3, 0xCD72, 0xC511, 0xC4F0, 0xC46E, 0xBBEC,
    0xBC4D, 0xBC6E, 0xB42D, 0xB42D, 0xB44D, 0xB42D, 0xB40D, 0xB3CC,
    0xA308, 0xAB29, 0xA2C8, 0x9A87, 0x9AA7, 0x9287, 0x92A7, 0x9266,
    0x9246, 0x8A25, 0x81C4, 0x81A3, 0x81A3, 0x8183, 0x7963, 0x7963,
    0x7942, 0x7142, 0x7942, 0x7942, 0x7942, 0x7942, 0x7942, 0x7942,
    0x3A48, 0x9D15, 0xB5F7, 0xC678, 0xD69A, 0xD6DB, 0xE75C, 0xEF7D,
    0xEF7D, 0xEFBE, 0xF7BE, 0xF7BE, 0xEFBE, 0xF79E, 0xEF9D, 0xEF9D,
    0xE77C, 0xE71B, 0xDEFA, 0xDED9, 0xD678, 0xD656, 0xD636, 0xD615,
    0xCDF4, 0xCDB3, 0xCD93, 0xCD93, 0xC572, 0xC552, 0xBCD0, 0xBC6E,
    0xBC4D, 0xBC2D, 0xB42D, 0xB42D, 0xB42D, 0xB40C, 0xB3EC, 0xABAB,
    0xAB6A, 0xA308, 0xA349, 0xA36A, 0xA329, 0x9B08, 0x9286, 0x9245,
    0x9246, 0x89E4, 0x89E4, 0x81C4, 0x81A3, 0x8183, 0x7963, 0x7942,
    0x7942, 0x7942, 0x7942, 0x7942, 0x7942, 0x7942, 0x7942, 0x7942,
    0x39E7, 0x8CF3, 0xBE38, 0xC638, 0xD679, 0xE71B, 0xE75C, 0xE77C,
    0xEF9D, 0xEFBE, 0xEFBE, 0xEFBE, 0xF7DF, 0xEFDE, 0xEFDE, 0xEFBD,
    0xE79D, 0xE77C, 0xE75C, 0xE73B, 0xDF1A, 0xDED9, 0xDEB8, 0xD677,
    0xD656, 0xCDF4, 0xCDB3, 0xCD93, 0xC4F0, 0xC4D0, 0xC4F0, 0xBCD0,
    0xBCCF, 0xBC8E, 0xBC4D, 0xB3EC, 0xB3CC, 0xABAB, 0xB3CB, 0xABCB,
    0xAB8A, 0xA329, 0xA308, 0x9AE7, 0x9AC7, 0x9266, 0x9245, 0x9245,
    0x8A25, 0x8A05, 0x81C4, 0x8183, 0x8183, 0x7983, 0x7963, 0x7963,
    0x7942, 0x7942, 0x7942, 0x7942, 0x7942, 0x7942, 0x7942, 0x7942,
    0x31A6, 0x8CF3, 0xAE38, 0xC658, 0xCEDA, 0xDF3C, 0xE75C, 0xE79D,
    0xEF9E, 0xEFBE, 0xEFBE, 0xEFDF, 0xEFDF, 0xEFDE, 0xEFBE, 0xE7BE,
    0xE79D, 0xE79D, 0xE77C, 0xE75C, 0xE73B, 0xE71A, 0xE6F9, 0xDE98,
    0xD656, 0xCE15, 0xCDF5, 0xCDB3, 0xC593, 0xC552, 0xBCCF, 0xBC8E,
    0xBC6E, 0xBC0D, 0xBC2D, 0xB42D, 0xB44D, 0xB44D, 0xB40C, 0xABEB,
    0xAB8A, 0xAB8A, 0xA349, 0xA2A7, 0x9225, 0x9266, 0x9A86, 0x9225,
    0x89E4, 0x89E4, 0x81C4, 0x81A4, 0x8183, 0x7983, 0x7963, 0x7963,
    0x7942, 0x7942, 0x7942, 0x7942, 0x7942, 0x7942, 0x7942, 0x7942,
    0x29A6, 0x84B2, 0xB5F7, 0xBE79, 0xD6DA, 0xDF1B, 0xE77C, 0xE75C,
    0xE75C, 0xE79C, 0xEFBE, 0xEFBE, 0xEFDE, 0xEFDE, 0xE7DE, 0xEFDE,
    0xEFBE, 0xEFBD, 0xEFBD, 0xEF9D, 0xEF9C, 0xEF7C, 0xE73A, 0xE6F9,
    0xD6B8, 0xD698, 0xCE16, 0xCD93, 0xC531, 0xBCCF, 0xBCAE, 0xC4CF,
    0xBC8E, 0xBC6D, 0xBC4D, 0xBC6E, 0xBC8E, 0xB42C, 0xABCB, 0xAB8A,
    0xA348, 0xABAB, 0xA329, 0x9AA7, 0x9AC7, 0x9AC7, 0x9286, 0x9245,
    0x89E4, 0x8A05, 0x89E4, 0x81A3, 0x81A3, 0x7983, 0x7963, 0x7963,
    0x7942, 0x7942, 0x7942, 0x7942, 0x7942, 0x7942, 0x7942, 0x7942,
    0x2985, 0x7C71, 0xBE18, 0xBE58, 0xD6DA, 0xDF1B, 0xE75C, 0xEF5C,
    0xEF7C, 0xE75C, 0xEF9D, 0xEF9D, 0xE79D, 0xEFBE, 0xEFDE, 0xEFBE,
    0xEFBD, 0xEFBD, 0xEFBD, 0xE79D, 0xE79C, 0xE75B, 0xDEF9, 0xD677,
    0xDE77, 0xD656, 0xD615, 0xCDD3, 0xCD51, 0xC510, 0xC551, 0xC551,
    0xC530, 0xBCEF, 0xBCAE, 0xBC8D, 0xB44D, 0xB40C, 0xB3EB, 0xABCB,
    0xA2E8, 0xA2C6, 0xA2C7, 0x9AE7, 0xA308, 0x9AA7, 0x9266, 0x9245,
    0x9245, 0x8A05, 0x81C4, 0x81C4, 0x81A3, 0x7963, 0x7963, 0x7963,
    0x7942, 0x7942, 0x7942, 0x7942, 0x7942, 0x7942, 0x7942, 0x7942,
    0x3A06, 0x8CD4, 0xB5F7, 0xBE37, 0xD6B9, 0xE75C, 0xEF5C, 0xEF7D,
    0xEF9E, 0xEF9D, 0xEF5C, 0xEF9D, 0xEF7D, 0xEF9D, 0xEF7C, 0xEF7C,
    0xE77C, 0xE75C, 0xE75B, 0xE73B, 0xDED9, 0xDED9, 0xDEF9, 0xD697,
    0xD676, 0xD615, 0xCDD3, 0xCD92, 0xC550, 0xC5B2, 0xCDB3, 0xC572,
    0xC592, 0xC531, 0xBCF0, 0xBCCF, 0xB48E, 0xB40B, 0xB3EA, 0xB3AA,
    0xAB08, 0x9A65, 0x9AA7, 0x9AC7, 0x9A86, 0x9A66, 0x9245, 0x9245,
    0x9225, 0x8A05, 0x89E4, 0x81C4, 0x81A3, 0x7983, 0x7963, 0x7963,
    0x7942, 0x7942, 0x7942, 0x7942, 0x7942, 0x7942, 0x7942, 0x7942,
    0x39E7, 0x9492, 0xB5B5, 0xBDB5, 0xD698, 0xE6FA, 0xEF3B, 0xEF5C,
    0xEF7C, 0xEF7C, 0xEF7C, 0xEF5C, 0xEF3B, 0xEF3B, 0xEF7B, 0xEF7C,
    0xEF3B, 0xE71A, 0xE77B, 0xE73A, 0xE75B, 0xE73A, 0xDE77, 0xD5D4,
    0xD5F4, 0xD5D3, 0xCDD3, 0xCDD3, 0xCDF4, 0xCE15, 0xCDD4, 0xC592,
    0xC572, 0xC4EF, 0xBCAE, 0xBCCE, 0xB40B, 0xAB89, 0xABAA, 0xABAA,
    0xAB49, 0xAB69, 0xA308, 0xA2C7, 0x9A66, 0x9245, 0x9245, 0x9224,
    0x8A04, 0x89E4, 0x81C4, 0x81A3, 0x8183, 0x7963, 0x7963, 0x7942,
    0x7942, 0x7942, 0x7942, 0x7942, 0x7942, 0x7942, 0x7942, 0x7942,
    0x31C6, 0x94B2, 0xBD75, 0xC5B5, 0xDEB9, 0xE6DA, 0xEEFB, 0xEF3B,
    0xEF7C, 0xEF3C, 0xEF3B, 0xEF5C, 0xEF7C, 0xEF7C, 0xE77B, 0xEF9D,
    0xE79C, 0xE79C, 0xDE98, 0xDE97, 0xDE77, 0xDE56, 0xD635, 0xDEB8,
    0xDEF9, 0xDED8, 0xDE97, 0xD676, 0xD656, 0xCE35, 0xCDD4, 0xCD92,
    0xC551, 0xBD30, 0xBCCE, 0xB3EA, 0xBC2B, 0xB48D, 0xB44D, 0xABCB,
    0xABCB, 0xABCA, 0xA3AA, 0xA349, 0xA308, 0x9AE7, 0x9AA7, 0x9286,
    0x9266, 0x8A25, 0x81E4, 0x81C4, 0x81A3, 0x7983, 0x7963, 0x7962,
    0x7942, 0x7942, 0x7942, 0x7942, 0x7942, 0x7942, 0x7942, 0x7942,
    0x3A07, 0xA534, 0xC618, 0xC617, 0xDE9A, 0xEF1B, 0xEF5C, 0xF75C,
    0xEF3C, 0xF73C, 0xEF9D, 0xEFBE, 0xF7FF, 0xEFDD, 0xEFDE, 0xE6FA,
    0xD677, 0xEF3B, 0xCDD5, 0xDE57, 0xE71A, 0xE71A, 0xDEB8, 0xE6D8,
    0xDE97, 0xD676, 0xD655, 0xD635, 0xD5F4, 0xCDB2, 0xCD92, 0xC551,
    0xC4EF, 0xBCAE, 0xBC4D, 0xBBEB, 0xBBEB, 0xB3CA, 0xB3EB, 0xB3EB,
    0xABCB, 0xAB8A, 0xAB69, 0xA349, 0xA308, 0x9AC7, 0x9AA7, 0x9286,
    0x9266, 0x8A25, 0x89E4, 0x81A3, 0x81A3, 0x7983, 0x7983, 0x7963,
    0x7942, 0x7942, 0x7942, 0x7942, 0x7942, 0x7942, 0x7942, 0x7942,
    0x3A08, 0xA555, 0xC5F7, 0xC5D6, 0xE6D9, 0xEEFB, 0xF73B, 0xF75C,
    0xF75C, 0xF77C, 0xF77C, 0xF75C, 0xEF5C, 0xEF9C, 0xEF5B, 0xE6B8,
    0xEF1A, 0xE6B8, 0xE719, 0xE75A, 0xE719, 0xE6D8, 0xDE97, 0xDE97,
    0xDE77, 0xD655, 0xD635, 0xD614, 0xCDF3, 0xCDB2, 0xCD71, 0xC510,
    0xC4CF, 0xBC8E, 0xBC6D, 0xBC6D, 0xBC4D, 0xB42C, 0xB42C, 0xB42C,
    0xABEB, 0xABCB, 0xABAA, 0xA369, 0xA349, 0x9B08, 0x9AC7, 0x92A6,
    0x9245, 0x8A25, 0x89E4, 0x81A3, 0x81A3, 0x8183, 0x7963, 0x7942,
    0x7942, 0x7942, 0x7942, 0x7942, 0x7942, 0x7942, 0x7942, 0x7942,
    0x4A49, 0xA514, 0xC617, 0xCDF7, 0xE6DA, 0xEF5C, 0xEF7D, 0xF79D,
    0xF79D, 0xF75C, 0xF75C, 0xF75C, 0xEF5B, 0xEF3A, 0xEF19, 0xEF5A,
    0xE6F9, 0xE71A, 0xE6F9, 0xDEF9, 0xDEF9, 0xDED8, 0xDE97, 0xDEB7,
    0xDE97, 0xDE76, 0xDE56, 0xD635, 0xD615, 0xD5F4, 0xCDD3, 0xCD92,
    0xC571, 0xC510, 0xBD10, 0xBCCE, 0xBCAE, 0xB48E, 0xB44D, 0xB42C,
    0xAC0B, 0xABCB, 0xA38A, 0xA369, 0x9B08, 0x9AE7, 0x9AC7, 0x9286,
    0x9225, 0x89E4, 0x89E4, 0x81C4, 0x81A3, 0x8183, 0x7963, 0x7942,
    0x7942, 0x7942, 0x7942, 0x7942, 0x7942, 0x7942, 0x7942, 0x7942,
    0x4A69, 0xA514, 0xC5F6, 0xCE38, 0xDEB9, 0xEF1B, 0xF77C, 0xF77C,
    0xF73C, 0xEF1B, 0xEF3B, 0xEF5B, 0xEF5C, 0xEF7C, 0xE75B, 0xE71A,
    0xE75B, 0xE75B, 0xE73A, 0xDEF9, 0xDEB8, 0xDE97, 0xDE97, 0xDDF5,
    0xDE35, 0xD655, 0xD614, 0xCE14, 0xD614, 0xD5D3, 0xCDB3, 0xCD92,
    0xC551, 0xC510, 0xC4CF, 0xBCAE, 0xBCAE, 0xB44C, 0xB40B, 0xB40C,
    0xABCB, 0xABAA, 0xA369, 0xA307, 0x9AE7, 0x9AC7, 0x9AC7, 0x9286,
    0x9245, 0x8A05, 0x81C4, 0x81C3, 0x8183, 0x7963, 0x7963, 0x7942,
    0x7942, 0x7942, 0x7942, 0x7942, 0x7942, 0x7942, 0x7942, 0x7942,
    0x4A6A, 0xB5B6, 0xC5B6, 0xCDB6, 0xDE58, 0xE6DA, 0xEF1A, 0xEF3B,
    0xEF3B, 0xEF3B, 0xEF7C, 0xEF7C, 0xE75B, 0xE77C, 0xEF7B, 0xE73A,
    0xE71A, 0xE75B, 0xE73A, 0xE719, 0xDE35, 0xD5B3, 0xDE15, 0xD5D3,
    0xD5F4, 0xDE55, 0xDE35, 0xD614, 0xD5D3, 0xCDD2, 0xCD71, 0xC550,
    0xC550, 0xC551, 0xC510, 0xBCF0, 0xBCCF, 0xB48E, 0xB44D, 0xB3EB,
    0xABAA, 0xA369, 0xA369, 0xA349, 0x9AE7, 0x9A86, 0x9265, 0x9265,
    0x9225, 0x8A04, 0x81A3, 0x8183, 0x8183, 0x7963, 0x7963, 0x7962,
    0x7942, 0x7942, 0x7942, 0x7942, 0x7942, 0x7942, 0x7942, 0x7942,
    0x52AA, 0xB575, 0xC575, 0xC5B6, 0xD658, 0xE6DA, 0xEEFB, 0xE6FB,
    0xEF3C, 0xEF5C, 0xE75C, 0xEF5D, 0xEF7D, 0xEF7C, 0xEF7C, 0xEF9C,
    0xEF3A, 0xE6F9, 0xE719, 0xE6D9, 0xDEB7, 0xD656, 0xDE97, 0xDEB8,
    0xDE96, 0xDE55, 0xDE14, 0xD5F3, 0xCD92, 0xCD51, 0xC50F, 0xC4CE,
    0xC4CE, 0xBCAE, 0xBCCE, 0xBC6D, 0xABEB, 0xAB8A, 0xAB29, 0x9AC7,
    0xA2C6, 0x9AC6, 0x9A85, 0x9A65, 0x9A66, 0x9A66, 0x9245, 0x9225,
    0x9225, 0x8A04, 0x89E4, 0x81C4, 0x81A4, 0x8183, 0x7963, 0x7962,
    0x7942, 0x7942, 0x7942, 0x7942, 0x7942, 0x7942, 0x7942, 0x7942,
    0x528A, 0xB576, 0xC617, 0xC5B6, 0xD679, 0xE71B, 0xE6FA, 0xE71B,
    0xE71C, 0xE73C, 0xE73C, 0xE75C, 0xE71B, 0xE73B, 0xEF5B, 0xE75B,
    0xEF9B, 0xE73A, 0xE739, 0xE73A, 0xE719, 0xDEF9, 0xDEB8, 0xDE76,
    0xDE96, 0xDE35, 0xD5D3, 0xD5F3, 0xD5B2, 0xCD92, 0xCD92, 0xCD71,
    0xCD50, 0xC510, 0xBCCF, 0xB46D, 0xB40C, 0xAB4A, 0xA2E7, 0xAB28,
    0x9A86, 0x9A66, 0x9A45, 0x9A25, 0x9AA7, 0x9A66, 0x9A86, 0x9266,
    0x9225, 0x8A25, 0x8A05, 0x89E4, 0x81C4, 0x8183, 0x7963, 0x7962,
    0x7942, 0x7942, 0x7942, 0x7942, 0x7942, 0x7942, 0x7942, 0x7942,
    0x5ACB, 0xAD55, 0xC5F7, 0xCE37, 0xCE58, 0xE6B9, 0xDE58, 0xDEFB,
    0xE75C, 0xE6FA, 0xE73B, 0xE75B, 0xE73B, 0xE75C, 0xE77C, 0xEF5C,
    0xEF5B, 0xE75B, 0xE6F9, 0xDEB8, 0xDEB8, 0xDEB7, 0xDE96, 0xDE96,
    0xDE76, 0xDE55, 0xD614, 0xCDD2, 0xD614, 0xCDB2, 0xD5B3, 0xCD92,
    0xCD91, 0xC571, 0xC531, 0xC510, 0xBCAE, 0xB3AB, 0xA308, 0xAB69,
    0xB3CB, 0xAB8A, 0xA328, 0xA2C7, 0xA328, 0x9B08, 0x9AC7, 0x92A7,
    0x9266, 0x9246, 0x8A25, 0x89E4, 0x81C4, 0x81A3, 0x7983, 0x7962,
    0x7942, 0x7942, 0x7942, 0x7942, 0x7942, 0x7942, 0x7942, 0x7942,
    0x5B0C, 0xADB7, 0xC618, 0xCE39, 0xD69A, 0xD638, 0xE6BA, 0xDEBA,
    0xE71B, 0xE71B, 0xE71B, 0xE71B, 0xEF5B, 0xE71B, 0xE73B, 0xE73B,
    0xE71A, 0xE6F9, 0xE6F8, 0xDE55, 0xDE56, 0xDEB7, 0xDE76, 0xD656,
    0xD634, 0xD5F3, 0xD5F3, 0xD5D3, 0xD5B2, 0xD5D3, 0xCDB2, 0xCD92,
    0xCD71, 0xC550, 0xBD10, 0xBCCF, 0xBCAE, 0xABAB, 0xAB69, 0xB40C,
    0xABAA, 0xA369, 0xA369, 0xA36A, 0x9B29, 0x9B08, 0x9AE8, 0x92A7,
    0x9286, 0x9266, 0x8A25, 0x8A05, 0x81C4, 0x81A4, 0x8183, 0x7963,
    0x7942, 0x7942, 0x7942, 0x7942, 0x7942, 0x7942, 0x7942, 0x7942,
    0x5ACB, 0xB575, 0xC5F7, 0xCDF7, 0xD699, 0xDE59, 0xDE9A, 0xE6DA,
    0xE69A, 0xE6DA, 0xE6DB, 0xE71B, 0xE73B, 0xE73B, 0xE71B, 0xE71A,
    0xE6F9, 0xE6F9, 0xE6F9, 0xE6D9, 0xDE77, 0xDE56, 0xD635, 0xDE56,
    0xD656, 0xD676, 0xD636, 0xD5F4, 0xDE14, 0xD613, 0xD5D2, 0xD5D2,
    0xCD71, 0xC4CF, 0xC46D, 0xBC6D, 0xBC8D, 0xBC6D, 0xA2E7, 0xA2E7,
    0xABCB, 0xA38A, 0xA369, 0xA328, 0x9B28, 0x9B08, 0x9AE8, 0x92C7,
    0x9286, 0x8A66, 0x8A25, 0x8A04, 0x81C4, 0x81A3, 0x8183, 0x7963,
    0x7942, 0x7942, 0x7942, 0x7942, 0x7942, 0x7942, 0x7942, 0x7942,
    0x5AEB, 0xA534, 0xC618, 0xCE58, 0xD658, 0xE69A, 0xDE99, 0xE6DB,
    0xE6DB, 0xE6DB, 0xEF3C, 0xEEFB, 0xE6FB, 0xEF3B, 0xE6DA, 0xE6D9,
    0xE6F9, 0xE6F9, 0xE6B8, 0xE6B8, 0xDEB8, 0xDED8, 0xDEB8, 0xD698,
    0xD656, 0xCD71, 0xCDF4, 0xD5D3, 0xCC0B, 0xCC6C, 0xCD10, 0xCCEF,
    0xCCEE, 0xC3AB, 0xC44C, 0xC40C, 0xB38A, 0xB3AA, 0xA286, 0xA2C6,
    0xAB8A, 0xAB8A, 0xA369, 0xA329, 0x9B28, 0x9B08, 0x9AC7, 0x92A7,
    0x9286, 0x8A46, 0x8A25, 0x8A05, 0x81E4, 0x81A3, 0x8183, 0x7962,
    0x7942, 0x7942, 0x7942, 0x7942, 0x7942, 0x7942, 0x7942, 0x7942,
    0x52CB, 0xAD75, 0xC638, 0xCE59, 0xDEFC, 0xE6DB, 0xDE7A, 0xE6DB,
    0xE6DB, 0xE6FB, 0xEF3C, 0xEF3C, 0xEEDB, 0xE6DA, 0xE6B9, 0xDE99,
    0xDEB9, 0xDE37, 0xDE98, 0xE6D9, 0xDEB8, 0xDE56, 0xDE56, 0xD655,
    0xD656, 0xCCAF, 0xC3AA, 0xCCCF, 0xCCAF, 0xC3AA, 0xC42B, 0xCCCE,
    0xC48D, 0xC40C, 0xBBCB, 0xBCCE, 0xBC6D, 0xB3AA, 0xAB69, 0xB38A,
    0xAB89, 0xAB8A, 0xA369, 0xA348, 0x9B28, 0x9AE8, 0x9AC7, 0x9286,
    0x9246, 0x8A25, 0x8A04, 0x89E4, 0x81C4, 0x81A3, 0x8183, 0x7962,
    0x7942, 0x7922, 0x7942, 0x7942, 0x7942, 0x7942, 0x7942, 0x7942,
    0x5AAB, 0xA534, 0xC618, 0xCE9A, 0xD659, 0xDEBB, 0xDE59, 0xE71C,
    0xEF3C, 0xEF1C, 0xEEFB, 0xE6FB, 0xEF1B, 0xE699, 0xE699, 0xDE78,
    0xDE17, 0xDE58, 0xDE56, 0xDE56, 0xE677, 0xDD73, 0xCD11, 0xD572,
    0xCD10, 0xD572, 0xD593, 0xC40C, 0xC42C, 0xCCEF, 0xCC8E, 0xCCAE,
    0xCD10, 0xC530, 0xC50F, 0xC4CF, 0xBCAF, 0xBCAE, 0xB46D, 0xB42C,
    0xABEB, 0xABAB, 0xA38A, 0xA36A, 0x9B49, 0x9B08, 0x9AC7, 0x92A7,
    0x9266, 0x8A46, 0x8A25, 0x8A04, 0x81C4, 0x81A3, 0x8183, 0x7963,
    0x7942, 0x7942, 0x7942, 0x7942, 0x7942, 0x7942, 0x7942, 0x7942,
    0x5ACB, 0xAD55, 0xC638, 0xD6BA, 0xD638, 0xDE79, 0xE69A, 0xE6FB,
    0xEEFB, 0xEEFB, 0xEEFB, 0xEEBA, 0xE679, 0xE69A, 0xDE79, 0xDE58,
    0xDEB9, 0xDEB9, 0xE6B9, 0xE6D9, 0xDEB8, 0xDED9, 0xDE98, 0xD5F4,
    0xDDF4, 0xDDD4, 0xD5B3, 0xD592, 0xD531, 0xD592, 0xCDD3, 0xCDB3,
    0xCD51, 0xC530, 0xC530, 0xC510, 0xBCCF, 0xBCAE, 0xB44D, 0xB42C,
    0xAC0C, 0xABCB, 0xA369, 0xA349, 0x9B29, 0x9B08, 0x92C7, 0x92A7,
    0x9266, 0x8A45, 0x8A05, 0x89E4, 0x81C4, 0x81A3, 0x8183, 0x7963,
    0x7942, 0x7942, 0x7942, 0x7942, 0x7942, 0x7942, 0x7942, 0x7942,
    0x52AA, 0xA514, 0xBDF7, 0xCDF7, 0xD67A, 0xDE9A, 0xE639, 0xE69A,
    0xEF1C, 0xEF1C, 0xEF3C, 0xE6FB, 0xDEBA, 0xDE99, 0xDE99, 0xDEDA,
    0xDEDA, 0xE6FA, 0xE6FA, 0xE6D9, 0xDED9, 0xE6B9, 0xE6D9, 0xE6F9,
    0xE6B8, 0xDE97, 0xDE77, 0xDE56, 0xD635, 0xD5F4, 0xCDB3, 0xCD92,
    0xCD92, 0xCD72, 0xC530, 0xC4F0, 0xC4CF, 0xBCAE, 0xBC6E, 0xB44D,
    0xB40C, 0xABCB, 0xA38A, 0xA329, 0xA308, 0x9B08, 0x9AC7, 0x92A7,
    0x9286, 0x8A45, 0x8A25, 0x89E4, 0x81A4, 0x81A3, 0x8183, 0x7963,
    0x7962, 0x7942, 0x7942, 0x7942, 0x7942, 0x7942, 0x7942, 0x7942,
    0x52AA, 0xAD76, 0xC65A, 0xCE7A, 0xDEFC, 0xDEFC, 0xE6FC, 0xE6BB,
    0xE71C, 0xE6FB, 0xE6DB, 0xDE9A, 0xDE9A, 0xDEFB, 0xDEFA, 0xDEDA,
    0xE6FA, 0xE6FA, 0xE6D9, 0xE6FA, 0xEF1A, 0xE6FA, 0xE6F9, 0xE6D8,
    0xE698, 0xDE77, 0xD656, 0xD615, 0xD5D4, 0xCDB3, 0xCD92, 0xCD72,
    0xCD51, 0xC510, 0xC4EF, 0xBCCF, 0xBCAE, 0xBC6D, 0xB42D, 0xB40C,
    0xB3CA, 0xABAA, 0xAB8A, 0xA369, 0xA329, 0x9B08, 0x9AE7, 0x92C7,
    0x9266, 0x9245, 0x8A25, 0x8A04, 0x81E4, 0x81C4, 0x8183, 0x7963,
    0x7962, 0x7942, 0x7942, 0x7942, 0x7942, 0x7942, 0x7942, 0x7942,
    0x4A6A, 0x9CD3, 0xC659, 0xCE9A, 0xD6BB, 0xDEFB, 0xDEDB, 0xDE79,
    0xDE9A, 0xE71C, 0xE6DB, 0xDEBA, 0xE71B, 0xE71B, 0xDF1B, 0xDE98,
    0xDEFA, 0xE71A, 0xE73A, 0xE75B, 0xE73A, 0xE6F9, 0xE6F9, 0xE6D8,
    0xE697, 0xDE56, 0xDE35, 0xDE55, 0xDE55, 0xDE35, 0xD614, 0xD5D3,
    0xD591, 0xCD51, 0xC4EF, 0xC4EF, 0xC4CE, 0xBC8E, 0xBC6D, 0xB44C,
    0xB40B, 0xABCB, 0xABAA, 0xA369, 0xA349, 0xA308, 0x9AC7, 0x9286,
    0x9245, 0x9245, 0x8A05, 0x8A04, 0x81C4, 0x81A3, 0x8183, 0x7963,
    0x7942, 0x7942, 0x7942, 0x7942, 0x7942, 0x7942, 0x7942, 0x7942,
    0x528B, 0xA4D3, 0xBDB6, 0xC618, 0xD6BA, 0xD659, 0xD618, 0xE71C,
    0xE75D, 0xE71D, 0xE71C, 0xE71C, 0xE71C, 0xDEFB, 0xE6FA, 0xE73B,
    0xEF5C, 0xE75B, 0xE73A, 0xEF5B, 0xE77A, 0xE75B, 0xE6F9, 0xE6F9,
    0xE719, 0xE6D8, 0xDE97, 0xDE76, 0xDE35, 0xDE35, 0xD5D3, 0xD592,
    0xD5B2, 0xCD50, 0xCD51, 0xCD30, 0xC4EF, 0xBCCE, 0xBCAE, 0xBC6D,
    0xB42C, 0xB3EC, 0xABCB, 0xAB8A, 0xA369, 0xA329, 0x9AE8, 0x92C7,
    0x9287, 0x9266, 0x8A25, 0x89E4, 0x81C4, 0x81A3, 0x8183, 0x7963,
    0x7942, 0x7942, 0x7942, 0x7942, 0x7942, 0x7942, 0x7942, 0x7942,
    0x5269, 0xA514, 0xC618, 0xCE39, 0xD67A, 0xDEDC, 0xE71C, 0xD659,
    0xDEBB, 0xE73C, 0xE73C, 0xE73C, 0xE71B, 0xE77C, 0xEF7D, 0xEF7C,
    0xEF7C, 0xEF3B, 0xE71A, 0xEF3A, 0xE6F9, 0xE6F8, 0xE719, 0xE719,
    0xE718, 0xE6D7, 0xDE95, 0xDE96, 0xDE55, 0xDE14, 0xD5B3, 0xD572,
    0xCD30, 0xCD30, 0xCD0F, 0xC4CE, 0xC4CE, 0xBC8D, 0xBC4C, 0xBC4C,
    0xB40C, 0xABEB, 0xABAA, 0xAB8A, 0xA349, 0x9AE8, 0x9AC7, 0x92A7,
    0x9286, 0x9245, 0x8A25, 0x89E4, 0x81C4, 0x8183, 0x7983, 0x7963,
    0x7942, 0x7942, 0x7942, 0x7942, 0x7942, 0x7942, 0x7942, 0x7942,
    0x5229, 0x9CD3, 0xC639, 0xCE7A, 0xDEDB, 0xE6FC, 0xE71C, 0xEF5D,
    0xE69A, 0xDEB9, 0xEF7D, 0xEF3C, 0xEF7D, 0xEF7D, 0xEF5C, 0xEF5B,
    0xEF3B, 0xEF5B, 0xEF39, 0xEED8, 0xE6B8, 0xE6B8, 0xE697, 0xE6B8,
    0xE676, 0xDE76, 0xDE76, 0xDE35, 0xDE35, 0xD614, 0xD5B2, 0xD5B2,
    0xCD91, 0xCD0F, 0xC48E, 0xC46D, 0xC46D, 0xBC6D, 0xBC6D, 0xB42C,
    0xB40C, 0xABCB, 0xABAA, 0xA369, 0xA308, 0xA2E7, 0x9AC7, 0x92A7,
    0x9286, 0x8A46, 0x8A25, 0x8A05, 0x81E4, 0x81C4, 0x81A3, 0x7983,
    0x7962, 0x7942, 0x7942, 0x7942, 0x7942, 0x7942, 0x7942, 0x7942,
    0x528A, 0xA534, 0xC618, 0xD65A, 0xE71C, 0xD639, 0xDE7A, 0xE71B,
    0xDE39, 0xE596, 0xDD95, 0xE73C, 0xEF7D, 0xEF1B, 0xEF5C, 0xEF3B,
    0xEF5C, 0xEF1A, 0xE697, 0xE6D9, 0xE6F9, 0xE6F8, 0xE6D8, 0xE697,
    0xE6B7, 0xE6B7, 0xE6B7, 0xDE76, 0xDE34, 0xDE14, 0xD5B3, 0xD5D2,
    0xCD91, 0xCD92, 0xCD71, 0xC510, 0xC4AE, 0xBC6D, 0xBC2C, 0xB40C,
    0xB40C, 0xABEB, 0xABAB, 0xA36A, 0xA328, 0x9AA7, 0x9AC7, 0x92A7,
    0x9286, 0x9266, 0x8A25, 0x8A05, 0x81E4, 0x81C4, 0x81A3, 0x7983,
    0x7962, 0x7942, 0x7942, 0x7942, 0x7942, 0x7942, 0x7942, 0x7942,
    0x52AA, 0xB596, 0xDF1C, 0xDE9A, 0xE6DB, 0xE6FC, 0xE69A, 0xE659,
    0xE6BB, 0xF7BE, 0xEE9A, 0xDD75, 0xEF3C, 0xF7FF, 0xF7BE, 0xEF9D,
    0xEF3B, 0xEF3B, 0xEF5B, 0xEF5B, 0xEF3B, 0xE71A, 0xE6F9, 0xE6B8,
    0xE697, 0xE677, 0xDE34, 0xDE35, 0xD614, 0xD5F4, 0xD572, 0xD572,
    0xCD51, 0xCCEE, 0xCD0F, 0xC510, 0xC4EF, 0xC4AF, 0xBC4D, 0xB40C,
    0xB36A, 0xAB09, 0xAB49, 0xA328, 0xA2E7, 0x9AC8, 0x9AE8, 0x92A7,
    0x9266, 0x8A45, 0x8A25, 0x8A05, 0x81E4, 0x81A4, 0x8183, 0x7963,
    0x7962, 0x7942, 0x7942, 0x7942, 0x7942, 0x7942, 0x7942, 0x7942,
    0x5AAA, 0xBDB7, 0xE75D, 0xE6DB, 0xE71C, 0xF7FF, 0xF7FF, 0xF7DF,
    0xF7FF, 0xF7BE, 0xFFFF, 0xF77D, 0xE5B7, 0xEE58, 0xE615, 0xEF1A,
    0xF7BD, 0xEFDD, 0xEFBC, 0xEF7B, 0xE73A, 0xEF5B, 0xE719, 0xE6F9,
    0xE6F9, 0xDEB7, 0xDE76, 0xDE76, 0xDE35, 0xD614, 0xD5F4, 0xCDB3,
    0xCD72, 0xCD10, 0xC4AF, 0xBC6D, 0xBC6D, 0xBC6D, 0xBC4D, 0xB42C,
    0xB3EB, 0xAB8A, 0xAB6A, 0xA349, 0xA349, 0x9B08, 0x9AC7, 0x9AC7,
    0x9287, 0x8A66, 0x8A45, 0x8A05, 0x81E4, 0x81C4, 0x81A3, 0x7983,
    0x7962, 0x7942, 0x7942, 0x7942, 0x7942, 0x7942, 0x7942, 0x7942,
    0x5AAA, 0xBDD7, 0xDF3C, 0xE6FC, 0xEF3D, 0xEF7D, 0xEF3C, 0xF7BF,
    0xF7DF, 0xF7DF, 0xF77C, 0xF79D, 0xF71B, 0xEE79, 0xF6BA, 0xDD55,
    0xDE38, 0xEF3B, 0xEF5B, 0xEF5B, 0xEF9B, 0xE75A, 0xE6F8, 0xE6D8,
    0xE6D8, 0xDE97, 0xE6B7, 0xDE55, 0xD635, 0xD615, 0xCDB3, 0xCD92,
    0xCD92, 0xC571, 0xC551, 0xC4CF, 0xBCAE, 0xBC4D, 0xB40C, 0xB3CB,
    0xB3AB, 0xAB29, 0xAAE8, 0xA2A7, 0x9AA7, 0x9AC7, 0x9AA7, 0x9286,
    0x9266, 0x8A46, 0x8A25, 0x8A05, 0x81E4, 0x81A4, 0x81A3, 0x7983,
    0x7963, 0x7942, 0x7942, 0x7942, 0x7942, 0x7942, 0x7942, 0x7942,
    0x5AAA, 0xBDD7, 0xDF3C, 0xDE9A, 0xEF5D, 0xF7DF, 0xF79E, 0xEF5C,
    0xF75C, 0xF79D, 0xF79D, 0xF77C, 0xF7DE, 0xF7FF, 0xFFFF, 0xF7FF,
    0xF75B, 0xEEFA, 0xE679, 0xE617, 0xE616, 0xDE15, 0xDD93, 0xD572,
    0xDE55, 0xDDF4, 0xD510, 0xD532, 0xCD51, 0xCD51, 0xCDB2, 0xCD72,
    0xCD10, 0xC4EF, 0xC4EF, 0xBCCF, 0xBC8E, 0xBC6D, 0xB46D, 0xB42C,
    0xABEB, 0xABCB, 0xAB6A, 0xA308, 0xA2C8, 0x9A87, 0x9A87, 0x9266,
    0x9246, 0x8A25, 0x8A05, 0x89E4, 0x81C4, 0x81A3, 0x8183, 0x7963,
    0x7942, 0x7942, 0x7942, 0x7942, 0x7942, 0x7942, 0x7942, 0x7942,
    0x5AAA, 0xBDF7, 0xDEFB, 0xDE9A, 0xEF7E, 0xF7FF, 0xFFDF, 0xF7BE,
    0xF77D, 0xEF3C, 0xF7BE, 0xFFFE, 0xFFDE, 0xFFDE, 0xF7BE, 0xF79C,
    0xF71A, 0xF73A, 0xF79C, 0xF71B, 0xE658, 0xE657, 0xE616, 0xDD74,
    0xDD33, 0xD4B0, 0xCCF2, 0xD594, 0xD532, 0xCCD0, 0xC40D, 0xC4AF,
    0xC4F0, 0xC4AF, 0xC48E, 0xBC0C, 0xB40C, 0xB3CB, 0xAB8B, 0xAB6A,
    0xAB6A, 0xA329, 0xA329, 0xA349, 0xA308, 0x9AC8, 0x9A87, 0x9286,
    0x9246, 0x9225, 0x8A05, 0x89E4, 0x81E4, 0x81A4, 0x8183, 0x7963,
    0x7962, 0x7942, 0x7942, 0x7942, 0x7942, 0x7942, 0x7942, 0x7942,
    0x52AA, 0xBDB6, 0xD65A, 0xE75D, 0xF7DF, 0xF7DE, 0xF7DF, 0xF7BE,
    0xFFDF, 0xFFDF, 0xF7BE, 0xF77D, 0xFFBE, 0xFFDE, 0xF7BD, 0xFFDE,
    0xFFFF, 0xEF3A, 0xEE98, 0xEF3B, 0xEF19, 0xEED8, 0xE6F9, 0xE6F9,
    0xE6B8, 0xDE77, 0xDE77, 0xD5D4, 0xD5D4, 0xCDD4, 0xCD32, 0xC46E,
    0xC40D, 0xBBAC, 0xB3AC, 0xB38B, 0xB32A, 0xAB09, 0xAB29, 0xAB09,
    0xA2E8, 0xA2C8, 0x9AA7, 0x9A87, 0x9A66, 0x9246, 0x9246, 0x9225,
    0x9205, 0x8A05, 0x89C4, 0x81C4, 0x81A3, 0x8183, 0x7983, 0x7963,
    0x7942, 0x7942, 0x7942, 0x7942, 0x7942, 0x7942, 0x7942, 0x7942,
    0x5269, 0xA514, 0xCE38, 0xE71B, 0xF7DF, 0xF7DF, 0xF7DE, 0xFFFF,
    0xF7BE, 0xF7BD, 0xF7BE, 0xFFBE, 0xFFDE, 0xF79D, 0xF77C, 0xFFBD,
    0xF73A, 0xEF1A, 0xF77C, 0xEEF9, 0xEF3A, 0xEF7B, 0xE6D9, 0xE6B8,
    0xE6D8, 0xE6B7, 0xDE55, 0xDE15, 0xDE55, 0xD615, 0xCDB3, 0xCD92,
    0xCD52, 0xC4AF, 0xBCCF, 0xBCCF, 0xBCAF, 0xB46D, 0xB40C, 0xAC0C,
    0xABCB, 0xAB8A, 0xAB6A, 0xA329, 0x9B08, 0x9AC7, 0x9A87, 0x9266,
    0x8A05, 0x89C4, 0x89C4, 0x81A4, 0x81A4, 0x8183, 0x7963, 0x7962,
    0x7942, 0x7942, 0x7942, 0x7942, 0x7942, 0x7942, 0x7942, 0x7942,
    0x4A49, 0xAD35, 0xDEFB, 0xE71C, 0xF7DF, 0xFFFF, 0xFFFF, 0xF7DE,
    0xFFFF, 0xFFFF, 0xFFDE, 0xFFDE, 0xF79D, 0xF77D, 0xF79C, 0xF77C,
    0xF75C, 0xEEB8, 0xEEB8, 0xEE97, 0xE697, 0xE697, 0xE677, 0xE635,
    0xDDD4, 0xDE35, 0xDE55, 0xDDF4, 0xD5D4, 0xD635, 0xD5B3, 0xCD11,
    0xC551, 0xC530, 0xBCF0, 0xBCAE, 0xBC8E, 0xB46E, 0xB44D, 0xAC0C,
    0xABCB, 0xABAA, 0xA38A, 0xA349, 0x9AE8, 0x9AE8, 0x9AC7, 0x92A7,
    0x8A04, 0x8A05, 0x8A25, 0x89E4, 0x81C4, 0x81A3, 0x8183, 0x7963,
    0x7942, 0x7942, 0x7942, 0x7942, 0x7942, 0x7942, 0x7942, 0x7942,
    0x52AA, 0xB575, 0xD6BB, 0xEF9E, 0xEF7D, 0xFFDF, 0xF7DE, 0xF75C,
    0xF75C, 0xF7BD, 0xF7BD, 0xF7BE, 0xFFDE, 0xFFFF, 0xFFDD, 0xF7BC,
    0xF7BD, 0xF7FD, 0xF79C, 0xF77A, 0xEF5A, 0xEEF9, 0xE6B8, 0xE677,
    0xE636, 0xE636, 0xDDD4, 0xDD93, 0xD531, 0xCD51, 0xCD72, 0xCD92,
    0xCD51, 0xC4F0, 0xC4F0, 0xBCCF, 0xBC8E, 0xB48E, 0xB42D, 0xABEC,
    0xABCB, 0xABAA, 0xA36A, 0xA349, 0x9AE8, 0x9AA7, 0x9A86, 0x9225,
    0x8A05, 0x8A25, 0x89E4, 0x81E4, 0x81C4, 0x81A3, 0x7983, 0x7963,
    0x7942, 0x7942, 0x7942, 0x7942, 0x7942, 0x7942, 0x7942, 0x7942,
    0x5249, 0xB575, 0xCE38, 0xE6FB, 0xF7BE, 0xEF3C, 0xEF7D, 0xEF3C,
    0xEF5D, 0xFFDF, 0xFFFF, 0xF7BE, 0xF79D, 0xF79D, 0xF77C, 0xF79D,
    0xF79C, 0xF77C, 0xEF1A, 0xEED9, 0xEF3A, 0xEF5A, 0xE6F9, 0xE6F9,
    0xEEF9, 0xE6B7, 0xE697, 0xDE56, 0xDE35, 0xD511, 0xCCB0, 0xCD10,
    0xCCF0, 0xC46E, 0xBC8E, 0xBCCF, 0xBC8E, 0xB42C, 0xB3EC, 0xABAB,
    0xAB8A, 0xA349, 0xA308, 0x9AC8, 0x9AC7, 0x9AC7, 0x9287, 0x9287,
    0x9286, 0x8A45, 0x8A25, 0x81E4, 0x81C4, 0x81A3, 0x7983, 0x7963,
    0x7942, 0x7922, 0x7942, 0x7942, 0x7942, 0x7942, 0x7942, 0x7942,
    0x4A28, 0xAD55, 0xD679, 0xDEBB, 0xEF7D, 0xEF5D, 0xEF3C, 0xEF5D,
    0xF7FF, 0xF7FF, 0xF7BE, 0xF7DE, 0xFFFF, 0xFFBD, 0xF79C, 0xFFFF,
    0xF7DE, 0xF7BD, 0xF79B, 0xEF7B, 0xEF3A, 0xEEF8, 0xE6D8, 0xE697,
    0xE676, 0xE676, 0xDE56, 0xDE14, 0xDDF4, 0xDE15, 0xD5F4, 0xD592,
    0xCCCF, 0xC42D, 0xBC4E, 0xBC2D, 0xB3EC, 0xB42D, 0xB42C, 0xAC0C,
    0xABAB, 0xAB6A, 0xA329, 0x9AE8, 0x9AE8, 0x9AC7, 0x92A7, 0x9287,
    0x9246, 0x8A25, 0x8A05, 0x81E4, 0x81C4, 0x81A3, 0x7983, 0x7963,
    0x7942, 0x7942, 0x7942, 0x7942, 0x7942, 0x7942, 0x7942, 0x7942,
    0x4A28, 0x9C92, 0xCE59, 0xE77D, 0xF7BE, 0xF7BF, 0xF77E, 0xEF5D,
    0xE71B, 0xEF5C, 0xE6BA, 0xEF1C, 0xEF9E, 0xF7BD, 0xEF5B, 0xEF9D,
    0xF7BD, 0xF79C, 0xEF7B, 0xF79C, 0xEF5A, 0xEF3A, 0xEEF8, 0xE697,
    0xE6D8, 0xE6B7, 0xDE96, 0xDE35, 0xDE15, 0xD5F4, 0xD5B3, 0xCD92,
    0xCD10, 0xC4F0, 0xC4CF, 0xC4AF, 0xBBEC, 0xB36B, 0xB38B, 0xAB4A,
    0xAB6A, 0xAB6A, 0xA369, 0xA349, 0x9B28, 0x9AE8, 0x9AA7, 0x9266,
    0x9266, 0x8A25, 0x8A05, 0x81E4, 0x81C4, 0x81A3, 0x7983, 0x7963,
    0x7962, 0x7942, 0x7942, 0x7942, 0x7942, 0x7942, 0x7942, 0x7942,
    0x4208, 0x9CD3, 0xCE39, 0xDE9B, 0xE71C, 0xE6DB, 0xE6FC, 0xEF5D,
    0xEF3D, 0xEF9E, 0xF77E, 0xEF5D, 0xF73D, 0xEF3C, 0xEEFB, 0xEEFB,
    0xEF5B, 0xEF3B, 0xEF1B, 0xEF3B, 0xEF5A, 0xEEF9, 0xDE76, 0xDE36,
    0xDE16, 0xDE56, 0xDE56, 0xDE35, 0xDDB3, 0xD593, 0xCD52, 0xCD10,
    0xCD10, 0xCCF0, 0xC48E, 0xC48E, 0xBC2D, 0xBBEC, 0xB34A, 0xA287,
    0x9A87, 0x9A67, 0x9A67, 0x9A66, 0x9246, 0x9225, 0x9225, 0x8A05,
    0x89E4, 0x81C4, 0x81A3, 0x81A3, 0x8183, 0x7983, 0x7963, 0x7963,
    0x7942, 0x7942, 0x7942, 0x7942, 0x7942, 0x7942, 0x7942, 0x7942,
    0x4207, 0x94B3, 0xC659, 0xE77E, 0xF7DF, 0xEEFC, 0xDE7A, 0xEF7E,
    0xF79F, 0xF7DF, 0xF7FF, 0xFFFF, 0xF7FF, 0xF7DF, 0xF79E, 0xF75C,
    0xEE38, 0xDDD5, 0xE5B5, 0xE5B4, 0xE5F6, 0xE6D9, 0xE6F9, 0xE6D9,
    0xE6F9, 0xE6B8, 0xDDD4, 0xD4D0, 0xD4B0, 0xD4B0, 0xCC6F, 0xCC4E,
    0xC3CC, 0xC46E, 0xC4CF, 0xBC6E, 0xC48E, 0xB2E9, 0xAAC8, 0xB34A,
    0xAB29, 0xAB09, 0xA2C8, 0x9A87, 0x9A66, 0x9246, 0x9205, 0x9205,
    0x89E5, 0x89E4, 0x89C4, 0x81A4, 0x8183, 0x7983, 0x7963, 0x7963,
    0x7942, 0x7942, 0x7942, 0x7942, 0x7942, 0x7942, 0x7942, 0x7942,
    0x41E7, 0x9C72, 0xBDD7, 0xD6BB, 0xEF5D, 0xF79F, 0xEF5D, 0xE6BA,
    0xEF9E, 0xF77E, 0xEEDB, 0xE659, 0xE67A, 0xE639, 0xE5B6, 0xDD34,
    0xE5D6, 0xEEDA, 0xEEFA, 0xF71A, 0xE574, 0xDCF1, 0xE637, 0xE5F5,
    0xDD73, 0xDD11, 0xD4F0, 0xD552, 0xDDD4, 0xD5D3, 0xD5B3, 0xD5B3,
    0xCD10, 0xBB6A, 0xC3EC, 0xC42D, 0xBBAC, 0xB2E9, 0xB349, 0xB3CB,
    0xB3CB, 0xABAA, 0xAB8A, 0xA36A, 0xA349, 0x9B08, 0x9AC7, 0x92A7,
    0x9266, 0x9225, 0x8A05, 0x89E5, 0x81C4, 0x81A4, 0x7983, 0x7963,
    0x7962, 0x7942, 0x7942, 0x7942, 0x7942, 0x7942, 0x7942, 0x7942,
    0x41E7, 0x9472, 0xBDB7, 0xCE18, 0xDEDB, 0xE71C, 0xEF1D, 0xF71C,
    0xE5F9, 0xD4B3, 0xD4B3, 0xE639, 0xE69A, 0xDE7A, 0xEF1C, 0xEF9D,
    0xEF9D, 0xEF5C, 0xEF5B, 0xEF3B, 0xEF7B, 0xE719, 0xE636, 0xDE36,
    0xE636, 0xE677, 0xE697, 0xDE76, 0xDE15, 0xD5F4, 0xD5B3, 0xCD71,
    0xCD92, 0xCD51, 0xC4AE, 0xBC4D, 0xBC0C, 0xBC6E, 0xBC6E, 0xB42C,
    0xB40C, 0xABEB, 0xABAA, 0xA36A, 0xA329, 0x9B08, 0x9AE8, 0x92C7,
    0x9286, 0x9246, 0x8A25, 0x89E4, 0x81C4, 0x81A3, 0x7983, 0x7963,
    0x7942, 0x7942, 0x7942, 0x7942, 0x7942, 0x7942, 0x7942, 0x7942,
    0x4228, 0x9492, 0xBD96, 0xCE59, 0xCE5A, 0xD5F9, 0xDDD8, 0xDDB7,
    0xE5D7, 0xE69A, 0xE75C, 0xDDF7, 0xE6FC, 0xEF7D, 0xE75C, 0xE73C,
    0xEF5C, 0xEF5C, 0xEF7C, 0xEF7C, 0xEF3A, 0xE75A, 0xE719, 0xE6B8,
    0xDED8, 0xDE77, 0xDE56, 0xDE56, 0xD614, 0xD5B3, 0xD5B3, 0xD571,
    0xCD30, 0xC530, 0xC510, 0xC4CF, 0xBCCF, 0xBC8E, 0xB44D, 0xB42C,
    0xB3EC, 0xABCB, 0xAB8A, 0xA36A, 0xA329, 0x9B08, 0x9AE8, 0x92A7,
    0x9266, 0x8A46, 0x8A05, 0x89E4, 0x81C4, 0x8183, 0x8163, 0x7963,
    0x7942, 0x7942, 0x7942, 0x7942, 0x7942, 0x7942, 0x7942, 0x7942,
    0x4208, 0x9492, 0xBDB7, 0xCE18, 0xD67A, 0xDEFC, 0xE71D, 0xEF7E,
    0xEF9F, 0xEF9E, 0xEF7E, 0xEF3C, 0xDE59, 0xE6BA, 0xE71B, 0xE71C,
    0xE71B, 0xE73B, 0xE6FA, 0xE71A, 0xE6FA, 0xE6D8, 0xE677, 0xDE77,
    0xDE36, 0xD614, 0xDE14, 0xDE35, 0xD615, 0xD614, 0xD5B3, 0xCD72,
    0xCD51, 0xCD10, 0xC510, 0xC4EF, 0xC4CF, 0xBCAE, 0xBC6E, 0xB44D,
    0xB40C, 0xABCB, 0xABAB, 0xA349, 0xA329, 0x9AC8, 0x9AA7, 0x9286,
    0x9246, 0x9225, 0x89E5, 0x89C4, 0x81C4, 0x81A4, 0x7983, 0x7983,
    0x7962, 0x7942, 0x7942, 0x7942, 0x7942, 0x7942, 0x7942, 0x7942,
    0x4A49, 0x9CB3, 0xBDD7, 0xCE7A, 0xD6BB, 0xE75D, 0xEF5D, 0xE75D,
    0xEF7E, 0xE75D, 0xE73C, 0xEF5D, 0xEF3C, 0xE699, 0xDE79, 0xE6DA,
    0xE6DA, 0xE6FA, 0xE6D9, 0xE698, 0xE6D9, 0xEED9, 0xE6B8, 0xE657,
    0xE656, 0xDE56, 0xDE35, 0xDDF4, 0xD5D4, 0xD5B3, 0xD593, 0xCD92,
    0xCD31, 0xCD10, 0xC510, 0xC4F0, 0xC4CF, 0xBC8E, 0xB44D, 0xB42C,
    0xB3EC, 0xABAB, 0xAB8A, 0xA349, 0xA329, 0x9AC7, 0x9AA7, 0x9287,
    0x9266, 0x8A46, 0x8A05, 0x89E5, 0x81E4, 0x81A4, 0x8183, 0x7963,
    0x7962, 0x7942, 0x7942, 0x7942, 0x7942, 0x7942, 0x7942, 0x7942,
    0x4228, 0x9CD3, 0xBDD8, 0xCE59, 0xDEBB, 0xE71C, 0xE6FC, 0xDEBA,
    0xE6BB, 0xE6DB, 0xE6DB, 0xE71C, 0xE73C, 0xE75D, 0xE6DA, 0xE679,
    0xE699, 0xE6BA, 0xEEBA, 0xE698, 0xE699, 0xE6D9, 0xE698, 0xDE57,
    0xDE36, 0xDE36, 0xDE15, 0xDE15, 0xD5F4, 0xD5B3, 0xCD72, 0xCD51,
    0xCD31, 0xC4F0, 0xC4CF, 0xBC8F, 0xBC2D, 0xBBEC, 0xB42D, 0xB3EB,
    0xABAA, 0xAB8A, 0xAB8A, 0xA349, 0xA2E8, 0x9AE8, 0x9AE8, 0x92A7,
    0x9286, 0x9246, 0x8A25, 0x8A05, 0x81E4, 0x81A4, 0x8183, 0x7963,
    0x7962, 0x7942, 0x7942, 0x7942, 0x7942, 0x7942, 0x7942, 0x7942,
    0x4228, 0x9C92, 0xBDD7, 0xCE38, 0xCE17, 0xDEBB, 0xE71D, 0xE73D,
    0xE73D, 0xE73D, 0xEF5D, 0xE6DB, 0xDEDA, 0xDEDB, 0xE6FA, 0xEF1B,
    0xEF3B, 0xE71A, 0xEF1A, 0xEF1A, 0xE6D9, 0xE6B8, 0xE697, 0xDE77,
    0xDE77, 0xDE76, 0xDE56, 0xDE15, 0xD5F4, 0xD5F4, 0xD5D4, 0xCD93,
    0xCD72, 0xC531, 0xC4CF, 0xBC6E, 0xBC0C, 0xB3CB, 0xB36A, 0xB3AB,
    0xABEC, 0xABAB, 0xAB8A, 0xA369, 0xA2E8, 0x9AE8, 0x9AE8, 0x92A7,
    0x9286, 0x9246, 0x8A25, 0x8A05, 0x81E4, 0x81C4, 0x8183, 0x7963,
    0x7962, 0x7942, 0x7942, 0x7942, 0x7942, 0x7942, 0x7942, 0x7942,
    0x4A69, 0x9CB3, 0xBDD7, 0xCE59, 0xCDB6, 0xD638, 0xDF1C, 0xDEFC,
    0xE73C, 0xEF5C, 0xE71C, 0xE6FC, 0xEF7D, 0xEF7D, 0xEF5D, 0xEF5C,
    0xEF3B, 0xEF1A, 0xEF1A, 0xE6FA, 0xE6FA, 0xE6FA, 0xE6D9, 0xDEB8,
    0xDE77, 0xDE56, 0xDE36, 0xD5F5, 0xD5D4, 0xCD93, 0xCD72, 0xCD11,
    0xC4AF, 0xC46E, 0xC48E, 0xBCAE, 0xBC8E, 0xBC8E, 0xBC2D, 0xAB09,
    0xAB8A, 0xABAB, 0xA38A, 0xA36A, 0xA328, 0x9AC7, 0x9AC8, 0x92A7,
    0x9266, 0x8A66, 0x8A25, 0x8A05, 0x81E4, 0x81C4, 0x81A3, 0x7963,
    0x7942, 0x7942, 0x7942, 0x7942, 0x7942, 0x7942, 0x7942, 0x7942,
    0x4A69, 0x9CF3, 0xB4F3, 0xC596, 0xD639, 0xDE39, 0xDE39, 0xE71C,
    0xE6FC, 0xDE9B, 0xE6FB, 0xEF3D, 0xE73D, 0xE73C, 0xE73C, 0xEF3C,
    0xE71B, 0xE6DA, 0xE6D9, 0xE6D9, 0xE698, 0xDE78, 0xE657, 0xDDF5,
    0xDDF5, 0xDDD4, 0xDDD4, 0xD5D4, 0xD510, 0xCCCF, 0xCCF0, 0xC4EF,
    0xCCEF, 0xC4F0, 0xC4F0, 0xC4CF, 0xBC8E, 0xBC4D, 0xB3EC, 0xAB6A,
    0xABCB, 0xABCB, 0xA38A, 0xA349, 0xA329, 0x9AC8, 0x9266, 0x9286,
    0x9246, 0x8A46, 0x8A25, 0x8A05, 0x81E4, 0x81A4, 0x7983, 0x7963,
    0x7962, 0x7942, 0x7942, 0x7942, 0x7942, 0x7942, 0x7942, 0x7942,
    0x4A48, 0x94B3, 0xBE18, 0xCE38, 0xD69A, 0xE73D, 0xEF3D, 0xEF1D,
    0xE71C, 0xE67A, 0xE6FC, 0xE6FC, 0xE6BA, 0xE6DB, 0xE6FA, 0xE6DA,
    0xE6DA, 0xE6DA, 0xE6FA, 0xE6D9, 0xE6B8, 0xE698, 0xDE56, 0xDE35,
    0xDE15, 0xDDF4, 0xDDD4, 0xD572, 0xCD31, 0xCD52, 0xCD72, 0xCD93,
    0xCD51, 0xC510, 0xBCCF, 0xBCAE, 0xBC6E, 0xB46E, 0xB40C, 0xAB6A,
    0xAB6A, 0xAB6A, 0xA36A, 0xA329, 0x9B08, 0x9AA7, 0x9266, 0x9246,
    0x9245, 0x8A25, 0x8A05, 0x89E4, 0x81C4, 0x81A3, 0x7983, 0x7963,
    0x7962, 0x7942, 0x7942, 0x7942, 0x7942, 0x7942, 0x7942, 0x7942,
    0x4A69, 0x9CF3, 0xBDD7, 0xCE59, 0xD69A, 0xD69A, 0xDEDB, 0xE71C,
    0xEF3D, 0xEF1C, 0xE71C, 0xE71C, 0xE71D, 0xE73C, 0xE73C, 0xE71C,
    0xE6DA, 0xE6DA, 0xE6FA, 0xE6DA, 0xE6B9, 0xDE98, 0xDE78, 0xDE37,
    0xDE16, 0xD5B4, 0xD532, 0xD532, 0xD573, 0xCD52, 0xCD31, 0xC4F0,
    0xC4AF, 0xC48E, 0xBC6E, 0xBC2C, 0xB3EC, 0xB3AB, 0xB38A, 0xAB4A,
    0xA2A7, 0x9A66, 0x9AA7, 0x9AA7, 0x9AA7, 0x9A86, 0x9266, 0x9266,
    0x9246, 0x8A45, 0x8A25, 0x89E4, 0x81C4, 0x8183, 0x7983, 0x7963,
    0x7942, 0x7942, 0x7942, 0x7942, 0x7942, 0x7942, 0x7942, 0x7942,
    0x4A69, 0x9D34, 0xC619, 0xC679, 0xCDB6, 0xD5D7, 0xDEBB, 0xDEDB,
    0xE71C, 0xE6FC, 0xDEBB, 0xE6BB, 0xE65A, 0xDE39, 0xDDF8, 0xDDF7,
    0xDDD7, 0xDDF6, 0xDE16, 0xDDF6, 0xDDF6, 0xDDD5, 0xD532, 0xD532,
    0xD511, 0xCD31, 0xD593, 0xCD72, 0xCD51, 0xC531, 0xC531, 0xC510,
    0xC4D0, 0xBC8E, 0xBC6E, 0xBC4D, 0xBC2D, 0xB40C, 0xB3EC, 0xABEC,
    0xABCB, 0xABAB, 0xA329, 0x9AC8, 0x9266, 0x89E4, 0x8A05, 0x8A05,
    0x8A25, 0x8A05, 0x89E4, 0x81C4, 0x81C4, 0x81A3, 0x7983, 0x7963,
    0x7942, 0x7942, 0x7942, 0x7942, 0x7942, 0x7942, 0x7942, 0x7942,
    0x4A69, 0x9CF4, 0xBE18, 0xCE9A, 0xD6BA, 0xDE9A, 0xDE9A, 0xDEDB,
    0xDE5A, 0xDDD7, 0xDE39, 0xDE38, 0xE679, 0xDE59, 0xDE18, 0xDDD7,
    0xDDF7, 0xDDF7, 0xDDF7, 0xDE37, 0xE658, 0xDE37, 0xDE16, 0xDE16,
    0xDE37, 0xD615, 0xD5F4, 0xCDB4, 0xCD93, 0xCD73, 0xCD52, 0xC531,
    0xC4F0, 0xC4CF, 0xBCAF, 0xBC6E, 0xB44D, 0xB44D, 0xAC0D, 0xABEC,
    0xABAA, 0xA349, 0xA309, 0x9AA7, 0x9AC7, 0x9AC7, 0x9266, 0x8A05,
    0x89E4, 0x89C4, 0x81A3, 0x81A3, 0x81A3, 0x8183, 0x7963, 0x7962,
    0x7942, 0x7942, 0x7942, 0x7942, 0x7942, 0x7942, 0x7942, 0x7942,
    0x4A69, 0xA534, 0xBE59, 0xCE59, 0xD69A, 0xDEDB, 0xE6DB, 0xE6DB,
    0xE69A, 0xE69A, 0xE69A, 0xE679, 0xE6BA, 0xDE79, 0xDE9A, 0xE6BA,
    0xDE99, 0xDE78, 0xE699, 0xE6D9, 0xE6FA, 0xEEFA, 0xE6D9, 0xE6D9,
    0xE698, 0xDE56, 0xD615, 0xD5D4, 0xCDB3, 0xCD72, 0xC551, 0xC4F0,
    0xBCAF, 0xBCCF, 0xBC8F, 0xBC6E, 0xB42D, 0xB42D, 0xB3EC, 0xABAB,
    0xA329, 0xA329, 0xA329, 0x9B08, 0x9AC8, 0x9287, 0x9266, 0x9266,
    0x8A05, 0x81E4, 0x81C4, 0x81A3, 0x7983, 0x7983, 0x7983, 0x7963,
    0x7942, 0x7942, 0x7942, 0x7942, 0x7942, 0x7942, 0x7942, 0x7942,
    0x4A69, 0x9CD3, 0xB574, 0xC5F6, 0xD678, 0xE6BA, 0xE6FB, 0xE6BA,
    0xDE39, 0xDE58, 0xE69A, 0xE69A, 0xE679, 0xDE79, 0xE699, 0xE6FA,
    0xE6FB, 0xEEFA, 0xEEFA, 0xEF1A, 0xEEFA, 0xE6D9, 0xE698, 0xDE57,
    0xDE16, 0xD5B4, 0xD573, 0xCD72, 0xCD11, 0xC4F0, 0xC4F0, 0xBCAF,
    0xBCAF, 0xBC6E, 0xB44D, 0xB42D, 0xB42D, 0xABEC, 0xAB8B, 0xA349,
    0xA308, 0xA329, 0x9AE8, 0x9AC8, 0x92A7, 0x9286, 0x8A66, 0x8A46,
    0x8A25, 0x8A25, 0x81E4, 0x81C4, 0x8183, 0x7983, 0x7983, 0x7963,
    0x7942, 0x7942, 0x7942, 0x7942, 0x7942, 0x7942, 0x7942, 0x7942,
    0x4A49, 0x94D2, 0xC637, 0xCE79, 0xD6BA, 0xDEFB, 0xE6DA, 0xE6DB,
    0xDEBA, 0xDE17, 0xDE38, 0xE699, 0xE69A, 0xE6BA, 0xE6BA, 0xE679,
    0xE679, 0xE6B9, 0xE6B9, 0xE698, 0xE678, 0xDE98, 0xDE37, 0xDDD5,
    0xDDF5, 0xD593, 0xCD32, 0xCD11, 0xC4D0, 0xC4AF, 0xC4AF, 0xC4AF,
    0xBCAF, 0xBC6E, 0xB42D, 0xB3CC, 0xABAB, 0xAB6A, 0xA329, 0xA329,
    0x9AE8, 0x9AC8, 0x9AA7, 0x9287, 0x9287, 0x9287, 0x9266, 0x9266,
    0x9246, 0x8A25, 0x8A05, 0x81E4, 0x81C4, 0x81A3, 0x7983, 0x7963,
    0x7942, 0x7942, 0x7942, 0x7942, 0x7942, 0x7942, 0x7942, 0x7942,
    0x4249, 0x9CF3, 0xBD95, 0xCE17, 0xD6BA, 0xDEFA, 0xE6FA, 0xDEBA,
    0xE6FB, 0xDE79, 0xD617, 0xDE79, 0xDE9A, 0xDE38, 0xDE17, 0xDE59,
    0xE658, 0xE658, 0xE678, 0xE657, 0xDE16, 0xDDF6, 0xDDB5, 0xD615,
    0xD615, 0xD5F5, 0xCD93, 0xCD11, 0xC4F1, 0xC48F, 0xBBCC, 0xBC6F,
    0xC4AF, 0xBC6E, 0xBC2D, 0xB3AB, 0xB3AB, 0xAB29, 0xA2E8, 0xA309,
    0xA329, 0x9AA8, 0x9AA7, 0xA2C8, 0x9AC7, 0x9AA7, 0x9287, 0x9266,
    0x9246, 0x8A45, 0x8A05, 0x89E4, 0x81C4, 0x81A4, 0x8183, 0x7983,
    0x7962, 0x7942, 0x7942, 0x7942, 0x7942, 0x7942, 0x7942, 0x7942,
    0x4A6A, 0x9CB1, 0xBDB6, 0xCE17, 0xD698, 0xDEB9, 0xDE99, 0xDE78,
    0xDE78, 0xDE58, 0xD678, 0xD637, 0xDDD7, 0xDE79, 0xE6FB, 0xEEDA,
    0xEEDA, 0xEF1B, 0xEEFA, 0xE678, 0xDE17, 0xDE16, 0xD616, 0xD5D5,
    0xD594, 0xD593, 0xD5B4, 0xCD93, 0xCD93, 0xCD32, 0xBC6E, 0xC4D0,
    0xC4CF, 0xBC2D, 0xB36A, 0xBBCC, 0xB36A, 0xB36A, 0xB3ED, 0xA309,
    0xA329, 0xA329, 0xA2E8, 0x9AC8, 0x9AC8, 0x9AA7, 0x9287, 0x9287,
    0x9266, 0x8A45, 0x89E5, 0x81C4, 0x81C4, 0x81A4, 0x7983, 0x7963,
    0x7962, 0x7942, 0x7942, 0x7942, 0x7942, 0x7942, 0x7942, 0x7942,
    0x4A69, 0x9CB1, 0xBDB4, 0xCE58, 0xD678, 0xDE98, 0xE6DA, 0xE6B9,
    0xDE99, 0xDE79, 0xD5F7, 0xDE38, 0xE6BA, 0xEEDB, 0xEEDA, 0xEEFA,
    0xEF1B, 0xE6FA, 0xE678, 0xDE78, 0xDE98, 0xD637, 0xD5B5, 0xD594,
    0xD5B4, 0xD5F5, 0xD5D4, 0xD593, 0xCD73, 0xCD31, 0xBC4E, 0xC46F,
    0xBBEC, 0xB38A, 0xB3EC, 0xB46E, 0xB3EC, 0xAB29, 0xA2A8, 0xAB2A,
    0xABCB, 0xABAB, 0xA34A, 0x9AC8, 0x9AC8, 0x9AA7, 0x9286, 0x9266,
    0x9246, 0x8A05, 0x8A05, 0x89E4, 0x81C4, 0x81A4, 0x7983, 0x7963,
    0x7942, 0x7942, 0x7942, 0x7942, 0x7942, 0x7942, 0x7942, 0x7942,
    0x52AB, 0x9D13, 0xC658, 0xCE57, 0xD637, 0xDEB9, 0xDE99, 0xE6B9,
    0xE6DA, 0xDE79, 0xE6DA, 0xEF1B, 0xEF1C, 0xEF1B, 0xEF3C, 0xEF3B,
    0xEEFA, 0xE6D9, 0xDE37, 0xD5B4, 0xD574, 0xD470, 0xD532, 0xCD73,
    0xCCF1, 0xD532, 0xCD52, 0xD593, 0xD573, 0xCD93, 0xC531, 0xBC2D,
    0xC4AF, 0xBC8E, 0xBC2D, 0xB38B, 0xB38B, 0xB3AB, 0xA2A7, 0xA287,
    0xA2E9, 0xA2E8, 0xA329, 0xA2E8, 0x9AC7, 0x9AA7, 0x9AC8, 0x92A7,
    0x9266, 0x8A45, 0x8A25, 0x8205, 0x81E4, 0x81A4, 0x7983, 0x7963,
    0x7962, 0x7942, 0x7942, 0x7942, 0x7942, 0x7942, 0x7942, 0x7942,
    0x4A8A, 0x9575, 0xC67A, 0xCEBA, 0xDEFA, 0xDEB9, 0xDEB9, 0xE71B,
    0xE699, 0xE6DA, 0xEF5D, 0xEF1C, 0xEF1B, 0xF75D, 0xEF3B, 0xE6B9,
    0xE6B9, 0xE677, 0xE678, 0xDE37, 0xD553, 0xD5F5, 0xCDF5, 0xCDF5,
    0xCDB4, 0xCD52, 0xCD52, 0xCCF1, 0xCD31, 0xCCF1, 0xC40D, 0xBC2E,
    0xC511, 0xBCD0, 0xBC8E, 0xBCAF, 0xBC8E, 0xB42D, 0xB42D, 0xAB29,
    0xA2E8, 0xAB6A, 0xA308, 0xA2A7, 0x9A87, 0x9A66, 0x9A87, 0x9286,
    0x9246, 0x8A45, 0x89E4, 0x89C4, 0x81E4, 0x81A3, 0x8183, 0x7963,
    0x7942, 0x7942, 0x7942, 0x7942, 0x7942, 0x7942, 0x7942, 0x7942,
    0x4AAA, 0x9D55, 0xBE17, 0xCE99, 0xD6FB, 0xDEBA, 0xDE18, 0xE699,
    0xE6FA, 0xE71B, 0xE6BA, 0xE6D9, 0xEF5C, 0xEF3C, 0xE6D9, 0xE6FA,
    0xE6D9, 0xE6B9, 0xE6D9, 0xE698, 0xDE77, 0xDE98, 0xD677, 0xD657,
    0xCE16, 0xCDB3, 0xCDB4, 0xCDD4, 0xCDB3, 0xC531, 0xBC4E, 0xBC4E,
    0xBC6E, 0xBC6E, 0xBCCF, 0xBCAF, 0xB48E, 0xB44D, 0xB42D, 0xB42D,
    0xAB6A, 0xAB8A, 0xABCB, 0xA36A, 0xA329, 0x9AA7, 0x9A86, 0x9266,
    0x9246, 0x9246, 0x8A25, 0x89C4, 0x81C4, 0x81A4, 0x7983, 0x7963,
    0x7942, 0x7942, 0x7942, 0x7942, 0x7942, 0x7942, 0x7942, 0x7942,
    0x4A69, 0x9D14, 0xBE17, 0xC617, 0xD658, 0xDEDA, 0xDEFA, 0xDED9,
    0xE73B, 0xE75C, 0xE6FA, 0xE71B, 0xEF3C, 0xE6D9, 0xE71A, 0xE6FA,
    0xE6D9, 0xDE97, 0xDE77, 0xDE78, 0xE6D9, 0xE6D9, 0xDE77, 0xD656,
    0xD657, 0xD636, 0xD615, 0xCD72, 0xC4F0, 0xCD73, 0xC552, 0xC511,
    0xC510, 0xBC8E, 0xBC6E, 0xBC8E, 0xBC8E, 0xB46E, 0xB44D, 0xB40C,
    0xABEC, 0xAB28, 0xAB69, 0xA36A, 0xA329, 0x9B08, 0x9AE8, 0x92A7,
    0x9266, 0x8A05, 0x89E5, 0x89E5, 0x81C4, 0x81C4, 0x8183, 0x7963,
    0x7942, 0x7942, 0x7942, 0x7942, 0x7942, 0x7942, 0x7942, 0x7942,
    0x3A29, 0x9D95, 0xBE18, 0xC637, 0xD6DA, 0xDF1B, 0xDF1A, 0xE77C,
    0xE77D, 0xE75C, 0xEFBE, 0xEF7D, 0xE6B8, 0xF77C, 0xEF5C, 0xE698,
    0xE657, 0xDE56, 0xDE57, 0xDE78, 0xDE98, 0xDE98, 0xDED9, 0xDED8,
    0xDE97, 0xD636, 0xCD93, 0xCD93, 0xD5F4, 0xC552, 0xC572, 0xCDB3,
    0xC531, 0xC551, 0xBCF0, 0xBC8E, 0xBC4D, 0xB42D, 0xB40C, 0xB40C,
    0xABEC, 0xABCB, 0xAB49, 0xA349, 0xA329, 0x9B08, 0x9AE8, 0x92C8,
    0x92A7, 0x9266, 0x8A25, 0x89E4, 0x81C4, 0x81A4, 0x81A3, 0x7963,
    0x7962, 0x7942, 0x7942, 0x7942, 0x7942, 0x7942, 0x7942, 0x7942,
    0x4228, 0x9514, 0xB658, 0xC699, 0xD6DA, 0xDF1B, 0xDF5C, 0xDF1B,
    0xDF3B, 0xE77C, 0xE77D, 0xE75B, 0xEF1B, 0xEF5C, 0xE6D9, 0xE678,
    0xE6D9, 0xEEF9, 0xE6D9, 0xDEB9, 0xDED9, 0xDED9, 0xDEB8, 0xDE57,
    0xDE56, 0xD593, 0xCD52, 0xCDB3, 0xCD72, 0xCD72, 0xC4D0, 0xC531,
    0xC551, 0xC510, 0xC4F0, 0xBCCF, 0xBCAE, 0xBC6E, 0xB42C, 0xB3EC,
    0xAB8B, 0xAB6A, 0xAB29, 0xA2E8, 0xA2C8, 0x9AA7, 0x9AA7, 0x92A7,
    0x9266, 0x9246, 0x8A25, 0x8A05, 0x81E4, 0x8183, 0x8183, 0x7963,
    0x7963, 0x7942, 0x7942, 0x7942, 0x7942, 0x7942, 0x7942, 0x7942,
    0x31E7, 0x9534, 0xBE17, 0xC679, 0xD6DA, 0xD6FA, 0xDF1A, 0xDEFA,
    0xDEFA, 0xDF1B, 0xE73C, 0xE678, 0xE6B9, 0xE6DA, 0xE699, 0xE71B,
    0xE6FA, 0xE6FA, 0xE6D9, 0xDE98, 0xDE78, 0xDE98, 0xDEB8, 0xDEB8,
    0xDE98, 0xDEB7, 0xD5F5, 0xD5B4, 0xCD73, 0xCD52, 0xCCF0, 0xC510,
    0xC4AF, 0xBCAF, 0xBCF0, 0xBCCF, 0xBCAF, 0xBC8E, 0xB44D, 0xB42D,
    0xABEC, 0xABAB, 0xAB49, 0xA287, 0xA287, 0x9A87, 0x9A86, 0x92A7,
    0x9266, 0x8A45, 0x8A05, 0x89E4, 0x81C4, 0x81C4, 0x8183, 0x7963,
    0x7942, 0x7942, 0x7942, 0x7942, 0x7942, 0x7942, 0x7942, 0x7942,
    0x3A07, 0x9514, 0xBE37, 0xC678, 0xDEDA, 0xDEFB, 0xDEDA, 0xE71B,
    0xE73C, 0xEF3C, 0xEF3C, 0xE6DA, 0xE6DA, 0xE6B9, 0xE6DA, 0xE6BA,
    0xE6FA, 0xDE98, 0xE6D9, 0xE71A, 0xDED9, 0xDEF9, 0xDEB9, 0xDEB8,
    0xDEB8, 0xD615, 0xCDB4, 0xD636, 0xCDF4, 0xCDD3, 0xCDD3, 0xC531,
    0xC4CF, 0xC4CF, 0xBC8E, 0xBC4D, 0xBC0C, 0xBC0C, 0xB3EC, 0xB3EC,
    0xABAB, 0xABAB, 0xABAA, 0xA2E8, 0xA2A7, 0x9AE8, 0x9A66, 0x9266,
    0x9266, 0x9246, 0x8A25, 0x8A05, 0x81E4, 0x81C4, 0x81A3, 0x7983,
    0x7942, 0x7942, 0x7942, 0x7942, 0x7942, 0x7942, 0x7942, 0x7942,
    0x4248, 0xA555, 0xB5B6, 0xBDD6, 0xD678, 0xD6B8, 0xDED9, 0xE71B,
    0xEF5C, 0xE73B, 0xE6FA, 0xE71B, 0xE6DA, 0xE75C, 0xE71B, 0xE71B,
    0xE71B, 0xDE98, 0xE71B, 0xDF1A, 0xDED9, 0xDEB8, 0xD677, 0xDED9,
    0xE6D8, 0xD676, 0xD5F5, 0xD615, 0xD5F5, 0xD5F4, 0xCDB3, 0xCDB3,
    0xC551, 0xC4AF, 0xBCAF, 0xBCAE, 0xBC8E, 0xBC6E, 0xB3EB, 0xB3CB,
    0xB3CB, 0xAB6A, 0xAB49, 0xA329, 0xA2A7, 0x9A86, 0x9A66, 0x9246,
    0x9225, 0x89E4, 0x89C4, 0x89E4, 0x81C4, 0x81A4, 0x8183, 0x7963,
    0x7962, 0x7942, 0x7942, 0x7942, 0x7942, 0x7942, 0x7942, 0x7942,
    0x4207, 0x9CD2, 0xB574, 0xBDD5, 0xCE37, 0xD617, 0xDE58, 0xE6FA,
    0xEF3B, 0xE6FA, 0xEF3B, 0xE73B, 0xE73B, 0xE73B, 0xE6FA, 0xE71B,
    0xDED9, 0xE71B, 0xE71A, 0xE6FA, 0xE71A, 0xE73A, 0xE719, 0xDEF9,
    0xDED8, 0xDED8, 0xDE56, 0xD5D4, 0xCD93, 0xD5F4, 0xCDD4, 0xCD72,
    0xC552, 0xC571, 0xC572, 0xC531, 0xBD10, 0xBCCF, 0xBCAF, 0xB44D,
    0xB40C, 0xAC0C, 0xABCB, 0xAB8A, 0xA349, 0x9B08, 0x9AE8, 0x9287,
    0x9266, 0x9225, 0x89E4, 0x81A4, 0x81A4, 0x81A3, 0x8183, 0x7963,
    0x7942, 0x7942, 0x7942, 0x7942, 0x7942, 0x7942, 0x7942, 0x7942,
    0x4248, 0xA555, 0xBDB6, 0xC595, 0xD637, 0xDE78, 0xE6B9, 0xEF1B,
    0xEF1B, 0xEF5C, 0xEF7D, 0xEF7D, 0xE77C, 0xE75B, 0xEF7D, 0xE75C,
    0xE75B, 0xE73B, 0xEF3B, 0xE71A, 0xE75B, 0xE75B, 0xE73A, 0xE71A,
    0xE6F9, 0xE6D8, 0xDE97, 0xD636, 0xD593, 0xD5D4, 0xCD52, 0xC4AF,
    0xCD72, 0xC552, 0xC510, 0xC4F0, 0xBCCF, 0xBC8E, 0xB46D, 0xB42C,
    0xABCB, 0xAB6A, 0xAB8A, 0xA349, 0xA308, 0x9AC7, 0x9AA7, 0x9A87,
    0x9266, 0x9245, 0x8A25, 0x8A05, 0x81C4, 0x81A4, 0x8183, 0x7963,
    0x7942, 0x7942, 0x7942, 0x7942, 0x7942, 0x7942, 0x7942, 0x7942,
    0x4249, 0xAD76, 0xC5D6, 0xC5D5, 0xD637, 0xDE57, 0xE6D9, 0xE6FB,
    0xEF3B, 0xEF5B, 0xEF1B, 0xEF5B, 0xEF7C, 0xEF7C, 0xE77C, 0xE75C,
    0xEF7C, 0xE6FA, 0xE73B, 0xE71A, 0xE6F9, 0xE75B, 0xE73A, 0xE6F9,
    0xE6F9, 0xDED8, 0xDE97, 0xDE56, 0xD5D4, 0xCD72, 0xCD52, 0xCD72,
    0xCD51, 0xC531, 0xC531, 0xC510, 0xBCEF, 0xBCCF, 0xBC8E, 0xB44D,
    0xB42C, 0xB3EC, 0xABAB, 0xA36A, 0xA349, 0xA308, 0x9AE8, 0x9AC7,
    0x92A7, 0x9266, 0x8A46, 0x8A05, 0x81E4, 0x81C4, 0x81A3, 0x7983,
    0x7963, 0x7942, 0x7942, 0x7942, 0x7942, 0x7942, 0x7942, 0x7942,
    0x4249, 0xAD75, 0xBDB6, 0xC574, 0xD678, 0xDEBA, 0xE6FA, 0xF77C,
    0xF77C, 0xEF3B, 0xF77C, 0xEF7C, 0xEF7C, 0xEF7B, 0xEF7C, 0xEF7C,
    0xE75C, 0xE75B, 0xE71A, 0xE6F9, 0xE6D9, 0xE6D8, 0xE6B8, 0xE6B8,
    0xE6D8, 0xE6B8, 0xE677, 0xDE36, 0xDE56, 0xDE56, 0xD5F4, 0xD5F4,
    0xCDD3, 0xCD72, 0xC551, 0xC510, 0xC4F0, 0xBCAF, 0xBC8E, 0xB44D,
    0xB42D, 0xAC0C, 0xABCB, 0xABAA, 0xA36A, 0xA329, 0x9AE8, 0x9AC8,
    0x9287, 0x9266, 0x8A46, 0x8A05, 0x81E4, 0x81C4, 0x81A3, 0x7983,
    0x7962, 0x7942, 0x7942, 0x7942, 0x7942, 0x7942, 0x7942, 0x7942,
    0x5269, 0xA514, 0xC617, 0xCE37, 0xDEB9, 0xE71B, 0xE73B, 0xEF3B,
    0xEF1B, 0xEF3B, 0xEF5B, 0xE73B, 0xEF7C, 0xEF7C, 0xE77B, 0xE75B,
    0xEF9D, 0xE77C, 0xE71A, 0xE73A, 0xE6F9, 0xDE77, 0xE698, 0xE677,
    0xE697, 0xDE77, 0xDE56, 0xDE56, 0xDE55, 0xD614, 0xD615, 0xD5F4,
    0xCDB3, 0xCD72, 0xC510, 0xC510, 0xC4F0, 0xBCAE, 0xBC8E, 0xBC6D,
    0xB42D, 0xB40C, 0xABCB, 0xABAA, 0xA36A, 0x9B28, 0x9AE8, 0x9AC7,
    0x92A7, 0x9266, 0x8A46, 0x8A05, 0x81E4, 0x81C4, 0x81A3, 0x7983,
    0x7962, 0x7942, 0x7942, 0x7942, 0x7942, 0x7942, 0x7942, 0x7942,
    0x528A, 0xB5B6, 0xCEB9, 0xDEFB, 0xE6FB, 0xE73B, 0xEF7D, 0xEF7C,
    0xE71B, 0xE71B, 0xE73B, 0xE71B, 0xE77C, 0xEFBD, 0xEF9C, 0xEF9D,
    0xE75B, 0xE73A, 0xEF7B, 0xE73A, 0xE6FA, 0xE6F9, 0xEF1A, 0xE73A,
    0xE6F9, 0xE6D8, 0xE6B8, 0xE696, 0xE676, 0xD656, 0xD614, 0xD5F3,
    0xD5D3, 0xCD91, 0xCD30, 0xC530, 0xC510, 0xBCCF, 0xBCAE, 0xB46D,
    0xB42C, 0xAC0C, 0xABCB, 0xABAA, 0xA349, 0xA328, 0x9B08, 0x9AC8,
    0x92A7, 0x9266, 0x8A45, 0x8A05, 0x81C4, 0x81C4, 0x81A3, 0x7963,
    0x7962, 0x7942, 0x7942, 0x7942, 0x7942, 0x7942, 0x7942, 0x7942,
    0x52AA, 0xB617, 0xD6BA, 0xE75C, 0xE75C, 0xEF5C, 0xEF7D, 0xEF3C,
    0xE71B, 0xEF7C, 0xE77C, 0xE75B, 0xE73B, 0xEF7C, 0xEF7C, 0xE77C,
    0xE75B, 0xE75B, 0xEF5B, 0xEF1A, 0xEF5B, 0xE75A, 0xE73A, 0xE719,
    0xE6F8, 0xE6D8, 0xE6B7, 0xE6B8, 0xDE97, 0xDE76, 0xDE35, 0xDE14,
    0xD5D4, 0xD5B3, 0xCD91, 0xC531, 0xC510, 0xBCAF, 0xB44D, 0xB42C,
    0xB3EB, 0xABAA, 0xAB69, 0xA328, 0xA349, 0xA329, 0x9AE8, 0x92C7,
    0x9286, 0x9266, 0x8A45, 0x8A05, 0x81E4, 0x81C4, 0x81A3, 0x7983,
    0x7962, 0x7942, 0x7942, 0x7942, 0x7942, 0x7942, 0x7942, 0x7942,
    0x5B0C, 0xBE58, 0xDF3B, 0xE77C, 0xEFBD, 0xEFBE, 0xEFBE, 0xEF7D,
    0xEF3C, 0xEF7C, 0xEF9C, 0xEF9C, 0xEF7C, 0xEF9D, 0xEF7C, 0xE73B,
    0xEF5C, 0xE73B, 0xE71A, 0xEF5B, 0xEF5A, 0xEF5A, 0xE739, 0xE6D8,
    0xE6F8, 0xE6D7, 0xE6B7, 0xE6B7, 0xDE76, 0xDE76, 0xDE36, 0xDE15,
    0xD5F4, 0xD593, 0xCD72, 0xC551, 0xC4F0, 0xC4AF, 0xBC6E, 0xB42D,
    0xB3EB, 0xAB8A, 0xAB69, 0xA36A, 0xA349, 0x9B08, 0x9AE8, 0x9AA7,
    0x92A7, 0x9266, 0x8A46, 0x8A25, 0x81E4, 0x81C4, 0x81A3, 0x7963,
    0x7942, 0x7942, 0x7942, 0x7942, 0x7942, 0x7942, 0x7942, 0x7942,
    0x636D, 0xC679, 0xE77D, 0xE77D, 0xEFBE, 0xF7DE, 0xF7BE, 0xEF7D,
    0xEF7D, 0xEF7C, 0xEF9D, 0xEF9D, 0xEF9D, 0xEF9C, 0xEF7C, 0xEF7C,
    0xEF5B, 0xEF5B, 0xEF9C, 0xEF9C, 0xE77B, 0xEF7B, 0xEF3A, 0xE718,
    0xE719, 0xE6F8, 0xE6D8, 0xE6B8, 0xE697, 0xE676, 0xDE35, 0xDE14,
    0xD5D3, 0xCDB3, 0xD572, 0xCD51, 0xC510, 0xC4F0, 0xBCAE, 0xBC6D,
    0xB44D, 0xB40C, 0xABAA, 0xAB8A, 0xA369, 0xA329, 0x9B08, 0x9AE8,
    0x92A7, 0x9266, 0x8A45, 0x8A05, 0x81E4, 0x81C4, 0x81A3, 0x7963,
    0x7942, 0x7942, 0x7942, 0x7942, 0x7942, 0x7942, 0x7942, 0x7942,
    0x6BAD, 0xCF1B, 0xE75D, 0xE7DE, 0xEFFF, 0xF7FF, 0xF7DF, 0xEF3C,
    0xEF5D, 0xEF7D, 0xEF7D, 0xEF7C, 0xEF7D, 0xE77C, 0xE77C, 0xEF7C,
    0xEF7B, 0xE79C, 0xEF7B, 0xEF7B, 0xE73A, 0xE75A, 0xE75A, 0xEF19,
    0xE719, 0xE6F8, 0xDE96, 0xE697, 0xDE76, 0xDE35, 0xDE35, 0xD615,
    0xD5D4, 0xD5B3, 0xCD92, 0xCD51, 0xC510, 0xC4CE, 0xBC8E, 0xBC8E,
    0xB44D, 0xB3EC, 0xABAB, 0xABAA, 0xA38A, 0xA349, 0x9B08, 0x9AE8,
    0x92A7, 0x9286, 0x8A46, 0x8A25, 0x81E4, 0x81C4, 0x81A3, 0x7983,
    0x7962, 0x7942, 0x7942, 0x7942, 0x7942, 0x7942, 0x7942, 0x7942,
    0x638D, 0xC6DA, 0xDF7D, 0xE7DE, 0xEFFF, 0xEFDF, 0xF7FF, 0xEF7D,
    0xE6FB, 0xEF3C, 0xE73C, 0xE71B, 0xE73C, 0xE73B, 0xE75B, 0xEF7C,
    0xE77B, 0xEF7C, 0xEF9C, 0xE77C, 0xE77B, 0xEF7A, 0xE75A, 0xE73A,
    0xE73A, 0xE6F8, 0xE6B7, 0xE696, 0xDE75, 0xDE55, 0xDE35, 0xD5F3,
    0xD5D3, 0xD592, 0xCD51, 0xC530, 0xC4EF, 0xC4CF, 0xBC8E, 0xBC6D,
    0xB40C, 0xB3EB, 0xABEB, 0xABAB, 0xA36A, 0xA329, 0x9B08, 0x9AE8,
    0x92A7, 0x9266, 0x8A46, 0x8A05, 0x81E4, 0x81C4, 0x81A3, 0x7983,
    0x7962, 0x7942, 0x7942, 0x7942, 0x7942, 0x7942, 0x7942, 0x7942,
    0x5B6D, 0xBEBA, 0xE77E, 0xE79E, 0xEFDE, 0xEFDE, 0xEF9E, 0xEFBE,
    0xEF5D, 0xDE9A, 0xE6BA, 0xE6DA, 0xE71B, 0xE73B, 0xE71B, 0xE75B,
    0xE75B, 0xEF7B, 0xE75B, 0xE75B, 0xEF5A, 0xEF3A, 0xEF19, 0xE719,
    0xE6F8, 0xE6B7, 0xE697, 0xDE76, 0xDE76, 0xDE76, 0xDE35, 0xD614,
    0xD5D3, 0xCD50, 0xCD30, 0xCD10, 0xC4EF, 0xC4CF, 0xBC4D, 0xB40C,
    0xB42C, 0xB40C, 0xABCB, 0xABAB, 0xA36A, 0xA329, 0x9B08, 0x9AC8,
    0x92A7, 0x9286, 0x8A46, 0x8A05, 0x81E4, 0x81C4, 0x81A3, 0x7983,
    0x7962, 0x7942, 0x7942, 0x7942, 0x7942, 0x7942, 0x7942, 0x7942,
    0x636D, 0xC6BA, 0xDFDE, 0xE7DF, 0xEFDF, 0xEFDE, 0xEF9E, 0xEF3D,
    0xE71C, 0xE73C, 0xE6FB, 0xE6BA, 0xE6BA, 0xE6FB, 0xE6FA, 0xE73B,
    0xE75B, 0xE71A, 0xE75A, 0xE75A, 0xE75A, 0xE719, 0xE719, 0xE6F8,
    0xE6F8, 0xE697, 0xE697, 0xDEB7, 0xDE76, 0xDE55, 0xD634, 0xD614,
    0xD5B2, 0xD591, 0xCD71, 0xCD51, 0xC510, 0xC4CF, 0xBC8E, 0xBC6D,
    0xB40C, 0xABEB, 0xABAB, 0xAB6A, 0xA349, 0xA329, 0x9AE8, 0x9AC7,
    0x9287, 0x9266, 0x8A25, 0x89E4, 0x81C4, 0x81A3, 0x8183, 0x7963,
    0x7942, 0x7942, 0x7942, 0x7942, 0x7942, 0x7942, 0x7942, 0x7942,
    0x5B6D, 0xC6DA, 0xE77D, 0xE7BE, 0xEFDF, 0xEFBE, 0xEF9E, 0xEF7D,
    0xEF3D, 0xE73C, 0xE6FC, 0xE6FB, 0xDEDA, 0xE6FA, 0xE71A, 0xE6FA,
    0xE6FA, 0xE6FA, 0xE75B, 0xE75B, 0xE75B, 0xE73A, 0xDF19, 0xDEB7,
    0xE6D8, 0xDEB8, 0xDEB7, 0xDE97, 0xDE56, 0xDE35, 0xD5F3, 0xD5B2,
    0xD593, 0xCD72, 0xCD51, 0xC510, 0xC4CF, 0xC4AF, 0xBC8E, 0xB46D,
    0xB42D, 0xB3EB, 0xABCB, 0xA38A, 0xA349, 0xA309, 0x9AE8, 0x9AA7,
    0x9266, 0x9246, 0x8A05, 0x89C4, 0x81C4, 0x8183, 0x7983, 0x7983,
    0x7963, 0x7942, 0x7942, 0x7942, 0x7942, 0x7942, 0x7942, 0x7942,
    0x5B0B, 0xBE59, 0xD75D, 0xE79E, 0xE7BE, 0xEFBE, 0xE77D, 0xE75D,
    0xE73C, 0xE6FC, 0xE69A, 0xE69A, 0xE6BA, 0xE6BA, 0xDEBA, 0xDED9,
    0xDEFA, 0xE6FA, 0xE6FA, 0xE71A, 0xE71A, 0xE71A, 0xE6B8, 0xDE56,
    0xDE56, 0xDE56, 0xDE56, 0xDE56, 0xD615, 0xD614, 0xD5F4, 0xD5D3,
    0xD5B2, 0xCD72, 0xCD30, 0xC4EF, 0xC4AE, 0xBCAE, 0xBC6D, 0xB44D,
    0xB40C, 0xABCB, 0xABAB, 0xA36A, 0xA349, 0x9B08, 0x9AE8, 0x92A7,
    0x9286, 0x8A46, 0x8A05, 0x8A05, 0x81E4, 0x81C4, 0x81A3, 0x7983,
    0x7963, 0x7942, 0x7942, 0x7942, 0x7942, 0x7942, 0x7942, 0x7942,
    0x5B0C, 0xB67A, 0xD75D, 0xDF3D, 0xE77E, 0xE77D, 0xE73C, 0xE71C,
    0xE6FB, 0xDEDB, 0xE6FC, 0xE6DB, 0xE6DB, 0xE6FB, 0xE6FB, 0xDEFB,
    0xE6FA, 0xE6FA, 0xE6FA, 0xDEB9, 0xDE98, 0xDEB8, 0xDEB8, 0xDED8,
    0xDEB7, 0xDE77, 0xDE96, 0xDE97, 0xD676, 0xD635, 0xD614, 0xD5F3,
    0xCDB3, 0xCD72, 0xCD51, 0xC530, 0xC4F0, 0xBCAF, 0xBC6E, 0xB46D,
    0xB42D, 0xABEC, 0xABAB, 0xA36A, 0xA349, 0x9B09, 0x9AC7, 0x92A7,
    0x9286, 0x8A45, 0x8A25, 0x8A05, 0x81E4, 0x81C4, 0x8183, 0x7983,
    0x7963, 0x7942, 0x7942, 0x7942, 0x7942, 0x7942, 0x7942, 0x7942,
    0x52CA, 0xADD7, 0xD75D, 0xDF1D, 0xDF5D, 0xE73D, 0xE71C, 0xDEDB,
    0xDEFC, 0xDEDC, 0xE6DC, 0xDEDB, 0xE6FC, 0xE71C, 0xE73C, 0xEF5D,
    0xEF7D, 0xEF5C, 0xEF3C, 0xEF3B, 0xEF3B, 0xE6FA, 0xDEB8, 0xDE78,
    0xDE78, 0xDE77, 0xDE77, 0xD656, 0xD615, 0xD5F4, 0xD5B3, 0xCD93,
    0xCD72, 0xC531, 0xC510, 0xC4CF, 0xBCAF, 0xBC8E, 0xB44D, 0xB42C,
    0xABEC, 0xABCB, 0xA3AA, 0xA36A, 0xA349, 0x9B29, 0x9AC7, 0x92A7,
    0x9266, 0x8A45, 0x8A25, 0x8A05, 0x81E4, 0x81C4, 0x8183, 0x7963,
    0x7963, 0x7942, 0x7942, 0x7942, 0x7942, 0x7942, 0x7942, 0x7942,
    0x4AAA, 0xA5B7, 0xD6DB, 0xDEFC, 0xDF1C, 0xDF1C, 0xDEFC, 0xD6BB,
    0xDEBB, 0xE71C, 0xE6FC, 0xE71C, 0xE75D, 0xEF7D, 0xEF7D, 0xEF5C,
    0xEF7D, 0xEF7D, 0xEF7C, 0xEF3C, 0xEF3B, 0xEF1B, 0xEEFA, 0xE6B8,
    0xE698, 0xDE77, 0xDE56, 0xDE35, 0xDE15, 0xD5D4, 0xD593, 0xCD72,
    0xCD51, 0xC510, 0xC4CF, 0xC4CF, 0xBCAE, 0xBC6E, 0xB42C, 0xB3EB,
    0xAB8A, 0xAB49, 0xA349, 0xA309, 0x9AE8, 0x9B08, 0x9AC7, 0x9286,
    0x9246, 0x8A45, 0x8A05, 0x81E4, 0x81C4, 0x81A3, 0x8183, 0x7963,
    0x7962, 0x7942, 0x7942, 0x7942, 0x7942, 0x7942, 0x7942, 0x7942,
    0x4A8A, 0xA596, 0xC69A, 0xD6BB, 0xDEFC, 0xDEDB, 0xDEBB, 0xDEFC,
    0xDF1D, 0xE73D, 0xE73D, 0xE73D, 0xEF5D, 0xEF3C, 0xEF3C, 0xEF5C,
    0xEF7D, 0xEF5C, 0xEF5C, 0xEF3B, 0xEF3B, 0xEF3B, 0xEEFA, 0xE6D9,
    0xE6B8, 0xE698, 0xE697, 0xDE36, 0xD5F4, 0xD5D4, 0xD5B3, 0xD572,
    0xCD51, 0xCD10, 0xC4CF, 0xC4CF, 0xBC8E, 0xBC6D, 0xB44D, 0xB42C,
    0xABEC, 0xABCB, 0xA38A, 0xA369, 0x9B29, 0x9B08, 0x92C7, 0x9286,
    0x9246, 0x8A25, 0x8A04, 0x81E4, 0x81C4, 0x81A3, 0x7983, 0x7963,
    0x7942, 0x7942, 0x7942, 0x7942, 0x7942, 0x7942, 0x7942, 0x7942,
    0x4A6A, 0xA576, 0xBEDA, 0xD6DB, 0xDEFC, 0xDEFB, 0xDEDC, 0xE71C,
    0xE73D, 0xE75D, 0xEF5D, 0xEF7D, 0xEF7D, 0xEF9E, 0xF79D, 0xF77D,
    0xF79D, 0xF77D, 0xF77C, 0xF77C, 0xEF3B, 0xEF3B, 0xEF1A, 0xE6D9,
    0xE698, 0xE636, 0xE636, 0xDE15, 0xDDF4, 0xD5B3, 0xD5B3, 0xD592,
    0xCD51, 0xCD31, 0xC510, 0xC4EF, 0xBCAF, 0xBC6E, 0xB44D, 0xB42C,
    0xABEC, 0xABCB, 0xA38B, 0xA36A, 0x9B49, 0x9AE8, 0x9AC7, 0x92A7,
    0x9266, 0x8A45, 0x8A05, 0x81E4, 0x81C4, 0x81A3, 0x7983, 0x7963,
    0x7942, 0x7942, 0x7942, 0x7942, 0x7942, 0x7942, 0x7942, 0x7942,
    0x4A8A, 0xA556, 0xC6BB, 0xDEFB, 0xE71C, 0xE71C, 0xDF1C, 0xE73D,
    0xE71D, 0xEF5D, 0xF79E, 0xEF9E, 0xEF7E, 0xEF9E, 0xF79E, 0xF79E,
    0xF79D, 0xF79D, 0xF77C, 0xF75C, 0xF73B, 0xEF1A, 0xEEF9, 0xEEB8,
    0xEE97, 0xE697, 0xE676, 0xE676, 0xDE55, 0xDE15, 0xD5F4, 0xD5B3,
    0xCD71, 0xCD30, 0xC4F0, 0xC4CF, 0xC4AE, 0xBC8E, 0xB44D, 0xB40C,
    0xABCB, 0xABAA, 0xAB6A, 0xA349, 0xA329, 0x9AE8, 0x9AA7, 0x9287,
    0x9266, 0x8A25, 0x8A05, 0x81E4, 0x81C4, 0x81A3, 0x8183, 0x7963,
    0x7962, 0x7942, 0x7942, 0x7942, 0x7942, 0x7942, 0x7942, 0x7942,
    0x4269, 0x9D56, 0xCEBC, 0xDEFB, 0xE73C, 0xE71D, 0xE73D, 0xDF3D,
    0xE75E, 0xEF7E, 0xEF7E, 0xF79E, 0xF7BF, 0xF77E, 0xF79E, 0xF79E,
    0xF77D, 0xF79D, 0xF79D, 0xF73B, 0xEF1A, 0xEF1A, 0xEEF9, 0xEED9,
    0xEED9, 0xE6D8, 0xE6B7, 0xE676, 0xDE56, 0xDE35, 0xD5F4, 0xD5D3,
    0xD5B2, 0xCD72, 0xCD51, 0xC510, 0xC4CF, 0xBC8E, 0xBC6E, 0xB42D,
    0xB3EC, 0xABCB, 0xAB8A, 0xA349, 0x9B08, 0x9AE8, 0x9AA7, 0x9286,
    0x9266, 0x8A46, 0x8A25, 0x89E4, 0x81C4, 0x81A3, 0x8183, 0x7963,
    0x7962, 0x7942, 0x7942, 0x7942, 0x7942, 0x7942, 0x7942, 0x7942,
    0x4269, 0x94F4, 0xC639, 0xD6DB, 0xE71C, 0xDEFC, 0xDF1D, 0xE73D,
    0xE75E, 0xEF5D, 0xEF5D, 0xEF3D, 0xEF3D, 0xEF5D, 0xF75D, 0xF79D,
    0xF7BD, 0xF79D, 0xF77C, 0xF77C, 0xF77C, 0xF75B, 0xEF5B, 0xEF3B,
    0xEF1A, 0xE6D9, 0xE6B8, 0xE697, 0xE676, 0xDE36, 0xD615, 0xD5F4,
    0xD5B3, 0xCD72, 0xCD51, 0xC510, 0xC4CF, 0xBCAF, 0xBC6E, 0xB44D,
    0xB40C, 0xABCB, 0xA38A, 0xA36A, 0xA329, 0x9AE8, 0x9AA7, 0x9266,
    0x9266, 0x8A25, 0x8A05, 0x89E4, 0x81C4, 0x81A3, 0x7983, 0x7963,
    0x7962, 0x7942, 0x7942, 0x7942, 0x7942, 0x7942, 0x7942, 0x7942,
    0x4228, 0x9CD4, 0xBE19, 0xCE5A, 0xDEDA, 0xDEDB, 0xDEDB, 0xE71C,
    0xE6FC, 0xE73D, 0xEF7E, 0xEF7D, 0xF79E, 0xF79D, 0xF77D, 0xF73B,
    0xF73B, 0xF75B, 0xF75B, 0xF75A, 0xEF3A, 0xEF3A, 0xEEF9, 0xEEF8,
    0xEED8, 0xE6B8, 0xE6D8, 0xE697, 0xDE76, 0xDE35, 0xDE14, 0xD5F3,
    0xD5B3, 0xCD91, 0xCD51, 0xC510, 0xC4F0, 0xBCAF, 0xBC8E, 0xBC4D,
    0xB40C, 0xABEC, 0xABCB, 0xA38A, 0xA349, 0x9B29, 0x9AE8, 0x92C7,
    0x9286, 0x8A46, 0x8A25, 0x8A05, 0x81E4, 0x81C4, 0x7983, 0x7963,
    0x7962, 0x7942, 0x7942, 0x7942, 0x7942, 0x7942, 0x7942, 0x7942,
    0x4209, 0x8C92, 0xB5F8, 0xCE9B, 0xD71D, 0xD71C, 0xDF1C, 0xEF7E,
    0xEF7E, 0xEF7E, 0xF7BE, 0xF7BE, 0xF7BE, 0xF79E, 0xFFBE, 0xF7DE,
    0xF7BE, 0xF79D, 0xF77C, 0xF77C, 0xF75B, 0xEF1A, 0xEEF9, 0xEEF9,
    0xEED9, 0xE656, 0xDE13, 0xE655, 0xDE34, 0xDE14, 0xDDF4, 0xD5D3,
    0xD592, 0xCD72, 0xCD51, 0xC510, 0xC4F0, 0xBCAE, 0xBC8D, 0xBC4D,
    0xB42C, 0xABEC, 0xABCB, 0xA38A, 0xA36A, 0x9B29, 0x9AE8, 0x92C7,
    0x9287, 0x8A66, 0x8A25, 0x8A05, 0x81E4, 0x81A4, 0x8183, 0x7963,
    0x7962, 0x7942, 0x7942, 0x7942, 0x7942, 0x7942, 0x7942, 0x7942,
    0x426A, 0x8CF4, 0xADB7, 0xC619, 0xD71D, 0xDF7E, 0xE77E, 0xE73D,
    0xE73D, 0xEF7D, 0xEF9E, 0xEF7E, 0xF79E, 0xF7BE, 0xF79D, 0xF7BE,
    0xFFBE, 0xF7BD, 0xF79D, 0xF79C, 0xF77B, 0xF75B, 0xEF3B, 0xEF1A,
    0xEEF9, 0xEEF8, 0xE6B7, 0xE655, 0xE676, 0xDE55, 0xD614, 0xD5F3,
    0xD5D3, 0xCD72, 0xCD51, 0xC510, 0xC4F0, 0xBCAF, 0xBC6E, 0xB42D,
    0xB40B, 0xABEB, 0xABAB, 0xA36A, 0xA349, 0x9B29, 0x9AE8, 0x92C7,
    0x9287, 0x8A66, 0x8A25, 0x8A05, 0x81E4, 0x81A4, 0x7983, 0x7963,
    0x7942, 0x7942, 0x7942, 0x7942, 0x7942, 0x7942, 0x7942, 0x7942,
    0x4249, 0x8CB4, 0xADB8, 0xC65A, 0xD6FC, 0xDEFC, 0xDEFD, 0xE71D,
    0xEF7E, 0xEF9E, 0xEF3D, 0xEF9D, 0xF7DF, 0xF7BE, 0xF7DE, 0xFFDE,
    0xFFDE, 0xF7BD, 0xF7BD, 0xF7BD, 0xF79C, 0xF77B, 0xEF5B, 0xEF39,
    0xEF19, 0xEEF9, 0xE6B8, 0xE6B7, 0xE676, 0xDE76, 0xDE35, 0xD5F4,
    0xD5D3, 0xD5B3, 0xCD92, 0xCD51, 0xC510, 0xC4EF, 0xBCAE, 0xBC6E,
    0xB42C, 0xB40C, 0xABCB, 0xAB6A, 0xA349, 0x9B28, 0x9AE8, 0x92C7,
    0x9286, 0x8A46, 0x8A25, 0x8A05, 0x81E4, 0x81A4, 0x7983, 0x7963,
    0x7962, 0x7942, 0x7942, 0x7942, 0x7942, 0x7942, 0x7942, 0x7942,
    0x4229, 0x8473, 0xB598, 0xCEBC, 0xE77F, 0xDF3E, 0xE71D, 0xE6DB,
    0xE6FC, 0xEF9E, 0xF79E, 0xF7DF, 0xF7BF, 0xF7DF, 0xFFDF, 0xF7DE,
    0xFFBE, 0xFFBD, 0xF7BD, 0xF7BD, 0xF79C, 0xF77C, 0xF77B, 0xEF3A,
    0xEF19, 0xEEF9, 0xE6D8, 0xE6B7, 0xE696, 0xDE76, 0xDE35, 0xDE14,
    0xD5D3, 0xCD92, 0xCD72, 0xCD51, 0xC510, 0xC4CF, 0xBCAE, 0xBC6E,
    0xB44D, 0xB40C, 0xABEB, 0xABAB, 0xA36A, 0xA349, 0x9B08, 0x92C8,
    0x92A7, 0x8A66, 0x8A25, 0x8A05, 0x81C4, 0x81A4, 0x8183, 0x7963,
    0x7942, 0x7942, 0x7942, 0x7942, 0x7942, 0x7942, 0x7942, 0x7942,
  };

  const EyeDefinition eye PROGMEM = {
      "eagle_eye", 0.5, 0, 0, nullptr,
      { 0, 0.0, 0.35, 0.8 },
      { 0.5, { iris_texture, 256, 83 }, 65224, 0, 0, 0, 0 },
      { { sclera_texture, 128, 64 }, 65535, 0, 0, 0, 0 },
      { upper, lower, 0, 0.3, 0.0, true },
      { 240, nullptr, nullptr }
  };
}  // namespace
