#pragma once

#include <Arduino.h>
#include "eyes.h"

namespace eagle {

  // upper eyelid lookup table (466 columns, 0-255 range)
  const uint8_t upper[932] PROGMEM = {
    95, 130, 91, 129, 89, 127, 87, 125, 85, 124, 83, 123, 82, 122, 80, 120,
    78, 119, 77, 118, 76, 118, 74, 117, 73, 116, 72, 115, 70, 114, 69, 113,
    68, 113, 67, 112, 66, 112, 64, 111, 63, 111, 62, 110, 61, 109, 60, 108,
    59, 108, 58, 108, 57, 107, 56, 107, 55, 106, 55, 106, 54, 106, 53, 105,
    52, 105, 51, 104, 50, 103, 49, 103, 48, 103, 48, 102, 47, 102, 46, 102,
    45, 101, 44, 101, 44, 100, 43, 100, 43, 100, 42, 99, 41, 99, 41, 99,
    40, 99, 39, 98, 38, 97, 38, 97, 37, 97, 37, 97, 36, 96, 36, 96,
    35, 96, 35, 95, 34, 95, 33, 95, 33, 95, 32, 94, 32, 94, 31, 94,
    31, 93, 30, 93, 30, 93, 29, 93, 29, 92, 28, 92, 27, 91, 27, 91,
    26, 91, 26, 91, 26, 90, 25, 90, 25, 90, 24, 90, 24, 90, 24, 90,
    23, 89, 22, 89, 22, 89, 22, 89, 21, 88, 21, 88, 20, 88, 20, 88,
    20, 88, 19, 87, 19, 87, 19, 87, 18, 87, 18, 87, 18, 86, 18, 86,
    17, 85, 17, 85, 16, 85, 16, 85, 16, 84, 15, 84, 15, 84, 15, 84,
    14, 84, 14, 84, 14, 83, 13, 83, 13, 83, 13, 83, 13, 83, 12, 82,
    12, 82, 12, 82, 12, 82, 11, 82, 11, 82, 10, 81, 10, 81, 10, 81,
    10, 80, 9, 80, 9, 80, 9, 80, 9, 80, 9, 80, 8, 79, 8, 79,
    8, 79, 8, 79, 8, 79, 7, 79, 7, 79, 7, 78, 7, 78, 6, 78,
    6, 78, 6, 78, 6, 78, 6, 78, 6, 78, 5, 77, 5, 77, 5, 77,
    4, 77, 4, 77, 4, 77, 4, 77, 4, 77, 4, 76, 3, 76, 3, 76,
    3, 76, 3, 76, 3, 76, 3, 76, 3, 76, 3, 76, 2, 76, 2, 75,
    2, 75, 2, 75, 2, 75, 2, 75, 2, 74, 2, 74, 2, 74, 1, 74,
    1, 74, 1, 74, 1, 74, 1, 74, 1, 74, 1, 74, 1, 74, 1, 74,
    1, 74, 1, 73, 0, 73, 0, 73, 0, 73, 0, 73, 0, 73, 0, 73,
    0, 73, 0, 73, 0, 73, 0, 73, 0, 73, 0, 73, 0, 73, 0, 73,
    0, 73, 0, 73, 0, 73, 0, 73, 0, 73, 0, 72, 0, 72, 0, 72,
    0, 72, 0, 72, 0, 72, 0, 72, 0, 72, 0, 72, 0, 72, 0, 72,
    0, 72, 0, 72, 0, 72, 0, 72, 0, 72, 0, 72, 0, 72, 0, 72,
    0, 72, 0, 72, 0, 72, 0, 72, 0, 72, 0, 72, 0, 72, 0, 72,
    0, 72, 0, 72, 0, 72, 0, 72, 0, 72, 0, 72, 0, 72, 0, 72,
    0, 72, 0, 72, 0, 72, 0, 72, 0, 72, 0, 72, 0, 72, 0, 72,
    0, 72, 0, 72, 0, 72, 0, 72, 0, 72, 0, 72, 0, 72, 0, 72,
    0, 72, 0, 72, 0, 72, 0, 72, 0, 72, 0, 72, 0, 72, 0, 72,
    0, 72, 0, 72, 0, 72, 0, 72, 0, 72, 0, 72, 0, 72, 0, 72,
    0, 72, 0, 72, 0, 72, 0, 72, 0, 72, 0, 73, 0, 73, 0, 73,
    0, 73, 0, 73, 0, 73, 0, 73, 0, 73, 0, 73, 0, 73, 0, 73,
    0, 73, 0, 73, 0, 73, 0, 73, 0, 73, 0, 73, 0, 73, 0, 73,
    0, 74, 0, 74, 1, 74, 1, 74, 1, 74, 1, 74, 1, 74, 1, 74,
    1, 74, 1, 74, 1, 74, 1, 74, 2, 74, 2, 74, 2, 75, 2, 75,
    2, 75, 2, 75, 2, 75, 2, 76, 2, 76, 3, 76, 3, 76, 3, 76,
    3, 76, 3, 76, 3, 76, 3, 76, 4, 76, 4, 77, 4, 77, 4, 77,
    4, 77, 4, 77, 5, 77, 5, 77, 5, 77, 6, 78, 6, 78, 6, 78,
    6, 78, 6, 78, 7, 78, 7, 78, 7, 78, 7, 79, 7, 79, 8, 79,
    8, 79, 8, 79, 8, 79, 8, 79, 9, 80, 9, 80, 9, 80, 9, 80,
    10, 80, 10, 80, 10, 81, 10, 81, 10, 81, 11, 82, 11, 82, 12, 82,
    12, 82, 12, 82, 13, 82, 13, 83, 13, 83, 13, 83, 14, 83, 14, 83,
    14, 84, 14, 84, 15, 84, 15, 84, 15, 84, 16, 84, 16, 85, 17, 85,
    17, 85, 18, 85, 18, 86, 18, 86, 18, 87, 19, 87, 19, 87, 19, 87,
    20, 87, 20, 88, 20, 88, 21, 88, 21, 88, 21, 88, 22, 89, 22, 89,
    22, 89, 23, 89, 24, 90, 24, 90, 24, 90, 25, 90, 25, 90, 26, 90,
    26, 91, 27, 91, 27, 91, 27, 91, 28, 92, 29, 92, 29, 93, 30, 93,
    31, 93, 31, 93, 31, 94, 32, 94, 32, 94, 33, 95, 33, 95, 34, 95,
    35, 95, 35, 96, 36, 96, 36, 96, 37, 97, 37, 97, 38, 97, 38, 97,
    39, 98, 40, 99, 41, 99, 41, 99, 42, 100, 42, 100, 43, 100, 44, 100,
    44, 101, 45, 101, 46, 102, 47, 102, 48, 102, 48, 103, 49, 103, 50, 103,
    51, 104, 52, 105, 53, 105, 54, 106, 55, 106, 55, 106, 56, 107, 57, 107,
    58, 108, 59, 108, 60, 108, 61, 109, 62, 110, 63, 111, 64, 111, 65, 112,
    66, 112, 68, 113, 69, 113, 70, 114, 72, 115, 73, 116, 74, 117, 76, 118,
    77, 118, 78, 119, 80, 120, 82, 122, 83, 123, 85, 124, 87, 125, 89, 127,
    91, 129, 95, 130,
  };

  // lower eyelid lookup table (466 columns, 0-255 range)
  const uint8_t lower[932] PROGMEM = {
    147, 124, 151, 122, 154, 120, 157, 119, 159, 118, 161, 117, 163, 116, 164, 115,
    166, 114, 168, 113, 170, 112, 171, 112, 173, 111, 174, 111, 176, 109, 177, 109,
    178, 109, 180, 108, 181, 108, 182, 107, 183, 107, 184, 106, 185, 106, 186, 105,
    187, 105, 188, 104, 189, 103, 190, 103, 191, 102, 192, 102, 193, 102, 194, 101,
    195, 101, 195, 100, 197, 100, 198, 100, 199, 99, 199, 99, 200, 98, 201, 98,
    201, 97, 203, 97, 203, 97, 204, 96, 205, 96, 205, 96, 206, 95, 207, 95,
    207, 95, 208, 94, 209, 94, 210, 94, 210, 93, 211, 93, 211, 93, 212, 93,
    213, 92, 213, 91, 214, 91, 215, 91, 215, 91, 216, 90, 216, 90, 217, 90,
    217, 90, 217, 90, 218, 89, 219, 89, 219, 89, 220, 88, 221, 88, 221, 88,
    222, 88, 222, 87, 223, 87, 223, 87, 224, 87, 224, 86, 224, 86, 225, 85,
    225, 85, 226, 85, 227, 85, 227, 85, 227, 84, 228, 84, 228, 84, 229, 84,
    229, 83, 229, 83, 230, 83, 230, 83, 231, 83, 231, 82, 232, 82, 232, 82,
    233, 82, 233, 82, 233, 81, 234, 81, 234, 80, 234, 80, 235, 80, 235, 80,
    235, 80, 235, 79, 236, 79, 236, 79, 236, 79, 237, 79, 238, 78, 238, 78,
    238, 78, 238, 78, 239, 78, 239, 78, 239, 77, 240, 77, 240, 77, 240, 77,
    240, 77, 241, 77, 241, 76, 241, 76, 242, 76, 242, 76, 242, 76, 242, 76,
    243, 76, 243, 75, 244, 75, 244, 75, 244, 74, 244, 74, 245, 74, 245, 74,
    245, 74, 245, 74, 246, 74, 246, 74, 246, 73, 246, 73, 246, 73, 247, 73,
    247, 73, 247, 73, 247, 73, 247, 73, 248, 72, 248, 72, 248, 72, 248, 72,
    248, 72, 249, 72, 249, 72, 249, 72, 250, 72, 250, 72, 250, 72, 250, 72,
    250, 71, 250, 71, 251, 71, 251, 71, 251, 71, 251, 71, 251, 71, 251, 71,
    252, 71, 252, 71, 252, 71, 252, 70, 252, 70, 252, 70, 252, 70, 253, 70,
    253, 70, 253, 70, 253, 70, 253, 70, 253, 70, 253, 70, 253, 70, 253, 69,
    254, 69, 254, 69, 254, 69, 254, 69, 254, 69, 254, 69, 254, 68, 254, 68,
    254, 68, 254, 68, 254, 68, 254, 68, 254, 68, 254, 68, 254, 68, 254, 68,
    254, 68, 254, 68, 254, 68, 254, 68, 254, 68, 254, 68, 254, 68, 254, 68,
    254, 68, 254, 68, 254, 68, 254, 68, 254, 68, 254, 68, 254, 68, 254, 68,
    254, 68, 254, 68, 254, 68, 254, 68, 254, 68, 254, 68, 254, 68, 254, 68,
    254, 68, 254, 68, 254, 68, 254, 68, 254, 68, 254, 68, 254, 68, 254, 68,
    254, 68, 254, 68, 254, 68, 254, 68, 254, 68, 254, 68, 254, 68, 254, 68,
    254, 68, 254, 68, 254, 68, 254, 68, 254, 68, 254, 68, 254, 68, 254, 68,
    254, 68, 254, 68, 254, 68, 254, 68, 254, 68, 254, 68, 254, 68, 254, 68,
    254, 68, 254, 68, 254, 68, 254, 68, 254, 68, 254, 68, 254, 68, 254, 68,
    254, 68, 254, 68, 254, 68, 254, 68, 254, 68, 254, 68, 254, 68, 254, 68,
    254, 68, 254, 68, 254, 68, 254, 68, 254, 68, 254, 69, 254, 69, 254, 69,
    254, 69, 254, 69, 253, 69, 253, 69, 253, 70, 253, 70, 253, 70, 253, 70,
    253, 70, 253, 70, 253, 70, 252, 70, 252, 70, 252, 70, 252, 70, 252, 70,
    252, 71, 252, 71, 251, 71, 251, 71, 251, 71, 251, 71, 251, 71, 251, 71,
    250, 71, 250, 71, 250, 72, 250, 72, 250, 72, 250, 72, 249, 72, 249, 72,
    249, 72, 248, 72, 248, 72, 248, 72, 248, 72, 248, 72, 247, 73, 247, 73,
    247, 73, 247, 73, 247, 73, 246, 73, 246, 73, 246, 73, 246, 74, 246, 74,
    245, 74, 245, 74, 245, 74, 245, 74, 244, 74, 244, 74, 244, 75, 244, 75,
    243, 75, 243, 76, 242, 76, 242, 76, 242, 76, 242, 76, 241, 76, 241, 76,
    241, 77, 240, 77, 240, 77, 240, 77, 240, 77, 239, 77, 239, 78, 239, 78,
    238, 78, 238, 78, 238, 78, 238, 79, 237, 79, 236, 79, 236, 79, 236, 79,
    235, 79, 235, 80, 235, 80, 235, 80, 234, 80, 234, 80, 234, 81, 233, 81,
    233, 82, 233, 82, 232, 82, 232, 82, 231, 82, 231, 83, 230, 83, 230, 83,
    229, 83, 229, 83, 229, 84, 228, 84, 228, 84, 228, 84, 227, 85, 227, 85,
    226, 85, 225, 85, 225, 86, 224, 86, 224, 86, 224, 87, 223, 87, 223, 87,
    222, 87, 222, 88, 221, 88, 221, 88, 220, 89, 219, 89, 219, 89, 218, 89,
    217, 90, 217, 90, 217, 90, 216, 90, 216, 90, 215, 91, 215, 91, 214, 91,
    213, 91, 213, 92, 212, 93, 211, 93, 211, 93, 210, 93, 210, 94, 209, 94,
    208, 94, 207, 95, 207, 95, 206, 95, 205, 96, 205, 96, 204, 96, 203, 97,
    203, 97, 201, 97, 201, 98, 200, 98, 199, 99, 199, 99, 198, 100, 197, 100,
    196, 100, 195, 101, 194, 101, 193, 102, 192, 102, 191, 102, 190, 103, 189, 103,
    188, 104, 187, 105, 186, 105, 185, 106, 184, 106, 183, 107, 182, 107, 181, 108,
    180, 108, 178, 109, 177, 109, 176, 109, 174, 111, 173, 111, 171, 112, 170, 112,
    168, 113, 166, 114, 164, 115, 163, 116, 161, 117, 159, 118, 157, 119, 154, 120,
    151, 122, 147, 124,
  };

  // iris_texture (256x95 px, RGB565 angle-major: T[angle*95+radius])
  const uint16_t iris_texture[24320] PROGMEM = {
    0x5240, 0x5A61, 0x5A82, 0x62A3, 0x62E5, 0x6B27, 0x6B47, 0x6BA7,
    0x7C49, 0x7C29, 0x846D, 0x846C, 0x94CF, 0x8CAD, 0x848E, 0x8C4D,
    0x8C4D, 0x844C, 0x7BCA, 0x8C4D, 0x7BEB, 0x848D, 0x6389, 0x842D,
    0x848D, 0x742A, 0x9530, 0x9D71, 0xA572, 0xAD94, 0xA572, 0xA5B3,
    0xAD73, 0xAD91, 0xADF3, 0xA5B2, 0xB5F3, 0xAD92, 0xB634, 0xB613,
    0xBE55, 0xC696, 0xB613, 0xBE34, 0xBE13, 0xC676, 0xC613, 0xD676,
    0xBE34, 0x9D90, 0xCDF2, 0xB5D0, 0xB56F, 0xCE33, 0xBD6F, 0xD633,
    0xBD6E, 0xBD4F, 0xACEB, 0xC590, 0xB54D, 0xBD6E, 0xA4CB, 0xC58F,
    0xBD6F, 0xB50D, 0xC5B0, 0xB50D, 0xB4EB, 0xAC8A, 0xBCEC, 0xBCED,
    0xB48C, 0xB4AB, 0xB48B, 0xB48C, 0xB409, 0xB3E8, 0xABC8, 0x9B28,
    0x92E5, 0x9B27, 0x9B26, 0x9326, 0x8263, 0x8243, 0x7A03, 0x7A21,
    0x6980, 0x69A0, 0x6140, 0x5900, 0x5080, 0x5060, 0x3840, 0x5260,
    0x5A60, 0x5A82, 0x62C5, 0x62E5, 0x6AE5, 0x838A, 0x8BEC, 0x840C,
    0x840D, 0x948E, 0x94AE, 0x94CF, 0x9CF0, 0xB616, 0xB6D8, 0xBE96,
    0xBE37, 0xC6DA, 0xB636, 0xAEB8, 0xB6B8, 0xAE56, 0xD75B, 0xCF3A,
    0xB6D6, 0xCFB9, 0xBED7, 0xC6FA, 0xBED7, 0xAE14, 0xB677, 0xB696,
    0xB636, 0xB616, 0xB613, 0xC634, 0xBE54, 0xBE75, 0xC655, 0xC696,
    0xD6D8, 0xDF5A, 0xDF3A, 0xCEF7, 0xC675, 0xC675, 0xC6B5, 0xB5B0,
    0xA58F, 0xAD91, 0xA550, 0xAD0D, 0xA52E, 0x9CED, 0x9CCC, 0xAD2F,
    0xAD70, 0xAD0B, 0xB52D, 0xAD0C, 0xB50D, 0xB52D, 0xACEB, 0xC5AF,
    0xB50A, 0xB54C, 0xC58F, 0xB4CC, 0xBD2E, 0xB4EC, 0xAC88, 0xC52C,
    0xB468, 0xAC6C, 0xBCED, 0xB4EA, 0xAD0A, 0x9C07, 0xAC8A, 0xACA8,
    0xA3A5, 0x9303, 0x82C4, 0x8285, 0x7A04, 0x8222, 0x71E1, 0x6180,
    0x79E1, 0x5980, 0x50E0, 0x50C0, 0x4840, 0x3100, 0x49E0, 0x5A40,
    0x5A61, 0x6283, 0x62C5, 0x62A3, 0x5AE4, 0x6B46, 0x7BA7, 0x840A,
    0x8428, 0x8C6A, 0x946D, 0x942C, 0x8C0C, 0x8BCD, 0x8C8F, 0x7BE9,
    0x9D2F, 0xAD52, 0xAD52, 0xAD91, 0xCED8, 0xD657, 0xC655, 0xC638,
    0xBDD4, 0x9D0E, 0x9D52, 0xADD5, 0xA5F4, 0xADF5, 0xADF6, 0xB616,
    0xB5D3, 0xADD4, 0xB656, 0xB5F3, 0xB5D3, 0xC675, 0xBE13, 0xB5B2,
    0xB5D2, 0xADB2, 0xBE14, 0xBD72, 0xAD0F, 0xA4CE, 0xA46E, 0xB511,
    0xACEF, 0xAD2E, 0xAD6F, 0xA4EC, 0xAD4D, 0xACEB, 0xBD90, 0xB52D,
    0xBD2F, 0xC56F, 0xBD6E, 0xB4CC, 0xBD0D, 0xBD0D, 0xC50F, 0xB46B,
    0xB46C, 0xCD91, 0xBCED, 0xB48A, 0xBC8A, 0xB409, 0xABCB, 0xAC29,
    0xAC2A, 0xAC87, 0x9304, 0xAB49, 0xB40B, 0xA3C7, 0xABC6, 0x9B44,
    0x9B45, 0x92A6, 0x8A25, 0x8261, 0x8220, 0x7A02, 0x79E0, 0x79E0,
    0x69A0, 0x59E0, 0x50A0, 0x4840, 0x3140, 0x49E0, 0x5A40, 0x5A62,
    0x5AA3, 0x5AE4, 0x7389, 0x83A9, 0x73C7, 0x73E8, 0x7C28, 0x840A,
    0x842A, 0x8CAC, 0x844A, 0x8D0F, 0x9592, 0x9551, 0xAD53, 0x844D,
    0x7C2C, 0x9D52, 0x94B0, 0x84AF, 0x8D50, 0x9510, 0x9532, 0x9D35,
    0xAD76, 0x9D50, 0xAD73, 0xADD5, 0xB655, 0xB653, 0xB676, 0xB739,
    0xB6F7, 0xC718, 0xBEB6, 0xB675, 0xB694, 0xC717, 0xCF58, 0xCF38,
    0xC6B5, 0xCE75, 0xD6F7, 0xBE13, 0xCE74, 0xBE12, 0xBDF2, 0xB5B2,
    0xAD8F, 0xAD70, 0xAD6F, 0xBDB1, 0xAD4E, 0xAD2F, 0xC5F1, 0xD693,
    0xB54E, 0xB54F, 0xBDB0, 0xBD90, 0xBD4D, 0xACEA, 0xB50A, 0xA467,
    0xA466, 0xA3E6, 0x9B85, 0xA426, 0xA447, 0x9367, 0x9B86, 0xA387,
    0xA408, 0x92C4, 0xA306, 0xA3A7, 0x9AC6, 0x9B66, 0x9326, 0x92E4,
    0x8262, 0x8A45, 0x7A05, 0x79E3, 0x79E3, 0x71A0, 0x69A0, 0x7940,
    0x59A0, 0x4860, 0x5060, 0x3860, 0x4A20, 0x5240, 0x5A61, 0x5A62,
    0x6B47, 0x73A8, 0x6B46, 0x7347, 0x7367, 0x7B88, 0x7B69, 0x73CA,
    0x7BEA, 0x7409, 0x7C6A, 0x73C9, 0x6AE7, 0x73C9, 0x6B6B, 0x840C,
    0x6B89, 0x5204, 0x62C7, 0x8C4C, 0x8BCC, 0x8C6C, 0x948C, 0x83EA,
    0x9C6D, 0x83C8, 0x72C6, 0x6226, 0x5A23, 0x59C1, 0x72A4, 0x6AA0,
    0x7324, 0x9CCE, 0xA52E, 0x9D0F, 0x9CAE, 0x8C4A, 0xAE12, 0xB633,
    0xADF2, 0xB612, 0xC694, 0xC674, 0xBE12, 0xC612, 0xC613, 0xCE54,
    0xCE33, 0xC632, 0xC633, 0xCE53, 0xC5D1, 0xBD8E, 0xB50E, 0xB4ED,
    0xB54B, 0xAD47, 0xB588, 0xAC81, 0xAC65, 0xA466, 0xB447, 0xA48A,
    0x8466, 0xA4A7, 0x8466, 0x8C87, 0xB4EB, 0xACA9, 0x9447, 0xB4EB,
    0xAC0A, 0xA466, 0xA406, 0xA3A6, 0xA3E5, 0xA3A5, 0x9301, 0x8283,
    0x8AA4, 0x8A82, 0x8A82, 0x71E0, 0x7160, 0x69C0, 0x7100, 0x5160,
    0x50C0, 0x4880, 0x3840, 0x5200, 0x5A40, 0x5A82, 0x5A83, 0x5AA3,
    0x5A83, 0x62E5, 0x73A8, 0x73A7, 0x7C08, 0x8C49, 0x8C68, 0x9D0E,
    0x94B0, 0x8C4D, 0xA571, 0xAD94, 0x846B, 0x94CD, 0x94ED, 0x8C6B,
    0xA52F, 0xAD51, 0xA510, 0x9CAE, 0xA510, 0xBDD4, 0x9D0E, 0xA5B2,
    0x9D51, 0xADD4, 0xC658, 0xC637, 0xBDF7, 0xB637, 0xADD7, 0xA514,
    0xA471, 0xAD32, 0xA4B1, 0x9CAE, 0x9C8C, 0xAC8F, 0x9C0A, 0xBDD3,
    0xB530, 0xB571, 0xC614, 0xC634, 0xC694, 0xBE94, 0xBE73, 0xC6D5,
    0xC694, 0xCE74, 0xC675, 0xD6B7, 0xCE32, 0xC634, 0xD676, 0xCE75,
    0xC5D3, 0xCDD8, 0xD618, 0xC58F, 0xACA7, 0xB4E7, 0xAC6A, 0xAC69,
    0xB449, 0xAC27, 0xACAB, 0xACCC, 0xA4CB, 0x9C48, 0xB449, 0xB3C8,
    0xA408, 0xABE9, 0xA3A6, 0xA346, 0xA2E6, 0x9B05, 0xA3A6, 0x92E3,
    0x8280, 0x8260, 0x8280, 0x79E0, 0x7260, 0x8261, 0x59C0, 0x50A0,
    0x4040, 0x4080, 0x51E0, 0x5A41, 0x5A62, 0x5A83, 0x62C5, 0x62E6,
    0x6B26, 0x7387, 0x73A7, 0x8449, 0x844B, 0x83E9, 0x948B, 0x8C29,
    0x8408, 0x8CAD, 0x8C4B, 0x9C6C, 0x9C6F, 0x948E, 0x846D, 0x848C,
    0x7C2B, 0x73EB, 0x84AF, 0x7BEB, 0x7C0B, 0x848D, 0x8CAD, 0x946E,
    0x8C4C, 0x94B0, 0x8CCF, 0x84AE, 0x94CD, 0x9CCE, 0xA5CF, 0x9DCF,
    0xADF0, 0x9D6C, 0xB6B5, 0xCEF8, 0xB674, 0xA633, 0xBDF3, 0xCE75,
    0xBDF3, 0xBDD3, 0xC5F4, 0xC613, 0xC635, 0xCE56, 0xC6B5, 0xC674,
    0xCE74, 0xC693, 0xCED5, 0xCEB5, 0xDF15, 0xD691, 0xDF13, 0xE735,
    0xE735, 0xDF14, 0xD62F, 0xDE51, 0xDE0F, 0xCD6A, 0xC4C9, 0xBCAA,
    0xC4C9, 0xBC88, 0xA405, 0x9342, 0xAC08, 0xAC49, 0xA445, 0xAC46,
    0xBC69, 0xB428, 0xABE7, 0x9BA5, 0x9365, 0x9B66, 0x92E5, 0x9B84,
    0x9302, 0x7260, 0x7260, 0x61E0, 0x5920, 0x50C0, 0x4860, 0x4000,
    0x30E0, 0x5200, 0x5A62, 0x5A60, 0x5A83, 0x6B06, 0x6B26, 0x6B26,
    0x7366, 0x7367, 0x6AC4, 0x6326, 0x83EA, 0x7C0A, 0x842C, 0x8C8D,
    0x846C, 0x740A, 0x7C0B, 0x8C2B, 0x7B27, 0x8328, 0x83EA, 0x83CB,
    0x8C2B, 0x73C7, 0x73C7, 0x952D, 0x9D30, 0x9D31, 0xADF4, 0xADF4,
    0xA5D2, 0xADD3, 0xA572, 0xAD93, 0xAD72, 0xAD31, 0xACEF, 0xA531,
    0x940A, 0x9449, 0x950E, 0x8D0C, 0xA54F, 0x9D0E, 0xA54F, 0xB5B1,
    0xB570, 0xB50E, 0xB510, 0xC5F2, 0xBDAF, 0xBD91, 0xBDD2, 0xCE15,
    0xBDD2, 0xC5D1, 0xCE54, 0xC5F2, 0xCE32, 0xD695, 0xD672, 0xD6B1,
    0xCE70, 0xD670, 0xD712, 0xD5EF, 0xC54C, 0xB4CA, 0xBCED, 0xA427,
    0x8B62, 0xA428, 0xAC68, 0xB448, 0xABA8, 0xAC0A, 0xAC2A, 0xB48B,
    0xB46A, 0xAC07, 0xAC06, 0xABE9, 0xA3C6, 0x9B66, 0x82A4, 0x7200,
    0x69C0, 0x6A00, 0x5960, 0x51A0, 0x50E0, 0x5920, 0x4060, 0x3160,
    0x5220, 0x5A40, 0x5A61, 0x5AA5, 0x62E6, 0x6326, 0x6B26, 0x6B25,
    0x7367, 0x7BE9, 0x94CC, 0x8429, 0x848A, 0x8C4B, 0x842A, 0x94AD,
    0x94AE, 0x9D51, 0x9550, 0x84ED, 0x84CD, 0x8D10, 0x8CAD, 0x846A,
    0x94AE, 0x94CF, 0x946D, 0x944E, 0x9D31, 0x9D52, 0xADB3, 0xA5B3,
    0x9D72, 0xB635, 0xB615, 0xAE55, 0xB635, 0xBE35, 0xBE76, 0xDF19,
    0xBDF5, 0xBDF5, 0xC5D5, 0xB4D0, 0xCDF4, 0xC5D3, 0xBDB1, 0xB5F3,
    0xBE96, 0xBDD4, 0xCDF4, 0xC5B3, 0xBD92, 0xC612, 0xB58F, 0xBE12,
    0xC633, 0xBDF1, 0xCE52, 0xD612, 0xC58F, 0xBCCC, 0xC54F, 0xCDD0,
    0xCDD0, 0xBD2B, 0xB509, 0xC56E, 0xB48C, 0xB44B, 0xB48A, 0xC48A,
    0xB408, 0xABA7, 0xAC49, 0xABE9, 0xBD0C, 0xC50E, 0xBCCD, 0xBCAD,
    0xB44A, 0xB44B, 0xAC2A, 0xABC7, 0xA387, 0x92C5, 0x7AE3, 0x6A80,
    0x61E0, 0x50E0, 0x69A0, 0x4880, 0x4840, 0x4040, 0x30E0, 0x5220,
    0x5A20, 0x5A61, 0x62A3, 0x62C4, 0x6305, 0x62E4, 0x7346, 0x7B85,
    0x7B24, 0x8387, 0x940A, 0x8C2A, 0x8408, 0x8C29, 0x8CCE, 0x8C49,
    0x8BC7, 0x8BAA, 0x9CAF, 0x944C, 0x944B, 0x94AC, 0x952E, 0xADD0,
    0x94C9, 0x950C, 0x9D2F, 0x94ED, 0x948D, 0x948D, 0xAD71, 0xA552,
    0xA553, 0xA532, 0xAD93, 0xB636, 0xBE96, 0xB633, 0xB654, 0xB633,
    0xB653, 0xB632, 0xB5F2, 0xBE13, 0xC614, 0xC5F3, 0xCE54, 0xC674,
    0xB612, 0xA5D0, 0x9D8E, 0xA5AF, 0xA5B0, 0xAD6F, 0x9407, 0xA407,
    0xC4EE, 0xB4EC, 0xBD8F, 0xC5AF, 0xBDAD, 0xBDCE, 0xC58E, 0xC5CF,
    0xB4EB, 0xB56C, 0xBD6D, 0xB56D, 0xACEB, 0xADCF, 0xA52B, 0xA4CA,
    0x9CAB, 0xA449, 0xAC2B, 0xB4AE, 0xBCED, 0xB4AB, 0xBD0E, 0xB4CD,
    0xB48C, 0xB449, 0xABEA, 0xA387, 0x9344, 0x9325, 0x7A61, 0x7220,
    0x5A20, 0x71E0, 0x5980, 0x48C0, 0x5080, 0x3060, 0x4A00, 0x5240,
    0x5A82, 0x62A2, 0x5AA3, 0x62A4, 0x6B04, 0x7346, 0x7363, 0x7BC5,
    0x8C4B, 0x8409, 0x8406, 0x8CAA, 0x8CAE, 0x9551, 0x95D3, 0x95B4,
    0x8D71, 0x84AC, 0x8CEE, 0x94EF, 0x94D0, 0x9D31, 0x94EE, 0x9CF0,
    0xA592, 0x9D51, 0x950F, 0xAE35, 0xA633, 0x9590, 0x9DD2, 0xAE33,
    0xBE76, 0xA510, 0xA52F, 0xA50F, 0xAD51, 0xBE14, 0xC658, 0xDF1B,
    0xD719, 0xCE75, 0xBE33, 0xC653, 0xBE54, 0xBDD3, 0xACAE, 0xBD71,
    0xB570, 0x9C4A, 0xA52E, 0xAD8F, 0xBD50, 0xBD91, 0xB5B1, 0xC5F2,
    0xAD2E, 0xBDAF, 0xBD2E, 0xBD0E, 0xB4CC, 0xBCEC, 0xC56E, 0xBD4E,
    0xACCA, 0xB449, 0xCD8F, 0xB467, 0xC54E, 0xB52A, 0xACC8, 0xA529,
    0xBCEB, 0xB4AA, 0xA469, 0xB449, 0xAC29, 0xABC8, 0xA367, 0xA327,
    0x9B87, 0x9326, 0x92E6, 0x82A4, 0x71A0, 0x71C1, 0x69C0, 0x6A00,
    0x59C0, 0x5160, 0x50C0, 0x58C0, 0x38A0, 0x59E0, 0x6261, 0x5A80,
    0x5A82, 0x62E5, 0x7327, 0x6B04, 0x73A6, 0x8409, 0x840A, 0x7BE6,
    0x8427, 0x8449, 0x8448, 0x8449, 0x8C2C, 0x8C0B, 0x94AD, 0xADF4,
    0xA511, 0xA614, 0x9D91, 0x7466, 0x94EB, 0x8469, 0x9D6D, 0x94CB,
    0x94ED, 0x9CED, 0x9CCD, 0xB573, 0xB5D4, 0xADD3, 0xA5D2, 0xB675,
    0xADB3, 0xB5B4, 0xBE55, 0xB5D4, 0xAD52, 0x9CCF, 0x9D30, 0xA5D4,
    0xB614, 0xAE34, 0xB612, 0xBDD1, 0xBE33, 0xC654, 0xC655, 0xBE55,
    0xCE97, 0xCE55, 0xBE33, 0xAD90, 0xC651, 0xC693, 0xB5F0, 0xBE11,
    0xCE32, 0xC631, 0xC62F, 0xCE30, 0xBE0F, 0xBE2E, 0xB54D, 0xBD4E,
    0xBD0D, 0xA4CC, 0xAD4C, 0xB54D, 0xBD4E, 0xC52E, 0xBCCC, 0xBB8D,
    0xAB87, 0xB42A, 0xB40A, 0xA3A9, 0xAB8A, 0xABC9, 0x92C6, 0x8B06,
    0x8B03, 0x82A3, 0x8B05, 0x7A40, 0x6A00, 0x5920, 0x5960, 0x51A0,
    0x5A20, 0x5100, 0x4000, 0x29A0, 0x51E0, 0x51E0, 0x5A41, 0x5A83,
    0x62C4, 0x6AE5, 0x6AE5, 0x6AE5, 0x6AE4, 0x7367, 0x7C08, 0x7C09,
    0x8C6C, 0x94AF, 0x8C2B, 0x8408, 0x8CAE, 0x94AD, 0x944C, 0x6B28,
    0x7B67, 0x9409, 0x94AB, 0x9C8E, 0x8C0A, 0x944A, 0x8C09, 0x8C4A,
    0x94ED, 0x6BC7, 0x7BC9, 0x8C2A, 0x840A, 0x8C0A, 0x8C09, 0xA591,
    0x8D2F, 0x94CE, 0xA50E, 0xB5B1, 0xC654, 0xBDF1, 0xBE11, 0xC655,
    0xCEB9, 0xD6DA, 0xCE36, 0xC696, 0xC654, 0xBDF2, 0xC5D2, 0xC634,
    0xBDF2, 0xBDF1, 0xC632, 0xB56C, 0xBDAF, 0xD652, 0xDE73, 0xDE13,
    0xDE76, 0xDE75, 0xDE76, 0xD631, 0xDEB3, 0xC5B0, 0xCE51, 0xC5D1,
    0xC5B0, 0xCDD1, 0xAD2D, 0xBD4E, 0xB52C, 0xB56C, 0xB4EB, 0xACC9,
    0xBD0F, 0xAC4A, 0xABCA, 0xAB8A, 0xAB8A, 0xA349, 0xABAA, 0x9AE5,
    0x9B04, 0x8B05, 0x8300, 0x8AC1, 0x8241, 0x61E0, 0x5960, 0x5A00,
    0x5140, 0x4800, 0x3100, 0x5200, 0x5220, 0x5A41, 0x5220, 0x5AA2,
    0x5AC3, 0x62C4, 0x7367, 0x6B45, 0x7BA9, 0x83EB, 0x73C6, 0x8CEC,
    0x8CCB, 0x8C4C, 0x950E, 0x8CEC, 0x7BE9, 0x7BCB, 0x744A, 0x846E,
    0x94F0, 0x8CEF, 0x94CB, 0xA550, 0xADD4, 0x9D0F, 0x948D, 0x9CCE,
    0x9D0F, 0x9530, 0x8D0F, 0x84AC, 0x8C8E, 0x83EC, 0x948F, 0x94EF,
    0x9D50, 0xAE10, 0xBE32, 0xBE13, 0xC634, 0xC5F4, 0xC613, 0xC654,
    0xC633, 0xC612, 0xC654, 0xCE74, 0xC695, 0xBDF1, 0xB5B1, 0xBE12,
    0xC5F0, 0xCE33, 0xC674, 0xCEB6, 0xDEF8, 0xCEB5, 0xCE51, 0xE695,
    0xE6D7, 0xE697, 0xE679, 0xE6F8, 0xD654, 0xDE53, 0xC591, 0xC591,
    0xCDF1, 0xD631, 0xCE2E, 0xCD4E, 0xBC30, 0xC50C, 0xC528, 0xBD2B,
    0xB448, 0xB449, 0xABA7, 0xA349, 0x9B46, 0xA3E5, 0x9B06, 0x92A4,
    0x8A44, 0x81E1, 0x7220, 0x7260, 0x6260, 0x6240, 0x5960, 0x5080,
    0x40A0, 0x3840, 0x5200, 0x5A00, 0x5A42, 0x62A5, 0x6B27, 0x6B47,
    0x7B88, 0x7348, 0x7B88, 0x7386, 0x7BC8, 0x8C89, 0x8BEA, 0x94CC,
    0x94E9, 0x8C4B, 0x7B2A, 0x9CF1, 0x9D71, 0x9D6F, 0x9D4F, 0x950F,
    0xA510, 0xAD30, 0x9CF0, 0xA4F1, 0x9CAE, 0xA531, 0x94AE, 0x946C,
    0xA510, 0xA5B3, 0xA5F2, 0xAE34, 0xCF39, 0xBE35, 0xBE13, 0xD6F4,
    0xCEF3, 0xC692, 0xCE93, 0xCEB4, 0xCEB4, 0xCED6, 0xD6D6, 0xC653,
    0xCE95, 0xC675, 0xC676, 0xD6B8, 0xC676, 0xCE97, 0xDEF9, 0xD6D8,
    0xD6D7, 0xCED5, 0xD6F4, 0xD6F4, 0xD6F4, 0xD757, 0xDF37, 0xD716,
    0xD6F5, 0xE759, 0xE6F6, 0xDE94, 0xDE96, 0xE6F6, 0xDED2, 0xDEF4,
    0xE674, 0xC5CE, 0xD5A6, 0xC4C4, 0xABA9, 0xABA7, 0xBCCC, 0xB40A,
    0xB429, 0xA365, 0x9B84, 0xA385, 0xA3C8, 0xA406, 0x7B00, 0x8B02,
    0x7A60, 0x6A60, 0x6A40, 0x69C0, 0x52A0, 0x5180, 0x50A0, 0x3840,
    0x3800, 0x5200, 0x5A40, 0x6283, 0x5AC1, 0x5281, 0x5A41, 0x6305,
    0x5AC4, 0x6307, 0x7B68, 0x7308, 0x7349, 0x7BE8, 0x7BAA, 0x8BED,
    0x948E, 0x950D, 0x9D6F, 0x9D91, 0x9D32, 0x9CAF, 0xAD51, 0x9D71,
    0x9D30, 0x9CAC, 0xA4ED, 0x9CEF, 0xAD30, 0xAD31, 0xB5D3, 0xAD92,
    0xA4CF, 0xAD30, 0xAD32, 0xAE15, 0xAE33, 0x9D70, 0x9511, 0xAD15,
    0xBD94, 0xBDB4, 0xD697, 0xC613, 0xC634, 0xC675, 0xBE73, 0xDF17,
    0xD6B5, 0xD6D6, 0xE759, 0xCE75, 0xD6F8, 0xD6F8, 0xCEB5, 0xDF39,
    0xDEF7, 0xDEF7, 0xDEF7, 0xE718, 0xE759, 0xE758, 0xE736, 0xE715,
    0xDF16, 0xDEF6, 0xD6D4, 0xD716, 0xDF18, 0xDEF6, 0xDF14, 0xDE2F,
    0xD60D, 0xBC6B, 0xB40B, 0xBCAF, 0xBD0B, 0xBCE6, 0xC52B, 0xABE9,
    0xAB87, 0xA3C7, 0x9B25, 0x92A4, 0x8AA5, 0x92E4, 0x8B03, 0x7B20,
    0x7AA0, 0x6260, 0x6200, 0x61C0, 0x5140, 0x50E0, 0x4000, 0x38A0,
    0x51E0, 0x5221, 0x4A01, 0x5A41, 0x6AA5, 0x6AC6, 0x62C5, 0x7346,
    0x73A8, 0x73A8, 0x6B68, 0x7BEB, 0x83EA, 0x8C2C, 0x8CAC, 0x73EA,
    0x8C8D, 0x8C8D, 0x844D, 0x94AF, 0x9550, 0x9530, 0x9D2F, 0x946C,
    0x8CAE, 0x9D72, 0x9D90, 0xBE54, 0xBED3, 0xB672, 0xADD3, 0xC6D7,
    0xC697, 0xB5D5, 0xBDD4, 0xC5D4, 0xCE78, 0xB5F4, 0xAD73, 0xA550,
    0xB592, 0xB5B2, 0xBDB3, 0xCDD5, 0xDE37, 0xD617, 0xCE57, 0xD698,
    0xCE97, 0xDEB8, 0xD6B6, 0xD6D6, 0xD695, 0xD694, 0xDED6, 0xDEB6,
    0xDEF6, 0xEF7A, 0xD6D6, 0xDF18, 0xDEF6, 0xDEF7, 0xE737, 0xE717,
    0xE6F7, 0xE714, 0xE714, 0xDED0, 0xDEF2, 0xDF34, 0xE798, 0xE795,
    0xD670, 0xD5D2, 0xC4CE, 0xC50C, 0xBC2A, 0xB4CD, 0xAC4B, 0xB3C9,
    0xB408, 0xB447, 0xABA4, 0x9BA5, 0x9386, 0x9326, 0x9327, 0x82E3,
    0x8AA3, 0x8AA1, 0x61E0, 0x5120, 0x50E0, 0x5100, 0x4040, 0x5220,
    0x5220, 0x5261, 0x62A4, 0x62C5, 0x62C4, 0x7328, 0x836B, 0x7BAB,
    0x7BEA, 0xA56F, 0xAD90, 0x9D0E, 0x842A, 0x8369, 0x9C2D, 0x8BA9,
    0x8BCA, 0x8388, 0x8BA9, 0x946E, 0x8C6F, 0x94CE, 0x9D2F, 0x9D6F,
    0xA56F, 0x9DD1, 0xA5F2, 0x950F, 0xADD3, 0xCEBA, 0xCEB7, 0xC656,
    0xC676, 0xD6FB, 0xBDF6, 0xC67A, 0xCE98, 0xC615, 0xD6F9, 0xDF3A,
    0xBE34, 0xCF19, 0xCF37, 0xC6F4, 0xC692, 0xCEB4, 0xD6B7, 0xCDF3,
    0xCE75, 0xD698, 0xCE97, 0xDED8, 0xDED8, 0xD6D7, 0xDF5A, 0xCED7,
    0xD6B8, 0xDEB5, 0xEF19, 0xDF17, 0xD6D5, 0xCE92, 0xCE91, 0xDED5,
    0xD692, 0xDEB3, 0xDE92, 0xDE50, 0xE6D3, 0xD60B, 0xDEF2, 0xEFD8,
    0xE774, 0xD6CF, 0xE732, 0xD5F0, 0xC50E, 0xC52E, 0xC58D, 0xC4EC,
    0xBCAA, 0xBCEB, 0xBC89, 0xAC28, 0xA3E7, 0xA387, 0x9BA6, 0x8B05,
    0x7A41, 0x61E0, 0x5940, 0x50C0, 0x48A0, 0x3800, 0x5200, 0x6283,
    0x6B26, 0x62E6, 0x62C5, 0x62E5, 0x6B28, 0x5264, 0x7328, 0x7308,
    0x83A9, 0x7368, 0x8C6B, 0x8D6F, 0x8D51, 0x8D4F, 0x848D, 0x9511,
    0x9DB2, 0x9DD0, 0x9CAC, 0x9CEE, 0x948C, 0x946C, 0x948D, 0x8C8A,
    0x8BE9, 0x9C6A, 0x9C6D, 0x9C8E, 0x942B, 0x8429, 0x9CF0, 0xAD72,
    0xC656, 0xA570, 0xA550, 0xC635, 0xB593, 0xB572, 0xB5B2, 0xBDD2,
    0xBE13, 0xB550, 0xADB0, 0xB5F2, 0xBDF3, 0xBE13, 0xADD0, 0xBDF1,
    0xCE14, 0xD634, 0xD5F5, 0xC5D4, 0xD675, 0xDED6, 0xE738, 0xD6D5,
    0xCED5, 0xCE53, 0xDE95, 0xDEF7, 0xD6B5, 0xC652, 0xC650, 0xC651,
    0xBDEF, 0xD652, 0xC5EF, 0xD613, 0xCD4D, 0xD5AE, 0xD630, 0xD5F0,
    0xDE31, 0xCE11, 0xD60F, 0xD68F, 0xD62F, 0xCDAD, 0xC58D, 0xC5AE,
    0xBCEC, 0xB48B, 0xB48B, 0xB448, 0xA3C8, 0x9B87, 0x8B05, 0x7A62,
    0x69C0, 0x5140, 0x4880, 0x3800, 0x3840, 0x5200, 0x5A20, 0x5220,
    0x5261, 0x6AE6, 0x6B08, 0x6347, 0x73A9, 0x7BEA, 0x6B68, 0x5B48,
    0x6329, 0x736B, 0x6AC7, 0x6B27, 0x8449, 0x8429, 0x94AB, 0x844B,
    0x840D, 0x8C0A, 0x844C, 0x7BA9, 0x7BA9, 0x840A, 0x83CB, 0x6C4B,
    0x5C4A, 0x746B, 0x6C28, 0x846B, 0x844A, 0x842C, 0x7BCA, 0x6B26,
    0x83AA, 0x8C0B, 0x8C68, 0x94EE, 0x9D0F, 0xA4EE, 0xA590, 0xA610,
    0x9D90, 0x9CAE, 0xA46C, 0xB5B1, 0xAD4F, 0xADB2, 0xAD93, 0xA590,
    0xBDD1, 0xBDB1, 0xCE74, 0xCD90, 0xBD0E, 0xD634, 0xDE33, 0xD613,
    0xCDF2, 0xDED6, 0xD672, 0xD632, 0xCE33, 0xBDAD, 0xBDD1, 0xBDB1,
    0xCE74, 0xA52C, 0xCDB0, 0xCDF2, 0xC5B1, 0xC52E, 0xC54E, 0xCDAE,
    0xD5CF, 0xD60F, 0xCDCE, 0xCD4E, 0xC50D, 0xBCED, 0xBCCD, 0xAC28,
    0xAC07, 0xA3A7, 0x9B67, 0x9327, 0x8AE4, 0x82E4, 0x7A41, 0x69E0,
    0x5140, 0x5060, 0x4000, 0x2980, 0x5240, 0x5A81, 0x6263, 0x62A5,
    0x6B07, 0x6367, 0x6BC9, 0x7C0B, 0x6BC9, 0x7BCB, 0x944C, 0x83E9,
    0x7C29, 0x8CEC, 0x846B, 0x844C, 0x7BCA, 0x73A9, 0x6BC6, 0x6B68,
    0x6388, 0x7BCA, 0x844B, 0x7C4B, 0x7C0A, 0x73A8, 0x83EA, 0x8369,
    0x8BEA, 0x83CA, 0x7BED, 0x740B, 0x740A, 0x83EA, 0x7C0B, 0x8CCD,
    0x842C, 0x83AA, 0x93CA, 0x944B, 0x9BAB, 0x7185, 0x79E8, 0x838A,
    0x9D2D, 0x948A, 0x8C2A, 0x9D2F, 0xADB0, 0xAD70, 0xB54F, 0xBD50,
    0xB4F0, 0xB590, 0xBDB1, 0xBE12, 0xBDF1, 0xBE32, 0xC5F2, 0xD6D4,
    0xC5D1, 0xBDAF, 0xCE11, 0xC5AF, 0xCD70, 0xB44C, 0xB489, 0xC52D,
    0xB4AB, 0xC54F, 0xB4EB, 0xACED, 0xB4CE, 0xBD4E, 0xBD4E, 0xB4AB,
    0xC52F, 0xB4AC, 0xB4AA, 0xB429, 0xA3A6, 0xABA7, 0x9B26, 0x92E7,
    0x9305, 0x8AC4, 0x7A62, 0x7A62, 0x8201, 0x69C0, 0x59A0, 0x5100,
    0x4880, 0x4000, 0x3840, 0x5200, 0x5A60, 0x6282, 0x5AE4, 0x6B47,
    0x6B07, 0x7327, 0x73CA, 0x7C2C, 0x73EA, 0x7C0B, 0x7C2B, 0x84AC,
    0x8C6B, 0x7326, 0x846A, 0x7B89, 0x7349, 0x8409, 0x8C4C, 0x8C8D,
    0x8C4C, 0x6B47, 0x7B69, 0x7BEB, 0x744B, 0x7C8C, 0x748B, 0x850D,
    0x8C4A, 0x9C4D, 0x9C8D, 0x944D, 0x944E, 0x9C2F, 0x94CE, 0x84CE,
    0x7CCE, 0x7C4B, 0x950F, 0x954F, 0x84CB, 0xA54F, 0xA4CB, 0xA44C,
    0x9BEC, 0x93A9, 0xB4EF, 0xA429, 0x942B, 0x9C4A, 0xAD2E, 0xAD2F,
    0xA50E, 0xACCE, 0xBD70, 0xBCED, 0xACAA, 0xC530, 0xB56E, 0x9CCA,
    0xAD2D, 0xBD0E, 0xACC9, 0xA46A, 0xB50E, 0xBD70, 0xBD31, 0xB4CC,
    0xBD51, 0xBC8E, 0xAC6A, 0xBD0D, 0xB4EF, 0xB52F, 0x9BA6, 0xAB89,
    0xB42A, 0xA409, 0xAC2A, 0xA3C7, 0x93A4, 0x83A2, 0x9B67, 0x7280,
    0x8242, 0x8263, 0x7A62, 0x71C1, 0x61A0, 0x4920, 0x58C0, 0x50E0,
    0x50A0, 0x3120, 0x51C0, 0x5A60, 0x5A82, 0x6243, 0x62A4, 0x62C4,
    0x7B69, 0x7349, 0x7B49, 0x944D, 0x842C, 0x7C0B, 0x7B6B, 0x842D,
    0x846D, 0x94CD, 0x8CAB, 0x8D2C, 0x8C8A, 0x8CAA, 0x7C08, 0x942C,
    0x9CAE, 0x94ED, 0x950E, 0x948D, 0x946D, 0x948C, 0x9490, 0x7CAD,
    0x7CCB, 0x8C8B, 0x844B, 0x952D, 0x8CEB, 0x94CC, 0xA571, 0xAD92,
    0xA4EF, 0xAD52, 0x9D10, 0xA550, 0x9590, 0x84AC, 0x946D, 0xADD2,
    0xAD72, 0x940A, 0xB4CE, 0xD5F5, 0xB4EE, 0xACCD, 0xACEF, 0xACEE,
    0xAC8D, 0xA4EC, 0xAD2E, 0xB52E, 0xA46B, 0xAC69, 0xB4CC, 0xAD0B,
    0xAC89, 0xB52D, 0xB50B, 0xB4E8, 0xACA8, 0xAC8A, 0xB4AC, 0xAC6A,
    0xAC8A, 0xBCEF, 0xBCD0, 0xACAC, 0xB4AA, 0xB50A, 0xACA8, 0xBCA8,
    0xA426, 0xAC68, 0x9BE5, 0x8B04, 0x8B26, 0x9B88, 0x7B24, 0x7B64,
    0x82E3, 0x6AA0, 0x7200, 0x69C0, 0x51C0, 0x5120, 0x4860, 0x4820,
    0x30E0, 0x5200, 0x5A61, 0x5A42, 0x52A2, 0x5AA4, 0x6346, 0x6326,
    0x5B26, 0x6BC8, 0x6366, 0x62C7, 0x73CA, 0x6B45, 0x7386, 0x842B,
    0x7BCB, 0x72E8, 0x8BAC, 0x7BCA, 0x844D, 0x8CEE, 0x9DD0, 0x9D73,
    0x9C91, 0x9CD0, 0x9CEF, 0x94EC, 0x8CEB, 0x9CAD, 0xA4F0, 0x9C8F,
    0x948D, 0xA572, 0xA4EF, 0xAD31, 0xB5F4, 0xA571, 0xADF3, 0xAE53,
    0xB632, 0xBE13, 0xBE14, 0xBD93, 0xBDF2, 0xADF0, 0xB5F0, 0xBDF1,
    0xCED7, 0xBDF1, 0xA54F, 0xBE13, 0xC614, 0xBDD3, 0xBD4E, 0xC5B0,
    0xB54F, 0xB50F, 0xBD4F, 0xACEB, 0xBD2E, 0xB50C, 0xB4CA, 0xAC89,
    0xB50C, 0xACAB, 0xACAB, 0xB4CA, 0xBD4E, 0xBD90, 0xB4ED, 0xB48D,
    0xBCCE, 0xBCCD, 0xB4AD, 0xABAA, 0xAC48, 0xAC68, 0xB4EC, 0xAC87,
    0xB448, 0x9B64, 0x9B23, 0x9301, 0x79C0, 0x71A1, 0x6240, 0x4920,
    0x61C0, 0x7A40, 0x6A20, 0x5180, 0x50C0, 0x4880, 0x4880, 0x3880,
    0x51E0, 0x5A22, 0x5A43, 0x5A83, 0x5A85, 0x5AE5, 0x6B48, 0x73A9,
    0x73EA, 0x73CB, 0x6BAA, 0x738B, 0x73AC, 0x7CEE, 0x6C6A, 0x848D,
    0xAD50, 0x840A, 0x848D, 0x948D, 0x8C6F, 0x6B6A, 0x7CAC, 0x8D4D,
    0x848C, 0x9CD0, 0xACD1, 0xA491, 0xA5D3, 0xAE32, 0xA633, 0xBE75,
    0xBE36, 0xB634, 0xC677, 0xCEB8, 0xD696, 0xC656, 0xB5F4, 0xBE76,
    0xBE97, 0xB613, 0xCE36, 0xF71E, 0xD657, 0xE677, 0xCE53, 0xBE11,
    0xB631, 0xBE11, 0xB56E, 0xBDB0, 0xC5D0, 0xCE34, 0xBD32, 0xB4AB,
    0xBD4E, 0xB52C, 0xB54D, 0xAD4D, 0xAD0D, 0xB4AB, 0xBCCB, 0xBD2D,
    0xB50D, 0xACAC, 0xB50D, 0xA3E9, 0x9B24, 0xACAA, 0xB508, 0x9C65,
    0x9C26, 0xB50C, 0xAC27, 0xD512, 0xB40A, 0xA3E3, 0xB3E4, 0xB346,
    0x9343, 0x8AA2, 0x8A80, 0x8280, 0x7A60, 0x7A00, 0x69A1, 0x6981,
    0x58A0, 0x50C0, 0x5960, 0x50A0, 0x4880, 0x4900, 0x3040, 0x49E0,
    0x5A20, 0x5A41, 0x5A83, 0x5A64, 0x5A84, 0x62C6, 0x6B07, 0x5AA5,
    0x72E9, 0x8C0B, 0x8C4C, 0x8BEA, 0x836A, 0x7B07, 0x52A2, 0x6408,
    0x7BEA, 0x7BCA, 0x7408, 0x8BEA, 0x7B28, 0x838A, 0x7BAB, 0x7AE9,
    0x7B48, 0x7BAA, 0x7BCA, 0x7B69, 0x832A, 0x936A, 0x8C6A, 0x7BC9,
    0x7C09, 0x8449, 0x7C09, 0x8CCD, 0xA550, 0xA4CE, 0xACCD, 0xAD0F,
    0xA54E, 0x9D8C, 0x850B, 0x8C8B, 0xA54F, 0x954E, 0x9CCB, 0xC570,
    0xCDB0, 0xAD2D, 0xB5B0, 0xB5CE, 0xC60E, 0xD58F, 0xD590, 0xCD6F,
    0xCD8F, 0xCDF3, 0xBE50, 0xCE92, 0xADAE, 0xAD4C, 0xBD4E, 0xCDD0,
    0xB4ED, 0xB4EE, 0xACAF, 0x9305, 0xB3E8, 0xC48D, 0xB48A, 0xBC28,
    0xBCAB, 0xACE9, 0xACC9, 0xA487, 0xAB89, 0xAC04, 0xBBE4, 0xAB24,
    0x9281, 0x7AE0, 0x72E0, 0x7A60, 0x8AC1, 0x8A82, 0x69C0, 0x69A0,
    0x61A0, 0x61A0, 0x5920, 0x50A0, 0x4080, 0x3880, 0x5A61, 0x5A41,
    0x6282, 0x62C4, 0x6AE6, 0x6B28, 0x6307, 0x736A, 0x73CA, 0x7BCA,
    0x7BEB, 0x7B8B, 0x7B49, 0x6B8A, 0x7CCE, 0x840C, 0x7328, 0x7AE7,
    0x7AE7, 0x6BEB, 0x4BE9, 0x648B, 0x840A, 0x8C4B, 0x8C6B, 0x9C8C,
    0x8C2B, 0x846A, 0x844A, 0x742A, 0x742B, 0x7BEA, 0x8BCA, 0x944B,
    0x83AA, 0x83EA, 0x9CAE, 0x9C4D, 0x9D50, 0x9D2F, 0x9C8C, 0xA46D,
    0xA42B, 0x9D09, 0xA54C, 0x944A, 0x8BAB, 0xA42E, 0x8C49, 0x8C6A,
    0xB4AE, 0xB52E, 0xA48C, 0xAC6A, 0xAD8C, 0xAD8C, 0xA54C, 0xD611,
    0xD591, 0xC54F, 0xBCEE, 0xAD2A, 0xAD6C, 0xBDB0, 0xBD4E, 0xC5CF,
    0xBD4D, 0xBD6E, 0xD655, 0xCDD3, 0xBD0F, 0xBD2D, 0xC58D, 0xBC2B,
    0xABA8, 0x9BE6, 0x8B82, 0x8282, 0x9B84, 0xA3C5, 0xA344, 0x9AC1,
    0x82C0, 0x8A81, 0x6240, 0x7A21, 0x8261, 0x7240, 0x7A40, 0x69E0,
    0x6160, 0x51A0, 0x48A0, 0x4860, 0x30E0, 0x5160, 0x5A00, 0x6262,
    0x5A24, 0x6263, 0x62A4, 0x6B07, 0x6B06, 0x7366, 0x7B89, 0x73A8,
    0x8428, 0x9D2C, 0x9D0C, 0x9409, 0x83EA, 0x7C4B, 0x7CAC, 0x84CD,
    0xA531, 0xA48E, 0x940D, 0x8C4D, 0x7C6B, 0x73A9, 0x8C0B, 0x9CAC,
    0xA50F, 0x9D0D, 0x9CEB, 0xA54C, 0xA56E, 0xA56F, 0x9CEF, 0xA50D,
    0xA58E, 0x8CEC, 0x8C6D, 0x93CA, 0x9388, 0xA50C, 0x9CC9, 0xA46B,
    0xAC8D, 0xA52E, 0xAD90, 0xB56E, 0x944A, 0xAD0E, 0xBD73, 0xA4CF,
    0xACCB, 0xC50E, 0xCD50, 0xDED4, 0xDE74, 0xC5F1, 0xADAC, 0xA568,
    0xC5F0, 0xBD8E, 0xD5F2, 0xC5AF, 0xBD8D, 0xB54E, 0xBD8F, 0xBD2D,
    0xBD0C, 0xCD6E, 0xACCC, 0xA489, 0xAB48, 0xAB88, 0xA466, 0x9445,
    0x8B47, 0x7B87, 0x7320, 0xA2E1, 0x82A0, 0x8BA3, 0x9322, 0x79E0,
    0x8180, 0x8AC0, 0x82A0, 0x7A80, 0x6260, 0x61E0, 0x6A00, 0x6220,
    0x59A0, 0x5040, 0x4840, 0x30A0, 0x5AA0, 0x62A1, 0x62A1, 0x6B23,
    0x7407, 0x6BCA, 0x83EC, 0x8C2E, 0x840B, 0xA510, 0xA54F, 0x8449,
    0x846B, 0x8D0E, 0x952C, 0x950B, 0x9CAC, 0xAC8F, 0x9BEC, 0x944C,
    0x948D, 0x94CE, 0x9D10, 0x94CD, 0x9D2F, 0x8CAE, 0x8468, 0x9D0C,
    0x946A, 0x8CAB, 0x9D2E, 0x94AC, 0x948A, 0x7C89, 0x7C69, 0x7B09,
    0x8384, 0x7445, 0x84CA, 0xB530, 0xA40B, 0x93EC, 0x8D0B, 0x8D2A,
    0x92C5, 0x8207, 0xACAC, 0xAD4D, 0xB5B0, 0xA54C, 0xA56B, 0xA52B,
    0xA54D, 0xA50E, 0xA42A, 0xBD0C, 0xCDD0, 0xCDB0, 0xD610, 0xDED4,
    0xBDCF, 0xC5EE, 0xBDEF, 0xE6B5, 0xC5D0, 0xAD2C, 0xBD6E, 0xAD2C,
    0xB52C, 0xBD4D, 0xACC7, 0xB52A, 0xB4AA, 0xB40B, 0xABA7, 0x9B64,
    0xABE8, 0x934B, 0x93A9, 0x7A40, 0x9260, 0x8AC4, 0x8AC1, 0x9301,
    0x7A02, 0x7A01, 0x7AA1, 0x7280, 0x7260, 0x6A00, 0x5980, 0x5180,
    0x50C0, 0x4040, 0x30A0, 0x5220, 0x5A80, 0x6281, 0x6AE5, 0x738A,
    0x7C09, 0x84A9, 0x848A, 0x7408, 0x73A7, 0x7427, 0xAD4D, 0xAD2D,
    0x9CCC, 0x9CAC, 0x9D30, 0xA5B4, 0xA655, 0xA655, 0xAE18, 0xAED8,
    0xA634, 0xB595, 0xADB5, 0xAE13, 0xAE32, 0xB634, 0xB655, 0xB5D4,
    0xBD95, 0xAD51, 0xA570, 0xC675, 0xB5F3, 0xDF39, 0xE75D, 0xBDD7,
    0xDDD9, 0x9D93, 0x8DD2, 0xA5D3, 0xCDB5, 0xC44F, 0xC677, 0xD7FA,
    0xD799, 0xCE96, 0xBE12, 0xC632, 0xBDB0, 0xC614, 0xD676, 0xC5F1,
    0xC5AF, 0xBDB0, 0xB5AF, 0xC592, 0xD655, 0xBD6E, 0xBDAE, 0xC631,
    0xC5F0, 0xBDD0, 0xB56E, 0xA4A5, 0xB56B, 0xB56C, 0xB52A, 0xBD8E,
    0xB4EB, 0xACCA, 0xBD2E, 0x9CE9, 0x9486, 0xB48A, 0xBBEB, 0xA285,
    0x9AC4, 0x9B49, 0x8B68, 0x9306, 0x8B06, 0x8AC5, 0x8AA1, 0x8A81,
    0x69C0, 0x79E0, 0x6920, 0x51C0, 0x7220, 0x5200, 0x5100, 0x50E0,
    0x4880, 0x3820, 0x5200, 0x5A40, 0x6280, 0x62A2, 0x6AA3, 0x6AA6,
    0x5A83, 0x7367, 0x7364, 0x72A6, 0x72E8, 0x7BCA, 0x842B, 0x8CCA,
    0x8CCA, 0x94E8, 0x8C87, 0xA469, 0xC5F3, 0xA591, 0xA552, 0x8CCE,
    0x84CB, 0x7467, 0xA5D1, 0xA58F, 0x9D6F, 0xA631, 0xA68E, 0x8DE7,
    0xADF1, 0xB5F3, 0xADD1, 0xBE34, 0xB652, 0xBEF3, 0xBF74, 0xE7FA,
    0xE79C, 0xD739, 0xD77A, 0xC7D8, 0xCEF6, 0xCE14, 0xC591, 0xBE33,
    0xBE92, 0xCED5, 0xDED9, 0xCE75, 0xD6D4, 0xD695, 0xE6F8, 0xF737,
    0xDEB4, 0xCEB1, 0xDF15, 0xD6B4, 0xDF39, 0xD693, 0xD672, 0xCE30,
    0xCDCF, 0xCDF0, 0xD612, 0xD5F2, 0xCDD0, 0xCDD0, 0xC5CF, 0xB4EB,
    0xC54E, 0xBD0C, 0xCDB0, 0xCD6E, 0xB52B, 0xBD2C, 0xA42C, 0xAC6A,
    0xB449, 0xB48D, 0xA3AA, 0x9326, 0x8B06, 0x8285, 0x8AC5, 0x8283,
    0x82A1, 0x71A1, 0x69C0, 0x7240, 0x4240, 0x5140, 0x50C0, 0x4880,
    0x3000, 0x51A0, 0x51E0, 0x5A41, 0x5AA3, 0x5AE3, 0x62A4, 0x61E2,
    0x6246, 0x7326, 0x7B88, 0x7BC6, 0x6AE7, 0x6A67, 0x9389, 0x7AE7,
    0x83E9, 0x8CAE, 0x63A8, 0x63A3, 0x94CA, 0x950D, 0x8CEA, 0x9D0D,
    0x94CB, 0x946C, 0x8408, 0x94A9, 0x72C0, 0x93C7, 0x8D2D, 0x8D6D,
    0x8D2D, 0x952C, 0xA58F, 0xAD71, 0xA550, 0xADB2, 0x954D, 0xADF2,
    0xBE73, 0xB591, 0xBDF4, 0xBED6, 0xBF36, 0xCF18, 0xD6F8, 0xD6D7,
    0xDEF7, 0xD717, 0xDF18, 0xE779, 0xDF57, 0xDF17, 0xDF35, 0xE77A,
    0xE758, 0xDF36, 0xCEB0, 0xE736, 0xD673, 0xD674, 0xD6D4, 0xDED5,
    0xDED5, 0xE716, 0xD6B4, 0xD652, 0xD652, 0xD652, 0xD652, 0xD692,
    0xCE30, 0xD630, 0xD631, 0xC52D, 0xC58E, 0xCDCD, 0xBD0D, 0xBD0D,
    0xACCC, 0xAC8B, 0xB46B, 0xAC08, 0xA3E8, 0x9B67, 0x9B47, 0x9365,
    0x8B45, 0x8AE5, 0x8242, 0x7A20, 0x6A20, 0x4900, 0x4860, 0x29C0,
    0x5200, 0x5240, 0x5A41, 0x5A83, 0x6284, 0x6B06, 0x6B88, 0x7387,
    0x842A, 0x7BC9, 0x73E8, 0x8C8B, 0x8CEA, 0x94CD, 0x946F, 0x948D,
    0x9D0D, 0x95CF, 0xA5D3, 0x9510, 0x844B, 0x9C6D, 0xA531, 0x9D2C,
    0xAD8E, 0xAD2E, 0x9D0E, 0x9D70, 0xA571, 0x9CEF, 0xA50E, 0xBDD2,
    0xB5F2, 0x8D4D, 0xADF0, 0x9D6E, 0xB5B1, 0xC656, 0xBE36, 0xBE34,
    0xC675, 0xCE76, 0xCE56, 0xCEB6, 0xCEF5, 0xDF17, 0xDEF8, 0xDF18,
    0xDF39, 0xDF17, 0xD717, 0xD716, 0xDED6, 0xDEF7, 0xDEF5, 0xCE71,
    0xD694, 0xD6B4, 0xCE52, 0xCE72, 0xD673, 0xC650, 0xD693, 0xCE93,
    0xC652, 0xD672, 0xDED3, 0xDED4, 0xDEB2, 0xE6D3, 0xDE92, 0xDEB2,
    0xD651, 0xD651, 0xDE72, 0xD5F0, 0xCDB0, 0xCDD0, 0xC56D, 0xBD4D,
    0xC5AE, 0xBD4E, 0xB46C, 0xB4AC, 0xACA9, 0xABE9, 0xABA8, 0x9B87,
    0x9BA6, 0x8B45, 0x8263, 0x7A20, 0x61E0, 0x5940, 0x38A0, 0x51A0,
    0x5A00, 0x5A20, 0x6201, 0x5A43, 0x6261, 0x7325, 0x7BA6, 0x6B26,
    0x7B87, 0x83C7, 0x7BA7, 0x83E9, 0x748A, 0x7469, 0x8469, 0x8C8B,
    0x8BCA, 0x940A, 0x8C8B, 0x9C6C, 0x948C, 0x944C, 0x9C8B, 0x948C,
    0x93EA, 0x9C26, 0xACEC, 0x94CB, 0xA570, 0x956D, 0x84C8, 0xA4F0,
    0xAD74, 0xADB2, 0xA5D2, 0xADD0, 0xADAF, 0xADCE, 0xADB0, 0xB614,
    0xADF2, 0xC614, 0xCDD4, 0xC5F3, 0xC693, 0xBE70, 0xD6D6, 0xDED8,
    0xD696, 0xE6F8, 0xDED6, 0xE799, 0xDF39, 0xDF17, 0xE75A, 0xDEF6,
    0xDEF5, 0xCEB4, 0xCE92, 0xC671, 0xC671, 0xD611, 0xD630, 0xCE2F,
    0xC5CF, 0xC54E, 0xC58E, 0xCDCF, 0xC58E, 0xBD6C, 0xD630, 0xD610,
    0xDE51, 0xD5F0, 0xCE0F, 0xD651, 0xCDD0, 0xC58E, 0xC56F, 0xBCEC,
    0xBCEC, 0xB4EB, 0xBC6C, 0xB429, 0xACA9, 0xA408, 0x9B87, 0x9B67,
    0x8B05, 0x82A4, 0x7A42, 0x69A0, 0x59E0, 0x4080, 0x51E0, 0x5180,
    0x5A20, 0x5AE2, 0x6384, 0x6346, 0x6307, 0x6BC3, 0x6382, 0x7407,
    0x7C29, 0x7C29, 0x7388, 0x8BEB, 0x940B, 0x8C8A, 0x7C49, 0x7369,
    0x7B46, 0x836A, 0x6A25, 0x8347, 0x7BEB, 0x7BC8, 0x8C48, 0x946B,
    0x946C, 0x9489, 0x9487, 0xA4A9, 0xA44B, 0x9CEE, 0x954E, 0x9CAB,
    0xAD2E, 0xAD30, 0x9CF0, 0x9D2F, 0xB5F1, 0xADD0, 0xB5D0, 0xA54F,
    0xBDF3, 0xADB1, 0x9D91, 0xC634, 0xBE53, 0xC6B5, 0xBE91, 0xBE71,
    0xBE73, 0xCE94, 0xCE92, 0xBE8F, 0xC6B2, 0xDEB3, 0xCEB2, 0xCE33,
    0xCDB0, 0xCE31, 0xCE11, 0xCE10, 0xB5CF, 0xCDAF, 0xD5AD, 0xB54B,
    0xC611, 0xB58E, 0xBD4C, 0xCDED, 0xD5AF, 0xDD8E, 0xCD2A, 0xCD4C,
    0xC4CE, 0xC50D, 0xBCCC, 0xB4AB, 0xB4CB, 0xB4AB, 0xB469, 0xABE7,
    0xABC8, 0xA3E8, 0x9B27, 0x9B26, 0x9366, 0x8B25, 0x8AC4, 0x8283,
    0x8262, 0x71E0, 0x69A0, 0x59C0, 0x40C0, 0x51C0, 0x5160, 0x5A20,
    0x61E0, 0x6142, 0x6A43, 0x6AA3, 0x72E5, 0x7B25, 0x7B66, 0x7B86,
    0x83C3, 0x8C24, 0x7C43, 0x8B85, 0x8B47, 0x942C, 0x94F0, 0x8CEF,
    0x8D0F, 0x8D91, 0x8CCD, 0x944C, 0x8B2D, 0x7B6A, 0x8C49, 0x8C8A,
    0x9449, 0x9530, 0x9DF3, 0x950C, 0xAD0C, 0xA550, 0xADB1, 0xC6B6,
    0xAE51, 0xC692, 0xBE34, 0xBE55, 0xAE16, 0xC6D7, 0xCF59, 0xC6D7,
    0xD6D6, 0xEF39, 0xDEB7, 0xD6B8, 0xCEF8, 0xBE74, 0xC6B4, 0xC6B1,
    0xCE92, 0xB56F, 0xC58F, 0xACED, 0x9CAB, 0xA56A, 0xC5AD, 0xCD8C,
    0xBD6D, 0xAD08, 0xAD0A, 0xC58E, 0xBDCE, 0xC692, 0xC54F, 0xBC6E,
    0xCDF3, 0xCDB2, 0xD630, 0xD5CE, 0xC56E, 0xC54C, 0xC549, 0xBC48,
    0xAB86, 0xB42B, 0xABE8, 0xABC7, 0xAC07, 0xA386, 0x9303, 0xA366,
    0x8B62, 0x8364, 0x8AA4, 0x8244, 0x82C4, 0x7A82, 0x7200, 0x7A61,
    0x69E0, 0x6A20, 0x6140, 0x3800, 0x5200, 0x5A80, 0x5AE1, 0x62E1,
    0x6B22, 0x6B21, 0x7BC9, 0x7B88, 0x7344, 0x8387, 0x9466, 0x8427,
    0x8BA9, 0x8C2B, 0x8CCB, 0x84EA, 0x9CAB, 0x94AB, 0x84EF, 0x7C2C,
    0x842C, 0x7BCA, 0x844B, 0x850D, 0x8CAE, 0x9C8D, 0x9D0E, 0x94AE,
    0x9C8A, 0x94CA, 0x956F, 0x956C, 0x9DEF, 0x9D90, 0xADD1, 0xC678,
    0xB677, 0xB655, 0xCE76, 0xC5F5, 0xC5D6, 0xD637, 0xC611, 0xBE53,
    0xC693, 0xBE72, 0xB5CE, 0xBDAF, 0xBD6D, 0xBD6F, 0xB52D, 0xAD4A,
    0xADCD, 0xB54A, 0xAD49, 0xBCEE, 0xAC8C, 0xA4EA, 0xAD6C, 0xACEA,
    0xD630, 0xC631, 0xB54B, 0xC5CE, 0xD631, 0xCEB2, 0xCE0F, 0xCD8E,
    0xBD8E, 0xBD4E, 0xBD4D, 0xCDCD, 0xCDB0, 0xBD6A, 0xBDA8, 0xB467,
    0xBC49, 0xA3C6, 0xA386, 0xA346, 0xA347, 0x9B46, 0x9AE5, 0x9B05,
    0x92E6, 0x8323, 0x82A1, 0x8A22, 0x82E3, 0x7A61, 0x7A62, 0x6A01,
    0x51E0, 0x5140, 0x4020, 0x5200, 0x5A40, 0x6A61, 0x72E3, 0x7BA7,
    0x8326, 0x7AE3, 0x7AE1, 0x948C, 0x83E6, 0x72E0, 0x83E9, 0x7C69,
    0x8489, 0x7BC6, 0x73A7, 0x5385, 0x6326, 0x7286, 0x6A45, 0x62E6,
    0x6AE7, 0x7266, 0x6326, 0x6367, 0x6AE6, 0x7B47, 0x7BA5, 0x83E7,
    0x8C28, 0x94CA, 0x94CC, 0x84C9, 0x84CA, 0x950C, 0x84A9, 0x950B,
    0x850B, 0x94EB, 0x954A, 0x7CA7, 0x8C6B, 0xAD11, 0x9CAB, 0xAD2D,
    0xBD71, 0x9CAB, 0xAD2F, 0xB52C, 0xACA9, 0xA4AA, 0xAC6B, 0x9448,
    0x9447, 0x9C47, 0xA4E9, 0xB50C, 0xAD0B, 0x9D2A, 0x8D06, 0xB4A6,
    0xB446, 0xC5AE, 0xBDEE, 0xBD2A, 0xACAA, 0xBDCF, 0xCE10, 0xC5AC,
    0xBD0C, 0xC52F, 0xC5CE, 0xBDAC, 0xBD6C, 0xC52E, 0xBCAD, 0xBC88,
    0xB46A, 0xB469, 0xAC08, 0xA347, 0x9326, 0x9286, 0xA347, 0x9284,
    0x8A87, 0x93A9, 0x7A60, 0x82C3, 0x8243, 0x7240, 0x79E1, 0x61A0,
    0x5960, 0x4020, 0x5A40, 0x62C0, 0x62E0, 0x6AE1, 0x72E3, 0x6303,
    0x6345, 0x6B45, 0x6260, 0x6AA5, 0x73A6, 0x7B06, 0x7A84, 0x7AC3,
    0x7385, 0x83C9, 0x7B88, 0x7389, 0x6BA8, 0x6B47, 0x73E9, 0x73E9,
    0x73C9, 0x7B48, 0x7B07, 0x7BE8, 0x7C29, 0x83C9, 0x7C0A, 0x73E9,
    0x7BE9, 0x8BA9, 0x8C47, 0x83CA, 0x8C2D, 0x8C8A, 0x9389, 0xA44E,
    0x7B88, 0x7408, 0x8C8A, 0x8C48, 0x944D, 0x9C4C, 0x9C6C, 0xA4ED,
    0xACCE, 0xBD2E, 0xA4CD, 0xACEB, 0xB54B, 0xACAA, 0xA469, 0x8BE6,
    0xA428, 0x9D0B, 0x9406, 0xACA9, 0xB4CD, 0xAD6F, 0x958B, 0x94E8,
    0xB408, 0xB4AA, 0xBDCD, 0xBE11, 0xBD50, 0xBCEF, 0xC52F, 0xBD2D,
    0xC58E, 0xBD0D, 0xB42A, 0xC4CD, 0xBC8C, 0xB48B, 0xB448, 0xABE6,
    0xAC06, 0xAC07, 0xABC7, 0xA365, 0x92A5, 0x82A4, 0x9B23, 0x92A4,
    0x8AC7, 0x8242, 0x7A41, 0x7281, 0x6A60, 0x71A0, 0x59C0, 0x5900,
    0x4000, 0x51E0, 0x6260, 0x6A60, 0x5AA0, 0x5AE2, 0x6B27, 0x6B68,
    0x7387, 0x7BA6, 0x7B8A, 0x8BE8, 0x7BC8, 0x8C2A, 0x8C0B, 0x7BAA,
    0x83CB, 0x7BC8, 0x83E8, 0x844B, 0x740B, 0x7BE9, 0x7BC9, 0x7C0A,
    0x944D, 0x8C6B, 0x9CAD, 0x8CCC, 0x844A, 0x9C8B, 0xA4EC, 0x950B,
    0x948B, 0xA56D, 0xA5CD, 0x958B, 0x950E, 0x94EF, 0x954F, 0xA50E,
    0xB570, 0xA572, 0x9D91, 0xAD8F, 0xBDF3, 0xB592, 0xA52D, 0xA4EE,
    0xB4EE, 0xB54F, 0xA54D, 0x9D0B, 0x9CE8, 0xA486, 0xACC9, 0xB54D,
    0xAE10, 0x9D4C, 0xC611, 0xCE31, 0xD632, 0xC5B2, 0xC613, 0xCE94,
    0xC611, 0xC4EE, 0xC54F, 0xBD6D, 0xB52D, 0xB4AE, 0xC56E, 0xC54F,
    0xCD6F, 0xBCED, 0xAC8B, 0xB4A9, 0xAC08, 0xB4AB, 0xB468, 0xAC08,
    0xB48B, 0xB44A, 0xB429, 0xAC0A, 0xABAB, 0xB3EB, 0x8A82, 0x8AA3,
    0x8A84, 0x8242, 0x7A21, 0x79A1, 0x69E0, 0x59C0, 0x50E0, 0x3860,
    0x5200, 0x5A40, 0x6281, 0x62A3, 0x6A42, 0x6B05, 0x7365, 0x7346,
    0x7C2B, 0x7C47, 0x8428, 0x7C69, 0x7C08, 0x94CA, 0xA4EA, 0x94AB,
    0x94CD, 0x94CE, 0x948A, 0x8C29, 0x846C, 0x8C4D, 0x842B, 0x7408,
    0x94AB, 0x7BA7, 0x6AE3, 0x8C47, 0x8CC8, 0x8BA5, 0x6B46, 0x6BE8,
    0x62A3, 0x5261, 0x84CB, 0x7449, 0x8C4B, 0xA530, 0x94EE, 0xA50F,
    0x9CEC, 0x9D2F, 0x9CB0, 0x9CAD, 0x9CED, 0xBD12, 0xAD50, 0xA56E,
    0xBDD1, 0xC5B1, 0xB5F0, 0xB5AF, 0xBDCF, 0xD633, 0xD611, 0xD612,
    0xD694, 0xCEB4, 0xCE94, 0xE715, 0xD6B3, 0xD633, 0xCE33, 0xD694,
    0xD612, 0xDDF3, 0xD611, 0xC5EF, 0xC590, 0xC56F, 0xB4CC, 0xBD6E,
    0xBD0D, 0xCD0F, 0xC4EE, 0xBCAC, 0xBD0E, 0xB48D, 0xB46D, 0xBD2D,
    0xAC2B, 0xAC09, 0xBCCE, 0xAB89, 0x9B26, 0x92E6, 0x9B06, 0x8282,
    0x7AA2, 0x7A02, 0x79C0, 0x71E0, 0x5960, 0x5060, 0x38A0, 0x5200,
    0x5A80, 0x5A80, 0x62C3, 0x6B26, 0x72E6, 0x7305, 0x73A4, 0x73A5,
    0x7383, 0x8BC6, 0xA426, 0x9C68, 0x8C8A, 0x844A, 0x9CAF, 0xAD4D,
    0x9D0F, 0x842C, 0x94AD, 0x956E, 0x8C8C, 0x8409, 0x846B, 0x9CCC,
    0xAD70, 0xB5F2, 0xA570, 0xA531, 0xB612, 0xC6D2, 0xC673, 0xBE95,
    0xC656, 0xC5D4, 0xB5B3, 0xA5AF, 0xB591, 0xAD30, 0xB5B3, 0xA50F,
    0xA58C, 0xA4EE, 0xAD30, 0xA4CE, 0xA44E, 0xAD8F, 0xB5B1, 0xAD6F,
    0xCDB1, 0xD632, 0xCDF1, 0xE6F6, 0xDEB6, 0xD696, 0xCE12, 0xDE73,
    0xDE73, 0xCE72, 0xD6D4, 0xD715, 0xDF37, 0xD653, 0xDEF7, 0xD6F5,
    0xCE51, 0xE6D4, 0xCE31, 0xCE31, 0xC5D0, 0xCDF0, 0xD5F0, 0xD611,
    0xD631, 0xCD90, 0xD5D1, 0xD5CF, 0xC52D, 0xC52D, 0xB4CC, 0xAC6C,
    0xAC09, 0xAC09, 0x9B47, 0x9B46, 0xA368, 0x9B26, 0x8AC5, 0x8286,
    0x82A4, 0x7A42, 0x71C0, 0x59C0, 0x5140, 0x3840, 0x51C0, 0x5241,
    0x5A60, 0x6282, 0x5B44, 0x6325, 0x7326, 0x8325, 0x7A82, 0x7325,
    0x7365, 0x7B65, 0x8BE6, 0x8C25, 0x83A5, 0x8426, 0x83EB, 0x7BA8,
    0x7BE5, 0x7C08, 0x83C8, 0xA4AD, 0xB5B0, 0xBE74, 0xB652, 0xAE74,
    0xC6D4, 0xC6D5, 0xCF37, 0xD778, 0xCF55, 0xCF93, 0xF7D9, 0xF7FC,
    0xDFDB, 0xFFFC, 0xDF7A, 0xD75B, 0xD6D9, 0xDED7, 0xE6FA, 0xE75A,
    0xCF17, 0xCF35, 0xD757, 0xDF78, 0xDF57, 0xD696, 0xDEB6, 0xCE96,
    0xD696, 0xCE74, 0xCE12, 0xC630, 0xC630, 0xC5F0, 0xBD8E, 0xD675,
    0xD5F1, 0xCDF0, 0xCDD1, 0xD611, 0xD6D2, 0xDE53, 0xCDD2, 0xCE31,
    0xD631, 0xD590, 0xCD8F, 0xC5F0, 0xD5F1, 0xD592, 0xCD91, 0xCDF0,
    0xC56E, 0xCD6F, 0xCD6D, 0xC52D, 0xBD4D, 0xBCED, 0xBD2D, 0xB46B,
    0xAC08, 0xAC29, 0xABE8, 0xA387, 0x9B68, 0x9325, 0x9304, 0x82E5,
    0x7A43, 0x71A0, 0x61C0, 0x5940, 0x3800, 0x51E0, 0x5A21, 0x6241,
    0x5AC3, 0x5A60, 0x6AC5, 0x52A4, 0x62C5, 0x7C29, 0x8BA6, 0x8B44,
    0x8428, 0x7B66, 0x83E6, 0x9CAB, 0x9D2A, 0x9CAB, 0xA530, 0xBE13,
    0x9D4C, 0x8CCC, 0x7C49, 0x8CCD, 0x948C, 0x9448, 0x9CCD, 0x7B85,
    0x7B44, 0xA468, 0x8387, 0x7BEC, 0xA591, 0xA571, 0xADAD, 0x95B0,
    0xA5B2, 0xCED8, 0xD7FE, 0xD7FE, 0xCF9C, 0xCF7A, 0xCF59, 0xD73B,
    0xD77A, 0xD738, 0xD6F8, 0xDEF8, 0xD738, 0xDF39, 0xD717, 0xDEB6,
    0xDEF7, 0xDEF7, 0xD6B5, 0xCE72, 0xD675, 0xD633, 0xD631, 0xC5EF,
    0xD5F2, 0xD652, 0xDE54, 0xD5D1, 0xCDCF, 0xD5F1, 0xCDB0, 0xC5AF,
    0xD612, 0xCD6F, 0xCD8E, 0xC52D, 0xBCAB, 0xB48A, 0xBCED, 0xB4EA,
    0xBCCC, 0xBCCC, 0xC4CD, 0xB4AB, 0xB46C, 0xAC2B, 0xA3E9, 0xB429,
    0xB46A, 0xAC09, 0xA3A7, 0xA3A8, 0x9346, 0x8AE5, 0x82A3, 0x7A62,
    0x71C0, 0x61A0, 0x5940, 0x4000, 0x5200, 0x5A01, 0x5A40, 0x5A41,
    0x5A42, 0x6386, 0x5B23, 0x8329, 0x73A8, 0x5B64, 0x83E8, 0x946A,
    0x946A, 0x950C, 0x846A, 0x8C8C, 0x8BEA, 0x7B68, 0x7B89, 0x7B4A,
    0x7B69, 0x6BC7, 0x6265, 0x840B, 0x8489, 0x9468, 0x9CCC, 0x9571,
    0x8CCD, 0xA50A, 0xA509, 0x94CD, 0x6C4D, 0x83AD, 0xACAE, 0xAD2B,
    0xAD6C, 0x93C5, 0x82A5, 0xACEE, 0xC590, 0xBEF2, 0xB633, 0xCE16,
    0xCEB8, 0xD6D6, 0xD6F9, 0xE719, 0xD6F7, 0xCED5, 0xDED8, 0xDEF7,
    0xDED7, 0xE6F8, 0xDF39, 0xD6D6, 0xDED7, 0xDEB7, 0xD696, 0xDE75,
    0xDE72, 0xD653, 0xDE54, 0xD5F1, 0xCDB0, 0xCD71, 0xD5B0, 0xD5F1,
    0xCD4F, 0xC52F, 0xBD0E, 0xC530, 0xC4EC, 0xC4CB, 0xB4A8, 0xBD0B,
    0xC52E, 0xBCCE, 0xB449, 0xBC8B, 0xBC4B, 0xB449, 0xAC0A, 0x9B68,
    0x9B46, 0x9B68, 0x9327, 0x8B05, 0x8AC5, 0x8AE6, 0x8225, 0x71C0,
    0x61A0, 0x5900, 0x4020, 0x49A0, 0x4A00, 0x52A0, 0x5AA2, 0x5A62,
    0x6262, 0x4AC5, 0x3AC0, 0x6A43, 0x6A04, 0x6AC5, 0x6222, 0x62C3,
    0x6A85, 0x7366, 0x94EB, 0x6405, 0x734A, 0x62E5, 0x6B66, 0x8BA8,
    0x94AD, 0x848C, 0x8C48, 0x8BA9, 0x842B, 0x9448, 0x8507, 0x8591,
    0x9E78, 0xA614, 0xB52D, 0xBDAE, 0xA5D2, 0xA572, 0xAD10, 0xB572,
    0xD6D8, 0xCED8, 0xC6D8, 0xAC2D, 0xD3E0, 0xE5E0, 0xCD60, 0xC5AC,
    0xD652, 0xC672, 0xCE74, 0xE6D8, 0xE6D7, 0xDF39, 0xDF3B, 0xD73A,
    0xDEB8, 0xD6D8, 0xD6F8, 0xCED6, 0xD6B5, 0xDED6, 0xDE95, 0xDE75,
    0xDE54, 0xDE74, 0xD632, 0xD611, 0xD5F0, 0xCD8E, 0xBD6D, 0xBD6D,
    0xD56F, 0xD571, 0xDDD3, 0xD611, 0xCD2F, 0xC4AE, 0xCD4D, 0xCD4B,
    0xBC6B, 0xBCAD, 0xBCE8, 0x9B44, 0xB427, 0xA3A8, 0x8A85, 0x92C6,
    0x9304, 0x8B05, 0x82C4, 0x7A43, 0x7220, 0x71C1, 0x71C0, 0x6980,
    0x5980, 0x4060, 0x5A00, 0x5220, 0x50E0, 0x49A1, 0x5344, 0x6223,
    0x6A89, 0x6264, 0x5B46, 0x5BC9, 0x6368, 0x7B29, 0x7C09, 0x742A,
    0x7307, 0x7166, 0x6B24, 0x7425, 0x7BC8, 0x7B89, 0x7468, 0x6B43,
    0x7BA9, 0x7C09, 0x7BA7, 0x8449, 0x8349, 0x7304, 0x8BA3, 0x4160,
    0x5265, 0x842A, 0x942C, 0x9CAF, 0xA590, 0xAE73, 0xB6F6, 0xBE75,
    0xC633, 0xC733, 0xB719, 0x9D76, 0xCDD7, 0xC5D3, 0xCE92, 0xE677,
    0xD656, 0xBEB2, 0xDEFA, 0xE73D, 0xDEF6, 0xDE95, 0xE6FA, 0xD73A,
    0xD718, 0xDF39, 0xDF39, 0xE73A, 0xDEB6, 0xD6D5, 0xD6B3, 0xD6B3,
    0xCE93, 0xB5CF, 0xC5AF, 0xB54D, 0xBD2C, 0xBD0C, 0xB50C, 0xBD0C,
    0xBC49, 0xB427, 0xB50A, 0xC50C, 0xC4AC, 0xBCCB, 0xC54B, 0xBCCB,
    0xB42A, 0xB3A8, 0x9345, 0x93C5, 0x92C3, 0x8B05, 0x8346, 0x8A41,
    0x7220, 0x7220, 0x7A22, 0x7200, 0x7200, 0x71C1, 0x59C0, 0x59A0,
    0x3860, 0x5180, 0x52A0, 0x62A3, 0x6223, 0x6282, 0x5AE5, 0x6366,
    0x6B07, 0x6A65, 0x6B88, 0x6C4A, 0x6388, 0x69E6, 0x7328, 0x7C6B,
    0x7BEB, 0x9B8B, 0x83E8, 0x84AA, 0x9CAB, 0x7C4B, 0x7C4B, 0x9447,
    0x8BC7, 0x746A, 0x852B, 0x9CEE, 0x94EF, 0xCDD4, 0xC592, 0xA550,
    0xADB1, 0x9CEF, 0x9CEF, 0xA4AF, 0x9C2F, 0x7BCB, 0x7C6B, 0x9BF0,
    0x8B4A, 0xADAD, 0xC654, 0xCE54, 0xCE73, 0xC634, 0xBDF2, 0xCEB6,
    0xCEB6, 0xBE2C, 0xC589, 0xE638, 0xDED4, 0xDEF5, 0xEEF9, 0xD676,
    0xDF99, 0xC6F6, 0xCEB6, 0xDE56, 0xD656, 0xDE94, 0xD672, 0xCE52,
    0xCE32, 0xCE73, 0xC672, 0xCE32, 0xCE11, 0xC58F, 0xBD4E, 0xC56E,
    0xC52E, 0xC50E, 0xBCEC, 0xB4EB, 0xBCAB, 0xBCEC, 0xBCCC, 0xB468,
    0xB46A, 0xB40A, 0xAC27, 0xA3C8, 0x92E6, 0x8B45, 0x8A85, 0x7A21,
    0x8283, 0x8A64, 0x8222, 0x69E0, 0x61C0, 0x5A00, 0x50A0, 0x3060,
    0x51E0, 0x59E0, 0x5261, 0x5AC3, 0x6264, 0x6AA5, 0x6AC7, 0x6369,
    0x6B08, 0x6AE6, 0x6346, 0x744A, 0x8C6F, 0x7B48, 0x7B66, 0x7C4A,
    0x7C8E, 0x8C2D, 0x8C4A, 0x8C88, 0x9488, 0x9C8C, 0x8D2E, 0xB5D2,
    0xB531, 0x9D71, 0xA571, 0xADF3, 0xAE53, 0xB693, 0xAE32, 0xC695,
    0xC675, 0xBE94, 0xBE94, 0xBEB5, 0xBDF2, 0xBE35, 0x9E11, 0x9D92,
    0xAD72, 0x8D2D, 0xA591, 0xA52E, 0x9D4E, 0xA54F, 0xACEC, 0xB572,
    0xA5D0, 0x9D8B, 0xC592, 0xACB0, 0x952C, 0xBDF1, 0xD534, 0xDE74,
    0xC632, 0xBE52, 0xBE34, 0xC655, 0xA5F3, 0xD575, 0xD5F2, 0xDE33,
    0xCE53, 0xC651, 0xCE52, 0xCE31, 0xCE71, 0xCE31, 0xCDF0, 0xC5F0,
    0xCDF1, 0xD611, 0xD610, 0xD5D0, 0xC56E, 0xC56E, 0xBD2E, 0xBD2D,
    0xBD0C, 0xB4AC, 0xB48A, 0xA387, 0x9326, 0x82C4, 0x8243, 0x8221,
    0x71C0, 0x7A21, 0x79C1, 0x61A0, 0x59A0, 0x50C0, 0x3840, 0x5200,
    0x6220, 0x5A60, 0x5A82, 0x5AC5, 0x5B05, 0x6307, 0x6328, 0x6BA9,
    0x5AA6, 0x7A05, 0x7368, 0x5B46, 0x7387, 0x7BEA, 0x8BC9, 0x7409,
    0x744B, 0x9C8D, 0x94B0, 0x9DB2, 0xBE12, 0x946E, 0x8CED, 0x950E,
    0xAD94, 0xADD1, 0xB695, 0x9D12, 0xB595, 0xCE77, 0xAD72, 0xA592,
    0xB5D3, 0xCDF5, 0xCEF8, 0xCF3A, 0xD6D8, 0xE719, 0xD697, 0xB592,
    0xB5B2, 0xBDD4, 0xA50F, 0xB5B2, 0xA572, 0xA50F, 0xAD4F, 0xAD72,
    0xAD91, 0xAD6C, 0xB490, 0xAC8E, 0xADCC, 0xAC6D, 0xAC6D, 0x9D6A,
    0xB52D, 0xA4EE, 0xB50E, 0x8CCB, 0xA50A, 0xADAD, 0xCD6C, 0xCDD1,
    0xBDB0, 0xBE51, 0xBDD0, 0xCDB0, 0xD672, 0xC5F0, 0xD611, 0xD611,
    0xD631, 0xDE92, 0xCE10, 0xD5F0, 0xD60F, 0xC54F, 0xCD8F, 0xBD0D,
    0xB4CD, 0xB4CA, 0xA3A7, 0x92E6, 0x7B03, 0x82C3, 0x8283, 0x8221,
    0x6A20, 0x69E0, 0x61C0, 0x5180, 0x5920, 0x4040, 0x51E0, 0x5220,
    0x5A80, 0x5A60, 0x5282, 0x52C3, 0x5AE5, 0x6285, 0x62C6, 0x6BAA,
    0x7BED, 0x7BC9, 0x8CEE, 0x8D10, 0x7C8F, 0x94ED, 0x94A9, 0x84A9,
    0x7C6B, 0x948C, 0x84AB, 0x7CCC, 0x8D8F, 0xA593, 0x9D71, 0xA530,
    0x8C4E, 0x9C8F, 0xA50D, 0x840B, 0x8C0C, 0x8CCE, 0x948E, 0x8CB0,
    0x942C, 0x83E8, 0x8BEB, 0x8C2D, 0x7ACA, 0x93EE, 0x9450, 0x8D30,
    0x8DB0, 0x8D30, 0xBE34, 0x954E, 0xA5B2, 0xB5D2, 0xAD4F, 0x9D30,
    0x9D2D, 0xA50F, 0xB44F, 0xA447, 0x8C46, 0xA40E, 0xA3CA, 0xA48D,
    0xAC6A, 0x9B09, 0xA34A, 0xB486, 0xA3EA, 0x8B84, 0x8BC4, 0xA409,
    0xACC9, 0x9CC9, 0xB48A, 0xAC89, 0xB44A, 0xB4CD, 0xB4EC, 0xBCAD,
    0xB4AC, 0xBD0D, 0xBD2D, 0xC52D, 0xBC8D, 0xB46A, 0xBC6B, 0xB48B,
    0xB489, 0xA3C7, 0x9285, 0x8AC6, 0x8B24, 0x7A82, 0x8220, 0x7200,
    0x7220, 0x61C0, 0x59E0, 0x5980, 0x4020, 0x5A41, 0x5220, 0x5220,
    0x5A41, 0x5262, 0x5A64, 0x62E5, 0x5B27, 0x6389, 0x6B47, 0x6B26,
    0x6AE8, 0x6263, 0x7366, 0x7B67, 0x7B89, 0x7BEB, 0x8D4C, 0x7CAA,
    0x83E8, 0x7BC7, 0x7B24, 0x7BCA, 0x8409, 0x6BC5, 0x7C0B, 0x8CAC,
    0x8BED, 0x7BAB, 0x740A, 0x8C8E, 0x946E, 0x942B, 0x8BEA, 0x840A,
    0xB572, 0xAD50, 0xAE14, 0xBDD5, 0xB552, 0x94EF, 0x9D2F, 0xAD92,
    0x844F, 0x848D, 0xAD2F, 0x8CCA, 0x94CD, 0xA4AD, 0xA4AD, 0xACF0,
    0xA56E, 0xA42C, 0xAD32, 0xB5F2, 0xA4CD, 0xA409, 0xACD0, 0xA48C,
    0x93CA, 0xA4EA, 0xA428, 0xA389, 0xA48E, 0x9BA7, 0x8BA5, 0xB4EA,
    0xA4E8, 0xA3E7, 0xAC07, 0xAC2A, 0xB40C, 0xB489, 0xB4AA, 0xA447,
    0xB449, 0xAC06, 0xA3E5, 0xB429, 0xABA7, 0xBC6A, 0x9B44, 0xA347,
    0xB449, 0x9346, 0x9306, 0xA408, 0x8AC4, 0x8A23, 0x7A02, 0x7A00,
    0x69C0, 0x59C0, 0x5940, 0x3840, 0x5140, 0x5A60, 0x5A60, 0x5A20,
    0x52A1, 0x6262, 0x62A1, 0x62A4, 0x6B27, 0x6BCB, 0x7BA8, 0x83AB,
    0x7B2A, 0x7B88, 0x8427, 0x83C6, 0x72E3, 0x7C07, 0x7BC6, 0x8BE9,
    0x844D, 0x8C89, 0x83A8, 0x6B87, 0x6C6B, 0x840F, 0x8C2E, 0xA653,
    0xA571, 0xACCF, 0x9D30, 0xA5B1, 0xA635, 0xAE36, 0xBE98, 0xB5D5,
    0xA553, 0xA5B4, 0x95B1, 0xAD12, 0xAD93, 0xADF4, 0xBDF2, 0xBE34,
    0xB5F4, 0xD658, 0xD6B9, 0xCEDA, 0xC5F5, 0xADF1, 0xA654, 0xA631,
    0xBE12, 0xBEB6, 0xD635, 0xCE13, 0xBDB1, 0xBD52, 0xAC6E, 0x9287,
    0x8AA5, 0x93A8, 0x8A26, 0x9B88, 0xACCA, 0x93E5, 0x9427, 0xB4C9,
    0xA447, 0xBCAC, 0xB4EE, 0xB46B, 0xB44C, 0xB4CA, 0xB4CB, 0xAC48,
    0xB42B, 0xB4CD, 0xAC48, 0xA346, 0xAB47, 0x9AC4, 0xAB86, 0xA3E7,
    0x9307, 0x9365, 0x8B65, 0x82E4, 0x8A83, 0x8221, 0x71A0, 0x61E0,
    0x59A0, 0x5940, 0x4020, 0x5A80, 0x5260, 0x59C1, 0x59C0, 0x5A83,
    0x62A9, 0x5A65, 0x7346, 0x5AA5, 0x5AC6, 0x73C9, 0x7407, 0x83E8,
    0x7BEA, 0x7C25, 0x7C67, 0x83E8, 0x8C09, 0x8427, 0x9469, 0x8C4C,
    0x8C6C, 0x94EF, 0x94B2, 0xA4B1, 0xB672, 0xB593, 0xACD2, 0x8D71,
    0x7D2F, 0x9C90, 0x940F, 0x9D51, 0xAE97, 0xA656, 0x9572, 0x9D50,
    0x9CF0, 0x946F, 0x9CEF, 0xB512, 0xB5D5, 0xA592, 0xC554, 0xBDF3,
    0xA5F0, 0xAE11, 0xA570, 0xAD91, 0xC5F2, 0xB5D1, 0x9D10, 0xA510,
    0xA50D, 0xC5D1, 0xD5D2, 0xD5F5, 0xCE34, 0xBDD2, 0xBDD0, 0xB4B1,
    0xA5AE, 0xA5CE, 0x9C0B, 0xA467, 0xA485, 0x9C04, 0x9C65, 0x9446,
    0xAB88, 0xAC68, 0xA4E8, 0xBCCD, 0xBCAD, 0xCD2F, 0xBCEC, 0xAC0A,
    0xB387, 0xB448, 0xB449, 0xABA7, 0xABE8, 0xABC7, 0x9B46, 0xA2C7,
    0x8AA4, 0x8B05, 0x8B64, 0x8263, 0x8242, 0x79C0, 0x69C0, 0x59E0,
    0x5940, 0x3820, 0x5140, 0x51E0, 0x5200, 0x51C0, 0x41A0, 0x4A40,
    0x51E1, 0x6AE5, 0x6B47, 0x6B07, 0x6AE6, 0x6B22, 0x6B84, 0x7B68,
    0x7B48, 0x8409, 0x83CA, 0x7B8A, 0x844B, 0x8CAC, 0x8CED, 0x83EB,
    0x83C9, 0x8BC9, 0x838B, 0x7BCA, 0x7449, 0x7C08, 0x7BAA, 0x6B8A,
    0x8BE9, 0x73E8, 0x63C4, 0x69A2, 0x69C0, 0x8BC7, 0x9C6C, 0x950B,
    0x9C2E, 0x9D2F, 0x9CED, 0x9469, 0x952B, 0x9CEB, 0xA48D, 0x9D0F,
    0xA4EB, 0xA44A, 0x9C4A, 0x93C8, 0xA449, 0xB48D, 0xA52F, 0xA4EF,
    0xAD50, 0xAD4C, 0xBD4E, 0xC5D0, 0xBDD2, 0xB60F, 0xC54F, 0xB50D,
    0x9DD0, 0xBD32, 0xC550, 0xB4EB, 0xB4AD, 0xBD10, 0xBCED, 0xB58F,
    0xB54D, 0xC4AE, 0xC58F, 0xBD6D, 0xCDAE, 0xCCEE, 0xBCCD, 0xC3C9,
    0xB4AB, 0xB4AA, 0xB3E9, 0xABA7, 0x9AC4, 0x93C5, 0xA387, 0x92A6,
    0x9305, 0x8B44, 0x8242, 0x71A0, 0x71E1, 0x71E0, 0x59A0, 0x50A0,
    0x3880, 0x5260, 0x52A0, 0x5A61, 0x6242, 0x5A44, 0x6344, 0x6286,
    0x6227, 0x6B46, 0x7B69, 0x7BA9, 0x8C6A, 0x8C8A, 0x8429, 0x8C2C,
    0x8428, 0x9D49, 0x8D6E, 0x84CB, 0x94AB, 0x846C, 0x8CAD, 0x958F,
    0x954E, 0x844B, 0x7B29, 0x9C0C, 0x6C6A, 0x7C0C, 0x946C, 0x9D30,
    0x9C8C, 0x9D6F, 0xAF18, 0x9DB4, 0x9E52, 0x9591, 0x84CD, 0x94AB,
    0x946B, 0x948C, 0x8C4C, 0x9CCA, 0x9409, 0x8C0B, 0x940B, 0x936A,
    0xA48B, 0x9C6D, 0xA573, 0x9D90, 0xACCF, 0xC530, 0xB5F0, 0xB611,
    0xBDD1, 0xC5B2, 0xCE12, 0xBD90, 0xBD4F, 0xD5D1, 0xD693, 0xCEB3,
    0xCE51, 0xCEB2, 0xE5B5, 0xDDD6, 0xCDF3, 0xCDAF, 0xC5D1, 0xBDAF,
    0xC570, 0xB4EC, 0xB4EC, 0xBCED, 0xB48B, 0xAC89, 0xC40D, 0xB469,
    0xA3C6, 0xAB88, 0xAB87, 0xAB87, 0x9B87, 0x8B66, 0x9B07, 0x9325,
    0x8AC4, 0x8243, 0x71E1, 0x6200, 0x61A0, 0x6200, 0x5100, 0x3820,
    0x4900, 0x5200, 0x5A43, 0x5A41, 0x5A41, 0x6AE5, 0x6304, 0x6B05,
    0x62C3, 0x6B05, 0x7348, 0x6A46, 0x62E0, 0x6B82, 0x73A2, 0x6B47,
    0x72A1, 0x7222, 0x62A4, 0x6B88, 0x7329, 0x7266, 0x7BAA, 0x7449,
    0x746B, 0x74EE, 0x7C0C, 0x8347, 0x83EB, 0x8469, 0x62E4, 0x7AE7,
    0x7367, 0x6A86, 0x7144, 0x72E6, 0x72A5, 0x7B2A, 0x8C4B, 0x7B04,
    0x6B64, 0x846B, 0x7C07, 0x9488, 0x94AA, 0x8B69, 0x93AA, 0xA50C,
    0x8C48, 0x844A, 0x7C68, 0xA50E, 0xB4CF, 0xADAF, 0xB612, 0xBDF2,
    0xBDD2, 0xBDF1, 0xCE33, 0xCE14, 0xC551, 0xBE51, 0xDEF5, 0xD693,
    0xC6F1, 0xDED4, 0xCE71, 0xC612, 0xBE0F, 0xCDCF, 0xDE51, 0xD632,
    0xCD50, 0xBD8E, 0xB509, 0xBD0A, 0x9C66, 0x9263, 0xABC6, 0xA408,
    0xBC6B, 0x9B07, 0xAB88, 0xA3A6, 0x9BC8, 0x9327, 0x8AA4, 0x8221,
    0x79E0, 0x79E1, 0x79C0, 0x61C0, 0x6220, 0x5100, 0x3820, 0x49A0,
    0x5240, 0x5240, 0x5241, 0x5241, 0x5A62, 0x5A63, 0x6243, 0x6263,
    0x6AE5, 0x5A43, 0x5AC2, 0x6388, 0x7A67, 0x5A20, 0x5366, 0x6367,
    0x8367, 0x7C2B, 0x7BEC, 0x8C6B, 0x842D, 0x8BCB, 0x948C, 0x9C8F,
    0x8C2D, 0x9551, 0xA4CE, 0x836A, 0x8BEC, 0x8D10, 0x842C, 0x9C6D,
    0xAD30, 0x9470, 0x9D14, 0x9D11, 0x8D0F, 0x83CA, 0xA44E, 0xA54E,
    0xA4EE, 0xA4CD, 0xB5B1, 0xAD52, 0xAD10, 0xAE2F, 0xBDD6, 0xC594,
    0xBDF3, 0xBDB1, 0xB56F, 0xBD91, 0xBD6F, 0xADAF, 0xB5F0, 0xC5F1,
    0xDEB8, 0xD614, 0xC5D1, 0xDE95, 0xC633, 0xBE10, 0xDEB4, 0xD6B2,
    0xDF12, 0xD6D3, 0xCE72, 0xD652, 0xD5EF, 0xCDEE, 0xCDCF, 0xBCCD,
    0xBCED, 0xC5AB, 0xB4E7, 0xB50C, 0xBC8C, 0xAC07, 0xA387, 0xAC27,
    0x9B27, 0x9B07, 0x92E2, 0x9304, 0x7A01, 0x8A82, 0x7220, 0x7A60,
    0x71C0, 0x69A0, 0x6220, 0x59A0, 0x5060, 0x40C0, 0x51E0, 0x5220,
    0x5240, 0x5AA2, 0x5A64, 0x5A40, 0x5264, 0x5AC5, 0x5AE4, 0x7347,
    0x7B88, 0x83C7, 0x842B, 0x844C, 0x8D2F, 0x950F, 0x94B1, 0x8D0E,
    0x746A, 0x8C0B, 0x8D09, 0x94CE, 0xA4AF, 0x9530, 0xBE56, 0xDF1C,
    0xAE7A, 0xA63A, 0xC678, 0xB573, 0xA696, 0xB6B9, 0xA617, 0xB696,
    0xB6B6, 0x9593, 0x9DB1, 0xB634, 0xADF5, 0xB5D7, 0xAD93, 0xC6F8,
    0xCED8, 0xAD70, 0xBE2F, 0xBD90, 0xC652, 0x9568, 0xBD4D, 0xCDB3,
    0xBDF3, 0xCDD4, 0xCE55, 0xC652, 0xCE76, 0xBDF3, 0xD695, 0xDED7,
    0xBDEF, 0xE6F5, 0xC632, 0xDEB6, 0xCE0F, 0xDE93, 0xD6B4, 0xD6B3,
    0xD693, 0xDEB4, 0xCE72, 0xD610, 0xD630, 0xD5F1, 0xB42C, 0xA3EB,
    0xB5AA, 0xB446, 0xAB46, 0xABE8, 0xAB67, 0xABA7, 0x8300, 0x7280,
    0x9301, 0x8220, 0x8AC0, 0x7A20, 0x7A61, 0x69E0, 0x6A40, 0x6200,
    0x61C0, 0x6A00, 0x6A40, 0x50C0, 0x3860, 0x5220, 0x5A42, 0x5A61,
    0x5A61, 0x5AA4, 0x6AE3, 0x7347, 0x7328, 0x7B6B, 0x73A9, 0x73C9,
    0x840E, 0x73C5, 0x7C06, 0x9E10, 0xA5EF, 0x948E, 0x8C6C, 0x8CCB,
    0x7C0A, 0x5BE5, 0x8427, 0x9C6C, 0x94B0, 0x9511, 0x84AE, 0x7CAD,
    0x8C6E, 0x94AE, 0x94EF, 0x7C4C, 0xA52F, 0xA5B1, 0xBDD5, 0xADD4,
    0x9DB7, 0x96B9, 0xADF6, 0xC637, 0xCE76, 0xBD91, 0xA54F, 0x9CCC,
    0xA50E, 0xBE52, 0xBDD1, 0xC613, 0xB651, 0xCEF5, 0xD634, 0xD6B7,
    0xD6D5, 0xC652, 0xCE53, 0xC5F2, 0xCE12, 0xBDCF, 0xA52C, 0xACCA,
    0xB4ED, 0x7280, 0xAC45, 0xDE71, 0xD52C, 0xB50A, 0xCF55, 0xD6F1,
    0xCE31, 0xBE10, 0xC610, 0xBD8E, 0xCD71, 0xDDF4, 0xCD2F, 0xCD30,
    0xCCCE, 0xB48B, 0x9C48, 0x8A42, 0xA364, 0xA345, 0x9B88, 0x9304,
    0x8243, 0x8B20, 0x7A61, 0x71C1, 0x7A02, 0x7201, 0x61E0, 0x69C0,
    0x59E0, 0x5140, 0x4820, 0x3860, 0x4A20, 0x5241, 0x5221, 0x5A84,
    0x62A6, 0x6AE7, 0x6326, 0x6345, 0x7383, 0x6AE4, 0x6304, 0x83A8,
    0x7C69, 0x7307, 0x51E4, 0x6387, 0x738A, 0x94AF, 0x8D2C, 0x9C90,
    0xB5F4, 0x9D0D, 0x9469, 0x8C8C, 0x8C6D, 0x9B8C, 0x9B6A, 0x748C,
    0x840A, 0xA44D, 0xC554, 0xAE34, 0xA48E, 0xCCD4, 0xB591, 0xBC8F,
    0x8BAA, 0x8305, 0x84CC, 0x842B, 0x94CB, 0xAD10, 0xAD70, 0xA58F,
    0xB5B2, 0xB511, 0xACF0, 0xCE56, 0xBE96, 0xBDB3, 0xC673, 0xB5D1,
    0xBE13, 0xD676, 0xC612, 0xC631, 0xCDB3, 0xCE15, 0xC570, 0xC570,
    0xD5F6, 0xC5D3, 0xC64E, 0xDEF1, 0xE6D4, 0xDE54, 0xD5CE, 0xD64D,
    0xD5EF, 0xC531, 0xD5D2, 0xC4ED, 0xB4AB, 0xC54E, 0xCC6E, 0xC46C,
    0xACA8, 0x8C88, 0xA365, 0x9B02, 0x8AC0, 0x8B63, 0x8AA3, 0x8A83,
    0x8B00, 0x9344, 0x8263, 0x7261, 0x7200, 0x71C0, 0x59C0, 0x59A0,
    0x50E0, 0x4840, 0x38E0, 0x49E0, 0x5A41, 0x5A62, 0x5AE3, 0x6224,
    0x51E5, 0x5A63, 0x6285, 0x6B44, 0x7367, 0x6BA7, 0x7B05, 0x83AB,
    0x8C8C, 0x8C6E, 0x7449, 0x53A2, 0x73E5, 0x73E7, 0x72C6, 0x7C09,
    0x7C0A, 0x8CAC, 0x6BE8, 0x63A9, 0x8C0B, 0x7286, 0x6CAC, 0x9D72,
    0x944E, 0x7BE8, 0x832A, 0x4203, 0x2282, 0x6B21, 0x72C4, 0x84EA,
    0xB5D3, 0xAE39, 0xC574, 0xACCE, 0xAE53, 0xA510, 0xAC4E, 0xAD2F,
    0xA570, 0xB5F2, 0xA4CE, 0xB510, 0xBE53, 0xBE13, 0xC5F6, 0xE7DA,
    0xB653, 0xCE95, 0xD735, 0xB5B3, 0x950F, 0xA56F, 0xBD0E, 0x9CAB,
    0x948C, 0xA3CE, 0xA3AA, 0xAC6D, 0xB5AE, 0xC5D3, 0xCDB0, 0xCDD1,
    0xCDD0, 0xC58D, 0xBC6E, 0xAC0A, 0xA3C3, 0x82E0, 0x93C4, 0xABE8,
    0x9C05, 0xA3C6, 0x9B05, 0x9B43, 0x9BE5, 0x8AA4, 0x8224, 0x9304,
    0x9386, 0x8A64, 0x7A62, 0x7A20, 0x7A21, 0x6A20, 0x61A0, 0x5100,
    0x4000, 0x30C0, 0x5200, 0x5A60, 0x5A62, 0x6242, 0x6A22, 0x6AE6,
    0x7345, 0x6325, 0x6AC4, 0x5A85, 0x7BC9, 0x8549, 0x63C5, 0x73C8,
    0x842A, 0x9CAC, 0xA5F5, 0x8C4D, 0x8D11, 0x9D51, 0x8CCC, 0x94F0,
    0x8C4F, 0xAD73, 0x94D1, 0x5BEC, 0x7DB7, 0x8C0F, 0x8348, 0x7365,
    0x3262, 0x7A25, 0x9C4D, 0xAE52, 0xA5CF, 0x950E, 0x73E7, 0x8426,
    0x4C29, 0x5324, 0x6A63, 0x5B20, 0x6A42, 0x8AA6, 0x8347, 0x7B26,
    0x82E4, 0x9BEB, 0x8BA8, 0x9469, 0xA50E, 0xA4ED, 0xAD4E, 0xB54E,
    0xAD0F, 0xAE0F, 0xC630, 0xC5B0, 0xB54E, 0x93A6, 0x83A6, 0x8306,
    0xA3C9, 0xACCC, 0xB50E, 0xB52C, 0xBD70, 0xBD4F, 0xACCF, 0xAC0A,
    0x9403, 0xA3CA, 0xB44A, 0xB486, 0xB3EA, 0xBC4B, 0x9A40, 0x92A3,
    0x9BC6, 0x9300, 0x8AC0, 0x8B03, 0x8263, 0x8A43, 0x7220, 0x6A80,
    0x79A0, 0x79E1, 0x6201, 0x61C0, 0x61C0, 0x5180, 0x51C0, 0x4840,
    0x3840, 0x5220, 0x5A60, 0x5A63, 0x5AA4, 0x5284, 0x5AA5, 0x62C5,
    0x62E5, 0x6B25, 0x6B06, 0x72E5, 0x6C09, 0x8429, 0x9C6B, 0x84EF,
    0x7C69, 0x8C8D, 0x944C, 0x948E, 0x8CAD, 0xA4AD, 0x94D0, 0x840C,
    0x946D, 0x9D0E, 0xA48E, 0xA510, 0x8C0B, 0x8B8D, 0xADD5, 0xC6FC,
    0xAD55, 0x7BAD, 0x844D, 0x52A5, 0x5A21, 0x5A80, 0x5A40, 0x41C0,
    0x4A60, 0x946A, 0x6AE3, 0x5AA1, 0x93E7, 0x9C6B, 0x9C0B, 0xA48D,
    0xBDB3, 0xCDF3, 0xCE54, 0xAD0F, 0xAD2F, 0xA48F, 0xBCD0, 0xC5D2,
    0x9C4B, 0x6020, 0x8347, 0x9408, 0xA3CA, 0xB4CD, 0xAC6D, 0xBD4B,
    0xAD6D, 0xAD2C, 0xBD4C, 0xAD67, 0xAC88, 0xACAE, 0xD50F, 0xBD4C,
    0xA42B, 0xB409, 0xBCEB, 0xB4A9, 0xA2E8, 0xA2C6, 0x9AA7, 0x9B44,
    0x9B46, 0x9B47, 0x92E3, 0x8223, 0x8245, 0x8243, 0x6980, 0x79C4,
    0x8226, 0x71E1, 0x6A00, 0x61E0, 0x51A0, 0x5940, 0x5080, 0x3880,
    0x5220, 0x5A41, 0x5A64, 0x6B06, 0x6BEB, 0x738A, 0x7388, 0x7BA8,
    0x850F, 0x746C, 0x7C6B, 0x842B, 0x8C8B, 0x8D2C, 0x8D4F, 0x9D4E,
    0xA4F2, 0x9593, 0x9592, 0xADD3, 0xB5D6, 0x9DB2, 0xB695, 0xB676,
    0xADD3, 0x8C70, 0x950F, 0x96F7, 0x9554, 0x94CE, 0x6C09, 0x848A,
    0x840B, 0x7B8C, 0x844A, 0xA594, 0xB5B4, 0x9C8F, 0xBD95, 0xAD31,
    0xAD2F, 0xAD72, 0xDF19, 0xBDB1, 0x9CAC, 0x9C6B, 0xA44A, 0x9C2A,
    0x8AA6, 0x7323, 0x946C, 0xA48C, 0xBD2F, 0x7446, 0x5C07, 0x8BAE,
    0x9207, 0x8C8A, 0x8428, 0xA48A, 0xBD50, 0xA430, 0xB50F, 0xBE10,
    0xB591, 0xB4AF, 0xBD10, 0xCDB2, 0xACED, 0xBC8B, 0xB4EB, 0xB46D,
    0xB46A, 0xA466, 0x8BC1, 0x9AC5, 0xAB07, 0x9B86, 0x9B63, 0x9242,
    0x8AE3, 0x7A82, 0x8284, 0x8284, 0x8244, 0x6960, 0x69C0, 0x69E0,
    0x69C0, 0x59E0, 0x69E1, 0x69E1, 0x3060, 0x50A0, 0x3000, 0x5220,
    0x5A40, 0x5AA4, 0x6AE7, 0x7327, 0x6327, 0x73A8, 0x73A9, 0x7B89,
    0x8C48, 0x944C, 0x9C8B, 0x952B, 0x846E, 0x8C6D, 0x83C8, 0x7BEB,
    0x842A, 0x6385, 0x7BC9, 0x31A0, 0x6203, 0x7305, 0x5364, 0x73E8,
    0x844B, 0x9369, 0x842A, 0x8CAC, 0xA5D4, 0xADB2, 0xB652, 0x9EF5,
    0xBEF9, 0xD737, 0xBE55, 0xB5D3, 0xA550, 0xBE13, 0xAD50, 0x9D70,
    0x7C27, 0x7381, 0x8489, 0x8C0A, 0xA4CE, 0xA48A, 0xBD4D, 0xCDD4,
    0xC5F3, 0xCE35, 0xBDB2, 0xB5D1, 0xCDF3, 0xE5B4, 0xCD91, 0xBDD0,
    0xBD70, 0xCDB3, 0xC5AF, 0xBD2D, 0xC5D0, 0xCE33, 0xDEB6, 0xDE72,
    0xD673, 0xBD51, 0xB4EB, 0xD5B1, 0xC50D, 0xC58F, 0xCD51, 0xC510,
    0xBC8C, 0xC44D, 0xBD2B, 0xAC06, 0xA368, 0xA365, 0xA344, 0x9345,
    0x8AC4, 0x8AA5, 0x8282, 0x7A42, 0x7A01, 0x79E1, 0x79E1, 0x81C1,
    0x61E0, 0x7221, 0x69E1, 0x40A0, 0x5900, 0x4040, 0x5A40, 0x5A40,
    0x5AA3, 0x5282, 0x4A20, 0x6306, 0x7368, 0x6B07, 0x6B46, 0x5B66,
    0x5B27, 0x4B8B, 0x73E9, 0x7BAA, 0x842B, 0x7C6C, 0x744B, 0x8B28,
    0x73C9, 0x8CED, 0xA5CF, 0x9C2B, 0x93CD, 0x8C6C, 0x8BE9, 0x8C6A,
    0x8C8B, 0x8D0B, 0x9429, 0x7225, 0x942C, 0x946C, 0x93EB, 0x940C,
    0x844A, 0x8CAE, 0xA50E, 0xA54F, 0x948B, 0x9CCE, 0xB5D2, 0xC656,
    0xC697, 0xBE16, 0xBDB5, 0xC657, 0xCE99, 0xD679, 0xCEB6, 0xBE33,
    0xB530, 0xB571, 0xA5D2, 0xA530, 0xA590, 0xB5F3, 0xCDF5, 0xD615,
    0xCDF4, 0xD6F5, 0xDF9C, 0xFFDD, 0xD654, 0xDED6, 0xDEB3, 0xDF37,
    0xE758, 0xC5AE, 0xCD51, 0xC530, 0xC50E, 0xBCCB, 0xCD2D, 0xC4EE,
    0xC4ED, 0xBD0D, 0xB488, 0xB3E8, 0xA387, 0xAC0A, 0xB4AB, 0xB46A,
    0xABE9, 0xA389, 0x9B47, 0x8AC5, 0x8264, 0x7A43, 0x79C1, 0x5A00,
    0x59A0, 0x59A0, 0x5160, 0x50C0, 0x3840, 0x5220, 0x5A81, 0x62C4,
    0x6346, 0x6BAA, 0x6B28, 0x6A85, 0x6B05, 0x73A7, 0x7BAC, 0x9407,
    0x8449, 0x8CAD, 0x8CAC, 0x8CAB, 0x9510, 0x9D0F, 0x948E, 0x7CF1,
    0x840D, 0x8B0E, 0x7C09, 0x850E, 0x8409, 0x8C0A, 0xA48D, 0x94EE,
    0x7C08, 0x9C0C, 0x94ED, 0x9D0E, 0x948C, 0x9CCF, 0xAD72, 0xC5D4,
    0xBE35, 0xC675, 0xC676, 0xD6D7, 0xD6B8, 0xCED7, 0xDEB8, 0xCE54,
    0xCE55, 0xCE75, 0xCE35, 0xC5D1, 0xC5B1, 0xCE35, 0xC5F3, 0xCDF3,
    0xCE34, 0xCE75, 0xC655, 0xE7BD, 0xDF99, 0xDED6, 0xDE98, 0xE698,
    0xD676, 0xC5F0, 0xBDEE, 0xD693, 0xDE94, 0xEED6, 0xDE95, 0xDF32,
    0xEF15, 0xDE54, 0xD592, 0xD592, 0xC52D, 0xC50C, 0xC50D, 0xCD2C,
    0xB4C9, 0xACE8, 0xB46A, 0xBCAC, 0xC54E, 0xC54D, 0xBCED, 0xB46B,
    0xA3C8, 0xA387, 0x9B47, 0x8AC4, 0x71E1, 0x79E0, 0x6A00, 0x59A0,
    0x59C0, 0x5140, 0x4880, 0x3880, 0x5240, 0x6260, 0x5AE2, 0x5B04,
    0x6B28, 0x62C5, 0x6B05, 0x73EA, 0x7B8A, 0x844A, 0x8489, 0x946C,
    0x8C2B, 0x7B8A, 0x7B68, 0x840A, 0x8C6C, 0x8329, 0x8C6B, 0x842A,
    0x6A85, 0x73A8, 0x7C2B, 0x84AE, 0x8CCC, 0x8CAA, 0x844B, 0x944A,
    0x9C29, 0x842A, 0xA550, 0xA652, 0xA592, 0xA54F, 0x9D90, 0xA54E,
    0xBE35, 0xA590, 0xB632, 0xB634, 0xA5D3, 0xB654, 0xBE94, 0xC696,
    0xC6B7, 0xD71A, 0xCF7A, 0xDF9C, 0xD697, 0xD655, 0xDE56, 0xD616,
    0xE739, 0xDEB5, 0xB5EE, 0xC611, 0xC5F1, 0xACCE, 0xAC8C, 0xA3ED,
    0xD511, 0xD694, 0xB5B1, 0xBE32, 0xB58D, 0xBD10, 0xC572, 0xC590,
    0xCDB0, 0xC54E, 0xC56F, 0xDDD3, 0xD5B1, 0xC52E, 0xCCED, 0xB4AB,
    0xB4EC, 0xBCCD, 0xBCAD, 0xBCAB, 0xB48B, 0xB429, 0xABE8, 0xABE8,
    0xA3C7, 0x9326, 0x8B04, 0x8222, 0x7200, 0x61E0, 0x59C0, 0x51E0,
    0x50C0, 0x4880, 0x38A0, 0x5220, 0x6241, 0x5AA2, 0x5AA4, 0x6284,
    0x6AC5, 0x6B46, 0x6B48, 0x7306, 0x6B64, 0x7386, 0x7BE9, 0x6BC7,
    0x8C8B, 0x8CCD, 0x94CD, 0x9CEE, 0x8C8D, 0x9D11, 0xA4D0, 0xA5D3,
    0x9D93, 0xA50D, 0x94EF, 0x946C, 0x9CCE, 0xA4EF, 0xADD1, 0x9DD0,
    0x9CED, 0xA4C9, 0x8CEB, 0x9CF0, 0x846A, 0x8448, 0x9C6B, 0x8C8A,
    0x94AA, 0xB5F3, 0xCE36, 0xE73B, 0xD6D8, 0xBDF5, 0xC655, 0xBDF2,
    0xB695, 0xBE55, 0xC614, 0xB5F3, 0xC5D3, 0xAD4F, 0x8D2A, 0xA54B,
    0xBDCF, 0xACCC, 0xACAD, 0xB550, 0xB4EF, 0xB531, 0xAD2C, 0x8C45,
    0xB46B, 0x9487, 0x5C81, 0x9468, 0xB54E, 0xA4A5, 0xB4E8, 0xBD4E,
    0xC56F, 0xCD4E, 0xC56F, 0xC56E, 0xCD6D, 0xCD0D, 0xC56E, 0xC54D,
    0xB48B, 0xB409, 0xAC27, 0xA3A6, 0x9346, 0x9B47, 0x8AE4, 0x9304,
    0x9305, 0x82A2, 0x8241, 0x7220, 0x5A00, 0x5A00, 0x5120, 0x4880,
    0x4060, 0x3860, 0x5200, 0x5A60, 0x5A61, 0x5A63, 0x6284, 0x5AA4,
    0x6326, 0x6B26, 0x83C6, 0x8C29, 0x844A, 0x948D, 0xACEF, 0xA4EE,
    0x94AC, 0x9C8C, 0x9C6F, 0x9CD0, 0x8C8E, 0x946D, 0x848A, 0x948F,
    0x9D10, 0x94F0, 0xA5D3, 0xA510, 0x9CCE, 0x7CCD, 0x94CE, 0xA4ED,
    0x9D4F, 0x9D10, 0xA52F, 0xB5D2, 0xDEF9, 0xC678, 0xDF9E, 0xE79D,
    0xB550, 0x952F, 0x5C65, 0x6444, 0xADAF, 0xAD50, 0xA48E, 0xB58F,
    0xAC4B, 0x9C67, 0x94CB, 0xBCEC, 0xCD90, 0xA52A, 0x8CE8, 0xA4EE,
    0xB4B1, 0xACCE, 0xA4CD, 0xBD2D, 0xA58C, 0xADCD, 0xACEB, 0xACCB,
    0x94E8, 0x8546, 0xA4A8, 0x9B03, 0xAC89, 0xB4EB, 0xB52D, 0xC58F,
    0xCD90, 0xDE13, 0xC54F, 0xC56E, 0xCD4E, 0xB48B, 0xB42B, 0xA386,
    0xA366, 0x8BA2, 0x82C2, 0x9323, 0x9342, 0x8AE2, 0x8AE3, 0x8282,
    0x7A40, 0x7200, 0x6200, 0x71A0, 0x6940, 0x4860, 0x5100, 0x48A0,
    0x3840, 0x4A00, 0x5260, 0x6262, 0x5A22, 0x62C5, 0x6BCA, 0x7BAA,
    0x7369, 0x7B6B, 0x7BA9, 0x8C4A, 0x840A, 0x8428, 0x8489, 0x950C,
    0xA630, 0x8DEF, 0xAE95, 0xAE51, 0xA52F, 0xA512, 0x9530, 0x9D4E,
    0x94ED, 0x94CD, 0x9CAD, 0x9D0F, 0x9D70, 0xB532, 0xA510, 0xB5D3,
    0xCE77, 0xBE14, 0xBDF4, 0xBDF5, 0xADF6, 0xA551, 0x9CCD, 0xA570,
    0xB694, 0xC6B3, 0xE6B6, 0xB713, 0xA551, 0xBD72, 0xBD6E, 0xA550,
    0xB633, 0xB5F0, 0xA3E8, 0xB4EF, 0xA571, 0x8D0F, 0x9C6F, 0xA3E8,
    0x93C8, 0x9386, 0xAC06, 0x7C06, 0x83E5, 0x9245, 0x9C2A, 0x8BA3,
    0xABE9, 0x9C27, 0x92A3, 0xBCEF, 0xB52B, 0xBD2D, 0xBCAC, 0xAC6A,
    0xB50A, 0xA487, 0x9343, 0xA3C4, 0x9383, 0x9B84, 0x9B44, 0xA367,
    0x8B62, 0x8B02, 0x9302, 0x92E2, 0x9304, 0x8AC1, 0x8261, 0x7A41,
    0x7A40, 0x7240, 0x59C0, 0x59C0, 0x50C0, 0x4880, 0x4060, 0x3880,
    0x5A40, 0x62A3, 0x62C6, 0x5AE5, 0x5B27, 0x6B28, 0x72C7, 0x6B47,
    0x840A, 0x844A, 0x7BA8, 0x8C6A, 0x8CCF, 0x946E, 0x8B8A, 0x7C2C,
    0x83CB, 0x8389, 0x6B83, 0x64EA, 0x7C8C, 0x952B, 0x8CAC, 0x8C6C,
    0x948B, 0x94AB, 0x9CAE, 0x9D0E, 0x94ED, 0x950D, 0xA4EF, 0xA4EE,
    0x9D2D, 0xA58F, 0x94AB, 0x842A, 0x84AF, 0xA52D, 0x9550, 0xA550,
    0xA50C, 0xAC6F, 0x9365, 0x92A6, 0x8448, 0x9C25, 0x9BE8, 0x6BA4,
    0x8384, 0x83A6, 0x6360, 0x5362, 0x5B60, 0x6B03, 0x7AC2, 0x72A6,
    0x8A05, 0x8B85, 0x8409, 0x9327, 0x82E4, 0x8BC6, 0x8322, 0x6300,
    0x8262, 0xABC6, 0x8B23, 0x8AE1, 0x9362, 0xA3A5, 0x9305, 0x8B21,
    0x9BA3, 0xAAE5, 0x9AE4, 0xA406, 0xAC24, 0x9361, 0x9325, 0x82C1,
    0x9B65, 0x93A5, 0x9364, 0x8AE3, 0x82E1, 0x8AE0, 0x8261, 0x8240,
    0x7A20, 0x69C0, 0x61A0, 0x5980, 0x5140, 0x5080, 0x3880, 0x5200,
    0x5A81, 0x5A40, 0x5A20, 0x6202, 0x62E4, 0x63A7, 0x6B27, 0x62C5,
    0x6B26, 0x7347, 0x7C0A, 0x7326, 0x6B83, 0x73A3, 0x7364, 0x5162,
    0x4965, 0x7A85, 0x6225, 0x5100, 0x58E2, 0x5A06, 0x73C4, 0x8428,
    0x83C9, 0x7BEA, 0x83E9, 0x8C68, 0x9C4A, 0x940A, 0x8C29, 0x8C28,
    0x8B8A, 0x948D, 0x9CED, 0x9D2E, 0x950E, 0x848E, 0x7C6B, 0x7B26,
    0x6285, 0x94AA, 0x8C6A, 0x8B87, 0x9B26, 0x8BA6, 0x946A, 0xAC0C,
    0x8C8A, 0x9BA7, 0xABC8, 0xA469, 0xA3C9, 0x8447, 0x8449, 0x93E6,
    0x8466, 0x8386, 0x9BE7, 0x9C68, 0x9CA8, 0xB50A, 0xB50B, 0xA388,
    0x82A4, 0x9329, 0x9C46, 0x9C06, 0xB4CD, 0xA3A8, 0xAC66, 0xA383,
    0xAB65, 0x9B24, 0xA364, 0xA365, 0xA387, 0x9BA6, 0xA386, 0x9344,
    0x8B23, 0x9304, 0x92E4, 0x8B43, 0x7AA0, 0x7A21, 0x8261, 0x7A20,
    0x6980, 0x5980, 0x51A0, 0x5140, 0x50A0, 0x3800, 0x49C0, 0x4A20,
    0x5200, 0x6323, 0x4B42, 0x52A0, 0x6283, 0x6AA6, 0x6B28, 0x6B47,
    0x6B26, 0x6B28, 0x7308, 0x6B26, 0x73C8, 0x7BE8, 0x8404, 0x7405,
    0x7C44, 0x7B88, 0x944A, 0x8C6A, 0x844A, 0x8CA9, 0x83E8, 0x7B47,
    0x83E9, 0x8409, 0x94CA, 0x842A, 0x8C6A, 0x9CAC, 0x8CAA, 0x8C8B,
    0x94AE, 0x8C0B, 0x9CAD, 0x9D6F, 0xAD91, 0xBDF3, 0xAD10, 0x9CA9,
    0x9C89, 0x8C8A, 0x9D2C, 0xAD8F, 0x958C, 0xA4ED, 0x9C8C, 0x9DCE,
    0xA44C, 0x946A, 0x948A, 0xA44A, 0xB488, 0xBC68, 0xA488, 0xA4CA,
    0xAC8A, 0xAC28, 0xAC8A, 0x8BE5, 0xA405, 0xB50A, 0xB4AA, 0xB44A,
    0xACA9, 0xA4E8, 0xA3C8, 0x93A6, 0x9B85, 0xB448, 0xB3C8, 0xB467,
    0xABE7, 0xA366, 0xAC29, 0xA3C8, 0x9B86, 0xA3A6, 0x9323, 0x8B65,
    0x9304, 0x8AC2, 0x8B42, 0x82C3, 0x8241, 0x8241, 0x7A00, 0x71A0,
    0x6180, 0x51A0, 0x50A0, 0x50C0, 0x4040, 0x5220, 0x5A81, 0x5A42,
    0x5AA4, 0x5224, 0x61C4, 0x62A6, 0x5AC4, 0x5AA4, 0x62E7, 0x7348,
    0x6B26, 0x73E7, 0x7BC8, 0x7B87, 0x7B88, 0x7BC9, 0x840A, 0x8409,
    0x842A, 0x7BEA, 0x7C2A, 0x94EC, 0x946D, 0x946D, 0x8C4B, 0xA48B,
    0x84AA, 0x940A, 0x8C4A, 0xA44B, 0x9CAB, 0x950D, 0xB571, 0xB56F,
    0x94CE, 0xA50F, 0xB573, 0xAD31, 0x8BEA, 0x946C, 0xA50C, 0x94AA,
    0x9CCB, 0x9C8B, 0xA52C, 0x9CCB, 0xA3AC, 0x8B87, 0x93A7, 0xA407,
    0x8443, 0x94C8, 0xA4EA, 0xACCB, 0xA489, 0xA4AA, 0xAC8A, 0xA4A9,
    0x9C06, 0xAD4B, 0xBCEB, 0xB46A, 0xB4AA, 0xB42B, 0xB4AE, 0xACE9,
    0xA4C6, 0xA369, 0xA3E7, 0xAC27, 0xA3E5, 0xABE5, 0xA426, 0xABC6,
    0xAC07, 0xA447, 0xAC47, 0x9B46, 0x9B44, 0x9B46, 0x9345, 0x9B24,
    0x9345, 0x8301, 0x8A64, 0x8282, 0x7A20, 0x7220, 0x69A0, 0x6980,
    0x5180, 0x5100, 0x4880, 0x3820, 0x51E0, 0x5240, 0x5AA0, 0x6AA0,
    0x7284, 0x6326, 0x6B85, 0x7327, 0x6A86, 0x7348, 0x846B, 0x846B,
    0xA4B0, 0x944F, 0x7B09, 0x8C6B, 0x9CED, 0x944D, 0x7BCA, 0x840A,
    0x8BCB, 0x842B, 0x7BC8, 0x8327, 0x8C09, 0x94CB, 0x9CCB, 0xA4CC,
    0xA530, 0x9D50, 0x9CEC, 0x8D4D, 0x8CAF, 0x9C8B, 0x8C64, 0x952B,
    0x9C4F, 0xA3EF, 0x8C48, 0x7448, 0x8469, 0x9D0A, 0xA54E, 0xACEE,
    0xA50F, 0xA4CB, 0xAC6B, 0xA4ED, 0x9426, 0xAB8A, 0xAD0F, 0xADAF,
    0xA50E, 0xACC9, 0xC56E, 0xAD0C, 0xAD4D, 0xB52D, 0xBD8F, 0xC56F,
    0xAD0C, 0xAD0D, 0xB56E, 0xBD6F, 0xC50F, 0xBD6D, 0xBDCE, 0xC58F,
    0xC590, 0xC54E, 0xBCEC, 0xA407, 0xB409, 0xA3A9, 0xA346, 0xAC68,
    0xA428, 0xA367, 0x9BA7, 0xA427, 0x9B46, 0x9B66, 0x9324, 0xA3A6,
    0x9BA6, 0x8202, 0x8241, 0x8261, 0x7A20, 0x71E0, 0x71E0, 0x5980,
    0x5100, 0x4880, 0x30E0, 0x5200, 0x5A60, 0x6281, 0x5A64, 0x5B25,
    0x5324, 0x5A86, 0x7B28, 0x6BE7, 0x7468, 0x7306, 0x72C8, 0x8C4D,
    0x8D6C, 0x8D2F, 0x7C2D, 0x9CEF, 0x8D0F, 0xA5B3, 0xBE57, 0xAE15,
    0xADB4, 0x94D1, 0xB615, 0xB615, 0xAE13, 0x9DF1, 0xA52F, 0x9DB0,
    0x95B0, 0x9D90, 0xA593, 0xB572, 0xADB1, 0x94EE, 0xB5B4, 0xCED7,
    0xCF38, 0xBE74, 0xDEB7, 0xD6D7, 0xBE34, 0xCE14, 0xCEB6, 0xCED4,
    0xD6F6, 0xD6D6, 0xD6D6, 0xDEF6, 0xD756, 0xCE92, 0xC652, 0xDE75,
    0xDED6, 0xDE74, 0xC632, 0xD674, 0xDEB3, 0xD674, 0xD652, 0xD652,
    0xD652, 0xCE11, 0xD5F1, 0xCE11, 0xC611, 0xD5F0, 0xD5B1, 0xC5D0,
    0xBD2D, 0xBD2D, 0xBCEF, 0xBC4D, 0xB449, 0xB44B, 0xABC8, 0xA386,
    0xB388, 0x92E3, 0x9324, 0x9323, 0xAB67, 0x9AE4, 0x8B21, 0x7262,
    0x7A43, 0x8A62, 0x7201, 0x71E1, 0x69C0, 0x69A0, 0x59A0, 0x51A0,
    0x4840, 0x38A0, 0x5240, 0x62A2, 0x6266, 0x5AE6, 0x6B89, 0x7308,
    0x844B, 0x8D4C, 0x73CA, 0x8C0C, 0x9CCE, 0xA550, 0x954E, 0x8CCA,
    0xCE13, 0xBDF3, 0xA5B4, 0xB635, 0xBE15, 0xB614, 0xA633, 0x9DF1,
    0xADB2, 0xA5D1, 0xAE32, 0xADAF, 0xC6B5, 0xADD2, 0x956F, 0xA591,
    0xB592, 0xB5F3, 0xB633, 0xC6F7, 0xD77A, 0xDF39, 0xBE95, 0xCF38,
    0xDF59, 0xC6D7, 0xDF7A, 0xDEF8, 0xC6B6, 0xC6F7, 0xD6F7, 0xDEFA,
    0xDED9, 0xD718, 0xD759, 0xDF99, 0xDED7, 0xE73A, 0xDF17, 0xDEB4,
    0xCE53, 0xCE94, 0xCE12, 0xC5D0, 0xCE10, 0xC610, 0xCDF2, 0xC58D,
    0xBD6E, 0xBD4F, 0xB52D, 0xB4CB, 0xACEB, 0xACEC, 0xB4AB, 0xBC8D,
    0xAC8A, 0xB52A, 0xB448, 0xAC28, 0xA468, 0xA3E7, 0x9B65, 0xAC08,
    0x8B00, 0x9B05, 0x8A85, 0x8242, 0x9324, 0xA3C7, 0x7A03, 0x79E1,
    0x8264, 0x5960, 0x7A23, 0x61E1, 0x51A0, 0x61A0, 0x51C0, 0x4820,
    0x30A0, 0x5200, 0x5A81, 0x5AE3, 0x6364, 0x7346, 0x83EA, 0x8C0B,
    0x8BCD, 0x8C4F, 0x9D0D, 0x9DD0, 0x9D50, 0x9DB2, 0x952F, 0xAE32,
    0xA631, 0x9D11, 0xAD92, 0xA592, 0x9551, 0x9530, 0xA5F4, 0xB5B4,
    0xA590, 0xADF3, 0xA5B2, 0xAD71, 0xB633, 0xD7FB, 0xF7DD, 0xDF59,
    0xCFDB, 0xBED6, 0xC6F7, 0xCF38, 0xC6D6, 0xD6F8, 0xCED8, 0xC675,
    0xBE56, 0xB5D3, 0xADF3, 0xB612, 0xAD6F, 0xA50E, 0xC5F3, 0xC673,
    0x95CD, 0x9D0A, 0xA449, 0x93E7, 0xB5EF, 0xA527, 0xAC4B, 0xACEE,
    0xAD2C, 0xBDAD, 0xC612, 0xCDF4, 0xBD4E, 0xB56C, 0xBE32, 0xBDB2,
    0xBD2E, 0xBCCD, 0xAD29, 0xB50E, 0xBC8E, 0xB48C, 0xBC8D, 0xB4ED,
    0xB4AC, 0x9C48, 0xA509, 0xB4CA, 0x9322, 0x9362, 0xABC7, 0xA386,
    0x9B66, 0xA386, 0x9B46, 0x92E5, 0x8AC5, 0x8A85, 0x8241, 0x8263,
    0x7220, 0x7A40, 0x61C0, 0x59A0, 0x59C0, 0x51A0, 0x4860, 0x3100,
    0x5A60, 0x5AA0, 0x6281, 0x5A22, 0x6AC3, 0x6346, 0x7368, 0x7346,
    0x8448, 0x83E8, 0x7BAA, 0x8C2B, 0x8C8A, 0x8CCC, 0x840C, 0x8C4C,
    0x94D0, 0x7C4C, 0x7B89, 0x94AE, 0x7307, 0x7327, 0x7CAB, 0x73A8,
    0x6285, 0x7BEA, 0x9490, 0x634B, 0x6C0D, 0x6C4C, 0x6CCB, 0x8CAD,
    0x94CE, 0x950E, 0x844B, 0x7429, 0x746B, 0x4C0A, 0x6C6A, 0xA550,
    0xA5B1, 0xAE74, 0xAD91, 0xA4AE, 0xACAE, 0x948B, 0x7B64, 0xBC6D,
    0xCCCE, 0xBD31, 0xAD2D, 0xACEE, 0xBD53, 0xC6B4, 0xBE92, 0xD652,
    0xCDF3, 0xB46D, 0xC58F, 0xBDD1, 0xCDF2, 0xC5F4, 0xAD0F, 0xBD0C,
    0xAD4C, 0xAD0E, 0xAC8E, 0xAC6B, 0xBCCD, 0xACAA, 0xAC29, 0xB42B,
    0xB4CC, 0xACAA, 0xBCCB, 0xC52D, 0xBCEC, 0xB42B, 0xB42A, 0xB42A,
    0xABE9, 0xA386, 0x9305, 0x8AC5, 0x92E7, 0x92E5, 0x8A84, 0x8AA3,
    0x7A63, 0x79C2, 0x71C0, 0x5980, 0x5100, 0x50A0, 0x3800, 0x5A20,
    0x5A81, 0x6263, 0x6285, 0x5B27, 0x5A25, 0x6AA4, 0x6347, 0x6BA9,
    0x73EB, 0x8408, 0x7C28, 0x7B69, 0x8C6F, 0x7BEA, 0x7BEA, 0x840C,
    0x844B, 0x7C49, 0x748B, 0x8CEE, 0x8CAE, 0x840A, 0x8C4C, 0x94AD,
    0x8C6C, 0x8C0B, 0x8BEA, 0x9CCC, 0x7C8D, 0x7CCE, 0x844C, 0x84AC,
    0x950E, 0x94EE, 0x9CD0, 0xA4F1, 0xB5B2, 0xAD31, 0x9CEF, 0x9DB0,
    0x8C6B, 0x9C6D, 0x9CEE, 0xA52F, 0xB591, 0xC5B3, 0xB532, 0xA5D2,
    0xBD92, 0xAD50, 0xC5B6, 0xA50E, 0xAD2A, 0xA4CB, 0x94AB, 0xB4AF,
    0xB446, 0xA52A, 0xA52F, 0x9CC8, 0x9CA6, 0xB4CA, 0xBD4F, 0xADAD,
    0xD590, 0xC56F, 0xCDEF, 0xCDD0, 0xC5AF, 0xD631, 0xCDAF, 0xCDD1,
    0xD590, 0xCD4F, 0xCD8F, 0xC56E, 0xC56E, 0xC52E, 0xBCEE, 0xC4AD,
    0xBC4A, 0xA3A8, 0xAC48, 0x9B67, 0x92E7, 0x9B46, 0x9B46, 0x8AE5,
    0x8283, 0x7221, 0x69E0, 0x51C0, 0x5840, 0x38A0, 0x5A20, 0x6261,
    0x5AC3, 0x5AE4, 0x6AE4, 0x6B04, 0x6B66, 0x7409, 0x7C08, 0x5B05,
    0x7328, 0x7BCB, 0x5307, 0x6340, 0x6386, 0x6C0A, 0x63A5, 0x6C0B,
    0x73AA, 0x7B07, 0x7367, 0x62E5, 0x83EB, 0x7C4C, 0x746B, 0x8CCD,
    0x842C, 0x84AC, 0x7C4B, 0x83A8, 0x7B25, 0x956F, 0x8D0E, 0x7C0A,
    0x9CF0, 0x850E, 0x6C69, 0x7C4B, 0x8C6F, 0x84EC, 0xA532, 0x9C2E,
    0xA530, 0x9D2F, 0x9C8D, 0x9CAD, 0xB5D3, 0xB590, 0xB58F, 0xBD50,
    0x9D2D, 0xAD6F, 0xA509, 0x9D0C, 0x9CEA, 0xACAB, 0xA46A, 0xAD8F,
    0xB52F, 0xA4E6, 0xAD6B, 0xD613, 0xC5F0, 0xCE92, 0xE653, 0xE652,
    0xDEB3, 0xE6B4, 0xD693, 0xDE51, 0xE692, 0xD610, 0xD5F0, 0xCD8E,
    0xCDCE, 0xCE0F, 0xCD4D, 0xCD6E, 0xCD8E, 0xC58E, 0xB4CC, 0xBD2E,
    0xB42B, 0xB40A, 0xBC2A, 0xB428, 0xA387, 0xA367, 0x9326, 0x8A04,
    0x7A02, 0x6A00, 0x5160, 0x5860, 0x4080, 0x5220, 0x62A0, 0x5AE3,
    0x62E3, 0x6B01, 0x6305, 0x8BED, 0x73CA, 0x6B47, 0x83CC, 0x7BAA,
    0x7B87, 0x842A, 0x8CCE, 0x8C8E, 0x8C6C, 0x8CAD, 0x8C2D, 0x9CAD,
    0x848C, 0x8D0F, 0x948E, 0x7C6C, 0x8CEF, 0x94F0, 0x742E, 0x7CAF,
    0x9530, 0x9D4F, 0xA5F1, 0x9530, 0x9591, 0xB5D5, 0xADF4, 0x9E52,
    0x9DD1, 0xB5D6, 0xADB4, 0xA5D4, 0x7BCB, 0x9C70, 0x8CEE, 0x9D0D,
    0xA4EC, 0xBDD2, 0xA5D2, 0xA570, 0xA550, 0x94EE, 0x9C6E, 0xAC8F,
    0xC591, 0xB56C, 0xBDB3, 0xD615, 0xD5D3, 0xADD0, 0x9D2B, 0xAD2A,
    0xBD6F, 0xCD90, 0xBD6F, 0xBDD0, 0xC5CF, 0xCD90, 0xB54F, 0xC56E,
    0xC52D, 0xBD0B, 0xBCED, 0xB4AC, 0xBD6D, 0xE694, 0xCD8F, 0xCDD0,
    0xDE72, 0xC52E, 0xBCEE, 0xC50E, 0xC50C, 0xB42A, 0xB44A, 0xB429,
    0xABA8, 0xA388, 0x9BC8, 0x9328, 0x8AA6, 0x8AA5, 0x8A44, 0x7A82,
    0x59A0, 0x5060, 0x3800, 0x3800, 0x6281, 0x6AA3, 0x6AC0, 0x7303,
    0x7B49, 0x738B, 0x846B, 0x83CB, 0x72A9, 0x83AA, 0x848B, 0x8D09,
    0x8CEA, 0x948C, 0x8BC7, 0x7322, 0x9CCB, 0x9D2D, 0x95B2, 0x8D71,
    0x8D2E, 0xA675, 0xA694, 0x8D50, 0xBE54, 0xB675, 0xADF2, 0xA5D2,
    0xA5D5, 0x9DD2, 0xB634, 0x9D4F, 0x6C2A, 0x6CAA, 0xA552, 0xB4D3,
    0xA5D2, 0x9E94, 0xD636, 0xB4F0, 0xBEB5, 0xCF37, 0xBE34, 0xAE54,
    0xC6D7, 0xBE14, 0xAD92, 0xB592, 0xB550, 0xA4EE, 0xAD4F, 0x9D4D,
    0xA590, 0xBCF0, 0x9CAC, 0xAD6C, 0x9D4D, 0x952B, 0xAE31, 0x9DAE,
    0xB5CA, 0xB5AE, 0xB54E, 0xB40B, 0xAC89, 0xA485, 0x9AE1, 0x7AA4,
    0x8B81, 0xBC88, 0xB468, 0xB46A, 0xB3A8, 0xB407, 0xAC68, 0xAC07,
    0xB44A, 0xABC6, 0x9B05, 0xAB69, 0xABC8, 0xA366, 0xA326, 0x9B27,
    0x9344, 0x82A5, 0x92C5, 0x8AA2, 0x8A21, 0x7220, 0x51E0, 0x59A0,
    0x5100, 0x4020, 0x30C0, 0x5A20, 0x6AC1, 0x62C4, 0x7309, 0x738B,
    0x842A, 0x848A, 0x944D, 0x94AD, 0x94C9, 0xA4ED, 0xA4F0, 0x9CEF,
    0xA4ED, 0xB633, 0xBF16, 0xAE53, 0xC738, 0xB675, 0xA5D0, 0xCF17,
    0xB6D8, 0xEFBE, 0xF7DC, 0xD737, 0xC6B7, 0xBE14, 0xBE55, 0xBF16,
    0xAE30, 0xB673, 0xD757, 0xFFDD, 0xF77B, 0xE738, 0xCF9A, 0xF7FE,
    0xF6FB, 0xE75B, 0xE7FF, 0xDFBC, 0xDF19, 0xD75B, 0xDF9B, 0xE75A,
    0xDEB7, 0xD6B7, 0xC613, 0xBDB0, 0xBDEF, 0xBE30, 0xADAF, 0xB4F0,
    0x9CCC, 0x852B, 0x7200, 0x79C6, 0x9BE8, 0x9340, 0xB3E7, 0xA4C9,
    0xA469, 0xA487, 0xACA8, 0xAC66, 0xAB48, 0xBD12, 0xDE94, 0xC52C,
    0xB4CA, 0xAC07, 0xB3E6, 0x8340, 0x7B41, 0xAC26, 0xAB66, 0xA3C6,
    0xA386, 0x8A83, 0x8A84, 0x9B07, 0x9AE6, 0x9AE5, 0x7A80, 0x7A80,
    0x7A01, 0x8280, 0x7A01, 0x6980, 0x6220, 0x61C0, 0x59C0, 0x4860,
    0x4800, 0x38E0, 0x5240, 0x6AC3, 0x62A2, 0x6B21, 0x7385, 0x73A9,
    0x73AC, 0x7BEB, 0x850D, 0x9531, 0x7CAC, 0x7C6A, 0x9D6D, 0x9DCE,
    0x9D4E, 0xA58F, 0xADD1, 0x9D91, 0xC5F4, 0xB613, 0xAD93, 0xAD71,
    0xADB3, 0xA5B5, 0x9D16, 0xBE9C, 0xB778, 0xAED3, 0xC677, 0xCE9A,
    0xCED8, 0xCEFA, 0xB677, 0xBED7, 0xD73C, 0xDF3C, 0xCEF9, 0xBF19,
    0xCF9D, 0xE79A, 0xCF38, 0xCF3A, 0xCEB9, 0xCE57, 0xBE33, 0xBE74,
    0xCED6, 0xCED6, 0xD717, 0xCEF5, 0xCEB6, 0xCE73, 0xD6F5, 0xDF15,
    0xE739, 0xEFBC, 0xE7F9, 0xDF15, 0xDE74, 0xCE93, 0xAD0B, 0xAC0B,
    0xB44C, 0xB408, 0xB3CA, 0xB496, 0xAD8B, 0xBD27, 0xC4CF, 0xA3E5,
    0xB4A8, 0xAC08, 0xA468, 0xA406, 0xA3A5, 0xA365, 0x9304, 0x9B47,
    0x9B87, 0x9385, 0x8AE3, 0x71A1, 0x79C3, 0x79E4, 0x7A43, 0x7260,
    0x71C0, 0x81C0, 0x6A40, 0x5200, 0x5180, 0x59C0, 0x5900, 0x4860,
    0x30A0, 0x51C0, 0x5200, 0x5B01, 0x6B04, 0x6AA4, 0x6B67, 0x7369,
    0x842D, 0x7C4B, 0x8428, 0x8C4C, 0x8BEC, 0x8C4B, 0x844C, 0x844B,
    0x8CAC, 0x94CC, 0x8CEA, 0x8CAB, 0x94EB, 0x8D0B, 0x8CEC, 0x842D,
    0x8CA6, 0x7CC0, 0x6360, 0x60E0, 0x7A20, 0x73A1, 0x63C5, 0x8C4B,
    0x9C4E, 0xA48D, 0x9CCD, 0x8CEF, 0xAD51, 0x7C6A, 0x9D70, 0x8D0B,
    0x6408, 0x9CF3, 0x9C0B, 0xB591, 0xBE54, 0xBE75, 0xB613, 0xBE54,
    0xBE32, 0xC632, 0xC613, 0xC5F3, 0xC5F3, 0xC5D2, 0xACCD, 0xC570,
    0xBDF0, 0xC611, 0xCDF4, 0xCE13, 0xBDB0, 0xCDD0, 0xC5CE, 0xBD0E,
    0xAC2B, 0x9C08, 0xB527, 0xB423, 0xABC9, 0xA4EC, 0xACAB, 0xC593,
    0xB54B, 0xBC89, 0xBBE8, 0xA3C7, 0xA427, 0x9326, 0x9B88, 0x9326,
    0x92C4, 0x92A5, 0x92C7, 0x9305, 0x7A82, 0x8AA5, 0x8242, 0x59A0,
    0x6A40, 0x69E0, 0x69E0, 0x6A20, 0x50A0, 0x50E0, 0x48C0, 0x3800,
    0x5260, 0x5260, 0x5A81, 0x5A62, 0x5AC7, 0x5B27, 0x6B47, 0x73C6,
    0x73A9, 0x73A9, 0x7C4B, 0x8D2D, 0x848B, 0x946B, 0x9467, 0x7C04,
    0x7C27, 0x94AD, 0x94ED, 0x84CC, 0x848C, 0x8C6B, 0x94A4, 0x9480,
    0x82E5, 0x9308, 0x8BC7, 0x84A7, 0x8509, 0x8D06, 0x8CC3, 0x8508,
    0x7CA8, 0x8CEC, 0x946B, 0x8C6A, 0x9D6F, 0xA590, 0xAD31, 0xB4F1,
    0xAD0E, 0x8C69, 0x94CC, 0x9C6B, 0x9C2A, 0xAD50, 0xAD4F, 0xBD91,
    0xCDF5, 0xBD72, 0xC591, 0xC5F3, 0xC654, 0xB5D3, 0xBE34, 0xA50C,
    0xB52C, 0xACCC, 0xA4CD, 0xAD30, 0x9307, 0x9B27, 0x8B08, 0x9B43,
    0xA445, 0xAC27, 0x9345, 0xA469, 0xABC8, 0xAC49, 0xA4EA, 0xA4A6,
    0xABC8, 0xA427, 0x9C03, 0xA3A5, 0x9306, 0xA387, 0x9B26, 0x9B25,
    0x9305, 0x92A6, 0x9AE7, 0x8343, 0x8264, 0x79C1, 0x7A62, 0x6A22,
    0x61C0, 0x69A0, 0x5920, 0x5140, 0x5080, 0x4000, 0x3080, 0x49E0,
    0x4A00, 0x5A20, 0x52C3, 0x5B04, 0x5B05, 0x5B68, 0x6BA9, 0x73E9,
    0x7BCA, 0x7366, 0x7323, 0x7BC1, 0x73A0, 0x6300, 0x73E7, 0x846A,
    0x846A, 0x7C48, 0x7C49, 0x8C4A, 0x83E8, 0x7426, 0x8CA9, 0x84C4,
    0x84C0, 0x84C4, 0xA4A6, 0xA507, 0x9D6E, 0x94AF, 0x946E, 0x8C4A,
    0x8C4A, 0x83C9, 0x8BC7, 0x838C, 0x62C6, 0x6C47, 0x6447, 0x8429,
    0x9CD0, 0xAC8D, 0xACCE, 0xA54B, 0xA4CC, 0xA4EF, 0xA52E, 0x8C29,
    0xB5B1, 0xBE51, 0xADD1, 0xB531, 0xC551, 0xB5F2, 0xBD90, 0xAD6E,
    0xA5B1, 0xBDD0, 0xDDD4, 0xB490, 0xB44F, 0xBD8F, 0xA424, 0x8B03,
    0xA32C, 0xB4AD, 0xBD4F, 0xA428, 0xACA5, 0x9BA6, 0xA328, 0xA388,
    0xABE8, 0xBC8A, 0xA386, 0xABCB, 0xAC6A, 0x9B67, 0x9B47, 0x9326,
    0x8AE5, 0x8B44, 0x82A4, 0x8264, 0x7A41, 0x7A21, 0x7A21, 0x69C0,
    0x61C0, 0x51C0, 0x51E0, 0x58A0, 0x4840, 0x30A0, 0x4A00, 0x4A20,
    0x5241, 0x5A63, 0x5A83, 0x62A4, 0x6304, 0x62C6, 0x6307, 0x6B47,
    0x738A, 0x844F, 0x844F, 0x848F, 0x8C6E, 0x94EE, 0x7BC6, 0x7B88,
    0x7BAA, 0x8409, 0x8C8B, 0x7C6B, 0x6C28, 0x7387, 0x7B89, 0x8B88,
    0x83C5, 0x844A, 0x5346, 0x62C7, 0x73C6, 0x6C25, 0x7C46, 0x8C6A,
    0x948D, 0x83EC, 0x8D51, 0x9570, 0x8C4C, 0x8C2C, 0x93CB, 0x7B24,
    0x8CA6, 0x8CEA, 0xA4ED, 0xA38A, 0xA42C, 0xB56D, 0xB5EF, 0xBEB4,
    0xADD1, 0xD697, 0xCE96, 0xB58E, 0xB54D, 0xCDB2, 0xBD74, 0xBD10,
    0xC56F, 0xC5D0, 0xADCE, 0xBED1, 0xBEAF, 0xB4F1, 0xDE9A, 0xC5F1,
    0x9D07, 0xA5CB, 0xB62D, 0xB40D, 0xB42A, 0xBC8A, 0xAC27, 0xA3E8,
    0xB3ED, 0xA3E9, 0xAC8A, 0xA3E8, 0xA3C9, 0xA3A8, 0xA348, 0x9BC7,
    0x93C5, 0x8AA5, 0x8264, 0x8AC5, 0x7A63, 0x79E1, 0x71A0, 0x69E0,
    0x5180, 0x5140, 0x4020, 0x3800, 0x3900, 0x5220, 0x5240, 0x5A60,
    0x5A80, 0x5AC5, 0x5B06, 0x5AC4, 0x6BE7, 0x742B, 0x73EC, 0x7C8B,
    0x742A, 0x7BEA, 0x8C6C, 0x8C8C, 0x8D0F, 0x94EF, 0x950E, 0x950E,
    0x94EC, 0x8CEB, 0x94EC, 0x9CCB, 0x8CC9, 0x8D0C, 0x8CEC, 0x9510,
    0x83EC, 0x944D, 0xAD0F, 0x9530, 0x8CD0, 0x8C8F, 0x84AF, 0x6C6C,
    0x746A, 0x8CAA, 0x7324, 0x8429, 0x9CEE, 0xAD2C, 0xB62F, 0xB613,
    0xBDB3, 0xBDB3, 0xD6D9, 0xCF99, 0xDFBB, 0xC637, 0xC5B4, 0xDEB9,
    0xC5F3, 0xCE34, 0xD675, 0xCDD5, 0xC634, 0xC671, 0xCE11, 0xA58E,
    0xB5D0, 0x9DCC, 0xBEF1, 0xD614, 0xCD2E, 0xBD2D, 0xBDAE, 0xADCD,
    0xA4CB, 0x9B08, 0x92A6, 0x9BE6, 0x9347, 0xAC09, 0xAC28, 0xA387,
    0xAC26, 0xAC49, 0xABA8, 0xA3C8, 0xA3C7, 0x9B07, 0x9366, 0x92E6,
    0x8AA5, 0x8284, 0x8222, 0x7A22, 0x8203, 0x71E0, 0x5A40, 0x5900,
    0x4800, 0x3860, 0x3860, 0x38C0, 0x4A60, 0x5261, 0x5AA4, 0x6305,
    0x5B05, 0x6327, 0x6BAB, 0x6C0D, 0x5348, 0x7C4B, 0x840B, 0x7BCA,
    0x94CF, 0x7C2A, 0x62E7, 0x8C0B, 0x8D2A, 0x8D0C, 0x958F, 0x950E,
    0x8CAB, 0x9CAD, 0xA590, 0xA5B3, 0xB591, 0xA54E, 0x950D, 0x9DCE,
    0x85AF, 0x8D70, 0x8C6C, 0x8C2C, 0x8CCE, 0x7D0C, 0xADB1, 0xACED,
    0xA4EF, 0x952D, 0xA54E, 0xA48C, 0x946B, 0x8CCE, 0x8C45, 0x94E5,
    0x9CCB, 0xA52A, 0xA466, 0xBCEF, 0xC5F2, 0xBDEF, 0xCE74, 0xCEB5,
    0xC694, 0xC6D5, 0xC6F6, 0xCEB5, 0xC653, 0xCE56, 0xCE95, 0xDF14,
    0xCE52, 0xC612, 0xC5F2, 0xC5CF, 0xCDB1, 0xCDED, 0xC54D, 0xD570,
    0xBC8B, 0x9BA7, 0xAC08, 0xAC27, 0xAC47, 0xAC26, 0xAC28, 0xA3E8,
    0xABE9, 0xAC28, 0xA3C7, 0xA388, 0x9346, 0x8B44, 0x9B06, 0x8222,
    0x8A43, 0x8264, 0x8243, 0x8222, 0x6A40, 0x59C0, 0x61C0, 0x4900,
    0x48A0, 0x4020, 0x3880, 0x51C0, 0x5261, 0x5242, 0x5282, 0x5AA5,
    0x5AE6, 0x5B47, 0x62E6, 0x6247, 0x62A9, 0x6327, 0x62A5, 0x7389,
    0x7BEA, 0x840A, 0x9C8D, 0x948D, 0x946D, 0x950E, 0x950E, 0x9D8F,
    0x958F, 0x95AF, 0xB654, 0xADF2, 0xAE34, 0xB654, 0xCED8, 0x9D91,
    0xB613, 0x9E13, 0xAEB9, 0xDF1D, 0xCF3B, 0xE7BD, 0xD6D9, 0xBE96,
    0xCED8, 0xC697, 0xCF3A, 0xD7BC, 0xD717, 0xDF1A, 0xCF5D, 0xAD85,
    0xDDA0, 0xCD00, 0xC68E, 0xD73A, 0xCEF7, 0xBE73, 0xAE72, 0xB6B4,
    0xBE74, 0xC632, 0xD6D7, 0xE719, 0xCE92, 0xC671, 0xCE75, 0xCE33,
    0xD653, 0xCDB0, 0xC5CF, 0xC5F0, 0xB528, 0xAC89, 0xB50C, 0xA4E8,
    0xB4EA, 0xBCEB, 0xB4AA, 0xAC08, 0xB448, 0xAC48, 0xAC27, 0xB428,
    0xABA7, 0xA386, 0x9BA6, 0xA3E7, 0xA306, 0x92E5, 0x8AE4, 0x8AC4,
    0x8284, 0x8283, 0x7A62, 0x7A01, 0x69E0, 0x51A0, 0x5980, 0x58C0,
    0x4040, 0x3880, 0x42A0, 0x52A0, 0x6AC5, 0x62E5, 0x5AA5, 0x62E7,
    0x7B2A, 0x9CAE, 0x942C, 0x73AA, 0x7D0C, 0x954F, 0x844C, 0x948D,
    0x950C, 0x854C, 0x952E, 0x9D6F, 0xB654, 0xB677, 0xA5B3, 0xADD3,
    0x9DB0, 0xA58F, 0x954D, 0xA610, 0xBEB4, 0xB614, 0xDF19, 0xE699,
    0xD6DB, 0xC6FA, 0xC77A, 0xC719, 0xC637, 0xCEB8, 0xCED8, 0xCED9,
    0xD6FA, 0xDF1A, 0xDEFA, 0xD6BB, 0xC699, 0xDEF6, 0xFF37, 0xE6D7,
    0xCE99, 0xD6D7, 0xCE76, 0xC654, 0xD6B7, 0xCE76, 0xDEF8, 0xEF3A,
    0xDED8, 0xDF1A, 0xD6F7, 0xCEF7, 0xD6B7, 0xD6B4, 0xBDCF, 0xCD90,
    0xD611, 0xC60F, 0xBDAD, 0xC5D1, 0xC5D1, 0xBDCF, 0xBD4D, 0xBD2D,
    0xB4CD, 0xBD0D, 0xBD0C, 0xBD2D, 0xBD0C, 0xB4CC, 0xB48B, 0xB46B,
    0xB44A, 0xB40A, 0xB42B, 0xABC8, 0xABE8, 0xA3A7, 0x9B66, 0x9326,
    0x9326, 0x8B05, 0x8263, 0x8261, 0x61A0, 0x4900, 0x4840, 0x4000,
    0x3860, 0x51E0, 0x5A21, 0x5A40, 0x4AA3, 0x5AC6, 0x62C6, 0x5286,
    0x22C6, 0x63EB, 0x8C4D, 0x83AD, 0x7C0C, 0x84ED, 0x8CAD, 0x94AD,
    0x9C4E, 0x9C6C, 0x94EE, 0x8469, 0x844A, 0xADD3, 0xAE10, 0xBED5,
    0xAE35, 0xADD3, 0xB613, 0xB593, 0x9CB0, 0x9D71, 0x95B3, 0xA6D5,
    0xBED6, 0xCE77, 0xCE36, 0xBE76, 0xB675, 0xB696, 0xC6D6, 0xCF16,
    0xCEF7, 0xC6B5, 0xCE91, 0xD650, 0xD62D, 0xCE51, 0xAE30, 0xC653,
    0xD6B5, 0xDF59, 0xD739, 0xD6F8, 0xCE96, 0xD677, 0xE6BA, 0xD699,
    0xCE76, 0xBE33, 0xBE32, 0xBDF0, 0xE738, 0xD6B7, 0xD6B4, 0xC610,
    0xDE94, 0xEED6, 0xDE94, 0xDE51, 0xD671, 0xCDD0, 0xCDD0, 0xDE11,
    0xCDCF, 0xC58E, 0xCD4E, 0xCD6E, 0xC54E, 0xC54E, 0xC56E, 0xC54E,
    0xBD0C, 0xB46B, 0xAC29, 0xB429, 0xA3C8, 0xA3A8, 0xA388, 0x9B67,
    0x9345, 0x8263, 0x7200, 0x59A0, 0x48E0, 0x48A0, 0x4860, 0x3820,
    0x5260, 0x5260, 0x5261, 0x5A64, 0x62A5, 0x5AC6, 0x6B28, 0x6AE8,
    0x6B48, 0x52A7, 0x73AA, 0x7BC9, 0x6326, 0x6B46, 0x8C2B, 0x840A,
    0x7C48, 0x7C09, 0x94AC, 0x846B, 0x94EB, 0x8C8C, 0x6B65, 0x73E4,
    0xA50D, 0xA530, 0x9D91, 0x9DF0, 0xA5F2, 0xADB2, 0x93EE, 0x9C4F,
    0x94F0, 0x8CF0, 0x9D73, 0xA5B2, 0x952F, 0x8CF0, 0x740F, 0x8C0B,
    0xCD90, 0xCD8C, 0xBD47, 0xB4EB, 0xA530, 0xCDB7, 0xB4D1, 0x8D4F,
    0x95B1, 0xB653, 0xD655, 0xE6B8, 0xBE52, 0xADF0, 0xADCE, 0xADEE,
    0xC64F, 0xD6B2, 0xCDD1, 0xB5AF, 0xCDD0, 0xD695, 0xCE33, 0xCE33,
    0xAD4B, 0xB58A, 0xB56B, 0xB4CB, 0xB4CC, 0xB50D, 0xB50A, 0xB50C,
    0xC52D, 0xBCCC, 0xBD0C, 0xC52E, 0xC56E, 0xC56E, 0xBD0D, 0xB4AC,
    0xB48C, 0xB44A, 0xA3C8, 0x9B47, 0xA3C7, 0x9B66, 0x9306, 0x8A84,
    0x82A1, 0x6A40, 0x5980, 0x5060, 0x4040, 0x4040, 0x38C0, 0x5240,
    0x5260, 0x52A2, 0x5AC2, 0x6305, 0x7329, 0x7308, 0x6B09, 0x6B09,
    0x730A, 0x7328, 0x6B68, 0x840A, 0x7C4B, 0x742B, 0x848C, 0x950E,
    0x94AE, 0x94AC, 0x94EF, 0x9CF0, 0x94AE, 0x94CD, 0xAD93, 0x8530,
    0x7D2F, 0xA551, 0x9D71, 0x9C2E, 0x744E, 0x9D32, 0x84EF, 0x84B0,
    0x8CAD, 0x840A, 0x8C8C, 0x8CF2, 0x8C2D, 0x9D92, 0xADD3, 0xA591,
    0xAD53, 0xADB6, 0xB5F7, 0xAD71, 0xC6F7, 0xDFBC, 0xDF7A, 0xE635,
    0xC575, 0xA50F, 0xBF14, 0xA611, 0x8CEE, 0xB50E, 0xBC4A, 0xABCA,
    0xA42F, 0xBD34, 0xBE56, 0xAD0D, 0x9D0A, 0xB5AE, 0xC671, 0xC630,
    0xD5B0, 0xCD91, 0xCD72, 0xC5F0, 0xB4CB, 0xAC28, 0xB40A, 0xB429,
    0xB44A, 0xB48C, 0xB4AB, 0xC50D, 0xB4AC, 0xAC89, 0xB449, 0xABC7,
    0x9B45, 0x8AE4, 0x9305, 0x8B25, 0x82C3, 0x82C3, 0x7A61, 0x6AA0,
    0x61C0, 0x5940, 0x50A0, 0x4060, 0x4000, 0x3860, 0x5240, 0x5A81,
    0x52C3, 0x5285, 0x5306, 0x5B47, 0x5326, 0x6BE9, 0x6429, 0x6C2B,
    0x7CAF, 0x7CF1, 0x8531, 0x7D0E, 0x8C6D, 0x94AE, 0x8C4B, 0x846B,
    0x8C8D, 0x83E9, 0x7BC9, 0x7BCA, 0x848C, 0x942E, 0x838A, 0x7C27,
    0x7C4B, 0x746E, 0x748C, 0x5C6D, 0x84AF, 0x7C8E, 0x9D2F, 0x8D0F,
    0x9D94, 0xAD92, 0x94EF, 0x9D2D, 0x840C, 0x83ED, 0x9D30, 0x950F,
    0x952F, 0x9DB1, 0xADF6, 0x9CEF, 0x8369, 0xA490, 0x7C6D, 0x8D51,
    0x95CF, 0x5B69, 0x93AE, 0xB42A, 0xAC8D, 0xA551, 0xAD52, 0xC650,
    0xA447, 0xA464, 0xA4C7, 0xCDCF, 0xE651, 0xD5D1, 0xBD11, 0xCDF5,
    0xC611, 0xA4A9, 0xAC6C, 0xBC4E, 0xB4CC, 0xAB68, 0x8A86, 0x9BC7,
    0xB42A, 0xA407, 0x9BE8, 0xA388, 0xAB68, 0xA3E7, 0x9345, 0x9346,
    0x9307, 0x8282, 0x8221, 0x8224, 0x7261, 0x7A20, 0x6980, 0x61A0,
    0x5A20, 0x4900, 0x4860, 0x4820, 0x3860, 0x5240, 0x5260, 0x5282,
    0x5AA3, 0x5A63, 0x5AE6, 0x5306, 0x6B69, 0x7C4E, 0x73CB, 0x73EA,
    0x840C, 0x7BE8, 0x7B28, 0x8BCA, 0x8CCE, 0x9D73, 0x848B, 0x7C0B,
    0x842C, 0x846B, 0x846C, 0x7C6B, 0x74C9, 0x852D, 0x84EF, 0x748B,
    0x7C8C, 0x9C6E, 0xA512, 0xA510, 0x94B1, 0x740F, 0x7BE8, 0x9CED,
    0x842C, 0x73EA, 0xA534, 0x8CF1, 0x9511, 0xB615, 0xADD5, 0xBDD7,
    0xA4D1, 0x9489, 0x9CCD, 0x84CE, 0x6D6F, 0x9E14, 0xA570, 0xBDF2,
    0xD5B3, 0xC58E, 0x9DCF, 0x9DF1, 0xAD6E, 0xAC49, 0x9B46, 0xAB8B,
    0x940A, 0xA48C, 0xAD0F, 0x8CAE, 0x9C2A, 0xA4E9, 0xB529, 0xC58F,
    0xD5CF, 0xD530, 0xB44E, 0xA3C8, 0xB46B, 0xB50A, 0xA487, 0xA3C8,
    0x9BA8, 0x9B06, 0x92E5, 0x83A3, 0x93C6, 0x8B04, 0x7AA3, 0x8244,
    0x8243, 0x8243, 0x7AC4, 0x7261, 0x7261, 0x59C0, 0x50E0, 0x5960,
    0x5080, 0x48A0, 0x4820, 0x38A0, 0x5280, 0x5AA2, 0x6284, 0x62E4,
    0x5AE4, 0x6369, 0x6B6B, 0x6B8B, 0x73AB, 0x7C2F, 0x7C4D, 0x842C,
    0x8C2B, 0x7BEA, 0x848C, 0x73A8, 0x7B69, 0x842C, 0x83EB, 0x6BC9,
    0x63C8, 0x748A, 0x6C6C, 0x84CF, 0x9CD0, 0x93EC, 0x8369, 0xB551,
    0x7B09, 0x3205, 0x4B66, 0x83E6, 0x6367, 0x6BCC, 0x438A, 0x7CB0,
    0x856D, 0x8D2B, 0x8D6E, 0x94CE, 0xAD53, 0x8C30, 0x6B67, 0x8CEE,
    0x84AD, 0x84CF, 0x9530, 0x93EA, 0x8BE8, 0x82A9, 0x6265, 0x7C4A,
    0x7CAC, 0x8C0C, 0x9327, 0xAB8B, 0x8388, 0x5C88, 0x6C87, 0x7346,
    0x8BA9, 0x6B04, 0x62C2, 0xA449, 0x9C8A, 0x8B41, 0xABCB, 0x8B47,
    0x8247, 0x62E2, 0x8C46, 0xACAB, 0xA3E8, 0xABC9, 0xA38A, 0xABEA,
    0xA3E7, 0xA407, 0x8B86, 0x8283, 0x7A02, 0x8A45, 0x8242, 0x7A22,
    0x72E2, 0x62C0, 0x6160, 0x6120, 0x7220, 0x61C0, 0x5960, 0x50A0,
    0x48A0, 0x4020, 0x3100, 0x5160, 0x51E0, 0x5262, 0x5286, 0x5226,
    0x6266, 0x6307, 0x5B27, 0x5221, 0x7265, 0x842C, 0x842F, 0x84EF,
    0x7CEE, 0x8CF0, 0x94AF, 0x8C8D, 0x848C, 0x846C, 0x7C28, 0x838A,
    0x93ED, 0x9C2D, 0x944F, 0x8CEE, 0x9531, 0x8CD0, 0x9D93, 0x9590,
    0x9D90, 0x84AF, 0x7CD1, 0x8531, 0x8D0E, 0xA58D, 0xC613, 0x7BCA,
    0x730A, 0x7A45, 0x48E0, 0x5120, 0x62A5, 0x6C2A, 0x7C2A, 0x8C6C,
    0x73C9, 0x7BA5, 0x9389, 0x9BC9, 0x8B8B, 0x7BE9, 0xA40A, 0x8243,
    0x8B04, 0x8BA5, 0x7C26, 0x6BC5, 0x7AE4, 0x5903, 0x6A09, 0xA408,
    0x8B23, 0x9C06, 0x9389, 0x7A07, 0x838A, 0x72A7, 0x6B62, 0x9405,
    0xA4C6, 0x9C29, 0xA3CA, 0x9307, 0xA3E9, 0xB469, 0xAC0A, 0xA369,
    0x9B87, 0x9B47, 0x9B07, 0x9325, 0x8AE4, 0x8283, 0x7AA3, 0x7A22,
    0x81A3, 0x81E3, 0x7240, 0x71C0, 0x69E0, 0x5A40, 0x59E0, 0x50C0,
    0x4820, 0x30A0, 0x4A61, 0x5283, 0x5264, 0x5AC4, 0x5AC4, 0x6366,
    0x5326, 0x5388, 0x6C6B, 0x74CE, 0x752E, 0x7CAE, 0x7C4E, 0x8C2C,
    0x8C2B, 0x73E8, 0x8D0E, 0x8CAD, 0x8C8C, 0x9CEF, 0x8CCF, 0x74CD,
    0x8550, 0x7C0D, 0x7BCC, 0x8CAF, 0x8CB0, 0x840C, 0x842C, 0x9D72,
    0x8C8D, 0x742A, 0x73AA, 0x6B49, 0x6B06, 0x732B, 0x6A66, 0x5AC4,
    0x6BA7, 0x7D51, 0xAED5, 0x94CE, 0x838B, 0x7AE9, 0x7AE9, 0x7205,
    0x8261, 0x6AA4, 0x5A86, 0x83E9, 0x9368, 0x83A6, 0x8447, 0x7C08,
    0x7B09, 0xA38D, 0x81E8, 0x8B09, 0xBC8A, 0xBBA6, 0x9BA5, 0x8B8F,
    0x9B8D, 0x8323, 0x73E3, 0xAC89, 0xAB66, 0xAC89, 0x9BC9, 0xA34A,
    0xA367, 0xBC8B, 0xAC28, 0xB469, 0xBCAA, 0x9366, 0x8B05, 0xA3A8,
    0x9326, 0x9367, 0x9AC9, 0x8265, 0x7A43, 0x8A86, 0x8A45, 0x8284,
    0x82A4, 0x79E2, 0x71C1, 0x69E0, 0x59E0, 0x59A0, 0x51A0, 0x50C0,
    0x3840, 0x5220, 0x5A60, 0x5AA3, 0x5AA5, 0x5AA5, 0x62E7, 0x6B28,
    0x7BCC, 0x738C, 0x8B8E, 0x930D, 0x930C, 0x9C90, 0x8CCF, 0x8D50,
    0x8CAD, 0x8C6C, 0x948E, 0x83EB, 0x7C2B, 0x73EA, 0x732A, 0x8BEE,
    0x94CE, 0x946E, 0x848C, 0x7C2A, 0x7C6C, 0x842C, 0x73AB, 0x7B4B,
    0x7BAD, 0x72E9, 0x72A7, 0x21A0, 0x5BA3, 0x8C26, 0x6BE9, 0xA50D,
    0x8308, 0x7A88, 0x7388, 0x7A89, 0x8C29, 0xA4EB, 0x9CCD, 0x8D2C,
    0x93CA, 0x93C9, 0x63E1, 0x8386, 0x7A84, 0x82A7, 0x936A, 0x8B28,
    0xA489, 0xA488, 0xBD89, 0xACC8, 0x9C29, 0x9C0A, 0x8B44, 0xB4C7,
    0xB4A8, 0xB56C, 0xAC8B, 0xA40B, 0xA38B, 0xA347, 0xAC48, 0xACA8,
    0xB4AB, 0xB48B, 0xBC6D, 0xABC9, 0xB429, 0xA3A7, 0xA3E8, 0xAB2A,
    0x92C7, 0x8B04, 0x9327, 0x92A7, 0x8244, 0x8264, 0x71E1, 0x7A04,
    0x7A23, 0x7A02, 0x71E0, 0x6980, 0x59C0, 0x51A0, 0x50A0, 0x3820,
    0x5221, 0x5283, 0x5AA4, 0x5AC5, 0x6B47, 0x736A, 0x73AA, 0x738A,
    0x7348, 0x7C2A, 0x6C6C, 0x8DD3, 0x95B2, 0x846F, 0x94F3, 0xADF7,
    0x9512, 0x9D52, 0x94D0, 0x94D0, 0x946F, 0x83AD, 0x846C, 0x850F,
    0x8CD0, 0x8CAF, 0x94D2, 0x9470, 0x944D, 0x7BEB, 0x7C4B, 0x954E,
    0x94EC, 0x954E, 0xADB1, 0xA48E, 0x7C0B, 0x8388, 0x9CAD, 0x748B,
    0x8C4C, 0xAD8E, 0xA5B1, 0x84CD, 0x5D0E, 0x6469, 0x94EC, 0x94CA,
    0xB590, 0xB4D1, 0x932C, 0xAC50, 0xA42C, 0xBD6A, 0xBDCB, 0xC60E,
    0xD650, 0xCDCE, 0xD5EF, 0xCDAF, 0xCDEF, 0xCDAE, 0xD58D, 0xCCEF,
    0xD552, 0xC5B0, 0xBD8E, 0xBD6D, 0xC58B, 0xBD2C, 0xAC2B, 0xB3CB,
    0xB449, 0xAC08, 0xB48C, 0xABE9, 0xB3CB, 0xA328, 0x9347, 0x8B47,
    0x8B27, 0x92E5, 0x82E4, 0x7A84, 0x8264, 0x7A42, 0x7A63, 0x8243,
    0x7A42, 0x7A41, 0x7980, 0x69E0, 0x5980, 0x50A0, 0x3820, 0x52A0,
    0x52C1, 0x5244, 0x5B27, 0x5AE6, 0x5B08, 0x62E7, 0x7B6A, 0x942F,
    0xAD74, 0xA5F5, 0x9D73, 0x95B2, 0xA5B3, 0x9D30, 0x848C, 0x850F,
    0x9591, 0x9574, 0x9554, 0x9592, 0x9D92, 0x8CCF, 0x840C, 0x84AC,
    0x6427, 0x63E6, 0x84EB, 0x74A9, 0x6C4A, 0x94CD, 0x9CED, 0x9CED,
    0x8CAA, 0x8CE8, 0x8D2E, 0x9DF1, 0x9610, 0xA5F0, 0xCE75, 0xADF3,
    0xAD51, 0xAD53, 0xBD92, 0xADB0, 0x9449, 0xBD0F, 0xB530, 0xA48D,
    0xC56F, 0xB52C, 0xD5AE, 0xCDAE, 0xD5AF, 0xD611, 0xCE12, 0xCE13,
    0xE6D6, 0xD5F0, 0xCD4C, 0xD50B, 0xCC6A, 0xC50D, 0xC54C, 0xBD6C,
    0xCD6E, 0xCD6E, 0xC4CC, 0xABA8, 0xB368, 0xB426, 0x9CC4, 0xABE6,
    0xB3AA, 0xB40D, 0x9B28, 0x9C07, 0xA428, 0xA447, 0x9BC7, 0x9347,
    0x9307, 0x8B46, 0x8AE5, 0x92C7, 0x9AE6, 0x9307, 0x8A66, 0x79A1,
    0x81E3, 0x7181, 0x69A0, 0x51A0, 0x50A0, 0x4020, 0x51C0, 0x5A22,
    0x6204, 0x5A04, 0x61A3, 0x62A6, 0x6368, 0x6BAA, 0x63CC, 0x63CB,
    0x8C8F, 0x9D52, 0x94D0, 0x94D1, 0x9DB4, 0xAE15, 0xA5D4, 0xA5B3,
    0x954E, 0x854E, 0x9637, 0xA6D7, 0xAF17, 0xA636, 0xAF9A, 0xBFFE,
    0xC77C, 0xA658, 0xB678, 0xC699, 0xC75B, 0x9DF5, 0xAE96, 0xAE57,
    0xA5B3, 0xAE13, 0xA58F, 0xAD30, 0x9CCE, 0xA4AD, 0xB5D1, 0xB673,
    0xC654, 0xBD8D, 0xDE53, 0xDE97, 0xB591, 0xC5F3, 0xD677, 0xD699,
    0xD778, 0xD796, 0xCED3, 0xCE73, 0xC5F0, 0xCE52, 0xBE52, 0xBE32,
    0xBDF0, 0xCE2F, 0xCE0D, 0xC5EB, 0xC60E, 0xCDCF, 0xC56E, 0xBCCB,
    0xB4AA, 0xACCA, 0xB4EB, 0xB50B, 0xAC47, 0xA3E9, 0xA44A, 0xAC69,
    0xAC88, 0xB48A, 0xA468, 0x9C27, 0xA425, 0xB4CA, 0xA3E8, 0x9327,
    0x9B87, 0x9B87, 0xA3C8, 0x9344, 0x8AA4, 0x9286, 0x79E1, 0x71A0,
    0x6220, 0x6A20, 0x5100, 0x50A0, 0x4040, 0x4220, 0x4A21, 0x4B24,
    0x53A7, 0x5C0C, 0x5348, 0x5AC6, 0x6B48, 0x6B67, 0x5B06, 0x7347,
    0x842B, 0x8C4C, 0x9D51, 0x9DD3, 0x9D93, 0x9511, 0xAE18, 0xA5F9,
    0xA5F8, 0xA573, 0x95B3, 0x94F2, 0xA512, 0x9471, 0x8ACC, 0xB513,
    0xC5F8, 0xBE18, 0xB67A, 0xA658, 0xB636, 0xBE7A, 0xBEB8, 0xC654,
    0xD6B7, 0xCEB7, 0xDF5A, 0xF7FE, 0xDF9B, 0xCFBC, 0xDF9C, 0xEFFE,
    0xC75C, 0xDFFF, 0xD75A, 0xDF7B, 0xF7FF, 0xD79A, 0xD7B9, 0xD6F6,
    0xD678, 0xD678, 0xC614, 0xC611, 0xD631, 0xC650, 0xC652, 0xCEB5,
    0xCE94, 0xC654, 0xCEF8, 0xCF16, 0xD717, 0xCED6, 0xCE72, 0xD612,
    0xC5F1, 0xB52D, 0xB50E, 0xB50D, 0xBD0E, 0xB52D, 0xB4AB, 0xB4CC,
    0xBD0D, 0xC56E, 0xBCED, 0xB48B, 0xAC6B, 0xB44B, 0xB44A, 0xAC08,
    0xABE8, 0xABE8, 0x9B67, 0x8AE5, 0x7A42, 0x7A42, 0x69A0, 0x5980,
    0x5980, 0x48A0, 0x50C0, 0x3840, 0x42A1, 0x52C4, 0x52A4, 0x5A65,
    0x6286, 0x6308, 0x736A, 0x7329, 0x7BAA, 0x840C, 0x73A8, 0x6B46,
    0x83EB, 0x7B8A, 0x7B86, 0x746B, 0x7C8D, 0x8D0F, 0x8CCD, 0x8BEB,
    0x72C9, 0x9470, 0xA533, 0x8D2F, 0x8D11, 0x63ED, 0x748F, 0x7CEF,
    0x84F0, 0x84CE, 0x8CCF, 0xAE15, 0x8D30, 0xADF3, 0xB678, 0xADF4,
    0xBD94, 0xB5D4, 0xCE98, 0xC6DA, 0xC6B9, 0xCE78, 0xDF3A, 0xDF3A,
    0xDEF9, 0xD675, 0xD6B6, 0xCE35, 0xCE34, 0xCE76, 0xC5F4, 0xBD52,
    0xDEB6, 0xCEB5, 0xDF17, 0xCE94, 0xD6D6, 0xD6B7, 0xCE51, 0xC650,
    0xC651, 0xCE52, 0xCE12, 0xCDF2, 0xD5B1, 0xDE53, 0xE6B5, 0xDEB5,
    0xDED6, 0xD673, 0xDE72, 0xCDB0, 0xC54E, 0xCD6F, 0xC58F, 0xBD0E,
    0xBD0F, 0xBC8E, 0xB4AD, 0xB40C, 0xB409, 0xAC08, 0xAC09, 0xA3A8,
    0xA387, 0xA347, 0x9366, 0x8B25, 0x7A63, 0x69C0, 0x59C0, 0x51C0,
    0x50E0, 0x50A0, 0x3820, 0x4180, 0x5220, 0x5282, 0x4283, 0x52E6,
    0x5346, 0x52E7, 0x5327, 0x5B27, 0x6306, 0x7BCA, 0x7C2B, 0x73EA,
    0x846C, 0x848D, 0x7C8D, 0x7C4B, 0x84AE, 0x746C, 0x6CAD, 0x6CEF,
    0x5C0C, 0x634D, 0x4B0B, 0x63EC, 0x84AD, 0x848E, 0x740B, 0x8CEF,
    0x84CE, 0x8CCF, 0x7BCB, 0x8B4B, 0x9C0D, 0x83AB, 0x84CF, 0x73EB,
    0x8CEF, 0x94AE, 0x7BC9, 0xB592, 0xBE15, 0xB5D3, 0xAD51, 0xAD91,
    0xBE75, 0xADB2, 0xBE35, 0xBE33, 0xADB1, 0xD737, 0xBE33, 0xBDD3,
    0xBD73, 0xBD30, 0xC592, 0xCD92, 0xBCCE, 0xC4F0, 0xC552, 0xB530,
    0xCDD2, 0xDE94, 0xDEB5, 0xDE76, 0xC612, 0x9D0E, 0xAD4D, 0xB54F,
    0xBD2F, 0xC570, 0xCD70, 0xC56F, 0xBD6F, 0xB50C, 0xACAA, 0xAC6A,
    0xA388, 0xA3C8, 0xABE9, 0xA3C8, 0x9B66, 0x9BE7, 0x9B46, 0x9B26,
    0x9346, 0x8B25, 0x82A3, 0x7A60, 0x7221, 0x6960, 0x51A0, 0x50E0,
    0x50A0, 0x3860, 0x4A82, 0x4B05, 0x4AE4, 0x4AA5, 0x4AA4, 0x6AE6,
    0x5B29, 0x5BA9, 0x73EC, 0x6B89, 0x63A8, 0x63E9, 0x6367, 0x94D1,
    0x740D, 0x7C10, 0x94D1, 0x744E, 0x6C4D, 0x8C90, 0x946F, 0x948D,
    0x948C, 0xAD91, 0xA511, 0x73AC, 0x7C2F, 0x840E, 0x8C4F, 0x8C4F,
    0x8CAE, 0x8C4D, 0x8CEF, 0x9530, 0x8C4D, 0x944D, 0xA4EF, 0x9CCF,
    0x9CCF, 0xAD92, 0x9D72, 0x9D32, 0x9D32, 0xADF5, 0xB5D5, 0xAD93,
    0x8CCD, 0x8C4C, 0xAD0F, 0x940C, 0x9429, 0xAD2D, 0xAC6B, 0x9AE8,
    0xAC8D, 0xBDD2, 0xAD0F, 0xC5D1, 0xB58F, 0xBDF0, 0xD714, 0xBE32,
    0xAD2F, 0xADB2, 0x8C8C, 0xA4CD, 0xB4F0, 0xB4EE, 0xA44C, 0xA48C,
    0xBD70, 0xAD0D, 0xA4EC, 0xACCD, 0xACEC, 0xACCB, 0xAC6C, 0xA408,
    0xA407, 0x9BA5, 0xA406, 0xA3A7, 0x9B47, 0x9306, 0x9366, 0x8B26,
    0x82E3, 0x69A0, 0x69C1, 0x7241, 0x69C0, 0x61E0, 0x5100, 0x5060,
    0x3880, 0x5240, 0x4240, 0x4200, 0x5244, 0x3A65, 0x5B27, 0x6328,
    0x6AA5, 0x62C6, 0x6BCA, 0x7BAA, 0x7B49, 0x842D, 0x6307, 0x6B43,
    0x9510, 0x846B, 0xA48D, 0x83EC, 0x8C2C, 0x7C0C, 0x844E, 0x7C8E,
    0x746E, 0x6C0C, 0x9D13, 0x9CF2, 0x8C8E, 0x8CAF, 0x8C90, 0x8CB0,
    0x8C8F, 0x842B, 0x946D, 0x8C8C, 0x7C6D, 0x84F0, 0x8D0E, 0x8D2F,
    0x8CF0, 0x9D93, 0xA5D2, 0x9D32, 0xBDF4, 0xA531, 0x9CAE, 0xBDF3,
    0xBD91, 0xA530, 0xB592, 0xB4B1, 0xA430, 0xA510, 0xAE10, 0xB54E,
    0xACAC, 0x9CAC, 0xAD50, 0x8CAC, 0x8C4C, 0x82EB, 0xACAF, 0xA4ED,
    0xBCEF, 0xC4B0, 0xA42B, 0x9CA9, 0xAD6F, 0xA50E, 0xA4CB, 0x9CEB,
    0xA48A, 0xA4AD, 0xACAD, 0xB50F, 0x9C0B, 0x8265, 0xA3EB, 0xB42C,
    0xA38A, 0xB44B, 0x93A6, 0x9386, 0x9386, 0x82C3, 0x7A63, 0x82C3,
    0x7201, 0x7A61, 0x6A40, 0x5260, 0x6200, 0x5180, 0x5040, 0x3840,
    0x4A40, 0x5263, 0x6308, 0x6327, 0x5B06, 0x5B27, 0x5B07, 0x63A9,
    0x63EA, 0x6BEB, 0x6BEA, 0x63EA, 0x7C6C, 0x848F, 0x94F0, 0x746E,
    0x6369, 0x7C0D, 0x740C, 0x7C0C, 0x7CAE, 0x846E, 0x7C0D, 0x8CAE,
    0x94F0, 0x848D, 0x846E, 0x8C90, 0x8CF0, 0x846D, 0x8C6E, 0x844C,
    0x8CEE, 0x9511, 0x8C8E, 0x8C4D, 0x8C2D, 0x8BED, 0x93EF, 0x9C8E,
    0x940A, 0x946D, 0x9CAD, 0x9CAC, 0x948A, 0xAD91, 0xAD93, 0xA676,
    0x9E54, 0xAD93, 0xADF4, 0xA5F3, 0xA510, 0xA44C, 0xA36A, 0xA4AB,
    0x950D, 0xA46C, 0xAC0A, 0xB48E, 0xA40A, 0xB50E, 0x9CEB, 0x950B,
    0x8C89, 0xA4CB, 0xB56F, 0xACCE, 0xB44F, 0xA36A, 0x93E9, 0xC571,
    0xA4CC, 0xA4CC, 0xB54E, 0xACEB, 0xB46A, 0x9BE8, 0x8AE6, 0x9AE7,
    0x8A25, 0x7A45, 0x8B06, 0x82C5, 0x7A64, 0x8222, 0x7A42, 0x7A40,
    0x7A60, 0x6A20, 0x69E0, 0x61C0, 0x5A20, 0x5920, 0x4020, 0x5281,
    0x5262, 0x5223, 0x5AA4, 0x5B06, 0x6B89, 0x6BA9, 0x6368, 0x6B68,
    0x6B89, 0x740B, 0x7C6D, 0x73CA, 0x6BCB, 0x7C2D, 0x7C2D, 0x7C6E,
    0x7CCE, 0x7C8D, 0x7C4E, 0x94AF, 0x8CAE, 0x94F2, 0x8C6F, 0x8CD1,
    0x9CF2, 0xADF6, 0x9D52, 0x8CD1, 0x9D31, 0x9D71, 0x9531, 0x94CF,
    0x8CAF, 0x9D50, 0x9590, 0x9DB1, 0x9DF1, 0x8D91, 0x8D51, 0x95D2,
    0xBEF8, 0xA633, 0xB655, 0xC615, 0xA550, 0xB5D1, 0xBDF3, 0xBDF3,
    0xBE75, 0xB614, 0xC654, 0xD675, 0xBDF3, 0xC697, 0xBDF4, 0xAD31,
    0xB5AE, 0xB548, 0x9CC5, 0xA4C6, 0x93EB, 0x9269, 0xB40D, 0xA3AC,
    0x9C09, 0x934A, 0x82C4, 0x8C24, 0x9C48, 0xA40A, 0xAC8A, 0xA4A9,
    0xA46B, 0xA3AA, 0xABAA, 0x9B49, 0x9B69, 0x8AA7, 0x92A6, 0x8A86,
    0x9307, 0x9325, 0x8B04, 0x8B25, 0x7A83, 0x7A21, 0x8224, 0x8202,
    0x7220, 0x69E0, 0x61A0, 0x51E0, 0x5120, 0x4000, 0x49E0, 0x5A60,
    0x62C2, 0x62E4, 0x6304, 0x6AE5, 0x7347, 0x7BC9, 0x7BEA, 0x73EA,
    0x7C0B, 0x742B, 0x73EA, 0x740B, 0x7BEB, 0x748D, 0x742C, 0x7C0B,
    0x83EB, 0x73EB, 0x740C, 0x6BAC, 0x842F, 0x7C4F, 0x846F, 0x7C8D,
    0x7D0F, 0x8CCF, 0x8CAF, 0x9D31, 0x9532, 0x9D51, 0xA571, 0x9D51,
    0x9D71, 0xA5D4, 0x9D93, 0xBDF6, 0xAD73, 0xCE36, 0xADB3, 0x9CCF,
    0xACF0, 0xB570, 0xB5F3, 0xBE34, 0x9D91, 0xB593, 0xBDD3, 0xB5D2,
    0xADF1, 0xB632, 0xB654, 0xBE75, 0xC696, 0xBE33, 0xCE12, 0xC633,
    0xB5F2, 0xADEF, 0xC632, 0xAD2D, 0xA58F, 0x852A, 0x8D09, 0xA4EC,
    0xB56C, 0xBD6D, 0xAD0C, 0xB52C, 0xBD70, 0xAD30, 0x9C8D, 0x9409,
    0xA3AA, 0xA44C, 0x92E7, 0xA367, 0xA388, 0x92C8, 0x8B46, 0x9326,
    0x9325, 0x9305, 0x8AE4, 0x82A4, 0x7AA2, 0x7A62, 0x7A81, 0x7A20,
    0x8A62, 0x7A01, 0x59E0, 0x5120, 0x4000, 0x5240, 0x5AA0, 0x5AE0,
    0x6AC1, 0x6B42, 0x6B65, 0x6386, 0x6BC8, 0x7C0B, 0x7BEA, 0x7B8A,
    0x7B8B, 0x83AA, 0x7B88, 0x7B88, 0x7C0C, 0x83EB, 0x83CA, 0x842C,
    0x7BEA, 0x73C9, 0x7BC9, 0x7BEA, 0x5AE7, 0x736A, 0x73A9, 0x7369,
    0x7C2C, 0x84AC, 0x8C2C, 0x8C4D, 0x948D, 0x94CF, 0x94CF, 0x948C,
    0xA4F0, 0xA592, 0xB635, 0xB5D3, 0xB593, 0xAD92, 0xB5D5, 0xB574,
    0xB552, 0xAD92, 0xB5B3, 0xA592, 0x8D30, 0xA5F2, 0xB633, 0xBE34,
    0xC635, 0xB5D1, 0xAD4C, 0xAD2C, 0xC5B0, 0xB590, 0xBDF0, 0xC651,
    0xC632, 0xCE95, 0xCE51, 0xEE55, 0xC50D, 0xBD09, 0xD551, 0xC530,
    0xAC4E, 0xB48F, 0x7A67, 0x8AC6, 0xAC8A, 0xA366, 0xABC9, 0xB4AB,
    0xA408, 0x9B28, 0x9BA7, 0x9388, 0x9367, 0x8B05, 0x9308, 0x8AE5,
    0x92E5, 0x8AC3, 0x8AA4, 0x8203, 0x81E2, 0x7221, 0x7A01, 0x8A22,
    0x8201, 0x5980, 0x50A0, 0x4060, 0x5260, 0x5AA0, 0x62E1, 0x62E4,
    0x6AE4, 0x7386, 0x6B66, 0x6B64, 0x7387, 0x7C2C, 0x84AB, 0x8C8B,
    0x94ED, 0x8CEE, 0x8CAC, 0x8C4C, 0x842B, 0x844B, 0x842B, 0x8C4C,
    0x84CF, 0x8D10, 0x848E, 0x8531, 0x95F5, 0x8552, 0x8CCF, 0x848D,
    0x848C, 0x8CAE, 0x8CAB, 0x8CAB, 0x94CE, 0x94EF, 0x952C, 0x9D0F,
    0x8CAE, 0x8C4E, 0x9510, 0x9D50, 0xA551, 0xADD3, 0xAE14, 0xBE75,
    0xBE34, 0xBE55, 0xCED7, 0xD6D6, 0xC695, 0xC634, 0xC676, 0xC654,
    0xCE35, 0xDE97, 0xC5D3, 0xBDB1, 0xBDF2, 0xC5F3, 0xC591, 0xCDF3,
    0xD5D4, 0xCDB4, 0xD615, 0xD6B5, 0xD6D8, 0xCEF7, 0xBE70, 0xA426,
    0xBBA6, 0xA30A, 0xA429, 0xBD6E, 0xB4ED, 0xBCEE, 0xBD2C, 0xBCCA,
    0xB46A, 0xB4AA, 0x9B48, 0x9B27, 0x9B27, 0x9306, 0x8AE5, 0x92E6,
    0x8AC5, 0x8A85, 0x8AA6, 0x8A65, 0x7A42, 0x6A20, 0x6200, 0x5200,
    0x5980, 0x5020, 0x3120, 0x5220, 0x5A60, 0x5AA2, 0x6345, 0x6303,
    0x6B04, 0x7B87, 0x840A, 0x848E, 0x9D11, 0x94AE, 0x84CD, 0x84AC,
    0x8CAE, 0x8CAB, 0x952C, 0x9D0D, 0x8D0B, 0x84EC, 0x852E, 0x8D30,
    0x8D51, 0x8D10, 0x8551, 0x9551, 0x94D1, 0x8CAF, 0x9D52, 0x8CCF,
    0x9D10, 0xA572, 0x8CCE, 0x8C8B, 0x94AF, 0x94AC, 0x948D, 0x9D50,
    0xADF3, 0x9D11, 0xA511, 0xA571, 0xA5B2, 0x950E, 0xA570, 0xA58F,
    0xADB1, 0x9D2F, 0xADD4, 0xBE36, 0xB5F3, 0xB5F3, 0xB5D2, 0xBDF3,
    0xB612, 0xBDB1, 0xC655, 0xBDF2, 0xC5D3, 0xAD90, 0xAD50, 0xC611,
    0xBE6F, 0xAE2E, 0xC671, 0xADEC, 0xAD69, 0xB50D, 0xACAC, 0xBD2F,
    0xBE2F, 0xCE31, 0xD5F0, 0xC5CE, 0xCE30, 0xCDAE, 0xC56D, 0xC58D,
    0xBD2C, 0xBCAB, 0xAC28, 0xA3E8, 0x9B87, 0xA3E8, 0x9B67, 0x9B47,
    0x9B67, 0x9346, 0x8AA4, 0x8A24, 0x8222, 0x7201, 0x69C0, 0x59C0,
    0x50C0, 0x3140, 0x5240, 0x5AA0, 0x5AA0, 0x6260, 0x62E4, 0x7346,
    0x83C9, 0x7BC9, 0x73C8, 0x73CA, 0x83CB, 0x8C2C, 0x946D, 0x8C6C,
    0x948C, 0x8C8C, 0x8D0D, 0x950C, 0x94EE, 0x950E, 0x94AD, 0x946D,
    0x8C2C, 0x83CC, 0x8BAB, 0x8C6E, 0x8CAE, 0x8CED, 0x8CEF, 0x944D,
    0x8C8D, 0x9510, 0xA5B1, 0x9D92, 0xAE14, 0xA5D4, 0x954F, 0x9D52,
    0x8CAF, 0x950F, 0xA5B3, 0x9CB0, 0x9510, 0x9550, 0x94EF, 0xA551,
    0x94CD, 0x94EE, 0x8C69, 0x8CCC, 0x948B, 0x8CCE, 0x9DD3, 0xA570,
    0xA5B0, 0xA54F, 0xA52E, 0xBE14, 0xBE13, 0xBDB1, 0xA54F, 0x942C,
    0x9C2C, 0xAC2E, 0xA40C, 0xC511, 0xC54F, 0xB56E, 0xB54D, 0xACEA,
    0xBD2D, 0xCDD0, 0xC58F, 0xDDF1, 0xE673, 0xE692, 0xD60F, 0xD56D,
    0xC52D, 0xB4AB, 0xAC49, 0xAC08, 0xAC29, 0xA408, 0xA3A8, 0xA387,
    0xA368, 0x92C6, 0x8A65, 0x8203, 0x71C2, 0x7A03, 0x59A0, 0x5940,
    0x4000, 0x5240, 0x5A81, 0x62A3, 0x6B45, 0x73E8, 0x73A7, 0x7BCA,
    0x7C2B, 0x948D, 0x8C8D, 0x8CAD, 0x944C, 0x8C8E, 0x8C6D, 0x8C6D,
    0x8C6B, 0x948E, 0x94AF, 0x94F0, 0x8CCE, 0x8D11, 0x9553, 0x9D72,
    0x9553, 0x9DF4, 0xAE15, 0xB5F6, 0xAD94, 0x9D72, 0xADF4, 0xB615,
    0x9D31, 0xA513, 0x9CD1, 0x9CD0, 0x8CB0, 0xA552, 0xADD4, 0xBDD4,
    0xAD31, 0xA531, 0xAD91, 0xB572, 0xAD30, 0xA510, 0x9D0E, 0x8C8A,
    0x9D30, 0x9CCD, 0xA510, 0xA48F, 0x9B4A, 0x6B45, 0x8BEA, 0xA48D,
    0xA42D, 0xAC2F, 0xAC0C, 0xACAC, 0xBD0F, 0xC52F, 0xC42D, 0xB50D,
    0xB54C, 0xB52A, 0x8C25, 0x8AC4, 0xAB49, 0x9A85, 0xAC4C, 0xB46E,
    0xB48A, 0xACAC, 0xAC4C, 0xABEA, 0xBCAA, 0xB4AC, 0xBCAD, 0xB4CC,
    0xB48C, 0xB46B, 0xB46A, 0xAB88, 0xA387, 0xA367, 0xAB88, 0xA3C7,
    0x8AC5, 0x8264, 0x7A64, 0x79E2, 0x7222, 0x6140, 0x50A0, 0x4020,
    0x5220, 0x5A61, 0x5A42, 0x5A84, 0x6AC5, 0x62A5, 0x6B06, 0x72E8,
    0x838A, 0x7B29, 0x7BCB, 0x83CA, 0x8BC9, 0x83A9, 0x8C0A, 0x948B,
    0x73E7, 0x73A4, 0x83C9, 0x8BC8, 0x944B, 0x944D, 0x946D, 0x9D11,
    0x9D52, 0x94CE, 0x9D51, 0xB616, 0xCE78, 0xC636, 0xC675, 0xD758,
    0xBEF6, 0xCF38, 0xCF59, 0xE7DC, 0xDF9A, 0xCF37, 0xC6F6, 0xC718,
    0xBE56, 0xA550, 0xAD33, 0xAD10, 0xB591, 0xB550, 0xBD10, 0xB54F,
    0xB590, 0xAD4D, 0xA54C, 0xB54C, 0xAD6E, 0xAD6D, 0xA50B, 0xA58B,
    0x9D49, 0x9D4B, 0xAD2C, 0xA4EA, 0xADCC, 0xC690, 0xB56D, 0xB50B,
    0xC5B1, 0xC5AF, 0x9B6A, 0x9C09, 0xA42B, 0x9BEA, 0x7A67, 0x8A88,
    0xA3A9, 0xAC4B, 0x93A6, 0x8A63, 0xABC9, 0x9B67, 0xA408, 0xAC2A,
    0xA3A8, 0x9B88, 0x9326, 0x9B46, 0x9305, 0x8AC5, 0x8AC5, 0x8B26,
    0x8A64, 0x7A04, 0x7A22, 0x71E0, 0x6160, 0x5080, 0x4000, 0x5200,
    0x5A80, 0x5260, 0x62A5, 0x6283, 0x62A4, 0x73A8, 0x6B88, 0x742A,
    0x74CB, 0x7C6C, 0x844D, 0x844B, 0x7C6B, 0x844C, 0x842C, 0x946E,
    0x8BEA, 0x8C4D, 0x9CCF, 0x94EE, 0x94CF, 0x95B2, 0xAE15, 0xAE55,
    0xAE37, 0xC75B, 0xAEF8, 0xA635, 0x9DD4, 0xAE37, 0xBE38, 0xC616,
    0xC658, 0xCE78, 0xD617, 0xBDB6, 0xCE79, 0xE7BD, 0xDF7C, 0xD7BD,
    0xEFFD, 0xF7DC, 0xDF7A, 0xCF7A, 0xCF39, 0xCF17, 0xB653, 0xC695,
    0xBE53, 0xB5B1, 0xB54F, 0xAD0F, 0xAD4E, 0xA50D, 0xB571, 0xB52D,
    0xBD4E, 0xCE31, 0xD672, 0xA3A9, 0xAC6C, 0xB50F, 0xA40A, 0x9428,
    0xB50D, 0xB58D, 0xAD2A, 0xBCAB, 0xB4C9, 0xAC26, 0xC52C, 0xA447,
    0xA408, 0xA487, 0x9BE7, 0xB3EB, 0x9B27, 0x92E6, 0x7A22, 0x82A1,
    0x8B23, 0x82E2, 0x82A2, 0x8AC3, 0x8263, 0x8244, 0x8AC6, 0x8263,
    0x79E2, 0x71E2, 0x69C1, 0x6200, 0x61A0, 0x4020, 0x49E0, 0x5A00,
    0x59C0, 0x5241, 0x5AC4, 0x62E4, 0x62C5, 0x5AE5, 0x6AE6, 0x6AA7,
    0x5A65, 0x6B49, 0x636B, 0x6BCA, 0x746B, 0x740B, 0x84CF, 0x8CEE,
    0x7CAD, 0x8C6C, 0x948D, 0x8C6D, 0x8CAD, 0x842C, 0x842B, 0x8C8F,
    0x7C0C, 0x6BA9, 0x948F, 0x9CD0, 0x7C6C, 0x748C, 0x952F, 0x84AC,
    0x8CF0, 0x9D90, 0xA5D0, 0xA550, 0x948D, 0x9C8F, 0xA490, 0xA552,
    0x74CC, 0x9D70, 0xCEB4, 0xC613, 0xC634, 0xCE95, 0xC654, 0xCE13,
    0xC634, 0xCE94, 0xC633, 0xC5D3, 0xC5B1, 0xC54D, 0xCDAF, 0xC5B1,
    0xB4AE, 0xBD50, 0xB4CD, 0xB4AA, 0xB54D, 0xACA9, 0xAC88, 0xB4AB,
    0xAC4A, 0xB48C, 0xA48D, 0xACEE, 0xACCC, 0xA4EE, 0xA4EE, 0xAD51,
    0xAC4B, 0x9C6B, 0x9BC7, 0xB428, 0xABC7, 0x9BA6, 0xABA8, 0x92C6,
    0x92C5, 0x8AE3, 0x82A1, 0x8263, 0x8224, 0x7A03, 0x7A83, 0x8264,
    0x7A02, 0x71C0, 0x59C0, 0x50E0, 0x4000, 0x5260, 0x5280, 0x5AA2,
    0x5B04, 0x5AE4, 0x62E5, 0x6285, 0x62A6, 0x6AE4, 0x6B88, 0x7C2B,
    0x73C7, 0x6A83, 0x6983, 0x7266, 0x7247, 0x61C2, 0x6A83, 0x83CA,
    0x7C0B, 0x7BCB, 0x7B8B, 0x73AB, 0x7C0C, 0x846D, 0x846E, 0x8CCE,
    0x9D31, 0x846D, 0x84AC, 0x8CEE, 0x9D0F, 0x9D11, 0x7C2D, 0x846B,
    0x9CEE, 0x7C0A, 0x94CE, 0x84EB, 0x9DD1, 0x9DD1, 0xA572, 0xB5F1,
    0xBE54, 0xC697, 0xB635, 0xC655, 0xD6B6, 0xC674, 0xC693, 0xB673,
    0xCE93, 0xCE73, 0xC651, 0xBE52, 0xBE32, 0xB58F, 0xC612, 0xB5CE,
    0xA54C, 0xB56E, 0xB54E, 0xBCEE, 0xAC69, 0xACAC, 0xACCD, 0xA4AC,
    0xA44C, 0xAC4C, 0xAC8E, 0xA40D, 0xA44B, 0xA429, 0xA3CA, 0xA3C8,
    0xB469, 0xA3E8, 0xABE9, 0xAC28, 0xAC28, 0xA386, 0x92C4, 0x9325,
    0x8AA3, 0x8A83, 0x8A83, 0x82A3, 0x8223, 0x8263, 0x8283, 0x71C0,
    0x71E0, 0x61A0, 0x5180, 0x3880, 0x5240, 0x5AA1, 0x5AC2, 0x6304,
    0x6306, 0x6366, 0x5BC9, 0x7CCD, 0x7C0D, 0x5AEA, 0x62C9, 0x6B8C,
    0x8D13, 0x7D11, 0x8571, 0x9D72, 0x9DD3, 0x9636, 0x8CAE, 0x8CAE,
    0x94CE, 0x9D72, 0x8D30, 0x9571, 0x8CEF, 0x9531, 0x8CD0, 0x84CF,
    0x8D51, 0x84EF, 0x8C90, 0x84AD, 0x850E, 0x952F, 0x9D50, 0x9D70,
    0x950E, 0xADB2, 0x9D91, 0x94EE, 0x8D4D, 0xADB1, 0xADF2, 0xA5B0,
    0xBDD2, 0xB5B1, 0xAD8E, 0xB5D1, 0xCE36, 0xD6B8, 0xD697, 0xD677,
    0xD6B8, 0xC694, 0xCE55, 0xDE36, 0xBD4F, 0xCDD2, 0xCDB2, 0xBD0D,
    0xC570, 0xB48D, 0xA42A, 0xACAA, 0xACEC, 0xB4AD, 0xB48C, 0xACCC,
    0xBD0F, 0x9C48, 0xA4A7, 0xA3A9, 0xA3CB, 0x92E6, 0xA3CA, 0xA389,
    0x9BA7, 0x9366, 0x9B87, 0x9B47, 0x7362, 0x7260, 0x9305, 0x8A61,
    0x8AE2, 0x8AA4, 0x8283, 0x8205, 0x71E2, 0x7A20, 0x6A00, 0x5940,
    0x48C0, 0x5900, 0x29C0, 0x5220, 0x62C4, 0x5A81, 0x5A60, 0x6AE6,
    0x6AC7, 0x7B48, 0x7BAA, 0x6BAB, 0x848E, 0xA5D1, 0xAE94, 0xBF17,
    0xA672, 0x9DB2, 0xB635, 0xD6F9, 0xD6FB, 0xA5B2, 0xADF3, 0x9CF0,
    0x94CE, 0x9D72, 0x9D53, 0x9CF2, 0x9CF2, 0x9490, 0x9D51, 0xA4F0,
    0x94D0, 0x9531, 0x952F, 0xA5B2, 0xA572, 0xA5B3, 0x9DB2, 0xA592,
    0xB5D5, 0xB5D3, 0xBDB3, 0xD676, 0xC614, 0xAD70, 0xB570, 0xB5B2,
    0xBDF3, 0xC652, 0xCED5, 0xCF15, 0xCE94, 0xCED6, 0xD6F8, 0xD6F6,
    0xD6B5, 0xCE73, 0xCE95, 0xCE55, 0xD6B5, 0xB5F0, 0xC633, 0xCE53,
    0xC58F, 0xB52F, 0xBD70, 0xBD6F, 0xBD6E, 0xB52D, 0xAD0B, 0xACAA,
    0xA388, 0xB4AD, 0xA3A9, 0xBCAF, 0xAC2D, 0x8B47, 0xA38A, 0x9B8A,
    0x9B29, 0x9AE8, 0x9AE7, 0x9B48, 0x93A7, 0x82C4, 0x8261, 0x7AE1,
    0x82A3, 0x82A3, 0x7A02, 0x6980, 0x7201, 0x7260, 0x6160, 0x5100,
    0x5100, 0x3840, 0x5A81, 0x5AA3, 0x6AE6, 0x6B88, 0x6305, 0x7409,
    0x742B, 0x742B, 0x84CE, 0x848E, 0x8C6F, 0x7BAD, 0x9C70, 0xA4F3,
    0x9CB2, 0x94F1, 0x83AA, 0x7308, 0xA573, 0xAE37, 0xAE17, 0xA615,
    0xA5F2, 0xA5D1, 0xA5B0, 0x9E11, 0xA631, 0xAE12, 0xAE12, 0xAE33,
    0xB674, 0xB613, 0xB634, 0xB633, 0xADF1, 0xBE53, 0xADF2, 0x9DB0,
    0xC695, 0xAE74, 0xAE35, 0xBE97, 0xB676, 0xE7DE, 0xE77C, 0xC6B7,
    0xD759, 0xC696, 0xC6B4, 0xC6D5, 0xC693, 0xC693, 0xCEB5, 0xCE95,
    0xB653, 0xCE94, 0xC6B5, 0xC6B5, 0xB693, 0xD778, 0xBF15, 0xB733,
    0xB670, 0xBDEF, 0xB52D, 0xB50D, 0xA44C, 0xB46E, 0xA4CC, 0xAD0D,
    0xB4CE, 0xB58D, 0x9487, 0xA4EC, 0xA4E9, 0xB52D, 0xACCA, 0x9C66,
    0x9486, 0xA487, 0x9346, 0x8AE6, 0x7241, 0x82C5, 0x7AC3, 0x82A2,
    0x82A4, 0x8262, 0x7A03, 0x71E3, 0x8280, 0x8241, 0x59A0, 0x5880,
    0x4060, 0x5200, 0x5A40, 0x5A61, 0x5A63, 0x5AA6, 0x6B49, 0x62A8,
    0x62C9, 0x6B09, 0x72E9, 0x62A8, 0x62E8, 0x7BEB, 0x6BA9, 0x73A9,
    0x7409, 0x84ED, 0x8D0E, 0x8CCD, 0x844C, 0x9D0E, 0x9D31, 0x9D92,
    0xAE35, 0x9DF4, 0xAE98, 0x9E76, 0xA697, 0x9E56, 0x9DD2, 0x9DB2,
    0xA5D1, 0xADB1, 0xADF2, 0xADD3, 0xADF2, 0xB613, 0xB5D1, 0xADB2,
    0xADF2, 0xBE53, 0xBE53, 0xB5F2, 0xBE12, 0xADF0, 0xADCF, 0xBDF3,
    0xC654, 0xC612, 0xCE15, 0xC5F4, 0xC634, 0xC655, 0xC5F4, 0xC6B8,
    0xE73B, 0xBE13, 0xCE14, 0xC592, 0xC5B1, 0xC551, 0xDD93, 0xCD2F,
    0xB50D, 0xBD6F, 0xBD4F, 0xCDD0, 0xC5D0, 0xBD2D, 0xBD4D, 0xABAC,
    0xC4D0, 0x9327, 0x8A07, 0xB40E, 0x9328, 0xA369, 0x92A6, 0x8A88,
    0xA2E9, 0x9326, 0x8326, 0x7AC4, 0x7AA3, 0x7A64, 0x8284, 0x8AA5,
    0x8A85, 0x8A63, 0x7A00, 0x7240, 0x6A00, 0x61C0, 0x50C0, 0x38C0,
    0x49E0, 0x5260, 0x5220, 0x5A01, 0x5224, 0x6284, 0x6B26, 0x6327,
    0x62E7, 0x7369, 0x7B89, 0x7348, 0x7C0B, 0x7387, 0x6B08, 0x7B6A,
    0x7B49, 0x72A7, 0x8BCB, 0x8369, 0x73A7, 0x84AB, 0x84CD, 0x8D4F,
    0x9612, 0x9E32, 0x8D50, 0x950E, 0x9D71, 0xAE14, 0x9DB1, 0xADD2,
    0xBE15, 0xADB2, 0xA591, 0xA5B2, 0xA572, 0xA572, 0xB5D3, 0xB5D2,
    0xC614, 0xB592, 0xB571, 0xB530, 0xC573, 0xD5D6, 0xC593, 0xBDB1,
    0xAD50, 0xBDD0, 0xBDB1, 0xB5D3, 0xB5F2, 0xBDD2, 0xAD6F, 0x9CED,
    0xB570, 0xC613, 0xBDB1, 0xC5F2, 0xBDD1, 0xBDB1, 0xBDB0, 0xB56E,
    0xC590, 0xBD4F, 0xAD2C, 0xA4C9, 0xACAB, 0xBD6D, 0xB50B, 0xB50E,
    0xB54D, 0xBDAD, 0xBD8C, 0xAC69, 0xA44A, 0x9BE8, 0xAC6B, 0xA3C9,
    0x8AE5, 0x8AE8, 0x9B08, 0x8AA6, 0x8AE6, 0x8A84, 0x8B05, 0x8264,
    0x7A83, 0x8245, 0x7A21, 0x61E0, 0x5980, 0x5060, 0x3800, 0x59C0,
    0x6282, 0x5A61, 0x5A60, 0x5283, 0x5243, 0x5A83, 0x5AE5, 0x5AC5,
    0x6326, 0x62A6, 0x5A43, 0x7C2A, 0x7BEA, 0x6BE8, 0x7408, 0x6BC7,
    0x8C6C, 0x84CC, 0x8CEE, 0x84CE, 0x8D0F, 0x9530, 0x84AD, 0x9511,
    0xA5F3, 0xAE77, 0x9D72, 0x94EE, 0x94CD, 0x946C, 0x8CCD, 0x746C,
    0x84AF, 0x94CF, 0x8D0F, 0x9570, 0x958F, 0x8CED, 0x8CEE, 0xA5B1,
    0xA591, 0xB695, 0xC79B, 0xB7FA, 0x9775, 0xB777, 0xC799, 0xD7DD,
    0xCFBC, 0xBE95, 0xC673, 0xBDF2, 0xCE74, 0xCE12, 0xC613, 0xCE12,
    0xBD90, 0xCDF3, 0xBD6E, 0xACCB, 0xBD50, 0xBD2E, 0xC5AF, 0xC5B0,
    0xBD6F, 0xBD6E, 0xCD90, 0xBCEF, 0xAC4D, 0xAC0A, 0xB48D, 0xABCB,
    0x9AE9, 0x9309, 0x82A5, 0x9327, 0x9347, 0x9305, 0x8AC5, 0x9367,
    0x8B25, 0x82E4, 0x9307, 0x82E5, 0x8AC4, 0x8B24, 0x8282, 0x7A02,
    0x79C2, 0x7220, 0x69C0, 0x5980, 0x5080, 0x3880, 0x3240, 0x19A0,
    0x41C0, 0x5280, 0x52C5, 0x6B69, 0x63A8, 0x6409, 0x740B, 0x73CB,
    0x6BEA, 0x742A, 0x7C0C, 0x732B, 0x7389, 0x7BAA, 0x83EB, 0x7BEA,
    0x7C2A, 0x8C29, 0x946B, 0x8C6C, 0x8C8D, 0x9510, 0x8CCF, 0x7C0B,
    0x83CA, 0x7B4A, 0x8C4E, 0x7C8C, 0x844D, 0x84AF, 0x8D2E, 0x6BE4,
    0x7384, 0x9D0B, 0x8C0A, 0x8C2D, 0x9CCF, 0x9D30, 0xA54F, 0x946C,
    0x846A, 0x946B, 0xAC0E, 0xC533, 0xCE75, 0xC695, 0xBE12, 0xC674,
    0xBE34, 0xC675, 0xBE52, 0xADD0, 0xBDF3, 0xBE11, 0xBDCF, 0xC5D1,
    0xCE13, 0xD634, 0xCE56, 0xCE12, 0xBD70, 0xBD50, 0xB52F, 0xACEF,
    0xB4EF, 0xB510, 0xB50E, 0xB50F, 0xB530, 0xACEE, 0xACAE, 0xA4AC,
    0xB4AC, 0x9B87, 0xAC2A, 0x9308, 0x9BA9, 0x9309, 0x8285, 0x8AC7,
    0x7AA5, 0x82A4, 0x92A5, 0x9346, 0x92C5, 0x8263, 0x8264, 0x8244,
    0x7222, 0x79E1, 0x61A0, 0x50A0, 0x3880, 0x6A41, 0x72E7, 0x6327,
    0x5B88, 0x6BA9, 0x7BAA, 0x6AE7, 0x59E4, 0x6226, 0x7B67, 0x5283,
    0x5AE4, 0x7C29, 0x6387, 0x6C0A, 0x7C4D, 0x950C, 0x952D, 0x9D31,
    0xA56F, 0xA590, 0xA571, 0x950F, 0x9D10, 0xA551, 0xA4F0, 0xA550,
    0xA592, 0x940B, 0xA550, 0xAD50, 0x7A66, 0x9C6E, 0x94CF, 0x9450,
    0x9D32, 0x7269, 0x7A89, 0x838C, 0x7B69, 0x6AA2, 0x5282, 0x6BE9,
    0x9C2A, 0xB50A, 0xCDD0, 0xA3C9, 0xD533, 0xD633, 0xBDCF, 0xCE33,
    0xCE33, 0xC613, 0xD695, 0xC611, 0xBE32, 0xC634, 0xBE33, 0xB632,
    0xB5F1, 0xBE13, 0xC654, 0xBD70, 0xB4CE, 0xACED, 0xB50E, 0xB4CD,
    0xA3CA, 0xAC6C, 0xAC8C, 0xAB4A, 0xA40C, 0xAC08, 0xABE6, 0xBCCE,
    0x9BE7, 0x93C5, 0x9387, 0x9B85, 0x9B47, 0x9B87, 0xA387, 0xA367,
    0x8AE6, 0x9326, 0x8AC5, 0x8A85, 0x7AA2, 0x8243, 0x7222, 0x69A0,
    0x61C0, 0x5180, 0x5880, 0x3880, 0x5261, 0x5283, 0x5B25, 0x6B49,
    0x73CD, 0x746D, 0x7C8F, 0x8D12, 0xAE77, 0x9D91, 0x950F, 0xBEB8,
    0xB5F4, 0xD6D8, 0xCEB7, 0xC6B6, 0xC6F9, 0xC758, 0xB754, 0xBF77,
    0xAE55, 0xBE74, 0xAE92, 0xAE73, 0xA612, 0x9DD3, 0x8D51, 0x9591,
    0x8D90, 0x9E55, 0x9E33, 0x9D90, 0xAE33, 0xB674, 0xB612, 0xADCF,
    0xB713, 0xBF75, 0xAE93, 0xC757, 0xCF79, 0xDF7A, 0xF7BA, 0xF7BD,
    0xCF7A, 0xC77A, 0xD7FE, 0xEFFF, 0xDFFC, 0xE7FE, 0xE7FD, 0xD779,
    0xD717, 0xD6F6, 0xC632, 0xD675, 0xE6DA, 0xD695, 0xE6F7, 0xDEF7,
    0xD6D6, 0xD738, 0xCEF4, 0xDF15, 0xDEB4, 0xD652, 0xCE11, 0xCE10,
    0xBD8F, 0xBD4E, 0xB42B, 0xACCD, 0xBD6D, 0xAC8B, 0xAC6C, 0xB46C,
    0xB44B, 0xB48A, 0xB469, 0xB428, 0xBC89, 0xAC07, 0xA3E6, 0x9B66,
    0x9305, 0x8AC5, 0x8AA4, 0x82C1, 0x79E0, 0x69E2, 0x6A21, 0x69C0,
    0x51A0, 0x5900, 0x4060, 0x5A60, 0x5AA3, 0x5A63, 0x5A64, 0x5A85,
    0x62E4, 0x62E1, 0x6B42, 0x6263, 0x734C, 0x8C6E, 0x94CF, 0x94F1,
    0xA5B4, 0x9D4F, 0xA5D1, 0xADD4, 0xA550, 0xA4F0, 0xB5D5, 0xB5B5,
    0xBE76, 0xB634, 0xBE34, 0xBE74, 0xBE54, 0xC654, 0xB4EF, 0xBD30,
    0xD5F4, 0xC656, 0xD73A, 0xC739, 0xAEB6, 0xBF39, 0xDFDD, 0xDF79,
    0xE7D9, 0xC754, 0xE799, 0xD779, 0xEFFB, 0xB6D4, 0xBF15, 0xFFFF,
    0xCE95, 0xCE77, 0xCE77, 0xE636, 0xE6BA, 0xCE36, 0xF7BD, 0xEFBB,
    0xEFDB, 0xFFFF, 0xE7F9, 0xDF55, 0xE758, 0xE718, 0xDE73, 0xDDF1,
    0xDDF1, 0xE652, 0xDE53, 0xDE32, 0xCE31, 0xCDF1, 0xCD92, 0xCD71,
    0xD5F3, 0xCE11, 0xCDAF, 0xD5F0, 0xCD90, 0xC52E, 0xC54E, 0xBD2D,
    0xBCEC, 0xC50D, 0xBD0C, 0xC4AC, 0xBC4A, 0xABE7, 0x9B86, 0x82A5,
    0x8282, 0x8241, 0x7A61, 0x6A00, 0x8244, 0x7204, 0x71C0, 0x59C0,
    0x5920, 0x4040, 0x5A40, 0x62E2, 0x6AC5, 0x6346, 0x6B64, 0x7B89,
    0x7BED, 0x9511, 0x7429, 0x84AD, 0x842E, 0x742F, 0x9550, 0x956F,
    0xA5D3, 0x9E15, 0xA5F3, 0x9DCF, 0xAE34, 0xADD1, 0xA5AF, 0xBEB5,
    0xBE75, 0xB6B7, 0xAE55, 0xAED9, 0xBFBE, 0xB7FF, 0xAFFF, 0xA73C,
    0xAEFB, 0xC6DA, 0xBE99, 0xC6BA, 0xC719, 0xA656, 0x9D50, 0xA551,
    0xB5B3, 0xBDD3, 0xA46C, 0xB4AE, 0xBCD0, 0xA42A, 0xAC6C, 0xBDCE,
    0xB56F, 0xBDB1, 0xA54C, 0xB5D0, 0x9C6A, 0xB5B1, 0x94AC, 0xA4EE,
    0xA52F, 0xAD70, 0xA5B1, 0xADB1, 0xBE96, 0x9E32, 0x8D90, 0xAD71,
    0xA52D, 0xACED, 0xACEE, 0xB56F, 0xACCB, 0xACE9, 0xB50A, 0xB50B,
    0xACEB, 0xBD2E, 0xBD4E, 0xC56F, 0xCDD0, 0xD5F1, 0xCD8E, 0xC54E,
    0xC54E, 0xBCEC, 0xB469, 0xABC7, 0x9B46, 0x8AC4, 0x8264, 0x82C2,
    0x7A21, 0x7A20, 0x7A40, 0x7180, 0x6960, 0x6200, 0x59C0, 0x50C0,
    0x4020, 0x5AA2, 0x6322, 0x62E3, 0x6B04, 0x7BC8, 0x7C2A, 0x7BC5,
    0x8406, 0x94AD, 0x9CF2, 0x8D0E, 0xA613, 0xADD4, 0x950F, 0xA531,
    0x94AF, 0x9D0E, 0x9D71, 0xA552, 0xA551, 0xA5B1, 0xAE33, 0x9D2E,
    0xAE33, 0xB5D2, 0x9D0F, 0x94EE, 0xA50F, 0xAD11, 0xACF1, 0x846C,
    0x94EE, 0x8CAE, 0x84AC, 0x7C68, 0x7468, 0x954F, 0x8D2F, 0x9D4F,
    0x7D0D, 0x9ED4, 0xA6D3, 0xA693, 0x9DF1, 0x638D, 0x8CB2, 0x846B,
    0x7BEA, 0x8C0C, 0xAD93, 0xADB2, 0xAD6E, 0x9CCC, 0x8C6A, 0x8C49,
    0xB4EF, 0xACEF, 0xB52F, 0xB590, 0xC5B1, 0xCE13, 0xBD10, 0xA44E,
    0x9C0B, 0xA449, 0xAC8D, 0x8B08, 0x9BA8, 0xA408, 0x9BE8, 0xA449,
    0xAC69, 0xAC69, 0xB4CC, 0xB4AC, 0xB4CC, 0xB4CC, 0xB4AC, 0xB44A,
    0xAC09, 0xAC0A, 0x9326, 0x82C5, 0x82C5, 0x7A83, 0x8280, 0x7202,
    0x7A21, 0x69C0, 0x69A0, 0x7180, 0x59C0, 0x5100, 0x4800, 0x3820,
    0x5A80, 0x62E1, 0x6382, 0x63E4, 0x6B85, 0x6BA5, 0x848B, 0x950E,
    0x84CA, 0x8CCD, 0x95B2, 0x9DD3, 0x9DD4, 0x9E13, 0xAEB8, 0xAE15,
    0x9DD1, 0x9DB1, 0x9DD0, 0x95AF, 0x956F, 0xA5B1, 0xADF4, 0xB634,
    0xADF4, 0xAE97, 0x9591, 0x8D51, 0x7D30, 0x7C8C, 0x7C6D, 0x8CCE,
    0x7BAA, 0x83AB, 0x9C10, 0x9C31, 0x936D, 0x83C9, 0x94AE, 0x942D,
    0x8BAB, 0x8B88, 0x7B26, 0x8B48, 0xACCC, 0x9C89, 0x940A, 0xAD31,
    0xB4D1, 0x83EA, 0x7BA8, 0x942C, 0x9CEF, 0xA531, 0xA4ED, 0x946B,
    0x94AE, 0x9C6B, 0x6AE4, 0xA4AD, 0xA4AD, 0x7AC3, 0x9BE9, 0xA3C9,
    0xA409, 0x9BC9, 0x9368, 0xA40A, 0x9BC9, 0x9BA8, 0x9348, 0x9B88,
    0x9B87, 0x9B65, 0xA408, 0xA428, 0xA3A8, 0x9B47, 0x9B46, 0x92E6,
    0x8AC5, 0x9266, 0x8263, 0x8A84, 0x8264, 0x7A21, 0x7A42, 0x7A21,
    0x6220, 0x61C0, 0x4860, 0x49C0, 0x6100, 0x40A0, 0x29E0, 0x5240,
    0x5A60, 0x5260, 0x62A2, 0x6285, 0x5B01, 0x5B02, 0x52A3, 0x62C1,
    0x7365, 0x7BCB, 0x7CEF, 0x8D10, 0xA512, 0x9D71, 0x954E, 0x9D70,
    0x9D71, 0x9530, 0x9531, 0x9D51, 0x8CEE, 0x8CEF, 0x9D51, 0x8CAE,
    0xA550, 0xB633, 0xB633, 0xB634, 0xAE33, 0xA633, 0x9D50, 0x954F,
    0xA58F, 0x7C06, 0x8404, 0x8C49, 0x7BA8, 0x93EB, 0x7AE6, 0x8329,
    0x83EF, 0x944F, 0x93EC, 0xA56E, 0x8D88, 0xA58B, 0x9D08, 0x9D27,
    0xBD4D, 0xACAA, 0xBD6D, 0xACCA, 0xA408, 0xB4AE, 0xACEE, 0x9CCE,
    0xA4CC, 0xACAE, 0xB4EF, 0x9CCB, 0xC550, 0xC590, 0xACCD, 0xAC4C,
    0x9B89, 0xAC49, 0xB4EA, 0xAC28, 0xA448, 0xA3E8, 0xA407, 0xA408,
    0x8B25, 0x9306, 0x92E4, 0x93C6, 0x9B66, 0x9326, 0x8346, 0x8B05,
    0x9306, 0x82A4, 0x7A83, 0x82A4, 0x7A21, 0x7A61, 0x7A21, 0x6A40,
    0x71E0, 0x6920, 0x6200, 0x48E0, 0x3040, 0x3840, 0x5220, 0x6281,
    0x6281, 0x6AA1, 0x5AC0, 0x62E3, 0x6AC4, 0x6A82, 0x6B04, 0x7BEC,
    0x7B09, 0x836A, 0x7BEB, 0x7CCD, 0x744A, 0x6BEC, 0x7C2E, 0x848D,
    0x7C8D, 0x8D0E, 0x950E, 0x84AE, 0x952F, 0x8D0E, 0x850F, 0x8D10,
    0x9510, 0x9550, 0x8CEF, 0xAD93, 0xAD52, 0x94CF, 0xA614, 0x9E35,
    0x9E97, 0xC7BC, 0xAEB6, 0xAE51, 0xA5AE, 0xADCE, 0xBE51, 0x84E3,
    0x9E0D, 0x9E8E, 0x85E9, 0xA56E, 0xC573, 0xA50D, 0xADAE, 0xC6B4,
    0xC6F3, 0xB6B1, 0xBE8F, 0xBEAE, 0xB60F, 0xA5AD, 0xB5AF, 0xC6B1,
    0xB5CE, 0xB52E, 0xB52F, 0xB50E, 0xB52F, 0xACCC, 0xA48B, 0xAC8B,
    0x9C68, 0xA409, 0xAC6A, 0xA449, 0xA448, 0xA428, 0x9BE7, 0x9BA7,
    0xA3A8, 0x92C4, 0x92C5, 0x9B47, 0x9306, 0x92E3, 0x9346, 0x8B06,
    0x82C4, 0x7A83, 0x8263, 0x7A42, 0x71E2, 0x69E0, 0x6A20, 0x6A01,
    0x59A0, 0x51A0, 0x5180, 0x5060, 0x3880, 0x5260, 0x5AA1, 0x5AC0,
    0x6303, 0x73EA, 0x7C0A, 0x6B87, 0x6BC9, 0x842D, 0x7449, 0x6BE4,
    0x7BC8, 0x7368, 0x840A, 0x8C0B, 0x83EA, 0x7C4B, 0x7C6A, 0x6B66,
    0x6BA8, 0x848C, 0x8D0F, 0x9530, 0x952F, 0x8CCD, 0x9510, 0x9530,
    0x8D10, 0xA571, 0x8D4E, 0xAE75, 0xAE55, 0xAD51, 0xA4CE, 0xAD51,
    0xB551, 0xAD72, 0xB5F6, 0xB698, 0xB676, 0xD6FA, 0xEF7D, 0xEEDC,
    0xDED9, 0xF79D, 0xCEB5, 0xCF76, 0xC756, 0xCED4, 0xC6D5, 0xC6B8,
    0xC656, 0xD678, 0xCDF5, 0xDE36, 0xC5D1, 0xC571, 0xB4EF, 0xB4AF,
    0xBD11, 0xACAF, 0x948D, 0x9CEE, 0xA46D, 0xA389, 0xA3C9, 0xA44A,
    0xAC6A, 0xA44A, 0xAC4B, 0x9C28, 0x8B86, 0xA448, 0xAC6A, 0xAC6A,
    0xA428, 0x9B69, 0xA349, 0x8A65, 0x8AC5, 0x9B67, 0x9325, 0x9325,
    0x9B26, 0x8242, 0x7A63, 0x7A20, 0x7260, 0x71A1, 0x8221, 0x6200,
    0x61A0, 0x5A20, 0x50C0, 0x3820, 0x5A80, 0x5A80, 0x5A81, 0x5AA1,
    0x6282, 0x62E3, 0x6325, 0x5B23, 0x5AA0, 0x6B05, 0x7B68, 0x7B8A,
    0x7BCA, 0x7B48, 0x842C, 0x94AE, 0x83EB, 0x8C4D, 0x9D51, 0x8CAD,
    0x8C6D, 0x7C6B, 0x7C6B, 0x846D, 0x8CCD, 0x8CCD, 0x950F, 0x8C8C,
    0x94AD, 0x8C8E, 0x8C0A, 0x946B, 0x9530, 0x954F, 0xA591, 0xA590,
    0xB5F3, 0xB571, 0xBDF2, 0xBE35, 0xBE15, 0xAE13, 0xC6F5, 0xBE73,
    0xBDF4, 0xCE98, 0xDEB9, 0xC5B3, 0xD696, 0xCEF7, 0xCF58, 0xBEB3,
    0xBF37, 0xBEF3, 0xBE4F, 0xC632, 0xC5F1, 0xC5B2, 0xC572, 0xBD2F,
    0xBCCE, 0xC4EF, 0xB4EE, 0xBD2F, 0xACEC, 0xA44C, 0xACED, 0xACEC,
    0xACCB, 0xAD0C, 0xACAC, 0xACAB, 0xAC89, 0xAC69, 0xAC89, 0xB429,
    0xA428, 0xA429, 0xA3AA, 0x9367, 0x9387, 0x9BC7, 0x8AE5, 0x8B05,
    0x8241, 0x7A42, 0x7240, 0x6240, 0x61C0, 0x6280, 0x4260, 0x69A0,
    0x59E0, 0x50E0, 0x3880, 0x4980, 0x5260, 0x5AA2, 0x5AC3, 0x5AA2,
    0x5AC3, 0x6326, 0x6B88, 0x7329, 0x6347, 0x6B86, 0x6BA7, 0x7388,
    0x7BCA, 0x6BC8, 0x5B46, 0x63E8, 0x6B88, 0x5B26, 0x6B47, 0x7BAA,
    0x7389, 0x8BC9, 0x83E9, 0x8C8B, 0x846C, 0x846A, 0x8468, 0x7CAB,
    0x94AE, 0x9D0F, 0x9D91, 0x9D0F, 0xA591, 0x9D2F, 0xA591, 0xB633,
    0xB614, 0xB5F4, 0xB633, 0xBE34, 0xB592, 0xBDD5, 0xCE56, 0xC696,
    0xB631, 0xBE10, 0xD6D7, 0xD6D7, 0xCE55, 0xCE14, 0xCDF3, 0xCDD2,
    0xCE33, 0xCE35, 0xCE55, 0xCE75, 0xDEB6, 0xD673, 0xCE72, 0xCE72,
    0xCE73, 0xC611, 0xC5B0, 0xB56F, 0xBD70, 0xB4ED, 0xACED, 0xB4EE,
    0xBD0E, 0xB4EC, 0xB4EE, 0xAC8D, 0xAC8B, 0xAC8B, 0xAC2A, 0xABE9,
    0xAC08, 0x9B85, 0x9B46, 0x9B87, 0x9345, 0x9325, 0x9365, 0x82C3,
    0x82A4, 0x8281, 0x7240, 0x6A00, 0x79E0, 0x71A0, 0x69C0, 0x5180,
    0x58E0, 0x3880, 0x52A2, 0x5AA2, 0x5A82, 0x5AA2, 0x62C4, 0x6305,
    0x6326, 0x6B45, 0x6B46, 0x73E7, 0x7386, 0x7347, 0x7BE9, 0x6B26,
    0x83CA, 0x8B89, 0x6AE6, 0x6B68, 0x740A, 0x7388, 0x6B67, 0x73E9,
    0x84EB, 0x850C, 0x7C6A, 0x7C2B, 0x8CAF, 0xAD74, 0xAD31, 0x852E,
    0x950F, 0x9CAE, 0x9C6D, 0xAD10, 0x9D0E, 0xAD51, 0xAD72, 0xB613,
    0xBE54, 0xBE74, 0xBE74, 0xBED5, 0xC6D5, 0xBE75, 0xB654, 0xC675,
    0xBE75, 0xB654, 0xA5D1, 0xBE53, 0xBE12, 0xC653, 0xBE52, 0xC673,
    0xC693, 0xD6D3, 0xCEB2, 0xD6D3, 0xD6D6, 0xE718, 0xD674, 0xD653,
    0xD694, 0xD674, 0xCE53, 0xCE32, 0xD611, 0xD612, 0xD632, 0xCD90,
    0xCD70, 0xCD6F, 0xBD0E, 0xB4AC, 0xB469, 0xAC4A, 0xAC0B, 0xA3A8,
    0xA489, 0x93A7, 0x9326, 0x9B87, 0xA3A7, 0x9B06, 0x8AA5, 0x8282,
    0x7A41, 0x8221, 0x7220, 0x6280, 0x59E0, 0x59C0, 0x5180, 0x4840,
    0x3000, 0x40C0, 0x5200, 0x5A61, 0x4A81, 0x5AC4, 0x5AC5, 0x62C5,
    0x6326, 0x6347, 0x7BA9, 0x7B88, 0x7B68, 0x7BE7, 0x7C49, 0x8C4D,
    0x8CCE, 0x8D91, 0x94CF, 0x94CF, 0x94CE, 0x8CCC, 0x844B, 0x8409,
    0x9CAE, 0x9CEC, 0x9D2E, 0xA530, 0x9D0E, 0xA551, 0xB552, 0xB5B3,
    0xB636, 0xAE75, 0xB6D6, 0xA690, 0xB733, 0xBEB3, 0xC673, 0xBE31,
    0xB632, 0xBDB1, 0xB570, 0xADCF, 0xAE11, 0xC695, 0xC675, 0xBE53,
    0xB652, 0xCE95, 0xCEB5, 0xBE72, 0xC694, 0xC673, 0xCEB6, 0xCEB8,
    0xD6F9, 0xD697, 0xD6D5, 0xCE51, 0xBE2E, 0xC610, 0xC5D0, 0xBD8F,
    0xBD8D, 0xD611, 0xD651, 0xD693, 0xCE10, 0xDE72, 0xD610, 0xD5F0,
    0xD5B0, 0xC54D, 0xB4AA, 0xB489, 0xB4EB, 0xA4A7, 0xA387, 0xBBEA,
    0xA367, 0x9B47, 0x9305, 0x9365, 0x8B04, 0x8AE4, 0x8263, 0x6A60,
    0x71E0, 0x71C0, 0x6A60, 0x6AA0, 0x5980, 0x48C0, 0x4001, 0x38E0,
    0x5240, 0x5A81, 0x6263, 0x62A3, 0x62C5, 0x5B23, 0x6B25, 0x6B48,
    0x6B49, 0x6B26, 0x63A3, 0x8D0D, 0x844A, 0x7CCE, 0x84CE, 0x840A,
    0x8C2B, 0x842C, 0x7C29, 0x848A, 0x84CC, 0x9D4E, 0x956C, 0x8D6D,
    0x7CC8, 0x94EC, 0xA54E, 0x84E9, 0x9E11, 0xAD71, 0xB5D4, 0xC677,
    0xC655, 0xCED8, 0xCEB8, 0xCE78, 0xDF59, 0xE79A, 0xD739, 0xF7FD,
    0xE7DB, 0xEFDD, 0xF7DE, 0xE77A, 0xD738, 0xC6F5, 0xDEF7, 0xDF38,
    0xCED5, 0xCED6, 0xCED5, 0xDF59, 0xDF57, 0xDF17, 0xDF16, 0xC6B1,
    0xDF16, 0xD6B4, 0xCE52, 0xD653, 0xCE11, 0xBDD0, 0xC590, 0xD612,
    0xDE93, 0xD60F, 0xE653, 0xD5EE, 0xD5CD, 0xD5CE, 0xCD8E, 0xD56E,
    0xDDEE, 0xD5CE, 0xD58D, 0xCCEB, 0xCD2B, 0xC56C, 0xAC68, 0xB489,
    0xB46A, 0x9AE5, 0x9307, 0x9327, 0x8AA3, 0x8284, 0x8B01, 0x7240,
    0x6A40, 0x6240, 0x71E0, 0x58C0, 0x40A0, 0x5001, 0x3860, 0x5220,
    0x5281, 0x5261, 0x62A3, 0x738B, 0x73EC, 0x6BA8, 0x6B67, 0x6381,
    0x73E6, 0x840B, 0x7B28, 0x5A86, 0x73CA, 0x740A, 0x740B, 0x844C,
    0x94EF, 0x94AF, 0x9CAE, 0x8C2C, 0x7BE8, 0x7C4A, 0x940C, 0x94CC,
    0x94EB, 0x9D6E, 0xAD71, 0xAD4E, 0xADD1, 0x9570, 0x956F, 0xA612,
    0xC695, 0xB675, 0xADD2, 0xB614, 0xB653, 0xA611, 0xB653, 0xB652,
    0xBE95, 0xBE33, 0xCED7, 0xD6F8, 0xCF18, 0xDF7A, 0xDF79, 0xCED6,
    0xD6F7, 0xD717, 0xD6D6, 0xD6B5, 0xD6D5, 0xCF14, 0xD6D4, 0xD694,
    0xDF15, 0xE778, 0xC651, 0xCE72, 0xCE93, 0xDE94, 0xBDB0, 0xB54D,
    0xACAD, 0xB4CD, 0xB54E, 0xACAB, 0xCDB0, 0xCD8E, 0xC4EE, 0xC52D,
    0xC4CC, 0xC52C, 0xCD8B, 0xCCEC, 0xBC6A, 0xBC6D, 0xB42B, 0x9B87,
    0x93E7, 0xA448, 0xABEB, 0xAC0B, 0x8283, 0x8280, 0x6A60, 0x72A0,
    0x6260, 0x5200, 0x5900, 0x50C0, 0x4801, 0x3120, 0x5220, 0x5260,
    0x5A82, 0x5241, 0x5220, 0x5200, 0x62C4, 0x62A5, 0x7329, 0x7B69,
    0x6284, 0x6B06, 0x6B87, 0x7BC9, 0x7BEB, 0x7BCB, 0x73A9, 0x6BC8,
    0x5306, 0x7BEA, 0x7B67, 0x73E6, 0x8CE9, 0x8C47, 0x8426, 0x9469,
    0x9469, 0xA54F, 0x94ED, 0x9D0F, 0xA52F, 0xAD72, 0xA5B3, 0xA591,
    0xB5D4, 0xB614, 0xB655, 0xBE55, 0xBE96, 0xC696, 0xB654, 0xBE75,
    0xC6D5, 0xC6B4, 0xC694, 0xC693, 0xB611, 0xB651, 0xCEB5, 0xC6F6,
    0xCEF7, 0xD717, 0xDF17, 0xEF7A, 0xE718, 0xDED6, 0xDEF5, 0xD6B5,
    0xCE31, 0xBDCE, 0xC631, 0xBDD0, 0xBDB0, 0xAD2D, 0xD613, 0xC54E,
    0xAC47, 0xBD0D, 0xB4ED, 0xB4CD, 0x9C28, 0xB50C, 0xACEC, 0xB4ED,
    0xC550, 0xB4CC, 0xB50D, 0xB4CB, 0xBCCB, 0xBCAB, 0xB42D, 0x9B87,
    0x9B47, 0x7AA4, 0x9387, 0x8AC6, 0x8AA1, 0x7220, 0x6240, 0x59E0,
    0x5980, 0x5080, 0x40E0, 0x4000, 0x38C0, 0x5240, 0x5A82, 0x5AA4,
    0x6346, 0x6C0B, 0x846F, 0x83CD, 0x844C, 0x84EC, 0x7D0D, 0x95F1,
    0xA5D4, 0x94CE, 0x848D, 0x850E, 0x8D0E, 0x8CCF, 0x94F1, 0xA533,
    0xAE12, 0x9611, 0x8DD0, 0x950E, 0x954D, 0x958E, 0xA5F1, 0x956E,
    0xA5D0, 0xA5F0, 0xB5D2, 0xB675, 0xA5F3, 0xB655, 0xC6D8, 0xADF2,
    0xB633, 0xADF1, 0xBDF3, 0xC695, 0xC6D6, 0xCED7, 0xC6B5, 0xC695,
    0xCEB6, 0xCED7, 0xC6B6, 0xEFBC, 0xD759, 0xCE96, 0xDEF8, 0xDEF7,
    0xDEF7, 0xD717, 0xD737, 0xD6F5, 0xDF17, 0xE717, 0xDED6, 0xDEF4,
    0xDED6, 0xDEB5, 0xCE32, 0xCE32, 0xC631, 0xC610, 0xC5F0, 0xDEB7,
    0xCD92, 0xBCEC, 0xC52E, 0xBD0D, 0xCE11, 0xBD0D, 0xB4ED, 0xBD2F,
    0xAC8C, 0xB4AC, 0xAC6B, 0xAC49, 0xB489, 0xAC69, 0xB489, 0x9B69,
    0x8AC6, 0x8AE6, 0x8263, 0x8282, 0x7202, 0x7260, 0x7A21, 0x6A20,
    0x51C0, 0x51A0, 0x5040, 0x3820, 0x5A60, 0x5201, 0x5A83, 0x61C2,
    0x6122, 0x5A61, 0x4AE3, 0x5BC6, 0x7BE7, 0x6206, 0x50E0, 0x5AE4,
    0x5B47, 0x7C6C, 0x7BEB, 0x7B29, 0x7BAA, 0x83C7, 0x7306, 0x72E3,
    0x8306, 0x8C07, 0x8C07, 0x8C8A, 0x94AE, 0x94AD, 0x94EE, 0x84ED,
    0x856F, 0x95D3, 0x9634, 0xC6F8, 0xBE76, 0xB635, 0xB635, 0xC6D8,
    0xB634, 0xA633, 0xBE55, 0xB5B2, 0xBDF3, 0xC6B5, 0xCEF7, 0xC6D6,
    0xD6F7, 0xCED8, 0xCE76, 0xC6D5, 0xCEF5, 0xCEF5, 0xC6D4, 0xD738,
    0xD6D6, 0xDEB6, 0xD6F6, 0xDED6, 0xDEB5, 0xDEF6, 0xD6B5, 0xD6B5,
    0xD694, 0xDEB5, 0xE675, 0xD5D3, 0xCDF1, 0xC5AF, 0xC651, 0xADCD,
    0xAD4D, 0xBD6F, 0xBD0E, 0xBCEE, 0xB4AC, 0xBCED, 0xAC69, 0xAC69,
    0xB4CD, 0xAC28, 0xABE9, 0x9328, 0x9B48, 0xAC29, 0x9347, 0x8B07,
    0x92E6, 0x8A84, 0x8283, 0x8244, 0x92A2, 0x7160, 0x50E0, 0x6220,
    0x5180, 0x4880, 0x3860, 0x5240, 0x5A01, 0x5A41, 0x5A04, 0x5A05,
    0x6324, 0x6364, 0x49A1, 0x5A60, 0x63A0, 0x7321, 0x5A82, 0x4081,
    0x7364, 0x7C24, 0x8C05, 0x9487, 0x8C85, 0x9D6E, 0x9CEC, 0x94ED,
    0x9CCC, 0x9CED, 0xA530, 0x9D0C, 0x84CB, 0x9CED, 0x9C6C, 0x93E9,
    0x84AB, 0x53A8, 0x94F0, 0x9D0F, 0x9550, 0xB635, 0xA5B2, 0xC6F6,
    0xBE96, 0xC719, 0xCF3A, 0xCF19, 0xCEF9, 0xCE97, 0xC695, 0xC6B5,
    0xBE92, 0xB62F, 0xCE71, 0xC5EE, 0xC630, 0xD6B3, 0xC672, 0xAE2F,
    0xD736, 0xDEF6, 0xD6D6, 0xD6B5, 0xDEF6, 0xDED6, 0xDED5, 0xCEF4,
    0xD6F4, 0xD6B4, 0xCE52, 0xD673, 0xDE53, 0xCDD1, 0xCE11, 0xD610,
    0xCE10, 0xBD8F, 0xC58F, 0xCD8F, 0xC4EE, 0xBCED, 0xBD2D, 0xBD0D,
    0xAC49, 0xAC6B, 0xA3E9, 0xA3A8, 0x9366, 0x92E7, 0x8A85, 0x8AA5,
    0x8AC6, 0x82A5, 0x7A21, 0x7220, 0x59C0, 0x59C0, 0x6A20, 0x50E0,
    0x4020, 0x3840, 0x5A42, 0x6AC4, 0x6325, 0x6BA6, 0x6446, 0x742D,
    0x8C10, 0x7C0D, 0x94D1, 0x8C8D, 0xA5F4, 0xD7B8, 0xCF96, 0xB6D5,
    0xB639, 0xC73C, 0xC6DB, 0xB638, 0xAEB2, 0xA5EE, 0x8D8E, 0x9551,
    0xA56F, 0x9CCC, 0xA52C, 0xA50E, 0x9D6F, 0x952F, 0xA5B5, 0xB656,
    0xAD91, 0xA5B2, 0xBE17, 0xB5B5, 0xADD3, 0xADD3, 0xD6BA, 0xC5B3,
    0xBE14, 0xC676, 0xB614, 0xB653, 0xB631, 0xC674, 0xC675, 0xCEB4,
    0xBE71, 0xC6D3, 0xCEF4, 0xCF15, 0xD6F8, 0xE73A, 0xE6D7, 0xD6B6,
    0xC653, 0xD6D6, 0xDEB5, 0xD674, 0xCE72, 0xDEB4, 0xE6F6, 0xDEB5,
    0xDF15, 0xDF36, 0xDEF5, 0xD6F4, 0xDED4, 0xE6D5, 0xDE73, 0xDE73,
    0xDEB3, 0xDE92, 0xDE51, 0xD652, 0xD612, 0xD5F1, 0xD5D2, 0xBD0D,
    0xBCED, 0xB4AC, 0xB44B, 0xAC09, 0x9385, 0x9BA6, 0x9B86, 0x9307,
    0x8284, 0x7A22, 0x7A01, 0x71E0, 0x59A0, 0x5200, 0x5940, 0x4820,
    0x3140, 0x49E0, 0x5200, 0x5A61, 0x6283, 0x6264, 0x6263, 0x6343,
    0x63A2, 0x7343, 0x6B24, 0x7344, 0x62E0, 0x62E5, 0x7408, 0x73A4,
    0x8BA7, 0x956E, 0x8C8B, 0x7B86, 0x73E7, 0x9CCA, 0x83A3, 0x8405,
    0x8C47, 0x83E7, 0x72E7, 0x83EC, 0x8CAC, 0x8408, 0x83C9, 0xB532,
    0x94CE, 0x84AE, 0x8D2E, 0xA5D2, 0x9D91, 0x952F, 0x94EF, 0xA550,
    0xB550, 0xBD50, 0xBDD1, 0xC633, 0xBE12, 0xADAF, 0xBE31, 0xBE10,
    0xBE52, 0xC674, 0xBE12, 0xADAF, 0xC692, 0xCEF5, 0xC693, 0xCED5,
    0xCEB4, 0xCE73, 0xDED6, 0xDEF7, 0xD6B5, 0xDED6, 0xD6B4, 0xDED5,
    0xDEB5, 0xDED5, 0xDE94, 0xD693, 0xD6D3, 0xDED3, 0xDE73, 0xDE51,
    0xDE70, 0xDE50, 0xDE30, 0xD5AE, 0xCDAD, 0xCDEF, 0xCD8E, 0xC56D,
    0xBD2C, 0xB48B, 0xB44A, 0xABE7, 0xB44A, 0x9B66, 0x9305, 0x82A5,
    0x7A43, 0x79C0, 0x79E0, 0x6200, 0x5120, 0x48A0, 0x5000, 0x2180,
    0x51E0, 0x5A44, 0x52A2, 0x5324, 0x5B89, 0x6388, 0x6B68, 0x6B29,
    0x7BEA, 0x7C08, 0x73A7, 0x7BE7, 0x8409, 0x7B66, 0x7428, 0x5B85,
    0x4AC1, 0x3B02, 0x7BEB, 0x62E7, 0x6BC5, 0x6C06, 0x7CAA, 0x74AA,
    0x8CCC, 0x9DB0, 0x9CAD, 0x8C0A, 0x940C, 0x8D92, 0x85D1, 0x8CEE,
    0x9D71, 0xA572, 0x9CCE, 0x9CAE, 0x9D6B, 0xA5EF, 0xAE31, 0x954D,
    0xAE31, 0xAD90, 0xBDD2, 0xA54E, 0xADCF, 0xBE32, 0xADAF, 0xADAE,
    0xB5B0, 0xAD4F, 0xC5D2, 0xC592, 0xAD4F, 0xC5F1, 0xD653, 0xCE32,
    0xC632, 0xB62E, 0xCF34, 0xB651, 0xBE93, 0xD695, 0xCEB5, 0xCE32,
    0xD673, 0xD612, 0xCDF1, 0xCDF0, 0xC5AE, 0xCDD0, 0xCDEF, 0xD5CF,
    0xCD4E, 0xCD6D, 0xC58C, 0xC54D, 0xC4EB, 0xC52C, 0xC52C, 0xBC8A,
    0xBC6A, 0xBCEB, 0xBC69, 0xB408, 0xABE6, 0x9B67, 0x8AC6, 0x8283,
    0x71A0, 0x71C0, 0x59C0, 0x50E0, 0x5080, 0x3860, 0x3160, 0x4A80,
    0x5261, 0x5241, 0x5A63, 0x5A43, 0x5AC4, 0x6347, 0x5B05, 0x3A83,
    0x6B07, 0x6B08, 0x7329, 0x63C8, 0x73E9, 0x7C2B, 0x7BAA, 0xA432,
    0x9C0E, 0x950A, 0x956B, 0x84C9, 0x844B, 0x8409, 0x7C49, 0x7407,
    0x7BE9, 0x7C0A, 0x84AD, 0xA551, 0x9BEC, 0x8C8D, 0x8CCD, 0x9D50,
    0x9D2E, 0x950D, 0xA551, 0xA4D1, 0x934E, 0xBD52, 0xBDB1, 0xB5F1,
    0xA54E, 0xAD8E, 0xC613, 0xC612, 0xB5B0, 0xB631, 0xC673, 0xB610,
    0xADEF, 0xB5D0, 0xAD6E, 0xB54F, 0xB58F, 0xADAF, 0xB5AF, 0xB54E,
    0x9C68, 0xBD8F, 0xCE11, 0xBDD0, 0xC5F3, 0xC6D4, 0xC6B4, 0xBDCF,
    0xCE11, 0xCDF1, 0xC5D0, 0xCDD0, 0xBD2E, 0xC590, 0xCDF2, 0xAD0B,
    0xB488, 0xBC88, 0xBCC9, 0xBCA7, 0xB467, 0xBC68, 0xB448, 0xB408,
    0xABA5, 0xABC4, 0xABC6, 0xABC6, 0x9B87, 0x8AA5, 0x8285, 0x7201,
    0x7221, 0x4900, 0x4840, 0x5080, 0x38A0, 0x3900, 0x4960, 0x5200,
    0x5220, 0x5A42, 0x5A23, 0x5A62, 0x5A84, 0x6AC4, 0x7327, 0x7367,
    0x6B05, 0x7B68, 0x72E7, 0x72C7, 0x6B47, 0x6385, 0x1BE0, 0x33A1,
    0x5AE5, 0x6345, 0x7449, 0x6C06, 0x7C67, 0x7C89, 0x7C47, 0x8CAA,
    0x848A, 0x7407, 0x7406, 0x84AA, 0x94AD, 0x840A, 0x83CA, 0x7345,
    0x7365, 0x7305, 0x6BE3, 0x7C86, 0x5406, 0x6BC6, 0x946A, 0x8C48,
    0x9C68, 0x8468, 0x7C46, 0x9C69, 0xA48B, 0xA48A, 0xA4CA, 0xB5CF,
    0xB5EF, 0xADEE, 0xB5F0, 0xAD6F, 0xBDAF, 0xBDD0, 0xB5EF, 0xCE33,
    0xCE32, 0xC5D0, 0xCE11, 0xC5CF, 0xB52C, 0xD632, 0xAD6E, 0xC5D0,
    0xC58F, 0xC58F, 0xC5B0, 0xCDB1, 0xC54E, 0xB48B, 0xA486, 0xA4C9,
    0xAC68, 0xA3E7, 0xA3E9, 0x9BC6, 0xA3A7, 0xA3A7, 0xA386, 0xA367,
    0x9B26, 0x9B47, 0x9B27, 0x9346, 0x7A82, 0x7A44, 0x7A83, 0x7A41,
    0x6A00, 0x59C0, 0x48A0, 0x3880, 0x3880, 0x4A20, 0x5240, 0x5A60,
    0x5AC3, 0x5AC3, 0x62C1, 0x6305, 0x52A3, 0x6307, 0x6B68, 0x6B46,
    0x6B66, 0x6BA6, 0x7387, 0x7387, 0x7BC9, 0x8409, 0x848C, 0x7C6B,
    0x7BCA, 0x840A, 0x846B, 0x842C, 0x844C, 0x842B, 0x842A, 0x94AC,
    0x8CCB, 0x83E9, 0x73CA, 0x7BE9, 0x850E, 0x9E33, 0x8CEE, 0x9570,
    0xA5F4, 0x94AF, 0xA4EE, 0x9D8E, 0x8CEB, 0xA4EF, 0x9D8F, 0xA56F,
    0x9CCC, 0xB550, 0xA58F, 0xA52E, 0x9D0B, 0xA48B, 0xA4CB, 0x9448,
    0xA4AA, 0xAD4C, 0xAD8E, 0xAD6E, 0xB56F, 0xB5CF, 0xADCE, 0xB56F,
    0xBDF0, 0xC612, 0xC5F1, 0xC5F1, 0xCE11, 0xC5F0, 0xC5D1, 0xC5B0,
    0xC5B0, 0xCDB0, 0xC4F0, 0xCD71, 0xC5B1, 0xAC28, 0xA388, 0x9408,
    0x9C28, 0xA3C8, 0x8364, 0x9346, 0x9346, 0x9387, 0x9328, 0x9347,
    0x9387, 0x9307, 0x8B06, 0x8B04, 0x92C6, 0x7A82, 0x7A62, 0x7A00,
    0x61C0, 0x5120, 0x4060, 0x3120, 0x4A20, 0x5261, 0x5281, 0x5241,
    0x5A83, 0x62C5, 0x6325, 0x6B05, 0x62E1, 0x5300, 0x5B45, 0x6BA8,
    0x73EC, 0x848D, 0x844B, 0x7429, 0x7C2A, 0x73CA, 0x6B87, 0x7387,
    0x6B46, 0x6B46, 0x62E6, 0x6B67, 0x7BC8, 0x73A8, 0x7368, 0x83CA,
    0x842B, 0x846B, 0x8429, 0x8388, 0x7B67, 0x8409, 0x7C28, 0x8C6B,
    0x8C8B, 0x840A, 0x8369, 0x83E9, 0x7BC5, 0x73A5, 0x7BE7, 0x7C26,
    0x7BE6, 0x6321, 0x7BE5, 0x94CA, 0x8C89, 0x948A, 0xA4CB, 0x9CEA,
    0xAD4C, 0xA56C, 0x9D28, 0xAD4D, 0xBDAF, 0xB5D0, 0xAD6F, 0xB5F0,
    0xC5F1, 0xC5F1, 0xBE11, 0xCDF1, 0xC5F2, 0xC5F0, 0xCE11, 0xCDF1,
    0xBD6F, 0xB56E, 0xC56F, 0xC50F, 0xBCEF, 0xB4AA, 0xAC28, 0xA3E7,
    0x9B88, 0x8306, 0x9348, 0x9B68, 0x9B46, 0x9366, 0x9346, 0x8B05,
    0x8B05, 0x8B05, 0x8AE5, 0x8B06, 0x7A62, 0x82A4, 0x7261, 0x59E0,
    0x5180, 0x4820, 0x38A0, 0x4A20, 0x5A40, 0x5261, 0x5241, 0x5A62,
    0x5AC4, 0x5A43, 0x5B03, 0x6AC3, 0x7325, 0x7346, 0x7327, 0x6B03,
    0x5AA0, 0x5AA6, 0x6307, 0x73CA, 0x7BA5, 0x6B00, 0x7342, 0x7366,
    0x8BCA, 0x8C0A, 0x946E, 0x844D, 0x840A, 0x7388, 0x63C7, 0x6387,
    0x7B47, 0x7BA9, 0x840B, 0x8C8C, 0x9D2E, 0x9D2E, 0x94ED, 0x8CAA,
    0x7C27, 0x8C89, 0x84C9, 0x94AB, 0x9C6B, 0x9409, 0x83A5, 0x94C9,
    0xA52E, 0x9C6A, 0x9449, 0x94EB, 0x8CEA, 0x94A9, 0x9C8A, 0x9407,
    0x9427, 0xAD2C, 0xAD2E, 0xA4CB, 0xA50D, 0xC590, 0xC5B1, 0xACED,
    0xBDB0, 0xCE53, 0xCE12, 0xBDF1, 0xC5F0, 0xC5D1, 0xD632, 0xCDD1,
    0xC5F1, 0xBDB0, 0xBDAF, 0xCD50, 0xB4ED, 0xA3E8, 0xA407, 0xAC47,
    0x9BC6, 0x9326, 0x9366, 0x9366, 0x9367, 0x9B87, 0x9326, 0x9306,
    0x9B46, 0x8B03, 0x8283, 0x8243, 0x8321, 0x7A60, 0x6A01, 0x59E0,
    0x4860, 0x3180, 0x4A40, 0x4A20, 0x5261, 0x5AE5, 0x6264, 0x6265,
    0x62C5, 0x6325, 0x5B45, 0x63A3, 0x63A4, 0x73E7, 0x844A, 0x8C68,
    0x94C8, 0x7BE8, 0x7389, 0x7BCC, 0x7BEC, 0x7B88, 0x7B88, 0x7BC9,
    0x73A9, 0x73C7, 0x7BE7, 0x8427, 0x8C8A, 0x946A, 0x9469, 0x8CC9,
    0x7C68, 0x8488, 0x8469, 0x8C49, 0x94CB, 0x9CEC, 0x9CED, 0x94ED,
    0x9D0D, 0xA50D, 0x9D90, 0xA56F, 0x9D4D, 0xA530, 0x9C2C, 0x93A7,
    0x9428, 0x948A, 0xA46A, 0x9C29, 0x9CEA, 0xA50C, 0xA4EC, 0xA4CC,
    0xA4CB, 0xA4CB, 0xAD2D, 0xB4EE, 0xB58F, 0xB631, 0xC653, 0xD694,
    0xD654, 0xD653, 0xDE74, 0xD674, 0xCE33, 0xCE11, 0xCEB3, 0xDE74,
    0xDDF3, 0xC611, 0xC590, 0xD5D3, 0xBCEF, 0xAC4B, 0xAC0A, 0xAC08,
    0xA3A7, 0xA3C8, 0x9B88, 0x9B67, 0x9B67, 0x9346, 0x9326, 0x8AC4,
    0x8B03, 0x82C2, 0x7A84, 0x79E1, 0x7160, 0x59A0, 0x59E0, 0x48A0,
    0x30A0, 0x5260, 0x52A2, 0x52C4, 0x5304, 0x5346, 0x53C8, 0x6C2B,
    0x83EE, 0x7B0C, 0x7B68, 0x7C49, 0x8489, 0x84CA, 0x7C6D, 0x844B,
    0x8C4C, 0x8CAD, 0x8C0A, 0x8C0B, 0x9CF0, 0x9D0F, 0x8BE9, 0x93C9,
    0x842B, 0x8C6C, 0x7B89, 0x6BA6, 0x7C08, 0x84AB, 0x8C8B, 0x94CD,
    0xAD6F, 0xA56E, 0xADD0, 0x9D30, 0x950F, 0x9D10, 0xADB3, 0x9D70,
    0x9D0F, 0x9CAC, 0x9CAD, 0xA4AD, 0x9CCD, 0xAD71, 0x9CCC, 0xA50D,
    0xA54E, 0x9CEC, 0xA4EE, 0xAD0C, 0xA54E, 0x9D2A, 0xAD8E, 0xB56E,
    0xAD6B, 0xB5AE, 0xCDF2, 0xD695, 0xC693, 0xD6F6, 0xCE95, 0xD694,
    0xD694, 0xCE53, 0xD673, 0xDED5, 0xD693, 0xD612, 0xCDD1, 0xCDB1,
    0xACAC, 0xB4CD, 0xBCCD, 0xB44D, 0xB46D, 0xAC0B, 0xA3A9, 0xA3E8,
    0xABC8, 0xA367, 0x9B68, 0x9BA9, 0x9365, 0x8B64, 0x8A81, 0x8A83,
    0x8281, 0x7AA2, 0x8281, 0x69C0, 0x5860, 0x5960, 0x5100, 0x3860,
    0x5281, 0x5A42, 0x5A24, 0x5AA5, 0x6B47, 0x6B05, 0x5AE3, 0x5B25,
    0x5AE2, 0x6327, 0x6B28, 0x5AE7, 0x6388, 0x6B89, 0x6387, 0x6367,
    0x63A8, 0x63E8, 0x6B66, 0x6AA5, 0x72C6, 0x6BC9, 0x5B41, 0x7AA1,
    0x93E8, 0x8469, 0x8D70, 0x94EE, 0x8C89, 0x8C08, 0x8C6B, 0x8C4A,
    0x8C8B, 0x946B, 0xA4CE, 0xA550, 0x946A, 0x9CAD, 0xA4EF, 0xA5B1,
    0xA5AF, 0xA5EE, 0xA5AE, 0xA4EB, 0x944A, 0x9CCC, 0x9D0D, 0xA52E,
    0xA56F, 0xB5F1, 0xBE11, 0xBE10, 0xB5ED, 0xB60F, 0xB650, 0xCE73,
    0xC653, 0xCEB4, 0xD717, 0xE6B7, 0xDEB7, 0xDEF7, 0xD6D5, 0xDE96,
    0xD6B5, 0xD6D5, 0xD675, 0xE6F6, 0xD673, 0xCE10, 0xC58F, 0xBD2D,
    0xC5EF, 0xC5AF, 0xBD2E, 0xBCAD, 0xBCAC, 0x9BA7, 0xA3C8, 0xAC2A,
    0xB44A, 0xABE7, 0xA3E8, 0x9BA7, 0xA409, 0x9B67, 0x8AA4, 0x82C2,
    0x8282, 0x82E3, 0x7260, 0x71A0, 0x5980, 0x5080, 0x3880, 0x5A20,
    0x5A83, 0x4AA1, 0x51E2, 0x4981, 0x41E2, 0x51A4, 0x62A9, 0x4B26,
    0x5B25, 0x6365, 0x846A, 0x844C, 0x7BC9, 0x846B, 0x9C92, 0xAD71,
    0x9633, 0x8F15, 0x7ED1, 0x8D70, 0xAD52, 0xA593, 0x9636, 0x8591,
    0xACEB, 0xB58D, 0xA5F0, 0x8D91, 0x9572, 0x9D70, 0xA530, 0xC69A,
    0xBE38, 0xAE14, 0x9592, 0xB612, 0xA5EE, 0xBDCE, 0xC652, 0xBE35,
    0xBE75, 0xA671, 0xA670, 0xB610, 0xBDB1, 0xC5D1, 0xBDD1, 0xC693,
    0xCEB5, 0xC6D4, 0xCEB4, 0xD6B5, 0xBE72, 0xB670, 0xC672, 0xD674,
    0xD6B5, 0xD6D6, 0xD6B6, 0xD694, 0xE6D7, 0xDED7, 0xE6F8, 0xE6F8,
    0xDEB6, 0xD694, 0xD693, 0xD652, 0xDE53, 0xDE52, 0xEEB6, 0xD5D2,
    0xC54E, 0xD611, 0xC58F, 0xBD2E, 0xCD0F, 0xD5B1, 0xBCED, 0xB46D,
    0xB44A, 0xABE8, 0x9326, 0x8303, 0x9385, 0x8B05, 0x9304, 0x92E3,
    0x7A21, 0x6A40, 0x5A20, 0x5160, 0x50A0, 0x3860, 0x52E2, 0x52A4,
    0x62E5, 0x5BA9, 0x43A9, 0x5BEC, 0x84CE, 0x8C8B, 0x84EE, 0x9572,
    0x7C6F, 0x8C50, 0x840D, 0x8CAF, 0x8CCE, 0x6BE9, 0x840C, 0xA30E,
    0xAC12, 0x8C11, 0x8E16, 0x9674, 0x9E33, 0xA52D, 0x94EB, 0x8632,
    0x74AB, 0xA58F, 0xA54D, 0x9D6E, 0x9E16, 0x9634, 0x9671, 0x9E53,
    0xBF38, 0xCFFC, 0xDF9D, 0xCF5D, 0xC71C, 0xC6D7, 0xD694, 0xDE96,
    0xDE58, 0xD698, 0xC757, 0xC758, 0xC6F5, 0xD6B6, 0xB54F, 0xB52F,
    0xC653, 0xC652, 0xC693, 0xDED5, 0xE6F9, 0xDEF8, 0xDF38, 0xD758,
    0xE739, 0xE739, 0xDEF6, 0xDF17, 0xDEF8, 0xDE96, 0xD6B3, 0xD673,
    0xD6B4, 0xD6B4, 0xD6F4, 0xD715, 0xD6B3, 0xDEB3, 0xDEB3, 0xD612,
    0xD5D0, 0xD672, 0xCDD0, 0xCD8F, 0xC56E, 0xB4AC, 0xB46B, 0xB42A,
    0xABE9, 0x9B47, 0x8B05, 0x8B44, 0x8AE3, 0x8283, 0x79C1, 0x71C0,
    0x6240, 0x6260, 0x5180, 0x4840, 0x3880, 0x5220, 0x5242, 0x5A41,
    0x59E0, 0x7283, 0x6281, 0x5A00, 0x5A21, 0x61E0, 0x60E0, 0x4A40,
    0x6B42, 0x6303, 0x4320, 0x6AA3, 0x6B88, 0x6409, 0x52C2, 0x4B23,
    0x6AE6, 0x72C4, 0x61C3, 0x6306, 0x7C48, 0x93C6, 0xA48B, 0x8C26,
    0x83AB, 0x7B44, 0x9CC4, 0x9468, 0x9C4D, 0x9D11, 0x7CCE, 0x8DD1,
    0xAE15, 0x9D2C, 0xA509, 0xAD6F, 0xAE33, 0xAE11, 0xA5AF, 0xA58F,
    0xBDD2, 0xAD2E, 0xBD92, 0xADB0, 0xC695, 0xE739, 0xC5F2, 0xAE12,
    0xD6F7, 0xD6D6, 0xD736, 0xDEF7, 0xDF18, 0xE719, 0xE75A, 0xE779,
    0xDF58, 0xF77B, 0xEF7A, 0xE6F7, 0xDEF6, 0xDF37, 0xDF57, 0xDF16,
    0xE737, 0xE777, 0xDF15, 0xDE93, 0xDE32, 0xD5F1, 0xDEB4, 0xD612,
    0xCE31, 0xD631, 0xCDD0, 0xBD2D, 0xB4AD, 0xB44A, 0xAC09, 0x9BA7,
    0x9346, 0x92E5, 0x8AE4, 0x8B24, 0x8323, 0x7A62, 0x71E0, 0x69C0,
    0x6160, 0x4840, 0x4000, 0x38C0, 0x5220, 0x5A41, 0x5A62, 0x52A3,
    0x5AE4, 0x6AA6, 0x62A5, 0x5366, 0x63E8, 0x73C8, 0x7B83, 0x8427,
    0x7C69, 0x3B62, 0x73A6, 0x8B47, 0x7B6A, 0x8510, 0x6C6B, 0x6C29,
    0x9550, 0x844B, 0x8BCA, 0x844B, 0x7449, 0x7387, 0x7BC2, 0x9509,
    0x94CA, 0x950D, 0x9DAD, 0xA58F, 0xACB1, 0xACB1, 0xBDB4, 0xA50F,
    0x9D92, 0xA54F, 0xACEC, 0xA489, 0x9CCD, 0x9CED, 0x9CCC, 0xB591,
    0xB5CF, 0xAD6F, 0xC634, 0xADF1, 0xB653, 0xD719, 0xD6D6, 0xDF79,
    0xCF17, 0xD717, 0xD6B5, 0xD6B4, 0xDF37, 0xDEF5, 0xD6B5, 0xD6B6,
    0xE73B, 0xE77A, 0xE6F7, 0xDEB5, 0xE6D7, 0xDED5, 0xD6B3, 0xD6F4,
    0xDE73, 0xC54E, 0xBD4E, 0xBD4E, 0xB4AE, 0xB44D, 0xCDD1, 0xD612,
    0xCDF0, 0xC56F, 0xBCED, 0xB4AB, 0xAC69, 0xA3A8, 0x9B26, 0x9326,
    0x9306, 0x9305, 0x8303, 0x8323, 0x7A82, 0x7A21, 0x79E0, 0x61E0,
    0x50C0, 0x4800, 0x3860, 0x5A41, 0x5A42, 0x5242, 0x5AA4, 0x52C4,
    0x5305, 0x5B47, 0x6B88, 0x7329, 0x6BA9, 0x6B8A, 0x7369, 0x8BAB,
    0x8BE8, 0x8C09, 0x8C2A, 0x7C48, 0x844B, 0x940B, 0x7B68, 0x8C8D,
    0x7C2A, 0x73EA, 0x94AE, 0x94AB, 0x954E, 0x8CAE, 0x8CAA, 0x8C69,
    0x946B, 0x942C, 0x8C4B, 0x8D6D, 0x9D8D, 0x94AE, 0x8CAF, 0x8D2F,
    0x846C, 0x8CCE, 0x952D, 0x94AB, 0x9CEC, 0xA4CC, 0x948A, 0x8C69,
    0x9CCA, 0xA4CC, 0xA50E, 0x8408, 0x94AC, 0xB5B1, 0x94CA, 0xAD6F,
    0xAD2F, 0xB5D0, 0xB58F, 0xC613, 0xBE72, 0xCED5, 0xE695, 0xD673,
    0xADCE, 0xBE12, 0xC653, 0xD633, 0xCE12, 0xC5B0, 0xC611, 0xC58F,
    0xBD0D, 0xC550, 0xBD2E, 0xB58F, 0xB4ED, 0xB46B, 0xBCEE, 0xBD2F,
    0xB54E, 0xACAB, 0xABC9, 0xA368, 0x9326, 0x9306, 0x9B47, 0x8AC5,
    0x92C6, 0x8AE5, 0x8B65, 0x8323, 0x7A61, 0x6200, 0x69E0, 0x5980,
    0x4020, 0x3060, 0x5220, 0x5A84, 0x62A5, 0x6346, 0x6AA6, 0x62C6,
    0x62A6, 0x62A5, 0x62E6, 0x7347, 0x73A9, 0x7C09, 0x842A, 0x950A,
    0x8CC8, 0x8C8B, 0x9D0C, 0x73C7, 0x744A, 0x7C2C, 0x840C, 0x8C0B,
    0x8C8D, 0x7C0A, 0x7BA7, 0x73C5, 0x6B23, 0x6BC6, 0x7C09, 0x83E8,
    0x83E8, 0x7B28, 0x7A66, 0x7245, 0x62A3, 0x7326, 0x7328, 0x8C29,
    0x8388, 0x844A, 0x84A7, 0x8CE8, 0x8469, 0x8C48, 0x8C2A, 0x948C,
    0x83E7, 0x8C29, 0xB54F, 0xB5EF, 0x9D0D, 0xA5B0, 0xADD0, 0x9CAB,
    0xBD6F, 0xB5D0, 0xBD70, 0xA4EB, 0xB5F0, 0xA5AF, 0xBDB0, 0xBD70,
    0xC5F1, 0xBDD0, 0xBD90, 0xCDB1, 0xD633, 0xC56F, 0xB52E, 0xCE12,
    0xCDB1, 0xD5B1, 0xBD4F, 0xCE11, 0xCDB1, 0xB48D, 0xAC4B, 0xAC4A,
    0xA489, 0xA469, 0xA388, 0xA3A9, 0x9B68, 0x9B88, 0x8AE6, 0x9307,
    0x8AC5, 0x8282, 0x82E1, 0x7A81, 0x7220, 0x7200, 0x61C0, 0x50A0,
    0x30A0, 0x5243, 0x5A82, 0x52A0, 0x5AA2, 0x6241, 0x5A85, 0x5AC5,
    0x6B88, 0x842C, 0x83EC, 0x8BCB, 0x8C6C, 0x848B, 0x7C2B, 0x83E9,
    0x5A81, 0x7307, 0x8C2C, 0x7BC8, 0x73A7, 0x73A7, 0x7B27, 0x7B07,
    0x8C4C, 0x8C8C, 0x842C, 0x8C09, 0x8448, 0x7C68, 0x6C46, 0x7428,
    0x7CA8, 0x7D6B, 0x9E71, 0xBEB6, 0xAE52, 0x9D8F, 0xA5D1, 0x94AA,
    0x9429, 0x8BCA, 0x93AA, 0x9C2B, 0x8C8A, 0xAD0C, 0xA4CA, 0x94A8,
    0xA54C, 0x9C8A, 0x94AA, 0xACEC, 0xA50C, 0xA52D, 0xA5D1, 0xB5B1,
    0xBD70, 0xB54F, 0xC5D1, 0xD5D3, 0xBD6F, 0xADB0, 0xC590, 0xC590,
    0xAD0D, 0xC612, 0xC5B0, 0xC5B0, 0xCDF2, 0xD633, 0xCE33, 0xC5F0,
    0xC5AF, 0xC54F, 0xBD2E, 0xAD2D, 0xAC69, 0xB44A, 0xAC0A, 0xAC0A,
    0xAC2A, 0x9B86, 0xA389, 0x9B66, 0x9386, 0x9326, 0x9346, 0x82C4,
    0x8AA6, 0x8B04, 0x8302, 0x79E0, 0x6A00, 0x5220, 0x50A0, 0x3180,
    0x59E0, 0x5A42, 0x5A21, 0x5A61, 0x6300, 0x6AE5, 0x72E8, 0x6307,
    0x6AE6, 0x6307, 0x6B69, 0x6326, 0x6B67, 0x73CB, 0x7BEB, 0x846A,
    0x7C09, 0x7385, 0x6AA6, 0x8B8B, 0x7C6C, 0x848C, 0x7C4B, 0x83CB,
    0x73A6, 0x8407, 0x8427, 0x93C8, 0x8B89, 0x8D6A, 0x8C6B, 0x8C4A,
    0x9C0E, 0x8349, 0x7349, 0x79E8, 0x7A45, 0x83C7, 0x846A, 0x8CAA,
    0x8428, 0x8CA7, 0x9427, 0x9C89, 0x8C67, 0x94EA, 0xA4EE, 0x942A,
    0x9CCA, 0xAD30, 0xAD0D, 0x93E8, 0x9C8A, 0xAD8F, 0x8CE9, 0xA4CB,
    0xB5B0, 0xA58E, 0x9CCB, 0xB52E, 0xAD6C, 0xADAD, 0xBDF1, 0xC5D1,
    0xBDF0, 0xC5B0, 0xB5B0, 0xBD90, 0xCD91, 0xCDB0, 0xC590, 0xC5B0,
    0xCDD2, 0xBCCD, 0xBD2E, 0xBD2D, 0xAC4B, 0xA3A8, 0xAC08, 0xB44B,
    0xAC4A, 0x9B87, 0x9366, 0x9366, 0x8AE4, 0x8AE5, 0x8AC5, 0x8283,
    0x7AC4, 0x82A4, 0x71E0, 0x69A0, 0x49C0, 0x5080, 0x38A0, 0x5240,
    0x5A84, 0x5AA5, 0x6B08, 0x7306, 0x6327, 0x5A44, 0x72A7, 0x6BCA,
    0x63A8, 0x736A, 0x844D, 0x8C2D, 0x7C49, 0x7C2A, 0x946E, 0x844D,
    0x84ED, 0x7D0C, 0x9C4D, 0xA3ED, 0x8329, 0x8507, 0x8BE6, 0x7B65,
    0x83EA, 0x844B, 0x83E9, 0x7AC9, 0x7207, 0x6A06, 0x42A3, 0x62A3,
    0x61C0, 0x52C0, 0x6304, 0x5AE4, 0x72E7, 0x8B8B, 0x7C2A, 0x8CEE,
    0x9DB0, 0xA511, 0xBD53, 0xBD54, 0xB5F1, 0xA52F, 0xB5B1, 0xB5F0,
    0xA58D, 0x9D2C, 0xBE13, 0xC694, 0xDE55, 0xB5D1, 0xBE11, 0xBD91,
    0xC5F1, 0xC5D2, 0xBDD1, 0xB550, 0xAD91, 0xA5CF, 0xCDB1, 0xB4EE,
    0xC50E, 0xBD6F, 0xB50E, 0xC570, 0xC590, 0xBD2E, 0xACEC, 0xB52D,
    0xC56F, 0xBC8D, 0xAC28, 0xACEA, 0xB4ED, 0xB4AC, 0xB46C, 0xB48B,
    0xA3C8, 0x9B47, 0x8B05, 0x8AC3, 0x9305, 0x8AA5, 0x7A41, 0x7280,
    0x7A61, 0x7260, 0x71C0, 0x59A0, 0x5020, 0x3180, 0x5243, 0x5AA1,
    0x5AC0, 0x5AA1, 0x5A62, 0x736A, 0x63A8, 0x6B47, 0x6B06, 0x7328,
    0x7347, 0x6B45, 0x72C7, 0x83AA, 0x7BA7, 0x6C07, 0x7BEB, 0x83CA,
    0x7409, 0x6D2C, 0x7509, 0x7BCD, 0x7BCC, 0x742D, 0x7C4C, 0x7B28,
    0x72E7, 0x6B47, 0x4B44, 0x5A63, 0x8345, 0x9D2C, 0x856E, 0x9DF0,
    0xADB3, 0xADB3, 0xA5B2, 0x9590, 0x950B, 0xA4CB, 0x9C4D, 0x9CEA,
    0xB632, 0xA611, 0xAD30, 0xCE34, 0xBE12, 0xB591, 0xBD92, 0xB5B1,
    0xDE97, 0xDE77, 0xB590, 0xAD8F, 0xB570, 0xD614, 0xC5D2, 0xCE13,
    0xCE13, 0xC5F2, 0xC5F2, 0xD653, 0xB56F, 0xBDB0, 0xBE11, 0xCE52,
    0xCE12, 0xC5B0, 0xC5B0, 0xD612, 0xD5F1, 0xDE12, 0xD5D1, 0xC58F,
    0xC56F, 0xCD90, 0xC54F, 0xC54F, 0xBD2E, 0xB48C, 0xB48A, 0xA3E8,
    0x9B67, 0x8B05, 0x9325, 0x8AE4, 0x8263, 0x8A64, 0x8A45, 0x7A42,
    0x7261, 0x61C0, 0x5960, 0x5000, 0x3120, 0x5A20, 0x5A83, 0x5A84,
    0x62C5, 0x62E4, 0x5A63, 0x62A4, 0x6B06, 0x6B05, 0x7328, 0x7369,
    0x7BEA, 0x7BE9, 0x73A7, 0x7367, 0x7387, 0x73C8, 0x73E8, 0x7245,
    0x61A7, 0x61C4, 0x7B27, 0x73E7, 0x7344, 0x7BA8, 0x850E, 0x950E,
    0x9CEE, 0xA50D, 0x9D2D, 0x748B, 0x9C4D, 0x8B06, 0x8CEE, 0x850D,
    0x94EC, 0xACEC, 0xA54A, 0x9DCE, 0x9DAD, 0x9CEB, 0x94AB, 0x9CED,
    0x9CEC, 0x94CC, 0xA4CE, 0xAD6F, 0x954B, 0xA56E, 0xB591, 0xB570,
    0xAD8E, 0xAD0D, 0xB530, 0xCDB3, 0xAD50, 0x956E, 0xC5B1, 0xBD10,
    0xBD4F, 0xB58F, 0xAD2D, 0xBDD0, 0xD653, 0xDEB4, 0xD6B4, 0xE674,
    0xDEB4, 0xDE73, 0xDE72, 0xD631, 0xD611, 0xD612, 0xCDB1, 0xC5AF,
    0xC50D, 0xB4EC, 0xB4CC, 0xB4AB, 0xABE9, 0xAC29, 0x9366, 0x8B04,
    0x92E5, 0x9326, 0x8AE4, 0x8AC5, 0x8AA4, 0x7A62, 0x7A01, 0x7A41,
    0x6240, 0x5120, 0x5020, 0x3880, 0x5A01, 0x5A41, 0x5221, 0x5262,
    0x62C6, 0x62A6, 0x6AC6, 0x6B27, 0x7369, 0x6B67, 0x7367, 0x7B08,
    0x6B89, 0x6BC7, 0x7B88, 0x934B, 0x838A, 0x84AF, 0x7CAC, 0x73EA,
    0x840B, 0x6327, 0x6328, 0x7C0C, 0x83CB, 0x8B89, 0x83E9, 0x6C2B,
    0x94AE, 0xADB2, 0x9571, 0x758D, 0x8DB0, 0xA48E, 0x946B, 0x6D2A,
    0x64C7, 0x7C28, 0x93C9, 0xA46B, 0x9D2E, 0x9D6F, 0xB530, 0xAD2F,
    0xAD2E, 0x9D4F, 0xC4F0, 0xCE54, 0xA610, 0x9D2C, 0xAD4F, 0xAD6F,
    0xADAF, 0xB551, 0xA4CC, 0xA44C, 0xB5B1, 0xC6B4, 0xB591, 0xB48E,
    0xBDD0, 0xBD90, 0xBD6F, 0xAD0D, 0xB52D, 0xBD6E, 0xBD8F, 0xB56E,
    0xB50D, 0xBD2E, 0xBD0C, 0xBD4D, 0xB4AB, 0xAC6A, 0xAC6A, 0xAC0A,
    0xAC28, 0xA3C7, 0x9B66, 0x8284, 0x8AA4, 0x9325, 0x9365, 0x8AC5,
    0x7A62, 0x82A3, 0x8A84, 0x8264, 0x82A2, 0x7A01, 0x79C2, 0x69E0,
    0x5A40, 0x5100, 0x3820, 0x5200, 0x5260, 0x5A62, 0x62A4, 0x62C5,
    0x62C4, 0x6305, 0x6AA5, 0x6A85, 0x6B47, 0x7349, 0x7BCA, 0x7369,
    0x73CC, 0x742B, 0x63C7, 0x7BA9, 0x7B47, 0x7389, 0x6328, 0x7C0C,
    0x94B0, 0x9CEF, 0x94EF, 0x8D93, 0x9594, 0x9DD2, 0x848C, 0x7D0E,
    0x746B, 0x848C, 0xA572, 0x8D91, 0x7CEC, 0xB5D3, 0xBE99, 0xA6D9,
    0xC7FD, 0xA6F8, 0xA532, 0xB513, 0xB5B1, 0xACCE, 0x9C8B, 0x9428,
    0xA4EA, 0x7B24, 0x6101, 0xA408, 0x94AA, 0x9409, 0xA46B, 0xB590,
    0xAD70, 0xAD0E, 0xBCEF, 0xC591, 0xC5B2, 0xBEF4, 0xC653, 0xC590,
    0xCE33, 0xC632, 0xC5D1, 0xC5D1, 0xB50E, 0xACCC, 0xACAC, 0xB4AB,
    0xAC0A, 0x9BC5, 0xA428, 0x9365, 0x93C4, 0x9345, 0x92E5, 0x8B04,
    0x93A6, 0x9BA6, 0x9325, 0x8B05, 0x9325, 0x9305, 0x9305, 0x8AE5,
    0x8AE4, 0x8303, 0x8283, 0x8243, 0x8242, 0x7281, 0x7961, 0x6A20,
    0x5120, 0x3800, 0x5A00, 0x5A61, 0x5262, 0x5AA4, 0x62C4, 0x62E4,
    0x6305, 0x6B67, 0x7388, 0x7BEB, 0x83AC, 0x6B27, 0x73A7, 0x8389,
    0x7B88, 0x74AE, 0x7BEB, 0x7B67, 0x9C4D, 0x8C8F, 0x8C8D, 0x8C4A,
    0x7C0A, 0x7388, 0x7C29, 0x8D2D, 0x84CE, 0x9CCE, 0x8D0C, 0x846C,
    0x7C0A, 0x7346, 0x7B09, 0x7B2A, 0x846A, 0x9C4C, 0x9B8A, 0x82E3,
    0x7AE4, 0x84A8, 0x6BC5, 0x7B24, 0x8346, 0x8327, 0x8387, 0x8B47,
    0x9CCC, 0x94EC, 0xA44B, 0x9C6A, 0xA50C, 0x948B, 0xA3EA, 0xB56F,
    0xC633, 0xAD8E, 0xB5D0, 0xB52F, 0xB58F, 0xADCF, 0xB5B0, 0xBD90,
    0xB56F, 0xB52E, 0xB50E, 0xB50D, 0xB50D, 0xB4CC, 0xACA9, 0xAC09,
    0x9C07, 0x9C47, 0x9BA6, 0xA387, 0x9407, 0x8BC6, 0x9BA7, 0x93A6,
    0x9364, 0xA3C7, 0x9BC7, 0x9B25, 0x9305, 0x9B46, 0x9B46, 0x8AC4,
    0x8303, 0x82E4, 0x8243, 0x7A22, 0x72C1, 0x71C0, 0x61A0, 0x48E0,
    0x3800, 0x5A00, 0x5A41, 0x5A62, 0x5A83, 0x5AA4, 0x5AE6, 0x62E6,
    0x6B47, 0x7367, 0x6B88, 0x83CB, 0x8BCD, 0x9CF3, 0x94EF, 0x7B07,
    0x8B49, 0x7409, 0x5B68, 0x7AC7, 0x73EA, 0x7C2B, 0x7389, 0x94CE,
    0x948E, 0x8BAB, 0x9CCE, 0x8CAD, 0x7C09, 0x8BEA, 0x8C6B, 0x94AD,
    0x8C6A, 0x842A, 0x842B, 0x83A8, 0x7325, 0x6BA7, 0x7C08, 0x8BA7,
    0x83C7, 0x93E9, 0x93E8, 0x9C48, 0x8B66, 0x94A8, 0x8C68, 0x9C69,
    0xB58F, 0xA56E, 0x8407, 0xB54F, 0xA56E, 0x9CEC, 0x93A5, 0xA429,
    0xA52D, 0xAD0C, 0xB5AD, 0xBDB0, 0xB56F, 0xBDB0, 0xCDD2, 0xC550,
    0xB4EE, 0xACAD, 0xACCB, 0xB50D, 0xB52D, 0xACC9, 0xACC9, 0xB4C8,
    0xACA7, 0xA467, 0xAC48, 0xAC48, 0x9BC6, 0xAC08, 0xA3C7, 0x9BE7,
    0xA3C8, 0xA3C8, 0xA407, 0xA407, 0x9B46, 0x9325, 0x9B87, 0xABA9,
    0x82C2, 0x8AE4, 0x8A84, 0x7A62, 0x5200, 0x50C0, 0x4860, 0x38C0,
    0x4A41, 0x5261, 0x5A62, 0x5A83, 0x62C4, 0x62E5, 0x6305, 0x6B06,
    0x7306, 0x6B88, 0x846C, 0x8C4B, 0x7B67, 0x7388, 0x740A, 0x7BC9,
    0x8B8A, 0x8C6C, 0x6C46, 0x6B67, 0x7328, 0x7C0A, 0x9429, 0x846C,
    0x8489, 0x5A01, 0x6AA6, 0x7386, 0x7B69, 0x7345, 0x6A01, 0x72E8,
    0x7B47, 0x83E9, 0x842C, 0xA570, 0xA4CD, 0x8C2A, 0x84EB, 0x84A9,
    0x946A, 0x83C6, 0x8BA7, 0x9BE8, 0x9408, 0x9C8B, 0x8C89, 0x8BE7,
    0x8BA6, 0x9488, 0x9CCA, 0xA489, 0xA50B, 0xA52D, 0xAD4F, 0xB58F,
    0xB4EE, 0xA50C, 0xA52D, 0xBD90, 0xBDB0, 0xBDD0, 0xBD70, 0xC5D0,
    0xBD8F, 0xBD8F, 0xB50C, 0xACE9, 0xB50D, 0xAD0B, 0xAD0B, 0xB50C,
    0xB52C, 0xB4CA, 0xB4C9, 0xACA8, 0xACC9, 0xAC88, 0xB488, 0xB469,
    0xA3C8, 0xA388, 0xAC09, 0x9BA7, 0x9B06, 0x9326, 0x8B05, 0x82C3,
    0x8B04, 0x7A21, 0x8A61, 0x6260, 0x51A0, 0x50A0, 0x30E0, 0x59E0,
    0x5A62, 0x5AA4, 0x5AA4, 0x62E3, 0x6324, 0x6B26, 0x6B87, 0x73A8,
    0x7BA7, 0x7BAA, 0x738A, 0x7B48, 0x83EB, 0x8C8D, 0x7C8B, 0x7C0A,
    0x7369, 0x7C29, 0x73C6, 0x7B68, 0x6BE9, 0x5306, 0x7B29, 0x8C4D,
    0x946F, 0x942B, 0x8C6A, 0x8C69, 0x8CCD, 0x94AD, 0x8CEA, 0x84C9,
    0x9C8D, 0x940C, 0x7C28, 0x8C6A, 0x8C4A, 0x8C6A, 0x8CA9, 0x8CCA,
    0x8C89, 0x8CA9, 0x8CE9, 0x8CCA, 0xB52F, 0xACED, 0xA50D, 0xA56D,
    0xAD90, 0xAD0F, 0xADB0, 0xB5D1, 0xB590, 0xBDD1, 0xB5D0, 0xC5D2,
    0xD6B4, 0xBE11, 0xBDF0, 0xC5B0, 0xCE12, 0xCE53, 0xC632, 0xCE32,
    0xCE73, 0xBDEF, 0xBDCD, 0xC5F0, 0xCDAF, 0xC5AF, 0xC58E, 0xBD8E,
    0xB52D, 0xC5AF, 0xCDAE, 0xACE9, 0xB4CA, 0xB4AA, 0xB4AA, 0xAC2A,
    0x9B67, 0xA3A7, 0xA3A7, 0x9366, 0x9325, 0x8AE3, 0x92C4, 0x7A41,
    0x6A20, 0x7A81, 0x6200, 0x5200, 0x50C0, 0x3860, 0x52C1, 0x52C4,
    0x62A5, 0x5AA4, 0x62E6, 0x62E7, 0x7367, 0x73C9, 0x73A8, 0x7369,
    0x83CC, 0x7C2C, 0x7C0B, 0x844B, 0x83EB, 0x7C2B, 0x848C, 0x8C2C,
    0x7C0A, 0x8CAA, 0x94AC, 0xAC6E, 0xACD1, 0x950C, 0x9D8C, 0xA571,
    0x948A, 0x9D0A, 0x9D6C, 0x9D4D, 0x94AC, 0x8BCC, 0x950F, 0x84EC,
    0x950C, 0x9CCB, 0x94ED, 0x952D, 0xA4EE, 0xA4CA, 0xA50D, 0xAD2E,
    0xB54F, 0xB56F, 0x9CAC, 0x952C, 0x954D, 0xB54F, 0xAD0E, 0xA50D,
    0xB54F, 0xB5D0, 0xBE32, 0xBDF1, 0xBDD1, 0xBDF1, 0xB54F, 0xBD0E,
    0xC5F1, 0xC692, 0xCDD2, 0xBD2E, 0xD612, 0xDE74, 0xD6B4, 0xDED5,
    0xE6D5, 0xE6F5, 0xD6B3, 0xDE93, 0xDEB4, 0xDEB3, 0xDE92, 0xD672,
    0xD6D3, 0xCDEF, 0xC5AF, 0xCDAF, 0xBD2D, 0xB4CB, 0xB46B, 0xBCAD,
    0xAC4B, 0xAC09, 0xA408, 0x9B87, 0x8B24, 0x9306, 0x8282, 0x8A43,
    0x8242, 0x6A20, 0x5A20, 0x5100, 0x4040, 0x59C1, 0x5221, 0x5242,
    0x5A63, 0x5AA5, 0x5AE6, 0x6327, 0x6B28, 0x6B27, 0x6388, 0x73A9,
    0x8389, 0x7B8C, 0x844D, 0x83EB, 0x840B, 0x7BEA, 0x7BC9, 0x7C0A,
    0x846A, 0x8449, 0x7405, 0x6344, 0x9C6B, 0x9D0B, 0x7445, 0x8CAB,
    0x8CAC, 0x948B, 0x9D2C, 0xA58E, 0x8C2A, 0x8C6B, 0x94AC, 0x8CCC,
    0xA552, 0xACEE, 0x8447, 0x7CEB, 0x9D2C, 0xA50D, 0x9D6D, 0x9D0E,
    0xA50D, 0xB58F, 0xBDB0, 0xB5D0, 0xC673, 0xCE13, 0xBE32, 0xBE72,
    0xAD6E, 0xC633, 0xBE12, 0xCE75, 0xD6D5, 0xD6D6, 0xD6B4, 0xE6F7,
    0xCEB3, 0xD6B5, 0xC630, 0xD6F3, 0xE6F6, 0xDED4, 0xDEF5, 0xD6D4,
    0xD6B4, 0xDEF5, 0xE716, 0xDED4, 0xDED4, 0xDEB4, 0xDEB3, 0xD6F4,
    0xD652, 0xD610, 0xC58E, 0xC54E, 0xC56F, 0xC54E, 0xB4AD, 0xBCCE,
    0xB46C, 0xABC8, 0xA387, 0x9344, 0x9305, 0x8A84, 0x8263, 0x7A60,
    0x7240, 0x5A00, 0x50E0, 0x3800, 0x49C0, 0x5222, 0x5A65, 0x5AE5,
    0x62E6, 0x6B68, 0x7389, 0x7BCA, 0x7BCA, 0x7BA9, 0x7C2B, 0x7BEA,
    0x8328, 0x83C9, 0x7C0A, 0x7C0B, 0x7BEA, 0x950E, 0x8C6D, 0x73A9,
    0x7BCA, 0x950D, 0x95EE, 0x94EC, 0x94AD, 0xA54E, 0xAD72, 0xAD91,
    0xA5B0, 0x950B, 0x9D4E, 0xA56F, 0x9D4F, 0x9D2F, 0x9D2E, 0x8D6D,
    0x8CAB, 0xA58F, 0xAE53, 0xA5B0, 0x9D6E, 0xB611, 0xB5F0, 0xD695,
    0xD6D8, 0xC633, 0xCE52, 0xBE93, 0xCE34, 0xCDD3, 0xC633, 0xCE93,
    0xDF57, 0xD717, 0xEF5C, 0xD6D5, 0xCF15, 0xCF14, 0xD6F6, 0xD694,
    0xE75A, 0xEFBB, 0xDED6, 0xDED7, 0xDEF6, 0xDEF5, 0xDF16, 0xDEF4,
    0xD6B3, 0xDF16, 0xDEF5, 0xD6B2, 0xD671, 0xDE73, 0xCDF0, 0xD60F,
    0xD610, 0xD5F0, 0xCD6F, 0xB4AB, 0xBCED, 0xB42B, 0xAC2A, 0xAC08,
    0xA3C7, 0x9306, 0x82C4, 0x82A2, 0x8222, 0x8203, 0x8261, 0x7A40,
    0x5A20, 0x5140, 0x3860, 0x52C2, 0x5AA4, 0x6284, 0x62C6, 0x6B27,
    0x6307, 0x6B47, 0x6B68, 0x73AA, 0x7BCA, 0x73A9, 0x646A, 0x7C2C,
    0x7B6B, 0x8C2C, 0x8C2C, 0x7C2A, 0x84AD, 0x8CEE, 0x950F, 0x94CE,
    0x8C4D, 0x7D2E, 0x94EF, 0x8D0E, 0x74CA, 0x850C, 0x8D0B, 0xA572,
    0xA591, 0xA48A, 0xA54D, 0xA52D, 0x9CAD, 0xAD10, 0x9D2D, 0x7D8B,
    0xAE31, 0xAE11, 0xBE11, 0xCE75, 0xC674, 0xB5F0, 0xBE33, 0xC6B4,
    0xBE13, 0xD674, 0xC671, 0xBE51, 0xD6B6, 0xD675, 0xCE94, 0xCEB4,
    0xCEB3, 0xD716, 0xDF17, 0xDEF7, 0xDF59, 0xE759, 0xE738, 0xDF15,
    0xCEB0, 0xDF15, 0xE716, 0xDEF6, 0xDEF5, 0xD6F4, 0xDEF4, 0xE6F6,
    0xDED4, 0xDE92, 0xCE50, 0xCE0F, 0xDE51, 0xCD8F, 0xC56D, 0xBD2C,
    0xAC68, 0xBCCA, 0xAC49, 0xAC07, 0xAC07, 0xA388, 0x9B87, 0x9325,
    0x8283, 0x82E3, 0x82E3, 0x82E2, 0x8262, 0x8241, 0x6A40, 0x59E0,
    0x50A0, 0x3860, 0x51A0, 0x5A00, 0x5A61, 0x5A63, 0x5A63, 0x5AA4,
    0x62E4, 0x6305, 0x5282, 0x62E4, 0x7327, 0x6B27, 0x7BA7, 0x7B88,
    0x7369, 0x7349, 0x83CA, 0x7B89, 0x6AE7, 0x6A84, 0x7346, 0x7266,
    0x5A66, 0x42E3, 0xACD2, 0x844B, 0x954D, 0x9D6F, 0x7B44, 0x8AA9,
    0x92CB, 0x9BAB, 0x9D2F, 0x8D0E, 0x8D50, 0xBD93, 0xE6D7, 0xCE93,
    0xA5AF, 0xA54E, 0xBDF0, 0xADAE, 0xC674, 0xB651, 0xBE6E, 0xC6B2,
    0xDEB9, 0xDF17, 0xB650, 0xD696, 0xBEB4, 0xD6B5, 0xD6D5, 0xD6F6,
    0xDF38, 0xCEF5, 0xDF38, 0xE759, 0xE739, 0xDF57, 0xD714, 0xDF35,
    0xBEAE, 0xCEB0, 0xDEF5, 0xE738, 0xD715, 0xD6F3, 0xE716, 0xE6F4,
    0xDE71, 0xCE50, 0xCE0F, 0xC58D, 0xCDAF, 0xBD4C, 0xB4AB, 0xABE8,
    0x9C25, 0xA3C7, 0xA3E8, 0xA3C7, 0xA387, 0x9365, 0x9304, 0x8AA3,
    0x8AC4, 0x82E4, 0x8322, 0x7AA2, 0x71E0, 0x6A20, 0x59E0, 0x58E0,
    0x3860, 0x5A40, 0x5A63, 0x5A64, 0x5AA4, 0x6AE5, 0x6B05, 0x6B04,
    0x7BA7, 0x7365, 0x7BC7, 0x842B, 0x7B4B, 0x6B8A, 0x7387, 0x73AA,
    0x7B8B, 0x83EB, 0x840A, 0x83EA, 0x83EA, 0x840A, 0x7427, 0x9CEE,
    0x8426, 0x946B, 0x83A9, 0x83E7, 0x8C08, 0x8469, 0x8CEA, 0x8D2B,
    0x8AC8, 0x8288, 0xA4ED, 0x94CE, 0x9D72, 0xA611, 0x858D, 0xADD1,
    0xAE11, 0xB692, 0xC694, 0xEFDD, 0xBE75, 0xB5EE, 0xB631, 0xC613,
    0xDE96, 0xC6B4, 0xE6F9, 0xD777, 0xC6D4, 0xD6F6, 0xD716, 0xDED6,
    0xD6F5, 0xD738, 0xCF13, 0xD6F4, 0xDEF5, 0xDEF4, 0xDEF6, 0xC64D,
    0xD6B3, 0xDED4, 0xDEF5, 0xC64E, 0xCE70, 0xCE71, 0xD672, 0xD692,
    0xD6B2, 0xD651, 0xBDAD, 0xBD6C, 0xB52B, 0xB48A, 0xAC28, 0xAC28,
    0xA3E7, 0x9B88, 0x9B67, 0x9B84, 0x9363, 0x9323, 0x9304, 0x8264,
    0x8283, 0x8322, 0x8B64, 0x7241, 0x6A00, 0x5A20, 0x5160, 0x4060,
    0x5220, 0x5241, 0x62A5, 0x62C5, 0x62E4, 0x62E6, 0x6B06, 0x6B07,
    0x7347, 0x7387, 0x7BC9, 0x83AB, 0x7BAB, 0x83CA, 0x83EA, 0x7B89,
    0x944E, 0x7C09, 0x7389, 0x7B89, 0x83AA, 0x7B89, 0xA511, 0x9C6D,
    0x8C6C, 0x9CEB, 0x8C2E, 0xA4EE, 0x9CAB, 0x942B, 0x946C, 0x946B,
    0x8C8A, 0x9D2B, 0x9C8D, 0x9530, 0x9D2E, 0xA56E, 0xB56E, 0xACED,
    0x8D6D, 0x94E8, 0x9CC9, 0xA50C, 0xB5CC, 0xBDAF, 0xB5F1, 0xB5F0,
    0xB650, 0xADCE, 0xBE30, 0xC693, 0xDE96, 0xC6B4, 0xD6D6, 0xD6B4,
    0xC610, 0xD695, 0xD694, 0xC631, 0xBE0F, 0xD672, 0xCE52, 0xCE71,
    0xDED4, 0xDEF5, 0xD692, 0xDE92, 0xD672, 0xC5CE, 0xC5EF, 0xBDAE,
    0xB58D, 0xC5CE, 0xBD4D, 0xB4EB, 0xB4AA, 0xACAA, 0xA3E8, 0xA428,
    0xA3A8, 0x9B27, 0x9B64, 0x9343, 0x8AE2, 0x8282, 0x8283, 0x82A4,
    0x7AC4, 0x8303, 0x6A60, 0x7220, 0x61E0, 0x5100, 0x3840, 0x5241,
    0x5242, 0x5A62, 0x5A84, 0x62C6, 0x6B27, 0x7367, 0x7BA9, 0x8409,
    0x83AA, 0x7BAA, 0x7BE9, 0x8389, 0x73AB, 0x7C2B, 0x7BAA, 0x7B8B,
    0x7C29, 0x8C2B, 0x840B, 0x742A, 0x7BC9, 0x73C8, 0x7386, 0x73EA,
    0x7C08, 0x7BC8, 0x7367, 0x8429, 0x844A, 0x844A, 0x9D4E, 0xAD95,
    0x8CEC, 0x94CC, 0x942B, 0x948B, 0x94EA, 0x7C86, 0x948A, 0x94E8,
    0x8C25, 0x8C27, 0x9CAA, 0x9526, 0xA504, 0xB58E, 0xB56F, 0x9D4C,
    0x952C, 0xBDB0, 0xADAC, 0xAD0B, 0xADAD, 0xA5CC, 0xBDCF, 0xCE32,
    0xC5F1, 0xBDF0, 0xCE32, 0xBDCF, 0xCE32, 0xB5EF, 0xBE2F, 0xCE50,
    0xC64F, 0xD6B2, 0xD692, 0xCE50, 0xCE2F, 0xCE30, 0xD610, 0xCDEF,
    0xC56D, 0xBD4C, 0xB4EC, 0xB4EC, 0xBCED, 0xBCCD, 0xB48B, 0xAC09,
    0x9327, 0x9B66, 0x8B41, 0x8B62, 0x8302, 0x82C3, 0x8AA4, 0x82E3,
    0x7B01, 0x7A41, 0x7200, 0x5A00, 0x5160, 0x3800, 0x5220, 0x5224,
    0x5A67, 0x6AE7, 0x6B07, 0x6307, 0x6B46, 0x7388, 0x73A8, 0x7B69,
    0x7BAA, 0x7BC8, 0x83CA, 0x7B2A, 0x7B49, 0x7BEB, 0x73A8, 0x832C,
    0x8C0B, 0x7B68, 0x7BEA, 0x83EA, 0x6BE9, 0x63A6, 0x8369, 0x8348,
    0x8D4D, 0x946E, 0x94EC, 0x9D8D, 0x9CEC, 0x8488, 0x94AE, 0x9CCF,
    0x9D0D, 0xB571, 0xADB1, 0xA550, 0x950D, 0xA50E, 0xBDF2, 0xC635,
    0xCE76, 0xD676, 0xB5B2, 0xBE10, 0xB5F0, 0xCEB7, 0xFFFF, 0xEEB9,
    0xCE75, 0xB671, 0xB5CF, 0xDEB7, 0xDF19, 0xD655, 0xC651, 0xBE31,
    0xBDD0, 0xCE11, 0xD673, 0xD674, 0xD672, 0xCE11, 0xCE72, 0xCE90,
    0xCE50, 0xC62F, 0xDE92, 0xDED2, 0xC5EE, 0xCE71, 0xC5EF, 0xC56E,
    0xC58D, 0xC58E, 0xC58E, 0xC56F, 0xBCEE, 0xBCCE, 0xB4AC, 0x9B68,
    0x9B46, 0x9B04, 0x9B26, 0x92C4, 0x8AC3, 0x8284, 0x7AC2, 0x7B23,
    0x8243, 0x69E0, 0x59A0, 0x59E0, 0x4060, 0x5200, 0x5A43, 0x5AA4,
    0x6285, 0x62E6, 0x62E7, 0x6327, 0x6B47, 0x7369, 0x7348, 0x7328,
    0x7369, 0x7BC9, 0x7309, 0x7B48, 0x8C2C, 0x7BCA, 0x7B8B, 0x844A,
    0x7BAA, 0x7C0A, 0x6B47, 0x842B, 0x84CC, 0x842A, 0x8BEA, 0x7C2B,
    0x8C8C, 0x84AB, 0x84CE, 0x8C4C, 0x94AE, 0x946C, 0x848C, 0x8D0E,
    0xA4CF, 0xA46D, 0x9D0D, 0xA56F, 0x94C9, 0x8C88, 0x9D0C, 0x94C8,
    0xA54C, 0xA54E, 0xAD6E, 0xA58D, 0x950B, 0x9549, 0x9D6C, 0xBDF1,
    0xB58E, 0xC652, 0xB58E, 0xBE0F, 0xBDF1, 0xC5F1, 0xCE32, 0xC611,
    0xCE92, 0xCE94, 0xC611, 0xCE31, 0xCE11, 0xCE51, 0xD692, 0xCE70,
    0xCE30, 0xCE30, 0xCE0F, 0xCDCE, 0xCDEF, 0xC5AD, 0xC58D, 0xBD4C,
    0xBD4D, 0xBD4E, 0xBD0D, 0xB4CD, 0xB4AB, 0xAC28, 0xA3A9, 0x9B26,
    0x9345, 0x8AE5, 0x82C3, 0x8AC3, 0x82C3, 0x7AA1, 0x7AA2, 0x7A00,
    0x7A20, 0x61C0, 0x59E0, 0x3860, 0x5221, 0x5202, 0x5A83, 0x6AC5,
    0x62C4, 0x62E5, 0x6B48, 0x6B67, 0x7349, 0x736A, 0x736A, 0x7B68,
    0x7387, 0x7BAA, 0x6366, 0x62A8, 0x7387, 0x6B29, 0x6B27, 0x83E8,
    0x7C0B, 0x6BA8, 0x83A9, 0x7BC9, 0x6366, 0x8388, 0x7B89, 0x7C2A,
    0x7C0A, 0x7C0A, 0x8389, 0x8B6A, 0x8C0B, 0x9D6F, 0x9DF0, 0x9C4B,
    0x9429, 0x94EA, 0x950B, 0xA4EC, 0xA4AA, 0xA4EB, 0xA52E, 0xAD70,
    0xA52D, 0xAD90, 0xB630, 0xBE11, 0xBE33, 0xB611, 0xBE11, 0xC611,
    0xE7BB, 0xC674, 0xBE31, 0xBE11, 0xCE53, 0xD694, 0xC651, 0xAD2C,
    0xCE32, 0xCE52, 0xBDEF, 0xC631, 0xCE51, 0xCE72, 0xCE72, 0xDE94,
    0xCDEF, 0xC5CE, 0xD651, 0xCE10, 0xC58E, 0xBD4D, 0xBD2C, 0xB4EA,
    0xB489, 0xB48B, 0xAC0A, 0xABE9, 0xA3E8, 0xA388, 0x9305, 0x9324,
    0x8AE4, 0x8B24, 0x8AC5, 0x8263, 0x7A83, 0x7A63, 0x71A1, 0x71E0,
    0x61A0, 0x59C0, 0x3860, 0x5A84, 0x5A42, 0x5242, 0x5A83, 0x6AE6,
    0x6AE6, 0x6B27, 0x6B47, 0x7389, 0x7329, 0x7B69, 0x7388, 0x6B47,
    0x7B68, 0x7386, 0x72C8, 0x6BA6, 0x6A45, 0x7AC9, 0x7BA7, 0x73A9,
    0x840B, 0x7B07, 0x7BA9, 0x7C2D, 0x8BEA, 0x848A, 0x8C8C, 0x9CAE,
    0x954D, 0x9DAF, 0x9D4F, 0x950E, 0x950D, 0x95AE, 0x9D4E, 0xA56F,
    0xA5B0, 0x950D, 0x9D2B, 0x9D4D, 0xAD70, 0xA54F, 0xAD2E, 0xAD6F,
    0xAD2F, 0xB52E, 0xBD4F, 0xB5D0, 0xB610, 0xADCF, 0xAD6C, 0xAD2B,
    0xBD8E, 0xB5AE, 0xB62F, 0xB58E, 0xAD0D, 0xD694, 0xCE12, 0xCE11,
    0xBDF0, 0xCE11, 0xCE31, 0xC610, 0xC610, 0xCE30, 0xC5D0, 0xCE0F,
    0xCE31, 0xD610, 0xCDEF, 0xCDF0, 0xC58E, 0xBD4C, 0xBD0B, 0xB4A9,
    0xA3A8, 0xA3C9, 0xA387, 0x9B47, 0x9306, 0x9326, 0x9B46, 0x8B05,
    0x8AE3, 0x82C3, 0x8282, 0x8283, 0x7240, 0x79E1, 0x79E0, 0x6220,
    0x5100, 0x3820, 0x5200, 0x5A22, 0x6AE8, 0x62A5, 0x5A84, 0x6AC6,
    0x6B07, 0x7369, 0x7BAA, 0x7328, 0x7348, 0x7387, 0x7388, 0x7369,
    0x7B89, 0x83A9, 0x7BAA, 0x7387, 0x7BE8, 0x83E9, 0x840B, 0x8C4B,
    0x8C0C, 0x944A, 0x840A, 0x9448, 0xA58B, 0x8CA8, 0x83C8, 0x8C6A,
    0x94EC, 0x8D0C, 0x7C88, 0x94AA, 0x84C9, 0x8CCB, 0xA4CB, 0x9D2B,
    0x9CED, 0x9D4D, 0x950B, 0xA54E, 0x9DED, 0xB632, 0xBE74, 0xADB0,
    0x9CEC, 0xA4ED, 0xA50D, 0xADEF, 0xBE73, 0xCE74, 0xB56E, 0xB52C,
    0xAD8D, 0xBE51, 0xCE73, 0xCE52, 0xC611, 0xBDF0, 0xB5AE, 0xBDAF,
    0xC5D0, 0xBDCF, 0xC5F0, 0xC610, 0xCE10, 0xCE10, 0xD692, 0xCE10,
    0xCDEF, 0xCDCE, 0xC5AE, 0xC58D, 0xBD2B, 0xB4EA, 0xB4A9, 0xABE9,
    0xB44A, 0x9B87, 0x9306, 0x92E6, 0x7AA1, 0x8B04, 0x82C3, 0x82C3,
    0x82E3, 0x8241, 0x7A61, 0x7A41, 0x79E1, 0x69A0, 0x6240, 0x5100,
    0x3840, 0x59E2, 0x59E3, 0x62C9, 0x6AE8, 0x6B07, 0x6B27, 0x6AE6,
    0x7369, 0x7389, 0x7368, 0x7BA8, 0x7B88, 0x7368, 0x7BA7, 0x7B67,
    0x7367, 0x8BEC, 0x7BC8, 0x840A, 0x73C9, 0x83E9, 0x7BE4, 0x73E6,
    0x8425, 0x7366, 0x7323, 0x8C4C, 0x83C8, 0x83A7, 0x940A, 0x7C08,
    0x8CCE, 0xA531, 0xA52D, 0x954C, 0x9D0D, 0xA4AD, 0x9CAC, 0x93EB,
    0x8C2A, 0x94CA, 0x9CCC, 0x9CEC, 0x9D2D, 0x7406, 0x9D0E, 0xAD4F,
    0xA50C, 0xAD4E, 0xAD8F, 0xA52A, 0xAD2D, 0xAD6E, 0xB58F, 0xB5AF,
    0xAD6C, 0xB5AE, 0xB5CE, 0xA56C, 0xC630, 0xBDF0, 0xBDCF, 0xBDAF,
    0xB58D, 0xAD2C, 0xBDAE, 0xC5EF, 0xC5CD, 0xBDAD, 0xC5AD, 0xCE0E,
    0xCDEE, 0xBDAC, 0xBD8B, 0xB4EA, 0xBD0B, 0xB50B, 0xA407, 0xA447,
    0x9BC7, 0x9346, 0x9326, 0x8B03, 0x8283, 0x8282, 0x82A3, 0x8282,
    0x8241, 0x7240, 0x7A21, 0x5940, 0x51E0, 0x59E0, 0x4820, 0x38C0,
    0x5241, 0x59E1, 0x5220, 0x5A83, 0x6AE6, 0x6B06, 0x7348, 0x7368,
    0x7348, 0x7348, 0x6B25, 0x7BA8, 0x7347, 0x7388, 0x7B88, 0x7B48,
    0x7388, 0x6B86, 0x73E9, 0x6327, 0x6B06, 0x5AE3, 0x7309, 0x8368,
    0x7BA9, 0x8BA8, 0x7363, 0x8448, 0x7385, 0x7BC5, 0x8C06, 0x5AE1,
    0x7B44, 0x8407, 0x7363, 0x8363, 0x7B63, 0x8405, 0x8C47, 0x9CCC,
    0x9C6A, 0x9C49, 0x83A6, 0x8427, 0x9448, 0x9428, 0x9CA9, 0xA50B,
    0xA50A, 0x9C89, 0x9CC8, 0xA4E9, 0xAD6B, 0xA4CA, 0xAD4D, 0xB5EF,
    0xBDEF, 0xCE30, 0xBDCF, 0xC5F0, 0xBDAE, 0xBDCD, 0xAD4C, 0xB5AD,
    0xB56D, 0xC5EF, 0xC5CE, 0xB58D, 0xC5CD, 0xCE0F, 0xCDEF, 0xD60F,
    0xBDAD, 0xC5CD, 0xBD4C, 0xBD09, 0xCDAF, 0xBD0C, 0xB4AA, 0xA427,
    0x9BA6, 0x9384, 0x9365, 0x9325, 0x8AC4, 0x8283, 0x8262, 0x8202,
    0x61E0, 0x7220, 0x6960, 0x7220, 0x5180, 0x4000, 0x4040, 0x5241,
    0x5A64, 0x62E7, 0x62E6, 0x62C6, 0x62E6, 0x62C6, 0x62E6, 0x6B47,
    0x7B89, 0x7388, 0x6B47, 0x7369, 0x7BAA, 0x7BA7, 0x7B67, 0x7B47,
    0x7BC9, 0x6BA7, 0x6B67, 0x83CA, 0x73C7, 0x7307, 0x7B66, 0x73C7,
    0x94AB, 0x6382, 0x83A6, 0x7B85, 0x7BE3, 0x7BC2, 0x6BC5, 0x7323,
    0x7B84, 0x83E8, 0x8426, 0x6322, 0x73A1, 0x7300, 0x62A0, 0x5A80,
    0x7384, 0x8BE5, 0x7BE1, 0x8466, 0x8445, 0x8404, 0x8C05, 0x9487,
    0xAD0C, 0xAD8A, 0xAD0B, 0xB58D, 0xAD0D, 0xB58E, 0xA5AD, 0xADCF,
    0xBDCF, 0xBDCF, 0xC671, 0xC630, 0xBDAE, 0xB58D, 0xB5CD, 0xC5EF,
    0xC5EE, 0xBDAC, 0xC5EE, 0xD62F, 0xC60F, 0xCE50, 0xDE91, 0xC5CD,
    0xC5AB, 0xC5AD, 0xBD09, 0xB4CA, 0xBCE8, 0xBCC8, 0xA428, 0xA3E7,
    0x9BE7, 0x9366, 0x8B04, 0x82A3, 0x82C2, 0x82C2, 0x82A2, 0x69E0,
    0x7A21, 0x69E0, 0x59E0, 0x6220, 0x5920, 0x3820, 0x5241, 0x5282,
    0x5A84, 0x62C6, 0x6AE6, 0x6B27, 0x7B6A, 0x7369, 0x7368, 0x7368,
    0x7368, 0x7367, 0x7BA6, 0x7325, 0x738A, 0x7B88, 0x73C5, 0x7B07,
    0x732A, 0x7BAA, 0x7BA9, 0x7BE8, 0x8BEB, 0x83A9, 0x7345, 0x8BA8,
    0x83C8, 0x9BE9, 0x940A, 0x9C8B, 0x9C4B, 0xA50E, 0xA4EC, 0x94AB,
    0x948A, 0xA50D, 0xB531, 0xA54F, 0xAD11, 0xCE77, 0xCE96, 0xA56E,
    0xADCF, 0xA5CD, 0xA592, 0xB5D1, 0xBEB5, 0xCEB4, 0xAD8D, 0xA58E,
    0xA568, 0xA50B, 0xAD6D, 0xBDAE, 0xBDF0, 0xB5AE, 0xDEB4, 0xD692,
    0xC630, 0xBDEF, 0xBE0F, 0xCE30, 0xBDAE, 0xBD8D, 0xC60F, 0xC5EF,
    0xCE30, 0xCE30, 0xCE2F, 0xCE50, 0xCE50, 0xC5EE, 0xCE0E, 0xC56B,
    0xC58C, 0xCDAE, 0xBD2A, 0xB4CB, 0xB4CB, 0xAC68, 0xA407, 0xA3A7,
    0x9345, 0x8B45, 0x9326, 0x9345, 0x8B04, 0x8AA2, 0x8262, 0x7A42,
    0x8280, 0x6A20, 0x59A0, 0x5920, 0x4040, 0x5241, 0x5A83, 0x5A63,
    0x6A84, 0x6306, 0x6328, 0x7307, 0x7326, 0x7B89, 0x6B27, 0x7348,
    0x7BC9, 0x7327, 0x7307, 0x7368, 0x7327, 0x740A, 0x738A, 0x740A,
    0x7368, 0x7B47, 0x72E6, 0x7B26, 0x8C4B, 0x7C49, 0x8C0A, 0x8C4C,
    0x7C27, 0x83A8, 0x8367, 0x7BA6, 0x73A4, 0x83C7, 0x7C06, 0x83E6,
    0x8447, 0x8427, 0x8C28, 0x8C88, 0x8487, 0x8C08, 0xA4EC, 0x94CC,
    0x9D0D, 0x9D8F, 0x9D8D, 0x9C89, 0xB56E, 0xB5D0, 0xB5D0, 0xC651,
    0xBE11, 0xBE10, 0xCE72, 0xCE74, 0xD6F5, 0xA58B, 0xB5CC, 0xCE2F,
    0xC651, 0xBE2F, 0xC64F, 0xC650, 0xCE92, 0xD693, 0xCE50, 0xD6B1,
    0xCE91, 0xD691, 0xD671, 0xD6B2, 0xD691, 0xD650, 0xD650, 0xCE0E,
    0xBD6C, 0xC56D, 0xBD0C, 0xB4AA, 0xB4C9, 0xB449, 0xA388, 0x9BA5,
    0x9BA6, 0xA387, 0xA3A7, 0x9366, 0x92E5, 0x9325, 0x82A2, 0x7A41,
    0x6A60, 0x5180, 0x5A20, 0x38A0, 0x5241, 0x5A43, 0x5A64, 0x5AA5,
    0x62A5, 0x6B07, 0x6B27, 0x6B07, 0x7389, 0x7B89, 0x7BA9, 0x7369,
    0x7327, 0x7BA9, 0x83C9, 0x7BAA, 0x7BA9, 0x7B88, 0x83A9, 0x8C0B,
    0x7C6B, 0x8BAC, 0x83A9, 0x7C09, 0x7BA8, 0x6B05, 0x7B06, 0x8367,
    0x73C7, 0x8428, 0x948B, 0x8C87, 0x7C47, 0x7C69, 0x9D0E, 0x8C88,
    0x8D0A, 0x8CA9, 0x94CB, 0x9D0D, 0x94AA, 0x9D2B, 0x8CA8, 0xADD1,
    0x9D2E, 0xACEF, 0xA48C, 0x9D0B, 0xAD8F, 0xBDB1, 0xB5CF, 0xB5CF,
    0xCE72, 0xB56C, 0x9D27, 0xC6B2, 0xB670, 0xCE91, 0xD6F4, 0xCE71,
    0xC691, 0xCEB2, 0xD6D2, 0xCEB0, 0xD670, 0xD6D2, 0xDEF4, 0xDED3,
    0xDEF3, 0xDED3, 0xDEB2, 0xDED2, 0xDEB1, 0xDEB2, 0xE6D2, 0xD670,
    0xDE30, 0xD5EF, 0xD5CE, 0xC56D, 0xC52D, 0xBCCD, 0xBCAB, 0xB44A,
    0xB449, 0xB469, 0xAC28, 0xA387, 0x92C5, 0x82A2, 0x82C1, 0x7AC0,
    0x69A0, 0x5960, 0x4040, 0x5241, 0x5A84, 0x62A5, 0x62E6, 0x6AE6,
    0x6B28, 0x6B48, 0x7349, 0x7348, 0x6B27, 0x7368, 0x7BAA, 0x83EA,
    0x7B89, 0x7368, 0x7BA7, 0x72A7, 0x730A, 0x6B69, 0x7BEB, 0x742D,
    0x6B8A, 0x6B48, 0x73A8, 0x7C09, 0x94EF, 0x6366, 0x8C4B, 0xACAF,
    0x93EA, 0x8C6C, 0x9CAD, 0xC573, 0xA50D, 0x9D0C, 0xAD30, 0xB510,
    0x9467, 0x9CA7, 0x9D0D, 0xA54D, 0xB570, 0xAD6E, 0x8508, 0xA54D,
    0xBDF0, 0xBF14, 0xC6D3, 0xC632, 0xC672, 0xBE50, 0xBE71, 0xCEB4,
    0xCEB4, 0xC671, 0xCEB3, 0xC6B2, 0xC670, 0xBE6F, 0xCED3, 0xDF35,
    0xDEF5, 0xE716, 0xE758, 0xE759, 0xE757, 0xE716, 0xE757, 0xE716,
    0xE715, 0xE6F4, 0xEF36, 0xE714, 0xE6F3, 0xDED2, 0xE733, 0xDEB2,
    0xD62F, 0xD64F, 0xCE0E, 0xCDCD, 0xBD6C, 0xBD6C, 0xBD0C, 0xBCAA,
    0xB489, 0xAC07, 0xA386, 0x9304, 0x82A3, 0x8262, 0x7260, 0x69E0,
    0x5920, 0x3800, 0x5222, 0x5A64, 0x5AA5, 0x62A5, 0x6AE6, 0x6B06,
    0x6B06, 0x7347, 0x7B69, 0x7347, 0x7368, 0x7347, 0x62C6, 0x7348,
    0x7BA9, 0x7BA8, 0x7329, 0x6B8A, 0x5BA9, 0x6B49, 0x5AC6, 0x6B65,
    0x840A, 0x6B69, 0x5A85, 0x7B88, 0x8BCA, 0xA4AB, 0x74E6, 0x84AA,
    0xA50C, 0x9503, 0x7422, 0x8468, 0x84A5, 0x7BA0, 0x9407, 0xA56E,
    0x9E8C, 0xAE30, 0xB64E, 0xBDD0, 0xC612, 0xA671, 0xD777, 0xC6F3,
    0xBEB1, 0xCED4, 0xCED5, 0xC692, 0xBE92, 0xCEF3, 0xCED4, 0xCED5,
    0xD6F4, 0xD6F5, 0xCED3, 0xCED3, 0xC6D2, 0xCED3, 0xD735, 0xDF36,
    0xD6F4, 0xDF35, 0xE756, 0xDF14, 0xDEF4, 0xE757, 0xE757, 0xDF14,
    0xDED3, 0xE715, 0xDED3, 0xDED3, 0xDED2, 0xDEB1, 0xDE70, 0xD5EE,
    0xD62F, 0xD5AE, 0xC54D, 0xC50C, 0xC4EB, 0xBC68, 0xB427, 0xAC27,
    0xA3A6, 0x9325, 0x9346, 0x8AE4, 0x8221, 0x7221, 0x5A00, 0x5940,
    0x4040, 0x5A62, 0x5A64, 0x5AA5, 0x62E6, 0x6B06, 0x6B26, 0x6B27,
    0x7306, 0x7345, 0x7387, 0x7348, 0x83C8, 0x7BC8, 0x7B86, 0x7B89,
    0x7B6A, 0x840A, 0x7BC9, 0x7BCA, 0x842C, 0x7D0D, 0x84AD, 0x83CC,
    0x954D, 0x9DAF, 0x94AA, 0x94AD, 0x9D4E, 0x8469, 0x948A, 0xA50A,
    0xD692, 0xCF99, 0xCEF8, 0xE79C, 0xCF9A, 0xB753, 0xB776, 0xB774,
    0xCEF5, 0xB6D1, 0xBEB3, 0xCF17, 0xD7D9, 0xC6D4, 0xCED6, 0xD736,
    0xCED3, 0xCED4, 0xCED3, 0xCED5, 0xD6F6, 0xD714, 0xD6D4, 0xC6D3,
    0xD715, 0xE759, 0xDF17, 0xD6D5, 0xD6D2, 0xCEB0, 0xDEF4, 0xD6F5,
    0xDEF4, 0xE716, 0xE738, 0xE737, 0xDEF4, 0xD6B2, 0xD692, 0xD692,
    0xDE92, 0xD691, 0xD691, 0xDE91, 0xD64F, 0xCDCD, 0xC4EC, 0xBCEC,
    0xB4CC, 0xBCCB, 0xB448, 0xAC07, 0xABC7, 0xA346, 0x9B86, 0x9B67,
    0x8AA4, 0x82A2, 0x82A1, 0x6A00, 0x7A60, 0x7220, 0x5060, 0x3800,
    0x5285, 0x5A84, 0x62C6, 0x62A3, 0x6AC5, 0x6B06, 0x6B47, 0x7368,
    0x6B27, 0x6B27, 0x7387, 0x7386, 0x83C9, 0x7BC7, 0x7368, 0x7B27,
    0x7BA9, 0x836A, 0x7347, 0x83E9, 0x8BCA, 0x8BEC, 0x946E, 0x84CB,
    0x94CE, 0xAD32, 0xA532, 0x8D0E, 0xCE77, 0xDEF6, 0xB672, 0xB614,
    0xADD2, 0xB5AD, 0xA60D, 0xAE32, 0xAE50, 0xC693, 0xC653, 0xBE92,
    0xCED5, 0xC693, 0xCEF4, 0xDF58, 0xCEF5, 0xD735, 0xD715, 0xC6B3,
    0xD715, 0xDF57, 0xD716, 0xBEB1, 0xC6F3, 0xD6F5, 0xCED4, 0xCEB3,
    0xCEB3, 0xBEAF, 0xC650, 0xDF15, 0xDEF6, 0xD6D3, 0xE6F6, 0xE737,
    0xDED4, 0xD6B2, 0xD6B2, 0xCE71, 0xCE91, 0xC670, 0xCE70, 0xDEB1,
    0xD6B1, 0xD650, 0xD62F, 0xCE0E, 0xD60F, 0xBD4B, 0xBCEB, 0xBC88,
    0xBCC7, 0x9345, 0x9305, 0x9B47, 0x9345, 0x8B83, 0x8AA4, 0x8283,
    0x7A60, 0x7AA0, 0x7220, 0x6240, 0x5140, 0x5900, 0x4020, 0x5A63,
    0x5A20, 0x5A83, 0x6284, 0x6AE6, 0x62C6, 0x6B06, 0x7347, 0x7368,
    0x7367, 0x73A8, 0x7388, 0x8408, 0x7BC8, 0x7387, 0x73E9, 0x7C2B,
    0x7347, 0x83EA, 0x8C2C, 0x840B, 0x8C2C, 0x8469, 0x8C0A, 0x7428,
    0x6C88, 0x842B, 0x83C8, 0x7426, 0x6B44, 0x6365, 0x6BC6, 0x7C06,
    0x84E8, 0x8549, 0x9D4D, 0x8CA8, 0x94C9, 0x9CED, 0x94AA, 0xADAF,
    0xBE51, 0xB5D1, 0x9D4D, 0xA5AD, 0xBE91, 0xC6B3, 0xC6B3, 0xBE31,
    0xB5EF, 0xBE70, 0xC6B1, 0xCE72, 0xC692, 0xD6B3, 0xCED3, 0xB64F,
    0xC651, 0xDE94, 0xCEB0, 0xBE0F, 0xC6B1, 0xCE2F, 0xBDEC, 0xCEB2,
    0xD6D4, 0xCE30, 0xCE0F, 0xCE30, 0xD651, 0xD62F, 0xD60F, 0xDE70,
    0xDE2F, 0xCDAD, 0xCDAD, 0xCDAE, 0xC50A, 0xBCA9, 0xBC87, 0xBC89,
    0xA387, 0xA3A6, 0x9325, 0x9B26, 0x9B85, 0x7A21, 0x8AC4, 0x8202,
    0x7220, 0x7240, 0x6220, 0x5960, 0x5980, 0x3820, 0x5220, 0x5A61,
    0x62A4, 0x6284, 0x62A5, 0x62A5, 0x7327, 0x7327, 0x7347, 0x7347,
    0x7389, 0x7368, 0x7BA9, 0x73A9, 0x7386, 0x73A9, 0x8C6D, 0x73C7,
    0x7BA8, 0x7BAA, 0x83EB, 0x840B, 0x8428, 0x8C2B, 0x952E, 0x942A,
    0x940C, 0xA4EE, 0x9D6D, 0xAD50, 0xA4CF, 0xBD71, 0xAE51, 0xB5B2,
    0xB572, 0x9D2D, 0xA54F, 0xA56F, 0x956C, 0xB60F, 0x9D2E, 0xA58F,
    0xBDD1, 0xD6D6, 0xD6D6, 0xB650, 0xB5AF, 0xBDF1, 0xD696, 0xDED6,
    0xC672, 0xC652, 0xB610, 0xAE0F, 0xB650, 0xC692, 0xC673, 0xBE30,
    0xB60C, 0xB5EE, 0xAD8E, 0xC60F, 0xD672, 0xC670, 0xC650, 0xC62F,
    0xD694, 0xE717, 0xD671, 0xDE51, 0xD5F0, 0xCDCD, 0xCDED, 0xDE2F,
    0xC56C, 0xD5EE, 0xC54C, 0xBCEA, 0xC4C7, 0xBC66, 0xAC26, 0xABC5,
    0xABC7, 0x9B65, 0x9B45, 0x9B65, 0x8AC4, 0x82C2, 0x7240, 0x7A20,
    0x7220, 0x6A00, 0x61C0, 0x5140, 0x3800, 0x5242, 0x5A63, 0x5A43,
    0x6265, 0x6B06, 0x7306, 0x6B26, 0x6B27, 0x7347, 0x7B88, 0x7B8A,
    0x7327, 0x7B88, 0x7389, 0x7BCA, 0x7388, 0x6323, 0x7BC8, 0x7B88,
    0x7B89, 0x7BCA, 0x7BAA, 0x7B8A, 0x6B67, 0x83A9, 0x8B4C, 0x842B,
    0x7CAA, 0x7C48, 0x8C09, 0x8448, 0x84C6, 0x7487, 0x8487, 0x8CA8,
    0x8487, 0x8D09, 0x9D2B, 0x8466, 0x9D2D, 0x9D2C, 0x954A, 0x9529,
    0x84A2, 0x9D2A, 0xB5CF, 0xB5F0, 0xBE71, 0xA5EE, 0xA58D, 0xB5EE,
    0xBE10, 0xCE73, 0xC672, 0xC631, 0xBE10, 0xBE10, 0xADED, 0xB5CE,
    0xBE11, 0xCE73, 0xC630, 0xADAD, 0xBDCF, 0xCE32, 0xCE52, 0xC60F,
    0xC60F, 0xC5CF, 0xDE32, 0xCDEE, 0xC60E, 0xBDAA, 0xC56B, 0xCDCE,
    0xD670, 0xC58D, 0xBD2B, 0xC4E7, 0xBCA9, 0xB448, 0xAC27, 0xA3C6,
    0xA3A6, 0x9B85, 0x92E3, 0x92E4, 0x92A6, 0x7A42, 0x71E0, 0x7260,
    0x71E0, 0x61A0, 0x5160, 0x4060, 0x5A42, 0x5A22, 0x62A5, 0x62E7,
    0x6AE6, 0x6B06, 0x7368, 0x7327, 0x7348, 0x7368, 0x7369, 0x7387,
    0x7BE9, 0x7B88, 0x7BA9, 0x7C0A, 0x8CEC, 0x7C8A, 0x840B, 0x8BEB,
    0x7BCA, 0x83AA, 0x8CAD, 0x8CAE, 0x7BAA, 0x73C9, 0x7CAA, 0x7C69,
    0x8428, 0x9CEE, 0x952E, 0x952D, 0x94AB, 0x9D2C, 0x8CAA, 0x8CCA,
    0x8D0A, 0x9D2C, 0xAD71, 0xA54F, 0x9D6D, 0x9D4B, 0xB5D2, 0xB610,
    0xADAF, 0xAD8E, 0xADCF, 0xADAF, 0xA54D, 0xBE11, 0xB5CF, 0xADAD,
    0xADCE, 0xB5EE, 0xADCE, 0xADCD, 0xADAD, 0xADCE, 0xC632, 0xAD4C,
    0xB5CC, 0xB5AE, 0xB5AE, 0xBDAF, 0xAD8C, 0xB58D, 0xB58C, 0xBDCE,
    0xC5EE, 0xCDEF, 0xBD6B, 0xBDAC, 0xC5AB, 0xBD4A, 0xBD4A, 0xBD6C,
    0xBD4B, 0xBD0A, 0xBCC7, 0xB447, 0xB427, 0xB467, 0x9B86, 0x9B06,
    0x9B66, 0x9303, 0x8283, 0x8B06, 0x8B03, 0x7200, 0x7260, 0x69E0,
    0x59C0, 0x5940, 0x3800, 0x5262, 0x5A42, 0x62A5, 0x5A40, 0x6A85,
    0x6B27, 0x6B27, 0x6B27, 0x6B27, 0x7347, 0x7B89, 0x7B88, 0x7369,
    0x7B89, 0x7BE8, 0x8407, 0x8C0A, 0x838B, 0x842B, 0x7BE8, 0x8C4B,
    0x83CA, 0x8BEB, 0x944C, 0x9D6F, 0x9DF0, 0x9CAC, 0xA4EE, 0x9D0B,
    0x94CB, 0x8469, 0x8468, 0x8C48, 0x8C8D, 0x94AB, 0x8CCA, 0x9D0B,
    0x948B, 0x952C, 0x952A, 0x9CEA, 0x9D0C, 0x94EA, 0xA56D, 0xAD8E,
    0xA54D, 0x9D4C, 0xA5AD, 0xBE52, 0xB60F, 0xADAE, 0xA54C, 0xA5AC,
    0xA5AC, 0xA58D, 0xB5CF, 0xAD8D, 0xA56C, 0xC611, 0xADCC, 0xAD6A,
    0xAD2D, 0xB5AB, 0xB54A, 0xB548, 0xC5AC, 0xBD8C, 0xC5AD, 0xC56B,
    0xC5AB, 0xC5AA, 0xBD8A, 0xC56C, 0xC58C, 0xBD8A, 0xC5AD, 0xC56D,
    0xBCC8, 0xBCC8, 0xABC8, 0xA3C6, 0xA3E6, 0x9B86, 0x9B05, 0x92E4,
    0x9B06, 0x8AA3, 0x7A02, 0x71E0, 0x8221, 0x7220, 0x79E1, 0x6220,
    0x5140, 0x4020, 0x5242, 0x52A4, 0x5B25, 0x6283, 0x6A65, 0x6AE6,
    0x6B06, 0x7347, 0x7368, 0x6B05, 0x62E4, 0x6B28, 0x7BA7, 0x7BA7,
    0x7BC9, 0x83EA, 0x7B28, 0x72C7, 0x840A, 0x8C6B, 0x8C2A, 0x8C6C,
    0x844B, 0x8CAD, 0x9CEF, 0x8BCB, 0x8C6C, 0x8CEC, 0x950E, 0x94CB,
    0x8CA7, 0x8447, 0x8CAA, 0x7C25, 0x7C86, 0x8427, 0x8448, 0x8C67,
    0x6C01, 0x7C25, 0x83E4, 0x8C67, 0x94C8, 0x8426, 0x9488, 0x94A8,
    0x9D4C, 0xA56C, 0x94E9, 0x94C8, 0xA52C, 0x9D4B, 0xADAF, 0x9D4C,
    0xA56C, 0xBDF0, 0xBE10, 0xBDEF, 0xB58E, 0xAD8D, 0xAD6D, 0xAD0C,
    0xA527, 0xB56B, 0xBDCD, 0xBD8C, 0xBD8C, 0xBD8C, 0xBD6C, 0xBD8D,
    0xBDAC, 0xC56B, 0xC56C, 0xC5AC, 0xBDAC, 0xBD4B, 0xB485, 0xB4C8,
    0xAC48, 0xA366, 0xA447, 0x9BA6, 0x9B87, 0x9B26, 0xA388, 0x9B26,
    0x92E5, 0x8AE6, 0x7A61, 0x8AA4, 0x7A61, 0x7201, 0x6A20, 0x5940,
    0x4000, 0x5260, 0x5A82, 0x6263, 0x6AE7, 0x7348, 0x6B47, 0x6B47,
    0x7345, 0x7366, 0x7349, 0x7BCA, 0x7BCA, 0x7BA8, 0x83AA, 0x7BA9,
    0x8C4B, 0x9510, 0x950C, 0x946B, 0x8BEB, 0x8C2B, 0x7C2A, 0x83CB,
    0x842C, 0x6BE9, 0x83CA, 0x8CCC, 0x94CB, 0x8C48, 0x8CC8, 0x8CEA,
    0x7C47, 0x8488, 0x84E8, 0x7445, 0x7383, 0x7C65, 0x954B, 0x9D4B,
    0xA58F, 0xA54E, 0xA52C, 0xA56E, 0xA58D, 0xA52C, 0x94A7, 0xA54B,
    0xB5B0, 0xC612, 0xD694, 0xB590, 0xADAF, 0xBDF1, 0xC653, 0xD6F5,
    0xBDF0, 0xBDAF, 0xC652, 0xBE10, 0xB5CF, 0xAD8C, 0xB5AE, 0xC5EF,
    0xBDAE, 0xB54C, 0xAD4C, 0xB56C, 0xBD8D, 0xB569, 0xAD67, 0xBDAC,
    0xCD8E, 0xACE5, 0xAD27, 0xB508, 0xBCEB, 0xAC26, 0x93E5, 0x9325,
    0x9BA5, 0xA467, 0x9BC6, 0xA3A6, 0x8261, 0x9306, 0x9324, 0x7A20,
    0x8AC3, 0x8AC3, 0x8221, 0x7A40, 0x7220, 0x7A20, 0x6A40, 0x4060,
    0x5261, 0x5A83, 0x5A62, 0x5AC3, 0x6AE4, 0x62E3, 0x7327, 0x7B27,
    0x7368, 0x7368, 0x83C7, 0x7B27, 0x7348, 0x83EB, 0x7BA9, 0x7C09,
    0x7BC7, 0x72E5, 0x83EA, 0x7C09, 0x73E8, 0x848B, 0x9D0E, 0x9DB1,
    0xA591, 0x9D90, 0x8CAB, 0x94CB, 0x950B, 0x8D0C, 0x8CCA, 0xA50C,
    0x950B, 0x94EC, 0x94CB, 0xADB2, 0x9D4D, 0x9D2B, 0xA56E, 0xA54F,
    0xADB0, 0xA58F, 0xA52E, 0x9D0D, 0xA5AE, 0xADCF, 0x9D6E, 0xAD6E,
    0xA54E, 0x9DAE, 0xAD8E, 0xA58E, 0xB5F0, 0xADCE, 0xB5EE, 0xC631,
    0xBE10, 0xBE10, 0xC60F, 0xB5AE, 0xA56C, 0xC630, 0xCE31, 0xB5AD,
    0xBDCE, 0xBDCE, 0xBDCD, 0xC5F0, 0xBDCB, 0xBDEA, 0xBD8A, 0xB56B,
    0xAD89, 0xC5AD, 0xBD4C, 0xB52C, 0xBD0C, 0xBCAA, 0xB44A, 0xAC87,
    0xB468, 0x9BA7, 0x92A6, 0x9B06, 0x9303, 0x8260, 0x8AC4, 0x8A62,
    0x7A40, 0x8262, 0x7A21, 0x7220, 0x61E0, 0x50C0, 0x4020, 0x59C0,
    0x6242, 0x62C3, 0x6283, 0x6265, 0x6B07, 0x7327, 0x7327, 0x7B87,
    0x7BA8, 0x7BA8, 0x7369, 0x83E8, 0x8CCB, 0x8CEC, 0x9CEF, 0x9C8E,
    0x846C, 0x950D, 0x8D0D, 0x8CED, 0x94AC, 0x846A, 0x7469, 0x846B,
    0x8469, 0x8C6A, 0x94EB, 0x8CAB, 0x942B, 0x8C49, 0x8CC9, 0x7D0A,
    0x7CC6, 0x7C85, 0x8CE9, 0x8CE8, 0x84E8, 0x8D2A, 0x9D8E, 0x9D8F,
    0xA5CF, 0xB5B0, 0xB5B0, 0xADEF, 0xB5F1, 0xAD8E, 0xADCF, 0xB5F1,
    0xA5CF, 0xC6B3, 0xCED5, 0xC652, 0xBE71, 0xC651, 0xBE31, 0xC691,
    0xBE51, 0xBE10, 0xBE30, 0xC650, 0xC631, 0xC671, 0xCE92, 0xBE4F,
    0xB60E, 0xB5AC, 0xB58C, 0xCDEF, 0xD5F1, 0xCDEF, 0xD64F, 0xCD8D,
    0xC5AE, 0xCE0F, 0xCE30, 0xCE10, 0xD5CF, 0xCDB1, 0xBD0C, 0xABE9,
    0xABA9, 0xAC47, 0xBC68, 0x8AC4, 0x79C0, 0x8A63, 0x8AC4, 0x8AC4,
    0x82A2, 0x79C0, 0x6A20, 0x59E0, 0x50E0, 0x3820, 0x52A4, 0x5AA3,
    0x6283, 0x62A5, 0x6AC4, 0x6B05, 0x6B06, 0x6B27, 0x7346, 0x7367,
    0x7BA7, 0x8429, 0x8C0B, 0x842B, 0x72E6, 0x83C9, 0x848B, 0x8469,
    0x8409, 0x8409, 0x8C4A, 0x8429, 0x8C49, 0x8C2A, 0x8C29, 0x94CE,
    0x9D0E, 0x8CCB, 0x8C6A, 0x94AB, 0x8508, 0x854B, 0x8CC9, 0x950C,
    0x952E, 0x952C, 0x8D4D, 0x9D71, 0xA54F, 0x956D, 0xA56F, 0xA56E,
    0x8D6D, 0x9DCF, 0xB5D1, 0xB5D1, 0xCE34, 0xC674, 0xC6B4, 0xCE74,
    0xBE12, 0xBE52, 0xCE93, 0xC694, 0xCEB5, 0xC692, 0xC6B3, 0xCEB3,
    0xCEB3, 0xD6B5, 0xD6F6, 0xD6B4, 0xCEB3, 0xD6D4, 0xCE71, 0xDED4,
    0xEF16, 0xDED5, 0xDE73, 0xE693, 0xDEF3, 0xDF35, 0xDE93, 0xDE92,
    0xE6F4, 0xE694, 0xD5F0, 0xC54C, 0xCD6E, 0xCD8E, 0xCDB1, 0xBCAE,
    0xAC06, 0xAC06, 0xB3CA, 0xABE9, 0x8B04, 0x8AC3, 0x82C4, 0x8261,
    0x8222, 0x7221, 0x59E0, 0x5940, 0x4020, 0x5A21, 0x5A63, 0x6284,
    0x5AC5, 0x62E6, 0x6B49, 0x73A8, 0x73C6, 0x7B69, 0x7BA9, 0x7BA9,
    0x8409, 0x8C09, 0x942B, 0x94AE, 0x8C6B, 0x7C49, 0x844A, 0x8C4A,
    0x8C6A, 0x8C8A, 0x8C4A, 0x8C4B, 0x8C8D, 0x8449, 0x7C89, 0x7BE6,
    0x8429, 0x8C89, 0x8D6B, 0x8D4A, 0x9CEB, 0x7C87, 0x8D6A, 0x84C7,
    0x954A, 0x8D0B, 0x8508, 0x954C, 0xA4EF, 0xA56F, 0xA5F0, 0xADF0,
    0xADD1, 0xB5B1, 0xADB0, 0xAE10, 0xC694, 0xC673, 0xD6D6, 0xEFBC,
    0xCEF5, 0xCED5, 0xC672, 0xC6B2, 0xD736, 0xCEB4, 0xD6F6, 0xD6F6,
    0xD6F5, 0xCED4, 0xD6B4, 0xDEF4, 0xDEF6, 0xDF15, 0xDED4, 0xCE30,
    0xDE93, 0xE6D4, 0xD6D3, 0xD671, 0xDE72, 0xCE30, 0xCE70, 0xD691,
    0xBD6B, 0xD60E, 0xC58D, 0xBD2C, 0xBD0C, 0xC58C, 0xBCEA, 0xBC4D,
    0x9B68, 0x92E5, 0x92C4, 0x9B65, 0x9BC5, 0x8261, 0x81E0, 0x7A61,
    0x79E1, 0x61A0, 0x61C0, 0x3900, 0x5A01, 0x5A82, 0x6263, 0x6AC5,
    0x6A85, 0x6AA5, 0x6AC5, 0x7326, 0x7307, 0x6B26, 0x7BA9, 0x83AB,
    0x8C0C, 0x7C6A, 0x84EA, 0x9D2D, 0x94AC, 0x8C6B, 0x8C8B, 0x8C2A,
    0x8C29, 0x8429, 0x7C6A, 0x8CEC, 0x84A9, 0x946A, 0x9CEE, 0x952D,
    0x8D2B, 0x952D, 0x94EA, 0x94CA, 0x94EB, 0x9D2B, 0x9D2D, 0x952D,
    0x9D4C, 0xA58E, 0xA5D1, 0x956D, 0x8D6C, 0xA5AF, 0xB632, 0xB5F1,
    0xB631, 0xC6F5, 0xC6B4, 0xCE95, 0xCED6, 0xBE72, 0xC693, 0xC673,
    0xD6F6, 0xD716, 0xCED5, 0xD716, 0xCED4, 0xD6F5, 0xD6F5, 0xD6F4,
    0xCEB3, 0xCEB3, 0xD6D4, 0xD6D4, 0xDF16, 0xDF36, 0xE736, 0xDED4,
    0xCE31, 0xCE50, 0xD630, 0xD671, 0xCEB1, 0xC5EE, 0xDE91, 0xCDCC,
    0xC58C, 0xC5AD, 0xBD2B, 0xBD2A, 0xB4E9, 0xBCC9, 0xB44A, 0xB44A,
    0xAC49, 0xA3E7, 0x9BC5, 0x93C3, 0x9324, 0x8B05, 0x7A00, 0x7240,
    0x6200, 0x6220, 0x40A0, 0x59C1, 0x5AA3, 0x5B04, 0x62E6, 0x5AC4,
    0x6B26, 0x62E6, 0x6345, 0x7328, 0x72E8, 0x7386, 0x6344, 0x5AA4,
    0x6B47, 0x7B07, 0x6AE8, 0x7BE8, 0x8BCA, 0x83C9, 0x8C6A, 0x8CAB,
    0x8D0C, 0x9D2E, 0x94CA, 0x8D0E, 0xB635, 0x9E50, 0x954D, 0xAD92,
    0xA5B2, 0xA571, 0xA571, 0xADB0, 0xA58E, 0xADAF, 0xA5EF, 0xBEB3,
    0xBE74, 0xBE73, 0xCED5, 0xD718, 0xD717, 0xBE93, 0xCEF6, 0xCED6,
    0xD6D6, 0xC674, 0xCED5, 0xCED5, 0xC694, 0xCED5, 0xCED5, 0xC6B4,
    0xC6B3, 0xCED5, 0xDF17, 0xCED4, 0xCED4, 0xCEF5, 0xD6D5, 0xE719,
    0xDF36, 0xBE91, 0xC651, 0xCE71, 0xC5EE, 0xC5EF, 0xCE51, 0xC5EF,
    0xBDEE, 0xBDCD, 0xB5CD, 0xCE0F, 0xDE2F, 0xD610, 0xD60F, 0xC56C,
    0xBD2D, 0xBD2B, 0xB508, 0xBCE9, 0xC4AF, 0xAC08, 0x9383, 0x92C4,
    0xA3C5, 0xA3C5, 0x8B04, 0x8A84, 0x8AE4, 0x7A21, 0x7A41, 0x6200,
    0x5940, 0x4020, 0x52E3, 0x5B05, 0x62E6, 0x6306, 0x6306, 0x6B26,
    0x7BA7, 0x7387, 0x7347, 0x7428, 0x83E7, 0x83A8, 0x8BEB, 0x844B,
    0x83EB, 0x8BCC, 0x8CEC, 0x94ED, 0x8CEA, 0x8488, 0x8C8B, 0x8C69,
    0x8C6A, 0x946C, 0x9490, 0xA572, 0x9D51, 0xB655, 0xAE31, 0xA5B0,
    0xB5B1, 0xA58F, 0xB671, 0xADEF, 0xCF36, 0xC715, 0xB673, 0xBE93,
    0xC693, 0xC674, 0xADEF, 0xADF0, 0xB612, 0xBE74, 0xBE73, 0xB653,
    0xB673, 0xC716, 0xCE94, 0xBE12, 0xB611, 0xBE11, 0xCE74, 0xC652,
    0xBE30, 0xC671, 0xBE30, 0xBE31, 0xC672, 0xC651, 0xB650, 0xBE10,
    0xC5B0, 0xC5F0, 0xC611, 0xC5F0, 0xB58E, 0xB58D, 0xBD6D, 0xCDAE,
    0xCDCF, 0xC5EE, 0xB4E9, 0xD5EE, 0xBD2B, 0xB4A8, 0xC58D, 0xC56C,
    0xBD2A, 0xC4EE, 0xB3EA, 0x8AA2, 0xA386, 0xCC8F, 0x9B45, 0x9364,
    0x9B45, 0x8AA3, 0x8242, 0x82A0, 0x7A40, 0x69E0, 0x6220, 0x5120,
    0x3820, 0x5A80, 0x5A62, 0x6224, 0x62A5, 0x7327, 0x7348, 0x6B08,
    0x734A, 0x83A8, 0x83EA, 0x83CC, 0x844D, 0x8CED, 0x8D2C, 0x9D2D,
    0x950C, 0x952C, 0x7487, 0x8C8B, 0x94AA, 0x94AB, 0x8C69, 0x83E8,
    0x940B, 0x84AB, 0x8488, 0x948A, 0x948E, 0x8409, 0x8CAC, 0x9D50,
    0x8CCC, 0xA54F, 0x950D, 0x8D2B, 0xA50D, 0x94CC, 0x950D, 0xA52F,
    0xADD1, 0xB632, 0xBE53, 0xBE73, 0xB632, 0xBE32, 0xCE95, 0xCE94,
    0xA54E, 0xB5B0, 0xB632, 0xB631, 0xB5F1, 0xB5CF, 0xB5CF, 0xB5AE,
    0xB56E, 0xADCF, 0xAD8E, 0xB56E, 0xAD4C, 0xAD2B, 0xB58E, 0xCE12,
    0xBD8F, 0xAD2D, 0xBE0F, 0xADAD, 0xB58D, 0xB52B, 0xACCA, 0xB54B,
    0xBDAE, 0xCDEE, 0xBD6C, 0xBD4B, 0xD630, 0xBCC8, 0xBCE7, 0xBCE9,
    0xABC7, 0x8A25, 0x9305, 0x8A82, 0x8240, 0x8280, 0x8AE2, 0x8AE3,
    0x8AC3, 0x8AC1, 0x82C0, 0x7A80, 0x7A20, 0x6200, 0x5140, 0x3840,
    0x59A0, 0x5A22, 0x5AA3, 0x62A4, 0x6AC6, 0x5AE3, 0x6B24, 0x7366,
    0x6346, 0x6B29, 0x7B86, 0x8429, 0x7C09, 0x8C6B, 0x8CCD, 0x84CA,
    0x9C4D, 0x9C8B, 0x94CC, 0x94CB, 0x94CB, 0x94CC, 0x94ED, 0x9D0C,
    0x94AB, 0x94AE, 0x952D, 0x950C, 0x9CEF, 0xA511, 0xA510, 0x9D51,
    0xA572, 0xA5B2, 0xA570, 0xADD3, 0xB636, 0xC6F9, 0xCF39, 0xBE13,
    0xB5B2, 0xB5B1, 0xADAF, 0xADD0, 0xA58F, 0xA56E, 0xADB0, 0xB5F1,
    0xB692, 0xA5CF, 0xB5B1, 0xAD6F, 0x9D0A, 0xA54D, 0xAD6F, 0xAD6D,
    0xA4C9, 0xA469, 0xA509, 0xA509, 0xB4CC, 0xACCB, 0x94C8, 0xAD0C,
    0xAD4D, 0xA5AB, 0xB58C, 0xB54E, 0xBD8E, 0xC62F, 0xCDEF, 0xBDAE,
    0xC5EE, 0xB54C, 0xB50B, 0xCE0E, 0xC50A, 0xBCC9, 0x8A64, 0x8226,
    0x92C6, 0x9B84, 0x9B46, 0x9B25, 0x9AE6, 0x9325, 0x8AC2, 0x9303,
    0x9363, 0x8B02, 0x72A1, 0x6240, 0x5980, 0x5900, 0x4040, 0x52C3,
    0x5B26, 0x5B05, 0x5AC5, 0x62C5, 0x7367, 0x7BAA, 0x7347, 0x73A6,
    0x7BA5, 0x6B84, 0x73EA, 0x73AB, 0x6C4A, 0x6C2C, 0x83C7, 0x7BA7,
    0x7C08, 0x8489, 0x9CAB, 0x8C8B, 0x8C69, 0x8C6B, 0x8C8C, 0x8CED,
    0x9DD1, 0x9D91, 0x9D11, 0x9CF0, 0xA550, 0xAE14, 0xA5F2, 0xA5B1,
    0xB653, 0xC6F7, 0xB6F6, 0xB653, 0xB5D1, 0xB5B1, 0xA550, 0xA54F,
    0xA590, 0xA550, 0x9CCD, 0x9D0D, 0x9D4E, 0x9D4E, 0xA56E, 0x9D4E,
    0xBD91, 0xB570, 0xAD4F, 0xC5B2, 0xB5D1, 0xA58D, 0xA54D, 0xAD4D,
    0xB58F, 0xAD4D, 0xB58F, 0xAD6E, 0xBE10, 0xC610, 0xBDF0, 0xADAD,
    0xB58E, 0xBD8F, 0xC5AE, 0xB58D, 0xBD8D, 0xCDCE, 0xBDAD, 0xC5AD,
    0xCD8D, 0xC52B, 0xC52B, 0xBCCA, 0xAC28, 0xAC45, 0xB4E6, 0xB467,
    0xABA7, 0x9B65, 0xAB67, 0x9303, 0x9B44, 0x9B24, 0x8AE1, 0x82E1,
    0x8AE3, 0x7AA0, 0x6A60, 0x61C0, 0x5140, 0x4020, 0x5A21, 0x5A21,
    0x6262, 0x62E5, 0x6B06, 0x6B26, 0x6B26, 0x6B46, 0x7BA8, 0x8C4D,
    0x840B, 0x746A, 0x848B, 0xA48C, 0x948B, 0x8CCC, 0x7D2C, 0x9D0E,
    0x8C6C, 0x948B, 0x8C6C, 0x94AE, 0x8CEE, 0x7CAC, 0x9CEE, 0x944C,
    0x8C0C, 0x9CAE, 0xA48D, 0x8CCD, 0x950E, 0xB591, 0xAD91, 0xAD72,
    0xA4EF, 0xAD30, 0xAD92, 0xA5B1, 0xB614, 0xBEB5, 0xB654, 0xB613,
    0xB613, 0xBE34, 0xBDF3, 0xBDF2, 0xADB0, 0xB5B1, 0xBDD1, 0xBE12,
    0xB5F2, 0xBE12, 0xA5CE, 0x9D6C, 0xBD8F, 0xAD8F, 0xADEF, 0xB5F0,
    0xB58E, 0xBDF0, 0xB5CF, 0xBDAF, 0xCE32, 0xADAD, 0xC5EF, 0xE673,
    0xCE30, 0xC5EF, 0xCE31, 0xCDAD, 0xB528, 0xCD8D, 0xC52C, 0xC56C,
    0xC56C, 0xC54C, 0xBD4C, 0xBD69, 0xC529, 0xBC67, 0xBCC8, 0xB469,
    0xABA5, 0xA3E6, 0x93C3, 0x9B24, 0x9B45, 0x9B44, 0x9B65, 0x8AE3,
    0x82A0, 0x82E1, 0x7A21, 0x6240, 0x3880, 0x5A42, 0x6285, 0x62C5,
    0x62A5, 0x6264, 0x6B06, 0x7B87, 0x7BE9, 0x7BEA, 0x7C29, 0x7329,
    0x8BEB, 0x94B0, 0x848F, 0x8CCC, 0x8C8D, 0x7C08, 0x8C49, 0x8CAA,
    0x94CA, 0x94CB, 0x8468, 0x8C68, 0x94AA, 0x944C, 0x93EC, 0x94EF,
    0x952E, 0x954D, 0xA5D0, 0xA56E, 0x9D2F, 0x950E, 0xA54F, 0xA590,
    0x9D90, 0xA570, 0xADF1, 0xAD91, 0xB5B2, 0xB5B1, 0xB5F2, 0xADD0,
    0xA56E, 0xA5AE, 0xB5F1, 0xBE13, 0xCE74, 0xC633, 0xBE53, 0xBE52,
    0xB692, 0xD696, 0xD674, 0xAE0F, 0xAE10, 0xBE31, 0xB5AE, 0xBE51,
    0xCE94, 0xBDF0, 0xB5CE, 0xBE30, 0xCE51, 0xD672, 0xC671, 0xD6D4,
    0xDED3, 0xD691, 0xD670, 0xD671, 0xDED3, 0xD62F, 0xCE0E, 0xCDCD,
    0xC5AC, 0xC5CC, 0xCD8B, 0xCD6E, 0xBCCC, 0xB48B, 0xB468, 0xBC6A,
    0xB42A, 0xAC48, 0xB488, 0xAC28, 0x9B47, 0x9B45, 0x9304, 0x8AC3,
    0x8281, 0x6200, 0x61A0, 0x3820, 0x5200, 0x5A62, 0x62A3, 0x62E6,
    0x62E5, 0x62C4, 0x7305, 0x7B26, 0x72A6, 0x7346, 0x7C4A, 0x84ED,
    0x8D0C, 0x9CEC, 0x9D2D, 0x9D4E, 0xB611, 0xADF2, 0x9CED, 0x7BE7,
    0x84AB, 0x9D72, 0xA510, 0x9D4D, 0x9DAE, 0x9E0F, 0x8D6E, 0xA572,
    0x9D51, 0x94EE, 0x94AE, 0x946C, 0x8CAA, 0x8D0C, 0x9D0D, 0x94EC,
    0xAD8F, 0xB5B1, 0xADD0, 0xAE11, 0xA5EF, 0xAE30, 0xB673, 0xBE73,
    0xC6F5, 0xCED6, 0xC634, 0xCE95, 0xC6B5, 0xC6B4, 0xD6B5, 0xC613,
    0xB611, 0xB650, 0xCE94, 0xCE53, 0xC6B3, 0xC6D3, 0xB610, 0xC671,
    0xD6B4, 0xDF15, 0xCEB3, 0xD6D3, 0xD6D3, 0xD6D4, 0xD6D3, 0xDED3,
    0xD6D3, 0xDEF5, 0xE737, 0xDED2, 0xDEF3, 0xDEF3, 0xDEB1, 0xD62F,
    0xD62E, 0xCDEE, 0xCE0F, 0xCE0E, 0xCDAE, 0xC58E, 0xB4EC, 0xB4AA,
    0xB4A9, 0xB469, 0xAC28, 0xAC07, 0x9B86, 0x9324, 0x82E3, 0x7A80,
    0x6A40, 0x5980, 0x4000, 0x5261, 0x5A82, 0x5A84, 0x62C5, 0x7347,
    0x7388, 0x7389, 0x6B88, 0x7C6B, 0x844D, 0x8429, 0x73A7, 0x7C2B,
    0x748D, 0x6C4E, 0x844D, 0x7C0A, 0x7C2A, 0x8C69, 0x950B, 0x9D0D,
    0x948B, 0x94CB, 0x95F1, 0x8D72, 0xA5D5, 0xBDF6, 0xBD92, 0xA5B1,
    0xADB1, 0xADF0, 0xBE74, 0xC656, 0xBE15, 0xD6B6, 0xCE54, 0xD6D6,
    0xCEB5, 0xA64F, 0xA630, 0xBE53, 0xC633, 0xB5EF, 0xBE51, 0xCE75,
    0xCE75, 0xCED5, 0xD716, 0xD717, 0xD6F8, 0xD6F8, 0xE77A, 0xE738,
    0xD674, 0xDED7, 0xD737, 0xD716, 0xDEF6, 0xE718, 0xDF37, 0xDF36,
    0xDEF6, 0xDF37, 0xD6F4, 0xD6D3, 0xD6D3, 0xD6B2, 0xDEF4, 0xD6B2,
    0xDED3, 0xD690, 0xD690, 0xDEF3, 0xD691, 0xDEB1, 0xDEB2, 0xDE71,
    0xD670, 0xD650, 0xCDCF, 0xC56D, 0xC58E, 0xC56E, 0xBD0D, 0xB4CC,
    0xB489, 0xAC68, 0xA3E6, 0xA385, 0x9325, 0x8282, 0x8240, 0x69E0,
    0x5980, 0x4020, 0x5240, 0x5281, 0x5AA4, 0x5A83, 0x5A41, 0x62E4,
    0x73EA, 0x63C8, 0x7B89, 0x840B, 0x7CCF, 0x7D13, 0x8D32, 0x8C8E,
    0x84CB, 0x8CAA, 0x8CCB, 0x94EA, 0x94CB, 0x9CCB, 0x9409, 0x8C4A,
    0x848A, 0x846A, 0x93E7, 0x940B, 0x846B, 0x7C29, 0xADD2, 0x9D0D,
    0xA550, 0xA572, 0xB5F0, 0xC693, 0xB653, 0xBED4, 0xA690, 0xB6B1,
    0xD6D6, 0xD676, 0xCE94, 0xC6D5, 0xB653, 0xC674, 0xC613, 0xBE51,
    0xCEF6, 0xC6B6, 0xCE54, 0xDEF8, 0xDEF9, 0xCED6, 0xCEF6, 0xCF57,
    0xDF99, 0xD717, 0xD716, 0xD716, 0xD6F5, 0xD716, 0xD6F6, 0xDED6,
    0xDF37, 0xD6F5, 0xD6F4, 0xDEF4, 0xD6B3, 0xDEF4, 0xE6F5, 0xE715,
    0xEF36, 0xEEF6, 0xE6F5, 0xE6D2, 0xDE91, 0xDE93, 0xE695, 0xDE73,
    0xDE31, 0xD5CE, 0xCD6D, 0xBD0D, 0xB48B, 0xB4CB, 0xB48A, 0xAC08,
    0xB3E8, 0xABA8, 0x9B65, 0x8B02, 0x8221, 0x7200, 0x4A00, 0x5980,
    0x4000, 0x5241, 0x5A61, 0x5A61, 0x5A21, 0x6223, 0x6204, 0x6962,
    0x7102, 0x71E4, 0x6B47, 0x8389, 0x8BE8, 0x8C08, 0x83E7, 0x8C49,
    0x8CAB, 0x848B, 0x8C6A, 0x8C6A, 0x8CCB, 0x954D, 0x954C, 0x94ED,
    0x9D2E, 0x948C, 0x83C9, 0x8CCB, 0x7C08, 0x944A, 0x94AC, 0x9D0A,
    0x9D2C, 0x9D6D, 0xADB1, 0xA58F, 0x9D2C, 0xA56F, 0xB5D1, 0xC5D1,
    0xA5D0, 0x9D6E, 0xADD1, 0xC615, 0xC675, 0xBE73, 0xD6B7, 0xDED9,
    0xDEF9, 0xE75A, 0xD6F7, 0xE759, 0xDF16, 0xDF58, 0xE718, 0xEF7A,
    0xD737, 0xD716, 0xDF38, 0xDF39, 0xE739, 0xDF17, 0xE737, 0xDEB5,
    0xDE94, 0xE6D5, 0xEEF6, 0xE6F5, 0xE6D4, 0xE6D3, 0xDE92, 0xE6B3,
    0xDE52, 0xDE2F, 0xDE71, 0xE672, 0xDE10, 0xD610, 0xD5CE, 0xD5EE,
    0xCDAD, 0xBCAA, 0xBCAD, 0xBC4B, 0xB3C8, 0xB3C8, 0xABC7, 0x92E3,
    0x92C5, 0x8263, 0x7A80, 0x8240, 0x6A00, 0x59C0, 0x5100, 0x3800,
    0x5A61, 0x6282, 0x62A3, 0x62C4, 0x6B65, 0x7325, 0x6AE5, 0x73AB,
    0x73EA, 0x73C9, 0x83E9, 0x73A5, 0x8448, 0x94EB, 0x9D2D, 0x94CC,
    0x8C6A, 0x94CB, 0x950D, 0x7406, 0x7345, 0x7388, 0x7367, 0x846C,
    0x84AE, 0x8CCD, 0xA571, 0xA592, 0x94CA, 0x94AB, 0x9508, 0x9528,
    0x84A9, 0x94CB, 0x9D2E, 0xAD30, 0xAD70, 0x8D0B, 0x952C, 0xAE12,
    0xAD8E, 0xA54D, 0x9DAA, 0xA5EE, 0x954D, 0x9D4D, 0xBE32, 0xBE12,
    0xB570, 0xBDB2, 0xCE94, 0xC673, 0xCE53, 0xCE94, 0xC6D5, 0xD6D5,
    0xD6D5, 0xCEF4, 0xCEF3, 0xD6D5, 0xCEB3, 0xCE53, 0xDEB5, 0xE6D5,
    0xDE93, 0xD652, 0xD672, 0xDE32, 0xDE32, 0xDE31, 0xDE50, 0xD631,
    0xD5AF, 0xD58F, 0xCD6D, 0xD5CE, 0xD5EE, 0xCD4B, 0xCDAC, 0xC4CB,
    0xBBE7, 0xB3A6, 0xAB86, 0xAB86, 0xA324, 0x9B26, 0x92E5, 0x8AE4,
    0x8221, 0x81E1, 0x7221, 0x61E0, 0x6180, 0x5060, 0x4000, 0x5A60,
    0x5A81, 0x6282, 0x62C5, 0x62E6, 0x6B28, 0x73E8, 0x6BA8, 0x84AA,
    0x84EC, 0x8D2D, 0x9530, 0x9D31, 0x8C2B, 0x83CA, 0x8CA9, 0x8CA9,
    0x8CA9, 0x8407, 0x9C8B, 0x8C0A, 0x8CAD, 0x94EC, 0x9CAB, 0x9C6A,
    0x9CCD, 0x948C, 0x8CAB, 0x9DAE, 0x95AF, 0x94EF, 0xB553, 0xB550,
    0xB5B1, 0x9D4C, 0x8D09, 0x8D6C, 0x9D6E, 0xA58D, 0x8D06, 0x9D6A,
    0x8DAC, 0x7505, 0x9CEB, 0xAD8F, 0xB610, 0xB5F2, 0xC675, 0xC633,
    0xBE31, 0xBE52, 0xBE32, 0xBE31, 0xCE93, 0xC5D1, 0xBDAF, 0xCE73,
    0xD675, 0xC5D2, 0xC5B1, 0xD654, 0xCE32, 0xC650, 0xCE52, 0xD632,
    0xC5D0, 0xCDF0, 0xDE93, 0xD652, 0xC58D, 0xCD6E, 0xC5AE, 0xC58E,
    0xBDAD, 0xB54B, 0xC56D, 0xCD6C, 0xC4A8, 0xC425, 0xBBA7, 0xB386,
    0xBBC6, 0xB3A7, 0xB3A6, 0xA305, 0x9AC5, 0x9304, 0x8AA3, 0x92E5,
    0x82A2, 0x7A60, 0x69E0, 0x59C0, 0x5100, 0x4000, 0x5A61, 0x5A82,
    0x62A3, 0x62C5, 0x6B25, 0x6B64, 0x7368, 0x73EA, 0x83CB, 0x838C,
    0x83CC, 0x8B6B, 0x8C6D, 0x850B, 0x950B, 0xA50F, 0xA511, 0xA571,
    0x9D70, 0x9DAE, 0xAD8E, 0xB54E, 0xA4CB, 0x8D0C, 0x746B, 0x84CC,
    0x8D4E, 0x9D2E, 0x93E9, 0x9C2B, 0x9CCC, 0x7468, 0x7466, 0x63E4,
    0x8488, 0xA550, 0x9CCA, 0xA50C, 0x9D2E, 0x9D0C, 0xC5F5, 0xBDD4,
    0xB5D3, 0xC634, 0xD717, 0xCEB6, 0xC5F2, 0xB5B0, 0xC654, 0xBE74,
    0xBDB1, 0xC5F2, 0xCE52, 0xC611, 0xC693, 0xBE50, 0xB5AF, 0xBDB0,
    0xC610, 0xBE30, 0xBE71, 0xC692, 0xC5B0, 0xC58F, 0xC5CE, 0xCE11,
    0xC5AF, 0xC58F, 0xACCB, 0xC5AE, 0xBDAE, 0xB5AE, 0xCD6E, 0xCDAE,
    0xC52C, 0xC50C, 0xBD0A, 0xB4CA, 0xB447, 0xB427, 0xABA7, 0xAB86,
    0xAB66, 0xAB45, 0x9AE5, 0x9AE4, 0x92E4, 0x8AA3, 0x92E5, 0x7A61,
    0x7A20, 0x7A20, 0x6200, 0x5100, 0x4000, 0x5A61, 0x6282, 0x62C3,
    0x6B46, 0x6306, 0x73C8, 0x7C0A, 0x7387, 0x840C, 0x7C48, 0x850B,
    0x8D8D, 0x958E, 0x9D2E, 0xA52F, 0x8CEB, 0x8D08, 0x94C6, 0x9425,
    0x93C6, 0x8488, 0x7488, 0x6C47, 0x94CA, 0x9CAB, 0x9C6B, 0x944B,
    0x848B, 0x848C, 0x8D2C, 0x950D, 0x8CAB, 0xA52E, 0xB5B0, 0xB5B0,
    0xB5D1, 0x9D4D, 0x9D8E, 0xADD0, 0xAE10, 0xB62F, 0xA5CE, 0xAE10,
    0xADD0, 0xA58E, 0xA54F, 0xADB0, 0xADB0, 0xADAF, 0xADAF, 0xBDB1,
    0xADD0, 0xB611, 0xADCF, 0xAD6E, 0xB570, 0xAD4E, 0xADAE, 0xAD8D,
    0xBD90, 0xCD90, 0xABE7, 0xACA9, 0xAD6C, 0x9CA9, 0xACCA, 0xAD2A,
    0xBDAE, 0xC630, 0xC631, 0xB54C, 0xBD4D, 0xBD8E, 0xC54E, 0xBCCB,
    0xB4EA, 0xBCEB, 0xB468, 0xA406, 0xA3E5, 0xABC7, 0xA386, 0x92A4,
    0xA327, 0x9B25, 0x9303, 0x92E4, 0x8AC3, 0x7A82, 0x7A81, 0x71E0,
    0x7220, 0x6A00, 0x50E0, 0x4020, 0x5A81, 0x5A41, 0x5A00, 0x6242,
    0x6A87, 0x6306, 0x7C4B, 0x7C4A, 0x9611, 0xA5F1, 0xA4CF, 0xA50F,
    0x9CEF, 0x94EB, 0x8CEA, 0x9D0A, 0xA54E, 0x94CE, 0xA633, 0x95CF,
    0x8D0A, 0xAD6F, 0xAD91, 0x9C8D, 0x948C, 0x8CEF, 0x8D0F, 0x9570,
    0x950D, 0xA4CD, 0xA4CE, 0xAD30, 0x9D2D, 0x9D2D, 0x950A, 0x952B,
    0x9D2D, 0xA54D, 0x9D2B, 0x952A, 0x9D2C, 0x9D0C, 0xAD8F, 0xA56E,
    0x94CA, 0xA56D, 0x9D4D, 0xA52D, 0xA50D, 0xA4CC, 0xA4CD, 0x9D0B,
    0xA50C, 0xA50D, 0xACEB, 0xA52A, 0xA54A, 0xB58C, 0xAD2A, 0x9C66,
    0x9486, 0x9CE8, 0xA54B, 0xACEB, 0xBD2E, 0xB52D, 0xC611, 0xA52C,
    0xACCB, 0xB50C, 0xC56F, 0xC54F, 0xB4A9, 0xB447, 0xBCEC, 0xB489,
    0xBC89, 0xB4A9, 0xAC48, 0xABC7, 0x9B67, 0x9BA7, 0x93A5, 0x9366,
    0x92A5, 0x92E5, 0x8AE4, 0x8AA3, 0x8263, 0x8A83, 0x79E0, 0x7220,
    0x6260, 0x59A0, 0x4000, 0x5242, 0x5A63, 0x62E6, 0x5B06, 0x7C2A,
    0x73C8, 0x7369, 0x7327, 0x7ACA, 0x832C, 0x844C, 0x84AD, 0x950C,
    0x952C, 0x8CEC, 0x8CEE, 0x950E, 0x952B, 0xA54C, 0xA4EE, 0x9D10,
    0x9D0D, 0x9D2D, 0x9590, 0xA613, 0x95B1, 0x9D0D, 0xAD70, 0x94CC,
    0x94CB, 0x8CAB, 0x8C69, 0x8C29, 0x940B, 0x948A, 0x9CAA, 0x8C48,
    0x8C88, 0x948A, 0x946B, 0x944B, 0x9C6A, 0x9449, 0x946A, 0x946B,
    0x9CCC, 0x948B, 0x9429, 0x9409, 0x946A, 0x9C6A, 0x9C08, 0xA46A,
    0xA4AA, 0x9CAA, 0xA4AB, 0xA4CC, 0x8B86, 0x8B85, 0xACCC, 0x9CCA,
    0xACCB, 0xBD0E, 0xB4EC, 0xB52D, 0xB4ED, 0xD633, 0xE6B3, 0xBD6C,
    0xB58A, 0xB529, 0xB52B, 0xC54D, 0xAC88, 0xB52A, 0xB4CB, 0xB4CA,
    0xB42A, 0xAB48, 0xA427, 0xACC9, 0x9BA6, 0xA3A7, 0xA387, 0x9324,
    0x9325, 0x8AA3, 0x9285, 0x8262, 0x7A21, 0x6220, 0x6A00, 0x5960,
    0x50E0, 0x3820, 0x5220, 0x5260, 0x5AE0, 0x62C1, 0x6281, 0x6283,
    0x6AE4, 0x72E4, 0x83EB, 0x7408, 0x7C8A, 0x8CAC, 0x7427, 0x8CAB,
    0x9CEB, 0x9488, 0x94EB, 0x944C, 0x8449, 0x8D0B, 0x94EC, 0x94AC,
    0x9CCE, 0x9D50, 0x9D50, 0x94AB, 0x8CAB, 0x94CE, 0x948A, 0x94CB,
    0x94AB, 0x8C8A, 0x94AB, 0x94CA, 0x948A, 0x946A, 0x94AB, 0x94AC,
    0x9449, 0x94AA, 0x8C89, 0x8447, 0x7BE8, 0x844A, 0x7BC7, 0x7B86,
    0x8C2A, 0x9429, 0x9409, 0x8C28, 0xA4ED, 0xA54F, 0x9489, 0xA50C,
    0x9C8A, 0x9C28, 0xA4A9, 0xB5F0, 0xC671, 0xAD6D, 0xAD6F, 0xB54E,
    0xB52D, 0xBD8E, 0xB52C, 0xB50C, 0xB4CB, 0xB50A, 0xAD0B, 0xB4EC,
    0xBCAC, 0xAC47, 0xC58F, 0xB52B, 0xAC26, 0xB3C8, 0xB3E9, 0xA346,
    0x93A4, 0xAC08, 0xB3E9, 0x9B25, 0xA3C7, 0xABE9, 0x9365, 0x9B47,
    0x8A84, 0x82C4, 0x8A84, 0x8281, 0x72A0, 0x6A00, 0x5200, 0x48E0,
    0x3820, 0x5220, 0x5220, 0x5220, 0x5AA1, 0x62E5, 0x6325, 0x6387,
    0x6BA7, 0x846A, 0xA52D, 0x9C6E, 0x9D0F, 0xA571, 0x8CEB, 0x8CCC,
    0x94CD, 0x8D2C, 0x8CAA, 0x9CEE, 0x9D30, 0x9551, 0x9592, 0x9D51,
    0x9DB1, 0x9DD0, 0x9D91, 0x9D71, 0x954F, 0x950C, 0x950C, 0x950B,
    0x84A9, 0x946C, 0x8C4A, 0x94AB, 0x94A9, 0x8447, 0x9CCA, 0x8407,
    0x8489, 0x8C69, 0x94AB, 0x94AC, 0xA4EE, 0xB5B1, 0xB5B0, 0xA52D,
    0xAD90, 0xBE12, 0x9D0C, 0x9CEB, 0xA50C, 0xA4C9, 0xA52C, 0xA54C,
    0xB5AF, 0xB5AF, 0xAD2B, 0xC58F, 0xAD2D, 0xAD2C, 0xBD6E, 0xB54D,
    0xAD0C, 0xB50D, 0xB52B, 0xACA9, 0xAC09, 0xAC69, 0xA449, 0xACCA,
    0xACA8, 0xB4A8, 0xBCCA, 0xB448, 0xAC26, 0xAC67, 0xB4AA, 0xAC6A,
    0xB3A7, 0xABE7, 0xAC49, 0xA3A7, 0xA389, 0x92E6, 0x9367, 0x9385,
    0x8AE4, 0x8A42, 0x7A02, 0x79E2, 0x7220, 0x6A20, 0x50C0, 0x4000,
    0x51E0, 0x51E0, 0x5240, 0x5A41, 0x5A64, 0x6AC4, 0x83CA, 0x7BCA,
    0x7C0C, 0x840E, 0x7C0C, 0x7C8B, 0x7C4B, 0x8C6B, 0x852D, 0x8489,
    0x84CC, 0x9D0E, 0xA510, 0x94CE, 0x9CEF, 0x9CAD, 0x94EE, 0x9550,
    0x8CAD, 0x8D0E, 0x9D2C, 0x8D08, 0x9D2C, 0x9CEC, 0x9CED, 0x9D0C,
    0x9CEA, 0x94EA, 0x9D4D, 0x94EC, 0x950D, 0x9D2E, 0xA4CE, 0xAD91,
    0xB5B3, 0xAE53, 0xADF1, 0xAD90, 0xA52E, 0xAD6F, 0xA5D0, 0xA56E,
    0xA56E, 0xA56E, 0xA52C, 0xB56E, 0xAD6E, 0xAD4E, 0xAD6D, 0xAD4B,
    0xBDCF, 0xB50D, 0xAD2D, 0xC5F0, 0xB56D, 0xAD6D, 0xBDAE, 0xB58D,
    0xBDEC, 0xB50A, 0xB4EB, 0xB4AB, 0xACA8, 0xB4C9, 0xA466, 0xB50A,
    0xBD4B, 0xBCE9, 0xBC69, 0xBCCD, 0xBCAA, 0xBC8B, 0xBCCC, 0xAC28,
    0xABC8, 0xAC09, 0x8B63, 0x9384, 0x9B46, 0x9B26, 0x92E6, 0x8A25,
    0x7A02, 0x7222, 0x7242, 0x6A00, 0x61C0, 0x59A0, 0x3860, 0x5220,
    0x5A41, 0x5A82, 0x6263, 0x5AA5, 0x52A5, 0x6AE7, 0x7B0C, 0x6C0B,
    0x74CC, 0x7CCD, 0x850E, 0x7C89, 0xA48F, 0xA52E, 0xA4ED, 0x9CEC,
    0x8488, 0x848A, 0x954F, 0x954F, 0x95D2, 0xA634, 0x9DB1, 0xAE12,
    0xAE52, 0xADB2, 0xAD52, 0xBD73, 0xA56F, 0xB611, 0xAED2, 0x9E10,
    0xA591, 0xADB0, 0xA50E, 0xA570, 0x9D6E, 0xAE50, 0xA610, 0xA570,
    0xB572, 0xBD72, 0xC635, 0xBEB5, 0xB5F2, 0xB591, 0xB5D0, 0xB5F0,
    0xBDB1, 0xB5B1, 0xBE12, 0xB5D1, 0xAD2E, 0xB52E, 0xB5AF, 0xBE0F,
    0xB60F, 0xA60D, 0xA5CD, 0xBD8E, 0xCDB0, 0xB56B, 0x9485, 0xB4CC,
    0xAC6C, 0xB4CC, 0xBCCC, 0xB4AF, 0xD5D1, 0xDE10, 0xCDAE, 0xC52D,
    0xB50A, 0xBD0B, 0xC56D, 0xB44A, 0xB40B, 0xB40A, 0xB429, 0xB449,
    0xAC28, 0x9B66, 0x9B68, 0x92E5, 0x8AC4, 0x8243, 0x7A41, 0x82C3,
    0x7280, 0x7221, 0x69C0, 0x51E0, 0x5900, 0x4020, 0x4A00, 0x4A20,
    0x5220, 0x5240, 0x5AC3, 0x6B05, 0x5AE3, 0x63A6, 0x6B48, 0x7BEA,
    0x8C2C, 0x8BCB, 0x7BC8, 0x7C28, 0x7C4A, 0x8CAC, 0x8C4B, 0x9530,
    0x8D0D, 0x94EC, 0x942D, 0x836A, 0x8C2B, 0x9CF0, 0xA4F1, 0x9CF0,
    0x9D51, 0x8D0E, 0x8D4C, 0x9E30, 0x9D4E, 0x9D0E, 0xA52E, 0xA58E,
    0xA5B0, 0xAD6F, 0xBE34, 0xA551, 0xBDF4, 0xB592, 0xAD90, 0xB5D0,
    0xB5D2, 0xAD4F, 0xBDF2, 0xADB2, 0xB5F2, 0xBE54, 0xC655, 0xC654,
    0xC614, 0xCE36, 0xC614, 0xD6F5, 0xCEB5, 0xCEB5, 0xDF17, 0xDEB8,
    0xDE15, 0xCE33, 0xD693, 0xB5CC, 0xBDF0, 0xDE73, 0xD5D1, 0xCDD1,
    0xD6D5, 0xE6F3, 0xCE4B, 0xB54B, 0xB4EA, 0xB50A, 0xBD2D, 0xB4AA,
    0xB44D, 0xB44C, 0xBC8C, 0xBD2E, 0xBD0C, 0xBCCC, 0xB4AC, 0xB448,
    0xABA7, 0xABA8, 0x9B27, 0x92E6, 0x9305, 0x82E4, 0x82A4, 0x8222,
    0x71A0, 0x69E0, 0x5120, 0x5060, 0x3840, 0x5260, 0x62A2, 0x6AC6,
    0x5B47, 0x6B47, 0x62E6, 0x6B68, 0x730B, 0x732B, 0x7C0A, 0x73E9,
    0x7C6C, 0x846E, 0xAE36, 0x84CD, 0x9590, 0x9DB1, 0x8CCD, 0x9CB0,
    0x8C4F, 0xA5B2, 0xBE77, 0xA5B3, 0x9530, 0x848D, 0x8CCD, 0x8CED,
    0x9D6F, 0x9C6A, 0x9CCC, 0x94AA, 0x9D0C, 0x9D91, 0x9CEF, 0xAD92,
    0xA591, 0xADF1, 0xA56D, 0xB573, 0xB5F2, 0xBE95, 0xADF2, 0xBE54,
    0xA5D2, 0xADF3, 0xB571, 0xCE15, 0xCE14, 0xC5F5, 0xBDF4, 0xBE13,
    0xD758, 0xCF36, 0xC6B5, 0xCE75, 0xD6B6, 0xD695, 0xD694, 0xD633,
    0xDEB6, 0xE6F7, 0xDEF8, 0xDED7, 0xDF17, 0xD6D5, 0xD672, 0xCE11,
    0xB488, 0xB489, 0xC54F, 0xB4C8, 0xBC88, 0xBC8E, 0xB46D, 0xB46D,
    0xB4AD, 0xBCEE, 0xCD6F, 0xC50D, 0xC52E, 0xB4AC, 0xB46C, 0xB46A,
    0xB469, 0xAC29, 0xA3A8, 0x9B66, 0x9327, 0x8AA5, 0x8283, 0x7A20,
    0x6200, 0x4900, 0x4880, 0x3820, 0x5240, 0x5240, 0x5261, 0x5A62,
    0x62A5, 0x6B28, 0x73A8, 0x7C8B, 0x848C, 0x7C4C, 0x848C, 0x9550,
    0x848C, 0x8C2D, 0x944C, 0x946E, 0x9C90, 0x9CEF, 0xA5B1, 0xA572,
    0x850D, 0x7D0E, 0x9DB2, 0xA634, 0xAE97, 0xADD3, 0xAD72, 0xAE96,
    0xA674, 0xAE77, 0xB677, 0xC737, 0xAE92, 0xA5D0, 0xADF1, 0xAD70,
    0xAD31, 0xA570, 0xAD92, 0xAD71, 0xA4CF, 0xB531, 0xBD93, 0xC5D4,
    0xBE55, 0xBE75, 0xBED6, 0xB695, 0xC6F6, 0xD798, 0xC715, 0xBDB0,
    0xB4AF, 0xCE14, 0xCE54, 0xC614, 0xD696, 0xDF39, 0xE77C, 0xE73B,
    0xDEB7, 0xDEF7, 0xDF18, 0xCD71, 0xCDB0, 0xC56F, 0xCD6F, 0xBD4D,
    0xBD8F, 0xD5B2, 0xCD31, 0xCDD3, 0xBD8E, 0xCD90, 0xCD50, 0xCD0F,
    0xBCCC, 0xCD6F, 0xBD6D, 0xBCED, 0xBCCC, 0xBCED, 0xBCCE, 0xB42C,
    0xAC09, 0xA3A7, 0x9B67, 0x9B67, 0x9325, 0x82C4, 0x82A3, 0x7220,
    0x59E0, 0x50C0, 0x38E0, 0x4A20, 0x5240, 0x5A82, 0x5AC4, 0x5B05,
    0x6345, 0x5AC6, 0x6B08, 0x7349, 0x6B4A, 0x73AB, 0x7B4A, 0x83CA,
    0x7BEB, 0x8CEF, 0x744B, 0x73EA, 0x8C6D, 0x742A, 0x8CAD, 0x8CD1,
    0x8430, 0x9531, 0x744C, 0x94EF, 0xA634, 0xAE15, 0xAD93, 0xA551,
    0xA52F, 0x9CCE, 0x94CE, 0xA550, 0xAD93, 0xB614, 0xAE14, 0xAE13,
    0xC6D8, 0xB613, 0xB6B6, 0xC718, 0xCF38, 0xBF16, 0xBEF6, 0xCF16,
    0xBED4, 0xB674, 0xC675, 0xC5D3, 0xC573, 0xDDD6, 0xCDF4, 0xD6B8,
    0xD718, 0xCE54, 0xD6B6, 0xD6B7, 0xD6B5, 0xE738, 0xE738, 0xDEF7,
    0xE6B6, 0xE6D6, 0xDEB7, 0xE6D8, 0xDE55, 0xCDF3, 0xC591, 0xCDF1,
    0xC5CF, 0xC5EE, 0xCDD0, 0xC52F, 0xCD51, 0xC56E, 0xBDCE, 0xBD8D,
    0xBD4D, 0xCDAF, 0xCDAE, 0xC54D, 0xBCCC, 0xB44B, 0xB429, 0xAC09,
    0xA3A8, 0x9326, 0x8AC5, 0x9306, 0x8AC5, 0x8263, 0x6980, 0x59E0,
    0x40A0, 0x3060, 0x4A00, 0x5220, 0x4A40, 0x4242, 0x4263, 0x4AA5,
    0x4AE5, 0x5305, 0x6348, 0x6B26, 0x7347, 0x73E9, 0x7C0B, 0x8C4C,
    0x8C4D, 0x8C4D, 0x948B, 0x9CAD, 0x9D31, 0x94EF, 0xADD0, 0xA50E,
    0xA5B4, 0xA635, 0xAE55, 0x8DF3, 0x95B1, 0xADF3, 0x9DB1, 0x9DD1,
    0x9DB0, 0x9DF2, 0xAE93, 0xA5B0, 0x9D92, 0xADD4, 0xADF3, 0xB6B6,
    0xAF17, 0xB6B6, 0xADB2, 0xAE54, 0xBE15, 0xB5F4, 0xB592, 0xC5D4,
    0xD5D4, 0xC532, 0xC572, 0xCE33, 0xC694, 0xCEF5, 0xC653, 0xCE13,
    0xC613, 0xDED6, 0xCE96, 0xD6B5, 0xD635, 0xE676, 0xFF9D, 0xE6D8,
    0xD654, 0xE738, 0xD653, 0xCDF1, 0xDE95, 0xDE32, 0xDE33, 0xC52F,
    0xBCEE, 0xD5F1, 0xE674, 0xCDF1, 0xBD8F, 0xD613, 0xC50F, 0xBCAD,
    0xC4ED, 0xBCCD, 0xBC6D, 0xBC6D, 0xB48C, 0xB429, 0xABE9, 0x9B46,
    0x9306, 0x8AA6, 0x8284, 0x7A43, 0x7A41, 0x6A40, 0x59E0, 0x40A0,
    0x3040, 0x41C0, 0x5220, 0x4A40, 0x5A60, 0x5A81, 0x62A5, 0x6284,
    0x62E4, 0x6B47, 0x7368, 0x73A9, 0x742A, 0x742A, 0x746B, 0x8CAC,
    0x8CEC, 0x744A, 0x738A, 0x838A, 0x7B27, 0x7B2A, 0x6AC8, 0x7327,
    0x72C3, 0x7325, 0x62C0, 0x7386, 0x6364, 0x6B04, 0x9C6E, 0x940C,
    0x8BEB, 0x842A, 0x7C2B, 0x8CAD, 0x7429, 0x746A, 0x8CED, 0x8BA9,
    0xACAD, 0xACCE, 0xA4EE, 0xA4CD, 0xB570, 0xB5B1, 0xAD50, 0xADD1,
    0xA5B0, 0xC694, 0xB5D2, 0xBD72, 0xCDD4, 0xBDF4, 0xC614, 0xCE34,
    0xC613, 0xBDD1, 0xD655, 0xC571, 0xBD70, 0xBE11, 0xBE31, 0xB5AE,
    0xCE33, 0xD675, 0xD675, 0xCE74, 0xCE74, 0xCEB6, 0xCE74, 0xE6F8,
    0xCDF2, 0xCDD1, 0xD5B1, 0xCD50, 0xC4CF, 0xBC8C, 0xB48C, 0xB48B,
    0xB4AC, 0xB4AD, 0xA448, 0xA408, 0xA369, 0xA349, 0x8AE4, 0x8A63,
    0x8A64, 0x7A40, 0x79E0, 0x79E0, 0x69E0, 0x5940, 0x5080, 0x38E0,
    0x5200, 0x5A20, 0x5200, 0x5AA4, 0x62E6, 0x5AE4, 0x5B26, 0x7389,
    0x7388, 0x7389, 0x7B69, 0x7B89, 0x83AA, 0x844D, 0x8C6D, 0x8C0D,
    0x948D, 0x9D90, 0x74AB, 0x7D0E, 0x7429, 0x7BE8, 0x6BC9, 0x6B88,
    0x72EA, 0x732A, 0x7B8B, 0x6B6A, 0x73CA, 0x6C49, 0x742A, 0x8C4B,
    0x7306, 0x948D, 0x9CAE, 0x9CCE, 0xAD51, 0xAD92, 0x952F, 0xAEB6,
    0xA654, 0xAE56, 0xB676, 0xB655, 0xB633, 0xBE34, 0xC655, 0xBDF3,
    0xCE96, 0xC675, 0xC696, 0xC675, 0xBE12, 0xCE15, 0xC5F2, 0xD6B6,
    0xCE12, 0xC633, 0xDED6, 0xCEB4, 0xCE94, 0xE6F7, 0xD695, 0xDEB8,
    0xDEB5, 0xCE13, 0xCE14, 0xCE14, 0xDE55, 0xCD71, 0xC4CF, 0xC4F0,
    0xBD2D, 0xC54E, 0xC58E, 0xB50B, 0xACAA, 0xBD30, 0xB4AB, 0x9B66,
    0xA3C8, 0xA388, 0x9B26, 0x9304, 0x9B04, 0x92A5, 0x7A60, 0x6A01,
    0x71E2, 0x7240, 0x71C1, 0x5960, 0x59A0, 0x4840, 0x3840, 0x4A20,
    0x5B23, 0x5342, 0x5B24, 0x5AC4, 0x6B06, 0x7368, 0x6B06, 0x6B47,
    0x73C9, 0x7BC9, 0x840B, 0x8CAE, 0x7B49, 0x7388, 0x844A, 0x740B,
    0x944F, 0x940C, 0xAD31, 0x9CD2, 0xB5B7, 0x9CD2, 0xB6B6, 0xA6D2,
    0x9ED0, 0xCF14, 0xB671, 0xA5CF, 0xBE52, 0xADD1, 0xAE74, 0xB6D5,
    0xAE12, 0xA5F1, 0xB6B7, 0xAED7, 0xA697, 0xAEF9, 0xB6B8, 0xBE55,
    0xC695, 0xBE55, 0xCE96, 0xCE56, 0xC655, 0xBE34, 0xB654, 0xAE12,
    0xC654, 0xC653, 0xCEB6, 0xCEB6, 0xD6B6, 0xCEB5, 0xCEB5, 0xDEF7,
    0xDEF8, 0xE6D8, 0xEEBA, 0xDE57, 0xDE99, 0xDED7, 0xD633, 0xCD70,
    0xD5D3, 0xD550, 0xD56F, 0xCE72, 0xD691, 0xDF53, 0xCEB0, 0xD673,
    0xCD51, 0xA46C, 0xBC4F, 0xAC2B, 0xABC9, 0xA3A7, 0xAB88, 0x9B27,
    0x9326, 0x92E6, 0x8A66, 0x8325, 0x8305, 0x7AC2, 0x6A61, 0x71E1,
    0x5940, 0x59E0, 0x69E0, 0x59E0, 0x4820, 0x3880, 0x5160, 0x5160,
    0x5961, 0x6241, 0x5A62, 0x5AA4, 0x62C4, 0x6305, 0x6B68, 0x7368,
    0x6BE8, 0x5B67, 0x73C9, 0x844C, 0x848C, 0x8C8C, 0x8C8D, 0x8C8B,
    0x7489, 0x854B, 0x6C86, 0x6C84, 0x84EA, 0x950B, 0x944B, 0x8BED,
    0x8C4D, 0x944E, 0x948E, 0x948D, 0x9CCE, 0xA4CD, 0x9D0E, 0xA510,
    0x9CCD, 0x9C6D, 0xAC8D, 0xACCD, 0xAC8C, 0xAD4E, 0xBE75, 0xB5B2,
    0xA4EE, 0xA54F, 0xA551, 0xBEB5, 0xD718, 0xDF19, 0xDEFA, 0xDF5A,
    0xDF3A, 0xD6D8, 0xCE96, 0xDF17, 0xDF1A, 0xCE97, 0xDED8, 0xDEF8,
    0xDE96, 0xDEF7, 0xDF18, 0xDEB6, 0xD654, 0xC612, 0xBDF2, 0xBDF0,
    0x9DCF, 0xADF1, 0xCDF2, 0xAC2F, 0xABCF, 0xB34B, 0xB3CC, 0xB42D,
    0xCD4F, 0xB4CC, 0xAC28, 0xB389, 0x92E5, 0x9344, 0x9B27, 0x9B46,
    0x8AA5, 0x7AA3, 0x7321, 0x8AA0, 0x8A41, 0x8261, 0x71C0, 0x48A0,
    0x61C0, 0x69E0, 0x4040, 0x3801, 0x30C0, 0x4AA1, 0x52E3, 0x4AC0,
    0x52E2, 0x6327, 0x6326, 0x6B48, 0x73E9, 0x6346, 0x6B25, 0x7C09,
    0x7367, 0x844C, 0x9D31, 0x83CB, 0x83EC, 0x8C8C, 0x8C4B, 0x944E,
    0xACF4, 0x9C90, 0xA492, 0x9450, 0x8C4E, 0x948F, 0x94AC, 0x954B,
    0x9D4E, 0x9D50, 0x952F, 0x9D30, 0x84AD, 0x84ED, 0x94ED, 0x952E,
    0x9DB0, 0x9D30, 0x9570, 0xB614, 0xACF2, 0x9C6E, 0xBE15, 0xBE76,
    0xCED7, 0xDEFA, 0xC637, 0xD638, 0xCE77, 0xDF19, 0xD6B6, 0xD6B7,
    0xDF19, 0xE75A, 0xBE93, 0xD6B6, 0xEF3A, 0xDEB7, 0xD6B5, 0xD6F6,
    0xD718, 0xCED7, 0xBE33, 0xB5AF, 0xBE12, 0xD675, 0xCD51, 0xBC6E,
    0xE554, 0xBCF0, 0xAC6C, 0xAC8D, 0xACEE, 0xB46E, 0xA42A, 0xACAA,
    0xAC09, 0xBD30, 0xAC0A, 0xB42B, 0xA387, 0x92C5, 0x9326, 0x9303,
    0xA326, 0xAB27, 0x8280, 0x8282, 0x92A5, 0x7A83, 0x6A80, 0x6960,
    0x61A0, 0x5120, 0x4820, 0x3120, 0x59E0, 0x5A41, 0x5A84, 0x5A84,
    0x5AA2, 0x6304, 0x62E5, 0x6B06, 0x7388, 0x7BEA, 0x7388, 0x840B,
    0x9D72, 0x8D0F, 0x848D, 0x94F0, 0x94F1, 0x9591, 0x958D, 0x852B,
    0x9DED, 0x96AF, 0x9E4E, 0x9DD0, 0x8D6D, 0x95B1, 0x9552, 0x8CCD,
    0x952E, 0xA652, 0xA631, 0xB5B1, 0xB614, 0xB5F3, 0xAD51, 0xAD71,
    0xBE96, 0xA5F2, 0xB6D6, 0xAF35, 0xB756, 0xBED6, 0xB634, 0xAD91,
    0xB5B1, 0xA5EF, 0x956E, 0x9D4C, 0xADEF, 0xB632, 0xADEF, 0xB5F0,
    0xD675, 0xD633, 0xD674, 0xC673, 0xD716, 0xC6B4, 0xB631, 0xBE52,
    0xCE12, 0xBDB0, 0xD613, 0xD5F2, 0xC5B0, 0xD612, 0xB60F, 0xC6F3,
    0xCEB2, 0xCED2, 0xCE91, 0xBD0B, 0xB489, 0xAC89, 0xC4D0, 0xB48B,
    0xAC8A, 0xA3E8, 0xA347, 0x9306, 0x8AE5, 0x9302, 0x92A2, 0x82C3,
    0x82C3, 0x8262, 0x8AA3, 0x8283, 0x7241, 0x82A3, 0x82A2, 0x6A20,
    0x8320, 0x6180, 0x30C0, 0x41C0, 0x4A20, 0x5AA1, 0x5A62, 0x5A63,
    0x6AE6, 0x7346, 0x7B88, 0x7347, 0x7BA9, 0x7388, 0x7389, 0x7BEA,
    0x6BA8, 0x742A, 0x74AB, 0x84AA, 0x6406, 0x6B48, 0x5A84, 0x62CA,
    0x6226, 0x62E6, 0x6C6D, 0x6B47, 0x7BE9, 0x7B89, 0x8C2B, 0x8BEC,
    0x7AE8, 0x7B4A, 0x944C, 0x7BC8, 0x8429, 0xA52E, 0x9CED, 0x8C6C,
    0x8BC9, 0xA4AE, 0x9C8C, 0x93C9, 0x7BA7, 0xA4AB, 0x9408, 0x83E6,
    0x9C48, 0xACAC, 0xACAE, 0xA4CC, 0x9D0D, 0x9D4D, 0xAD4C, 0x9468,
    0x94CA, 0x9CAB, 0x9CCB, 0xC5D2, 0xBD31, 0xC5D1, 0xC5B1, 0xBDB2,
    0xAD6F, 0xAD90, 0xBDB0, 0xADCF, 0xC631, 0xCE11, 0xB50E, 0xB52E,
    0xBD2E, 0xBD2E, 0xB54E, 0xBD8F, 0xB58C, 0xB4AA, 0xB449, 0xA366,
    0xA3A9, 0x9B47, 0x9285, 0x8AC4, 0x8AE4, 0x8AA5, 0x8AE5, 0x8AC4,
    0x8A84, 0x7A44, 0x8242, 0x82A2, 0x6AE0, 0x7B20, 0x7200, 0x51C0,
    0x5100, 0x3840, 0x4200, 0x5A40, 0x4A20, 0x5242, 0x5AA3, 0x52C2,
    0x5B07, 0x5B46, 0x5B24, 0x6B48, 0x6388, 0x62E6, 0x6A84, 0x83AA,
    0x8BEA, 0x6A22, 0x7AA5, 0x6AC6, 0x72E6, 0x7B46, 0x7B69, 0x8B67,
    0x8BCA, 0x7348, 0x836A, 0x8BCB, 0x8B8A, 0x8389, 0x844B, 0x94EE,
    0x7BE9, 0x5B66, 0x73E9, 0x840C, 0x744D, 0x742B, 0x6C2A, 0x7C2A,
    0x5B66, 0x846C, 0x94EE, 0x6C0A, 0x948F, 0xA4D0, 0xA4D0, 0x8B8C,
    0x8BAA, 0x7C08, 0x748B, 0x9CAB, 0x8C6A, 0x9CCD, 0x9D0F, 0x9D2E,
    0x9CCD, 0xAD10, 0x9449, 0x8B45, 0xA46D, 0x946A, 0xAC8B, 0xB46E,
    0xAC2A, 0xAC2D, 0xA38C, 0x8245, 0x9AC8, 0x9B07, 0xAB2A, 0xACCD,
    0xBCED, 0x9B23, 0xB40B, 0xB3ED, 0xAC2B, 0xA369, 0xA369, 0xA348,
    0x9325, 0xA409, 0x9B87, 0x8AE5, 0x8AC5, 0x8B05, 0x8A64, 0x8A85,
    0x8AE3, 0x8A80, 0x8282, 0x89E2, 0x61A0, 0x5940, 0x4880, 0x4801,
    0x3820, 0x5200, 0x5AA2, 0x52C1, 0x5AC4, 0x7B69, 0x62E1, 0x6B04,
    0x6B06, 0x6B06, 0x7368, 0x73A8, 0x7CED, 0x8E13, 0x74CE, 0x748D,
    0x6C4C, 0x6BC8, 0x7348, 0x6BA9, 0x7C6C, 0x7C29, 0x5C4A, 0x644A,
    0x6C08, 0x6C08, 0x644A, 0x6CAA, 0x5C48, 0x6C29, 0x7C8B, 0x846C,
    0x9530, 0x8D0E, 0x742A, 0x844D, 0x7BCB, 0x94CE, 0xA572, 0x73CA,
    0x8C6D, 0x8CCF, 0x842A, 0x8C29, 0x7C46, 0x84EA, 0x95CF, 0xB5B1,
    0xBD71, 0xB593, 0xB592, 0x8CAA, 0x8C8A, 0xA4CC, 0x94AA, 0xA4AC,
    0xAC4A, 0xB4EC, 0xB46E, 0xB46D, 0xA369, 0xA44C, 0xACF1, 0xA44F,
    0xA46F, 0xACAE, 0xCED6, 0xE7DB, 0xB631, 0xB4ED, 0x9AE4, 0xB4AE,
    0xAC4E, 0xA3AB, 0x9B88, 0xACAA, 0xBCCF, 0xB469, 0xA3A7, 0xABE9,
    0x9BE8, 0x9B87, 0x8B44, 0x8B45, 0x83A4, 0x8AC3, 0x8A84, 0x8242,
    0x8A23, 0x79C0, 0x7A01, 0x59A0, 0x5160, 0x58A0, 0x3001, 0x3100,
    0x4A40, 0x4A40, 0x4A20, 0x4A41, 0x4A44, 0x5AA6, 0x5B07, 0x6307,
    0x73C9, 0x7BEA, 0x840B, 0x6B68, 0x7A89, 0x7AC8, 0x83AB, 0xA4B1,
    0x84F0, 0x9570, 0x9D70, 0x8CCF, 0x84AE, 0x9CF0, 0x9CD0, 0xADD3,
    0xAE13, 0xB635, 0xBE15, 0xDF3C, 0xDEDA, 0xB634, 0xC615, 0xCDF4,
    0xC615, 0xDF7C, 0xE7DC, 0xDF5C, 0xADB5, 0xBDF8, 0xBE59, 0xC678,
    0xB4B0, 0xB592, 0xCE57, 0xBDF3, 0xB52F, 0xAC4C, 0x9CED, 0x7C48,
    0x7383, 0x9CCA, 0x952C, 0x8D0A, 0x9509, 0x94AA, 0xB590, 0xA4ED,
    0xB52F, 0xA4CE, 0xA50D, 0xA52D, 0x9C89, 0xACAA, 0xAD0C, 0xADAF,
    0xC652, 0xC5F4, 0xC5F3, 0xBE33, 0xB652, 0xAD4D, 0xB56B, 0xB52D,
    0xACAA, 0xAB66, 0xBBA6, 0xA3A7, 0xA38B, 0x9B28, 0xABA8, 0x9B6A,
    0xA34A, 0x92E7, 0x9B05, 0x92A2, 0x8AE5, 0x7A63, 0x7960, 0x7A23,
    0x69C0, 0x59C0, 0x5140, 0x59C0, 0x4960, 0x4800, 0x38C0, 0x5220,
    0x5260, 0x5AA4, 0x6304, 0x5AC2, 0x5AC4, 0x6B46, 0x7368, 0x7BAA,
    0x7388, 0x7BCA, 0x83ED, 0x846D, 0x7CAE, 0x63EB, 0x73EC, 0x6B89,
    0x7369, 0x7C2C, 0x6B89, 0x7BCD, 0x94CF, 0xA594, 0xADD4, 0x9D0F,
    0xAD93, 0x9D6E, 0x9570, 0xA693, 0xAE72, 0xA693, 0xAF16, 0xA693,
    0xA6B3, 0xA633, 0xA696, 0x8DD1, 0xBFBB, 0xB79B, 0xBF5A, 0xAF79,
    0xA7BB, 0xAF3A, 0xAE56, 0xBE76, 0xC656, 0xEF7D, 0xD71B, 0xDF9B,
    0xBE35, 0xCE37, 0xE71B, 0xDEFA, 0xDEB9, 0xCE98, 0xBE55, 0xDF39,
    0xE73A, 0xD6B8, 0xE759, 0xF7FD, 0xEFFE, 0xFFFF, 0xF7FF, 0xE79A,
    0xD6D7, 0xCE91, 0xB56E, 0xB4EC, 0xDE75, 0xA4CB, 0xBD0E, 0xC590,
    0xCE12, 0xB52D, 0x9C6A, 0xC570, 0xC54F, 0xAC4A, 0x93A8, 0xAC4B,
    0x8B86, 0x5AA1, 0x7205, 0x8246, 0x72A4, 0x82C4, 0x82A4, 0x8243,
    0x6220, 0x51E0, 0x50E0, 0x2900, 0x4820, 0x30A0, 0x5A60, 0x5262,
    0x5AA3, 0x62C4, 0x7368, 0x73A9, 0x7388, 0x6B87, 0x7368, 0x7BEB,
    0x7C6A, 0x8CED, 0x744D, 0x84AD, 0x958E, 0x958E, 0xA671, 0x858C,
    0x6CA7, 0xA62E, 0xA60D, 0x8D28, 0x954D, 0x956D, 0x8CCB, 0x9CEE,
    0x8C4C, 0x9CCF, 0x942C, 0x8C09, 0x9CAB, 0x9C6E, 0x942B, 0x8408,
    0x944A, 0xA4EE, 0xA4CE, 0xACEE, 0x9CED, 0x9CCD, 0xB5F2, 0xC591,
    0xCDD1, 0xD6B4, 0xEFBA, 0xDFDB, 0xD7BB, 0xF77B, 0xFFBE, 0xF7BC,
    0xF7DC, 0xDF98, 0xDF98, 0xD777, 0xF7FC, 0xF7DC, 0xDF59, 0xEFDB,
    0xF7DE, 0xE75B, 0xEF9C, 0xDEF7, 0xDED7, 0xDEB6, 0xE6F8, 0xEF19,
    0xF73B, 0xEEDB, 0xCD92, 0xDE77, 0xC614, 0xCE33, 0xAD0C, 0xCDD0,
    0xCDD0, 0xBD4C, 0xB4EC, 0xBD10, 0xAC8C, 0xABEB, 0xA388, 0xA3A9,
    0x9B48, 0xAC4A, 0xA364, 0x8AC4, 0x8AE6, 0x8224, 0x8A25, 0x79E0,
    0x6220, 0x59E0, 0x50E0, 0x5060, 0x30A0, 0x5241, 0x5263, 0x5AC5,
    0x5A84, 0x5A84, 0x6347, 0x6B89, 0x6BA8, 0x73EA, 0x73AA, 0x632A,
    0x6B49, 0x7BEC, 0x5268, 0x632B, 0x630B, 0x6AEA, 0x944E, 0x838C,
    0x6B2A, 0x6BAA, 0x7C0B, 0x7C0B, 0x8C6D, 0x8CAC, 0x844A, 0x950E,
    0x848B, 0x94CE, 0x9D72, 0x8CEE, 0x9D2F, 0x9D70, 0xA5D3, 0x9D91,
    0x8D0F, 0x952F, 0x9531, 0x9D51, 0x9D30, 0x9D52, 0xA5B2, 0x9DB2,
    0x742C, 0x8CAE, 0x8407, 0x6B22, 0x9D4D, 0x7CA9, 0x850A, 0xC6B4,
    0xC693, 0xDEF7, 0xDF19, 0xDF1A, 0xE77C, 0xE73A, 0xDF18, 0xE759,
    0xDF19, 0xDF18, 0xDEF7, 0xE739, 0xE738, 0xE759, 0xDF39, 0xDF18,
    0xE7DC, 0xEFFD, 0xDF17, 0xD6D4, 0xD673, 0xD651, 0xD5D1, 0xD591,
    0xC56F, 0xC54E, 0xCD0F, 0xBCCD, 0xB50E, 0xB4AE, 0xAC8B, 0x9C48,
    0xAC6A, 0xA448, 0x9B87, 0x8B45, 0x8303, 0x82E4, 0x7A62, 0x71C1,
    0x59C0, 0x59A0, 0x48C0, 0x3820, 0x5240, 0x5240, 0x5A82, 0x6305,
    0x6306, 0x5A84, 0x6B46, 0x73A9, 0x740B, 0x6C29, 0x846C, 0x848C,
    0x746E, 0x742D, 0x7C2C, 0x6C0A, 0x7C2A, 0x84AC, 0x8C8D, 0x7BC8,
    0x7C09, 0x840A, 0x7C09, 0x7B48, 0x8C2B, 0x8409, 0x840A, 0x7BA9,
    0x8408, 0x5A81, 0x72E3, 0x8C27, 0x83E5, 0x8488, 0x8C8A, 0x8CAC,
    0x8CED, 0x8CAD, 0x94AD, 0x94CD, 0x8C4D, 0x8C2C, 0x83EA, 0x844C,
    0x846C, 0x944F, 0xA4D0, 0x8C8C, 0x8CCB, 0x8BEB, 0x9B8C, 0x9C4C,
    0xA4B0, 0xC593, 0xCE35, 0xD6B7, 0xE71A, 0xD635, 0xD695, 0xE6B6,
    0xE6F8, 0xDED7, 0xDED6, 0xDEF7, 0xDED5, 0xDED6, 0xDEB7, 0xD674,
    0xDED6, 0xD653, 0xCE73, 0xD695, 0xD693, 0xD652, 0xD653, 0xD694,
    0xCDF1, 0xC56F, 0xC570, 0xC54F, 0xBD2E, 0xB4ED, 0xB48C, 0xA3E9,
    0x9BE9, 0xA3C8, 0x9BA8, 0x8B06, 0x8AC5, 0x7A83, 0x7221, 0x61A0,
    0x5180, 0x4020, 0x3860, 0x5A61, 0x62A4, 0x62A4, 0x62C5, 0x62E6,
    0x7328, 0x7328, 0x62A4, 0x6AE5, 0x62E6, 0x6B48, 0x7388, 0x73A8,
    0x73E8, 0x73A8, 0x6B88, 0x6B89, 0x6389, 0x7409, 0x7C0B, 0x73AA,
    0x73C9, 0x952E, 0x8D4F, 0x74AB, 0x7C6B, 0x848D, 0x850E, 0x9551,
    0x9DD2, 0x9D92, 0x8CF0, 0x8C6C, 0x8CCC, 0x8C4B, 0x94CD, 0x94ED,
    0x9CCE, 0x8C6B, 0x848A, 0x8C4C, 0x944F, 0x9CCE, 0x9D4F, 0xB591,
    0x9D4E, 0xA570, 0xADF3, 0xBE74, 0xC717, 0xBFB9, 0xB6F5, 0xD79A,
    0xE7FC, 0xDF78, 0xDF57, 0xD6F6, 0xCED5, 0xBE55, 0xCE55, 0xBE14,
    0xC633, 0xD695, 0xD696, 0xD654, 0xDED7, 0xE6B7, 0xDE95, 0xCE14,
    0xD634, 0xDE75, 0xDE75, 0xCE32, 0xDEB4, 0xDE94, 0xCDF1, 0xDE33,
    0xCDCF, 0xC58F, 0xC54F, 0xB50D, 0xB4CD, 0xB4EC, 0xB4AA, 0xAC09,
    0x9B87, 0x9366, 0x8AE5, 0x82E4, 0x8202, 0x79E0, 0x59A0, 0x5180,
    0x4820, 0x3880, 0x6282, 0x5A84, 0x5A83, 0x62E6, 0x62A4, 0x6B06,
    0x7348, 0x6307, 0x6B6A, 0x7388, 0x6B67, 0x6B47, 0x7369, 0x738A,
    0x7BCA, 0x7BC9, 0x7387, 0x6B26, 0x7389, 0x7366, 0x6B05, 0x73A9,
    0x5AE6, 0x6AC7, 0x7388, 0x7C0A, 0x73E9, 0x7BC9, 0x6B06, 0x73A9,
    0x842B, 0x73E6, 0x7387, 0x948D, 0x94EE, 0x8C4B, 0x9C6D, 0x9CEE,
    0x9CEE, 0xB551, 0xA54F, 0xB5D0, 0xB5D2, 0x94CD, 0x9C8C, 0xBD70,
    0xACAE, 0xBD51, 0xD615, 0xBDD3, 0xD677, 0xDEDA, 0xCEB8, 0xCE98,
    0xD696, 0xCE13, 0xD676, 0xE73A, 0xD6B8, 0xDE54, 0xE6F6, 0xDE95,
    0xCE53, 0xC673, 0xDF16, 0xD673, 0xD632, 0xCDD1, 0xC550, 0xBD0E,
    0xAC6A, 0xBD4F, 0xC54F, 0xCD50, 0xDE32, 0xC56F, 0xBD6E, 0xB50D,
    0xB4EE, 0xB4EC, 0xB4CB, 0xAC89, 0x9C05, 0x9385, 0x9B67, 0x9326,
    0x82C3, 0x7A21, 0x7A21, 0x6A20, 0x69C0, 0x5960, 0x5140, 0x4820,
    0x3060, 0x5200, 0x5A63, 0x62A4, 0x5AC5, 0x62C5, 0x6B68, 0x6387,
    0x73A8, 0x7BC9, 0x73AA, 0x7BEA, 0x7C2B, 0x7C2D, 0x848F, 0x844F,
    0x844F, 0x94D1, 0x8C6E, 0x842C, 0x844D, 0x7C4C, 0x7C6C, 0x6C4C,
    0x850D, 0x84CE, 0x7CAC, 0x74AD, 0x84CD, 0x84AD, 0x84AD, 0x8CEE,
    0x954F, 0x9DB1, 0x952F, 0x9D70, 0x9D4F, 0x952F, 0xA571, 0xA571,
    0x9D0F, 0xAD70, 0x9CAF, 0xA550, 0xB633, 0xA5B1, 0xBE54, 0xBE14,
    0xBDF2, 0xBE33, 0xBE32, 0xCD8F, 0xBD90, 0xCDF1, 0xCDB1, 0xBDD0,
    0xC5D0, 0xC5D1, 0xA50B, 0xBDD0, 0xBE10, 0xB5AE, 0xBDB0, 0xBD4E,
    0xBDAF, 0xCDD2, 0xC550, 0xACEB, 0xA425, 0xBCAA, 0xB4CC, 0xB46A,
    0xB4CC, 0xBCED, 0xB4AB, 0xB46A, 0xBC6B, 0xABA8, 0xAC2C, 0xABCA,
    0xA388, 0x82E4, 0xA3A6, 0x9B05, 0x9B27, 0x8AA3, 0x82A4, 0x8263,
    0x71E2, 0x69A0, 0x71C1, 0x6960, 0x5960, 0x5060, 0x4820, 0x3060,
  };

  const EyeDefinition eye PROGMEM = {
      "eagle_eye", 0.4, 0, 0, nullptr,
      { 0, 0.0, 0.35, 0.7 },
      { 0.98, { iris_texture, 256, 95 }, 65224, 0, 0, 0, 0 },
      { { nullptr, 0, 0 }, 0, 0, 0, 0, 0 },
      { upper, lower, 0, 0.3, 0.0, true },
      { 233, nullptr, nullptr }
  };
}  // namespace
