#pragma once

#include <Arduino.h>
#include "eyes.h"

namespace hazel {

  // upper eyelid lookup table (480 columns, 0-255 range)
  const uint8_t upper[960] PROGMEM = {
    109, 127, 105, 130, 102, 132, 99, 133, 97, 134, 95, 136, 92, 137, 91, 138,
    89, 139, 87, 139, 86, 140, 84, 141, 82, 141, 81, 142, 80, 143, 78, 143,
    77, 144, 75, 145, 74, 145, 73, 146, 72, 146, 71, 147, 70, 147, 69, 148,
    68, 148, 66, 149, 65, 149, 64, 150, 63, 150, 63, 151, 62, 151, 61, 151,
    60, 152, 59, 153, 58, 153, 57, 153, 56, 154, 56, 154, 55, 154, 54, 155,
    53, 155, 53, 156, 52, 156, 51, 156, 51, 157, 49, 157, 49, 157, 48, 158,
    47, 158, 47, 158, 46, 158, 46, 159, 45, 159, 44, 159, 44, 160, 43, 160,
    43, 160, 41, 161, 41, 161, 40, 162, 40, 162, 39, 162, 39, 162, 38, 163,
    38, 163, 37, 163, 37, 164, 36, 164, 36, 164, 35, 164, 35, 165, 34, 165,
    34, 165, 33, 165, 32, 166, 32, 166, 31, 166, 31, 166, 30, 167, 30, 167,
    29, 167, 29, 167, 29, 168, 28, 168, 28, 168, 27, 168, 27, 168, 26, 169,
    26, 169, 26, 170, 25, 170, 24, 170, 24, 170, 24, 170, 23, 171, 23, 171,
    23, 171, 22, 171, 22, 172, 21, 172, 21, 172, 21, 172, 20, 172, 20, 173,
    20, 173, 19, 173, 19, 173, 19, 173, 18, 173, 18, 174, 18, 174, 17, 174,
    17, 174, 17, 174, 16, 175, 16, 175, 15, 175, 15, 175, 15, 175, 14, 175,
    14, 176, 14, 176, 14, 176, 13, 176, 13, 176, 13, 176, 13, 177, 12, 177,
    12, 177, 12, 177, 11, 177, 11, 177, 11, 177, 11, 178, 10, 178, 10, 178,
    10, 179, 10, 179, 10, 179, 9, 179, 9, 179, 9, 179, 9, 179, 8, 180,
    8, 180, 7, 180, 7, 180, 7, 180, 7, 180, 7, 180, 6, 180, 6, 181,
    6, 181, 6, 181, 6, 181, 5, 181, 5, 181, 5, 181, 5, 181, 5, 181,
    5, 182, 4, 182, 4, 182, 4, 182, 4, 182, 4, 182, 4, 182, 3, 182,
    3, 182, 3, 182, 3, 183, 3, 183, 3, 183, 2, 183, 2, 183, 2, 183,
    2, 183, 2, 183, 2, 183, 2, 183, 1, 183, 1, 184, 1, 184, 1, 184,
    1, 184, 1, 184, 1, 184, 1, 184, 0, 184, 0, 184, 0, 184, 0, 184,
    0, 184, 0, 184, 0, 184, 0, 185, 0, 185, 0, 185, 0, 185, 0, 185,
    0, 185, 0, 185, 0, 185, 0, 185, 0, 185, 0, 185, 0, 185, 0, 185,
    0, 185, 0, 185, 0, 185, 0, 185, 0, 185, 0, 185, 0, 185, 0, 185,
    0, 185, 0, 185, 0, 185, 0, 185, 0, 185, 0, 185, 0, 185, 0, 185,
    0, 185, 0, 185, 0, 185, 0, 185, 0, 185, 0, 185, 0, 185, 0, 185,
    0, 185, 0, 185, 0, 185, 0, 185, 0, 185, 0, 185, 0, 185, 0, 185,
    0, 185, 0, 185, 0, 185, 0, 185, 0, 185, 0, 185, 0, 185, 0, 185,
    0, 185, 0, 185, 0, 185, 0, 185, 0, 185, 0, 185, 0, 185, 0, 185,
    0, 185, 0, 185, 0, 185, 0, 185, 0, 185, 0, 185, 0, 185, 0, 185,
    0, 185, 0, 185, 0, 185, 0, 185, 0, 185, 0, 185, 0, 185, 0, 185,
    0, 185, 0, 185, 0, 185, 0, 185, 0, 185, 0, 185, 0, 185, 0, 185,
    0, 185, 0, 185, 0, 185, 0, 185, 0, 184, 0, 184, 0, 184, 0, 184,
    0, 184, 0, 184, 0, 184, 0, 184, 1, 184, 1, 184, 1, 184, 1, 184,
    1, 184, 1, 184, 1, 183, 1, 183, 2, 183, 2, 183, 2, 183, 2, 183,
    2, 183, 2, 183, 2, 183, 3, 183, 3, 183, 3, 182, 3, 182, 3, 182,
    3, 182, 4, 182, 4, 182, 4, 182, 4, 182, 4, 182, 4, 182, 5, 182,
    5, 181, 5, 181, 5, 181, 5, 181, 5, 181, 6, 181, 6, 181, 6, 181,
    6, 180, 6, 180, 7, 180, 7, 180, 7, 180, 7, 180, 7, 180, 8, 180,
    8, 180, 9, 179, 9, 179, 9, 179, 9, 179, 10, 179, 10, 179, 10, 179,
    10, 178, 10, 178, 11, 178, 11, 177, 11, 177, 11, 177, 12, 177, 12, 177,
    12, 177, 13, 177, 13, 176, 13, 176, 13, 176, 14, 176, 14, 176, 14, 176,
    14, 175, 15, 175, 15, 175, 15, 175, 16, 175, 16, 175, 17, 174, 17, 174,
    17, 174, 18, 174, 18, 174, 18, 173, 19, 173, 19, 173, 19, 173, 20, 173,
    20, 173, 20, 172, 21, 172, 21, 172, 21, 172, 22, 172, 22, 171, 22, 171,
    23, 171, 23, 171, 24, 170, 24, 170, 24, 170, 25, 170, 26, 170, 26, 169,
    26, 169, 27, 168, 27, 168, 28, 168, 28, 168, 29, 168, 29, 167, 29, 167,
    30, 167, 30, 167, 31, 166, 31, 166, 32, 166, 32, 166, 33, 165, 34, 165,
    34, 165, 35, 165, 35, 164, 36, 164, 36, 164, 37, 164, 37, 163, 38, 163,
    38, 163, 39, 162, 39, 162, 40, 162, 40, 162, 41, 161, 41, 161, 43, 160,
    43, 160, 44, 160, 44, 159, 45, 159, 46, 159, 46, 158, 47, 158, 47, 158,
    48, 158, 49, 157, 49, 157, 51, 157, 51, 156, 52, 156, 53, 156, 53, 155,
    54, 155, 55, 155, 56, 154, 56, 154, 57, 153, 58, 153, 59, 153, 60, 152,
    61, 151, 62, 151, 63, 151, 63, 150, 64, 150, 65, 149, 66, 149, 68, 148,
    69, 148, 70, 147, 71, 147, 72, 146, 73, 146, 74, 145, 75, 145, 77, 144,
    78, 143, 80, 143, 81, 142, 82, 141, 84, 141, 86, 140, 87, 139, 89, 139,
    91, 138, 92, 137, 95, 136, 97, 134, 99, 133, 102, 132, 106, 130, 109, 127,
  };

  // lower eyelid lookup table (480 columns, 0-255 range)
  const uint8_t lower[960] PROGMEM = {
    156, 124, 159, 125, 162, 126, 164, 128, 166, 130, 168, 131, 170, 132, 172, 133,
    173, 134, 175, 136, 176, 136, 178, 137, 180, 138, 181, 139, 182, 139, 183, 140,
    184, 141, 186, 141, 187, 142, 188, 142, 189, 143, 190, 143, 191, 144, 192, 145,
    193, 145, 194, 146, 195, 146, 196, 147, 197, 147, 198, 148, 199, 148, 200, 149,
    200, 149, 201, 149, 202, 150, 203, 150, 204, 151, 205, 151, 205, 151, 206, 152,
    207, 152, 207, 153, 208, 153, 209, 153, 209, 154, 210, 154, 211, 154, 211, 155,
    212, 155, 213, 155, 214, 156, 214, 156, 215, 156, 215, 157, 216, 157, 216, 157,
    217, 157, 218, 158, 218, 158, 219, 158, 219, 159, 220, 159, 221, 159, 221, 159,
    222, 160, 222, 160, 223, 160, 223, 160, 223, 161, 224, 161, 224, 162, 225, 162,
    225, 162, 226, 162, 226, 163, 227, 163, 227, 163, 227, 163, 228, 164, 228, 164,
    229, 164, 229, 164, 230, 165, 230, 165, 231, 165, 231, 165, 231, 165, 232, 166,
    232, 166, 232, 166, 233, 166, 233, 167, 234, 167, 234, 167, 234, 167, 235, 167,
    235, 168, 235, 168, 236, 168, 236, 168, 236, 168, 236, 169, 237, 169, 238, 170,
    238, 170, 238, 170, 238, 170, 239, 170, 239, 170, 239, 171, 240, 171, 240, 171,
    240, 171, 240, 171, 241, 172, 241, 172, 241, 172, 242, 172, 242, 172, 242, 172,
    242, 173, 243, 173, 243, 173, 243, 173, 243, 173, 243, 173, 244, 173, 244, 174,
    244, 174, 244, 174, 245, 174, 245, 174, 245, 174, 245, 175, 245, 175, 246, 175,
    246, 175, 247, 175, 247, 175, 247, 175, 247, 175, 247, 176, 247, 176, 248, 176,
    248, 176, 248, 176, 248, 176, 248, 176, 249, 176, 249, 177, 249, 177, 249, 177,
    249, 177, 249, 177, 249, 177, 250, 177, 250, 177, 250, 177, 250, 178, 250, 178,
    250, 178, 250, 178, 251, 178, 251, 179, 251, 179, 251, 179, 251, 179, 251, 179,
    251, 179, 251, 179, 251, 179, 252, 179, 252, 179, 252, 179, 252, 179, 252, 180,
    252, 180, 252, 180, 252, 180, 252, 180, 253, 180, 253, 180, 253, 180, 253, 180,
    253, 180, 253, 180, 253, 180, 253, 180, 253, 180, 253, 180, 253, 180, 253, 181,
    253, 181, 254, 181, 254, 181, 254, 181, 254, 181, 254, 181, 254, 181, 254, 181,
    254, 181, 254, 181, 254, 181, 254, 181, 254, 181, 254, 181, 254, 181, 254, 181,
    254, 181, 254, 181, 254, 181, 254, 181, 254, 181, 254, 181, 254, 181, 254, 181,
    254, 181, 254, 181, 254, 181, 254, 181, 254, 181, 254, 182, 254, 182, 254, 182,
    254, 182, 254, 182, 254, 182, 254, 182, 254, 182, 254, 182, 254, 182, 254, 182,
    254, 182, 254, 182, 254, 182, 254, 182, 254, 182, 254, 182, 254, 182, 254, 182,
    254, 182, 254, 182, 254, 182, 254, 182, 254, 182, 254, 182, 254, 182, 254, 182,
    254, 182, 254, 182, 254, 182, 254, 182, 254, 182, 254, 182, 254, 182, 254, 182,
    254, 182, 254, 182, 254, 182, 254, 181, 254, 181, 254, 181, 254, 181, 254, 181,
    254, 181, 254, 181, 254, 181, 254, 181, 254, 181, 254, 181, 254, 181, 254, 181,
    254, 181, 254, 181, 254, 181, 254, 181, 254, 181, 254, 181, 254, 181, 254, 181,
    254, 181, 254, 181, 254, 181, 253, 181, 253, 181, 253, 181, 253, 181, 253, 181,
    253, 181, 253, 180, 253, 180, 253, 180, 253, 180, 253, 180, 253, 180, 253, 180,
    253, 180, 252, 180, 252, 180, 252, 180, 252, 180, 252, 180, 252, 180, 252, 180,
    252, 180, 252, 179, 252, 179, 252, 179, 251, 179, 251, 179, 251, 179, 251, 179,
    251, 179, 251, 179, 251, 179, 251, 179, 251, 179, 250, 178, 250, 178, 250, 178,
    250, 178, 250, 178, 250, 177, 250, 177, 250, 177, 249, 177, 249, 177, 249, 177,
    249, 177, 249, 177, 249, 177, 249, 176, 248, 176, 248, 176, 248, 176, 248, 176,
    248, 176, 248, 176, 247, 176, 247, 176, 247, 175, 247, 175, 247, 175, 246, 175,
    246, 175, 246, 175, 245, 175, 245, 174, 245, 174, 245, 174, 244, 174, 244, 174,
    244, 174, 244, 174, 244, 173, 243, 173, 243, 173, 243, 173, 243, 173, 242, 173,
    242, 172, 242, 172, 242, 172, 241, 172, 241, 172, 241, 172, 241, 171, 240, 171,
    240, 171, 240, 171, 240, 171, 239, 170, 239, 170, 239, 170, 238, 170, 238, 170,
    238, 170, 237, 169, 237, 169, 236, 168, 236, 168, 236, 168, 235, 168, 235, 168,
    235, 167, 234, 167, 234, 167, 234, 167, 233, 167, 233, 166, 233, 166, 232, 166,
    232, 166, 232, 165, 231, 165, 231, 165, 230, 165, 230, 165, 230, 164, 229, 164,
    228, 164, 228, 164, 227, 163, 227, 163, 227, 163, 226, 163, 226, 162, 225, 162,
    225, 162, 224, 162, 224, 161, 223, 161, 223, 160, 223, 160, 222, 160, 222, 160,
    221, 159, 221, 159, 220, 159, 219, 159, 219, 158, 218, 158, 217, 158, 217, 157,
    216, 157, 216, 157, 215, 157, 215, 156, 214, 156, 214, 156, 213, 155, 212, 155,
    211, 155, 211, 154, 210, 154, 209, 154, 209, 153, 208, 153, 207, 153, 207, 152,
    206, 152, 205, 151, 205, 151, 204, 151, 203, 150, 202, 150, 201, 149, 200, 149,
    199, 149, 199, 148, 198, 148, 197, 147, 196, 147, 195, 146, 194, 146, 193, 145,
    192, 145, 191, 144, 190, 143, 189, 143, 188, 142, 187, 142, 185, 141, 184, 141,
    183, 140, 182, 139, 181, 139, 179, 138, 178, 137, 176, 136, 175, 136, 173, 134,
    172, 133, 170, 132, 168, 131, 166, 130, 164, 128, 162, 126, 159, 125, 156, 124,
  };

  // iris_texture (256x83 px, RGB565 angle-major: T[angle*83+radius])
  const uint16_t iris_texture[21248] PROGMEM = {
    0x2164, 0x29A5, 0x31E6, 0x3227, 0x4289, 0x4AEA, 0x4B4A, 0x53CB,
    0x5BED, 0x640E, 0x746F, 0x7490, 0x6C70, 0x7450, 0x7430, 0x640E,
    0x6C0F, 0x63EF, 0x642F, 0x53AD, 0x640F, 0x6470, 0x646F, 0x8573,
    0x8D53, 0x9D95, 0x9574, 0x9594, 0x9554, 0x9D93, 0x9DB3, 0x9DB3,
    0x9D94, 0xA5F4, 0xA614, 0xB656, 0xB656, 0xAE15, 0xAE35, 0xB655,
    0xBE35, 0xC656, 0xA5F3, 0x9D91, 0xB5F2, 0x9D8F, 0xB5D2, 0xBD91,
    0xBDD1, 0xB570, 0xA4EE, 0xAD2E, 0xAD4F, 0xA52E, 0x9CCD, 0xB56F,
    0xAD4F, 0xAD2E, 0xB54F, 0xA4CD, 0x9C8C, 0xACCC, 0xACCD, 0xACAD,
    0xA48C, 0xA48D, 0xA44C, 0x9C0A, 0x9BEA, 0x8B69, 0x8328, 0x8348,
    0x8348, 0x6AA7, 0x6245, 0x6226, 0x51C4, 0x4163, 0x4164, 0x3902,
    0x30A1, 0x2080, 0x0820, 0x2164, 0x2185, 0x31E6, 0x3A48, 0x4248,
    0x52EA, 0x638D, 0x63AD, 0x63EE, 0x7450, 0x7470, 0x7CB1, 0x9574,
    0x9E37, 0xA5F5, 0xA5F7, 0xAE37, 0x9616, 0x9E78, 0x9617, 0xBEFA,
    0xB6F9, 0xA6D7, 0xB718, 0xA678, 0xAE98, 0x9E15, 0x9E37, 0xA656,
    0xA617, 0xA5F5, 0xADF4, 0xAE15, 0xAE35, 0xB655, 0xBE77, 0xC6B8,
    0xCF19, 0xC6D8, 0xB676, 0xB655, 0xB655, 0xA571, 0x9550, 0x9D51,
    0x950F, 0x950F, 0x8CEF, 0x8CCE, 0x9D30, 0x9D0F, 0x9D0D, 0xA50D,
    0x9CED, 0x9CEE, 0xA50D, 0xB54E, 0x9CEC, 0xB56F, 0xAD0D, 0xB50D,
    0xACCD, 0x9C6B, 0xACCC, 0x9C4B, 0xACAD, 0xA48C, 0x946C, 0x83EA,
    0x8C2B, 0x8C09, 0x7B47, 0x6AC6, 0x6287, 0x6247, 0x6225, 0x49A3,
    0x4983, 0x41A4, 0x30E1, 0x28C1, 0x1860, 0x0000, 0x1924, 0x2165,
    0x29A5, 0x3A27, 0x3A27, 0x3A67, 0x4AE9, 0x5B6B, 0x63CC, 0x63EB,
    0x742E, 0x7C0F, 0x7C0F, 0x7C30, 0x7C71, 0x6C4F, 0x8D32, 0x9D34,
    0x9573, 0xB677, 0xC657, 0xB637, 0xB638, 0x9D93, 0x8532, 0x95B5,
    0x95F6, 0x9DF6, 0x9E17, 0xAE16, 0x9DD5, 0xA637, 0xA615, 0xA5F4,
    0xB656, 0xAE15, 0xADF4, 0xA5D4, 0xADF4, 0xB5B4, 0xA531, 0x94D0,
    0x9CB0, 0xA4F1, 0x9CEF, 0x9D2F, 0x94EE, 0x94EE, 0x94CD, 0xAD50,
    0xA52F, 0xB550, 0xB54F, 0xACEE, 0xAD0E, 0xB50E, 0xB50F, 0xA46C,
    0xB50E, 0xBD2E, 0xA46C, 0xA46B, 0x9C0B, 0x9BEB, 0x940B, 0x942B,
    0x7B88, 0x9369, 0xA40C, 0x93C9, 0x8BA8, 0x7B27, 0x7B08, 0x7A88,
    0x6245, 0x5A24, 0x51E5, 0x51C4, 0x49A4, 0x3942, 0x28C1, 0x1860,
    0x0820, 0x1903, 0x2165, 0x29C6, 0x3207, 0x42C9, 0x5B2B, 0x4B29,
    0x536A, 0x5BAB, 0x63AC, 0x6C0D, 0x640D, 0x6C6F, 0x7532, 0x7CF1,
    0x84B2, 0x63CD, 0x7471, 0x7CB1, 0x6C50, 0x7511, 0x84F2, 0x84F4,
    0x8D16, 0x8D13, 0x8CF2, 0x9555, 0x95B5, 0x8D93, 0x9616, 0x9697,
    0xA6B7, 0xAE76, 0xA655, 0xA655, 0xB6D6, 0xBEF6, 0xBED6, 0xB654,
    0xC6B6, 0xB634, 0xBE34, 0xADF2, 0xADB3, 0xA592, 0x9D70, 0xA550,
    0xAD91, 0xA550, 0xA530, 0xBE12, 0xB5B0, 0xA52E, 0xAD6F, 0xB58F,
    0xA50D, 0x9CAB, 0x946B, 0x8C09, 0x8C09, 0x7B88, 0x83C8, 0x8409,
    0x7B69, 0x8389, 0x8BCA, 0x8368, 0x8307, 0x8BA9, 0x8B48, 0x8348,
    0x7B28, 0x6A86, 0x6A66, 0x6A47, 0x5A26, 0x59E6, 0x49A4, 0x4984,
    0x4963, 0x20A0, 0x2060, 0x0820, 0x1104, 0x2165, 0x29A5, 0x3A27,
    0x4B0A, 0x4AE9, 0x4AE9, 0x530A, 0x5B2B, 0x5B4C, 0x5BAD, 0x5BAD,
    0x5C0D, 0x5BAD, 0x530B, 0x5B6D, 0x536D, 0x5BAE, 0x3A49, 0x428A,
    0x6BEE, 0x73EE, 0x744F, 0x742E, 0x7C0E, 0x7BED, 0x5B0B, 0x528B,
    0x4A48, 0x4A68, 0x52C7, 0x52E7, 0x7C4E, 0x8D10, 0x8D11, 0x8490,
    0x84CF, 0xA614, 0xA5F3, 0xA5F3, 0xAE54, 0xB674, 0xB613, 0xB613,
    0xBE14, 0xC634, 0xBE13, 0xBE13, 0xBE13, 0xB5B1, 0xAD6F, 0xA4EF,
    0xAD2E, 0x9D2B, 0xA54A, 0x9467, 0x8C28, 0x8408, 0x942A, 0x73E9,
    0x7408, 0x6BE8, 0x6C0A, 0x948C, 0x840A, 0x844B, 0x9C4C, 0x83C9,
    0x83C8, 0x8BA8, 0x8388, 0x7B46, 0x6AA5, 0x6AA6, 0x6A85, 0x6265,
    0x51C4, 0x4984, 0x4984, 0x4123, 0x20A0, 0x1880, 0x0820, 0x2124,
    0x2165, 0x29C6, 0x3207, 0x3207, 0x3A68, 0x530A, 0x5329, 0x5B8B,
    0x63CB, 0x744D, 0x7C90, 0x6C0F, 0x84F1, 0x84F2, 0x640D, 0x7C8F,
    0x6C2E, 0x7C6F, 0x8CD1, 0x84B1, 0x7C4F, 0x94F2, 0x9532, 0x84F1,
    0x8512, 0x8D12, 0xA596, 0xA575, 0x9D55, 0x9575, 0x9515, 0x9492,
    0x94F3, 0x8CB1, 0x848F, 0x8CB0, 0x8C4E, 0x9D11, 0xAD73, 0xA572,
    0xB5F4, 0xB634, 0xB675, 0xB674, 0xBE95, 0xBE95, 0xBE74, 0xBE76,
    0xCE75, 0xBE13, 0xBE35, 0xC655, 0xBE13, 0xC5F6, 0xCDF6, 0xB54E,
    0x9CA9, 0x9CAA, 0x942B, 0x942A, 0x8C0A, 0x9C6C, 0x948D, 0x844B,
    0x8C0A, 0xA42A, 0x93EA, 0x93EA, 0x8BA8, 0x9388, 0x8B27, 0x8347,
    0x7B27, 0x6264, 0x5A23, 0x5A23, 0x51C3, 0x5204, 0x41A3, 0x28C0,
    0x1860, 0x0840, 0x2124, 0x2985, 0x29C6, 0x3207, 0x3A48, 0x4288,
    0x4AE9, 0x532A, 0x63AB, 0x5B8C, 0x6BEC, 0x6C0D, 0x63CB, 0x744F,
    0x740E, 0x7C2F, 0x7C50, 0x6C2F, 0x6C2E, 0x63EE, 0x5BCE, 0x642F,
    0x5BCD, 0x642E, 0x6C8F, 0x7C90, 0x7C50, 0x84D2, 0x7CD2, 0x7CD1,
    0x84D0, 0x8D31, 0x8590, 0x8D71, 0x852F, 0xA654, 0xAE76, 0x95F3,
    0x9DB3, 0xBE15, 0xB5F4, 0xADB3, 0xB5F4, 0xB5F4, 0xBE15, 0xBE75,
    0xB654, 0xBE54, 0xBE74, 0xBE95, 0xC6D5, 0xCED4, 0xCED2, 0xDF34,
    0xDF15, 0xD6F4, 0xD650, 0xD64F, 0xCDAC, 0xBCEA, 0xACAB, 0xAC8A,
    0x9C4A, 0x7BA7, 0x8367, 0x9C0B, 0x8C09, 0x8BE8, 0xA44B, 0x9C0A,
    0x8BC9, 0x7B67, 0x8368, 0x7B28, 0x7306, 0x6AA5, 0x4A02, 0x41C2,
    0x3941, 0x28E0, 0x2080, 0x1840, 0x0000, 0x1924, 0x2985, 0x2985,
    0x3A48, 0x42A9, 0x42A8, 0x4AC9, 0x52E9, 0x4288, 0x532A, 0x63AC,
    0x63CD, 0x6C2E, 0x640E, 0x5BAD, 0x6BEE, 0x63AD, 0x5AEA, 0x6B8C,
    0x638D, 0x6BAD, 0x534A, 0x5BAB, 0x7CD0, 0x84D1, 0x8D53, 0x95B4,
    0x8D93, 0x9593, 0x8D53, 0x9D54, 0x9D33, 0x9511, 0x9512, 0x7C2D,
    0x848E, 0x8530, 0x8530, 0x9510, 0x9530, 0xA592, 0xA551, 0xA510,
    0xAD52, 0xB5D2, 0xB591, 0xB5B3, 0xBDF4, 0xB5B3, 0xBDF3, 0xBE34,
    0xBE12, 0xCE54, 0xCE73, 0xCEB1, 0xCE70, 0xCE91, 0xCE91, 0xCD8E,
    0xACEB, 0xB4CC, 0x942A, 0x6B46, 0x83E9, 0x9C2A, 0x9BEA, 0x9C0B,
    0xA44B, 0xA48C, 0xA46B, 0x93E9, 0x93E9, 0x8BC9, 0x8388, 0x72E7,
    0x4A04, 0x4183, 0x4162, 0x30E0, 0x28E0, 0x28C1, 0x1880, 0x0000,
    0x1924, 0x2165, 0x29C6, 0x3A28, 0x3A89, 0x4288, 0x42A8, 0x4AE9,
    0x5B8B, 0x6C0D, 0x5BCB, 0x6C0D, 0x63CC, 0x744E, 0x746F, 0x7CF1,
    0x7490, 0x644E, 0x6C90, 0x746F, 0x6C0D, 0x746F, 0x746F, 0x742F,
    0x84B1, 0x8D32, 0x9574, 0x9594, 0x8D74, 0x9DD6, 0x9DF6, 0x9E16,
    0xAE16, 0xAE56, 0xC697, 0xADD5, 0xADB5, 0xAD33, 0xAD53, 0xBDD4,
    0xAD92, 0xADF4, 0xAE35, 0xB5D4, 0xBDD4, 0xAD73, 0xB5D3, 0xAD91,
    0xADB2, 0xB5D2, 0xB5F1, 0xC612, 0xBDD1, 0xB50E, 0xBD4F, 0xC5D0,
    0xC5AF, 0xA52C, 0xB54C, 0xAD0D, 0xA46C, 0x9C6C, 0xA46B, 0x93EA,
    0x93EA, 0x9C0A, 0xAC8C, 0xBD0E, 0xBCEE, 0xB4AD, 0xA46C, 0xA46C,
    0x9C0A, 0x8BA9, 0x7B08, 0x5A86, 0x39C3, 0x3122, 0x3101, 0x3902,
    0x1860, 0x1840, 0x0000, 0x1924, 0x2164, 0x29C5, 0x3207, 0x3A48,
    0x3A67, 0x4AA8, 0x52E7, 0x5AE7, 0x6B8B, 0x6BCC, 0x63AB, 0x6BCC,
    0x748F, 0x740C, 0x738C, 0x73EF, 0x7C4F, 0x740E, 0x744E, 0x84F0,
    0x8D50, 0x748C, 0x7CEF, 0x84F0, 0x7C8F, 0x7C90, 0x8D32, 0x9554,
    0x8D54, 0x9D54, 0x9DB5, 0xAE56, 0xA635, 0xAE55, 0xAE55, 0xAE54,
    0xADF3, 0xADD3, 0xB5F4, 0xBDD4, 0xBE14, 0xB634, 0xA5D2, 0x8D70,
    0x8D50, 0x9590, 0x9D50, 0x840B, 0x9C6C, 0xBD0E, 0xAD2E, 0xB590,
    0xB56E, 0xB58D, 0xBD6E, 0xBD6E, 0xA4EC, 0xAD4D, 0xAD4D, 0x9CED,
    0x9D4E, 0x950D, 0x8C8C, 0x844C, 0x942C, 0xAC8D, 0xB4CE, 0xACAD,
    0xB4CD, 0xACAD, 0xA46C, 0x9C0B, 0x8BAA, 0x7B27, 0x6AE6, 0x5204,
    0x3983, 0x3962, 0x4163, 0x20A1, 0x2081, 0x0820, 0x1103, 0x2164,
    0x29C5, 0x3206, 0x3207, 0x4267, 0x52C8, 0x52E7, 0x5B69, 0x6BEC,
    0x63AA, 0x63EA, 0x6C4F, 0x7CF1, 0x7D53, 0x7D73, 0x74F0, 0x6C90,
    0x74D0, 0x7C91, 0x84F1, 0x7CD0, 0x84F1, 0x8D72, 0x84F1, 0x8D93,
    0x95F4, 0x7D92, 0x8DB3, 0x9E35, 0x9DB5, 0x94F1, 0x9531, 0x9552,
    0xADD4, 0xB638, 0xC6DA, 0xBE97, 0xB634, 0xB633, 0xB634, 0xADB3,
    0xA4F0, 0xB592, 0x94CF, 0x8CAE, 0x9D70, 0xA550, 0xA531, 0xAD92,
    0xAD90, 0xA54F, 0xB56F, 0xB50E, 0xACED, 0xAD0D, 0xBD6E, 0xAD2E,
    0x946B, 0xB50E, 0xA4AB, 0xB50D, 0xA50C, 0x8CAB, 0x94CC, 0xAC8C,
    0x944B, 0x9C2B, 0x9C2B, 0x9BEB, 0x938A, 0x8B69, 0x7B49, 0x7B08,
    0x6AC7, 0x51E5, 0x49A4, 0x3962, 0x3962, 0x3101, 0x20C1, 0x20A1,
    0x0840, 0x2124, 0x2985, 0x29A5, 0x3207, 0x4289, 0x4288, 0x4AE8,
    0x5B6A, 0x5B8B, 0x5B89, 0x5BCB, 0x63CB, 0x63EC, 0x6BEE, 0x6BEE,
    0x84F1, 0x8D53, 0x8532, 0x8D73, 0x642B, 0x6C6C, 0x6C4C, 0x7CEE,
    0x748E, 0x84AF, 0x848F, 0x94F2, 0x9D74, 0x9593, 0x95D3, 0x9DF4,
    0x9574, 0xA5D4, 0x9DB4, 0x9D53, 0x8CF1, 0x9573, 0xA5F5, 0xA615,
    0xA614, 0xADD3, 0xB614, 0xB634, 0xB614, 0xB635, 0xBE35, 0xB614,
    0x9D91, 0xAE12, 0xB652, 0xADF1, 0xBE32, 0xC611, 0xBE30, 0xC610,
    0xB60F, 0xADEE, 0xAD4E, 0xB52E, 0xA4CD, 0x9D0D, 0xA52E, 0xB52E,
    0xB52D, 0xB48D, 0xABCC, 0x9C0A, 0xAC4B, 0x93CB, 0x9BCB, 0x938A,
    0x8309, 0x7308, 0x62A6, 0x6AC7, 0x5A24, 0x4183, 0x3101, 0x3901,
    0x2921, 0x2901, 0x1840, 0x0000, 0x1904, 0x2124, 0x2985, 0x31E7,
    0x3A48, 0x4268, 0x4268, 0x4288, 0x532A, 0x5B8B, 0x63CC, 0x744F,
    0x740E, 0x63AC, 0x6C4F, 0x744F, 0x638D, 0x530A, 0x6BAC, 0x742D,
    0x7C2F, 0x73ED, 0x740D, 0x6BCC, 0x746E, 0x5BEC, 0x5B8C, 0x6BED,
    0x6BED, 0x6BCC, 0x7C8E, 0x8551, 0x74B0, 0x8D10, 0xA592, 0xB613,
    0xADD1, 0xB613, 0xBE57, 0xCE99, 0xBE37, 0xB656, 0xB634, 0xB5D2,
    0xBDF3, 0xB5F4, 0xADD2, 0xB5F2, 0xA58E, 0xB5F0, 0xCE53, 0xD633,
    0xD634, 0xD676, 0xDE75, 0xD653, 0xCE73, 0xBDD0, 0xBE11, 0xB570,
    0xBDB1, 0xAD4F, 0xAD2E, 0xA52D, 0xAD0D, 0x948B, 0xA4ED, 0xA48C,
    0x9BEB, 0x9BCC, 0x9B8B, 0x93AB, 0x8B69, 0x7B07, 0x72E7, 0x5A64,
    0x5A44, 0x51E4, 0x3942, 0x3922, 0x2901, 0x1860, 0x0820, 0x1924,
    0x2144, 0x2165, 0x29A6, 0x3227, 0x3A47, 0x4AE9, 0x4AC8, 0x5B4B,
    0x536A, 0x5BEB, 0x748E, 0x6C2E, 0x746F, 0x6C4E, 0x5B8C, 0x5BCD,
    0x5BED, 0x7471, 0x7CB0, 0x748E, 0x8D31, 0x9553, 0x7C8F, 0x7C6F,
    0x84B0, 0x7CD0, 0x74D0, 0x6C6F, 0x742F, 0x7410, 0x7CB1, 0x8531,
    0x95F1, 0xAE12, 0xADF3, 0xB614, 0xBDF4, 0xBE35, 0xBE34, 0xBE13,
    0xBE34, 0xBE55, 0xB634, 0xADD2, 0xB5D3, 0xB612, 0xBE13, 0xBE54,
    0xC6B6, 0xCED7, 0xC693, 0xD674, 0xE6D7, 0xE6B7, 0xE6B8, 0xDEB7,
    0xD654, 0xCE13, 0xBD92, 0xC5F2, 0xCE11, 0xC60E, 0xC54D, 0xBCAE,
    0xB4EA, 0xACEA, 0xA48B, 0x9C2A, 0x93A9, 0x936A, 0x8B88, 0x8B88,
    0x7AE7, 0x6A86, 0x6225, 0x49E3, 0x41C2, 0x3181, 0x3141, 0x28C0,
    0x1060, 0x0820, 0x2124, 0x2144, 0x29C6, 0x3A48, 0x42A9, 0x4AEA,
    0x52EA, 0x530A, 0x5309, 0x5BAB, 0x6BCC, 0x740D, 0x748C, 0x6C0D,
    0x6B6E, 0x84D2, 0x8531, 0x7D11, 0x84F1, 0x8CF1, 0x8CF1, 0x84D2,
    0x8CD1, 0x8CD0, 0x84D0, 0x7C4F, 0x8CD1, 0x9573, 0x8D93, 0xA635,
    0xB697, 0x9DD4, 0xB674, 0xBED3, 0xB673, 0xBE74, 0xBE95, 0xBE95,
    0xCEB6, 0xBE74, 0xBE74, 0xB676, 0xBE77, 0xC698, 0xBE56, 0xCEB8,
    0xCEB8, 0xC6D7, 0xC6B5, 0xCEF4, 0xCEF4, 0xCF15, 0xD737, 0xD716,
    0xD6F5, 0xDF18, 0xDED6, 0xD695, 0xDEB6, 0xDED4, 0xD6D3, 0xDE74,
    0xC5CE, 0xBD27, 0xAC49, 0x9BCA, 0xAC8B, 0xB48B, 0xAC2A, 0x8B68,
    0x8367, 0x8B68, 0x8BC9, 0x62C4, 0x5A83, 0x5A43, 0x41C2, 0x41A2,
    0x3982, 0x1920, 0x28C0, 0x1040, 0x0800, 0x2124, 0x2985, 0x29C6,
    0x21C5, 0x29C6, 0x3A47, 0x3A68, 0x42A9, 0x52EA, 0x52CA, 0x5B4B,
    0x5B6B, 0x6BAE, 0x742F, 0x74AF, 0x8531, 0x8553, 0x84D1, 0x8CF2,
    0x8D52, 0x84F1, 0x848F, 0x8CD0, 0x8CF1, 0x9532, 0x9D73, 0x9D73,
    0x94F2, 0x9D12, 0x9D75, 0xA636, 0x95D3, 0x8533, 0x9D15, 0xAD74,
    0xB5D5, 0xC636, 0xBDF4, 0xBE55, 0xB654, 0xC6D6, 0xCEB6, 0xD6D7,
    0xD6F7, 0xC696, 0xCEF8, 0xCEB6, 0xD6F8, 0xD6F7, 0xD6F7, 0xDEF7,
    0xDF38, 0xDF58, 0xDF36, 0xDF15, 0xDF16, 0xD6F6, 0xD6D4, 0xD717,
    0xD6F6, 0xD715, 0xD671, 0xCE0D, 0xBCAB, 0xB46D, 0xBCEE, 0xA4AA,
    0xB4EB, 0xA42B, 0x93A9, 0x8B88, 0x8326, 0x7AE7, 0x72E7, 0x62C6,
    0x4A64, 0x4A24, 0x39A1, 0x4182, 0x2901, 0x20C1, 0x1860, 0x0800,
    0x1924, 0x1924, 0x2144, 0x31C6, 0x4228, 0x3A48, 0x4AC9, 0x532A,
    0x532A, 0x534C, 0x63AD, 0x63AD, 0x6C0E, 0x63AD, 0x6C2F, 0x6C2F,
    0x742F, 0x7CD1, 0x7CF1, 0x8511, 0x7C6F, 0x7CB0, 0x8552, 0x95B2,
    0xA674, 0xA673, 0xA5F4, 0xB697, 0xB657, 0xADD6, 0xADD5, 0xBE17,
    0xAE16, 0x9D74, 0x9D53, 0xA5B3, 0xA5B4, 0xBDD5, 0xCE16, 0xCE37,
    0xC657, 0xCE98, 0xCE98, 0xD6B7, 0xCEB6, 0xCEB6, 0xCE95, 0xD6B6,
    0xD6B7, 0xDF17, 0xDF18, 0xD6F7, 0xD6F7, 0xD6F6, 0xDF17, 0xE716,
    0xE6F6, 0xDF14, 0xD6F2, 0xD6F1, 0xD713, 0xDF75, 0xDF53, 0xD671,
    0xCD91, 0xC52E, 0xB4CC, 0xACAC, 0xA46C, 0xA40A, 0xA42A, 0x9C08,
    0x8B87, 0x7B68, 0x7328, 0x7308, 0x62A6, 0x6286, 0x5204, 0x2900,
    0x20A0, 0x20A0, 0x1040, 0x2144, 0x1944, 0x29C6, 0x3A28, 0x3A27,
    0x4A89, 0x5B0C, 0x5B2C, 0x63CD, 0x8510, 0x84F0, 0x744E, 0x6B8C,
    0x7BEF, 0x73AD, 0x6BAD, 0x6B6C, 0x7BEE, 0x7C50, 0x7C90, 0x7CF0,
    0x8530, 0x8550, 0x8DD2, 0x8552, 0x9572, 0xB658, 0xBE77, 0xB636,
    0xBE78, 0xBE79, 0xB5F8, 0xBE79, 0xB616, 0xC6B8, 0xCEB7, 0xB655,
    0xBEF8, 0xBED5, 0xB693, 0xBE94, 0xCE96, 0xBE14, 0xC676, 0xCE77,
    0xCEB7, 0xD6B8, 0xCEB7, 0xCF19, 0xCED8, 0xCEB7, 0xDED6, 0xDEF8,
    0xD6D6, 0xC6B3, 0xC692, 0xD6B4, 0xD6B2, 0xD6B3, 0xD670, 0xDEB2,
    0xD64D, 0xDF11, 0xE7B6, 0xD712, 0xD6D0, 0xD670, 0xC54F, 0xBD2E,
    0xBD4D, 0xBCEC, 0xACCB, 0xACAB, 0x9C2A, 0x8BC9, 0x8389, 0x7B68,
    0x62A7, 0x49C4, 0x3122, 0x20C0, 0x1880, 0x0820, 0x2144, 0x3207,
    0x4268, 0x3A28, 0x3A48, 0x4AA9, 0x3A28, 0x4ACB, 0x530B, 0x5B4B,
    0x638C, 0x6CAF, 0x6CD0, 0x74B0, 0x6C4F, 0x7CD1, 0x8571, 0x84CF,
    0x846F, 0x7C2E, 0x740E, 0x744E, 0x6C0C, 0x73EC, 0x7C2E, 0x7C4F,
    0x7C2E, 0x6C0D, 0x84F1, 0xA594, 0xA5B4, 0x8CF1, 0xA5B4, 0xA594,
    0xA573, 0xA593, 0xADF4, 0xA5D3, 0x9D71, 0x9DB2, 0xADD3, 0xADF4,
    0xA5B1, 0xB5F3, 0xCE14, 0xCE15, 0xC5D5, 0xC635, 0xD6B6, 0xDEF7,
    0xCEB5, 0xC674, 0xD655, 0xD6D7, 0xCEB5, 0xBE52, 0xB651, 0xB611,
    0xC631, 0xC611, 0xC5F2, 0xC58F, 0xD5CF, 0xD630, 0xD630, 0xD631,
    0xCE30, 0xCE4F, 0xCE0F, 0xC58E, 0xBD8E, 0xBD4E, 0xACAC, 0xA46C,
    0x9C2B, 0x8BCA, 0x7B69, 0x62C7, 0x5205, 0x3942, 0x20A1, 0x1020,
    0x0000, 0x2124, 0x2144, 0x1944, 0x3207, 0x428A, 0x42AA, 0x4B0B,
    0x534C, 0x4AEB, 0x42CA, 0x530C, 0x52EB, 0x52EB, 0x63CC, 0x63EC,
    0x6C4D, 0x63EE, 0x6BCD, 0x63ED, 0x5B8C, 0x5B6C, 0x638C, 0x5BAD,
    0x4BCC, 0x4BED, 0x53CC, 0x5BEC, 0x63ED, 0x63CD, 0x5B6C, 0x5B2B,
    0x73CD, 0x6BEC, 0x7C8E, 0x8CD0, 0x8CD0, 0x8D31, 0x8551, 0x84F0,
    0x844E, 0x9D31, 0x9D51, 0x9D93, 0x9D73, 0xA591, 0xB592, 0xBDF3,
    0xC5B2, 0xB550, 0xCE34, 0xD634, 0xC5F3, 0xD654, 0xD694, 0xCE32,
    0xC612, 0xB5AF, 0xAD91, 0xBDF2, 0x9D90, 0xB56F, 0xC5D1, 0xBD70,
    0xBD2F, 0xC56E, 0xCDAF, 0xCDCF, 0xC5CF, 0xC56E, 0xBD0D, 0xBCED,
    0xAC8C, 0x940A, 0x8BCA, 0x8369, 0x7B28, 0x6AC7, 0x5A86, 0x49C4,
    0x3122, 0x20A0, 0x1020, 0x0000, 0x2144, 0x29A5, 0x31E6, 0x3A48,
    0x42CA, 0x4B2B, 0x538C, 0x4B6C, 0x5B8D, 0x6BAD, 0x5B8B, 0x642D,
    0x63ED, 0x63CD, 0x5B6C, 0x4B4A, 0x4B2A, 0x4B2B, 0x536C, 0x63AD,
    0x5BCC, 0x538C, 0x536B, 0x636C, 0x636B, 0x63AC, 0x63AE, 0x53CD,
    0x5BAC, 0x636C, 0x5BEE, 0x6C0E, 0x638D, 0x73AC, 0x7C0E, 0x7B6C,
    0x622A, 0x72EC, 0x746E, 0x7C6D, 0x73ED, 0x8CEF, 0x9571, 0x9D30,
    0xA530, 0xA511, 0xA551, 0xAD92, 0xADB2, 0xB5F1, 0xB5D2, 0xC633,
    0xC632, 0xB5B0, 0xC5F1, 0xBD90, 0xBD30, 0xAC8D, 0xACED, 0xACED,
    0xB50F, 0xACED, 0x9CCD, 0xACEE, 0xB52F, 0xACED, 0xBCED, 0xB4CE,
    0xA48B, 0x9C2A, 0x93C9, 0x8B89, 0x8349, 0x7B08, 0x6AC6, 0x6266,
    0x5A45, 0x5205, 0x3943, 0x30E1, 0x1880, 0x1040, 0x0800, 0x2124,
    0x29A5, 0x3206, 0x3A68, 0x4AA9, 0x4AAA, 0x534C, 0x5BAD, 0x5B8C,
    0x63CD, 0x63EE, 0x6C2E, 0x5B4A, 0x5BCC, 0x5B6C, 0x5B4B, 0x63AC,
    0x6C0E, 0x6C0E, 0x534B, 0x5B2B, 0x5BAD, 0x5C0E, 0x640E, 0x5C6E,
    0x642D, 0x740E, 0x7C2E, 0x740E, 0x7C2F, 0x7C50, 0x7490, 0x6C90,
    0x640E, 0x7C90, 0x74AF, 0x746E, 0x8CAF, 0x842D, 0x840E, 0x7BCC,
    0x948F, 0x8C2C, 0x842D, 0x8C8E, 0x9D10, 0x94EF, 0x9CCF, 0xAD50,
    0xA4ED, 0xA4CD, 0xB550, 0x94ED, 0x9CED, 0xAD0E, 0x9C8C, 0x9C6C,
    0xAD0E, 0xB530, 0xACCE, 0xB50F, 0xB4CF, 0xA46C, 0xACEE, 0xAD10,
    0x9C6D, 0x8BAA, 0xA42B, 0x8BEB, 0x8C0B, 0x83A8, 0x6306, 0x7348,
    0x5AA6, 0x5224, 0x6266, 0x5205, 0x49A4, 0x3901, 0x28C1, 0x28C1,
    0x20A1, 0x0820, 0x1903, 0x2985, 0x31C6, 0x3A07, 0x3A27, 0x52CA,
    0x52EB, 0x532C, 0x6BCE, 0x5BCD, 0x5B4D, 0x638E, 0x63EE, 0x6C4E,
    0x642D, 0x6C6D, 0x640C, 0x640C, 0x6BCD, 0x7C6F, 0x748F, 0x7CAF,
    0x742F, 0x742E, 0x744F, 0x6C70, 0x646D, 0x6C2D, 0x742E, 0x74AE,
    0x748E, 0x84F0, 0x9572, 0x8CF1, 0x9533, 0x8D11, 0x8D51, 0x7510,
    0x744E, 0x9531, 0x9D52, 0x842E, 0xACF1, 0xBD73, 0x9CAF, 0x9CD0,
    0x9CCF, 0x9CAE, 0x94CE, 0xA50F, 0x9CCE, 0x944B, 0x9C8C, 0x9CCD,
    0x9C6C, 0xA4ED, 0x9CCC, 0x9CAA, 0x9C8B, 0xA4AD, 0x9C8C, 0x9C6D,
    0xB4EF, 0xB4D0, 0xA48D, 0x9C8B, 0x948B, 0x9C6A, 0x9429, 0x8C09,
    0x7B67, 0x6AE6, 0x7B29, 0x62E8, 0x4A86, 0x5286, 0x41E3, 0x49C3,
    0x3942, 0x28E1, 0x20A0, 0x1860, 0x0000, 0x1924, 0x2985, 0x29A6,
    0x29E6, 0x3A48, 0x3A89, 0x3AA9, 0x4B4B, 0x42CA, 0x4AEB, 0x4B2A,
    0x42E9, 0x5BAD, 0x5B8D, 0x630C, 0x6B8E, 0x63AD, 0x6C50, 0x7510,
    0x8553, 0x8CB2, 0x84B1, 0x7CB0, 0x748E, 0x7C6F, 0x8CD1, 0x8490,
    0x7C8F, 0x9532, 0x8CD1, 0xA593, 0x9DB3, 0x9DB4, 0x9E14, 0xA613,
    0xAE14, 0xADD5, 0xADB3, 0xA5F2, 0xA5D1, 0xADF2, 0xBE76, 0xADB1,
    0x9D92, 0xADD3, 0xB5D4, 0xAD50, 0xB570, 0xA530, 0xAD10, 0xA50E,
    0xA4CC, 0xACEE, 0x9CAC, 0x946B, 0xA4CD, 0x9C8D, 0x9C8C, 0xA4CC,
    0xAD2F, 0xACEE, 0xA4AD, 0xACCE, 0xACCD, 0xAC6C, 0x9C0B, 0x944A,
    0x9CAB, 0x946A, 0x93E9, 0x7B26, 0x7305, 0x6264, 0x51C4, 0x39A3,
    0x30E0, 0x4162, 0x49C4, 0x3941, 0x28C1, 0x2080, 0x1880, 0x0820,
    0x1924, 0x2986, 0x29C6, 0x31E7, 0x3228, 0x42A9, 0x4B0A, 0x4B4C,
    0x4B2C, 0x532C, 0x5B4D, 0x5C0F, 0x540D, 0x640E, 0x8490, 0x63AD,
    0x6C2E, 0x7450, 0x5BCE, 0x5C0E, 0x6CCF, 0x6C4F, 0x8491, 0x9491,
    0x8CF2, 0x95B3, 0x95D3, 0xA5F4, 0xA5F5, 0xA5F5, 0xB636, 0xBE76,
    0xBE36, 0xA5D5, 0xAE36, 0xAE36, 0xA5F4, 0xD679, 0xD699, 0xCE16,
    0xCE54, 0xB612, 0xA611, 0xA5D1, 0xA570, 0xB5D1, 0xBE13, 0xBD73,
    0xACCE, 0xB52E, 0xA50E, 0xA52E, 0x9D2E, 0xA4CD, 0xA4AC, 0xAD0D,
    0xA4EE, 0xA4AD, 0xA4AD, 0x8368, 0x942A, 0x9CAA, 0x8408, 0x8C2A,
    0x9C8B, 0xB48C, 0xC4CE, 0x83A7, 0x93C6, 0x9BA7, 0x7305, 0x6A85,
    0x6243, 0x5202, 0x51E3, 0x4983, 0x4164, 0x30C1, 0x28E1, 0x28E1,
    0x2080, 0x1880, 0x0820, 0x1103, 0x2165, 0x29A6, 0x31E7, 0x3207,
    0x3A49, 0x428A, 0x3A69, 0x52EC, 0x6BCE, 0x6BCE, 0x634C, 0x5B0B,
    0x3A87, 0x4B6B, 0x5B6C, 0x538B, 0x5BAC, 0x5B0B, 0x5B0C, 0x634D,
    0x5AEC, 0x5B4C, 0x638D, 0x636C, 0x634C, 0x738D, 0x742D, 0x5BAC,
    0x63ED, 0x63EC, 0x6C4E, 0x8D11, 0x94F0, 0x94F0, 0x9510, 0x8D2F,
    0x7D2E, 0x74AE, 0x8CEF, 0x8D10, 0x8CAE, 0xB570, 0xB54F, 0x9D2F,
    0xA5AF, 0xADCE, 0xC5AF, 0xCD6F, 0xC56F, 0xC5B1, 0xBDF1, 0xBE31,
    0xA5AF, 0x9D2D, 0xB54F, 0xBD90, 0xACCE, 0xACEF, 0x8BAB, 0x9BCA,
    0xBCAC, 0xAC8B, 0xAC6A, 0xA4AC, 0x948B, 0x8C4A, 0x8BAA, 0x8BA7,
    0xA3E6, 0x8B26, 0x6A83, 0x4A43, 0x4A02, 0x5A43, 0x6265, 0x4183,
    0x3962, 0x4142, 0x3902, 0x20A0, 0x1860, 0x0820, 0x2165, 0x2985,
    0x31E6, 0x3A28, 0x4269, 0x4289, 0x4ACB, 0x532B, 0x536C, 0x5B6D,
    0x5B2C, 0x530C, 0x5BEE, 0x5B8D, 0x4ACA, 0x52A9, 0x532B, 0x438C,
    0x43CC, 0x5BCD, 0x63CD, 0x6BED, 0x73ED, 0x6BCD, 0x63EC, 0x5BCC,
    0x5BCD, 0x5BAC, 0x6BAD, 0x73CD, 0x636C, 0x742E, 0x844F, 0x84B0,
    0x84D0, 0x844E, 0x944E, 0x842B, 0x84EC, 0x7C6D, 0x73CD, 0x83EE,
    0x740C, 0x8C6E, 0xACCF, 0x9CCE, 0x9C8C, 0xA56D, 0xA58E, 0xA56E,
    0xCDD0, 0xC590, 0xBD2F, 0xA52D, 0x9D6D, 0xB58F, 0xB56F, 0xBD8F,
    0xB52E, 0xC5B2, 0xCDD3, 0xB510, 0xB4ED, 0xBD0C, 0xAC2B, 0x83A9,
    0x7346, 0x6282, 0x7B26, 0x8387, 0x8B46, 0x6A83, 0x5A44, 0x49E2,
    0x49C3, 0x5A24, 0x49C3, 0x49E4, 0x4162, 0x3922, 0x20A1, 0x1860,
    0x0020, 0x2104, 0x2985, 0x31A6, 0x39E7, 0x3A27, 0x4A89, 0x4AAA,
    0x530A, 0x5B4B, 0x5B6B, 0x6C4C, 0x7CCE, 0x740C, 0x63AD, 0x5BED,
    0x5C0D, 0x7490, 0x8470, 0x73CF, 0x6BEF, 0x640D, 0x5B8C, 0x73ED,
    0x848E, 0x84CF, 0x7C8D, 0x84CE, 0x850F, 0x850F, 0x848F, 0x84CE,
    0x74AE, 0x6C0E, 0x7BCC, 0x7BAC, 0x848D, 0x7C4B, 0x8C2D, 0x8C8E,
    0x8CEF, 0x94EF, 0x7C2D, 0x94CF, 0xA531, 0x94AE, 0xA4CD, 0xBD2F,
    0xC632, 0xCE53, 0xB5D0, 0x956C, 0xADAE, 0xB5AF, 0xC5B0, 0xBDB0,
    0xB58E, 0xAD6F, 0xB54F, 0xB50D, 0xBD4F, 0xAD0E, 0x946B, 0x9BCA,
    0x93EB, 0x7C09, 0x6B68, 0x6309, 0x4A84, 0x7AC3, 0x6A83, 0x6B05,
    0x6264, 0x61C2, 0x6223, 0x5244, 0x4A03, 0x39A1, 0x4182, 0x3982,
    0x3942, 0x28A1, 0x1860, 0x0800, 0x29A5, 0x29C5, 0x3205, 0x42E8,
    0x4B4B, 0x638D, 0x6BCE, 0x63CD, 0x8CD0, 0x746D, 0x640C, 0x74AF,
    0x7CCE, 0x74AD, 0x848F, 0x8C50, 0x7C0F, 0x7C6F, 0x7CB0, 0x84D1,
    0x7CAF, 0x84F0, 0x6C4E, 0x748D, 0x8CCE, 0x746D, 0x84EF, 0x7CAE,
    0x746D, 0x646C, 0x6BED, 0x632A, 0x63E9, 0x644C, 0x94CF, 0x8BED,
    0x7C2E, 0x6CCD, 0x842B, 0x830A, 0x944E, 0x952F, 0x9D70, 0x952E,
    0x952D, 0x8D0D, 0x950F, 0x9C8D, 0xB52D, 0xC5B0, 0xC5AF, 0xCE51,
    0xBE31, 0xB5CF, 0xB5F0, 0xD653, 0xB58F, 0xA54D, 0xAD2D, 0x9D0C,
    0xAD2D, 0x948A, 0x9CAB, 0x9C4B, 0x9C0B, 0x8B88, 0x8388, 0x836C,
    0x7B4A, 0x6243, 0x6A84, 0x6AA6, 0x6A84, 0x6244, 0x5A04, 0x5203,
    0x49E2, 0x41C2, 0x4162, 0x3101, 0x20C1, 0x1060, 0x0000, 0x2142,
    0x29A4, 0x3205, 0x4AC9, 0x534C, 0x5BEB, 0x5BEC, 0x538B, 0x534A,
    0x6C2C, 0x94EF, 0x84AE, 0x848E, 0x84F0, 0x9594, 0x9615, 0x95F6,
    0x9E38, 0x8E35, 0x9D54, 0x9574, 0x95D3, 0x9613, 0x9E14, 0x9DF4,
    0xA594, 0x9D32, 0x9571, 0xAE14, 0xA614, 0xD739, 0xBE58, 0xC5D7,
    0x9D95, 0x7DB3, 0x9DD5, 0xBD53, 0xB513, 0xBF17, 0xC737, 0xBE55,
    0xAE13, 0xB612, 0xADB1, 0xC635, 0xC613, 0xBDB0, 0xAD90, 0xAD8F,
    0xC5D3, 0xCE13, 0xB58F, 0xBE31, 0xB5F1, 0xB5D0, 0xAD4E, 0x94CA,
    0xAD6D, 0xA52C, 0xAD4D, 0xAD0D, 0x9CAB, 0xAD2D, 0x848A, 0x8C4A,
    0xAC6C, 0x9B8A, 0x8B07, 0x8B6B, 0x7B4A, 0x7B08, 0x72E8, 0x6AA6,
    0x6284, 0x49C4, 0x51C4, 0x4943, 0x3941, 0x3981, 0x18E0, 0x20C1,
    0x1880, 0x0800, 0x1924, 0x2984, 0x29C5, 0x3A06, 0x4248, 0x3A27,
    0x4AC9, 0x4AC8, 0x4A69, 0x52EB, 0x5B8D, 0x6C0D, 0x6C2C, 0x746B,
    0x6C2A, 0x94AE, 0x9DB3, 0x8D73, 0x7CF1, 0x6C8E, 0x644C, 0x8D71,
    0x8D70, 0x8D90, 0x8E10, 0x7DCB, 0x8DB0, 0xA5B3, 0x9DD2, 0xA634,
    0xAE93, 0xAF14, 0xC797, 0xD77B, 0xC719, 0xBF59, 0xBF57, 0xC696,
    0xC5F4, 0xBE34, 0xB694, 0xC6B5, 0xCEB8, 0xCE95, 0xCEB5, 0xD6B7,
    0xEF17, 0xDED4, 0xCEB2, 0xD6F4, 0xD6D6, 0xCED6, 0xCE52, 0xCE52,
    0xC5EF, 0xC5F0, 0xC5F2, 0xC5D2, 0xBDB0, 0xBDD0, 0xAD2D, 0xBD2E,
    0xB52E, 0xC58F, 0xB52D, 0xAD0C, 0xA48D, 0x9C2C, 0x9C4B, 0xA46D,
    0x8BAB, 0x7B29, 0x6AC8, 0x72C7, 0x6266, 0x5A45, 0x49A4, 0x49A3,
    0x2982, 0x1900, 0x28C0, 0x1880, 0x0800, 0x1904, 0x2144, 0x29A5,
    0x3206, 0x3227, 0x39C7, 0x4208, 0x52C9, 0x5B2A, 0x5309, 0x4A6A,
    0x630B, 0x6B0A, 0x638C, 0x6C2E, 0x436A, 0x5BCA, 0x7CCE, 0x748D,
    0x7CAE, 0x7C8D, 0x742D, 0x6C2C, 0x6388, 0x5B05, 0x74AD, 0x754E,
    0x7D4F, 0x7D4E, 0x9571, 0x9551, 0x9D93, 0x9591, 0x9DF3, 0xAE54,
    0xADD4, 0xAE56, 0xB6F6, 0xBEF7, 0xCED7, 0xCED7, 0xD6F7, 0xD717,
    0xD718, 0xD758, 0xD717, 0xD736, 0xDF58, 0xDF37, 0xCEF5, 0xCED3,
    0xD6D5, 0xCE53, 0xCEB4, 0xD6B4, 0xD6D5, 0xDEF5, 0xCE93, 0xD652,
    0xD672, 0xCE52, 0xD672, 0xCE50, 0xCE31, 0xCDF0, 0xBD4E, 0xC5AE,
    0xB52E, 0xACED, 0xA4AD, 0xA48D, 0x9C4C, 0x93EA, 0x838A, 0x8369,
    0x7328, 0x6B08, 0x6AA7, 0x5A25, 0x41A3, 0x2901, 0x1880, 0x0000,
    0x2124, 0x2144, 0x29A5, 0x31E6, 0x3A47, 0x4AC9, 0x530A, 0x63AB,
    0x534A, 0x5BAB, 0x6C2C, 0x746D, 0x7C4F, 0x742F, 0x7CCF, 0x7D70,
    0x8532, 0x6C4F, 0x742E, 0x8CD0, 0x84EF, 0x952E, 0x8CCF, 0x7CAF,
    0x8D11, 0x84F1, 0x84F0, 0x9D92, 0x9592, 0x7D70, 0x95B0, 0x9570,
    0xADF4, 0xA615, 0xA615, 0xB655, 0xC656, 0xC676, 0xBEB5, 0xCEF6,
    0xD6F7, 0xD718, 0xD718, 0xD717, 0xD717, 0xD6F6, 0xD6F7, 0xD6F6,
    0xCEB3, 0xD6B5, 0xCE94, 0xC652, 0xCE73, 0xBE52, 0xCE93, 0xC693,
    0xBE52, 0xCE73, 0xD6D3, 0xD6B2, 0xDEB2, 0xDE92, 0xD692, 0xCE51,
    0xD651, 0xD631, 0xCDD0, 0xCDB0, 0xBD6E, 0xB54E, 0xBD6F, 0xACED,
    0xAC8D, 0x946C, 0x940B, 0x93CA, 0x8389, 0x7B48, 0x6AC7, 0x5A25,
    0x4183, 0x3101, 0x0840, 0x18E3, 0x2144, 0x2965, 0x31A6, 0x31E6,
    0x4287, 0x5329, 0x4AC9, 0x534A, 0x5B6A, 0x636B, 0x5C0C, 0x5C0C,
    0x640C, 0x6C0D, 0x6B8C, 0x6BCD, 0x740D, 0x740D, 0x740E, 0x7C4D,
    0x7C4E, 0x7BCB, 0x844B, 0x848E, 0x84EF, 0x7D0F, 0x6C8C, 0x8CF1,
    0x9D53, 0x9593, 0x9592, 0x9D91, 0x9DB0, 0x9DB2, 0xA5F4, 0xA5D3,
    0xBDD5, 0xBDD4, 0xB653, 0xAE92, 0xCED6, 0xCEB7, 0xCEB7, 0xDED7,
    0xD737, 0xD758, 0xD6F7, 0xDF38, 0xD6D5, 0xCED5, 0xC693, 0xBE72,
    0xB671, 0xCE31, 0xCE30, 0xC62F, 0xBDAF, 0xBD8F, 0xBDAF, 0xBDAF,
    0xBD8E, 0xCE0F, 0xD610, 0xD630, 0xCDF0, 0xC610, 0xC5F0, 0xBD6F,
    0xBD4F, 0xB4ED, 0xACCC, 0xACAC, 0xA44B, 0x942B, 0x8BEA, 0x8389,
    0x7B48, 0x6AC7, 0x5A66, 0x49C4, 0x3942, 0x1860, 0x1903, 0x2103,
    0x2984, 0x3226, 0x3A87, 0x3A89, 0x3AE7, 0x3AC6, 0x538A, 0x5BAB,
    0x536A, 0x636B, 0x73CD, 0x6C0C, 0x5BCC, 0x5B2B, 0x632B, 0x5ACB,
    0x5AA9, 0x638D, 0x5B4B, 0x63CB, 0x73ED, 0x740C, 0x744A, 0x846B,
    0x8C4D, 0x84AF, 0x850F, 0x8CCE, 0x9D30, 0x9511, 0x8511, 0x9DB2,
    0xA5B2, 0x9DB1, 0x9D92, 0xADF4, 0x9592, 0xADF4, 0xB654, 0xB695,
    0xB692, 0xB672, 0xBE94, 0xC693, 0xB671, 0xB692, 0xCEB3, 0xC692,
    0xC612, 0xBDF0, 0xC611, 0xC5F0, 0xADCF, 0xBDCF, 0xC5AD, 0xB56E,
    0xB5B0, 0xAD4E, 0xC5CD, 0xD5AE, 0xD58D, 0xC54B, 0xC52C, 0xC50D,
    0xBCED, 0xACAC, 0xACAC, 0xACAC, 0x9C2A, 0x93CA, 0x8BCA, 0x8369,
    0x8349, 0x7B48, 0x6B08, 0x6AA6, 0x6266, 0x5205, 0x41A4, 0x3942,
    0x1880, 0x1903, 0x2103, 0x2963, 0x3165, 0x41C6, 0x4227, 0x4A88,
    0x52C7, 0x5308, 0x5B28, 0x6367, 0x5BA7, 0x6368, 0x6B2A, 0x73EE,
    0x74B1, 0x6CB0, 0x74F1, 0x6C8F, 0x740E, 0x736F, 0x636C, 0x6C0C,
    0x742C, 0x7C6E, 0x8D92, 0x850E, 0x8CCE, 0x8D31, 0xA5D3, 0xAE75,
    0xA652, 0xB654, 0xAE16, 0xA617, 0xB6B7, 0xBEF8, 0xBEB6, 0xD6F7,
    0xD6D7, 0xC697, 0xBEB7, 0xB654, 0xB673, 0xBE91, 0xB5F0, 0xB56F,
    0xA50E, 0x8CAD, 0x954D, 0xBD8D, 0xB58D, 0xA52C, 0x9CEC, 0xB58E,
    0xB5CF, 0xBE31, 0xBD0F, 0xBD51, 0xC5B2, 0xC5F0, 0xCDCE, 0xC56E,
    0xBD4C, 0xB4EA, 0x9C09, 0xA40A, 0xA42B, 0x93C9, 0x93E9, 0x8368,
    0x8327, 0x8347, 0x62E6, 0x6AA7, 0x6A66, 0x6286, 0x5225, 0x5204,
    0x49C4, 0x3983, 0x3943, 0x1040, 0x2143, 0x29A3, 0x29E4, 0x3A46,
    0x3A45, 0x52E9, 0x5B0A, 0x52E8, 0x6369, 0x63C8, 0x638A, 0x6BCC,
    0x6C2C, 0x644C, 0x744D, 0x6C6E, 0x642F, 0x5BCE, 0x638D, 0x5BCD,
    0x644E, 0x6C2F, 0x7C4E, 0x7C6F, 0x7C2D, 0x746C, 0x7D0E, 0x7D4E,
    0x85B0, 0x8D71, 0xA614, 0xA657, 0x9E55, 0xBE55, 0xB5F5, 0xB5D6,
    0xBE15, 0xAE12, 0xB674, 0xB653, 0xA5D0, 0xADB0, 0xAD6F, 0xAD4F,
    0x9D0D, 0x954C, 0x9D2C, 0x94EB, 0xA4CE, 0x948D, 0x8CEC, 0x94EC,
    0xB54C, 0xBE0F, 0xAD4C, 0xBDCE, 0xC631, 0xBE51, 0xCDAF, 0xBDAF,
    0xB54E, 0xB54E, 0xC5AE, 0xBD8E, 0xA54A, 0xA4CA, 0xA42A, 0x93EA,
    0x8B88, 0x8B68, 0x8B68, 0x8328, 0x8B27, 0x7B08, 0x5AA7, 0x5A65,
    0x6265, 0x5A66, 0x5225, 0x49E5, 0x3163, 0x28E1, 0x1840, 0x2122,
    0x3183, 0x3A05, 0x4AC7, 0x5B08, 0x5286, 0x5286, 0x6BCB, 0x52E7,
    0x52C7, 0x5BAB, 0x5BEB, 0x5369, 0x5349, 0x3B08, 0x4AA9, 0x4A49,
    0x4A69, 0x4AA9, 0x5289, 0x42A9, 0x42EA, 0x4AAA, 0x5B2A, 0x5B48,
    0x63CA, 0x6C4C, 0x748D, 0x646C, 0x6C8D, 0x74AD, 0x748D, 0x6CCE,
    0x74AE, 0x7CEC, 0x6C4A, 0x846F, 0x94D0, 0x8CAD, 0xAD50, 0x8CAE,
    0x9D0F, 0x9CED, 0x948B, 0x8C4D, 0x842C, 0x6BE9, 0x7C0A, 0x8C8B,
    0x9CAC, 0x94CC, 0x74AB, 0x8489, 0x9C68, 0xB52C, 0xB5AD, 0xAD0C,
    0xA52D, 0xBDF0, 0xBDCE, 0xB52C, 0xB52F, 0xBDAE, 0xB58C, 0xBD4D,
    0xBD0E, 0xAC8B, 0xA44B, 0x9C4A, 0x93E9, 0x8B69, 0x7B08, 0x8308,
    0x8307, 0x72A8, 0x734A, 0x5A45, 0x6286, 0x5225, 0x49E4, 0x4184,
    0x3102, 0x1840, 0x2963, 0x31E4, 0x3204, 0x4246, 0x4266, 0x3A87,
    0x42A7, 0x3A04, 0x4A88, 0x52E9, 0x5A88, 0x5287, 0x4AE8, 0x5B4B,
    0x530A, 0x4B0A, 0x42EA, 0x4B0A, 0x4B4B, 0x4B2B, 0x5AEA, 0x52EA,
    0x538B, 0x5B8B, 0x638B, 0x5BAC, 0x5BAB, 0x6B8B, 0x6BCA, 0x63AD,
    0x742E, 0x73AC, 0x8C0E, 0x63AC, 0x5BAB, 0x6C2C, 0x740C, 0x842F,
    0x844E, 0x8CAE, 0x9CAF, 0xAD0F, 0x94AE, 0x94CD, 0x94AC, 0x8C2B,
    0x6BA9, 0x7BEA, 0x848C, 0x7C0A, 0x9CAC, 0xA50F, 0x852E, 0x74AB,
    0x9C4B, 0xACCB, 0xADAE, 0xB5B0, 0xB530, 0xBD2F, 0xB50E, 0xBD6E,
    0xB50E, 0xB48C, 0xBCCD, 0xAC8C, 0xA46B, 0x93E9, 0x93E9, 0x93E9,
    0x93C8, 0x8B48, 0x72C8, 0x7307, 0x7AE6, 0x72C8, 0x6266, 0x5225,
    0x41E4, 0x41A3, 0x4163, 0x30E2, 0x1020, 0x2143, 0x31A4, 0x31C4,
    0x29C5, 0x3A68, 0x4ACA, 0x4AE9, 0x5309, 0x634B, 0x636A, 0x636B,
    0x6BAC, 0x636C, 0x638C, 0x5B6B, 0x63AB, 0x5BCD, 0x538C, 0x5B8B,
    0x5B8C, 0x6BEE, 0x6C0D, 0x744E, 0x640C, 0x6BEC, 0x7C6D, 0x744D,
    0x6C0C, 0x7CCD, 0x7D0D, 0x74ED, 0x7C90, 0x7CD0, 0x8CD0, 0x9511,
    0x8D52, 0x8D51, 0x9D71, 0xA573, 0x94F0, 0x8CCF, 0xA4EF, 0xA52F,
    0x952E, 0x84CC, 0x846A, 0x946A, 0x9D0D, 0x9DAF, 0x956E, 0xBDF1,
    0xCE32, 0xC5F2, 0xB5D2, 0xBE33, 0xBDD1, 0xC52F, 0xBD6F, 0xAD4E,
    0xACEF, 0xBD2F, 0xBD4F, 0xBD4F, 0xB4CD, 0xA48C, 0x9C4A, 0xA46B,
    0x9C6A, 0x9C0A, 0xAC6C, 0xA42B, 0xA42B, 0x9BEB, 0xA3EC, 0x7AE7,
    0x6A86, 0x6A86, 0x5A25, 0x51E4, 0x49A4, 0x3943, 0x28E1, 0x0840,
    0x2123, 0x2964, 0x31E5, 0x39E6, 0x4247, 0x4AC8, 0x52E9, 0x5BAC,
    0x5BAA, 0x63EB, 0x5BCB, 0x6C0C, 0x848D, 0x7C4D, 0x748F, 0x7C6F,
    0x740C, 0x6C0D, 0x6C0F, 0x63CD, 0x5BCB, 0x742D, 0x5329, 0x5B29,
    0x6C2B, 0x6BE9, 0x5349, 0x53AB, 0x4267, 0x4B08, 0x6C8D, 0x63EC,
    0x84D0, 0x84F0, 0x8CF0, 0x8CEE, 0x84F0, 0x8C90, 0x84AE, 0xA4D1,
    0x9D11, 0x954F, 0xAD91, 0xADB0, 0xA5B0, 0xAD8F, 0xCDF2, 0xCE12,
    0xCE12, 0xCE74, 0xC694, 0xCED4, 0xD6F4, 0xD674, 0xC634, 0xCE74,
    0xD612, 0xD5F2, 0xC5F0, 0xBDB0, 0xBD70, 0xAD0D, 0xB54E, 0xB52E,
    0xCD4F, 0xB4ED, 0xB4EE, 0xACCD, 0xB4AD, 0xACED, 0x9C2B, 0xAC6C,
    0xAC4C, 0x9369, 0x8328, 0x7B08, 0x6286, 0x5226, 0x51E5, 0x51C4,
    0x3943, 0x20A1, 0x0820, 0x2144, 0x2984, 0x29C5, 0x4267, 0x4AA9,
    0x4A88, 0x4AE7, 0x4B07, 0x4B07, 0x6B89, 0x7C09, 0x6C0B, 0x63EC,
    0x846F, 0x8CEF, 0x744F, 0x6BCD, 0x74AF, 0x748E, 0x6BCC, 0x6C4D,
    0x84CF, 0x9D91, 0x9DB2, 0x9551, 0x9DD2, 0xAE92, 0xB653, 0xAE55,
    0xB616, 0xADB5, 0x9DB2, 0x9DB2, 0xA552, 0xA573, 0x9550, 0x956F,
    0x9D10, 0x9511, 0x9490, 0xA551, 0xA5B2, 0xA571, 0xCDD2, 0xC5F2,
    0xD674, 0xDEB6, 0xCE75, 0xCE13, 0xDE73, 0xD673, 0xC693, 0xCED4,
    0xD715, 0xD694, 0xD6D6, 0xCE94, 0xD673, 0xD672, 0xC611, 0xBDD1,
    0xC5D0, 0xCDD1, 0xCE11, 0xCDD1, 0xCD90, 0xCDD0, 0xBD4E, 0xB50E,
    0xACCD, 0x9C4D, 0x9C2B, 0x93CA, 0x8369, 0x8B8A, 0x8328, 0x6AC8,
    0x6288, 0x5A66, 0x51E5, 0x3963, 0x28E2, 0x1040, 0x1904, 0x2164,
    0x2984, 0x3226, 0x3A88, 0x4288, 0x52A7, 0x5266, 0x4AC7, 0x52E8,
    0x6348, 0x6BA8, 0x6368, 0x63A9, 0x6BAD, 0x638B, 0x5BAA, 0x63AB,
    0x7C0D, 0x9530, 0xA613, 0x9E12, 0xA653, 0xB673, 0xB6B4, 0xBF16,
    0xBF15, 0xC773, 0xEFB8, 0xE7DB, 0xDFDA, 0xDFDA, 0xC73A, 0xCEFA,
    0xCEB8, 0xDEF9, 0xCF19, 0xBF16, 0xC716, 0xCF17, 0xCF17, 0xCE96,
    0xCE76, 0xCE76, 0xCE95, 0xC633, 0xC631, 0xBE31, 0xBDF1, 0xBDD1,
    0xCE33, 0xC5D0, 0xC5F1, 0xCE11, 0xD6B2, 0xD653, 0xC5F2, 0xC631,
    0xCDF1, 0xCD90, 0xBDD0, 0xCDF1, 0xCD91, 0xC5B1, 0xC5AF, 0xC54F,
    0xC56E, 0xBD2D, 0xB52D, 0xB4ED, 0xACCD, 0x9C4B, 0x9C0B, 0x93EB,
    0x8BAA, 0x8B6A, 0x7B08, 0x6AE7, 0x5A87, 0x51E5, 0x4163, 0x3102,
    0x1040, 0x2124, 0x2965, 0x29A5, 0x29C5, 0x3A06, 0x3227, 0x3A48,
    0x5B6A, 0x6308, 0x6348, 0x5B6A, 0x5B68, 0x742C, 0x7CAC, 0x7C4D,
    0x94F1, 0x8D30, 0x748D, 0x63EC, 0x6C4D, 0x7C4E, 0x7C4C, 0x7C6D,
    0x5B28, 0x73EA, 0x7BEB, 0x6BCD, 0x8D52, 0x9571, 0x9DD0, 0x8DB2,
    0xB655, 0xC79B, 0xC7DC, 0xBF5B, 0xBF5A, 0xC739, 0xCF3A, 0xCF59,
    0xD718, 0xD718, 0xD738, 0xD738, 0xCED7, 0xD6B7, 0xD6F7, 0xCEB5,
    0xC673, 0xCE54, 0xCE33, 0xC611, 0xC5F1, 0xCE12, 0xD653, 0xCDF2,
    0xCDD0, 0xCDD1, 0xC590, 0xCDD1, 0xD5B0, 0xC56F, 0xBD2E, 0xB4CC,
    0xACAC, 0xACEC, 0xACCB, 0xB4EC, 0xBCED, 0xACAC, 0xB48D, 0x9C2C,
    0x940B, 0xA44B, 0x9C2B, 0x8BAA, 0x8BAA, 0x7B29, 0x6AC7, 0x5A66,
    0x49E5, 0x4163, 0x3102, 0x1840, 0x1904, 0x2165, 0x29A5, 0x2985,
    0x3267, 0x3267, 0x4AAA, 0x4B09, 0x42C8, 0x6BAA, 0x73CB, 0x742C,
    0x640C, 0x6C2D, 0x638C, 0x5B2B, 0x632C, 0x5B2C, 0x534A, 0x4289,
    0x638C, 0x640B, 0x740A, 0x7CCF, 0x74B0, 0x7CAD, 0x84CC, 0x7C8E,
    0x5C0F, 0x7BEF, 0x9CCE, 0x9D4D, 0x948B, 0x7B6A, 0x9CF0, 0xBDF1,
    0xAE90, 0xB614, 0xC657, 0xCEB7, 0xCED8, 0xD719, 0xCEF6, 0xCED6,
    0xD6D8, 0xD6F8, 0xDED8, 0xD6F8, 0xCED7, 0xD6B7, 0xD696, 0xD695,
    0xD673, 0xD673, 0xD634, 0xCDF1, 0xCDB1, 0xCD91, 0xCDD0, 0xCD90,
    0xC54F, 0xBD2F, 0xC530, 0xC50D, 0xB4CB, 0xA4AA, 0xBD0D, 0xBCEE,
    0xAC6B, 0xAC8C, 0xAC4C, 0xA42B, 0x93CB, 0x8369, 0x8369, 0x7B49,
    0x72E8, 0x6AC7, 0x72A8, 0x51E6, 0x4164, 0x3102, 0x1040, 0x10C2,
    0x1923, 0x21A5, 0x29C6, 0x31C6, 0x2A07, 0x19C6, 0x39C7, 0x4207,
    0x4248, 0x4227, 0x4A89, 0x52E9, 0x6C0C, 0x4B69, 0x4ACA, 0x3A88,
    0x5B0A, 0x6BED, 0x640E, 0x63AB, 0x638B, 0x6BCC, 0x6C2A, 0x64CD,
    0x75B5, 0x85B3, 0x9CEE, 0x9D4F, 0x8D72, 0x9532, 0x9D31, 0xBE15,
    0xBE97, 0xB677, 0xA46C, 0xC4A0, 0xBD60, 0xB587, 0xCE32, 0xBE73,
    0xC675, 0xDED8, 0xDEF8, 0xD719, 0xCF1A, 0xD6D9, 0xD6D8, 0xCEF8,
    0xCED6, 0xD6B6, 0xD6B6, 0xD695, 0xD654, 0xD654, 0xCE32, 0xCDF0,
    0xCDAF, 0xBD6D, 0xB54D, 0xC54E, 0xD570, 0xD5B2, 0xCDB0, 0xCD2E,
    0xC50D, 0xC54C, 0xB4AB, 0xB4AC, 0xA469, 0x8367, 0x940A, 0x7B28,
    0x72C8, 0x72E7, 0x6AC7, 0x6287, 0x5225, 0x49C4, 0x49A4, 0x4184,
    0x3922, 0x1861, 0x2144, 0x2124, 0x18A3, 0x21C6, 0x3207, 0x422A,
    0x3A08, 0x3289, 0x3B0B, 0x4ACA, 0x530A, 0x4B6B, 0x4AEA, 0x5A09,
    0x4AC7, 0x5368, 0x532A, 0x53AB, 0x4B48, 0x5B2A, 0x5B8B, 0x5B6A,
    0x63AB, 0x5AEA, 0x6368, 0x3A03, 0x29E6, 0x6BED, 0x842F, 0x84D0,
    0x95B2, 0x9E55, 0xA656, 0xB614, 0xAEB4, 0x9657, 0x9D75, 0xCDD3,
    0xBE31, 0xD674, 0xCE56, 0xB6B3, 0xD6FA, 0xDF1A, 0xD6B6, 0xDED8,
    0xD71A, 0xCEF8, 0xCF18, 0xD719, 0xDEF9, 0xD6B6, 0xCEB4, 0xCEB3,
    0xC693, 0xB5D0, 0xB5AF, 0xAD4E, 0xB52D, 0xAD0D, 0xB50D, 0xB4AB,
    0xAC8A, 0xB50C, 0xC50D, 0xBCCC, 0xBD0B, 0xB4EB, 0xAC4B, 0xA3CA,
    0x7348, 0x7B47, 0x6AC6, 0x62E8, 0x6285, 0x51E3, 0x49E4, 0x5205,
    0x41A4, 0x49A4, 0x3963, 0x3102, 0x1040, 0x1903, 0x21A5, 0x31E6,
    0x31C6, 0x3207, 0x3A89, 0x4289, 0x4248, 0x434B, 0x4BAC, 0x4A8A,
    0x528A, 0x5BAC, 0x5BAD, 0x736C, 0x5B8A, 0x6C4C, 0x6C0D, 0x5BCD,
    0x6BEA, 0x6B8A, 0x5C2C, 0x74CD, 0x7C8F, 0x9512, 0xAD73, 0x84D0,
    0x9552, 0x8CF1, 0x8CD0, 0x8CB1, 0x7C30, 0x644E, 0x8431, 0x7BCE,
    0x9DB0, 0xB635, 0xBE34, 0xB614, 0xADD3, 0xBE55, 0xBE75, 0xAE0D,
    0xC5D0, 0xDE76, 0xCEB4, 0xDED8, 0xD697, 0xCF38, 0xBEF6, 0xCE96,
    0xD656, 0xCE76, 0xCE73, 0xC652, 0xC632, 0xBE52, 0xBE32, 0xC5F1,
    0xBD90, 0xB54F, 0xBD2E, 0xBD2D, 0xBD0E, 0xACED, 0xACCC, 0xB4CC,
    0xB4CD, 0xA46A, 0xAC6B, 0x9C2B, 0x8BE9, 0x8369, 0x7308, 0x6AC7,
    0x5A25, 0x6246, 0x6A66, 0x51E5, 0x4183, 0x3942, 0x20C1, 0x0800,
    0x1904, 0x2144, 0x29A6, 0x31E7, 0x3A07, 0x4269, 0x42CB, 0x42AA,
    0x3A68, 0x3B09, 0x63EE, 0x634C, 0x52E9, 0x53AC, 0x640F, 0x6BEE,
    0x6C2C, 0x6C2B, 0x7C6E, 0x74CF, 0x9D51, 0x9D31, 0x8572, 0x95B3,
    0x9E14, 0xA674, 0x9E34, 0xAE75, 0xAE55, 0xAE54, 0xAE75, 0xAE14,
    0xADF4, 0x8DF3, 0x8D73, 0x8D52, 0x8550, 0x9D71, 0x954F, 0x9530,
    0x9D0F, 0xA553, 0x8DAF, 0x9D8E, 0xB533, 0x8CCF, 0x9DB0, 0xD594,
    0xCE54, 0xB652, 0xAE33, 0xB5F5, 0x9DF4, 0xBDB4, 0xD5F3, 0xD633,
    0xC653, 0xBE52, 0xC632, 0xC652, 0xC632, 0xC5F1, 0xBDF0, 0xC5F1,
    0xCDF0, 0xCDF0, 0xC58F, 0xBD6F, 0xBD2E, 0xB50D, 0xB4ED, 0xACAC,
    0x9C0B, 0x7B49, 0x62A7, 0x6246, 0x5A25, 0x49C4, 0x5205, 0x4183,
    0x3142, 0x20C0, 0x0820, 0x2124, 0x2965, 0x2185, 0x29E6, 0x3247,
    0x3A69, 0x42AA, 0x42EA, 0x4229, 0x528A, 0x430A, 0x4B2A, 0x5B8C,
    0x63AC, 0x53CC, 0x63ED, 0x844F, 0x7CF1, 0x9DD2, 0x84B1, 0x74D0,
    0x8511, 0x9554, 0x9DF3, 0x9594, 0x9534, 0xB616, 0x9D74, 0x9573,
    0xA5B4, 0xBE36, 0xB6F8, 0xC698, 0xCE97, 0xBE17, 0x9D53, 0x9D93,
    0x9552, 0x9D51, 0x9573, 0x94F1, 0x9D31, 0x9D73, 0x956F, 0xA4EF,
    0xA470, 0x952D, 0xA4AE, 0xA48E, 0x8D0D, 0x9CEE, 0x9CCF, 0x8CCD,
    0x848C, 0x9D2E, 0xBD4D, 0xBD70, 0xB5D0, 0xAE11, 0xBD90, 0xCE11,
    0xBDF0, 0xC5F0, 0xCDF1, 0xD631, 0xCE51, 0xCDD0, 0xCDF0, 0xBD6F,
    0xC56F, 0xB50E, 0xACCD, 0x9C2A, 0x8349, 0x62A7, 0x5A86, 0x6265,
    0x51E4, 0x4183, 0x3963, 0x2902, 0x28E1, 0x1040, 0x1903, 0x2164,
    0x2985, 0x2185, 0x21E6, 0x3248, 0x3A28, 0x4269, 0x4B2C, 0x532C,
    0x5BAC, 0x6C90, 0x6450, 0x6C4E, 0x6C2C, 0x644C, 0x6C0E, 0x6C4E,
    0x646D, 0x6D10, 0x8532, 0x8532, 0x84D0, 0x7450, 0x84B0, 0x740E,
    0x6BCF, 0x7470, 0x7450, 0x7450, 0x73ED, 0x6BED, 0x7C50, 0x738E,
    0x8BF0, 0x7C72, 0x7552, 0x6D51, 0x9573, 0x8D91, 0x8551, 0x9D72,
    0x9510, 0x84F0, 0x8CEF, 0xA490, 0x942C, 0x6BE9, 0x8C0E, 0x8C0C,
    0x946E, 0x8BCB, 0x8B6C, 0x940A, 0x8C0B, 0x7368, 0x7388, 0x944B,
    0x8CAB, 0x946C, 0x9C6B, 0xA46C, 0xACCD, 0xB4ED, 0xB4CD, 0xB4ED,
    0xB50D, 0xBD2D, 0xBCCD, 0xAC6C, 0xAC8C, 0xA46C, 0x940A, 0x8328,
    0x72C8, 0x62E7, 0x5A65, 0x51E4, 0x49C4, 0x41A4, 0x3143, 0x3101,
    0x1860, 0x2164, 0x1924, 0x2164, 0x2985, 0x29C6, 0x3228, 0x3A89,
    0x42EB, 0x42C9, 0x42CA, 0x4249, 0x4AA8, 0x5B4A, 0x5B2B, 0x63CD,
    0x64AD, 0x5BEC, 0x5B8B, 0x5308, 0x5B4B, 0x63AC, 0x4B6A, 0x63ED,
    0x6C2E, 0x6BAF, 0x5B8D, 0x6C2F, 0x7C50, 0x742E, 0x6BCD, 0x7C6F,
    0x9D12, 0x8D52, 0x9D95, 0x9CF2, 0x7CD0, 0x8551, 0x8513, 0x6C30,
    0x9511, 0x84EE, 0x84D0, 0x94AF, 0x94B0, 0x9531, 0x94AE, 0xA4D1,
    0x9DB2, 0x94AE, 0x942D, 0x9CB0, 0x83CC, 0x83EB, 0x840A, 0x838B,
    0x8C0D, 0x7369, 0x7BA9, 0x94AB, 0x8C29, 0x93E9, 0x9C2B, 0xAC4D,
    0xA46B, 0x944B, 0x940A, 0x9C2A, 0x8BC9, 0x9C2A, 0x9BEA, 0xA42A,
    0x8348, 0x9BEA, 0x8BA9, 0x7308, 0x7B89, 0x6AA7, 0x6225, 0x5205,
    0x49A4, 0x3143, 0x3101, 0x1040, 0x18E3, 0x2184, 0x2164, 0x2185,
    0x29C6, 0x31E6, 0x3A27, 0x42AA, 0x4B4B, 0x534B, 0x5B0C, 0x52EA,
    0x5B8A, 0x5B49, 0x52C8, 0x5B8A, 0x5B6A, 0x6BAD, 0x63EC, 0x638B,
    0x4B2B, 0x53EE, 0x6BF0, 0x7CF1, 0x8DB3, 0x8CB1, 0x84F1, 0x8D52,
    0x8DD5, 0x9E37, 0xA617, 0x9555, 0x9574, 0x8593, 0x9513, 0x9D74,
    0x9DD4, 0xADD3, 0xA5D4, 0xB5F6, 0xC678, 0xBE58, 0xAD94, 0x95D3,
    0x8E13, 0x9DD2, 0xAE15, 0xBE35, 0xC5D3, 0xB592, 0xAD12, 0x93ED,
    0x7AC9, 0x736A, 0x7AEA, 0x838B, 0x842A, 0x6B68, 0x8C4A, 0x8C2A,
    0x9C4B, 0xACAD, 0xA46D, 0xAC6C, 0xA4AC, 0x9C6B, 0xA42B, 0xAC8D,
    0x942A, 0x9389, 0x9368, 0x8B27, 0x93C9, 0x8369, 0x7328, 0x6B27,
    0x62C7, 0x6A66, 0x59E5, 0x4183, 0x3143, 0x28E2, 0x1040, 0x2165,
    0x2144, 0x2125, 0x2145, 0x3A29, 0x3208, 0x4288, 0x3A48, 0x42AA,
    0x536A, 0x5349, 0x5B6B, 0x5389, 0x5BA9, 0x636A, 0x638B, 0x63EA,
    0x740D, 0x6C0E, 0x744F, 0x7452, 0x8CB2, 0x95D2, 0x9D13, 0x84F3,
    0x64F1, 0x7C71, 0x7C11, 0x8532, 0x9617, 0x8594, 0x8512, 0x84D1,
    0x7C71, 0x8CD0, 0xA533, 0x95B4, 0x9D73, 0xB594, 0x9DD2, 0x9DF2,
    0x9572, 0xA572, 0xADD2, 0x9551, 0x8CF1, 0x950F, 0xAD91, 0xCDD2,
    0xCDF4, 0xBDD4, 0xAD91, 0xACF1, 0x94EF, 0x856F, 0x8C0D, 0x8429,
    0x7BE7, 0x7BC8, 0x7C09, 0x8BEA, 0x942B, 0x948B, 0xB4CD, 0xC4EE,
    0xBD2E, 0xAC6C, 0xAC0A, 0x9C2A, 0x9C2B, 0x93C9, 0x9BC9, 0x8B88,
    0x8B48, 0x72C7, 0x6AE7, 0x62E7, 0x6245, 0x5205, 0x49A4, 0x3143,
    0x28E2, 0x1040, 0x18E3, 0x1904, 0x2124, 0x18E4, 0x1924, 0x2166,
    0x4248, 0x42A9, 0x4A89, 0x4A88, 0x42E6, 0x5329, 0x5B0A, 0x63AB,
    0x638C, 0x638D, 0x6C2D, 0x748E, 0x6C0E, 0x6B8C, 0x6BAC, 0x6B6D,
    0x63CD, 0x5BEC, 0x638C, 0x536D, 0x63AC, 0x5BAB, 0x4B49, 0x5207,
    0x5AC7, 0x7C0E, 0x74AE, 0x842F, 0x84B0, 0x84AE, 0x746C, 0x74AD,
    0x8C6E, 0x8CB0, 0x84AE, 0x8C2C, 0x840D, 0x7BEB, 0x9C6D, 0x9CCF,
    0x94F0, 0x9D30, 0xA54E, 0xB570, 0xB5D2, 0xADD2, 0xB590, 0xB52F,
    0x95B1, 0xB572, 0xBD4F, 0xA4CD, 0xACD0, 0xB4EE, 0xA52E, 0xA52D,
    0xBCEE, 0xB54E, 0xB54E, 0xC56E, 0xB4CD, 0xB44C, 0xAC6B, 0x9C6B,
    0x9C0B, 0x8B88, 0x7B27, 0x8389, 0x8308, 0x72E7, 0x62E7, 0x5A05,
    0x49A3, 0x49C4, 0x3963, 0x20C1, 0x1040, 0x1943, 0x2164, 0x2985,
    0x31A7, 0x3227, 0x3A28, 0x4209, 0x42A9, 0x530B, 0x5B4B, 0x63EB,
    0x5BAA, 0x63CD, 0x63AA, 0x748B, 0x648E, 0x642D, 0x640D, 0x640E,
    0x74EF, 0x74CF, 0x5BAC, 0x632C, 0x63CD, 0x53AC, 0x6BCD, 0x746F,
    0x7C2D, 0x7D10, 0x85B5, 0x7511, 0x7D71, 0x6C8F, 0x742D, 0x740D,
    0x740D, 0x6C0D, 0x742A, 0x73AB, 0x7BCD, 0x838C, 0x840C, 0x842F,
    0x8511, 0x84CF, 0xACF0, 0xAD91, 0xA5D2, 0xADB2, 0xBDB2, 0xBDD2,
    0xAD70, 0xBD90, 0xCE32, 0xC693, 0xC652, 0xCE52, 0xEDD5, 0xCDF4,
    0xC5D1, 0xBDD0, 0xB5B0, 0xBD70, 0xAD0E, 0xAD0D, 0xB4CD, 0x944B,
    0xAC4C, 0xA42B, 0x8BC9, 0x9BCA, 0x9389, 0x8B89, 0x7348, 0x8329,
    0x7308, 0x6AA6, 0x5A25, 0x41A4, 0x3962, 0x3962, 0x28E1, 0x0820,
    0x18C2, 0x2144, 0x29A6, 0x2144, 0x3A07, 0x3A68, 0x3A48, 0x3227,
    0x42A9, 0x4A8A, 0x3A26, 0x3A84, 0x42C6, 0x42C8, 0x4A66, 0x4A47,
    0x42C9, 0x532B, 0x52AA, 0x5B4B, 0x540C, 0x542D, 0x5C2F, 0x5B6C,
    0x632B, 0x63CC, 0x42C9, 0x5ACA, 0x5B2A, 0x5A8A, 0x628A, 0x530A,
    0x5B0C, 0x6BCD, 0x5AE8, 0x5329, 0x63EC, 0x6BEA, 0x742B, 0x73AC,
    0x83CC, 0x8CAD, 0x6C2C, 0x642D, 0x748E, 0xA4F0, 0x9D50, 0xA5F2,
    0xADD3, 0xB5D3, 0xBDF2, 0xC613, 0xC593, 0xB5F2, 0xCED4, 0xCEB3,
    0xC6D2, 0xCEB3, 0xBE32, 0xB612, 0xC5EF, 0xD631, 0xD611, 0xC550,
    0xAD2D, 0xAD0A, 0x8C6A, 0x7B27, 0x9388, 0x940A, 0xA40B, 0x936A,
    0x93A9, 0x8389, 0x7B49, 0x6AA7, 0x5A25, 0x51C4, 0x51E5, 0x4183,
    0x3162, 0x28E1, 0x1040, 0x18E3, 0x2144, 0x2165, 0x1944, 0x29A5,
    0x29E6, 0x31C6, 0x39E6, 0x3A47, 0x31C6, 0x3A88, 0x528A, 0x39E5,
    0x2AC8, 0x42EA, 0x5B2A, 0x5BAD, 0x63AD, 0x63ED, 0x738E, 0x742E,
    0x8491, 0x7491, 0x8513, 0x7BEE, 0x6BAE, 0x6CB0, 0x6C0F, 0x842F,
    0x8C90, 0x8453, 0x84B3, 0x74D1, 0x6BEE, 0x8C2F, 0x8CEF, 0x8CAF,
    0x9D10, 0xA571, 0x9CD1, 0x95B0, 0xADB4, 0xB573, 0xAD92, 0xA571,
    0xA571, 0xAD71, 0xA590, 0xADD1, 0xC613, 0xD677, 0xC5F3, 0xCE54,
    0xC654, 0xBE31, 0xD6B3, 0xCED2, 0xD712, 0xC692, 0xC652, 0xCE10,
    0xC5EF, 0xC5B0, 0xB4CE, 0xAD2D, 0xAD2A, 0x946A, 0xA46C, 0x93C9,
    0x93C9, 0x8BA9, 0x8349, 0x7B07, 0x7306, 0x5A45, 0x5A44, 0x49E3,
    0x49C3, 0x49A4, 0x4183, 0x3142, 0x20C1, 0x1060, 0x1924, 0x1924,
    0x2165, 0x29C7, 0x2985, 0x29C6, 0x3228, 0x3A48, 0x4ACA, 0x5309,
    0x5B8B, 0x63AD, 0x6C8F, 0x7CD0, 0x7C92, 0x648F, 0x5BCD, 0x6C0C,
    0x6C8E, 0x8450, 0x84F1, 0xAE17, 0xBE7A, 0x8DF9, 0x9E18, 0xA555,
    0x8DF5, 0x9678, 0x9617, 0xA677, 0x8E16, 0x7D94, 0x95F5, 0x9DD6,
    0xADB7, 0xA5B4, 0xBEB7, 0xADD4, 0xA5B0, 0xADB1, 0xB612, 0x856C,
    0xB550, 0xBDD4, 0xB5D4, 0xC5F5, 0xBE33, 0xC655, 0xB5F3, 0xD696,
    0xC654, 0xC631, 0xC633, 0xC613, 0xCE31, 0xD672, 0xCEB3, 0xCED3,
    0xD6B3, 0xCE93, 0xCE30, 0xCE30, 0xCDD1, 0xAC4E, 0x9CAD, 0xA4EA,
    0x9BC9, 0x9BCA, 0x93A9, 0x8B88, 0x5A62, 0x6283, 0x6A84, 0x6264,
    0x5224, 0x5204, 0x41A2, 0x41A2, 0x3961, 0x3962, 0x39A3, 0x28C1,
    0x0820, 0x1944, 0x2986, 0x2184, 0x29C6, 0x3207, 0x4AA9, 0x4ACA,
    0x530C, 0x4B2B, 0x5B8D, 0x5B8C, 0x5348, 0x750E, 0x85B0, 0x7C50,
    0x6C4E, 0x6C4D, 0x4BAA, 0x5BCA, 0x7C2E, 0x7C91, 0x84F2, 0x6C90,
    0x6C70, 0x7470, 0x84B1, 0x74AF, 0x8531, 0x9DB3, 0xB5F6, 0x95B6,
    0x8618, 0x9616, 0xADD7, 0xB636, 0xA572, 0x9510, 0x8CCE, 0xA5D1,
    0xADF2, 0xB5F3, 0xA652, 0xBEB4, 0xC615, 0xCEB6, 0xBE53, 0xC654,
    0xBE13, 0xC5F2, 0xB5D0, 0x9D0D, 0xA4EE, 0x7388, 0x83A6, 0xCE4F,
    0xCD6C, 0xB5AE, 0xC733, 0xCE90, 0xB610, 0xBE11, 0xBD8F, 0xCD91,
    0xD5B2, 0xC52F, 0xD52E, 0xB4AC, 0x8C0A, 0x72C6, 0x8326, 0x8347,
    0x7B48, 0x6A86, 0x6264, 0x5244, 0x51E5, 0x5205, 0x49A3, 0x3962,
    0x3962, 0x2901, 0x2080, 0x0820, 0x1923, 0x2165, 0x29A6, 0x3208,
    0x4249, 0x3A89, 0x3A88, 0x42C7, 0x4267, 0x4AC9, 0x5B8B, 0x532A,
    0x4228, 0x430A, 0x5B4D, 0x746E, 0x746E, 0x84F2, 0x8D10, 0x742C,
    0x6C2E, 0x6C0F, 0x8B8D, 0x6BCD, 0x5C0E, 0x7C0E, 0xAD13, 0x8D74,
    0x9470, 0xAD13, 0xA4F0, 0x8C0F, 0x6B2A, 0x748F, 0x746F, 0x84AE,
    0x9D32, 0x8D10, 0x9D72, 0xA552, 0xA4F2, 0xB615, 0xAE55, 0xADF4,
    0xB633, 0xADF3, 0xC676, 0xBE13, 0xBE12, 0xBDB3, 0xBDB3, 0xB530,
    0xC573, 0xBD93, 0xB5EE, 0xD68F, 0xDE93, 0xCE12, 0xD62E, 0xD62E,
    0xC571, 0xCDB2, 0xC50E, 0xACCD, 0xBD0E, 0xC48D, 0xA48B, 0x742A,
    0x8368, 0x7AE5, 0x6AC4, 0x6AE6, 0x6A86, 0x6284, 0x6AE6, 0x6286,
    0x49E4, 0x49C4, 0x4183, 0x3122, 0x28E2, 0x1860, 0x0020, 0x1903,
    0x2165, 0x29C6, 0x3207, 0x31A8, 0x31C7, 0x3A27, 0x4287, 0x4B09,
    0x4B09, 0x5B2B, 0x6BCD, 0x6BEE, 0x4BCC, 0x3B27, 0x53A9, 0x532A,
    0x5B4B, 0x63ED, 0x6C2E, 0x53AC, 0x4B8D, 0x6B6C, 0x532B, 0x6CD1,
    0x7C30, 0x634A, 0x5AEB, 0x21E8, 0x2287, 0x52E7, 0x5B8A, 0x8530,
    0x95F7, 0x9D34, 0x8CAF, 0x8D92, 0x8C4F, 0x9CAF, 0x8CF0, 0x9D71,
    0x9CD0, 0xA511, 0xA5F3, 0xADB4, 0xCED8, 0xBEB5, 0xB634, 0xC6F4,
    0xA5B3, 0x8531, 0x9D30, 0x9CAE, 0x742E, 0x9C0F, 0x9C0D, 0xA4CE,
    0xADB1, 0xBDB2, 0xC5B1, 0xBDB0, 0xBD6E, 0xBCAE, 0x940B, 0x7B44,
    0x6B04, 0x8BC9, 0x83A8, 0x8388, 0x7B07, 0x7306, 0x7327, 0x6A66,
    0x72A7, 0x7327, 0x6AA7, 0x5205, 0x49E4, 0x49C3, 0x3962, 0x2902,
    0x1840, 0x0000, 0x2124, 0x29A5, 0x31C6, 0x39A5, 0x3A07, 0x4288,
    0x3A67, 0x4227, 0x3A49, 0x5BEA, 0x4C0A, 0x4B2A, 0x63ED, 0x7C6E,
    0x8533, 0x6C2F, 0x74D2, 0x748F, 0x7470, 0x7431, 0x8CF2, 0x6C51,
    0x4C11, 0x6CB5, 0x634D, 0x5B2A, 0x2223, 0x5A67, 0x7C4F, 0x7D70,
    0x74CE, 0x538B, 0x5349, 0x3B67, 0x3AA7, 0x4247, 0x3244, 0x5A67,
    0x732A, 0x630A, 0x6B09, 0x8BED, 0x73CC, 0x84AE, 0x94EF, 0x9D2F,
    0xAD70, 0xA550, 0xA5D0, 0xAD6F, 0xAD50, 0x8C4C, 0x6B69, 0x6B29,
    0x8BCB, 0x9C8D, 0xA4CD, 0xAD2E, 0xB54F, 0xACEF, 0xA46D, 0x7BE8,
    0x93EB, 0xA44B, 0x9408, 0xAC2C, 0x9B66, 0x7AA5, 0x7B68, 0x72E4,
    0x6AA4, 0x6AA6, 0x6A66, 0x5A24, 0x41E3, 0x51E4, 0x51E5, 0x4182,
    0x3962, 0x3121, 0x2901, 0x2080, 0x0820, 0x2144, 0x2985, 0x31E7,
    0x3207, 0x3228, 0x3A68, 0x4268, 0x42A9, 0x4A89, 0x4AE9, 0x53CC,
    0x73EC, 0x6C90, 0x642D, 0x744F, 0x7C4F, 0x7C90, 0x84AF, 0x84B1,
    0x7450, 0x7C70, 0x8CD0, 0x8CB1, 0x84B1, 0x6B8F, 0x8CB3, 0x9E59,
    0x8CD5, 0x6BAF, 0x5BAD, 0x3A27, 0x3205, 0x29C4, 0x1920, 0x21C3,
    0x63AB, 0x3A25, 0x52C7, 0x7BEC, 0x7BCD, 0x840E, 0xA511, 0xBD92,
    0xAD71, 0x94AF, 0x9CAF, 0xA490, 0xA572, 0x7BCC, 0x5965, 0x6B69,
    0x83CB, 0x9C4C, 0x9C6E, 0xA4CC, 0x9D4E, 0x9D0E, 0xAD4B, 0x94AA,
    0x9C8D, 0xC50F, 0xB4EC, 0x942C, 0xA44B, 0xA4AB, 0x9BCA, 0x9B29,
    0x8B08, 0x7B27, 0x8348, 0x7B28, 0x6A86, 0x6A67, 0x6246, 0x49A4,
    0x51C6, 0x6A47, 0x49A3, 0x3982, 0x3121, 0x2901, 0x28C1, 0x1020,
    0x2143, 0x29A6, 0x3A08, 0x42EB, 0x532C, 0x4B0A, 0x534A, 0x5C6F,
    0x5BED, 0x63ED, 0x6C0D, 0x748E, 0x7510, 0x7CEF, 0x84B2, 0x7553,
    0x7D52, 0x9D74, 0x8513, 0x8DB3, 0x95F5, 0x8D53, 0x7430, 0x7D93,
    0x7DD6, 0x7CD2, 0x644E, 0x6C6E, 0x6BEE, 0x63AE, 0x7470, 0x9D75,
    0x8491, 0x9513, 0x9512, 0x94D0, 0x9D73, 0xB614, 0x8CAE, 0x7C2D,
    0x8C2C, 0x8C0C, 0x7329, 0x638A, 0x8C6E, 0xA4CF, 0x7C6C, 0x4BCA,
    0x7B6E, 0x82C9, 0x6BEB, 0x7BEB, 0xACEE, 0xACB1, 0xACF0, 0xADF1,
    0xAD71, 0xACCF, 0xBD51, 0xB50F, 0xACAD, 0xACCC, 0xB48E, 0xA46B,
    0x7BE7, 0x7326, 0x9328, 0x8B69, 0x7B46, 0x7AA5, 0x62A6, 0x5A46,
    0x6A87, 0x6267, 0x51A4, 0x4163, 0x4183, 0x4182, 0x3141, 0x49C4,
    0x1881, 0x1860, 0x1020, 0x2143, 0x2985, 0x3A28, 0x4289, 0x42A9,
    0x4B0A, 0x534B, 0x536B, 0x63CC, 0x73EE, 0x746C, 0x6C6E, 0x6C2F,
    0x63AC, 0x63CE, 0x53AB, 0x4B8B, 0x3267, 0x2163, 0x5AE9, 0x3B29,
    0x53AB, 0x6BAC, 0x6BAC, 0x6C4D, 0x7D12, 0x9552, 0x9DF1, 0x8675,
    0xAE97, 0xAE75, 0xA5D5, 0x9D32, 0xA593, 0x9D52, 0x8531, 0x63EA,
    0x642A, 0x6C2D, 0x846F, 0x94AE, 0xAD0F, 0xBD93, 0xB5B3, 0xBDB3,
    0xA571, 0xADB2, 0xCD92, 0xBD71, 0xAD50, 0xBD51, 0xBDB2, 0xBD8F,
    0xBDB1, 0xC613, 0xD675, 0xD673, 0xCE14, 0xAD0F, 0xBD4F, 0xC54E,
    0xBD4E, 0xCD51, 0xC50E, 0xB48C, 0xB4AD, 0x9429, 0x8B89, 0x8367,
    0x8347, 0x7327, 0x72C7, 0x6AA7, 0x5A45, 0x5A25, 0x51E5, 0x51E5,
    0x51C4, 0x3962, 0x49C4, 0x20A0, 0x20A0, 0x1860, 0x2163, 0x29A5,
    0x29E7, 0x2185, 0x3227, 0x4AEA, 0x4AA9, 0x42C9, 0x3AC9, 0x3AEB,
    0x438C, 0x5B8C, 0x63CE, 0x642E, 0x5BCD, 0x632B, 0x5BCC, 0x74CF,
    0x7C2D, 0x738D, 0x6BCE, 0x6BAB, 0x6C0C, 0x6C4D, 0x742C, 0x62CA,
    0x73AE, 0x7C4F, 0x7C0E, 0x844E, 0x748F, 0x8D11, 0x9551, 0x8CEF,
    0x94F0, 0xA5D4, 0xB615, 0xAE15, 0xAD95, 0xB5F6, 0xC638, 0xC638,
    0xBE76, 0xADD3, 0xAD31, 0x9DB3, 0x9572, 0x9DB2, 0xAE14, 0xCE16,
    0xCE15, 0xCE55, 0xCF18, 0xEF7B, 0xDE95, 0xDEB5, 0xD6D4, 0xDF58,
    0xCE73, 0xC570, 0xCD71, 0xBD0F, 0xB4ED, 0xC52E, 0xC50D, 0xBD0D,
    0xA48B, 0x9C0A, 0x93AA, 0x9C2C, 0xA48C, 0x9C2B, 0x93CB, 0x8B6A,
    0x7AE8, 0x6A87, 0x5A26, 0x51A4, 0x3142, 0x3121, 0x2901, 0x20C0,
    0x1040, 0x2143, 0x29A5, 0x3A47, 0x42CA, 0x42CA, 0x4248, 0x4288,
    0x532A, 0x5B6C, 0x63AA, 0x640D, 0x6C2E, 0x6C2D, 0x74B0, 0x7C90,
    0x6C50, 0x5C50, 0x738F, 0x636D, 0x646F, 0x63EC, 0x73CC, 0x846E,
    0x6C2D, 0x6B8B, 0x7C4E, 0x7C8F, 0x846F, 0x84D1, 0xA553, 0xADB4,
    0xAE15, 0xB655, 0xC676, 0xC677, 0xC698, 0xCE97, 0xBE55, 0xC656,
    0xC656, 0xBE14, 0xBDF3, 0xC636, 0xBDD4, 0xC5F4, 0xBE55, 0xBE55,
    0xD73A, 0xD758, 0xD696, 0xDE57, 0xDE56, 0xC613, 0xBE10, 0xCE73,
    0xDEB4, 0xE6B6, 0xD6B4, 0xDF13, 0xDE94, 0xD5B2, 0xCD92, 0xBD2E,
    0xBD2D, 0xC52D, 0xBCEB, 0x948B, 0x9C6B, 0xACAD, 0xBD2D, 0xBD2D,
    0xB4CC, 0x9C0B, 0x8BAA, 0x8369, 0x72C7, 0x51E5, 0x49A3, 0x3962,
    0x3121, 0x2901, 0x1880, 0x0820, 0x2163, 0x29C5, 0x3226, 0x3A89,
    0x4269, 0x4268, 0x4B4B, 0x5B4C, 0x63CB, 0x640C, 0x6C0E, 0x638C,
    0x5B2B, 0x6BCC, 0x6BEE, 0x6B6D, 0x6C2E, 0x5B0A, 0x4AEA, 0x5BED,
    0x6C4F, 0x744D, 0x6C2D, 0x6BED, 0x7C0C, 0x6BEC, 0x84F0, 0x8DD2,
    0x8D32, 0x8D10, 0x8530, 0xA592, 0x95B2, 0xA5F2, 0xAE55, 0x9DF5,
    0xAE55, 0xB676, 0xBE97, 0xC6D8, 0xC73A, 0xD73A, 0xC677, 0xCE35,
    0xCDF5, 0xD697, 0xD6D6, 0xAE11, 0xBE12, 0xBDB2, 0xA4CF, 0x9C6E,
    0xB4AF, 0xCE12, 0xA5D2, 0xAE11, 0xAD6E, 0xBD52, 0xC591, 0xC5B1,
    0xC56F, 0xC570, 0xD5D2, 0xCD90, 0xC52E, 0xBCEC, 0xA4CC, 0xB4CD,
    0xBCCD, 0xB4AC, 0xA46C, 0x9C2B, 0x93EA, 0x8BC9, 0x7B49, 0x6AC7,
    0x5A25, 0x41A3, 0x3942, 0x3121, 0x28E1, 0x1880, 0x0820, 0x2164,
    0x29A5, 0x29E6, 0x3207, 0x3A28, 0x4289, 0x42CA, 0x4AC9, 0x42E7,
    0x5B6A, 0x536B, 0x5BCC, 0x6C4E, 0x746E, 0x7C6F, 0x746F, 0x8491,
    0x8CD1, 0x8553, 0x84D0, 0x7CB0, 0x7C6F, 0x8490, 0x94F1, 0x8D91,
    0x7CEF, 0x848C, 0x74CE, 0x84B1, 0x6C2D, 0x7C2D, 0x848F, 0x7C8E,
    0x9D93, 0xB616, 0xCED8, 0xB655, 0xADF5, 0xB5F4, 0xA635, 0xAE56,
    0xADD4, 0xA5D4, 0xB593, 0x952E, 0x850C, 0xA58F, 0xA50E, 0xA4AF,
    0xA530, 0xA4F0, 0xA510, 0x7C4A, 0x944C, 0x7C6B, 0x4406, 0x7C6B,
    0x9CAC, 0x8C48, 0xAD0D, 0xB54F, 0xC54F, 0xC570, 0xC56F, 0xCD6E,
    0xC54E, 0xBD2E, 0xB4AC, 0xA42B, 0x8BE9, 0x8368, 0x7B49, 0x7B28,
    0x72E6, 0x7307, 0x6285, 0x5A24, 0x41A2, 0x3162, 0x3122, 0x20A0,
    0x1060, 0x0820, 0x1923, 0x2985, 0x2985, 0x31E6, 0x3A07, 0x3A89,
    0x4AC9, 0x5B49, 0x63CB, 0x6BED, 0x846F, 0x84AF, 0x7C6E, 0x7C8E,
    0x8491, 0x7CD2, 0x7470, 0x744E, 0x7470, 0x84D1, 0x7CD1, 0x8D52,
    0x8CD1, 0x74B0, 0x74D0, 0x8CCF, 0x8D10, 0x84F1, 0x8D31, 0xADF4,
    0xBE57, 0xBEDA, 0xD7BD, 0xAD93, 0x8531, 0x4C8A, 0x6CEC, 0xA5B2,
    0x9CD1, 0x9D30, 0xA4CE, 0x8C6B, 0x8CAD, 0xB50F, 0xAD4F, 0x74AB,
    0x84AE, 0xA4B0, 0x948F, 0x9CAE, 0x9D0D, 0x8D4E, 0x8CCD, 0x8C4C,
    0x746A, 0x6488, 0x83E9, 0x8B88, 0x9CAB, 0xA50D, 0xB56F, 0xCD90,
    0xD5F1, 0xBD4E, 0xC54E, 0xB4ED, 0xA44C, 0x93CA, 0x8B68, 0x6B06,
    0x62A5, 0x6AE5, 0x62C5, 0x62A5, 0x6285, 0x5204, 0x49A2, 0x4182,
    0x4983, 0x28C1, 0x20A1, 0x1881, 0x0800, 0x1903, 0x2184, 0x31A6,
    0x31E7, 0x42CB, 0x534C, 0x530B, 0x5B2C, 0x5B8B, 0x6BCD, 0x6BCC,
    0x6C2B, 0x7C8E, 0x85B0, 0x75B1, 0x9614, 0x8D90, 0x8CF2, 0x84F2,
    0x8530, 0x7CCF, 0x7C8F, 0x848F, 0x8511, 0x8D12, 0x94F1, 0x9D72,
    0xB616, 0xADF4, 0xADD4, 0xADD6, 0x9595, 0x9531, 0x9551, 0x9E33,
    0xB633, 0xBE73, 0x95D1, 0xA4F1, 0xAD30, 0x950F, 0x9DB1, 0x950E,
    0x940B, 0x9D10, 0x74CF, 0x746F, 0x8BCB, 0x736A, 0x7B69, 0x7BC8,
    0x5BA9, 0x7308, 0x838A, 0x6367, 0x7BA9, 0x7B68, 0x8B69, 0xA4CE,
    0x9CCC, 0xACCC, 0x9C4B, 0x9CAB, 0x8409, 0x8367, 0x7B67, 0x7B47,
    0x7B47, 0x8348, 0x62E5, 0x6AC5, 0x6AC5, 0x6AE6, 0x6AA5, 0x5A44,
    0x5224, 0x5204, 0x41A2, 0x3921, 0x30E1, 0x20A1, 0x1060, 0x0820,
    0x2164, 0x31E7, 0x3A28, 0x3248, 0x42AA, 0x52AA, 0x4ACA, 0x5B8C,
    0x63AC, 0x638B, 0x6C2E, 0x6C2F, 0x6B8C, 0x5BCD, 0x63CD, 0x5B4A,
    0x4388, 0x4BED, 0x642C, 0x6C4D, 0x6C0D, 0x742D, 0x7C4D, 0x848F,
    0x7CAF, 0x7CCF, 0x84B0, 0x8CB0, 0x8D0F, 0x8D10, 0x742D, 0x644F,
    0x84CF, 0x8511, 0x8511, 0x8CCF, 0x8C4E, 0x7B28, 0x736B, 0x73C9,
    0x7BCA, 0x5368, 0x6368, 0x5B27, 0x32A3, 0x3B05, 0x42A6, 0x52A6,
    0x5288, 0x72A7, 0x6368, 0x6B6A, 0x6AC7, 0x6B28, 0x6307, 0x4264,
    0x72A6, 0x8368, 0x6AE6, 0x6B05, 0x8388, 0x7B48, 0x6305, 0x8366,
    0x8B06, 0x7B47, 0x8BC7, 0x7325, 0x7307, 0x6AA5, 0x7B27, 0x7327,
    0x72E6, 0x6285, 0x5A64, 0x5A44, 0x5A24, 0x51E4, 0x4163, 0x3922,
    0x28E1, 0x2081, 0x0820, 0x1944, 0x2185, 0x2164, 0x2964, 0x3207,
    0x3AC9, 0x42AA, 0x4288, 0x42C8, 0x532B, 0x532B, 0x4AE7, 0x4B07,
    0x4AC7, 0x3167, 0x39A8, 0x4A48, 0x39A6, 0x3925, 0x39C9, 0x4B28,
    0x63AA, 0x636B, 0x63AC, 0x6BEB, 0x740C, 0x73CD, 0x6BEC, 0x73CB,
    0x73AD, 0x7C6E, 0x7CAF, 0x7CCF, 0x7490, 0x642E, 0x52C9, 0x52E9,
    0x744C, 0x638B, 0x7B49, 0x6B69, 0x73EB, 0x840D, 0x6BEB, 0x7B68,
    0x7BCB, 0x7BCA, 0x6BA9, 0x63AA, 0x73A9, 0x63A9, 0x7369, 0x7BCA,
    0x7C09, 0x8CAA, 0x948B, 0x7B6A, 0x6AC8, 0x7BAA, 0x7BA7, 0x944C,
    0x93CA, 0x8BC7, 0x8B86, 0x8B66, 0x8346, 0x8B87, 0x8B88, 0x8368,
    0x8368, 0x7306, 0x62C6, 0x72E6, 0x6AE6, 0x5244, 0x5204, 0x5A24,
    0x51E4, 0x3943, 0x3102, 0x28E1, 0x28C1, 0x0820, 0x10E2, 0x1903,
    0x2184, 0x2A46, 0x21A5, 0x31E6, 0x4228, 0x42A9, 0x42A9, 0x42A9,
    0x4AAA, 0x4AA9, 0x4B29, 0x5349, 0x5307, 0x4B27, 0x5348, 0x634A,
    0x6BCB, 0x63AB, 0x640B, 0x636A, 0x5B2A, 0x63AB, 0x6C0B, 0x6C0C,
    0x6BEC, 0x7C4D, 0x6C0C, 0x744F, 0x742F, 0x742E, 0x8510, 0x9572,
    0xA572, 0x8C8F, 0x742B, 0x742C, 0x6C6D, 0x8D2F, 0x7D0E, 0x848E,
    0x846E, 0x84EE, 0x7BEC, 0x742C, 0x842C, 0x9C4A, 0x9C4A, 0x844A,
    0x846C, 0x8C0A, 0x944B, 0x7BE9, 0x7BE8, 0xA4AB, 0xA46C, 0x9C2C,
    0x8C6A, 0x8C0A, 0x8389, 0x8388, 0x9409, 0x9C09, 0x9C29, 0x8B88,
    0x93E9, 0x93EA, 0x8388, 0x8368, 0x7306, 0x7307, 0x72C6, 0x62A5,
    0x5A86, 0x5A25, 0x5A24, 0x51C3, 0x4164, 0x3102, 0x28C0, 0x20A0,
    0x1040, 0x1924, 0x2985, 0x29C6, 0x29E7, 0x31A7, 0x3A08, 0x3227,
    0x3228, 0x42AA, 0x52EA, 0x5309, 0x5B6B, 0x5B0A, 0x5B2A, 0x5B8B,
    0x63AC, 0x63AB, 0x63AC, 0x5BAC, 0x6C4D, 0x742E, 0x6BED, 0x73ED,
    0x742D, 0x6C0D, 0x73ED, 0x842D, 0x7C4D, 0x7CAF, 0xA531, 0x8CEF,
    0x8490, 0x9D12, 0x9CF2, 0x73CD, 0x742D, 0x7C8D, 0x7C6D, 0x846D,
    0x84CE, 0x8C8D, 0x8BCD, 0x6B6A, 0x83CA, 0x73C9, 0x6429, 0x848C,
    0x948C, 0x8C6B, 0x8C6C, 0x948B, 0x842A, 0x8C6B, 0xA4EC, 0x9C6B,
    0xA48C, 0xB48D, 0xA4CD, 0x8CAA, 0x8C0A, 0x8BAA, 0x83E9, 0x83A8,
    0x8BC8, 0x83C9, 0x93C9, 0x8BE9, 0x8C09, 0x8368, 0x7B27, 0x7B28,
    0x7307, 0x7B27, 0x62C5, 0x6A86, 0x6265, 0x5204, 0x49C3, 0x4984,
    0x3943, 0x28E1, 0x1880, 0x0820, 0x1923, 0x2164, 0x29C4, 0x3A06,
    0x3A48, 0x3AA8, 0x4AA9, 0x4249, 0x530B, 0x63CC, 0x740F, 0x7C50,
    0x632C, 0x63CD, 0x7C6E, 0x6BEE, 0x5BAD, 0x6BEE, 0x6BCE, 0x5BAC,
    0x6B4B, 0x73ED, 0x7C8E, 0x84AD, 0x8CD0, 0x8510, 0x7CCF, 0x7CEF,
    0x7CB0, 0x7C2B, 0x7469, 0x84D0, 0x9432, 0x7C2D, 0x5BEB, 0x6C2C,
    0x84EE, 0x9D10, 0x9CF0, 0x94EE, 0xA48D, 0x94AE, 0x7BEA, 0xA44D,
    0x9D2F, 0x9D50, 0x9CEC, 0xB54D, 0xA50E, 0xA52E, 0xAD2E, 0xB570,
    0xAD0E, 0xA50E, 0xAD4F, 0xBD50, 0xBD2F, 0xB58E, 0xB5AF, 0xBD50,
    0xBD2F, 0xACCD, 0x940A, 0x9C0B, 0x9BAA, 0x93C9, 0x8C2A, 0x8BA9,
    0x8389, 0x8BA9, 0x8348, 0x7B48, 0x7B27, 0x8388, 0x6266, 0x5A24,
    0x5A24, 0x49E3, 0x49A3, 0x4163, 0x28E1, 0x1880, 0x0000, 0x2123,
    0x2984, 0x31E6, 0x3227, 0x3287, 0x3A48, 0x52CA, 0x4B8A, 0x53AA,
    0x52AA, 0x6B6E, 0x74CE, 0x750F, 0x6C30, 0x84D1, 0x7D12, 0x9DD5,
    0x9DF6, 0x9594, 0x84D2, 0x9D74, 0x9DD4, 0x95F3, 0x8D71, 0x8D30,
    0x7D91, 0x8571, 0x9573, 0x9D73, 0x8D51, 0x8D11, 0xB616, 0xBED7,
    0xB675, 0xCE96, 0xC696, 0xB614, 0xC655, 0xBEB5, 0xC6B5, 0xC6B6,
    0xCEB6, 0xCEF6, 0xCEF5, 0xBE72, 0xCE55, 0xDE95, 0xD674, 0xC633,
    0xCE73, 0xCE73, 0xCE53, 0xCE52, 0xCE32, 0xC5F1, 0xC5D1, 0xC5D1,
    0xC5F0, 0xCDB0, 0xBD91, 0xBD4F, 0xAD0D, 0xB4EE, 0xB46C, 0xA44B,
    0xA42B, 0x8BA9, 0x93A9, 0x8327, 0x7307, 0x7B27, 0x9369, 0x6AC5,
    0x5A85, 0x5A26, 0x6245, 0x51C4, 0x49C4, 0x4183, 0x3942, 0x3101,
    0x1880, 0x0820, 0x2163, 0x31E6, 0x3A08, 0x3AA9, 0x52CB, 0x5B8C,
    0x6C8E, 0x5BAD, 0x740E, 0x84D0, 0x8530, 0x74CD, 0xA5B1, 0xADD4,
    0x9595, 0xA616, 0xA5F6, 0x9E15, 0x8DF3, 0x95B3, 0x9DD3, 0x9613,
    0xA612, 0xAE55, 0x8D92, 0x8DB2, 0xA5B3, 0xA5F5, 0xAE55, 0xBEF8,
    0xD75A, 0xC6D8, 0xBEF7, 0xD759, 0xC6F8, 0xCF39, 0xCEB7, 0xB6B7,
    0xC6D6, 0xD6F9, 0xD6D9, 0xCEF8, 0xCF58, 0xD717, 0xD6D7, 0xD6F7,
    0xD694, 0xC633, 0xC654, 0xBE12, 0xBDF1, 0xC610, 0xC611, 0xBDCF,
    0xB58F, 0xB550, 0xAD0E, 0x9CCC, 0x9CED, 0xA4AD, 0xB4AD, 0xA4AC,
    0x9CCC, 0x9C2A, 0x8C2A, 0x8C0A, 0x8367, 0x93C9, 0x72E5, 0x7B07,
    0x72A7, 0x6A86, 0x7B47, 0x6AC7, 0x51E5, 0x6245, 0x4142, 0x51E5,
    0x3942, 0x3921, 0x3121, 0x1880, 0x0000, 0x2143, 0x29C5, 0x3246,
    0x42A8, 0x5B2B, 0x6BAD, 0x6BCF, 0x740F, 0x84EF, 0x7D51, 0x8552,
    0x7D31, 0x95B2, 0x95F2, 0x8D32, 0x9D73, 0x8D53, 0x7CF1, 0x8573,
    0x9594, 0x8D51, 0x8D92, 0x8D72, 0x9572, 0xAED7, 0xD77A, 0xCF18,
    0xBF59, 0xAEB6, 0xBED7, 0xBEF7, 0xB696, 0xBE98, 0xB656, 0xAE36,
    0xA5F5, 0x9DF4, 0xA5D2, 0x9510, 0xAD92, 0xB633, 0x85AF, 0x950D,
    0x942B, 0x8CEE, 0x9D6E, 0x9CAD, 0xA510, 0xA54E, 0xADAF, 0xBDD3,
    0xBDB2, 0xAD4E, 0xADF1, 0xAD93, 0xB50E, 0xA4CD, 0x94EC, 0xACCF,
    0xAC8D, 0xAC8D, 0xA4AE, 0x9C8D, 0x840B, 0x94AB, 0x8BE9, 0x6B05,
    0x93A8, 0x8B89, 0x8369, 0x8368, 0x7B28, 0x72E7, 0x72C8, 0x6A65,
    0x6246, 0x51E4, 0x49C4, 0x3942, 0x3921, 0x3121, 0x20A0, 0x0820,
    0x2164, 0x21A4, 0x31A5, 0x31E6, 0x3A68, 0x4ACA, 0x52E9, 0x63AB,
    0x638B, 0x63AD, 0x742D, 0x6C6E, 0x6C0E, 0x6C0F, 0x7C91, 0x5BCD,
    0x6BEE, 0x63CD, 0x52EA, 0x5C2D, 0x538B, 0x4289, 0x6C0F, 0x6BD0,
    0x53AF, 0x5C50, 0x5C8E, 0x6CB0, 0x7CD0, 0x7CCF, 0x640D, 0x644E,
    0x442E, 0x544E, 0x8D11, 0x8DB2, 0x95F3, 0x94F0, 0x948F, 0x8C8E,
    0x6B8A, 0xA46D, 0xBCEF, 0xA4F0, 0x94EE, 0xAD11, 0xB613, 0xAE31,
    0xC612, 0xBD72, 0xACCF, 0xB590, 0xBDD1, 0xBDD2, 0xA510, 0xA4ED,
    0x952D, 0xA4EF, 0xA48D, 0xACAD, 0xA4AC, 0x9C4B, 0xAC6D, 0x9CAD,
    0xA4AC, 0xB4ED, 0xACCD, 0xAC8C, 0xA44B, 0xA44B, 0x9BEA, 0x8B68,
    0x7307, 0x7B08, 0x7AE8, 0x72A7, 0x6AA6, 0x5A46, 0x51C5, 0x3963,
    0x28E1, 0x20A0, 0x1020, 0x2164, 0x29A5, 0x31E7, 0x3A68, 0x3A28,
    0x3A08, 0x42C9, 0x4B4B, 0x536B, 0x5BAA, 0x536B, 0x638E, 0x5BAD,
    0x5B6C, 0x63AE, 0x5BCC, 0x53CC, 0x5C2E, 0x6C2F, 0x63CD, 0x6BCD,
    0x740E, 0x6BEE, 0x6B8D, 0x6BED, 0x640E, 0x5C2E, 0x640E, 0x6C6E,
    0x74AF, 0x7490, 0x8491, 0x8D11, 0x94F2, 0x84D1, 0x7D50, 0x742E,
    0x8470, 0x8CF0, 0x9D31, 0xAD52, 0xA532, 0x9D93, 0xA552, 0xAD73,
    0xAD52, 0x8CED, 0x8CAD, 0x848E, 0xA48E, 0x9469, 0x950E, 0x94ED,
    0x848A, 0x9CCC, 0xAD4F, 0xADAF, 0xCDB1, 0xBDB0, 0xC5F0, 0xBDAF,
    0xCDF0, 0xC590, 0xC5B0, 0xCD6F, 0xC56F, 0xBD6E, 0xBD4E, 0xBD2E,
    0xBCEE, 0xBCAD, 0xA42B, 0x8BCA, 0x8BCA, 0x8349, 0x8348, 0x7B28,
    0x72C7, 0x5A45, 0x41A4, 0x3143, 0x28A1, 0x1040, 0x2144, 0x29A5,
    0x3227, 0x3A27, 0x3A47, 0x42A8, 0x4B6A, 0x536A, 0x3A89, 0x5B2B,
    0x4B0C, 0x3AA7, 0x4308, 0x4B8C, 0x436A, 0x53AD, 0x530B, 0x5B0A,
    0x42C9, 0x5B4C, 0x63EE, 0x5C2E, 0x6C4F, 0x640E, 0x642E, 0x63AC,
    0x5B0A, 0x74EF, 0x6CAF, 0x742F, 0x7CF1, 0x5C8E, 0x642E, 0x7450,
    0x6C8F, 0x8491, 0x8430, 0x8510, 0x84AF, 0x8CAF, 0x9D93, 0x9D92,
    0xA551, 0x9D10, 0x9530, 0x950E, 0x84CC, 0x8CCD, 0x9C8D, 0x8C6D,
    0x9D4F, 0x94CC, 0x94EA, 0xBDB0, 0xBDF1, 0xBE52, 0xDE53, 0xDE72,
    0xD693, 0xD692, 0xCE31, 0xDE51, 0xD611, 0xCDF0, 0xC58F, 0xC5F0,
    0xC58F, 0xC54E, 0xC56F, 0xBD4E, 0xACCD, 0xB4CD, 0xA42C, 0xAC2B,
    0x9C0A, 0x8B89, 0x8369, 0x7AE8, 0x6A46, 0x49C4, 0x3122, 0x28A1,
    0x1040, 0x2163, 0x29C4, 0x3226, 0x3A45, 0x3A67, 0x5B4D, 0x536C,
    0x4AEA, 0x5B4D, 0x5B4B, 0x5B6A, 0x642D, 0x640E, 0x6BED, 0x6C0E,
    0x740F, 0x744E, 0x646F, 0x7470, 0x642F, 0x6CB0, 0x7491, 0x5C30,
    0x6CD1, 0x7D11, 0x8551, 0x7CF1, 0x7D32, 0x9574, 0x8DD3, 0x7DD2,
    0x8D94, 0x9595, 0x8D74, 0x740F, 0x8471, 0x7CF0, 0x84EE, 0x9D31,
    0x95B3, 0x8D71, 0x8D31, 0x84B0, 0x8C4F, 0xA4F1, 0xA54F, 0xA571,
    0xC5D4, 0xC5B2, 0x8D70, 0x850C, 0x9D2D, 0xBD90, 0xB58F, 0xB5B0,
    0xBDB0, 0xBD70, 0xAD2F, 0xB52E, 0xACEC, 0xB4ED, 0xACCD, 0xBD6E,
    0xDE31, 0xC56E, 0xCE11, 0xCD8F, 0xBCEE, 0xBD0E, 0xB4CD, 0xA44C,
    0xA44B, 0x9BEB, 0x93AA, 0x8BAA, 0x834A, 0x7AE8, 0x72A7, 0x6266,
    0x39A3, 0x28C1, 0x1020, 0x0000, 0x31C5, 0x3A05, 0x4245, 0x52C8,
    0x5B2C, 0x63CD, 0x638D, 0x5ACB, 0x638D, 0x6C4D, 0x6C8C, 0x746E,
    0x73EC, 0x5B48, 0x7CAD, 0x8530, 0x7D93, 0x7531, 0x8DF3, 0x9675,
    0x85B2, 0xAE35, 0x9E15, 0x95D3, 0x95B5, 0x8DD4, 0x9E13, 0x8D72,
    0x646E, 0x7510, 0xA554, 0xA575, 0x9696, 0xBE56, 0xB553, 0xB6B6,
    0xBEB6, 0xA614, 0xAE97, 0xB656, 0x9D93, 0xA573, 0x9D10, 0x94EF,
    0x9D4F, 0x852F, 0xAD12, 0x8C8E, 0x8CED, 0x7CCD, 0x7CED, 0x8D90,
    0x8D4D, 0xA58D, 0xA52E, 0xAC6C, 0x946A, 0x83C6, 0x7B07, 0x6B07,
    0x9C28, 0xA44A, 0xA44B, 0xA3EA, 0x9C2A, 0x942A, 0x9C2B, 0x93EA,
    0x8B48, 0x9BAB, 0x93AA, 0x8B68, 0x8B48, 0x7B07, 0x6AC7, 0x72C7,
    0x6265, 0x6224, 0x39A3, 0x2922, 0x28E1, 0x1840, 0x0000, 0x2983,
    0x3A06, 0x4268, 0x52EC, 0x5B8C, 0x640C, 0x6BEE, 0x742E, 0x746D,
    0x8CAF, 0x84D0, 0x8CEF, 0x9DB1, 0xA694, 0x9E53, 0xAEF8, 0x95F4,
    0xA654, 0xAED8, 0xD75B, 0xE77B, 0xC6F8, 0xB697, 0xB636, 0xB6D7,
    0xA674, 0xA654, 0xC717, 0xEF7B, 0xE719, 0xCF18, 0xDFBC, 0xF75B,
    0xE73B, 0xE7FD, 0xD7BB, 0xCF1A, 0xCF5B, 0xD75A, 0xD6B7, 0xC696,
    0xBE14, 0xB5D1, 0xB5F0, 0xA5F0, 0x9D31, 0x9CD0, 0x74CE, 0x5A85,
    0x7AC9, 0x83C9, 0x8BA7, 0x948B, 0x846B, 0x842A, 0x944A, 0x93E9,
    0x9C0C, 0xBDB2, 0xC56D, 0xA48B, 0x940A, 0x93C8, 0x52A2, 0x6325,
    0x93C8, 0x8B88, 0x8388, 0x72C6, 0x72C7, 0x8328, 0x8308, 0x6A85,
    0x4A24, 0x49E4, 0x5A44, 0x59E4, 0x4183, 0x3161, 0x3122, 0x28C0,
    0x1840, 0x0800, 0x2964, 0x3A06, 0x3205, 0x42A6, 0x532A, 0x536D,
    0x5BAE, 0x6CCF, 0x74D1, 0x5C2D, 0x748E, 0x858F, 0x8570, 0x8D91,
    0x9DD2, 0x9593, 0xADF5, 0x95B3, 0x9D93, 0x9DB4, 0x95B6, 0x9557,
    0xA679, 0x9ED4, 0x9E53, 0xBE58, 0xB698, 0xBEB9, 0xB678, 0xBEF9,
    0xCF1C, 0xCEFA, 0xBED9, 0xC75B, 0xCF79, 0xBF18, 0xC6FA, 0xCE99,
    0xBE76, 0xB654, 0xBEB6, 0xC6B6, 0xC6D6, 0xC6D5, 0xC674, 0xC674,
    0xCEB4, 0xD6D6, 0xDF39, 0xD736, 0xD673, 0xCE52, 0xA58F, 0x944C,
    0xAC6D, 0xA42A, 0xAC0E, 0xACF3, 0x9D0A, 0xBD0D, 0x9C4B, 0x9C49,
    0x942A, 0x83E8, 0x83A7, 0x8B88, 0x7B26, 0x7B28, 0x8369, 0x7327,
    0x6265, 0x51E5, 0x5A06, 0x5A26, 0x4A03, 0x51C2, 0x59E4, 0x3982,
    0x2900, 0x3102, 0x28E1, 0x1880, 0x0820, 0x1903, 0x2164, 0x3245,
    0x4247, 0x42A8, 0x4B0B, 0x5BAE, 0x5BED, 0x63EC, 0x6BEE, 0x6BED,
    0x6C0E, 0x6C0E, 0x6C4E, 0x748E, 0x74AD, 0x748E, 0x7CCD, 0x6CAD,
    0x6C0E, 0x6408, 0x4BE0, 0x3A60, 0x4981, 0x52E5, 0x4368, 0x6C0D,
    0x846F, 0x8C8F, 0x7CD0, 0x8D12, 0x84D0, 0x7D10, 0x7D50, 0x5C6E,
    0x84B2, 0x8C4E, 0xA593, 0xAE34, 0xA5F4, 0xAE14, 0xB634, 0xBE33,
    0xBE14, 0xBDF4, 0xBDF4, 0xAD50, 0xB591, 0xB612, 0xBE12, 0xC614,
    0xB5F2, 0xB590, 0xB54E, 0xACED, 0x940C, 0x8C0B, 0x9488, 0x93E8,
    0x944D, 0x948D, 0xB530, 0x9CED, 0xA46B, 0x9BE9, 0x8BC9, 0x7B48,
    0x8349, 0x7B28, 0x72E7, 0x72C8, 0x7AE9, 0x6286, 0x6286, 0x6265,
    0x4162, 0x3983, 0x4183, 0x3983, 0x3122, 0x20A0, 0x18A0, 0x0800,
    0x2144, 0x2184, 0x29A5, 0x3207, 0x3A89, 0x42C9, 0x4B29, 0x534B,
    0x536C, 0x642D, 0x6C4D, 0x6BEC, 0x6BEA, 0x5387, 0x5BCA, 0x746E,
    0x6C6E, 0x644D, 0x6C0D, 0x6C08, 0x63C2, 0x62C5, 0x6B29, 0x63A8,
    0x5C49, 0x6489, 0x6447, 0x646A, 0x5C4C, 0x746E, 0x6BEC, 0x748E,
    0x7D10, 0x84D0, 0x8CB1, 0x8CAE, 0x744C, 0x848E, 0x842D, 0x94F0,
    0x9D31, 0xAD72, 0xB5B4, 0xB572, 0xB5B3, 0xB5F4, 0xA5B3, 0xA5D3,
    0x950E, 0xA50E, 0x94CE, 0xA531, 0x942D, 0x836A, 0x7B4B, 0x7326,
    0x8BC7, 0x83A8, 0x83A9, 0x940B, 0x940B, 0x8C8B, 0x8C29, 0x93EA,
    0x83C8, 0x83A7, 0x8348, 0x8369, 0x8349, 0x7B07, 0x72E7, 0x8309,
    0x72E7, 0x6286, 0x5A05, 0x5205, 0x41C4, 0x3963, 0x3142, 0x2901,
    0x20A1, 0x1840, 0x0000, 0x1903, 0x1923, 0x2185, 0x2A27, 0x3247,
    0x3AA9, 0x430B, 0x4B4B, 0x5B4B, 0x52E8, 0x5307, 0x4B23, 0x3A80,
    0x4B49, 0x5BEC, 0x63EC, 0x5BCB, 0x63EC, 0x63AB, 0x4B88, 0x640A,
    0x5BE5, 0x53C3, 0x6C28, 0x7C69, 0x74CC, 0x746F, 0x6C0E, 0x63EB,
    0x6BCC, 0x636A, 0x6B8D, 0x530C, 0x53AA, 0x4BEA, 0x6BED, 0x844F,
    0x944E, 0x8CAE, 0x848D, 0x8C90, 0x8CCF, 0x846D, 0xA5F2, 0xA612,
    0xA572, 0xB532, 0xA5B2, 0xAD70, 0x952F, 0x9D71, 0xC5B2, 0xBD32,
    0xA46F, 0xAD2F, 0x7BE7, 0x8328, 0x9C0D, 0xA4EE, 0x9CAC, 0x8C28,
    0x83C9, 0x938A, 0x8BAA, 0x9C2B, 0x9C0A, 0x93AA, 0x9C2C, 0x838A,
    0x8349, 0x7B28, 0x72E7, 0x62C7, 0x6267, 0x5A25, 0x5205, 0x49E5,
    0x4163, 0x3122, 0x2101, 0x28C1, 0x1861, 0x0000, 0x10E3, 0x1924,
    0x2186, 0x29C6, 0x3207, 0x3A47, 0x4269, 0x42CA, 0x4B0A, 0x5B8D,
    0x63EF, 0x640F, 0x6C0F, 0x746F, 0x5B8A, 0x5B4B, 0x5B6C, 0x63EC,
    0x640D, 0x4BCB, 0x534A, 0x634B, 0x6369, 0x63A9, 0x4B8B, 0x42CA,
    0x536A, 0x4BC9, 0x5BCA, 0x742D, 0x6BCE, 0x6C4F, 0x74F0, 0x6C0D,
    0x6BCD, 0x73AC, 0x6369, 0x6C8B, 0x84CE, 0x942E, 0x944E, 0x9D4F,
    0xA5F1, 0xA653, 0xB615, 0xC677, 0xADB1, 0xA54E, 0xC5B2, 0xB553,
    0xB530, 0xBD90, 0xA590, 0xA651, 0xB690, 0xB532, 0xCE16, 0xA54E,
    0x850A, 0x95AD, 0x9C6D, 0xA40B, 0xA44B, 0x8BE9, 0x9C0B, 0x9C0C,
    0x8C0B, 0x8C0B, 0x8BAB, 0x8B8A, 0x8B6A, 0x7B89, 0x7308, 0x6A87,
    0x6287, 0x6246, 0x51E5, 0x4983, 0x3143, 0x20E1, 0x2080, 0x0800,
    0x0020, 0x1924, 0x2164, 0x2185, 0x29E6, 0x3248, 0x3248, 0x432A,
    0x53AD, 0x53AD, 0x5C0D, 0x53AD, 0x6BEE, 0x6C0F, 0x7490, 0x74AF,
    0x74AF, 0x74AF, 0x6C6D, 0x748D, 0x744D, 0x6C6C, 0x748E, 0x74AE,
    0x7450, 0x63AE, 0x8C8F, 0x7CD0, 0x6C70, 0x6C50, 0x6450, 0x540D,
    0x6C4D, 0x5B69, 0x5B8B, 0x846E, 0x94CE, 0x958F, 0x9DB2, 0xA552,
    0xBE16, 0xBEF8, 0xCF39, 0xB5F6, 0xBDF6, 0xC657, 0xBE13, 0xCE75,
    0xC5D4, 0xBE14, 0xBE32, 0xB5B1, 0xA5B0, 0x95CF, 0xA690, 0xCE53,
    0xC550, 0xB56F, 0xADCE, 0x954D, 0x93EB, 0x8B09, 0x8389, 0x838A,
    0x940B, 0x93EA, 0x8BA9, 0x8C0A, 0x93EB, 0x8BCA, 0x8BA9, 0x8349,
    0x7328, 0x7AE8, 0x6A87, 0x6246, 0x5A25, 0x5A05, 0x41A3, 0x2942,
    0x2080, 0x1040, 0x0820, 0x0000, 0x1923, 0x2185, 0x3227, 0x3248,
    0x3269, 0x42EB, 0x4B6E, 0x3AEB, 0x5BCD, 0x5B6C, 0x63EE, 0x6C0E,
    0x4ACA, 0x6BAD, 0x6CAD, 0x74EE, 0x7D30, 0x748E, 0x7C8E, 0x8D51,
    0x8D93, 0x9D72, 0x8D30, 0x7D4F, 0x7DB0, 0x6D51, 0x74AF, 0x742F,
    0x6CD1, 0x7551, 0x9571, 0x8CCF, 0x84EF, 0x8D0F, 0x94AE, 0x84AF,
    0x7CCE, 0x7C69, 0x84CC, 0x8CEB, 0x8CA8, 0xB550, 0xB613, 0xB5F2,
    0xC675, 0xBE74, 0xB695, 0xBED6, 0xC695, 0xBE54, 0xBE55, 0xCEB4,
    0xC673, 0xB612, 0xBDF2, 0xBDB0, 0xC5B0, 0xB58D, 0xBD4E, 0xBCCD,
    0x8BA9, 0x8BEA, 0x940A, 0x9409, 0x93E9, 0x93E9, 0x93EA, 0x93EA,
    0x8BC9, 0x8B8A, 0x7328, 0x7307, 0x72A7, 0x6A66, 0x6A87, 0x6246,
    0x5A25, 0x3983, 0x3122, 0x3101, 0x1880, 0x1040, 0x0000, 0x1904,
    0x2186, 0x29C6, 0x2A07, 0x3248, 0x3AAA, 0x428A, 0x424A, 0x4AAB,
    0x42C9, 0x52EA, 0x5B8C, 0x63AC, 0x742E, 0x7C4F, 0x7CAF, 0x7D10,
    0x7D30, 0x8570, 0x7D90, 0x9DF4, 0x95D3, 0x9E14, 0xAE75, 0xA615,
    0x95B3, 0x9615, 0x9E79, 0xC6DC, 0xC73B, 0xD71B, 0xB677, 0xB697,
    0xBE78, 0xC6FA, 0xC75A, 0xC6B7, 0xD71B, 0xAE50, 0xBD60, 0xBD00,
    0xB62F, 0xC6F9, 0xBEB5, 0xA673, 0xA6B4, 0xB695, 0xB674, 0xCEB7,
    0xDED7, 0xBE72, 0xC674, 0xBE34, 0xC613, 0xC5D1, 0xBDB0, 0xBDCE,
    0x9CCA, 0xA4CD, 0x94EC, 0x948B, 0xACAB, 0xA46B, 0x9C2A, 0x9C4A,
    0x940A, 0x940A, 0x93EA, 0x8B89, 0x8389, 0x8BA9, 0x8B28, 0x7AE7,
    0x72E7, 0x6A87, 0x6266, 0x5A45, 0x51E4, 0x3942, 0x3101, 0x28E1,
    0x1840, 0x0000, 0x1143, 0x21A5, 0x3A28, 0x3228, 0x3A49, 0x52CB,
    0x6BCE, 0x6BAD, 0x538D, 0x64AF, 0x6C6F, 0x6C0E, 0x74AE, 0x6CCE,
    0x7CEF, 0x8D71, 0x9E15, 0x95D5, 0x95B4, 0x8DD2, 0x8D91, 0x856F,
    0x9E53, 0xA654, 0xBE57, 0xD699, 0xC69A, 0xBF1B, 0xBF7A, 0xBED9,
    0xBE78, 0xBEB8, 0xC6D9, 0xCEFA, 0xD71B, 0xD6FB, 0xCE9A, 0xC6B8,
    0xEF15, 0xE6F4, 0xCE77, 0xCEB7, 0xC696, 0xBE76, 0xC697, 0xCE97,
    0xE6F9, 0xDED8, 0xD6D9, 0xCED7, 0xC6B6, 0xCE95, 0xBE32, 0xBDB1,
    0xCDF1, 0xBE10, 0xBDCF, 0xBDB1, 0xB5B0, 0xB56E, 0xB52E, 0xB4ED,
    0xB50D, 0xB50D, 0xB4ED, 0xACCC, 0xACAC, 0xA46C, 0xA44B, 0xA44C,
    0xA42B, 0x93CA, 0x93C9, 0x8368, 0x7B28, 0x7B08, 0x6AC7, 0x6265,
    0x49E4, 0x28E1, 0x1880, 0x1040, 0x0800, 0x2144, 0x2965, 0x2185,
    0x2A07, 0x3A49, 0x3229, 0x1A49, 0x438D, 0x6BCF, 0x5B8E, 0x5C2E,
    0x6C4E, 0x744F, 0x7C2F, 0x7C2E, 0x74AF, 0x5C0B, 0x84F1, 0x95D2,
    0x9E33, 0x95F4, 0x95B3, 0xA5F4, 0x9533, 0x8D12, 0x8DB4, 0x9676,
    0xAE96, 0xBE37, 0xB617, 0xA656, 0xA676, 0xAE96, 0xBED6, 0xBEB6,
    0xBE95, 0xCE71, 0xD62E, 0xCE2F, 0xAE32, 0xB633, 0xC675, 0xC718,
    0xC6F8, 0xC6B8, 0xC656, 0xDE99, 0xD699, 0xBE76, 0xB634, 0xB5F1,
    0xC674, 0xD6D7, 0xCE75, 0xC632, 0xD673, 0xDEB4, 0xCE52, 0xCE50,
    0xC5F0, 0xC590, 0xD5F0, 0xC5AF, 0xB54E, 0xC54E, 0xC54E, 0xC54E,
    0xBD4E, 0xBD4E, 0xACED, 0xA46C, 0x9C2B, 0x940B, 0x8BCA, 0x8B8A,
    0x8B69, 0x7307, 0x5A45, 0x4183, 0x20E0, 0x1880, 0x1860, 0x0820,
    0x1944, 0x2164, 0x29A5, 0x3207, 0x3248, 0x3A89, 0x428A, 0x42AB,
    0x3A8A, 0x536C, 0x4B0A, 0x42E9, 0x63AC, 0x63ED, 0x5BEB, 0x63ED,
    0x744D, 0x6C6D, 0x7CAE, 0x5B8B, 0x5BC9, 0x8CF0, 0x8D32, 0x8592,
    0x85B2, 0x9593, 0x8471, 0x8C51, 0x7CD2, 0x7CD2, 0x8D53, 0x8551,
    0x7CF2, 0x6451, 0x7C4F, 0xC590, 0xBDAB, 0xAD4A, 0x9CEF, 0xB596,
    0xB554, 0x8592, 0x95F3, 0xB654, 0xD677, 0xC675, 0x9DF1, 0x9DB0,
    0xA5CF, 0xB630, 0xCE32, 0xB5D2, 0xB5D1, 0xC634, 0xC634, 0xC612,
    0x9D6D, 0xADAC, 0xAD2C, 0xACCD, 0xAD0D, 0xA4EC, 0xACED, 0xBD0D,
    0xB4ED, 0xBD0E, 0xBD4F, 0xBD4E, 0xB50D, 0xACAD, 0xAC6C, 0x9C0B,
    0x8B8A, 0x8B89, 0x8369, 0x7B08, 0x6AA7, 0x5225, 0x3962, 0x28C1,
    0x1860, 0x1020, 0x0820, 0x1944, 0x2185, 0x29C6, 0x3226, 0x42AA,
    0x4AAA, 0x42AA, 0x42AB, 0x52CB, 0x4AEA, 0x536C, 0x63ED, 0x5BCD,
    0x642E, 0x74AF, 0x744F, 0x746F, 0x7C90, 0x7C6F, 0x742E, 0x8CF1,
    0x6CF0, 0x6CF0, 0x8532, 0x84B1, 0x6BEF, 0x74B2, 0x74B1, 0x6C71,
    0x644E, 0x640D, 0x74D1, 0x7450, 0x7CD2, 0x8D53, 0x9552, 0x9D34,
    0x9D96, 0x9D54, 0xAE15, 0xC71A, 0xCEF8, 0xCDF5, 0xA513, 0x95B2,
    0x9E33, 0x74EF, 0x9CEE, 0xAC6B, 0xA44D, 0xACB1, 0xB594, 0xA571,
    0x94EC, 0xA58F, 0xB631, 0xB5F0, 0xC591, 0xC551, 0xBD70, 0xACED,
    0xA42B, 0xA42B, 0xA42A, 0xA46C, 0xAC8C, 0xB4ED, 0xB4CD, 0x9C4B,
    0x9C2A, 0x8BA9, 0x7B27, 0x72E7, 0x72E7, 0x62A7, 0x6286, 0x5225,
    0x39C3, 0x3942, 0x28C1, 0x1860, 0x1020, 0x0000, 0x1944, 0x21A5,
    0x29C7, 0x2A08, 0x3289, 0x32A9, 0x434B, 0x4B8C, 0x53CE, 0x5C51,
    0x64B2, 0x5CB0, 0x6C2F, 0x7C70, 0x6C2E, 0x6C2E, 0x6C0E, 0x5B8C,
    0x5B8C, 0x640E, 0x7410, 0x638D, 0x5BEB, 0x5C2F, 0x5C4F, 0x4C2F,
    0x6491, 0x6C70, 0x7CD0, 0x74D1, 0x8D73, 0x84F1, 0x7CD0, 0x742F,
    0x73F0, 0x8512, 0x8512, 0x8552, 0x95B4, 0x8D32, 0x73CD, 0x8C71,
    0x6CB0, 0x7D72, 0x64AF, 0x6BAF, 0x9C4E, 0x9C8E, 0x9511, 0xA531,
    0xA52E, 0x8408, 0x8469, 0xAD4D, 0xD611, 0xCDB1, 0xB531, 0xC614,
    0xA54E, 0x9CAC, 0xBCAE, 0xAC8D, 0x93AA, 0x7B29, 0x93EA, 0x9C0B,
    0x83CA, 0x8BAA, 0x93AA, 0x8BA9, 0x7B27, 0x7308, 0x6AA7, 0x5A25,
    0x6246, 0x5225, 0x49E4, 0x3963, 0x3942, 0x2901, 0x1880, 0x1840,
    0x0820, 0x1944, 0x2185, 0x29C6, 0x29E6, 0x3228, 0x32AA, 0x430C,
    0x5BEF, 0x538D, 0x5BCE, 0x63CD, 0x5B2B, 0x6B6C, 0x746F, 0x7CF1,
    0x63ED, 0x63AE, 0x63ED, 0x5C0D, 0x5C0D, 0x5C6D, 0x64AF, 0x644F,
    0x540D, 0x6C0F, 0x7C31, 0x7C91, 0x7451, 0x53AF, 0x5BEC, 0x7450,
    0x5BCD, 0x7CB2, 0x7CF3, 0x7CF2, 0x9D95, 0x9D96, 0x9D15, 0x7C8F,
    0x7C6E, 0x6C90, 0x54F1, 0x7D93, 0x8D30, 0xAD93, 0xBD50, 0x8D4F,
    0x8571, 0x952F, 0x8C0B, 0x83AA, 0x83CB, 0x7C0C, 0x8CAF, 0x7C6F,
    0x840C, 0x8CAB, 0xA50C, 0xBD8F, 0xCD4F, 0xB48E, 0x8BCB, 0x9C4C,
    0x946B, 0x83EA, 0x8BCA, 0x8369, 0x8328, 0x6327, 0x7348, 0x62C7,
    0x5A66, 0x6266, 0x6246, 0x5266, 0x4205, 0x41C4, 0x3122, 0x28E1,
    0x28C1, 0x2080, 0x1840, 0x0820, 0x1964, 0x29C6, 0x3207, 0x3227,
    0x3A89, 0x42EC, 0x430C, 0x4B2D, 0x5BCF, 0x5BCF, 0x63EE, 0x63AC,
    0x640E, 0x5B8C, 0x5B6C, 0x63CE, 0x5B8D, 0x434B, 0x53CC, 0x542E,
    0x6C70, 0x7C91, 0x738D, 0x7C2F, 0x846F, 0x322A, 0x32CA, 0x5B6A,
    0x4B2C, 0x438E, 0x4BCF, 0x6CF0, 0x64AD, 0x6CCE, 0x746F, 0x8CB2,
    0x638F, 0x5BCC, 0x6C8F, 0x646F, 0x74B0, 0x73ED, 0x6B8B, 0x62AB,
    0x532A, 0x642E, 0x6C0E, 0x7B6B, 0x8BAC, 0x5B6A, 0x3BAA, 0x4B29,
    0x632A, 0x5AE9, 0x4266, 0x83EB, 0x73C9, 0x7B47, 0x8BAB, 0x6AC9,
    0x52A7, 0x6388, 0x8C4C, 0x8BEA, 0x9BCB, 0x93CC, 0x93CA, 0x83A9,
    0x7348, 0x6A86, 0x6246, 0x7287, 0x5A25, 0x5225, 0x3A05, 0x4164,
    0x4143, 0x41A4, 0x3122, 0x28E1, 0x20A0, 0x1840, 0x0000, 0x18E3,
    0x1924, 0x29C7, 0x31E8, 0x31E9, 0x3A69, 0x328A, 0x31C6, 0x52EA,
    0x63EF, 0x6451, 0x6490, 0x6C91, 0x7450, 0x6C2E, 0x642E, 0x63ED,
    0x5B6B, 0x6BAE, 0x7C0F, 0x7C30, 0x74B0, 0x74B1, 0x7CD2, 0x7D32,
    0x7511, 0x6490, 0x6471, 0x64B1, 0x6C8F, 0x9571, 0x84B0, 0x532B,
    0x5269, 0x2903, 0x3162, 0x4AEA, 0x4B8C, 0x63ED, 0x5B6C, 0x5309,
    0x6B4A, 0x736B, 0x634C, 0x6BAB, 0x7309, 0x5A86, 0x6B48, 0x5348,
    0x4B08, 0x5227, 0x4188, 0x732B, 0x7327, 0x7348, 0x734A, 0x6AAA,
    0x630B, 0x4AA8, 0x5307, 0x73C8, 0x7BEA, 0x8BCB, 0x836A, 0x940B,
    0x9C2B, 0x93CB, 0x8B89, 0x8369, 0x8329, 0x72E7, 0x6A86, 0x5A46,
    0x5A46, 0x6206, 0x6226, 0x49C4, 0x4184, 0x3163, 0x3142, 0x28E1,
    0x1860, 0x0800, 0x1944, 0x29A6, 0x29E7, 0x3207, 0x3A68, 0x3289,
    0x32EA, 0x4BAD, 0x544F, 0x5C6F, 0x6430, 0x6BEF, 0x73ED, 0x5BAC,
    0x74AF, 0x6C4F, 0x6C4F, 0x7470, 0x5C2F, 0x64D1, 0x63EF, 0x5BAF,
    0x6C71, 0x6C50, 0x63CE, 0x74D2, 0x6C70, 0x5BCD, 0x534D, 0x4ACA,
    0x52CA, 0x52AB, 0x3A28, 0x42E9, 0x5C70, 0x8572, 0x6BCE, 0x630C,
    0x62EB, 0x5A8A, 0x5A46, 0x4A68, 0x4289, 0x6B6B, 0x6B29, 0x5B49,
    0x536A, 0x5B0B, 0x836D, 0x728B, 0x7B6B, 0xA40A, 0x8367, 0x736D,
    0x838E, 0x5B07, 0x5B88, 0x8BEA, 0x93C9, 0x83EA, 0x8B8B, 0x93AA,
    0xA46B, 0x9C0A, 0xA48B, 0x9C0A, 0x7308, 0x8B8A, 0x8349, 0x834A,
    0x830A, 0x6267, 0x6A87, 0x7288, 0x6267, 0x6287, 0x5A05, 0x49C5,
    0x3163, 0x3122, 0x2901, 0x20A0, 0x0820, 0x2144, 0x2185, 0x3207,
    0x3228, 0x3A69, 0x42AA, 0x536D, 0x536E, 0x6B8F, 0x7B2E, 0x83F0,
    0x7471, 0x74D1, 0x6C8F, 0x744F, 0x742F, 0x63CD, 0x5BCD, 0x5B4D,
    0x6BAF, 0x7470, 0x7450, 0x640E, 0x5BEE, 0x640F, 0x5BAE, 0x5B4E,
    0x634E, 0x5AEB, 0x3A08, 0x1183, 0x5B88, 0x4B49, 0x744D, 0x6B4C,
    0x5B0B, 0x5B2C, 0x632C, 0x742C, 0x744D, 0x6C4D, 0x73CC, 0x6B6A,
    0x4B27, 0x62E9, 0x6289, 0x734B, 0x7B8B, 0x8C4B, 0x94AA, 0xA52B,
    0x8C6A, 0x840C, 0x7B69, 0x9449, 0xA4AA, 0x9CED, 0x944D, 0x9C0D,
    0x9BAB, 0x940A, 0x944A, 0xA48C, 0xA48D, 0xAC6D, 0x9C0A, 0x93EA,
    0x8BAA, 0x9B8B, 0x8309, 0x6AE8, 0x7B09, 0x7288, 0x6A67, 0x51E5,
    0x5A06, 0x5A26, 0x51E5, 0x41A5, 0x3943, 0x2901, 0x20C0, 0x1020,
    0x2145, 0x29C6, 0x2A07, 0x3A69, 0x4ACB, 0x532C, 0x532C, 0x532C,
    0x640D, 0x64D1, 0x85B5, 0x74B2, 0x74B3, 0x8D76, 0x7CF3, 0x7CF3,
    0x7471, 0x7471, 0x6BAF, 0x63EE, 0x64B0, 0x6C91, 0x6C50, 0x7451,
    0x740F, 0x638D, 0x5BCD, 0x74AF, 0x746E, 0x7CEF, 0x8CD0, 0x6C0E,
    0x63AB, 0x7C6E, 0x646E, 0x744D, 0x8D10, 0x7CF0, 0x54AF, 0x4C6D,
    0x6C6D, 0x7C8D, 0xA530, 0x942F, 0x8BCE, 0x9C2F, 0xA4AB, 0xAD8C,
    0xBDCE, 0xCE30, 0xCDEE, 0xCDAF, 0xC58F, 0xC56E, 0xCD6C, 0xCD4E,
    0xD591, 0xB56F, 0xAD2E, 0xB50C, 0xACEC, 0x9C4C, 0xA42C, 0x9C2B,
    0xA44B, 0xA44B, 0x9BEB, 0x93AA, 0x7B4A, 0x7329, 0x7309, 0x72E8,
    0x5A87, 0x6A67, 0x6246, 0x5A46, 0x6246, 0x5A25, 0x51E4, 0x4984,
    0x3142, 0x20C1, 0x0820, 0x1964, 0x21A6, 0x29E8, 0x3269, 0x3269,
    0x428A, 0x5B0C, 0x73F1, 0x8534, 0x8575, 0x7D73, 0x8573, 0x8533,
    0x6CB0, 0x6D11, 0x7D73, 0x7D55, 0x7D54, 0x7D93, 0x74F2, 0x6C4F,
    0x64AF, 0x4C2B, 0x544C, 0x64AE, 0x542D, 0x74AF, 0x8CEF, 0x84EF,
    0x74AC, 0x6CED, 0x7D71, 0x85B0, 0x8DB0, 0xADF4, 0x95B3, 0x9553,
    0x9D53, 0xA5B2, 0x84AE, 0x9CAF, 0xA511, 0x9CD0, 0xB54F, 0xBD4E,
    0xCDAF, 0xC5AF, 0xCDF0, 0xC612, 0xC654, 0xD674, 0xC5AE, 0xCD6B,
    0xCCEB, 0xBD0D, 0xB52D, 0xBD4D, 0xC56E, 0xC52D, 0xAC4B, 0xA3CA,
    0x9C09, 0x7C07, 0x8BC9, 0xA40C, 0x9BEC, 0x8389, 0x83EA, 0x83E9,
    0x7B89, 0x7B49, 0x7B29, 0x6AE8, 0x7AE8, 0x8308, 0x7B09, 0x7288,
    0x59E5, 0x59E6, 0x4984, 0x3942, 0x20A0, 0x1040, 0x1924, 0x2986,
    0x31A7, 0x31A7, 0x39E8, 0x3ACA, 0x4B2C, 0x4B6E, 0x53AE, 0x7CD2,
    0x84F3, 0x7CB2, 0x8554, 0x8DD6, 0x8DB5, 0x8D74, 0x7530, 0x75B4,
    0x8E78, 0x96D7, 0x8E16, 0x9739, 0xAFDC, 0x9EB9, 0x9E58, 0xAE59,
    0xAEDA, 0x8E16, 0x9E77, 0x95F5, 0x95D3, 0x95D2, 0x9552, 0x9511,
    0x9CF1, 0xA5F3, 0xAE75, 0xB613, 0xC5F1, 0xD676, 0xB5B3, 0xB5F4,
    0xCE78, 0xCEB8, 0xCF77, 0xC714, 0xC693, 0xBDF1, 0xBE32, 0xAE53,
    0xAE12, 0xB610, 0xC60E, 0xB5CD, 0xBDEE, 0xC5EF, 0xBD6E, 0xB4CC,
    0xA4CB, 0xA4CC, 0xA4AC, 0x942A, 0x940A, 0x942B, 0x942B, 0x946B,
    0x944B, 0x840A, 0x83E8, 0x944B, 0x8BAA, 0x8349, 0x8389, 0x8BAA,
    0x7B48, 0x6AC7, 0x72A7, 0x51E5, 0x4184, 0x3984, 0x2922, 0x20A0,
    0x1840, 0x1104, 0x1986, 0x2A67, 0x3B0B, 0x32EB, 0x3269, 0x42CA,
    0x42EA, 0x3AA9, 0x534B, 0x63CE, 0x7C91, 0x8573, 0x7D74, 0x7D33,
    0x95D8, 0x8DB8, 0x8D55, 0x8574, 0x8534, 0x8D14, 0x7C52, 0x8BB1,
    0xAD97, 0xADD9, 0xA619, 0x9E59, 0xA637, 0xAE7A, 0xAE77, 0xC656,
    0xC677, 0xCEB8, 0xE7BC, 0xCF5B, 0xC77B, 0xDF9C, 0xD77C, 0xCF7D,
    0xCF7B, 0xCF3A, 0xE7DE, 0xCF9A, 0xCF58, 0xCEB7, 0xCE58, 0xC655,
    0xBE12, 0xC631, 0xBE51, 0xBE73, 0xBE94, 0xBE54, 0xBEB6, 0xC6F6,
    0xC6D6, 0xC694, 0xC632, 0xC5F2, 0xB58F, 0xAD2E, 0xAD0E, 0xB50E,
    0xACED, 0xA4AC, 0xB4ED, 0xB52E, 0xB4EE, 0xA48C, 0xA46C, 0xA44C,
    0x9C0B, 0x93EA, 0x93EA, 0x8B89, 0x72E7, 0x5A46, 0x51E5, 0x3964,
    0x3122, 0x28C1, 0x20A0, 0x1040, 0x1985, 0x21E7, 0x2A07, 0x3A08,
    0x3A69, 0x42CB, 0x4ACB, 0x532C, 0x5B6C, 0x4B09, 0x534B, 0x5B8D,
    0x5B4B, 0x5C0D, 0x5C6F, 0x74F0, 0x746F, 0x634D, 0x63AF, 0x84D3,
    0x74B1, 0x6C71, 0x4BAF, 0x6491, 0x6CD2, 0x6CD1, 0x6CB1, 0x8D74,
    0x7D12, 0x9DD5, 0x9E16, 0xA594, 0xADB5, 0xB658, 0xBEBA, 0xB699,
    0xCEB9, 0xD73A, 0xD6F9, 0xCE97, 0xC697, 0xC656, 0xC656, 0xC656,
    0xBDB4, 0xC615, 0xC6B6, 0xC6B6, 0xC694, 0xCE95, 0xC655, 0xBE31,
    0xB631, 0xBE33, 0xC633, 0xCE13, 0xD612, 0xD674, 0xD695, 0xCE95,
    0xCE53, 0xCE32, 0xC5B0, 0xBD4F, 0xC56F, 0xB52F, 0xB50E, 0xB4CE,
    0xAC8D, 0xAC4C, 0x9C0B, 0x9C0B, 0x93CA, 0x8BA9, 0x8B69, 0x7B48,
    0x62C7, 0x5205, 0x3963, 0x3123, 0x20C1, 0x20A0, 0x0820, 0x10C3,
    0x1965, 0x21A6, 0x2A08, 0x3289, 0x328A, 0x32AA, 0x3AAA, 0x4AEA,
    0x538C, 0x538C, 0x5BCD, 0x642E, 0x5C0F, 0x640E, 0x6450, 0x540E,
    0x5470, 0x4BEE, 0x4B4F, 0x432E, 0x4BCF, 0x6470, 0x53EE, 0x6450,
    0x6C90, 0x6C90, 0x63AE, 0x738E, 0x7BCE, 0x6C30, 0x642F, 0x6C4F,
    0x84B0, 0x6C0E, 0x9D94, 0xADD5, 0xA594, 0x9D53, 0xAE35, 0x9DB3,
    0xA5D5, 0xA5D3, 0xA5F3, 0xBE95, 0xADB3, 0xB573, 0xAD31, 0xBD92,
    0xBD72, 0xB4F0, 0xBD32, 0xB552, 0xBDB2, 0xD654, 0xD675, 0xCE35,
    0xA591, 0x950F, 0xA550, 0xAD50, 0xBD70, 0xC570, 0xBD4F, 0xAD4F,
    0x9CAC, 0x9C8C, 0x8BEB, 0x8BCA, 0x8BEB, 0x8BAA, 0x8389, 0x7B89,
    0x8328, 0x7B48, 0x7308, 0x5A66, 0x49E4, 0x49C5, 0x3123, 0x20C1,
    0x28C0, 0x1040, 0x1965, 0x21E7, 0x21E7, 0x21C7, 0x3228, 0x3AAB,
    0x3B0B, 0x4B4C, 0x430B, 0x436B, 0x432B, 0x63CE, 0x5BD0, 0x5BF1,
    0x7472, 0x53EF, 0x5C10, 0x7431, 0x742F, 0x6C2F, 0x84F1, 0x7C71,
    0x5BAF, 0x63D0, 0x6BF0, 0x7411, 0x7450, 0x6C0F, 0x7490, 0x7490,
    0x6BCE, 0x7C50, 0x84B0, 0x8490, 0x8D12, 0x8553, 0x8513, 0x8D74,
    0xA5B5, 0x9D54, 0x7CD0, 0x7C6F, 0x94D0, 0x7C2E, 0x8C8D, 0x9CCE,
    0x93CC, 0x9C6E, 0xA551, 0xA510, 0xAD90, 0x9D70, 0xBE32, 0xB613,
    0xA551, 0x9D72, 0x8CAE, 0x9CCF, 0xA4D0, 0x9C8E, 0x8C6D, 0xA510,
    0x9CEE, 0x9CCE, 0x9CCE, 0x948D, 0x9C4D, 0x8BEB, 0x8BC9, 0x83A8,
    0x83C8, 0x8389, 0x7B29, 0x7328, 0x6B08, 0x6286, 0x4184, 0x41C5,
    0x41C4, 0x3963, 0x2901, 0x20A0, 0x0820, 0x1945, 0x1125, 0x1966,
    0x21A8, 0x2A49, 0x3AAA, 0x3A49, 0x3A89, 0x4B6C, 0x530B, 0x5B6D,
    0x534C, 0x42A8, 0x6C70, 0x6C4E, 0x740F, 0x63AE, 0x63CE, 0x640F,
    0x6450, 0x5C50, 0x5C0F, 0x84D3, 0x7472, 0x6C50, 0x7451, 0x7471,
    0x6C30, 0x63EE, 0x742F, 0x640E, 0x6470, 0x6CB0, 0x74D0, 0x74B2,
    0x8D74, 0x8552, 0x9553, 0x9D73, 0x8CB0, 0xA572, 0xA572, 0x9531,
    0xA532, 0xA471, 0x9491, 0x8D50, 0x9D0F, 0x948E, 0x84CF, 0x8CD0,
    0x746E, 0x7BCE, 0x9450, 0x94EF, 0xACF0, 0xBCAF, 0x8C2C, 0x94EE,
    0x9CEF, 0x8C6E, 0x846D, 0x8C8D, 0x948E, 0x9CCE, 0x9CAF, 0x732A,
    0x838B, 0x9C2C, 0x93CB, 0x93EB, 0x7348, 0x7328, 0x62C7, 0x5A46,
    0x5A65, 0x49E4, 0x49E4, 0x3183, 0x2962, 0x3122, 0x20A0, 0x0820,
    0x1944, 0x29C7, 0x3A8A, 0x3268, 0x328A, 0x3AA9, 0x3B0B, 0x434C,
    0x4B8D, 0x4B6D, 0x53AD, 0x640F, 0x6C71, 0x5C2F, 0x4B4D, 0x63CF,
    0x53AE, 0x640F, 0x6450, 0x63EF, 0x6C50, 0x74B1, 0x6C70, 0x7451,
    0x7491, 0x6C70, 0x6C50, 0x640F, 0x74B1, 0x74B1, 0x6C2F, 0x6C0F,
    0x740F, 0x7BF0, 0x7C6F, 0x7C2E, 0x8490, 0x8CCF, 0x7C8D, 0x8D10,
    0x9D94, 0x9636, 0x8E15, 0x9DB4, 0x9615, 0x9573, 0x9CAF, 0x9BED,
    0x948D, 0x7CCF, 0x944D, 0x9C2C, 0x9C0D, 0x944D, 0x8CAE, 0x7C8D,
    0x7C2C, 0x948D, 0x9CEF, 0xA46E, 0x9BED, 0x83CB, 0xAD10, 0x8C8E,
    0x94AE, 0x9CCE, 0x944C, 0x83CB, 0x7309, 0x8B09, 0x7288, 0x62A8,
    0x6AE8, 0x6287, 0x5A26, 0x5A25, 0x5204, 0x49E3, 0x39A4, 0x3964,
    0x3142, 0x28E1, 0x1040, 0x2185, 0x21A6, 0x29C7, 0x3248, 0x42CA,
    0x430B, 0x430A, 0x430B, 0x4B4C, 0x53EE, 0x53CD, 0x4B6D, 0x5BCE,
    0x5BCF, 0x5C0F, 0x5C50, 0x5C0F, 0x6430, 0x6C50, 0x7492, 0x7452,
    0x7492, 0x8514, 0x8D95, 0x74D2, 0x7CD2, 0x8532, 0x7D12, 0x74B1,
    0x74B1, 0x8551, 0x7D72, 0x85B3, 0x7552, 0x7532, 0x85D3, 0x9E56,
    0x95D3, 0xADF5, 0x9D72, 0x9DB2, 0xADF4, 0xAE14, 0xA635, 0xA614,
    0xBE54, 0xBDF4, 0xB636, 0xADD4, 0x9D32, 0xA56E, 0x8CC9, 0x8469,
    0x7C0C, 0x832C, 0x9BEE, 0x83AC, 0x83EC, 0x732A, 0x6B67, 0x7BEA,
    0x942C, 0x946C, 0x844C, 0x8C0C, 0x9BEC, 0x8BAB, 0x836B, 0x8309,
    0x7AC8, 0x72C8, 0x7B08, 0x6AE7, 0x6AE7, 0x6286, 0x5A05, 0x6246,
    0x5A05, 0x49C3, 0x4163, 0x3122, 0x28E1, 0x1840, 0x1903, 0x2184,
    0x3206, 0x3247, 0x3A68, 0x4AC9, 0x534B, 0x536C, 0x538C, 0x5BAD,
    0x538D, 0x538D, 0x5B8D, 0x540E, 0x5BCE, 0x5BAD, 0x5BAD, 0x53AE,
    0x536E, 0x63D0, 0x63F0, 0x6410, 0x5C50, 0x6CD1, 0x6C90, 0x7CD2,
    0x8513, 0x7D12, 0x8D12, 0x8512, 0x8D73, 0x8D95, 0x9DD6, 0xA595,
    0xB5D6, 0x9D94, 0x8CF2, 0xA532, 0xA592, 0xAE15, 0x9573, 0x9D73,
    0xADD4, 0xA5D3, 0x9E13, 0xA634, 0xAE55, 0xB675, 0xB613, 0xBDF3,
    0xB613, 0x9DD0, 0xA5F1, 0xA550, 0x950F, 0x6CAD, 0x748C, 0x94CD,
    0xA50D, 0x9CCD, 0x948C, 0xA50F, 0x9CD0, 0x7C2D, 0x7BAB, 0x940C,
    0x838B, 0x8B49, 0x8B8A, 0x7B09, 0x6B08, 0x7308, 0x7307, 0x72E7,
    0x6AA7, 0x5A46, 0x5225, 0x4A04, 0x5A24, 0x6225, 0x4183, 0x28E1,
    0x1040, 0x2163, 0x21A3, 0x29E4, 0x3A45, 0x42A7, 0x42E9, 0x4B2A,
    0x5BAC, 0x5B6C, 0x5B4C, 0x636D, 0x5B4C, 0x5B4B, 0x5BAD, 0x63AD,
    0x638C, 0x63AD, 0x536C, 0x536C, 0x538C, 0x42EB, 0x534D, 0x534C,
    0x5B6D, 0x642E, 0x6C0E, 0x6BEF, 0x744F, 0x7CB1, 0x7C90, 0x7C6F,
    0x9533, 0x9DD4, 0xA5B4, 0xA574, 0x9574, 0xA575, 0xA534, 0x9D73,
    0x9D94, 0x9594, 0x8552, 0x9DF4, 0xA614, 0xAE35, 0xADF4, 0xA58F,
    0xA54E, 0xB591, 0xADB1, 0xB5F1, 0xB632, 0xBE54, 0xC652, 0xDE53,
    0xBD4E, 0xB52D, 0xCD71, 0xB4EF, 0xAC8F, 0x7B4C, 0x72E9, 0x944B,
    0x93A9, 0x9C2C, 0x9C4B, 0x8B8A, 0x836A, 0x7B8A, 0x7B29, 0x7309,
    0x7309, 0x7B07, 0x72C7, 0x6AA6, 0x6A46, 0x6225, 0x49E5, 0x5A05,
    0x6224, 0x3963, 0x20A0, 0x1040, 0x2163, 0x29C4, 0x3226, 0x3A47,
    0x42C7, 0x42E9, 0x42E8, 0x534B, 0x640E, 0x6C2D, 0x6C4E, 0x748F,
    0x6C4E, 0x6BEE, 0x63ED, 0x63ED, 0x63CE, 0x6C4F, 0x6CB1, 0x6470,
    0x64D2, 0x7595, 0x6CD3, 0x6C50, 0x6C2F, 0x6C6F, 0x6C6E, 0x6C4E,
    0x7C70, 0x7CD0, 0x7CCF, 0x7CD1, 0x7450, 0x84D2, 0x8532, 0x9553,
    0x9DB4, 0xA5F5, 0xAE15, 0xAE15, 0xBE76, 0xBE96, 0xB655, 0xB635,
    0xB655, 0xBE35, 0xCE56, 0xBDD4, 0xB592, 0xB5F3, 0xBDB3, 0xBDB2,
    0xCDD4, 0xC5B4, 0xCE15, 0xCE95, 0xC696, 0xBE94, 0x9D2D, 0xA3E8,
    0xA3AB, 0x93EB, 0xAD2D, 0xACED, 0xB4EE, 0xB4EC, 0xAC8B, 0xA46B,
    0x8BAA, 0x8349, 0x8329, 0x72E8, 0x72E8, 0x7AE8, 0x6AA7, 0x7AC8,
    0x7287, 0x5204, 0x41A3, 0x3161, 0x3120, 0x20A0, 0x0000, 0x1943,
    0x2184, 0x3226, 0x3A67, 0x3A67, 0x4AE9, 0x5B6C, 0x6C30, 0x7C91,
    0x6C4F, 0x646E, 0x6C6F, 0x6C4E, 0x74AE, 0x7CCE, 0x6CAD, 0x64AF,
    0x6D10, 0x6D12, 0x6CF1, 0x6D12, 0x7513, 0x7472, 0x74B2, 0x7CD1,
    0x74B0, 0x8532, 0x74B0, 0x746E, 0x7C90, 0x7C6F, 0x7CD0, 0x9593,
    0x8512, 0x8CD2, 0x9573, 0x8D72, 0x8531, 0x9571, 0x9591, 0x9552,
    0x9DB5, 0xA5F6, 0xA5D4, 0x9DB3, 0xADD3, 0xAE13, 0xADB2, 0xB5F4,
    0xB5D3, 0xB5B3, 0x9D51, 0xADB2, 0xAE10, 0x9DEF, 0xAE31, 0x9DAD,
    0x9D4D, 0xA4CD, 0xACCE, 0xB58F, 0xBDF0, 0xCDF0, 0xC5CF, 0xC5F0,
    0xC58E, 0xC58D, 0xBD4C, 0xACAB, 0x940A, 0x83AA, 0x83AA, 0x83AA,
    0x8349, 0x8369, 0x7B28, 0x6AA7, 0x6A46, 0x5A05, 0x41A4, 0x3921,
    0x28C0, 0x0000, 0x2143, 0x29A4, 0x29A4, 0x3A26, 0x42C8, 0x5B4A,
    0x5B6B, 0x538C, 0x5B8D, 0x6BCE, 0x740E, 0x742F, 0x6C2E, 0x746E,
    0x74CF, 0x7CCE, 0x7CD0, 0x74B0, 0x7450, 0x740F, 0x6BCF, 0x6BCF,
    0x7471, 0x74B0, 0x74F0, 0x7470, 0x7470, 0x7CF1, 0x8D52, 0x8D53,
    0x95B4, 0x7D52, 0x8532, 0x7CB2, 0x7CF1, 0x8D53, 0x84B1, 0x7D11,
    0x7CF1, 0x8CF1, 0x7CAF, 0x74AF, 0x746D, 0x7CAE, 0x7C6E, 0x7D12,
    0x8D52, 0x9571, 0x9510, 0x9511, 0xADD3, 0xADB2, 0x9D70, 0x848E,
    0x8C2E, 0x9C4E, 0x9C4E, 0xB4EF, 0xA4EE, 0x9CEE, 0x9CCC, 0xAD2E,
    0xBD90, 0xC590, 0xD611, 0xDE51, 0xD630, 0xCD8D, 0xBD2D, 0xA48C,
    0x942B, 0x940B, 0x93EA, 0x8BCA, 0x8BAA, 0x938A, 0x7AE8, 0x7287,
    0x5A06, 0x5206, 0x4184, 0x30E0, 0x1040, 0x2163, 0x29C5, 0x3206,
    0x42E9, 0x4B29, 0x5B4B, 0x5BAD, 0x6BEE, 0x6C2F, 0x6C0E, 0x740F,
    0x6C2F, 0x6C0E, 0x740E, 0x7430, 0x7C70, 0x7490, 0x7490, 0x7CF3,
    0x8513, 0x7D13, 0x8595, 0x9595, 0x9D96, 0x8D54, 0x9594, 0xA5D5,
    0x8D53, 0x8D34, 0x8CF3, 0x84F2, 0x8533, 0x9DB4, 0xA5B5, 0x9D33,
    0x9532, 0x9D52, 0x9D12, 0x94F1, 0x8CD0, 0x746D, 0x7CD0, 0x84AF,
    0x8CD0, 0x940E, 0x632A, 0x638C, 0x8C6E, 0x944E, 0x9C4F, 0x944E,
    0xA4CF, 0xB52F, 0xC4CE, 0xACCE, 0xA50C, 0x9CCC, 0x6B68, 0x8B4A,
    0x9349, 0x93EC, 0xA46E, 0xA46C, 0xA4AD, 0xA46D, 0xA46C, 0xACAC,
    0xB4AD, 0xACCD, 0xACAC, 0xA46C, 0x9C2B, 0x8BAA, 0x8B89, 0x93AA,
    0x8B89, 0x72C7, 0x6267, 0x5A26, 0x51E5, 0x4184, 0x30C0, 0x1040,
    0x2144, 0x2985, 0x31C6, 0x3A28, 0x4248, 0x4289, 0x52EB, 0x634C,
    0x5B4C, 0x638D, 0x638C, 0x6B8C, 0x63AC, 0x6C0D, 0x536A, 0x5349,
    0x638C, 0x6BCC, 0x7C2F, 0x7C70, 0x8513, 0x8D33, 0x84F2, 0x95B5,
    0xB638, 0xB637, 0xB656, 0xC6F8, 0xAED7, 0xBEF8, 0xCF59, 0xD75A,
    0xC718, 0xBEF7, 0xB6F8, 0xAE16, 0xA573, 0xA534, 0xA552, 0xAD72,
    0xA531, 0xA550, 0xA590, 0x952E, 0x950D, 0x9D0D, 0x8D0E, 0x8CCD,
    0x8D0D, 0x84CC, 0x8D0D, 0x9CED, 0x952D, 0xB5EF, 0xAD6E, 0xA4ED,
    0xBD90, 0x9CCD, 0x7B8B, 0x8BEC, 0x8BEC, 0x6AEA, 0x7AEA, 0x93EC,
    0x8C0B, 0x6AE7, 0x9369, 0x93AA, 0x8BCA, 0x93EB, 0x8BAA, 0x8369,
    0x7B28, 0x7B28, 0x72C7, 0x6AC7, 0x6AE8, 0x6A67, 0x5A26, 0x49E5,
    0x4184, 0x28C1, 0x1820, 0x1924, 0x2164, 0x29A6, 0x3207, 0x3207,
    0x4AC9, 0x42EA, 0x538C, 0x540D, 0x5BEE, 0x63CE, 0x5BED, 0x640E,
    0x63EE, 0x740F, 0x6BCD, 0x742F, 0x7C90, 0x7C70, 0x7D32, 0x95D5,
    0x95D5, 0x9E37, 0xA6D9, 0x9656, 0x8DD5, 0x95F7, 0xAE17, 0xB617,
    0xB638, 0xC658, 0xBDF7, 0xB618, 0xCF3B, 0xCF5B, 0xCF7C, 0xDF7B,
    0xDF7A, 0xC739, 0xBF18, 0xBEB7, 0xAE34, 0xB674, 0xADF3, 0xA571,
    0xA530, 0x9D30, 0x950F, 0xA530, 0xA50E, 0xAD6F, 0xC651, 0xACCE,
    0x942C, 0xACEF, 0x8C0C, 0x842B, 0xA52D, 0xA52C, 0xA48C, 0xA48B,
    0x9409, 0xA4AC, 0x8C0A, 0x8C0A, 0x7BEA, 0x93CB, 0x93AA, 0x7B08,
    0x6266, 0x62A5, 0x6AE6, 0x6285, 0x6AA5, 0x6A86, 0x6A67, 0x6AA8,
    0x5A46, 0x5A06, 0x51E5, 0x3963, 0x3943, 0x2040, 0x1103, 0x2144,
    0x2144, 0x29C6, 0x3A27, 0x3A47, 0x3A48, 0x4289, 0x426A, 0x4269,
    0x4B0C, 0x4B0B, 0x538D, 0x538D, 0x640F, 0x644F, 0x642F, 0x6C2F,
    0x6C2F, 0x6C4F, 0x6C0F, 0x640F, 0x6C51, 0x5BAE, 0x6C0F, 0x8491,
    0x6C4F, 0x648F, 0x7CF0, 0x6C70, 0x7D12, 0x8D71, 0x8D52, 0x8490,
    0x8C91, 0x9CF3, 0x8553, 0x7530, 0xAE54, 0xBE75, 0xBE35, 0xBE76,
    0xBE35, 0xB614, 0xBE34, 0xBE34, 0xB5B3, 0xB5B1, 0xB54F, 0xBD90,
    0xB570, 0xAD10, 0xACEF, 0xA48C, 0xA4ED, 0x946B, 0x944B, 0x9C6C,
    0x9C4C, 0x9C8D, 0x94AE, 0x9C8E, 0x948E, 0x94D0, 0x9CAF, 0x8C2C,
    0x7BCB, 0x93EA, 0x93C9, 0x8388, 0x8B69, 0x7AE7, 0x72C7, 0x6285,
    0x6265, 0x6246, 0x6226, 0x5A66, 0x6246, 0x49C5, 0x3963, 0x28E1,
    0x1820, 0x1963, 0x2184, 0x2A06, 0x3247, 0x3247, 0x3A68, 0x4289,
    0x3A89, 0x4B0B, 0x534B, 0x42C9, 0x49E7, 0x5269, 0x5A8A, 0x4207,
    0x52C9, 0x63AD, 0x5BAD, 0x5B6E, 0x5B6D, 0x5BCE, 0x642F, 0x6430,
    0x74B0, 0x7490, 0x644E, 0x6C8F, 0x7CB0, 0x74B1, 0x5BEE, 0x748E,
    0x6C2E, 0x6C4F, 0x6CAE, 0x7D50, 0x8572, 0x9552, 0xA5D2, 0xB655,
    0xAE36, 0xAE15, 0xC676, 0xBE75, 0xB674, 0xB674, 0xC674, 0xBE52,
    0xB632, 0xB5F2, 0xADB0, 0xB5F2, 0x9D4E, 0xA54E, 0xAD2E, 0xACEE,
    0x944C, 0x9C8D, 0x9C8E, 0x944D, 0x942D, 0x9C8F, 0x942E, 0x8C2D,
    0x8C0C, 0x93CC, 0x940B, 0x8C0B, 0x8BCA, 0x940A, 0x8BEA, 0x8348,
    0x7AE7, 0x72E7, 0x6A86, 0x6A86, 0x6266, 0x6246, 0x5A46, 0x5225,
    0x4184, 0x4163, 0x2901, 0x0840, 0x2163, 0x29C5, 0x3206, 0x3A67,
    0x42A8, 0x3B0A, 0x540E, 0x53AE, 0x4AEC, 0x4B0D, 0x6431, 0x64B3,
    0x64D1, 0x7D12, 0x8594, 0x7D74, 0x7470, 0x746F, 0x7CF2, 0x74F1,
    0x7512, 0x74D1, 0x7CD2, 0x6C91, 0x6CF1, 0x6CD1, 0x7471, 0x6C90,
    0x74D0, 0x7CF0, 0x8531, 0x7CF0, 0x8D32, 0x8D72, 0x7CF0, 0x7D30,
    0x9D92, 0x95B2, 0x9DB2, 0xA5B3, 0x9D90, 0xADD2, 0xC636, 0xCE98,
    0xCE77, 0xCE98, 0xC696, 0xC655, 0xCE15, 0xB591, 0xC5D3, 0xB550,
    0xB52F, 0xACCF, 0x9C2C, 0x9C8C, 0xA4AD, 0xA48D, 0x9C8D, 0xACCE,
    0x944C, 0x842A, 0x93EC, 0x93AB, 0x836A, 0x93CB, 0x8B8A, 0x7B69,
    0x8389, 0x7B49, 0x4A85, 0x5A65, 0x72C6, 0x6265, 0x6AA6, 0x6266,
    0x6227, 0x51E5, 0x49E4, 0x3962, 0x28C1, 0x28C0, 0x0840, 0x2164,
    0x3207, 0x29A4, 0x3A26, 0x4A89, 0x52EB, 0x5B6C, 0x4B6E, 0x6C70,
    0x8592, 0x9E77, 0x9675, 0x85D3, 0x9E16, 0xC6B9, 0xAE58, 0x8D93,
    0x8D54, 0x7CB1, 0x8533, 0x8534, 0x84D3, 0x84B3, 0x7CB2, 0x8D12,
    0x84B1, 0x7D12, 0x7D11, 0x8D73, 0x8D73, 0x95B4, 0x8D73, 0x9D95,
    0x9DB4, 0xA5B4, 0xBE36, 0xADB4, 0x9D72, 0xA5B3, 0xADD4, 0xB633,
    0xBEB5, 0xC6F5, 0xC695, 0xC6D7, 0xCED7, 0xC6B5, 0xC654, 0xC655,
    0xC655, 0xBE54, 0xADF2, 0xC674, 0xBDD0, 0xA52F, 0xAD50, 0xAD4F,
    0xAD0E, 0x9CCD, 0x94AC, 0x93EB, 0xA46C, 0x9C2C, 0xACAE, 0x8BEC,
    0x838B, 0x8BCC, 0x836B, 0x8B4A, 0x8B49, 0x7B49, 0x6B08, 0x5A65,
    0x5245, 0x5A65, 0x6266, 0x5A05, 0x49A5, 0x49E4, 0x41A2, 0x30E1,
    0x28C0, 0x1040, 0x29A5, 0x31E6, 0x4289, 0x3A89, 0x430A, 0x53AD,
    0x53AD, 0x644F, 0x6C70, 0x6C10, 0x7410, 0x8CD3, 0x8493, 0x84B2,
    0x6B8D, 0x6BCE, 0x95B5, 0x95F7, 0x95D6, 0x8DD4, 0x95B3, 0x8DB2,
    0x8DF2, 0x9612, 0x9DF3, 0x95F3, 0x9E34, 0x9E14, 0x9E14, 0x9DF3,
    0x9E13, 0xA614, 0x8DB2, 0xAE35, 0x9E55, 0xA636, 0xA656, 0xB6D8,
    0xDFDE, 0xBEB7, 0xC6F7, 0xBE96, 0xBEB5, 0xBEB5, 0xB674, 0xBE95,
    0xC696, 0xAE54, 0xBE75, 0xBE95, 0xAE74, 0xB6D5, 0xBF16, 0xAED3,
    0xA671, 0xADD0, 0xA52E, 0x9CCE, 0xA46E, 0x9CAE, 0x94AE, 0xA4CF,
    0x9CEE, 0x7C2B, 0x844C, 0x8C6C, 0x946D, 0x7BC9, 0x73A9, 0x7BC9,
    0x7B49, 0x6287, 0x5225, 0x5A86, 0x5A65, 0x6286, 0x6246, 0x5A06,
    0x5205, 0x5224, 0x4183, 0x28C1, 0x1040, 0x1923, 0x2164, 0x29C6,
    0x31E7, 0x42AA, 0x428A, 0x428B, 0x4AAB, 0x52CC, 0x426A, 0x530C,
    0x536C, 0x4B4C, 0x53AC, 0x646E, 0x6C8F, 0x6C2E, 0x7C6F, 0x8511,
    0x8573, 0x95F4, 0x8E15, 0x9678, 0x8E56, 0x8E57, 0x85F4, 0x8DB3,
    0x95D3, 0x9DB3, 0x9DD3, 0x9DD3, 0xA5F3, 0xA5D3, 0x9DB3, 0x9DF3,
    0xAE34, 0xA614, 0xADF3, 0xAE13, 0xA5D1, 0xADF3, 0xBE14, 0xB5F3,
    0xBDD5, 0xB5F5, 0xB635, 0xB615, 0xB677, 0xCED9, 0xB614, 0xBDD4,
    0xB5B2, 0xB5B2, 0xCDB3, 0xC570, 0xA52E, 0xAD4F, 0xB54F, 0xBDB0,
    0xAD4E, 0xAD0E, 0xAC4E, 0xB4CF, 0x7B29, 0x936C, 0x9C0D, 0x838B,
    0x834A, 0x7AEA, 0x936B, 0x7308, 0x62C8, 0x5A66, 0x5A47, 0x6287,
    0x72A7, 0x72A7, 0x6266, 0x51E4, 0x41C3, 0x4163, 0x30C1, 0x1020,
    0x1903, 0x1944, 0x1944, 0x2986, 0x31C7, 0x3A68, 0x4289, 0x426A,
    0x4AEB, 0x4ACA, 0x532C, 0x536B, 0x42AA, 0x530B, 0x5AEB, 0x5AEB,
    0x6B8D, 0x5B2A, 0x640C, 0x6CAF, 0x6D31, 0x7DF3, 0x85F3, 0x7D32,
    0x8511, 0x8DB4, 0x8D92, 0x9593, 0xA5D4, 0x9573, 0x8D93, 0x8D93,
    0x9553, 0x9D93, 0x9DB3, 0xADF4, 0xA572, 0xA572, 0xAD73, 0xBDD5,
    0xB5B4, 0xADB3, 0xAD92, 0xADD1, 0xADB3, 0xA5D3, 0xADD3, 0xA571,
    0x9530, 0xAD92, 0xB5D3, 0xB592, 0xB5B2, 0xB591, 0xAD91, 0xAD6F,
    0xBD70, 0xB54E, 0x9D0C, 0x9CAC, 0xAD0D, 0xACED, 0xA4CE, 0x9CCD,
    0xA52D, 0x9C8C, 0x8BEB, 0x83AB, 0x940C, 0x83AA, 0x6AC8, 0x7B0A,
    0x72E9, 0x72C8, 0x6AA7, 0x6AC7, 0x6A86, 0x6266, 0x6246, 0x41C3,
    0x3143, 0x28C1, 0x1020, 0x1923, 0x2985, 0x2164, 0x2185, 0x29C7,
    0x31E7, 0x3248, 0x3A68, 0x3AA9, 0x3A08, 0x42C9, 0x5BAD, 0x4B2A,
    0x4B6A, 0x534B, 0x63ED, 0x6C4E, 0x6C6F, 0x6C8F, 0x7CF1, 0x6CB0,
    0x7D12, 0x8DD4, 0x8DB5, 0x7CB0, 0x748F, 0x744F, 0x74AF, 0x644F,
    0x6C70, 0x74B0, 0x7D11, 0x7D70, 0x74EF, 0x7CF0, 0x9572, 0x9592,
    0xA696, 0xA7BA, 0x8F57, 0x9F37, 0xB759, 0xC7BC, 0xBF39, 0xB674,
    0xB5F3, 0xBE13, 0xBDF2, 0xBDF2, 0xBDD1, 0xB592, 0xC5D2, 0xA50D,
    0xAD2F, 0xB530, 0xB58F, 0xB590, 0xAD4F, 0xB54F, 0xBD2F, 0xAC8E,
    0x9C4D, 0xA48E, 0x9BEC, 0x8B6B, 0x7B2A, 0x7309, 0x836A, 0x7328,
    0x72E8, 0x7329, 0x6AC7, 0x72E8, 0x72E8, 0x6AC7, 0x6AC6, 0x5A66,
    0x6225, 0x51E5, 0x41C4, 0x3943, 0x20A0, 0x0820, 0x08E2, 0x0061,
    0x1944, 0x29E6, 0x3A8A, 0x42EA, 0x432B, 0x4B4C, 0x4B2C, 0x4B2B,
    0x53AC, 0x532D, 0x4B0B, 0x534B, 0x5B8D, 0x5BAD, 0x63ED, 0x740D,
    0x742E, 0x6C4F, 0x7CD1, 0x7490, 0x6BEE, 0x638D, 0x6BCE, 0x644F,
    0x640F, 0x6450, 0x648E, 0x4328, 0x63CB, 0x742D, 0x6B8E, 0x7C4F,
    0x84B0, 0x848E, 0x63ED, 0x642D, 0x946E, 0xB512, 0xBE35, 0xBE75,
    0xB634, 0xBE55, 0xB615, 0xB634, 0xA5F2, 0xADF3, 0xADF2, 0xB5B1,
    0xBDD2, 0xC614, 0xC615, 0xBDF3, 0xB551, 0xAD30, 0xA4EF, 0xA4CF,
    0xACF0, 0xA4F0, 0xA4CF, 0xACF0, 0xA4AE, 0x9C6E, 0x9C6D, 0x93EB,
    0x8BCA, 0x836B, 0x836B, 0x7B2A, 0x6AC8, 0x72C9, 0x5A87, 0x72C7,
    0x7B08, 0x7AE7, 0x6A66, 0x6A66, 0x5A26, 0x49E5, 0x4183, 0x28C1,
    0x0840, 0x31A6, 0x3A48, 0x3AA9, 0x430A, 0x536C, 0x4ACB, 0x4209,
    0x4A8A, 0x530A, 0x3247, 0x538B, 0x53AB, 0x53CC, 0x6C2F, 0x74EF,
    0x7D30, 0x8551, 0x8D71, 0x8D72, 0x8511, 0x8511, 0x8D12, 0x84B1,
    0x8D32, 0x7C70, 0x7C8F, 0x8D11, 0x62EB, 0x7C4F, 0x7C70, 0x8492,
    0x73CF, 0x628C, 0x6B8F, 0x6B6D, 0x4AA7, 0x42E8, 0x73ED, 0x948D,
    0xBD90, 0xAC8E, 0xCD73, 0xC633, 0xBE12, 0xC634, 0xBE13, 0xC654,
    0xBE33, 0xAE13, 0xB614, 0xAE34, 0xA613, 0xB613, 0xBE55, 0xB592,
    0xACF0, 0xA4EF, 0xAD0F, 0xA46E, 0x9C4D, 0xA48D, 0xA3ED, 0x9C2D,
    0x8BEA, 0x9C4B, 0xA44D, 0x7368, 0x7B69, 0x7B68, 0x8369, 0x8369,
    0x8B89, 0x7B29, 0x7B08, 0x7B08, 0x72A7, 0x5A66, 0x5A26, 0x49C5,
    0x4184, 0x3122, 0x28C1, 0x1040, 0x21A5, 0x2A07, 0x3AA9, 0x4B0C,
    0x53AE, 0x53EF, 0x6C91, 0x8D94, 0x74B0, 0x8532, 0x9DF6, 0xADF6,
    0xB676, 0xAE56, 0xB6D8, 0xAEF6, 0xA735, 0xA6B6, 0xA635, 0x9E73,
    0x9633, 0x8DF3, 0x85B3, 0x7D52, 0x7D32, 0x85D4, 0x8E14, 0x8D72,
    0x9DF3, 0x9E34, 0x9DD2, 0x9E52, 0xA6F4, 0x9E73, 0xAEF6, 0xBEF8,
    0xCF58, 0xEF9A, 0xDF7B, 0xB759, 0xC7BC, 0xE7FF, 0xD7DC, 0xE7FD,
    0xD79B, 0xD738, 0xCF17, 0xC694, 0xCE76, 0xDEB8, 0xCEB6, 0xDEF7,
    0xCEB5, 0xCEF7, 0xC6D5, 0xCED4, 0xD693, 0xCE32, 0xC5D1, 0xB590,
    0xB52F, 0xAC6D, 0xA4CE, 0xAD0E, 0x9C6C, 0xA48D, 0x9C4C, 0x9C4B,
    0x9C4A, 0xA44A, 0xA46A, 0x93E9, 0x8388, 0x7308, 0x72C7, 0x6AA6,
    0x5A44, 0x51C4, 0x41C5, 0x39A4, 0x3123, 0x28E1, 0x1040, 0x29A5,
    0x29E6, 0x31E7, 0x3208, 0x3A68, 0x3A87, 0x42C8, 0x4A89, 0x638F,
    0x7490, 0x84F2, 0x8D74, 0x8D92, 0x95D3, 0x9DD5, 0x9552, 0x9D74,
    0xA5B6, 0xAE16, 0xA635, 0xA635, 0xAE55, 0xB656, 0xB5F4, 0xAD51,
    0xC614, 0xB657, 0xBF1A, 0xAF19, 0xA6D7, 0xBF5A, 0xCF7A, 0xD798,
    0xC776, 0xD778, 0xD799, 0xD799, 0xA6B4, 0xDF7B, 0xCEF9, 0xBE97,
    0xC698, 0xDE98, 0xD678, 0xD6D8, 0xEF9B, 0xDF99, 0xF7FC, 0xDFB8,
    0xD736, 0xDF18, 0xD6B6, 0xCE32, 0xD5F2, 0xDE32, 0xDE52, 0xD632,
    0xC611, 0xC5D1, 0xC591, 0xCDD2, 0xC5D1, 0xBD8F, 0xCDD0, 0xBD4F,
    0xBD2E, 0xBD2E, 0xB4ED, 0xB50C, 0xBCEC, 0xBCCC, 0xA42A, 0x8BA9,
    0x72E8, 0x6266, 0x5A44, 0x5204, 0x49C4, 0x5A27, 0x49C5, 0x3963,
    0x30E2, 0x1860, 0x2184, 0x3206, 0x4248, 0x42A7, 0x52E9, 0x5B6D,
    0x6C4F, 0x5BCC, 0x6C4F, 0x63F0, 0x6CB1, 0x7D51, 0x8573, 0x85B5,
    0x8DB2, 0x8DB1, 0x95D4, 0x9591, 0xA633, 0xAE55, 0xA696, 0x9E56,
    0xA6DA, 0xA77D, 0x9FDE, 0x975C, 0x9EBB, 0xAEB9, 0xAE79, 0xAE99,
    0xA6B8, 0x8DB4, 0x9552, 0xA593, 0xADB3, 0x9CCF, 0xAD11, 0x9CAF,
    0x944E, 0xA550, 0xA590, 0xA570, 0x9D4F, 0x9D2F, 0x9D0F, 0x9530,
    0x8CCF, 0x9531, 0x9D92, 0x9592, 0xA5F4, 0xA675, 0x85D2, 0x9D72,
    0x9D10, 0x9CCE, 0xA50F, 0xA50F, 0x948C, 0x9CAB, 0xA4CD, 0xA4CD,
    0xB50E, 0xB54F, 0xBD6F, 0xCDB0, 0xC58F, 0xBD4E, 0xBD2E, 0xB4EC,
    0x9C4A, 0x8BA9, 0x7308, 0x6287, 0x6265, 0x5204, 0x5204, 0x49E4,
    0x4984, 0x4184, 0x3142, 0x28C1, 0x1040, 0x31E5, 0x3246, 0x3A46,
    0x4AE8, 0x5B8B, 0x5B8A, 0x63CA, 0x746F, 0x7CD2, 0x7D52, 0x95D5,
    0x8532, 0x8D33, 0x84D2, 0x8510, 0x8D52, 0x9552, 0x8D51, 0x95F3,
    0x8D91, 0x9E13, 0x9DD3, 0x8531, 0x8512, 0x9533, 0x9513, 0x7470,
    0x74B0, 0x7490, 0x6C6E, 0x5C0B, 0x6CAF, 0x6CF0, 0x7CF0, 0x6CF0,
    0x8633, 0x8613, 0x85D2, 0x5C0F, 0x63F1, 0x6C4E, 0x63CD, 0x7C50,
    0x9552, 0x9530, 0x84CE, 0x742D, 0x6BEC, 0x9CAF, 0x9CAF, 0xA510,
    0xA551, 0xB5B3, 0xAD30, 0x944F, 0x83ED, 0x8C2C, 0x940D, 0x734A,
    0x83CB, 0x83CA, 0x8BEB, 0x942B, 0x9C4B, 0xACCD, 0xACCD, 0xACCD,
    0xACAC, 0xA44B, 0x9C0B, 0x93CB, 0x6AE8, 0x62A7, 0x6287, 0x5244,
    0x5205, 0x5205, 0x4184, 0x4964, 0x4163, 0x2902, 0x2080, 0x0800,
    0x29A4, 0x3205, 0x32A5, 0x3AE7, 0x42E7, 0x53CB, 0x6C6E, 0x642C,
    0x74AF, 0x7D73, 0x85B5, 0x85D4, 0x9657, 0x95F5, 0x85B2, 0x8592,
    0x8591, 0x7D70, 0x8D91, 0x95B4, 0x9DF4, 0x95F5, 0x8E15, 0x7D51,
    0x7532, 0x64CF, 0x644F, 0x6C70, 0x638D, 0x6B8E, 0x7BF0, 0x7BAF,
    0x6B6C, 0x742E, 0x7C2E, 0x73CC, 0x6B8B, 0x6B4B, 0x840D, 0x846D,
    0x7BEC, 0x94B0, 0x9470, 0x638C, 0x6BCD, 0x844F, 0x8CD1, 0x8CAE,
    0x7C4E, 0x848F, 0x6B8B, 0x6B6A, 0x9CD0, 0x6B4A, 0x83AB, 0x8BEC,
    0x83EB, 0x7B8B, 0x83AB, 0x8BEB, 0x83AA, 0x7B6A, 0x838A, 0x7B69,
    0x7B89, 0x8BCB, 0x83CA, 0x8B8A, 0x8349, 0x7B08, 0x7AE8, 0x72A8,
    0x6266, 0x6287, 0x5A25, 0x5225, 0x51E4, 0x3962, 0x3902, 0x20A0,
    0x2901, 0x1840, 0x0000, 0x2163, 0x2184, 0x21A4, 0x3207, 0x3206,
    0x2A25, 0x3225, 0x3A86, 0x534A, 0x640F, 0x6CF1, 0x84F2, 0x8D53,
    0x7530, 0x7D51, 0x7D32, 0x7D11, 0x8532, 0x7CF1, 0x74D1, 0x8512,
    0x74D1, 0x9572, 0x9DF3, 0x9DF4, 0x95F4, 0x8DF3, 0x8531, 0x7D10,
    0x7CEF, 0x5BCA, 0x742B, 0x63AB, 0x73AD, 0x6B0A, 0x6B2C, 0x73EF,
    0x740E, 0x84AE, 0x754B, 0x852C, 0x84CB, 0x8CEB, 0xA4ED, 0x9CEC,
    0xA52D, 0x8C0B, 0xA48E, 0x94CF, 0x8CAF, 0x8C8D, 0xA4B0, 0x8CAE,
    0xA4EF, 0xB530, 0x9CAE, 0x942D, 0x8BAB, 0x946B, 0x942B, 0x8BEA,
    0x83CA, 0x83CA, 0x83A9, 0x7307, 0x7B07, 0x7327, 0x7B68, 0x7328,
    0x6AE8, 0x6AE8, 0x72C8, 0x5A66, 0x6267, 0x5A25, 0x5225, 0x5204,
    0x41A2, 0x4163, 0x3923, 0x20E0, 0x0000, 0x0000, 0x2143, 0x29A4,
    0x31C5, 0x31E4, 0x2A05, 0x3A47, 0x39E5, 0x4288, 0x5B4C, 0x5AEB,
    0x5B4C, 0x5C0E, 0x5C2E, 0x53CE, 0x63F0, 0x644F, 0x646F, 0x74D0,
    0x6CB0, 0x74D0, 0x74F0, 0x6CF1, 0x7CF2, 0x7D32, 0x7D11, 0x8D53,
    0x9D74, 0x84F2, 0x8DD5, 0x8616, 0x9EB8, 0xA6D8, 0x9613, 0x9590,
    0x9D90, 0x9DAF, 0x6CEA, 0x9651, 0x7E0E, 0x8D8E, 0xB592, 0x950F,
    0x9DD0, 0xBEB4, 0xAEB2, 0xAE70, 0xAE4F, 0xA5EF, 0x958E, 0xA5B0,
    0xAE10, 0xA52F, 0xA50F, 0xA50F, 0xAD10, 0x9CAE, 0x8C4D, 0x8C2C,
    0x840A, 0x942C, 0x8C2B, 0x83EA, 0x83EA, 0x7BA9, 0x83AA, 0x8348,
    0x7AE7, 0x8349, 0x7B28, 0x72E6, 0x7328, 0x6AC8, 0x6286, 0x6266,
    0x5A46, 0x51E5, 0x49A3, 0x41A2, 0x4183, 0x3102, 0x3101, 0x20A1,
    0x0820, 0x2183, 0x29C4, 0x29E4, 0x42C8, 0x536B, 0x4309, 0x4B2A,
    0x63AD, 0x4B8A, 0x4B48, 0x532A, 0x5B6B, 0x63AD, 0x638D, 0x5BCD,
    0x53CC, 0x4B29, 0x5BED, 0x6C90, 0x74F1, 0x74F0, 0x6CAF, 0x74F1,
    0x74F1, 0x8511, 0x7D10, 0x8DD4, 0x9DF5, 0x9512, 0x8CF1, 0x9D73,
    0x9D73, 0xA5D5, 0xA657, 0xAE76, 0xC6D9, 0xDF1B, 0xD6B8, 0xE73A,
    0xCED7, 0xBF15, 0xBF15, 0xBEB4, 0xBED7, 0xB697, 0xC697, 0xCE56,
    0xCE15, 0xBDB2, 0xB571, 0xACF0, 0xB4F1, 0xA4F0, 0x8C8F, 0x8CAF,
    0x944E, 0x93CC, 0x8BEC, 0x8C2C, 0x8C2C, 0x942C, 0x83EB, 0x7369,
    0x8C0A, 0x944B, 0x940B, 0x838A, 0x938B, 0x82E8, 0x72E8, 0x8349,
    0x7308, 0x7B28, 0x6A86, 0x5A46, 0x51E4, 0x49C3, 0x49C6, 0x49E3,
    0x3942, 0x3962, 0x20E0, 0x1020, 0x2184, 0x29A4, 0x29C5, 0x31E6,
    0x3227, 0x3A88, 0x3267, 0x3205, 0x4AC8, 0x530A, 0x5B4C, 0x5B2B,
    0x638D, 0x6C2F, 0x63AD, 0x744F, 0x748F, 0x6C0E, 0x640E, 0x5C2D,
    0x642E, 0x6C6F, 0x74AF, 0x748F, 0x744E, 0x746F, 0x740E, 0x7C6E,
    0x7D11, 0x8531, 0x9552, 0x9DB3, 0xA593, 0xA5B3, 0xAE16, 0xAE16,
    0xAE55, 0xBEB6, 0xAE15, 0xBE57, 0xD698, 0xC615, 0xCE96, 0xC6F8,
    0xB6F6, 0xAED5, 0xB6F5, 0xAE51, 0xBE12, 0xBDD2, 0xC593, 0xBD51,
    0xB510, 0xB4F0, 0xACF0, 0xA4EF, 0x9CAD, 0x9C6D, 0x9CAD, 0x9CAC,
    0x9CCC, 0x9C8D, 0x946C, 0x942B, 0x8C4B, 0x942B, 0x940B, 0x8BEB,
    0x8BAB, 0x7B49, 0x7B69, 0x7B48, 0x72E7, 0x6286, 0x5225, 0x49E3,
    0x3981, 0x4181, 0x2980, 0x2942, 0x3962, 0x20E0, 0x0840, 0x10E1,
    0x2164, 0x29E6, 0x29E6, 0x3206, 0x3A68, 0x42C9, 0x4AAA, 0x42C9,
    0x42E9, 0x4B2A, 0x5B4C, 0x4B4B, 0x3AE9, 0x432B, 0x430A, 0x42C9,
    0x532B, 0x532C, 0x5B6B, 0x63CC, 0x6C2D, 0x640D, 0x640C, 0x642C,
    0x6C6F, 0x84B0, 0x8531, 0x84F1, 0x8D51, 0x8511, 0x9DB3, 0x9DF4,
    0xA5F4, 0xA614, 0xA5F4, 0xA5B4, 0xB5F6, 0xBE56, 0xAE34, 0xAE12,
    0xC696, 0xC696, 0xC635, 0xC614, 0xBDF3, 0xBE13, 0xC634, 0xC655,
    0xC675, 0xD695, 0xCE53, 0xC653, 0xC653, 0xBE12, 0xB5B1, 0xAD70,
    0xAD30, 0xA4EE, 0xA4EF, 0xAD0F, 0xACED, 0xACEE, 0xA48D, 0x9C6C,
    0x942C, 0x93EB, 0x93EA, 0x8388, 0x8368, 0x7B69, 0x7B28, 0x7B28,
    0x6AC6, 0x6266, 0x5A45, 0x49C2, 0x49A2, 0x49A3, 0x4184, 0x3121,
    0x28E0, 0x1040, 0x2185, 0x21A5, 0x29C6, 0x2A06, 0x3247, 0x3A89,
    0x42A8, 0x4AE9, 0x5349, 0x4AE9, 0x532A, 0x4B0A, 0x5B2B, 0x634C,
    0x4AC9, 0x4B2B, 0x536C, 0x4B0A, 0x4B4B, 0x642D, 0x6CAE, 0x5C0D,
    0x640E, 0x7CD2, 0x9D13, 0x7D10, 0x7510, 0x84B0, 0x8C90, 0x9511,
    0x8D10, 0x9D73, 0x9DD4, 0xA634, 0xAE55, 0xA654, 0xAE94, 0xB675,
    0xAE35, 0xAE55, 0xAE75, 0xA634, 0xA5F3, 0xB633, 0xB613, 0xB633,
    0xB653, 0xBE74, 0xCEB4, 0xC6B3, 0xCED4, 0xD6D6, 0xD695, 0xCE53,
    0xCE54, 0xC654, 0xC633, 0xC612, 0xCDF2, 0xCE12, 0xC5B1, 0xC570,
    0xC570, 0xB4EE, 0xA46C, 0x9C2B, 0x9C2C, 0x8BCA, 0x8BEA, 0x7B89,
    0x7B28, 0x8389, 0x8369, 0x7AE7, 0x6266, 0x5205, 0x5A05, 0x41C2,
    0x3980, 0x3121, 0x2900, 0x2080, 0x0800, 0x10A2, 0x2164, 0x2185,
    0x21C6, 0x3228, 0x3A48, 0x3A89, 0x42CA, 0x532B, 0x532A, 0x5B6A,
    0x5BCB, 0x63EE, 0x7470, 0x6D11, 0x746F, 0x7490, 0x6C6E, 0x642E,
    0x63EC, 0x7C6F, 0x7CAE, 0x84EF, 0x8CF0, 0x8D11, 0x9D33, 0xA574,
    0xA5F6, 0xA656, 0x9E75, 0x96B1, 0xAED4, 0xB674, 0xAE53, 0xAE53,
    0xADD3, 0xADD2, 0xA612, 0xAE74, 0xB675, 0xAE54, 0xAE54, 0xBE75,
    0xB674, 0xB673, 0xBE74, 0xBE95, 0xC6B7, 0xCED8, 0xD6B6, 0xCEB4,
    0xBE30, 0xBE10, 0xBDD1, 0xB590, 0xBDAF, 0xCE31, 0xD672, 0xCE52,
    0xD651, 0xD630, 0xD5F0, 0xCDAF, 0xBD2D, 0xA48B, 0xA48C, 0x9C8B,
    0x8BC9, 0xA40B, 0x93CA, 0x8348, 0x7B27, 0x6B07, 0x6AC7, 0x6286,
    0x49E2, 0x49A3, 0x49A3, 0x41E1, 0x3961, 0x28C0, 0x1820, 0x0800,
    0x1944, 0x29A5, 0x31E6, 0x3207, 0x3268, 0x3A88, 0x4AC9, 0x4AEA,
    0x3AA8, 0x4BAA, 0x642D, 0x5C0D, 0x6470, 0x63CD, 0x6BEE, 0x63EE,
    0x640C, 0x6C4E, 0x74CF, 0x750E, 0x6CEE, 0x646C, 0x84EF, 0x7CEE,
    0x754F, 0x9D93, 0x9D74, 0xB617, 0xB656, 0xBEB8, 0xBE77, 0xC6B7,
    0xD759, 0xC718, 0xDFBA, 0xDF9A, 0xE77B, 0xE77A, 0xCF38, 0xBEF6,
    0xCEF7, 0xCEF8, 0xC6D6, 0xBED6, 0xCEF6, 0xD737, 0xD716, 0xD716,
    0xBEB3, 0xD6D6, 0xCE94, 0xCE72, 0xC612, 0xBDF1, 0xB591, 0xC5F2,
    0xCE51, 0xD610, 0xD611, 0xCDCD, 0xCDCE, 0xCDAE, 0xD58E, 0xD5AE,
    0xCD8D, 0xCD4C, 0xC50B, 0xBD2C, 0x9C6B, 0x9C4B, 0x9BEA, 0x8328,
    0x8349, 0x7AE7, 0x6286, 0x5A64, 0x49E2, 0x39A1, 0x41C2, 0x4142,
    0x1880, 0x2040, 0x1020, 0x2144, 0x2165, 0x21A5, 0x4269, 0x534C,
    0x430A, 0x42C9, 0x3AC6, 0x4B49, 0x5B6B, 0x4269, 0x430B, 0x5BAD,
    0x53AD, 0x640E, 0x6C6F, 0x742F, 0x740E, 0x63AC, 0x5BEC, 0x740D,
    0x746D, 0x74AD, 0x8D30, 0x9530, 0x9571, 0x8572, 0x8571, 0x9E13,
    0xAE76, 0x9E15, 0xA5D4, 0xAE55, 0x9E33, 0xAE54, 0xAE74, 0xB675,
    0xBE96, 0xC6F8, 0xC6F7, 0xCF39, 0xCF58, 0xC6D6, 0xCEF7, 0xCEF7,
    0xCED6, 0xCED5, 0xC715, 0xCED4, 0xCE94, 0xD736, 0xC6D4, 0xBE31,
    0xC672, 0xCE53, 0xB5D1, 0xAD2E, 0xA4AE, 0xAD0E, 0xA4CD, 0xBD4E,
    0xBD6E, 0xBD0E, 0xC52D, 0xC50C, 0xC56C, 0xC52C, 0xBCCB, 0xB4AC,
    0xA42C, 0x83AA, 0x7BA9, 0x8BEB, 0x9BEC, 0x72E8, 0x5224, 0x41E2,
    0x41E1, 0x3160, 0x28E1, 0x28C0, 0x1820, 0x0800, 0x1944, 0x2185,
    0x29A6, 0x21A5, 0x2184, 0x3A27, 0x4268, 0x530B, 0x530A, 0x4289,
    0x4AEA, 0x534B, 0x5B8D, 0x5B8D, 0x538C, 0x434B, 0x4B4B, 0x638C,
    0x5369, 0x644B, 0x6C0A, 0x640A, 0x744C, 0x84AE, 0x8530, 0x84EF,
    0x8D11, 0x9553, 0x95B3, 0x9DB3, 0xA5D5, 0xA5F5, 0xAE35, 0xAE55,
    0xB676, 0xAE54, 0xB695, 0xBEB5, 0xBE94, 0xBE94, 0xAE53, 0xAE73,
    0xBEB6, 0xC6F6, 0xCEF7, 0xCEF6, 0xDF58, 0xDF18, 0xD6D6, 0xD6D5,
    0xCEB4, 0xBE11, 0xB631, 0xBE11, 0xB5B0, 0xA54F, 0xC5B1, 0xACCC,
    0xA4AB, 0xACEE, 0xA4CE, 0x8C4C, 0xA4ED, 0xA4CD, 0xB50F, 0xB50E,
    0xACCD, 0xA4AC, 0xACAB, 0xB4AC, 0xA42C, 0x83AA, 0x7308, 0x6B09,
    0x7308, 0x6265, 0x49E3, 0x3980, 0x3140, 0x28E0, 0x18A0, 0x1040,
    0x0820, 0x2165, 0x29C6, 0x3227, 0x3ACA, 0x538D, 0x636E, 0x63CE,
    0x5C4E, 0x5C8E, 0x7552, 0x7CD2, 0x6C4F, 0x64AF, 0x6C90, 0x6C70,
    0x7C71, 0x84F2, 0x8591, 0x7570, 0x74CF, 0x74CE, 0x7D4F, 0x8590,
    0x7D50, 0x8DD1, 0x9DB1, 0xA635, 0x9E14, 0xAE56, 0xAE56, 0x9E14,
    0xA613, 0xA5F4, 0xB655, 0xB6B6, 0xBEB6, 0xB696, 0xB696, 0xC6D7,
    0xBEB6, 0xD75A, 0xC738, 0xC6B7, 0xD6F8, 0xD6F7, 0xD717, 0xCF17,
    0xCEF6, 0xD717, 0xDEF7, 0xD6D5, 0xD6D4, 0xD6B5, 0xCE53, 0xBE12,
    0xBE11, 0xB5F0, 0xBE12, 0xD614, 0xB50E, 0xB50E, 0xB4EE, 0xBD90,
    0xACEE, 0xACEE, 0xA4AE, 0xA48D, 0xA46C, 0x9C2B, 0x9C4B, 0x942B,
    0x940B, 0x7B09, 0x72E8, 0x6A87, 0x5A45, 0x5205, 0x49E2, 0x49C3,
    0x3140, 0x2100, 0x2080, 0x1000, 0x2164, 0x2165, 0x29A6, 0x3966,
    0x39C6, 0x2A46, 0x3B07, 0x5349, 0x39A7, 0x3185, 0x3AA7, 0x4B8C,
    0x5BAD, 0x5B2C, 0x5B6B, 0x5B6A, 0x52E9, 0x5B09, 0x6BAA, 0x6BEA,
    0x6C4D, 0x7C8F, 0x7CAF, 0x74AF, 0x6CEF, 0x7593, 0x7DF4, 0xAE76,
    0xAE56, 0x9E15, 0xAE57, 0xAE56, 0x9634, 0xA655, 0xADF4, 0xB615,
    0xBEB6, 0xBED7, 0xC6D7, 0xC6D7, 0xC697, 0xBEB6, 0xC6D5, 0xBED4,
    0xBEF6, 0xCED6, 0xD6B6, 0xD6D6, 0xD6D6, 0xD6D5, 0xD6D6, 0xCEB5,
    0xD6B5, 0xD6B5, 0xDE75, 0xCDF3, 0xBDD1, 0xBDF1, 0xAE10, 0xA54E,
    0xAD4F, 0xBD2F, 0xB4EF, 0xACCD, 0xA4CD, 0x942B, 0xA4AD, 0x9C4C,
    0x8BEB, 0x836A, 0x8BAA, 0x8BCA, 0x7309, 0x7308, 0x6AA7, 0x6266,
    0x6266, 0x6245, 0x3921, 0x3921, 0x3121, 0x1880, 0x0820, 0x1943,
    0x2964, 0x29A6, 0x31E8, 0x3247, 0x3AA6, 0x2983, 0x29E4, 0x3AA1,
    0x52A0, 0x29A1, 0x3A86, 0x5BE9, 0x6BEA, 0x6C29, 0x6C6A, 0x7D0F,
    0x748D, 0x7C8E, 0x84AF, 0x8CF0, 0x7CCE, 0x74AE, 0x84AF, 0x7BED,
    0x744D, 0x4BED, 0x7CD1, 0x8532, 0x8D93, 0x9DD4, 0xA655, 0xB6B7,
    0xB6D8, 0xBF19, 0xBEF9, 0xBED8, 0xBE96, 0xBE95, 0xB694, 0xA651,
    0xBE51, 0xB610, 0xBE72, 0xC6B4, 0xAE51, 0xC6D4, 0xD6F6, 0xCEB6,
    0xCEB5, 0xD6D6, 0xD6B5, 0xCED4, 0xCED5, 0xCEB4, 0xCE53, 0xD653,
    0xD632, 0xC5F1, 0xC611, 0xC5F0, 0xBDB0, 0xBD8F, 0xBD6F, 0xBCEE,
    0xB50D, 0xBD2E, 0xA48C, 0x9C2C, 0x93EC, 0x83AA, 0x7B49, 0x7AE9,
    0x72C8, 0x72C8, 0x6A87, 0x5225, 0x49C3, 0x3900, 0x3961, 0x3120,
    0x1860, 0x0800, 0x2986, 0x3A27, 0x3A68, 0x3AE8, 0x4B8C, 0x63B0,
    0x5B8E, 0x6C0F, 0x744E, 0x9E55, 0xB6F6, 0x9E94, 0x9DF6, 0xB6B9,
    0xB699, 0xA656, 0x9611, 0x7D6F, 0x7D30, 0x8510, 0x848E, 0x84AE,
    0x84CF, 0x7D10, 0x8512, 0x95D5, 0x9572, 0x9553, 0xA5B6, 0xA595,
    0x95B3, 0xAE37, 0xBDF6, 0xB5D5, 0xB656, 0xAE15, 0xA634, 0xAE53,
    0xBE75, 0xBE94, 0xAE92, 0xB6B3, 0xC6D4, 0xC6D5, 0xD718, 0xDEF7,
    0xD6B6, 0xBE74, 0xCEB5, 0xD6B5, 0xCE74, 0xCE93, 0xDED6, 0xD6D5,
    0xD6F5, 0xD715, 0xD6D5, 0xD6D4, 0xDED4, 0xDE93, 0xD673, 0xDE93,
    0xD671, 0xD651, 0xCE31, 0xCDD1, 0xCDD1, 0xBD4F, 0xB4ED, 0xACAD,
    0xA44C, 0x8BA9, 0x7348, 0x7B69, 0x7B29, 0x6A87, 0x5A05, 0x51E4,
    0x4161, 0x3120, 0x2901, 0x2080, 0x0020, 0x1903, 0x2143, 0x31C6,
    0x3A07, 0x3A07, 0x42A7, 0x4307, 0x4AE7, 0x4AE8, 0x4AE7, 0x42A7,
    0x538A, 0x5389, 0x6BAB, 0x74CF, 0x63ED, 0x5349, 0x6C0B, 0x63A8,
    0x5B88, 0x6BEA, 0x638A, 0x632B, 0x6C0E, 0x640C, 0x63AC, 0x94F2,
    0x84D1, 0x6CB0, 0x7D51, 0x8D93, 0x8532, 0x84F1, 0x9531, 0xA531,
    0xA551, 0xADD2, 0xAE13, 0x9DB1, 0xAE11, 0xAE11, 0xAE33, 0xB654,
    0xADF2, 0xADF2, 0xC6B4, 0xBE94, 0xC6B5, 0xC694, 0xC674, 0xCED6,
    0xCEB6, 0xD6B5, 0xD6B5, 0xD6B5, 0xD6B5, 0xDEB5, 0xD693, 0xCEB3,
    0xCEB3, 0xD673, 0xDE51, 0xD650, 0xD650, 0xD610, 0xCDAE, 0xC5CF,
    0xC5AF, 0xBD4E, 0xB50C, 0xACAC, 0xA42A, 0x9C2A, 0x93CA, 0x7B28,
    0x6AC8, 0x5A26, 0x59C4, 0x49A3, 0x2900, 0x18A0, 0x2060, 0x0020,
    0x2144, 0x29A6, 0x21E6, 0x3289, 0x3ACA, 0x42CA, 0x4AAA, 0x534B,
    0x4B49, 0x4B09, 0x536A, 0x5329, 0x5369, 0x3B09, 0x2246, 0x32E8,
    0x532C, 0x42E8, 0x4B88, 0x540B, 0x5C2C, 0x6C6D, 0x7CF0, 0x740E,
    0x73AD, 0x7CB1, 0x6D72, 0x74D0, 0x8532, 0x8D32, 0x84B0, 0x84EF,
    0x8D6F, 0x95D1, 0x8D70, 0x95D1, 0xA5B2, 0xA592, 0x9D70, 0xADF1,
    0x9DB0, 0x9DD0, 0xA5B1, 0xA570, 0xBDB2, 0xAD71, 0xADB1, 0xC633,
    0xC633, 0xB5F1, 0xAE51, 0xB6B3, 0xAE52, 0xC675, 0xC695, 0xC653,
    0xCE53, 0xCE12, 0xC611, 0xBDD0, 0xC5B0, 0xC5D0, 0xCDAF, 0xCD4E,
    0xC56C, 0xBD6C, 0xBD0C, 0xBD0C, 0xBD0C, 0xB4AB, 0xAC8B, 0xB4AB,
    0xA44A, 0x93E9, 0x8B88, 0x72E8, 0x6246, 0x51A4, 0x4183, 0x28E0,
    0x20A0, 0x0820, 0x0000, 0x1944, 0x2164, 0x2986, 0x29A6, 0x3207,
    0x3A89, 0x3268, 0x2A08, 0x4AAA, 0x4AAA, 0x4B0B, 0x4B4B, 0x538C,
    0x536C, 0x7BD0, 0x6BCD, 0x6CAC, 0x648B, 0x63EC, 0x63CB, 0x5BCB,
    0x53AB, 0x5BCC, 0x5BED, 0x7CD0, 0x844F, 0x744F, 0x74AF, 0x84F1,
    0x7CAF, 0x7CAF, 0x8CD1, 0x83D0, 0x9CD1, 0xA591, 0x9591, 0x8D2F,
    0x9D90, 0xB5F3, 0xA590, 0xA5D1, 0xAE12, 0x9DD0, 0xA5D0, 0xA590,
    0xA54F, 0xAD50, 0xA590, 0xADB0, 0x9D0E, 0x94CC, 0xBDD1, 0xB5F1,
    0xBDD2, 0xBE74, 0xB673, 0xB5D1, 0xC5F1, 0xBDD1, 0xBDB0, 0xB54F,
    0xBD70, 0xBD91, 0x9CAC, 0x9C4A, 0xA48A, 0xA46A, 0x9C49, 0xA44A,
    0xA42A, 0x9BE9, 0x93A7, 0x93C7, 0x93C8, 0x8B89, 0x72C8, 0x6247,
    0x51E5, 0x4183, 0x1860, 0x20A1, 0x1040, 0x0000, 0x18C3, 0x1924,
    0x2165, 0x29A6, 0x29A6, 0x31E6, 0x3A27, 0x42A9, 0x4AC9, 0x4AC9,
    0x52CA, 0x528A, 0x4ACA, 0x3AE8, 0x0AE3, 0x22E6, 0x3AA8, 0x4B8A,
    0x4BAA, 0x53EA, 0x5C0B, 0x5BEA, 0x6C2C, 0x5BEB, 0x5389, 0x5BEB,
    0x742E, 0x6BED, 0x63CC, 0x5309, 0x5309, 0x4B28, 0x5BE9, 0x43CA,
    0x53AA, 0x742C, 0x742B, 0x742B, 0x640B, 0x742B, 0x948E, 0x8C8D,
    0x8CCD, 0xA5B0, 0x95AF, 0x9DCF, 0x9D70, 0xAD90, 0xADB0, 0xA5B0,
    0xBE12, 0xBDF1, 0xC5F1, 0xBDF0, 0xAD6E, 0xC5F1, 0xAD90, 0xBDB0,
    0xBD70, 0xBD90, 0xC591, 0xBD4F, 0xA48C, 0x8429, 0x842A, 0x8C0A,
    0x8BCA, 0x83A9, 0x8389, 0x8389, 0x8B89, 0x8349, 0x8348, 0x8349,
    0x7B28, 0x6286, 0x6267, 0x5A46, 0x49E4, 0x3963, 0x28C1, 0x1040,
    0x0020, 0x1923, 0x2144, 0x29A5, 0x3206, 0x29E6, 0x3247, 0x3227,
    0x3A89, 0x42C9, 0x42C9, 0x42E9, 0x4B29, 0x5309, 0x534A, 0x5BAB,
    0x5C0D, 0x5BAC, 0x5B6C, 0x5BCC, 0x63CD, 0x63ED, 0x63AC, 0x63EC,
    0x6C6D, 0x63EB, 0x5B8B, 0x5B8C, 0x6CAF, 0x7D72, 0x6C6E, 0x7D31,
    0x7CD1, 0x7C4F, 0x7CEE, 0x746D, 0x84AF, 0x8D2F, 0x7CAD, 0x8CAE,
    0x8D0F, 0x84CE, 0x84AD, 0x846D, 0x846C, 0x7C4B, 0x94ED, 0x9D6E,
    0x9D6E, 0xA56F, 0xA5D0, 0x9DB0, 0xADB0, 0xB611, 0xBDF1, 0xB5D1,
    0xC5F1, 0xBDD1, 0xBDB1, 0xBDB0, 0xBD90, 0xC530, 0xC571, 0xB550,
    0x8BEA, 0x83AA, 0x7BCA, 0x83CA, 0x6B28, 0x7328, 0x7B28, 0x7B6A,
    0x7B4A, 0x7B49, 0x7B29, 0x7308, 0x6AC7, 0x72C8, 0x5A46, 0x5225,
    0x41A3, 0x2901, 0x1860, 0x0000, 0x1924, 0x2185, 0x2185, 0x21A6,
    0x3207, 0x3A68, 0x3A67, 0x3205, 0x2A25, 0x3AC9, 0x4B4B, 0x5BCD,
    0x5BCC, 0x53AC, 0x53AC, 0x534B, 0x4B09, 0x4AE9, 0x4AE9, 0x42A9,
    0x4B0A, 0x5B6B, 0x4B2A, 0x534B, 0x5BAC, 0x63CD, 0x63CC, 0x636B,
    0x636B, 0x63EC, 0x640D, 0x6C4E, 0x6C0D, 0x636C, 0x63AB, 0x5B69,
    0x5B69, 0x5B8A, 0x5BA9, 0x4B07, 0x5368, 0x744B, 0x742B, 0x7C4C,
    0x848C, 0x8CAD, 0x8D0D, 0x7CCB, 0x9D2E, 0xA5B0, 0xA590, 0xA590,
    0xB5D1, 0xB5D1, 0xB5F2, 0xBDF2, 0xBDF2, 0xC5F1, 0xC5F1, 0xBD90,
    0xAD4F, 0xBD70, 0xBD30, 0xB4EE, 0x9C4B, 0x8BEA, 0x83A9, 0x7309,
    0x732A, 0x836A, 0x7B48, 0x7B49, 0x7328, 0x6AE7, 0x72E7, 0x6AE8,
    0x6AC8, 0x5A46, 0x5A66, 0x39A4, 0x2901, 0x1860, 0x0820, 0x1924,
    0x2165, 0x2185, 0x2165, 0x29E7, 0x31E7, 0x3226, 0x3A46, 0x42A7,
    0x4AC9, 0x4AC8, 0x3225, 0x3A48, 0x42CA, 0x534B, 0x4AE7, 0x4264,
    0x4AC7, 0x5B4B, 0x6B8C, 0x6BEE, 0x63EE, 0x5B6B, 0x4B2A, 0x434A,
    0x530A, 0x5B4B, 0x638C, 0x6C0D, 0x7CAF, 0x7CCF, 0x746D, 0x5BCB,
    0x63EB, 0x6C4C, 0x744C, 0x7C0C, 0x6B8A, 0x63C9, 0x7C8D, 0x7C0C,
    0x740B, 0x746C, 0x746C, 0x7C4C, 0x7C0B, 0x73CA, 0x8CAD, 0x9D0E,
    0x8CAD, 0x9D2F, 0xBDB1, 0xAD50, 0xAD70, 0xC633, 0xC612, 0xBDF2,
    0xBDD1, 0xC5F2, 0xC5F2, 0xBDD1, 0xB5B0, 0xBD90, 0xC550, 0xA48D,
    0x8BCA, 0x8BEA, 0x83A9, 0x7B29, 0x7B49, 0x7B49, 0x7B69, 0x7B48,
    0x7B08, 0x7B28, 0x6AE7, 0x6266, 0x5A46, 0x5244, 0x49E4, 0x3142,
    0x18A0, 0x0000, 0x1103, 0x1924, 0x21C6, 0x3208, 0x39E7, 0x3A48,
    0x4288, 0x3AC8, 0x3AE7, 0x4B48, 0x5BAB, 0x63CB, 0x63EA, 0x5B8B,
    0x534B, 0x5B8D, 0x5B6C, 0x5B4B, 0x5B6B, 0x5B6B, 0x538B, 0x5B8A,
    0x63AA, 0x6C0B, 0x6BEB, 0x6C2B, 0x5C0B, 0x642B, 0x6C2C, 0x744D,
    0x7CAE, 0x7CCF, 0x7CAE, 0x7CCE, 0x84EF, 0x8D50, 0x8D0F, 0x84EF,
    0x8C8F, 0x7BAB, 0x73CB, 0x7C2C, 0x842C, 0x7C0B, 0x84AD, 0x8CAD,
    0x8C8D, 0x94AD, 0x94AD, 0x94EE, 0xA50F, 0xADD1, 0xB633, 0xC654,
    0xCE54, 0xCE54, 0xD674, 0xCE53, 0xC632, 0xC653, 0xD673, 0xD613,
    0xBDD1, 0xC570, 0xC571, 0xA48D, 0x9C2C, 0x940B, 0x8BA9, 0x8BAA,
    0x836A, 0x8369, 0x7B48, 0x7B28, 0x72C7, 0x62A6, 0x5A65, 0x5A46,
    0x51E5, 0x4164, 0x3122, 0x20C1, 0x0000, 0x1964, 0x21C6, 0x2A27,
    0x2A68, 0x32E9, 0x438C, 0x638E, 0x5AEC, 0x532A, 0x5BCB, 0x5C0B,
    0x5C2D, 0x63CD, 0x63ED, 0x6C0E, 0x638C, 0x6BEE, 0x7C90, 0x6BCC,
    0x634A, 0x638C, 0x63CC, 0x534A, 0x536A, 0x640C, 0x6C4D, 0x746E,
    0x8CEF, 0x8D2E, 0x8D50, 0x84F0, 0x84F0, 0x9552, 0x8D52, 0x84F0,
    0x848E, 0x8CAF, 0x848E, 0x8CF0, 0x8CAF, 0x848E, 0x8CEF, 0x84CE,
    0x94CE, 0x950E, 0x8D2D, 0x952E, 0xA56F, 0x9D4D, 0xAD90, 0xC613,
    0xBE74, 0xC6B5, 0xCEB6, 0xCE95, 0xC674, 0xC653, 0xD694, 0xD6B4,
    0xD653, 0xCDF2, 0xC591, 0xA4CE, 0xACEE, 0xB4CE, 0xB48E, 0xAC4D,
    0x93CB, 0x8BCA, 0x93CA, 0x8B89, 0x838A, 0x8369, 0x6B27, 0x6AA6,
    0x6A85, 0x5A45, 0x5245, 0x5204, 0x3923, 0x30E2, 0x28C1, 0x0840,
    0x2185, 0x29A6, 0x31C7, 0x3A48, 0x4288, 0x3247, 0x3288, 0x3247,
    0x42A9, 0x42AA, 0x42EA, 0x4B2B, 0x432B, 0x432B, 0x4B8C, 0x4BAB,
    0x5309, 0x5289, 0x5B4C, 0x4307, 0x5AC6, 0x73AB, 0x6C4C, 0x7D10,
    0x6C4D, 0x6BEB, 0x6C0D, 0x6C2E, 0x7C8E, 0x848E, 0x94F0, 0x84AE,
    0x846E, 0x8CF0, 0x9572, 0x8D90, 0x8DAF, 0x8D4E, 0x7C4D, 0x846E,
    0x8CEE, 0x8D0F, 0x9D70, 0xADF1, 0xAE11, 0xA5CF, 0x9DCF, 0xA630,
    0xBE32, 0xBE33, 0xC6B5, 0xD6F7, 0xDEB7, 0xD6D7, 0xD6B6, 0xD696,
    0xCEB5, 0xCEB5, 0xDEB5, 0xDE94, 0xC611, 0xBD90, 0xB52E, 0xB590,
    0xB54F, 0xB4EE, 0xB4AE, 0x93EB, 0x8BCA, 0xA44B, 0x9C2B, 0x93CA,
    0x8BAA, 0x83AA, 0x8369, 0x72C7, 0x6285, 0x5A65, 0x5244, 0x41A4,
    0x3923, 0x20A0, 0x0840, 0x2165, 0x21A6, 0x21A6, 0x2966, 0x1946,
    0x2988, 0x3A6A, 0x32C9, 0x3AC9, 0x4B4A, 0x63ED, 0x5B8C, 0x63CD,
    0x7C52, 0x8D12, 0x75F4, 0x6674, 0x65B1, 0x8532, 0x8D33, 0x7594,
    0x7530, 0x8CCD, 0x95B0, 0x7D91, 0x7552, 0x7D31, 0x9552, 0xAE38,
    0xA617, 0x95D4, 0x95D4, 0x9E11, 0xA5D0, 0xB633, 0xB635, 0xAE54,
    0x9672, 0x9E31, 0xADD1, 0xB5B2, 0xADD2, 0xB653, 0xBE94, 0xBEB4,
    0xC694, 0xBE73, 0xA671, 0xBE73, 0xCE94, 0xCED6, 0xD6D7, 0xCE95,
    0xD6B6, 0xDED7, 0xDED7, 0xDED7, 0xD6B5, 0xCE94, 0xCE72, 0xCE53,
    0xD652, 0xE674, 0xC5B1, 0xBD90, 0xC5D0, 0xBD4F, 0xC52F, 0xCD70,
    0xB4EE, 0xAC8D, 0x9C2B, 0x8BA9, 0x6AE7, 0x6B28, 0x72E7, 0x72E7,
    0x6285, 0x49E4, 0x39A2, 0x3122, 0x20A1, 0x0820, 0x21C6, 0x29E7,
    0x3A88, 0x32EA, 0x330B, 0x53CD, 0x63CC, 0x644F, 0x6C70, 0x63CF,
    0x6BEF, 0x63EE, 0x6C6F, 0x53CD, 0x6BAE, 0x9390, 0x8412, 0x7514,
    0x75D5, 0x85F3, 0x850F, 0x7D0E, 0x6570, 0x6CAE, 0x8D2F, 0x850E,
    0x85B4, 0x7DF5, 0x7E33, 0x8E76, 0xAF5A, 0xCF9B, 0xC71B, 0xB6DB,
    0xBEB7, 0xC694, 0xCE56, 0xCE37, 0xBED7, 0xB716, 0xBED5, 0xC675,
    0xAD50, 0xADB2, 0xB653, 0xBE73, 0xCEB5, 0xDED8, 0xD6F7, 0xD717,
    0xD738, 0xE739, 0xDEF7, 0xD6F7, 0xDEF8, 0xD6B6, 0xD6B4, 0xCE94,
    0xCEB4, 0xCED4, 0xCF15, 0xCED3, 0xD6B3, 0xDE73, 0xCDF1, 0xCE11,
    0xCE11, 0xC590, 0xBD4F, 0xB4CD, 0xA46C, 0x9C2B, 0x8B8A, 0x72E7,
    0x62E7, 0x62C6, 0x6286, 0x51E4, 0x4183, 0x31A2, 0x3121, 0x2080,
    0x0820, 0x2165, 0x2185, 0x2985, 0x31C6, 0x3A06, 0x2983, 0x31C5,
    0x39A5, 0x3144, 0x2A04, 0x42A7, 0x2A85, 0x3246, 0x430A, 0x432B,
    0x3287, 0x42A8, 0x52C9, 0x4A48, 0x4AC9, 0x5BCA, 0x73AA, 0x7C2B,
    0x63AA, 0x634A, 0x6BE7, 0x7C6B, 0x846F, 0x7CD2, 0x6D11, 0x8E14,
    0x9DB3, 0x8CED, 0x9D50, 0x9DF3, 0x9DF1, 0x9590, 0xA5B1, 0xAD92,
    0xAD92, 0xA5D2, 0xB695, 0xD6D6, 0xADF2, 0xB695, 0xCEF7, 0xCF16,
    0xD717, 0xD718, 0xDF39, 0xDF5A, 0xDF58, 0xE75A, 0xEF7B, 0xDF18,
    0xDEF6, 0xD736, 0xD736, 0xDF16, 0xDF57, 0xD715, 0xD673, 0xCE12,
    0xCDF2, 0xD653, 0xCE12, 0xCE32, 0xC5D1, 0xB50E, 0xA4AD, 0x9C4C,
    0x93EB, 0x7B49, 0x7B08, 0x6AC7, 0x62C7, 0x5286, 0x5205, 0x4983,
    0x3963, 0x28C1, 0x1040, 0x0820, 0x2145, 0x2985, 0x29A6, 0x2A07,
    0x3A48, 0x3A47, 0x3288, 0x432A, 0x4AE9, 0x5307, 0x5BCB, 0x32E5,
    0x42A5, 0x630A, 0x536C, 0x5C6F, 0x438B, 0x644E, 0x640E, 0x5B2B,
    0x63CD, 0x5BEC, 0x5348, 0x63E7, 0x744C, 0x746C, 0x852E, 0x8D2F,
    0x9CD2, 0x9D13, 0x9D52, 0x8531, 0x8530, 0x94CD, 0x8C6C, 0x84AF,
    0x84AE, 0x8CEF, 0x9D70, 0x9530, 0xADD3, 0x9DF2, 0xAE35, 0xBE97,
    0xCEF6, 0xCF17, 0xC6D6, 0xC695, 0xCE95, 0xCF16, 0xD6D6, 0xCEB6,
    0xDEF9, 0xDF59, 0xD6F7, 0xDEB5, 0xDED6, 0xD6B4, 0xCEB3, 0xD6B4,
    0xC590, 0xB52F, 0xB52F, 0xACCE, 0xB4EF, 0xCDD1, 0xC5D1, 0xC58F,
    0xB4EE, 0x9C6C, 0x8C0B, 0x8369, 0x7B28, 0x7308, 0x7308, 0x62C6,
    0x5AA6, 0x5245, 0x51E4, 0x49A3, 0x28E2, 0x1840, 0x0800, 0x2185,
    0x29A6, 0x29C6, 0x3207, 0x2A28, 0x3AA9, 0x42EA, 0x4AEB, 0x4B0B,
    0x4B0B, 0x634C, 0x638B, 0x63AB, 0x6BEC, 0x5BCB, 0x6C0E, 0x636C,
    0x63CD, 0x640E, 0x538C, 0x6C4E, 0x744D, 0x6C8E, 0x6C2D, 0x6C2B,
    0x740D, 0x7C0E, 0x740D, 0x74CE, 0x7CAF, 0x744F, 0x7491, 0x6C4F,
    0x6C4F, 0x74AE, 0x7C6D, 0x848D, 0x7C6D, 0x742C, 0x7C6C, 0x84AE,
    0x84CE, 0x740B, 0x9530, 0x9530, 0x8D2F, 0xA550, 0xA591, 0xADB1,
    0xB613, 0xAE73, 0xCEB5, 0xD674, 0xAE11, 0xAE12, 0xBE33, 0xCE33,
    0xC5F2, 0xBDF1, 0xBDD1, 0xB50E, 0xBD30, 0xB52F, 0xAD4F, 0xACCD,
    0xB4CD, 0xBD2F, 0xAD2E, 0x9C8C, 0x93EB, 0x8B8A, 0x7308, 0x7B29,
    0x7308, 0x72E8, 0x72E8, 0x62E7, 0x5A85, 0x49E4, 0x4182, 0x4143,
    0x1860, 0x0000, 0x2165, 0x31E7, 0x3A48, 0x3A68, 0x3A28, 0x3A29,
    0x3A49, 0x428A, 0x52EA, 0x536C, 0x5BAB, 0x6C4C, 0x6C4A, 0x6C0C,
    0x742C, 0x53AB, 0x5BCD, 0x63AE, 0x63AD, 0x6C0E, 0x5BCD, 0x536A,
    0x4B28, 0x42E8, 0x538A, 0x638B, 0x638B, 0x5B0A, 0x5AA9, 0x5288,
    0x4AE9, 0x5B2B, 0x63AC, 0x6B8C, 0x63EC, 0x642A, 0x6C4B, 0x63EB,
    0x6BEB, 0x7C2D, 0x6BCA, 0x73EB, 0x9D0F, 0x954F, 0x8D0F, 0x9590,
    0x8CCE, 0xA52F, 0xADB1, 0xA550, 0x9D2F, 0x9DF1, 0xA591, 0xB571,
    0xADB1, 0xADD1, 0xB591, 0xC5D2, 0xC5D2, 0xAD4F, 0xB5D1, 0xC5B1,
    0xCD91, 0xB570, 0xC5D1, 0xB50F, 0xA46D, 0x944C, 0x8C2B, 0x8C0B,
    0x8B8A, 0x8B8A, 0x836A, 0x7B29, 0x7B09, 0x72E8, 0x5A86, 0x5265,
    0x4A04, 0x49C3, 0x4182, 0x20C0, 0x0820, 0x2986, 0x21A5, 0x21C5,
    0x29C5, 0x31E7, 0x3228, 0x42CA, 0x638D, 0x636D, 0x638D, 0x6C0D,
    0x5BED, 0x63AC, 0x3A66, 0x52EA, 0x63AC, 0x532A, 0x534A, 0x530A,
    0x5AEB, 0x63CD, 0x63ED, 0x63AD, 0x63AA, 0x5BCB, 0x4BC9, 0x53CA,
    0x5C0B, 0x64CD, 0x85D2, 0x95B3, 0x7D10, 0x84F0, 0x7C8D, 0x6BCB,
    0x6B8C, 0x73AC, 0x73EC, 0x7C6C, 0x8C8D, 0x742B, 0x84AD, 0x7C4C,
    0x848D, 0x94CE, 0x8CCD, 0x8D70, 0x9D91, 0xAD50, 0xA550, 0xBDB2,
    0xBD71, 0xA570, 0xAD90, 0xBD90, 0xA52F, 0xB5D2, 0xB591, 0xC5B1,
    0xC5F2, 0xC633, 0xBDD1, 0xBD90, 0xBD50, 0xAD4F, 0x9CAD, 0x9C4B,
    0x9C0C, 0x940B, 0x940B, 0x838A, 0x8B8A, 0x7B49, 0x7328, 0x7308,
    0x62C7, 0x6AA8, 0x62C6, 0x5225, 0x49C4, 0x3161, 0x28C0, 0x0800,
    0x2165, 0x2985, 0x2985, 0x31E5, 0x3A46, 0x4269, 0x4289, 0x428A,
    0x4ACB, 0x4AEB, 0x42E9, 0x534C, 0x538D, 0x63CC, 0x5BAC, 0x4AE8,
    0x5AEB, 0x6BCE, 0x640E, 0x63ED, 0x638C, 0x5B49, 0x5BAA, 0x6BCA,
    0x736B, 0x6C2B, 0x6C0C, 0x6BCC, 0x73CE, 0x5B4B, 0x5AEB, 0x6289,
    0x6329, 0x63EC, 0x6C0C, 0x63CA, 0x6C0A, 0x7C0B, 0x7C4C, 0x746C,
    0x8CCE, 0x842D, 0x84AD, 0x9D10, 0x8C6D, 0x842C, 0x9D6F, 0x7CED,
    0x8CCD, 0xA590, 0x952E, 0x9CEE, 0x9D2E, 0x958E, 0xADB1, 0xB5B1,
    0xB5B1, 0xB590, 0xAD70, 0xBD91, 0xC5B1, 0xBD71, 0xB590, 0xBD71,
    0xB4EE, 0xAD0E, 0xA48D, 0x93EB, 0x93EB, 0xA44C, 0x940B, 0x7B69,
    0x7B49, 0x6AE7, 0x6AC7, 0x6AC7, 0x5A66, 0x5A87, 0x5A26, 0x49A3,
    0x3121, 0x18A0, 0x0000, 0x2165, 0x29E7, 0x3A48, 0x4A89, 0x4289,
    0x3A28, 0x4249, 0x4B2B, 0x430B, 0x534C, 0x6BCE, 0x5BAC, 0x5BAC,
    0x6C0F, 0x6C0F, 0x646E, 0x644E, 0x840F, 0x734D, 0x642A, 0x63A9,
    0x5309, 0x638C, 0x63AC, 0x5AEB, 0x524A, 0x4A29, 0x2A48, 0x4247,
    0x39E5, 0x3A66, 0x3A88, 0x4289, 0x6B6D, 0x63CD, 0x74CF, 0x8570,
    0x9D12, 0xB554, 0xA592, 0x9D50, 0x9D71, 0x9DB0, 0x8D4E, 0xA590,
    0xB633, 0xCE34, 0xADB1, 0xADD1, 0xB5B2, 0xBDD2, 0xB5D2, 0xAD71,
    0x9D71, 0x95B1, 0xBD91, 0xAD0F, 0xBD50, 0xAD30, 0xB530, 0xBD70,
    0xB530, 0xA50E, 0xAD2F, 0xBD2F, 0xAC8D, 0x948B, 0xA4CD, 0xACAD,
    0xAC8D, 0x9C4C, 0x8B8A, 0x7308, 0x6AC6, 0x72E7, 0x6AA7, 0x5205,
    0x4A04, 0x4A04, 0x49C3, 0x4141, 0x20A0, 0x0000, 0x29A6, 0x29C5,
    0x29E5, 0x31E6, 0x4289, 0x42EA, 0x42A9, 0x42A9, 0x52CA, 0x4AE9,
    0x4AA9, 0x5B0B, 0x5B4A, 0x4B8A, 0x5BAD, 0x5B6C, 0x53EC, 0x546C,
    0x5BCD, 0x5B8E, 0x53AE, 0x5BAD, 0x5AEA, 0x52EB, 0x32C9, 0x3247,
    0x52A7, 0x742D, 0x6CCE, 0x7D30, 0x8D33, 0x9552, 0x8551, 0x74CD,
    0x846D, 0x7C2E, 0x850F, 0x9E13, 0x9551, 0xADB3, 0xADF3, 0xA592,
    0xA592, 0xADD2, 0xD676, 0xBDD3, 0x9D71, 0xAD71, 0xC5D3, 0xB5D3,
    0xC5F3, 0xBDF2, 0xB5D2, 0xBE13, 0xAD91, 0xADB1, 0xB611, 0xC632,
    0xC5D2, 0xBD91, 0xC5D1, 0xCDF1, 0xCDF2, 0xC5B1, 0xBD70, 0xBD50,
    0xBD4F, 0xBD2F, 0xB50E, 0xAC8D, 0x9C4C, 0x8BAA, 0x7B28, 0x7308,
    0x72E7, 0x6286, 0x6A87, 0x6A66, 0x5225, 0x41A3, 0x3922, 0x2880,
    0x0020, 0x2165, 0x29C6, 0x31E7, 0x3A27, 0x3207, 0x3A08, 0x4288,
    0x4288, 0x4ACA, 0x532B, 0x536B, 0x534A, 0x4AE9, 0x4B09, 0x536B,
    0x532A, 0x5229, 0x4209, 0x52A9, 0x532A, 0x4AE8, 0x5B6B, 0x6C8F,
    0x746F, 0x7C6F, 0x7CAE, 0x646E, 0x7C2E, 0x738B, 0x74F0, 0x6CCF,
    0x84AE, 0x84AC, 0x854E, 0x852E, 0x7C8D, 0x7CAE, 0x8D0E, 0x7CCE,
    0x8CCF, 0x9D50, 0x852E, 0x9570, 0xA591, 0xA591, 0x9D2F, 0xA510,
    0xBD72, 0x9D31, 0x9571, 0xBD92, 0xB530, 0xAD70, 0xA54F, 0xAD90,
    0xCE13, 0xCE73, 0xCE73, 0xD673, 0xD673, 0xD652, 0xD631, 0xD611,
    0xCDD1, 0xC590, 0xBD4F, 0xB4ED, 0xA4CD, 0xA48C, 0x9C0B, 0x8BCA,
    0x7328, 0x72E7, 0x72E8, 0x6AE7, 0x6AA7, 0x6AA7, 0x5A25, 0x5205,
    0x39C3, 0x2902, 0x2880, 0x1020, 0x2145, 0x2186, 0x2185, 0x3207,
    0x3A28, 0x4249, 0x4289, 0x4AEA, 0x4AEA, 0x52EA, 0x530B, 0x4B4A,
    0x532A, 0x6B0C, 0x5B6C, 0x642F, 0x53AC, 0x5B4C, 0x4B0B, 0x42AA,
    0x5BAE, 0x63AD, 0x6B8C, 0x5BED, 0x642F, 0x8D32, 0x7D52, 0x5D2F,
    0x7531, 0x844F, 0x6CAE, 0x4D0C, 0x5C8C, 0x7C2D, 0x948E, 0x8510,
    0x9531, 0x9CF0, 0x950F, 0x84F0, 0xA4F0, 0xB5D2, 0x8D8F, 0x8D0E,
    0x9D30, 0x9D50, 0xA551, 0x94AF, 0x946E, 0xA5B2, 0xAE54, 0xAD10,
    0xAD30, 0xAD91, 0xAD70, 0xA52F, 0xAD4F, 0xB56F, 0xB58F, 0xAD2E,
    0xAD0E, 0xACED, 0xAD0D, 0xA48C, 0x944B, 0x9C2B, 0x93EB, 0x83CA,
    0x7B68, 0x6AA7, 0x6AC7, 0x7307, 0x7308, 0x6286, 0x5A86, 0x6A86,
    0x6266, 0x5A45, 0x5A05, 0x51C4, 0x3162, 0x28C1, 0x1000, 0x2124,
    0x2165, 0x29C6, 0x3A27, 0x3A27, 0x3A68, 0x4248, 0x4249, 0x4ACA,
    0x530C, 0x532B, 0x534C, 0x53AD, 0x4B6B, 0x5B4B, 0x5B2B, 0x532C,
    0x534C, 0x6C30, 0x7C70, 0x7490, 0x7513, 0x7D74, 0x7CF0, 0x646F,
    0x5C8F, 0x642E, 0x8532, 0x6D11, 0x6CAF, 0xA5D5, 0x9657, 0x9F59,
    0x9697, 0x8CF3, 0x9CF3, 0x9D31, 0x8C6E, 0x7C0B, 0x7C2B, 0x6349,
    0x51C6, 0x840B, 0x742C, 0x83EC, 0x9CEF, 0xA571, 0x9D10, 0xAD10,
    0xB572, 0xB613, 0xAE94, 0xBDB1, 0xBDD2, 0xB5F2, 0xB591, 0xB570,
    0xA4EE, 0xA4AD, 0xA48C, 0x942C, 0x83A9, 0x8BEA, 0x7348, 0x7347,
    0x7308, 0x6AE7, 0x7348, 0x7B68, 0x7308, 0x72E7, 0x7308, 0x72E7,
    0x72E7, 0x6AA7, 0x5A86, 0x6266, 0x6246, 0x5225, 0x49E5, 0x49A4,
    0x2901, 0x1020, 0x2145, 0x2185, 0x29C6, 0x3227, 0x3227, 0x3A68,
    0x42C9, 0x4B0B, 0x636D, 0x532C, 0x4B0A, 0x5B4B, 0x5B4B, 0x540E,
    0x536C, 0x632B, 0x7C0F, 0x6C2F, 0x6C0E, 0x63ED, 0x5B6C, 0x640D,
    0x7510, 0x74B1, 0x748F, 0x642E, 0x5BCD, 0x5B2B, 0x630C, 0x5B6D,
    0x742D, 0x840E, 0x734A, 0x5B08, 0x640B, 0x5349, 0x6308, 0x6309,
    0x632A, 0x6329, 0x740C, 0x7C4D, 0x840C, 0x844D, 0x84AE, 0x840C,
    0x94AE, 0xADD2, 0xA570, 0xA570, 0xAD70, 0xA5B0, 0xA590, 0xB591,
    0xAD70, 0xAD2F, 0xA4EF, 0xA4EE, 0xA4CE, 0x9C6C, 0x940B, 0x83C9,
    0x7BC9, 0x7B68, 0x83A9, 0x6B68, 0x7348, 0x7B68, 0x7327, 0x8389,
    0x8389, 0x7B28, 0x7328, 0x8349, 0x72E7, 0x62C6, 0x6286, 0x6246,
    0x5225, 0x49E4, 0x4163, 0x20C0, 0x0820, 0x2145, 0x2185, 0x29C6,
    0x31E6, 0x3228, 0x3A68, 0x42A9, 0x4AEA, 0x4B2B, 0x638D, 0x7410,
    0x7C91, 0x634B, 0x632B, 0x4B8B, 0x4ACA, 0x5AEA, 0x5BAD, 0x5B6C,
    0x6C0E, 0x742F, 0x6B8D, 0x746F, 0x63ED, 0x638C, 0x6BCD, 0x6C0D,
    0x63AC, 0x638C, 0x638C, 0x5B09, 0x5309, 0x536A, 0x6349, 0x6369,
    0x6B8A, 0x73AA, 0x7369, 0x6B89, 0x6C0B, 0x7C2C, 0x9530, 0x84AE,
    0x742B, 0x9D4F, 0x8CCE, 0x7BCA, 0x8C0B, 0x950E, 0x950E, 0xA56F,
    0xA570, 0xA590, 0xBDB2, 0xBD51, 0xACEF, 0x9CAD, 0x9CAD, 0xAD0E,
    0x94CC, 0x8C6B, 0x946A, 0x8C49, 0x8409, 0x940A, 0x83C9, 0x8BC9,
    0x8BCA, 0x83A9, 0x8BCA, 0x8BAA, 0x83C9, 0x8389, 0x7B28, 0x7B49,
    0x8B8A, 0x62A6, 0x6AA6, 0x6A86, 0x39A3, 0x20E1, 0x20A0, 0x0820,
    0x1945, 0x2185, 0x29C6, 0x3207, 0x3A47, 0x3A68, 0x4288, 0x4AA9,
    0x534C, 0x6C0E, 0x638C, 0x532B, 0x538C, 0x5B6B, 0x636C, 0x5BCC,
    0x4349, 0x4ACA, 0x534B, 0x63CC, 0x6C0E, 0x5B8B, 0x4207, 0x52C9,
    0x530A, 0x530A, 0x4A47, 0x52CA, 0x5B2A, 0x638C, 0x744F, 0x84EF,
    0x6BEC, 0x642C, 0x642C, 0x740B, 0x6369, 0x6B89, 0x73AA, 0x7C2C,
    0x744C, 0x6BAA, 0x6BAA, 0x744B, 0x848C, 0x8CAD, 0x8CEE, 0x950F,
    0xA550, 0xA50F, 0x950E, 0xA54F, 0xB591, 0xB5B0, 0xB591, 0xB5B0,
    0xAD90, 0xAD4F, 0x94CB, 0x9CED, 0x9CED, 0x9CEC, 0xA50C, 0x9CEC,
    0x9C8B, 0x9C8A, 0x8C6A, 0x944A, 0x944A, 0x9C2B, 0x8BAA, 0x93CA,
    0x8BCA, 0x8349, 0x7B28, 0x72E7, 0x62A6, 0x6286, 0x5A25, 0x4A04,
    0x2922, 0x28A1, 0x0820, 0x2144, 0x29C6, 0x3207, 0x3227, 0x3A67,
    0x4288, 0x4AEA, 0x532A, 0x5B4A, 0x5B4D, 0x532B, 0x634C, 0x640E,
    0x5C2D, 0x5B8C, 0x5B4C, 0x53AA, 0x532A, 0x536B, 0x3AEA, 0x5B0C,
    0x740F, 0x740E, 0x6BCC, 0x6C0B, 0x6C4D, 0x6C2E, 0x6C2C, 0x644C,
    0x7C2F, 0x6BCD, 0x640C, 0x740D, 0x6C0C, 0x6C4C, 0x6C4C, 0x6C2B,
    0x6C4C, 0x6C4C, 0x8CCE, 0x94CF, 0x84CE, 0x8D0E, 0x9D30, 0x9D30,
    0x9DB1, 0xAD91, 0xADB1, 0xADB1, 0xBDD2, 0xBE33, 0xADF1, 0xB5B1,
    0xBDB2, 0xC613, 0xBE32, 0xC633, 0xC652, 0xADAF, 0xB5CF, 0xBDD0,
    0xBDAF, 0xBDAF, 0xB58E, 0xB54E, 0xC5AF, 0xAD0B, 0xA4AB, 0xA48C,
    0xA48B, 0x9C0B, 0x8B89, 0x8BAA, 0x8389, 0x7308, 0x6AC6, 0x6AA6,
    0x4A04, 0x4A04, 0x49E3, 0x3142, 0x28C1, 0x0820, 0x21A5, 0x2A07,
    0x3207, 0x3228, 0x3A69, 0x42C9, 0x532B, 0x4B2A, 0x532C, 0x638E,
    0x5BAD, 0x63CD, 0x63AD, 0x63CD, 0x640E, 0x63AD, 0x5BEC, 0x744D,
    0x842E, 0x8C70, 0x7CAE, 0x854E, 0x84D0, 0x744C, 0x7CED, 0x852E,
    0x7C8E, 0x73CE, 0x74AF, 0x6C8E, 0x7C8D, 0x7C6E, 0x74CE, 0x84AF,
    0x846D, 0x84CE, 0x94EF, 0x9D30, 0x8CCE, 0x7CCD, 0x854E, 0xA550,
    0x9D0F, 0x950F, 0xA570, 0xA5F2, 0xB5F2, 0xADD2, 0xADF2, 0xAD51,
    0xBD71, 0xB632, 0xBE12, 0xBD50, 0xC5F2, 0xD674, 0xD6B4, 0xDED5,
    0xDED5, 0xD6B3, 0xD693, 0xDEB3, 0xD693, 0xD672, 0xD692, 0xCE71,
    0xBDAF, 0xC58F, 0xB52E, 0xACAC, 0xAC8C, 0xAC8D, 0x9C2B, 0x93EA,
    0x8389, 0x7307, 0x72E7, 0x6266, 0x6A46, 0x49E4, 0x3162, 0x28E1,
    0x1040, 0x2145, 0x2165, 0x29A6, 0x31E7, 0x3A48, 0x42A9, 0x4ACA,
    0x4ACA, 0x4B0B, 0x5B6C, 0x634D, 0x63CE, 0x63CD, 0x5BAD, 0x5B8C,
    0x5B8C, 0x63CD, 0x6C0C, 0x5BCA, 0x4B28, 0x7C2D, 0x7CAC, 0x5C2A,
    0x746E, 0x746E, 0x7CCD, 0x8D4F, 0x742D, 0x742E, 0x746E, 0x7CD0,
    0x9511, 0x742C, 0x64AD, 0x84EE, 0x8D0E, 0x8D2F, 0x950F, 0x9D70,
    0xADB1, 0xA5D0, 0xB633, 0xBDF3, 0xAE32, 0xA5D1, 0xADD2, 0xB633,
    0xC655, 0xC6B5, 0xC695, 0xD6B5, 0xD6B5, 0xCE94, 0xC653, 0xC6B3,
    0xDEF6, 0xD6D5, 0xD6F5, 0xD6D4, 0xD6D5, 0xDEF5, 0xD6F5, 0xD6D4,
    0xDEB3, 0xD6D3, 0xCE93, 0xCE11, 0xC5B0, 0xBD4F, 0xBD4F, 0xB50E,
    0xB4CD, 0xB4AD, 0x9C0B, 0x8B8A, 0x7307, 0x72E7, 0x6A86, 0x5A45,
    0x49E3, 0x3982, 0x20E1, 0x1020, 0x1904, 0x2986, 0x3208, 0x3248,
    0x42A9, 0x4B0B, 0x534C, 0x534C, 0x5B6C, 0x5BAD, 0x5B2B, 0x632B,
    0x5BAD, 0x5BAD, 0x5BAD, 0x74B0, 0x63CD, 0x536C, 0x6C2D, 0x756E,
    0x74AE, 0x7C8E, 0x850F, 0x9531, 0x9591, 0x7D2E, 0x850E, 0x8D2F,
    0x8510, 0x84F0, 0x7D0F, 0x6CCD, 0x7CEF, 0x9612, 0x9590, 0x9590,
    0xA5D1, 0xAE12, 0xCE96, 0xBE55, 0xBE33, 0xB674, 0xBE14, 0xBDF4,
    0xB653, 0xC6D5, 0xCF16, 0xDF3A, 0xCEF6, 0xC715, 0xC715, 0xD6D5,
    0xD6F7, 0xE77A, 0xD6F6, 0xDED7, 0xD6F6, 0xD6F5, 0xD715, 0xD6B4,
    0xD6D5, 0xD6F5, 0xCEB2, 0xD692, 0xD652, 0xCDF0, 0xCE10, 0xCDD0,
    0xC56E, 0xACCD, 0xACAD, 0xA44C, 0x9C2B, 0x8BC9, 0x7B28, 0x6AA7,
    0x5A85, 0x6245, 0x6225, 0x5A24, 0x3982, 0x28E1, 0x0840, 0x21A6,
    0x31E7, 0x3A07, 0x4269, 0x4289, 0x42A9, 0x4AEA, 0x532B, 0x5B4C,
    0x4B6B, 0x53CD, 0x634D, 0x638D, 0x63CD, 0x5BCD, 0x6C4F, 0x746F,
    0x746F, 0x740F, 0x648E, 0x74B0, 0x6CAF, 0x64AD, 0x6CEE, 0x84F0,
    0x8D32, 0x844D, 0x8CEE, 0x8CEE, 0x8CB0, 0x9510, 0x7D4E, 0x85F0,
    0x9E12, 0xA5F2, 0xBE55, 0xAE33, 0xA5F2, 0xB674, 0xB633, 0xC654,
    0xB672, 0xB653, 0xCE76, 0xC675, 0xC6B4, 0xC6B4, 0xCEF6, 0xD717,
    0xD717, 0xDF59, 0xDF38, 0xDF37, 0xC6F1, 0xD714, 0xDEF5, 0xDEF6,
    0xD6F5, 0xCEF4, 0xDEF5, 0xDED5, 0xD6B3, 0xCE50, 0xCE30, 0xCE10,
    0xC56E, 0xB54D, 0x9C8B, 0xA46B, 0x9C2B, 0x93E9, 0x93EA, 0x8B8A,
    0x7B48, 0x6AA6, 0x6286, 0x5AA6, 0x5A65, 0x5A45, 0x5204, 0x3161,
    0x28C0, 0x0820, 0x2103, 0x2164, 0x29C6, 0x31E7, 0x3207, 0x3A47,
    0x3A68, 0x2A06, 0x4288, 0x4ACA, 0x4B0A, 0x532A, 0x530B, 0x530B,
    0x636C, 0x5B2B, 0x4A89, 0x4AA9, 0x52A9, 0x4249, 0x32A8, 0x8451,
    0x6C2D, 0x7D2F, 0x6C0B, 0x6AEA, 0x832D, 0x83AD, 0x84AF, 0x74D0,
    0x8532, 0xC615, 0xC6B4, 0x95B1, 0x9570, 0xADF1, 0xAE12, 0xB674,
    0xA64F, 0xB691, 0xCEB7, 0xCED6, 0xB672, 0xC6B6, 0xBEB5, 0xCEB5,
    0xC6D6, 0xCF17, 0xC6F6, 0xD738, 0xDF58, 0xDF38, 0xD736, 0xD714,
    0xBED0, 0xC6D1, 0xDEF6, 0xDF17, 0xC6F3, 0xD6F4, 0xE6F5, 0xD692,
    0xCE70, 0xC60F, 0xBD8E, 0xBD6E, 0xA4CC, 0x9C2B, 0x83C8, 0x8BC9,
    0x8BC9, 0x8BA9, 0x7B48, 0x7307, 0x6AA6, 0x6AA7, 0x62A6, 0x52A5,
    0x5224, 0x41A3, 0x3961, 0x28E1, 0x0840, 0x2165, 0x29A6, 0x31E7,
    0x3A27, 0x3A68, 0x4287, 0x52E9, 0x4AC8, 0x5B4A, 0x5B6D, 0x530C,
    0x4B2A, 0x532B, 0x5B4D, 0x63AD, 0x638C, 0x5B6C, 0x636C, 0x536A,
    0x742D, 0x63CA, 0x73EC, 0x6B8C, 0x63CB, 0x63EB, 0x6C2C, 0x6C8D,
    0x730B, 0x732B, 0x84AF, 0x7CF1, 0x95D3, 0x7DD0, 0x9590, 0x9DF1,
    0xA632, 0xC6D6, 0xCF18, 0xA611, 0xAE31, 0xBE14, 0xCE95, 0xBE94,
    0xDEF8, 0xBF15, 0xC6D6, 0xCF16, 0xCEF6, 0xCEF6, 0xCF16, 0xC6F4,
    0xD6F5, 0xD6F4, 0xD6D4, 0xBE6F, 0xCE92, 0xDEF5, 0xD6D3, 0xBE6F,
    0xC671, 0xCE71, 0xCE72, 0xC692, 0xC630, 0xB58D, 0xAD2C, 0xA4AC,
    0x940A, 0x8BE9, 0x83C9, 0x838A, 0x8368, 0x7326, 0x6AE6, 0x72E6,
    0x6A86, 0x6286, 0x5AC6, 0x5A86, 0x41A3, 0x3962, 0x2901, 0x1040,
    0x2144, 0x2986, 0x3A28, 0x3A47, 0x3A68, 0x4289, 0x4AAA, 0x530A,
    0x532A, 0x636C, 0x636D, 0x636C, 0x638C, 0x5B4C, 0x73EF, 0x536B,
    0x5B4C, 0x5B4B, 0x5B4C, 0x7C4F, 0x7C4F, 0x6C0D, 0x742D, 0x740F,
    0x7C6E, 0x740D, 0x742D, 0x73ED, 0x744C, 0x7C8D, 0x8470, 0x84F1,
    0x8D2F, 0x952E, 0x950E, 0x752D, 0x7CAB, 0x84AD, 0x954D, 0xA58E,
    0xADB1, 0xADF1, 0x9E30, 0xA5CF, 0xAE52, 0xC674, 0xC694, 0xC6B5,
    0xCE74, 0xBE32, 0xCE95, 0xC653, 0xB610, 0xC651, 0xC652, 0xC671,
    0xD6D4, 0xCEB4, 0xD692, 0xD692, 0xC610, 0xBDEF, 0xB5CF, 0xB5AE,
    0xB5AE, 0xA50C, 0xA4AC, 0x9C6B, 0x940A, 0x8BEA, 0x8B8A, 0x7B28,
    0x7326, 0x62C5, 0x6285, 0x6266, 0x6287, 0x5AA7, 0x5244, 0x41C3,
    0x41A3, 0x28E0, 0x0840, 0x2165, 0x29A6, 0x31E7, 0x3A28, 0x4289,
    0x4ACA, 0x532B, 0x5B8B, 0x5B4C, 0x5B6C, 0x634C, 0x5B2C, 0x5B8D,
    0x5B6D, 0x5B4D, 0x5BAC, 0x6BAD, 0x5BAC, 0x5B8C, 0x536B, 0x534A,
    0x536B, 0x5BAB, 0x534A, 0x5B8B, 0x640C, 0x63ED, 0x84CF, 0x8D33,
    0x74AE, 0x7C4D, 0x7C2D, 0x7C8D, 0x644A, 0x744C, 0x748B, 0x6C09,
    0x844C, 0x7CAB, 0x84E7, 0xA54E, 0xA591, 0x8D6F, 0x956F, 0xADD0,
    0x9D6D, 0xA58F, 0x9DEF, 0xB5F0, 0xBE12, 0xBDD1, 0xBE12, 0xBDF1,
    0xC611, 0xB5F1, 0xAE30, 0xC650, 0xC670, 0xCE92, 0xCE71, 0xC650,
    0xC630, 0xC610, 0xC5CF, 0xB54D, 0xAD0D, 0xA4CC, 0xACED, 0xB4CE,
    0xA46C, 0x93CB, 0x8349, 0x7326, 0x5AC5, 0x62A5, 0x6286, 0x6AA7,
    0x5286, 0x4A65, 0x49E4, 0x3983, 0x2901, 0x1040, 0x2145, 0x29A7,
    0x3A29, 0x4269, 0x4289, 0x42C9, 0x4B0A, 0x4B2A, 0x5B2C, 0x5B4B,
    0x5B6B, 0x632D, 0x5B0C, 0x5B8C, 0x5B4B, 0x6B6D, 0x636C, 0x5B4B,
    0x5B6C, 0x4B8B, 0x434A, 0x630B, 0x63AC, 0x6C8F, 0x744E, 0x7D0E,
    0x7CAD, 0x6C2C, 0x7C70, 0x7CAF, 0x8CEF, 0x9D51, 0x8D51, 0x84EF,
    0x8CEE, 0xA5B2, 0xB5F3, 0xBE35, 0xADD3, 0xA5D0, 0xA5D0, 0xBE76,
    0xFFDE, 0xD656, 0xB653, 0xA5EF, 0xC634, 0xD6B7, 0xC654, 0xB631,
    0xB5F1, 0xBDD1, 0xC652, 0xCE53, 0xCE52, 0xBE11, 0xC651, 0xC670,
    0xBE30, 0xCE71, 0xDEB2, 0xC60F, 0xC650, 0xBDCF, 0xB56E, 0xB56E,
    0xBD4F, 0xBD4F, 0xBD0F, 0xB4EE, 0xA44C, 0x8B6A, 0x7B27, 0x7B27,
    0x72E7, 0x6AA6, 0x6286, 0x5265, 0x5286, 0x51E4, 0x3942, 0x3121,
    0x1860, 0x2145, 0x29A6, 0x3208, 0x3A48, 0x3A69, 0x3A89, 0x42CA,
    0x4AEB, 0x52CA, 0x52EB, 0x5B4B, 0x5B0B, 0x52CB, 0x63AD, 0x5B6C,
    0x5B6D, 0x5B8C, 0x536C, 0x4B2A, 0x5B8C, 0x642D, 0x63AC, 0x6B8C,
    0x640D, 0x6C4D, 0x6C8E, 0x742E, 0x7C4F, 0x740E, 0x6C8F, 0x84F0,
    0x946F, 0x84AE, 0x8D2F, 0x7C8C, 0x746C, 0x84CD, 0x84CD, 0x952F,
    0x954F, 0x956E, 0x8D4E, 0x8D6D, 0x9DB0, 0xADB1, 0xB611, 0xB5F1,
    0xB5F0, 0xB5F2, 0xBE12, 0xC632, 0xBE11, 0xC673, 0xBE32, 0xC631,
    0xC611, 0xC651, 0xC672, 0xC650, 0xCE30, 0xC610, 0xC5EF, 0xC5EF,
    0xBDAE, 0xB56D, 0xB54D, 0xB52E, 0xB50E, 0xACCD, 0xA48C, 0x940B,
    0x8B8A, 0x7B28, 0x6AE7, 0x62A6, 0x62A6, 0x5A86, 0x5265, 0x5225,
    0x49E4, 0x4183, 0x3121, 0x1840, 0x2145, 0x2166, 0x3207, 0x3A47,
    0x3A48, 0x42A9, 0x4AEA, 0x52EB, 0x52EC, 0x52EB, 0x530A, 0x532B,
    0x42EA, 0x428A, 0x4B0A, 0x42AB, 0x530A, 0x638C, 0x4B4B, 0x5B4B,
    0x5B6B, 0x4309, 0x632B, 0x5B8C, 0x5BCD, 0x5BCD, 0x638C, 0x6B6D,
    0x740E, 0x8591, 0x852F, 0x7BEC, 0x7C8D, 0x7CAD, 0x84AD, 0x846C,
    0x8CAD, 0x950F, 0x952F, 0x9D30, 0x9DD1, 0xA5D1, 0xA5F1, 0xA5F1,
    0xADD1, 0xCED6, 0xC6B5, 0xAE11, 0xAE11, 0xC633, 0xCE73, 0xADD0,
    0xB5D0, 0xC652, 0xB5F0, 0xBE31, 0xBE52, 0xC652, 0xCE73, 0xCE31,
    0xBDEE, 0xCE30, 0xC5F0, 0xBD8E, 0xB54D, 0xAD0C, 0x9C8B, 0xA46C,
    0x9C2C, 0x93EB, 0x8BCA, 0x8349, 0x7307, 0x6AE7, 0x6AC7, 0x6AC7,
    0x6266, 0x5A66, 0x5205, 0x49C4, 0x4183, 0x3922, 0x1040, 0x29C7,
    0x2986, 0x29A6, 0x3A27, 0x4269, 0x42A9, 0x4ACA, 0x530B, 0x52CC,
    0x530B, 0x4AE9, 0x52EA, 0x4AE9, 0x4A8A, 0x42C9, 0x4A49, 0x5B0B,
    0x534A, 0x5BAD, 0x5B0B, 0x5B4B, 0x63AD, 0x6BAC, 0x642D, 0x742E,
    0x748E, 0x7D2F, 0x850F, 0x74CF, 0x7D0F, 0x7D4F, 0x850F, 0x8D70,
    0x850E, 0x7CED, 0x8D2F, 0x9570, 0x954F, 0x9D50, 0xA550, 0x9D0F,
    0xAD50, 0xA5D1, 0x9DF1, 0x9DAF, 0x9D4D, 0xAD8E, 0xA5AF, 0xAE10,
    0xA56F, 0xB591, 0xC653, 0xBDF1, 0xB5F1, 0xBDF1, 0xBE11, 0xBE11,
    0xBE11, 0xC611, 0xC5F0, 0xCE31, 0xCE10, 0xCDEF, 0xC5CF, 0xBD6D,
    0xAD0C, 0x9C8B, 0x93EB, 0x93CB, 0x8B8A, 0x8349, 0x7B08, 0x7328,
    0x7307, 0x62A6, 0x5A86, 0x5A65, 0x5A45, 0x51E4, 0x51E4, 0x41A3,
    0x28E1, 0x1020, 0x2125, 0x31C7, 0x4269, 0x3207, 0x3A28, 0x4289,
    0x4AEB, 0x532C, 0x4ACA, 0x530A, 0x532A, 0x530B, 0x5B2B, 0x632B,
    0x5B4C, 0x532A, 0x5B6B, 0x638C, 0x63CC, 0x6BAD, 0x6BCC, 0x63AB,
    0x742B, 0x74CC, 0x63AA, 0x6BEC, 0x748D, 0x74CE, 0x644C, 0x746C,
    0x64AC, 0x848D, 0x7CCD, 0x84CE, 0x84EE, 0x7CCE, 0x8D4F, 0x8DCF,
    0xAE33, 0x9DB1, 0x94EE, 0x94CE, 0x950F, 0x9DF1, 0xB653, 0xADD1,
    0xA50D, 0xA56E, 0xAE11, 0xBE32, 0xBE12, 0xB5F1, 0xA5D0, 0xADAF,
    0xB5D0, 0xB5D0, 0xBDF0, 0xBE10, 0xBDF0, 0xC651, 0xCE31, 0xC5EF,
    0xC5CF, 0xBDAE, 0xB54D, 0xACEB, 0x9C8B, 0x940B, 0x940B, 0x8389,
    0x7B28, 0x6AA7, 0x6286, 0x6AC6, 0x6285, 0x5A86, 0x5A25, 0x5225,
    0x5205, 0x49A4, 0x3962, 0x28E1, 0x0820, 0x2945, 0x31A7, 0x426A,
    0x4289, 0x4289, 0x4289, 0x52EB, 0x532B, 0x530A, 0x532A, 0x530A,
    0x532A, 0x5B0A, 0x5B2A, 0x638D, 0x5B6B, 0x5B8C, 0x536B, 0x5349,
    0x4B49, 0x5B88, 0x4AE8, 0x5B29, 0x6BED, 0x5B49, 0x73AB, 0x63AA,
    0x6C4F, 0x8CF1, 0x84CE, 0x74CE, 0x7C6E, 0x846E, 0x7BED, 0x740D,
    0x7C8D, 0x848E, 0x8CEE, 0x6C6B, 0x746D, 0x9D30, 0x8CCD, 0x950F,
    0x952E, 0x950D, 0x9D4E, 0xA56F, 0xA58F, 0x9D6E, 0xADD0, 0xA5AE,
    0xA5CE, 0xB5F0, 0xB5CF, 0xADAF, 0xA58E, 0xA54D, 0xB5CF, 0xBDCF,
    0xB5CD, 0xBDCE, 0xC60E, 0xC5EE, 0xB5AC, 0xAD4B, 0xACCB, 0xACEB,
    0x944A, 0x8BEA, 0x83A9, 0x7B28, 0x6AE7, 0x62A6, 0x5A65, 0x6285,
    0x5A65, 0x5A24, 0x49E4, 0x49A4, 0x3102, 0x3141, 0x2080, 0x0000,
    0x2165, 0x2965, 0x29A6, 0x3A28, 0x4289, 0x4AA9, 0x52EA, 0x52EB,
    0x4AC9, 0x4AE9, 0x530A, 0x530A, 0x532B, 0x52EA, 0x530A, 0x4B29,
    0x4B2B, 0x42A9, 0x3A67, 0x4A89, 0x5B0A, 0x5B4B, 0x5B29, 0x5328,
    0x5349, 0x5308, 0x5B68, 0x3A64, 0x5AE7, 0x5B69, 0x52E7, 0x52E5,
    0x5B26, 0x63A9, 0x740C, 0x7BEB, 0x73AA, 0x5B49, 0x63C9, 0x6BCA,
    0x7C2A, 0x84AC, 0x848C, 0x7C6B, 0x848B, 0x950C, 0x94CD, 0x9D0D,
    0x9DAF, 0xADEF, 0xBDF0, 0xB5D0, 0xB5CF, 0xADAE, 0xA56D, 0xA58D,
    0xAD8E, 0xBDEF, 0xB5AE, 0xB5AD, 0xC60E, 0xC60F, 0xCE0F, 0xB5AD,
    0xBDAD, 0xACEB, 0xBD4D, 0xB52D, 0x9C8B, 0x83E9, 0x7B68, 0x7327,
    0x7307, 0x6AC7, 0x6266, 0x5A45, 0x51E4, 0x3982, 0x49A3, 0x4163,
    0x3142, 0x1840, 0x1020, 0x2165, 0x31E7, 0x3A49, 0x3A49, 0x4269,
    0x4269, 0x4289, 0x4ACA, 0x5B0B, 0x4AE9, 0x4AEA, 0x5B2C, 0x532A,
    0x5309, 0x52E9, 0x534A, 0x4309, 0x532B, 0x534A, 0x52CA, 0x52E9,
    0x5B8A, 0x5BAA, 0x4AE6, 0x6349, 0x5348, 0x5346, 0x4B07, 0x4AA6,
    0x5328, 0x63AA, 0x5326, 0x42C4, 0x52C5, 0x3A42, 0x3242, 0x5B69,
    0x5B66, 0x5BA7, 0x640A, 0x63C8, 0x6BE9, 0x7C4A, 0x94EC, 0x8CEB,
    0x9D2D, 0x9D2E, 0xA54E, 0x95AE, 0xA5D0, 0xB5D0, 0xB5F0, 0xBE30,
    0xB5CF, 0xA58E, 0xA5AE, 0xBDEF, 0xBDCD, 0xB5CD, 0xC60F, 0xC62F,
    0xC650, 0xCE70, 0xBDCD, 0xBDAC, 0xB54C, 0xACCA, 0xACCA, 0xA48A,
    0x8BEA, 0x83C9, 0x7B89, 0x7307, 0x62A6, 0x5A86, 0x5A85, 0x5A45,
    0x49C3, 0x51E4, 0x3962, 0x3962, 0x3102, 0x1020, 0x2185, 0x29C6,
    0x3A28, 0x4269, 0x42A9, 0x52EB, 0x52EB, 0x52EA, 0x530A, 0x52EA,
    0x5309, 0x4AC8, 0x52EA, 0x532A, 0x4B28, 0x52CA, 0x532C, 0x5B4B,
    0x534A, 0x636C, 0x634B, 0x5B29, 0x636A, 0x6B8A, 0x73AB, 0x73EC,
    0x7C0C, 0x846E, 0x7C6D, 0x742C, 0x744C, 0x94D0, 0x8CF0, 0x8CB0,
    0xADD4, 0xADD2, 0x8D2E, 0x8D6E, 0x8570, 0x9D92, 0xAE33, 0xB632,
    0x9D6F, 0x8D4D, 0x8D2B, 0x9D2D, 0xA58E, 0xB5D0, 0xADD0, 0xCE93,
    0xBE51, 0xB5F0, 0xADEF, 0xBE30, 0xB5AE, 0xB5AE, 0xBE0F, 0xBE10,
    0xC630, 0xC630, 0xC650, 0xBE50, 0xC62F, 0xC5ED, 0xB58B, 0xBD8D,
    0xB52C, 0xACAB, 0xA4AC, 0x8C2A, 0x8BC9, 0x8369, 0x7307, 0x7308,
    0x7307, 0x6AE6, 0x6286, 0x5A45, 0x5225, 0x49E3, 0x3962, 0x3101,
    0x1040, 0x2185, 0x29C6, 0x31E7, 0x4248, 0x428A, 0x4AA9, 0x4AC9,
    0x530B, 0x4ACA, 0x530B, 0x530B, 0x4A89, 0x52EA, 0x52EA, 0x536C,
    0x534C, 0x536B, 0x530A, 0x52CA, 0x52CA, 0x63CC, 0x5BAB, 0x6BAC,
    0x63CC, 0x5B8A, 0x632A, 0x5B49, 0x5348, 0x638A, 0x5BA9, 0x63CA,
    0x63EA, 0x6BEB, 0x744C, 0x6C2B, 0x7C2B, 0x84CE, 0x7CCE, 0x8550,
    0x8D8F, 0x8CAD, 0xA54F, 0xA5D0, 0xADD0, 0xB611, 0xADD0, 0xBE31,
    0xBE52, 0xBEB4, 0x9DCD, 0xB60E, 0xBE51, 0xB630, 0xB650, 0xBE50,
    0xC671, 0xCE72, 0xC671, 0xCE91, 0xCE91, 0xCE91, 0xCE92, 0xCE90,
    0xD64F, 0xCE4F, 0xBDCD, 0xBD6D, 0xB52D, 0xACAB, 0x9C8B, 0x9C2B,
    0x8BA9, 0x7B88, 0x8389, 0x8BA9, 0x8369, 0x7B08, 0x6AE7, 0x5A45,
    0x4A04, 0x3142, 0x3101, 0x1860, 0x2165, 0x29A6, 0x31E7, 0x3A28,
    0x4269, 0x42AA, 0x42AA, 0x530B, 0x532B, 0x532B, 0x52EA, 0x530A,
    0x5B6B, 0x5B4B, 0x5B2B, 0x5B2B, 0x636C, 0x63ED, 0x638D, 0x634C,
    0x5B8B, 0x534A, 0x4AC9, 0x5AE9, 0x5B4A, 0x5B8A, 0x6C0C, 0x640A,
    0x5BCA, 0x6C4C, 0x748D, 0x6C6B, 0x6C4B, 0x744C, 0x7C8D, 0x7C6C,
    0x748C, 0x7CCE, 0x8D70, 0x8CCF, 0x948E, 0x8CEC, 0xA590, 0xADD1,
    0xA5CF, 0xB631, 0xB5D0, 0x8D2B, 0xB691, 0xAE70, 0xBE92, 0xC6B2,
    0xBE71, 0xC6B2, 0xCEB2, 0xC6B1, 0xCE91, 0xD6F3, 0xD6F4, 0xD6D3,
    0xD6F3, 0xD6D2, 0xDED2, 0xDEB1, 0xDEB2, 0xD6B1, 0xD62F, 0xD5EF,
    0xCDAE, 0xC56D, 0xBD0D, 0xACAC, 0xA46B, 0xA44B, 0xA44B, 0x940A,
    0x8B89, 0x6AC7, 0x5A65, 0x4A44, 0x49C4, 0x3922, 0x1040, 0x2986,
    0x31E7, 0x3A28, 0x3A48, 0x4289, 0x4ACA, 0x52CB, 0x4ACA, 0x4AC9,
    0x530B, 0x634C, 0x5B4B, 0x532B, 0x530A, 0x52AA, 0x52CB, 0x4B2C,
    0x5BAE, 0x4B4D, 0x4AEB, 0x4B0A, 0x5B8C, 0x640D, 0x4B09, 0x846F,
    0x73ED, 0x740E, 0x846E, 0xA510, 0x84AE, 0x84CE, 0x9CF0, 0x7C2C,
    0x744A, 0x84CE, 0x952F, 0xA550, 0x852D, 0x7D0D, 0xA5B1, 0xAEB3,
    0xAE93, 0xB633, 0xB632, 0xAE50, 0xBE93, 0xC694, 0xB651, 0xBE93,
    0xBEB2, 0xB670, 0xB691, 0xCF14, 0xD715, 0xDF15, 0xDF37, 0xDF57,
    0xDF36, 0xDF36, 0xDF36, 0xDF15, 0xDF14, 0xE735, 0xE713, 0xDEF2,
    0xDF12, 0xE6F2, 0xD64F, 0xCE2F, 0xC60E, 0xBDAE, 0xB54C, 0xB52C,
    0xACAB, 0xA46A, 0x9C09, 0x8388, 0x6AC7, 0x6265, 0x5224, 0x41A3,
    0x3102, 0x1020, 0x2986, 0x31E7, 0x3208, 0x3A48, 0x4289, 0x4289,
    0x4ACA, 0x52EA, 0x4AE9, 0x52EA, 0x4AA9, 0x4AAA, 0x5B2B, 0x5B2B,
    0x52EB, 0x432C, 0x432B, 0x42CB, 0x42C9, 0x5B8B, 0x4B0C, 0x4289,
    0x5B6B, 0x73EC, 0x6C8B, 0x5C2A, 0x84AD, 0x7CA8, 0x6428, 0x74AC,
    0x6427, 0x6BC8, 0x84EE, 0x862E, 0x9630, 0xA60F, 0xB5D2, 0xA652,
    0xAF14, 0xBF15, 0xAEB2, 0xBED4, 0xBEB4, 0xB672, 0xB6B2, 0xC6F4,
    0xC6D5, 0xC6F4, 0xCEF5, 0xC6D4, 0xC6D3, 0xBEB2, 0xCF14, 0xCF35,
    0xD715, 0xDF35, 0xDF56, 0xD714, 0xDF15, 0xE757, 0xDF15, 0xDEF3,
    0xE714, 0xDEF3, 0xDEF2, 0xDED1, 0xD6B0, 0xCE0F, 0xCDEE, 0xCDAE,
    0xBD2D, 0xBD0C, 0xACAB, 0x9C29, 0x9409, 0x8BA9, 0x7B27, 0x7307,
    0x6286, 0x51E4, 0x4182, 0x3102, 0x1040, 0x29A6, 0x31E7, 0x3228,
    0x4269, 0x4289, 0x42A9, 0x4AA9, 0x4AC8, 0x4AE9, 0x530A, 0x5B4A,
    0x5309, 0x530B, 0x5B2C, 0x638C, 0x534C, 0x5B8D, 0x642E, 0x644E,
    0x63AE, 0x74AE, 0x7D2F, 0x742D, 0x84CF, 0x74AE, 0x744D, 0x950D,
    0xBE51, 0xBF17, 0xC6F7, 0xCF59, 0xA714, 0xA754, 0xA774, 0xB714,
    0xAED2, 0xB6B4, 0xC798, 0xC776, 0xBED5, 0xCF15, 0xC6D4, 0xC6D4,
    0xC6D4, 0xC6D5, 0xCEF5, 0xC6F4, 0xC6D4, 0xCF15, 0xD738, 0xCEF6,
    0xCED4, 0xC6D1, 0xCED3, 0xCEF5, 0xD6F4, 0xDF16, 0xDF17, 0xDEF5,
    0xD6D3, 0xCEB2, 0xD6B1, 0xD6B2, 0xD6B1, 0xD691, 0xD670, 0xCE2E,
    0xBD2D, 0xB4EC, 0xACEC, 0xACAB, 0x940A, 0x93C9, 0x8B89, 0x8368,
    0x8369, 0x6AA6, 0x5A85, 0x5204, 0x41C3, 0x49E4, 0x28C1, 0x1020,
    0x29C7, 0x31E7, 0x3A28, 0x3A27, 0x4288, 0x4AA9, 0x4AEA, 0x4AA9,
    0x4ACA, 0x4B09, 0x5B4A, 0x5B6A, 0x530A, 0x5AEA, 0x5B4B, 0x5B0B,
    0x5B2A, 0x6BAC, 0x6BAD, 0x740F, 0x6C6D, 0x7CAF, 0x9512, 0x84D0,
    0x8D72, 0xC675, 0xA611, 0x9DD3, 0x9DB2, 0x95AF, 0x9611, 0x9E32,
    0xA652, 0xB653, 0xAE72, 0xBEB4, 0xB694, 0xC716, 0xC6F5, 0xC6F5,
    0xC715, 0xBEB3, 0xC6F5, 0xCF36, 0xBED3, 0xB6D2, 0xC6D4, 0xC6D4,
    0xC6B3, 0xBEB3, 0xAE90, 0xC6B3, 0xD6F5, 0xCED4, 0xD6D5, 0xDF16,
    0xCED4, 0xCEB3, 0xC692, 0xC691, 0xBE71, 0xC670, 0xD6B1, 0xCE91,
    0xD650, 0xCE2F, 0xCE0E, 0xBD4C, 0xACCB, 0xA48A, 0x9429, 0x7B27,
    0x7B28, 0x7B28, 0x6306, 0x6AC7, 0x6266, 0x4A04, 0x49E3, 0x41A3,
    0x3142, 0x28E1, 0x1040, 0x29A6, 0x2985, 0x31E7, 0x3A28, 0x4268,
    0x4289, 0x4ACA, 0x52EA, 0x52EA, 0x532A, 0x5B4A, 0x5B6A, 0x4B29,
    0x536B, 0x5B8C, 0x530A, 0x638D, 0x6BAD, 0x6BCE, 0x6BEC, 0x6BCC,
    0x53EB, 0x540C, 0x6BCD, 0x63EB, 0x5389, 0x4B49, 0x53AB, 0x640A,
    0x6CEB, 0x7D4D, 0x84ED, 0x7C8B, 0x8CEE, 0x84CD, 0x9DB0, 0xAE32,
    0xA5D1, 0x95AF, 0xAE51, 0xB6B3, 0xB693, 0xB632, 0xAE31, 0xB6B1,
    0xBE72, 0xBE72, 0xC6B3, 0xBEB3, 0xAE50, 0xC652, 0xCE92, 0xB650,
    0xB671, 0xC650, 0xB60E, 0xC6B2, 0xCE93, 0xC630, 0xC650, 0xCE71,
    0xCE4F, 0xD62F, 0xD670, 0xD60E, 0xC5AD, 0xCDAE, 0xBD2C, 0xACA9,
    0xA469, 0x9C2A, 0x8B89, 0x8348, 0x7B28, 0x7B47, 0x6265, 0x6286,
    0x5A04, 0x49C2, 0x41C3, 0x3122, 0x3102, 0x1040, 0x2165, 0x29A6,
    0x31E7, 0x3A07, 0x3A28, 0x4289, 0x4ACA, 0x4AC9, 0x52EA, 0x530B,
    0x530B, 0x534B, 0x4B09, 0x534B, 0x63CD, 0x532A, 0x5B4B, 0x636D,
    0x6BAD, 0x63AB, 0x63CD, 0x6C6E, 0x6BAC, 0x7C0E, 0x7CCE, 0x84CF,
    0x846F, 0x9CF0, 0x8DD0, 0x9D51, 0x8D0F, 0x84EE, 0x8D2F, 0x850D,
    0x958F, 0x8D2F, 0x9590, 0xADF2, 0xC694, 0xAE51, 0xA5D0, 0xADF2,
    0xC695, 0xC674, 0xB652, 0xB611, 0x9E10, 0xA651, 0xB692, 0xB652,
    0xAE0F, 0xA60E, 0xA5AF, 0xB5CF, 0xCE51, 0xBE50, 0xBE50, 0xC651,
    0xDEB5, 0xD693, 0xD651, 0xD610, 0xC5CD, 0xCE0D, 0xCDEE, 0xC5AD,
    0xC58D, 0xB4EB, 0xACA9, 0x9C48, 0x93E8, 0x93C8, 0x8B88, 0x7B47,
    0x8347, 0x72C6, 0x5A65, 0x49E4, 0x51E3, 0x41C3, 0x3963, 0x2901,
    0x0820, 0x2986, 0x29C6, 0x31C7, 0x4249, 0x4A89, 0x4A89, 0x4AA9,
    0x4ACA, 0x5B2B, 0x52EB, 0x52EA, 0x532B, 0x5B4B, 0x530A, 0x42E8,
    0x534A, 0x532B, 0x5B4C, 0x5B6C, 0x5B4C, 0x4B2B, 0x634C, 0x736E,
    0x640D, 0x5C2B, 0x6BEC, 0x6C0B, 0x646A, 0x5C4A, 0x6C4B, 0x6C2B,
    0x646A, 0x84ED, 0x6C4A, 0x84EE, 0x84EE, 0x7D0C, 0x74C9, 0x7CCA,
    0x9D8F, 0xA5D1, 0xA631, 0x95CF, 0x9DAF, 0xA5F0, 0xB632, 0xB652,
    0xB631, 0xAE10, 0xAE10, 0x9DCE, 0xA5CF, 0xB612, 0xBE31, 0xA5CE,
    0xADCF, 0xC632, 0xC631, 0xBE10, 0xBE0F, 0xCE11, 0xC5EF, 0xBDED,
    0xB58B, 0xBD6C, 0xCE2F, 0xC5CE, 0xB52B, 0xACA9, 0xA46A, 0x9C29,
    0x93E9, 0x8388, 0x8368, 0x7B06, 0x72C6, 0x72C7, 0x5A25, 0x49C3,
    0x49E4, 0x4163, 0x2901, 0x1040, 0x2986, 0x29A6, 0x3A28, 0x4269,
    0x4288, 0x4ACA, 0x4AC9, 0x52CA, 0x530B, 0x530A, 0x5B4A, 0x5B4B,
    0x5B2B, 0x5BAC, 0x642D, 0x5BCC, 0x6BAD, 0x636C, 0x636C, 0x6C0E,
    0x6C2F, 0x5B6C, 0x5BCC, 0x5C4C, 0x5BCA, 0x744D, 0x7CCF, 0x74CD,
    0x746C, 0x74AD, 0x6C4C, 0x6C8C, 0x7CCD, 0x9550, 0x8D4F, 0x852D,
    0x8D2E, 0x9DD1, 0x95B0, 0x9D8F, 0x9DAF, 0x9590, 0x9D6F, 0xAE11,
    0x9DAE, 0x9DCF, 0x9DCE, 0x9DCF, 0x9DCE, 0x95AE, 0xADF0, 0xADB0,
    0x9D6D, 0xA5AE, 0xA58E, 0xADAF, 0xA58D, 0xAD8D, 0xAD8D, 0xBDCE,
    0xC5EE, 0xB5AC, 0xB5AC, 0xB58B, 0xB52A, 0xB56B, 0xB56C, 0xB50B,
    0xA489, 0x9C29, 0x9C09, 0x8BE9, 0x8348, 0x8348, 0x7B06, 0x6286,
    0x6AC7, 0x5A65, 0x49E4, 0x41C4, 0x3943, 0x2901, 0x1040, 0x2186,
    0x31C6, 0x31E6, 0x31C6, 0x4A69, 0x42A9, 0x4AC9, 0x4AC9, 0x52EA,
    0x530A, 0x530A, 0x5B2B, 0x5B6B, 0x5B8A, 0x6BAC, 0x638D, 0x63AC,
    0x63CC, 0x6BCD, 0x6BAD, 0x7C2E, 0x8551, 0x7D30, 0x7C6E, 0x84CE,
    0x7C8D, 0x6C2C, 0x640A, 0x6C0B, 0x744E, 0x6C4C, 0x748D, 0x7C6D,
    0x74AD, 0x74AB, 0x7CAC, 0x7CCD, 0x84CD, 0x954E, 0x8D0E, 0x8D2D,
    0x958E, 0xA610, 0x9DCF, 0x954E, 0x8D6D, 0x958C, 0x8D6D, 0x9DAF,
    0x958E, 0xA5AF, 0xADD0, 0x954B, 0x9D0D, 0x9D6D, 0xA54B, 0xA54B,
    0xB58C, 0xB5AD, 0xBD8C, 0xBDAB, 0xBDAA, 0xB56A, 0xBD6C, 0xBD8B,
    0xB58C, 0xBD8D, 0xACCA, 0x9C69, 0x93E9, 0x83A8, 0x83A8, 0x8348,
    0x7B07, 0x8328, 0x72C7, 0x5205, 0x51E4, 0x5204, 0x49C4, 0x41C4,
    0x2901, 0x1040, 0x2186, 0x2A07, 0x3227, 0x39E7, 0x4248, 0x4289,
    0x4AC9, 0x4AEA, 0x4288, 0x4289, 0x530A, 0x5B49, 0x5B4B, 0x638C,
    0x5B0B, 0x5B0B, 0x63EC, 0x6BEC, 0x6BED, 0x63CD, 0x6C4F, 0x7C70,
    0x6BCD, 0x6C4E, 0x74AF, 0x748E, 0x642A, 0x63E9, 0x640B, 0x53E8,
    0x5BE8, 0x5BA9, 0x63EA, 0x4BA6, 0x53A7, 0x5B88, 0x6C2B, 0x6C2A,
    0x6C0A, 0x744A, 0x84ED, 0x8D6E, 0x7CCC, 0x84EC, 0x850D, 0x956E,
    0x8D6E, 0x956D, 0xADD0, 0xADF0, 0xADD0, 0x9D8E, 0x9D6D, 0x9D2D,
    0x8CEA, 0xA54C, 0xB5CC, 0xAD8C, 0xB58C, 0xB58C, 0xB58C, 0xB5AC,
    0xB56B, 0xBD6C, 0xB58C, 0xB56C, 0xA4A9, 0x9469, 0x940A, 0x8B89,
    0x83C9, 0x8388, 0x8348, 0x8349, 0x8349, 0x72E7, 0x6AA7, 0x5A45,
    0x6265, 0x5205, 0x41C4, 0x3121, 0x1040, 0x2185, 0x29C6, 0x3A07,
    0x4289, 0x4AA9, 0x42C9, 0x4AC8, 0x52E9, 0x530B, 0x5B4C, 0x5B4A,
    0x5B4B, 0x5B4C, 0x6BCD, 0x744F, 0x742D, 0x6BCC, 0x6BAD, 0x63CC,
    0x63AD, 0x640E, 0x53CC, 0x63ED, 0x6C8E, 0x6C2C, 0x6C4B, 0x6C8C,
    0x5C0A, 0x642A, 0x5C49, 0x5368, 0x5388, 0x6CAB, 0x7CEC, 0x8D2F,
    0x8D0F, 0x8CEE, 0x8D2E, 0x8D0E, 0x7C6B, 0x84EC, 0xA590, 0xB5F2,
    0xB5F2, 0x956F, 0xA5D0, 0xAE12, 0xC694, 0xB5F1, 0xADD0, 0xB611,
    0xADD0, 0x9D8E, 0x9D8E, 0xB5CF, 0xADAE, 0xA56D, 0xA54D, 0xAD8D,
    0xAD6C, 0x8D09, 0xAD8C, 0xB56C, 0x94C8, 0x94E9, 0xA4EB, 0x9C4A,
    0x7BA8, 0x7348, 0x7B88, 0x83E9, 0x8388, 0x72E7, 0x6AA7, 0x7B27,
    0x5A24, 0x62A6, 0x6286, 0x5A25, 0x49E4, 0x49E4, 0x41A3, 0x1860,
    0x2185, 0x31C6, 0x31E6, 0x3A47, 0x4247, 0x4A89, 0x52CA, 0x52EA,
    0x532A, 0x5B2A, 0x52CA, 0x636C, 0x5B8C, 0x5BAC, 0x5B6A, 0x5B0A,
    0x63CD, 0x5BAB, 0x63EC, 0x748F, 0x8551, 0x8552, 0x74EF, 0x6C4D,
    0x748D, 0x74AD, 0x6C6C, 0x7CAD, 0x74AD, 0x6C6C, 0x7CCE, 0x854F,
    0x74CC, 0x8D2F, 0x9550, 0x9591, 0x8D4F, 0x8D0E, 0x8D4F, 0x95AF,
    0x8D6F, 0x9D4F, 0x956F, 0x95AF, 0x956F, 0xA5D0, 0xA5F0, 0xA5EF,
    0xB611, 0xADF0, 0xB610, 0xADEF, 0x958D, 0xADEF, 0xBE31, 0xA5CE,
    0xADCE, 0xA5AE, 0xB5CE, 0xB5AD, 0xA58B, 0xAD8B, 0xAD6B, 0xA54B,
    0xB58D, 0xB54C, 0xAD0D, 0xA4AC, 0xA46B, 0x942A, 0x940A, 0x8369,
    0x8308, 0x7B07, 0x5A43, 0x6285, 0x6265, 0x5A24, 0x5A25, 0x49E4,
    0x41A3, 0x28E1, 0x1040, 0x2124, 0x31C6, 0x3206, 0x39E7, 0x4249,
    0x4AA9, 0x4AAA, 0x530A, 0x5B4A, 0x532B, 0x5B4B, 0x63EC, 0x6C4D,
    0x7C6F, 0x740F, 0x6C0E, 0x748E, 0x6C8E, 0x746E, 0x642D, 0x5C0C,
    0x642D, 0x6C0C, 0x6C4D, 0x6C6D, 0x740D, 0x6BEC, 0x646B, 0x64AC,
    0x5C49, 0x644A, 0x6CAB, 0x6C8B, 0x6CCC, 0x854F, 0x8D90, 0x9590,
    0xA570, 0x9DB0, 0x9DD1, 0x9D90, 0x9DB0, 0x9DD1, 0x9DF1, 0xBE94,
    0xBE74, 0xAE52, 0xB651, 0xB631, 0xB672, 0xB631, 0xAE10, 0xB630,
    0xBE31, 0xBE52, 0xBE71, 0xAE30, 0xADEE, 0xADAD, 0xBDEE, 0xCE10,
    0xCDF0, 0xCE2F, 0xC5AD, 0xC5EF, 0xCE2F, 0xCE10, 0xCDAF, 0xCDB0,
    0xB4ED, 0x9C0B, 0x93EA, 0x9C29, 0x8B68, 0x5A03, 0x6A66, 0x6AC7,
    0x62A6, 0x5A24, 0x49C3, 0x3962, 0x28C0, 0x1020, 0x29C6, 0x31E6,
    0x3A07, 0x3A28, 0x4268, 0x4AA9, 0x4AA9, 0x52E9, 0x530A, 0x5B6A,
    0x63CC, 0x6BCD, 0x5B2B, 0x636B, 0x6C2D, 0x63EC, 0x6BCC, 0x6BEC,
    0x63EC, 0x63EC, 0x6BCC, 0x6BEC, 0x7C6F, 0x748E, 0x6C2C, 0x742C,
    0x6C8B, 0x64EC, 0x6C8C, 0x74CE, 0x7CEE, 0x74ED, 0x7D30, 0x8D30,
    0x854F, 0x9550, 0x8D6F, 0x7D8F, 0x9DD1, 0xA5B1, 0xB5F3, 0xB674,
    0xBE94, 0xBE54, 0xB633, 0xBE74, 0xB674, 0xBE94, 0xBE93, 0xBEB3,
    0xBEB3, 0xC694, 0xCED5, 0xCEB4, 0xC6B3, 0xCED4, 0xC692, 0xD6D4,
    0xDED5, 0xD693, 0xDE73, 0xD6D3, 0xD714, 0xD672, 0xDEB2, 0xDED3,
    0xD631, 0xC56E, 0xBD4E, 0xC58E, 0xC570, 0xAC6C, 0x93E8, 0x9BEA,
    0x9BAA, 0x7307, 0x6AA6, 0x6286, 0x5A24, 0x5A05, 0x3963, 0x3101,
    0x1040, 0x2985, 0x31C6, 0x3207, 0x3A48, 0x4A8A, 0x4B0A, 0x4B29,
    0x530A, 0x5B2B, 0x5B6B, 0x6BCC, 0x6BCC, 0x744E, 0x6C2D, 0x63EC,
    0x63EC, 0x6BEC, 0x6C0C, 0x6BEC, 0x6BEC, 0x6C2E, 0x63EB, 0x5BEB,
    0x5B8A, 0x6BEC, 0x6CAC, 0x750C, 0x748C, 0x646A, 0x6CEB, 0x6C8B,
    0x74ED, 0x6CAC, 0x74ED, 0x8CCF, 0x8D70, 0x8DD1, 0x95D1, 0xA592,
    0x9DB1, 0x9DF1, 0xB674, 0xBE74, 0xD6F8, 0xD759, 0xC6B4, 0xBE94,
    0xB693, 0xCF15, 0xC6B4, 0xCED6, 0xCEF5, 0xCED5, 0xC6B4, 0xCED4,
    0xD6F5, 0xD715, 0xCEB3, 0xCE73, 0xDEB4, 0xD6D3, 0xD692, 0xD692,
    0xC650, 0xCE91, 0xC60F, 0xC5CD, 0xC5AE, 0xB52D, 0xB52D, 0xB54C,
    0xB4AC, 0xA40C, 0x8348, 0x8327, 0x7B47, 0x7347, 0x5A44, 0x5A04,
    0x5204, 0x4183, 0x3941, 0x1060, 0x2965, 0x29A6, 0x3A07, 0x3A28,
    0x4248, 0x4268, 0x4AA9, 0x4AA9, 0x4ACA, 0x5B4B, 0x6B6D, 0x63CD,
    0x5C4C, 0x748E, 0x6C2D, 0x6C0D, 0x6C0C, 0x6BCC, 0x63EC, 0x640C,
    0x6C8D, 0x644C, 0x7C6D, 0x7CCF, 0x74ED, 0x7D0D, 0x7CCD, 0x746D,
    0x7C8D, 0x84ED, 0x7D0D, 0x7D2D, 0x854E, 0x95B1, 0x7D6F, 0x7D8F,
    0x9DD1, 0xAE12, 0xA5F2, 0xB6B4, 0xB694, 0xBE95, 0xBEB5, 0xB674,
    0xBE94, 0xC6B5, 0xCF16, 0xC6D5, 0xCEF6, 0xC6D5, 0xCEF5, 0xCEF5,
    0xCED4, 0xC6B4, 0xCED4, 0xCED4, 0xD715, 0xD715, 0xDEF4, 0xCE72,
    0xC651, 0xCE50, 0xCE71, 0xC670, 0xC62F, 0xD64E, 0xBD8B, 0xBD8D,
    0xB52C, 0xA50B, 0xA4CA, 0xAC8B, 0xA44C, 0x9C0B, 0x8BC9, 0x7B87,
    0x6B46, 0x7307, 0x6286, 0x51E4, 0x41A2, 0x3961, 0x1860, 0x2965,
    0x2A07, 0x3248, 0x3A48, 0x3A68, 0x4289, 0x42A8, 0x4ACA, 0x52CA,
    0x42E8, 0x3A67, 0x4289, 0x5AEA, 0x52EA, 0x5B8B, 0x6B8C, 0x63CB,
    0x6C2C, 0x6C8D, 0x7CCF, 0x748D, 0x7CF0, 0x9E14, 0x85D0, 0x8D71,
    0x9592, 0x9571, 0x9571, 0x9590, 0x8D90, 0x95D0, 0x9E72, 0xAE94,
    0xAE74, 0xB6B4, 0xC6F7, 0xBEB5, 0xB694, 0xBED6, 0xC6B6, 0xBE95,
    0xBED5, 0xBEB5, 0xBE74, 0xBEB5, 0xBEB5, 0xBE94, 0xC6D4, 0xCEF6,
    0xC6B4, 0xC6D4, 0xC6D5, 0xD6D7, 0xD717, 0xB692, 0xB651, 0xBE51,
    0xBE0F, 0xBE30, 0xBE10, 0xB5EE, 0xB5CE, 0xADCD, 0xC60F, 0xD60F,
    0xD60F, 0xBDAD, 0xB54D, 0xB52C, 0xA4EA, 0xACCC, 0xB46D, 0x83A8,
    0x7B27, 0x8367, 0x7B87, 0x6AE6, 0x6AA7, 0x6286, 0x5204, 0x41C3,
    0x3100, 0x1040, 0x29E6, 0x3247, 0x3A48, 0x3A69, 0x4289, 0x4B09,
    0x4B09, 0x4AEA, 0x538A, 0x5B4A, 0x636B, 0x63AD, 0x63AD, 0x6B8D,
    0x6C6E, 0x748E, 0x6C4B, 0x6C2C, 0x742C, 0x6C2C, 0x740E, 0x7C91,
    0x8D52, 0x8D93, 0x9613, 0x8DB1, 0x9D92, 0x9590, 0x9E11, 0x9E11,
    0xB715, 0xA694, 0xA653, 0xAE73, 0xB654, 0x9E11, 0xA612, 0xAE54,
    0xB674, 0xAE54, 0xAE74, 0xBED5, 0xBE74, 0xAE12, 0xA612, 0xBE53,
    0xBE53, 0xAE31, 0xB651, 0xAE31, 0xB652, 0xBE52, 0xB651, 0xB631,
    0xBDD1, 0xB5D0, 0xB611, 0xADCF, 0xA58E, 0xAD6E, 0xBD8E, 0xBDCE,
    0xB5AE, 0xB52B, 0xCDAE, 0xACEB, 0xB52C, 0xBD6D, 0xB50B, 0xC4EC,
    0x9BCA, 0x72E6, 0xAC2B, 0x93AA, 0x6B06, 0x7B27, 0x6AA6, 0x5A45,
    0x5224, 0x49C3, 0x4182, 0x2901, 0x1020, 0x21A5, 0x31C6, 0x39E7,
    0x4268, 0x52CA, 0x4AAA, 0x52EB, 0x5B4B, 0x638C, 0x63AD, 0x6C4E,
    0x6CAE, 0x7CCF, 0x7CAF, 0x74AD, 0x5C2B, 0x6C2D, 0x744C, 0x6C2C,
    0x6BAB, 0x73ED, 0x6C4D, 0x642C, 0x7C6F, 0x742E, 0x6C4D, 0x8511,
    0x7CCF, 0x8530, 0x7D0F, 0x8D2E, 0x8D0F, 0x7D2F, 0x9571, 0x9DD2,
    0xA613, 0xAE34, 0xAE33, 0xA612, 0xB654, 0xBE74, 0x9D91, 0xA5D1,
    0xA612, 0xA5F1, 0xA590, 0x9DB0, 0xA58F, 0x9D6F, 0x958F, 0xA56E,
    0xA54E, 0x9D2D, 0xA54D, 0xBDD1, 0xAD6F, 0xA56E, 0xA5CE, 0x9D8E,
    0xA52D, 0xA4EB, 0xAD4C, 0xB5AE, 0xBDAD, 0xAD4B, 0xBDAD, 0xB54C,
    0xA489, 0xA4AA, 0x93A9, 0x72A7, 0x7AE7, 0x6264, 0x6264, 0x62A5,
    0x6AC6, 0x6AA5, 0x5A64, 0x5243, 0x49E3, 0x41A3, 0x28E1, 0x1040,
    0x2124, 0x31C6, 0x3207, 0x3A28, 0x3A48, 0x4267, 0x4AE9, 0x42C9,
    0x4ACA, 0x5B4A, 0x5BCC, 0x6C0D, 0x6C6F, 0x6C6D, 0x7C0E, 0x7C4D,
    0x746D, 0x746D, 0x746D, 0x746E, 0x748E, 0x744D, 0x748F, 0x7CEE,
    0x7CAF, 0x8CB1, 0x94F1, 0x8532, 0x8D53, 0x8D72, 0x9572, 0x9DF5,
    0xAE77, 0xB6D8, 0xA5F4, 0xA592, 0x9D91, 0x9D90, 0x9590, 0x956F,
    0x9D90, 0xA5D1, 0x9E32, 0x95B1, 0xA591, 0x8D0E, 0x8D0D, 0x9D6F,
    0x952E, 0x848B, 0x8C8C, 0x84CC, 0x9CAC, 0xA4AD, 0x84AC, 0x9D0D,
    0x9D4D, 0x958D, 0xA54D, 0xAD4E, 0xB5CF, 0xBDCF, 0xB5CE, 0xBDCE,
    0xAD0C, 0xBD8D, 0xBD6C, 0xAC8A, 0x7B08, 0x72A8, 0x7B28, 0x7B47,
    0x7B07, 0x8307, 0x7B07, 0x6AA5, 0x6AC5, 0x62E5, 0x5A84, 0x39C2,
    0x3141, 0x28E1, 0x1860, 0x21C6, 0x3248, 0x3227, 0x3A28, 0x42A9,
    0x530B, 0x4AEA, 0x4B09, 0x5308, 0x4B49, 0x536D, 0x53AC, 0x53ED,
    0x5B8B, 0x5B6A, 0x5BCB, 0x744C, 0x744E, 0x6C2C, 0x742D, 0x6C4E,
    0x74EF, 0x8591, 0x8511, 0x8CD1, 0x8CF1, 0x9DB4, 0x95D3, 0x9592,
    0xA655, 0xAEB7, 0xA675, 0xA5F3, 0xA5B3, 0x9572, 0x8D51, 0x9571,
    0x8D10, 0x84CF, 0x8550, 0x8D4F, 0x8D50, 0x9570, 0xAD92, 0x9D50,
    0xAD71, 0xA5B1, 0x8D6F, 0x952E, 0x952E, 0x9D4E, 0x9D4E, 0xA56F,
    0xA5AF, 0xADD0, 0xADAF, 0xA5AE, 0xAD8F, 0xB58F, 0xB58E, 0xB58D,
    0xC5AE, 0xB5AD, 0xBD8D, 0xBD4C, 0xB52B, 0xB50B, 0x9C2A, 0x8BE8,
    0x9448, 0x9C09, 0x8B88, 0x8B88, 0x8347, 0x7B06, 0x7B06, 0x6AA4,
    0x62A5, 0x6285, 0x41E2, 0x3982, 0x3101, 0x1040, 0x2985, 0x2985,
    0x3207, 0x4268, 0x42A8, 0x4AC9, 0x4AC9, 0x5B6B, 0x6BCE, 0x5BAC,
    0x5C0D, 0x7C2E, 0x742D, 0x644E, 0x64AD, 0x746E, 0x6C2D, 0x742D,
    0x744F, 0x746F, 0x646E, 0x7C8F, 0x73EE, 0x7C2F, 0x8C70, 0x7C8F,
    0x7CF0, 0x9D52, 0x9D72, 0x9D33, 0x9511, 0x9D53, 0x9573, 0x9DD3,
    0xA655, 0xA614, 0xA5D3, 0xA5F4, 0xA5D3, 0xA5B2, 0x9D91, 0xA591,
    0xADB2, 0xADD2, 0xADF2, 0xA5F1, 0x8D8F, 0xA570, 0x9D8F, 0x9DD0,
    0xA5B0, 0xAD90, 0xADD0, 0xADAF, 0xBE12, 0xA5AF, 0xC610, 0xD671,
    0xBE10, 0xC610, 0xC5CE, 0xAD4A, 0xBD8D, 0xBD4C, 0xBD4C, 0xBD4C,
    0xBD4C, 0xAD2B, 0xACEA, 0xA469, 0xA48A, 0x9C09, 0x8BA8, 0x7387,
    0x7B26, 0x8347, 0x7B27, 0x7327, 0x62A5, 0x5263, 0x5224, 0x4182,
    0x1860, 0x2986, 0x3207, 0x3A27, 0x3A07, 0x4248, 0x52E9, 0x5B4A,
    0x5B8B, 0x5B8B, 0x634C, 0x742F, 0x7471, 0x748E, 0x6C6E, 0x63EC,
    0x742C, 0x6C4C, 0x744D, 0x6C2C, 0x6C0B, 0x744D, 0x73EE, 0x740F,
    0x7CD0, 0x7CEF, 0x8570, 0x8D50, 0x84EF, 0x7CEF, 0x8D30, 0x8551,
    0x8551, 0x9591, 0x9D92, 0xA592, 0x9DB2, 0xA5F3, 0x95B0, 0x95B0,
    0xA5F2, 0xB5F4, 0xBE34, 0xB614, 0xB653, 0xA652, 0xB674, 0xC654,
    0xA611, 0x9E11, 0xAE11, 0xA5D0, 0xB653, 0xB612, 0xADCF, 0xAE10,
    0xC651, 0xC672, 0xC692, 0xD6D3, 0xCE91, 0xCE70, 0xCE71, 0xD691,
    0xCE2F, 0xC5EE, 0xC5AD, 0xBDCC, 0xC5AC, 0xC56D, 0xB4EC, 0xAC8B,
    0xA46A, 0xAC6B, 0x9C2A, 0x942A, 0x940A, 0x8369, 0x7B27, 0x72E6,
    0x6285, 0x41C2, 0x3940, 0x1040, 0x2145, 0x31C6, 0x3A27, 0x4268,
    0x3A48, 0x4A88, 0x52C9, 0x5289, 0x532A, 0x640D, 0x6CAE, 0x74AE,
    0x7CCF, 0x850F, 0x9DB1, 0x8D71, 0x6C4C, 0x5BEB, 0x7D10, 0x8CD1,
    0x7D2F, 0x85B0, 0x7DD0, 0x8551, 0x9552, 0x84F0, 0x7CD0, 0x7C6E,
    0x748D, 0x7D0E, 0x84EE, 0x8D2F, 0xA5B2, 0x9DB1, 0x9DF1, 0x95F0,
    0x9E31, 0xAE53, 0xAEB4, 0xBEB6, 0xBE35, 0xC676, 0xB6B5, 0xBEB5,
    0xC675, 0xB633, 0xAE32, 0xBE73, 0xBE53, 0xBEB3, 0xB693, 0xB632,
    0xC693, 0xCED4, 0xC6B3, 0xCEB3, 0xC6D3, 0xCED4, 0xD6D3, 0xD6D2,
    0xD6D3, 0xDF15, 0xDEF2, 0xDEF2, 0xDED1, 0xD670, 0xCE2E, 0xCE0E,
    0xC60F, 0xC5CE, 0xBD8E, 0xB52E, 0xACCC, 0xA48B, 0x9C4B, 0x940A,
    0x8BC9, 0x8368, 0x6AE6, 0x5244, 0x49E2, 0x3140, 0x1040, 0x2185,
    0x29C6, 0x3207, 0x4268, 0x4AC9, 0x530B, 0x4B2A, 0x53AD, 0x63EE,
    0x5BAB, 0x5BAD, 0x5C4F, 0x5430, 0x640F, 0x63CD, 0x640C, 0x6C4C,
    0x74AD, 0x7C6E, 0x7C8D, 0x7591, 0x7D53, 0x9595, 0xA594, 0x9D72,
    0x9592, 0x9591, 0xA613, 0xAE15, 0xB615, 0xC655, 0xBE75, 0xBEB5,
    0x9E71, 0x9E31, 0xAE33, 0xB613, 0xA611, 0xB674, 0xC676, 0xC6B6,
    0xCEF6, 0xCEF7, 0xCED8, 0xD718, 0xDF38, 0xC695, 0xD6B6, 0xCF37,
    0xC715, 0xD6F6, 0xD6F7, 0xD716, 0xD716, 0xD716, 0xCEF4, 0xCEF3,
    0xCED3, 0xCED3, 0xCEB3, 0xD6D3, 0xCEB2, 0xD6B1, 0xDEF3, 0xD6B1,
    0xDED2, 0xDE91, 0xD670, 0xD650, 0xC5CF, 0xBD6E, 0xBD6F, 0xB50D,
    0xACCC, 0xA46B, 0x942A, 0x8BC8, 0x8367, 0x6AC6, 0x5A44, 0x51C1,
    0x3920, 0x1860, 0x1944, 0x29A6, 0x3207, 0x29A6, 0x31E6, 0x4B0A,
    0x430A, 0x5B2B, 0x63CE, 0x5C71, 0x6CF3, 0x6C70, 0x644D, 0x6C4D,
    0x6C4D, 0x746D, 0x748E, 0x7C2D, 0x740C, 0x6C4D, 0x6C4D, 0x73AB,
    0x7C0E, 0x5BEC, 0x7CCF, 0x8D30, 0x8D10, 0x9572, 0xA611, 0xAE53,
    0xA674, 0x9EB2, 0x9E91, 0xBEB5, 0xC656, 0xBE74, 0xAE95, 0xAE54,
    0xBE55, 0xAE33, 0xC6D5, 0xC6B6, 0xC696, 0xD6F8, 0xD6F8, 0xCEF7,
    0xCF37, 0xD799, 0xCF37, 0xCF36, 0xCF16, 0xD716, 0xD716, 0xD6F6,
    0xD717, 0xD6F5, 0xD6F4, 0xD6D3, 0xD6D4, 0xDEF4, 0xE714, 0xE735,
    0xE6F5, 0xE6F4, 0xDED2, 0xDE92, 0xDE93, 0xDE73, 0xD630, 0xCDCE,
    0xBD4D, 0xB4ED, 0xACAC, 0xAC8C, 0x9C2A, 0x9BEA, 0x93A9, 0x7327,
    0x6265, 0x5A03, 0x3961, 0x2900, 0x1840, 0x2165, 0x2185, 0x2985,
    0x31A6, 0x39C7, 0x4186, 0x5186, 0x5228, 0x52EA, 0x636C, 0x63AB,
    0x63AA, 0x6C0B, 0x744D, 0x6C2D, 0x6C2C, 0x6C2C, 0x6C8D, 0x74AD,
    0x748E, 0x7CAF, 0x6C2D, 0x63EC, 0x642C, 0x63CB, 0x7C4E, 0x7CAC,
    0x850C, 0x854E, 0x9591, 0x856F, 0x852E, 0x9591, 0xADB2, 0x95D2,
    0x8D90, 0xA5D2, 0xB635, 0xAE54, 0xBE75, 0xD6B8, 0xD6D8, 0xD6F8,
    0xCEF7, 0xD718, 0xD716, 0xD738, 0xDF59, 0xCF37, 0xCF17, 0xD738,
    0xDF38, 0xDF17, 0xD716, 0xD6D6, 0xDEB4, 0xDED4, 0xE6F5, 0xE6D4,
    0xE6D3, 0xDE93, 0xE693, 0xDE52, 0xDE4F, 0xDE51, 0xDE31, 0xD5F0,
    0xD5EF, 0xCDEE, 0xC56D, 0xBCAB, 0xBCAC, 0xAC2B, 0x9BEA, 0x9BC9,
    0x7B06, 0x7AC7, 0x5A45, 0x5223, 0x49E4, 0x3942, 0x28C1, 0x1020,
    0x29A5, 0x31E6, 0x3206, 0x3A67, 0x4AA8, 0x4247, 0x4AEB, 0x4B4C,
    0x5B6B, 0x5B8A, 0x5B89, 0x6C4D, 0x748E, 0x746D, 0x6C0C, 0x746D,
    0x644C, 0x4B28, 0x532A, 0x532A, 0x640E, 0x6C6F, 0x748F, 0x8D32,
    0x7CCF, 0x744C, 0x7CAC, 0x74AB, 0x6C8C, 0x7CCE, 0x8D10, 0x9531,
    0x7CEF, 0x7CEE, 0x95D1, 0x956F, 0x852D, 0x8D8D, 0x8DAF, 0x852F,
    0xAE12, 0xB613, 0xAD92, 0xB614, 0xBE94, 0xBE54, 0xC674, 0xBEB5,
    0xCED6, 0xCED5, 0xC6F4, 0xCED4, 0xCEB5, 0xCE73, 0xD6B4, 0xDED5,
    0xD673, 0xD672, 0xD652, 0xD632, 0xD631, 0xD631, 0xD610, 0xD5AF,
    0xCD8E, 0xCD8E, 0xD5CE, 0xCD6C, 0xCD8B, 0xC4EB, 0xAC09, 0xA3C8,
    0xA3C8, 0x9367, 0x8B48, 0x7B08, 0x6AA6, 0x5A24, 0x5A04, 0x41A3,
    0x3942, 0x28C1, 0x1020, 0x2185, 0x29A5, 0x3A06, 0x4268, 0x42A9,
    0x4B2A, 0x4B4A, 0x5C2C, 0x648E, 0x6C8F, 0x7CF1, 0x744F, 0x63AC,
    0x6C2C, 0x6C4C, 0x6C2C, 0x742C, 0x740D, 0x6C0D, 0x7C6E, 0x744D,
    0x7C2D, 0x7C8F, 0x746E, 0x74EE, 0x8570, 0x7CD0, 0x9512, 0x9510,
    0x9530, 0x7CCD, 0x74ED, 0x7D4E, 0x854D, 0x74EA, 0x854D, 0x6D2C,
    0x6CAA, 0x954F, 0xA5D1, 0xADF2, 0xB634, 0xB613, 0xAE32, 0xB633,
    0xB612, 0xBE53, 0xBDF2, 0xB5D1, 0xBE74, 0xC634, 0xB5B2, 0xC633,
    0xC653, 0xBE31, 0xC652, 0xCE12, 0xC5D0, 0xCE31, 0xD672, 0xC5AF,
    0xC56E, 0xBDAF, 0xBD8E, 0xAD6D, 0xB54C, 0xC56D, 0xBCEA, 0xB467,
    0xABE9, 0xA3C8, 0xA3E8, 0xA3C8, 0x9B67, 0x8B07, 0x7B07, 0x6AA6,
    0x6AC7, 0x5A45, 0x49E3, 0x3962, 0x28E1, 0x1020, 0x2985, 0x29C5,
    0x3A27, 0x4288, 0x42C8, 0x4AE9, 0x536C, 0x636D, 0x636E, 0x6B8E,
    0x73EF, 0x6CAE, 0x74AD, 0x84D0, 0x8D11, 0x8D30, 0x852F, 0x852E,
    0x950F, 0x848D, 0x748D, 0x5C2D, 0x6C8E, 0x7D0F, 0x7C4D, 0x7BED,
    0x848E, 0x5C2B, 0x53EA, 0x4BA9, 0x7CCE, 0x8CEE, 0x8CCD, 0x8D0F,
    0x850F, 0xADD4, 0xA5B3, 0xA5D3, 0xBE75, 0xC6B6, 0xB5F3, 0xA5B2,
    0xB654, 0xAE33, 0xB5D2, 0xBE12, 0xBE12, 0xB632, 0xAE11, 0xA5B0,
    0xB5B1, 0xADF0, 0xAE31, 0xB652, 0xB5B0, 0xB58F, 0xB5CF, 0xBDD0,
    0xBD8F, 0xB52E, 0xB56E, 0xB5AF, 0xAD8E, 0xBD6E, 0xBD6D, 0xBD0C,
    0xB50B, 0xACCB, 0x9C29, 0x9C09, 0x9BC9, 0x9BA8, 0x9B87, 0x8B27,
    0x8307, 0x72E6, 0x6AA6, 0x6AA6, 0x5204, 0x5204, 0x41A3, 0x28E1,
    0x1020, 0x29A5, 0x31E6, 0x3A47, 0x4288, 0x4AE9, 0x538B, 0x534B,
    0x63CD, 0x5C2C, 0x6CEE, 0x754F, 0x7D2F, 0x8CEF, 0x74AD, 0x74AB,
    0x744A, 0x73C9, 0x6C0A, 0x646C, 0x540A, 0x744D, 0x7C4D, 0x7C2E,
    0x742E, 0x642E, 0x6C8E, 0x7CCE, 0x748D, 0x8D0F, 0x9D70, 0x9D90,
    0x956F, 0x854E, 0x9590, 0x9DF0, 0x9DF0, 0x95D0, 0x9DF1, 0x9590,
    0x9570, 0x9D91, 0x9DB0, 0x9D90, 0xA591, 0xA5B1, 0xA5D1, 0x9DD0,
    0x9D6F, 0xA550, 0x9D6F, 0x9D8E, 0xA56F, 0xBD90, 0xA48C, 0x946B,
    0x952D, 0x8C8B, 0x9CEC, 0xA54D, 0xB5CF, 0xBE10, 0xAD6E, 0xAD4D,
    0xB54E, 0xBD0D, 0xACCB, 0xACCB, 0xA46B, 0x8BE9, 0x8BC8, 0x93C9,
    0x8348, 0x8328, 0x8348, 0x72E6, 0x72E7, 0x6AA6, 0x5A65, 0x5204,
    0x49C3, 0x41A2, 0x30E1, 0x1020, 0x29A5, 0x2985, 0x2985, 0x4228,
    0x4A8A, 0x538C, 0x5BED, 0x7571, 0x8531, 0x8CD0, 0x8CF0, 0x7CAE,
    0x748D, 0x7CAC, 0x84CE, 0x7CF0, 0x85F1, 0x74EE, 0x84EE, 0x9551,
    0x7C8F, 0x746E, 0x7CD0, 0x7510, 0x7510, 0x84AE, 0x8CAF, 0x94F0,
    0x850F, 0x7CEE, 0x7CCD, 0x84ED, 0x8D0E, 0x84ED, 0x7CED, 0x84ED,
    0x8CEE, 0x9550, 0x7CCD, 0x84EE, 0x852E, 0x8CEE, 0x8CCE, 0x8C8E,
    0x8CAD, 0x84CD, 0x8CEE, 0x8CCD, 0x84CC, 0x8CEC, 0x950D, 0x846B,
    0x7C09, 0x7C6A, 0x84CC, 0x9CCD, 0xA4ED, 0xAD6F, 0xADAF, 0x9CEC,
    0xA50D, 0xBD4E, 0xB54E, 0x9C6A, 0xA46A, 0xACAB, 0xA46A, 0xA46B,
    0x942A, 0x93C9, 0x8B89, 0x7B89, 0x7348, 0x7B08, 0x72E7, 0x6AC6,
    0x6286, 0x6286, 0x5A24, 0x49C3, 0x41A3, 0x3121, 0x1040, 0x2986,
    0x31E6, 0x3248, 0x42C9, 0x536B, 0x4AEB, 0x52EB, 0x62ED, 0x6B8E,
    0x6C2F, 0x748F, 0x74CE, 0x6CAD, 0x74AF, 0x7CAF, 0x74ED, 0x84EF,
    0x84D0, 0x84CF, 0x84EF, 0x7D51, 0x85D3, 0x7D30, 0x8510, 0x84CF,
    0x746D, 0x746D, 0x6C2C, 0x6BCC, 0x73ED, 0x744C, 0x742B, 0x6C0B,
    0x744C, 0x742D, 0x7C0D, 0x7C0C, 0x740C, 0x73EC, 0x7C4D, 0x742D,
    0x73EC, 0x73CB, 0x7C2C, 0x7C0C, 0x840B, 0x844C, 0x844C, 0x846D,
    0x8C6D, 0x6B49, 0x840B, 0x8CAC, 0x94AC, 0xA4EE, 0xA4EE, 0xA50E,
    0xAD4F, 0xD673, 0xBDAE, 0xA54B, 0x9D0B, 0xAD2C, 0xACEC, 0x948A,
    0xA4CB, 0x9C8B, 0x9C4B, 0x9BAA, 0x8C0A, 0x8C0A, 0x8388, 0x8BA9,
    0x7B27, 0x7307, 0x6AC7, 0x72A6, 0x6245, 0x49E4, 0x39A3, 0x4162,
    0x28C1, 0x1040, 0x1923, 0x2183, 0x29E5, 0x3205, 0x3206, 0x4267,
    0x4A88, 0x5B6C, 0x53CB, 0x644E, 0x642D, 0x642C, 0x7C8D, 0x744B,
    0x7C6D, 0x6C0D, 0x6C6C, 0x74CF, 0x7C8F, 0x7C8F, 0x8531, 0x8551,
    0x7C8E, 0x7CAF, 0x7C4E, 0x746C, 0x744D, 0x6C0C, 0x742C, 0x744C,
    0x742C, 0x742C, 0x744D, 0x740C, 0x742C, 0x6C0A, 0x63AA, 0x63CB,
    0x63CB, 0x5B6A, 0x6BCC, 0x73EC, 0x73CB, 0x740B, 0x8CEF, 0x848D,
    0x848C, 0x846C, 0x7C0B, 0x8C8C, 0xADD0, 0xA58F, 0x9D4E, 0xA54F,
    0xAD2E, 0xAD4E, 0xA50D, 0xA4ED, 0xA4CC, 0x9CEC, 0xA4EC, 0xA48C,
    0x946B, 0xB54E, 0x9CAB, 0x93E9, 0xA40A, 0x93A9, 0x7348, 0x93EA,
    0x9BEA, 0x8368, 0x93EA, 0x7B69, 0x7B48, 0x72C7, 0x6AA6, 0x6A86,
    0x5224, 0x41A3, 0x3142, 0x10A0, 0x0820, 0x1923, 0x2144, 0x2164,
    0x3206, 0x3A68, 0x42C9, 0x432A, 0x6C0C, 0x848F, 0x7C4F, 0x8511,
    0x74AE, 0x6C6D, 0x748F, 0x6CAD, 0x746D, 0x84D0, 0x8511, 0x7D33,
    0x8512, 0x8552, 0x8591, 0x8552, 0x7D30, 0x74EE, 0x74AD, 0x74AD,
    0x6C4C, 0x742D, 0x6C0C, 0x744D, 0x6BEA, 0x744C, 0x6BEB, 0x6C0B,
    0x744C, 0x7C8D, 0x7C8E, 0x9510, 0x9D70, 0x8D0F, 0x9D70, 0x9D91,
    0x84AD, 0x8CCD, 0x8CAD, 0x8CCD, 0x8D0D, 0xA56F, 0xA56F, 0xA52E,
    0xAD6F, 0x9D2D, 0xAD4E, 0xAD4E, 0xA52D, 0xA52D, 0x9CCC, 0x944B,
    0x942B, 0x8C2B, 0x946B, 0x946A, 0x9C8A, 0xA48B, 0x9C09, 0x9409,
    0x9C4B, 0x9C4B, 0x9BE9, 0x940A, 0x8BEA, 0x8BAA, 0x8349, 0x7B28,
    0x6B28, 0x6AA6, 0x6245, 0x5A06, 0x49E5, 0x39C4, 0x28E1, 0x1020,
    0x1904, 0x2124, 0x2165, 0x31C6, 0x3A27, 0x5B0A, 0x5B6D, 0x5BCE,
    0x6BF0, 0x640E, 0x644D, 0x6C0D, 0x74CE, 0x6C6D, 0x6C8E, 0x84CF,
    0x84D0, 0x7CB0, 0x8CD0, 0x7CF0, 0x7D32, 0x74D0, 0x7D30, 0x7CCC,
    0x7CED, 0x84CE, 0x84CE, 0x84EE, 0x7CAD, 0x7CCD, 0x7CEE, 0x7CAE,
    0x84EE, 0x8CCF, 0x9531, 0x9D93, 0x9DF2, 0x9DB1, 0x9550, 0x9D50,
    0x9591, 0x8D50, 0x956F, 0x952E, 0x950E, 0x9D4F, 0x9D2F, 0x9D2E,
    0x9D2D, 0xAD8F, 0x9D0D, 0xA56F, 0xAD8F, 0xA54E, 0xAD6E, 0xA56D,
    0xA56C, 0xA4CB, 0xA4AB, 0x9C6B, 0x9C8B, 0x946A, 0xA4EB, 0xB52B,
    0xA48A, 0xB4AC, 0xACAC, 0xAC8B, 0xB4AC, 0x9C0A, 0x93EA, 0x83A9,
    0x6B26, 0x7B28, 0x7B28, 0x7AE8, 0x7267, 0x5A05, 0x5205, 0x41C4,
    0x3963, 0x3901, 0x1840, 0x2124, 0x2985, 0x29C6, 0x31E7, 0x3207,
    0x3A49, 0x5AEC, 0x53CD, 0x546E, 0x6490, 0x5C4D, 0x7C0E, 0x84AF,
    0x84AE, 0x7C8D, 0x642C, 0x748E, 0x7D10, 0x7D31, 0x8DB3, 0x8572,
    0x95F2, 0x95F2, 0x9552, 0x9D33, 0x9551, 0x95D1, 0x9672, 0x85D0,
    0x9591, 0x9550, 0x8D30, 0x8D50, 0x95F1, 0x95F1, 0x9552, 0xA573,
    0xB594, 0xB655, 0xA613, 0xA592, 0x9DB1, 0xA5D1, 0xA5B2, 0xA5D2,
    0xADD2, 0xA570, 0xA54F, 0xA5B0, 0xAE11, 0xA5F0, 0x95EE, 0xA58F,
    0xBD8F, 0xA56D, 0x8C89, 0xACCD, 0xA4AD, 0xACED, 0xACCE, 0xC570,
    0xCDCF, 0xC58E, 0xB50C, 0xA4CB, 0xB50D, 0xB4CC, 0xAC4C, 0xA44B,
    0x9C4B, 0x9C2B, 0x8BC9, 0x8369, 0x7B28, 0x72C7, 0x6A66, 0x5A25,
    0x5245, 0x4204, 0x41A3, 0x3922, 0x30E1, 0x1040, 0x1903, 0x1923,
    0x2164, 0x29E6, 0x3A67, 0x3247, 0x3AC8, 0x4B0B, 0x63AD, 0x6BCE,
    0x638C, 0x63CB, 0x640D, 0x6C4E, 0x744E, 0x74D0, 0x74AE, 0x7C6F,
    0x73AE, 0x73EE, 0x84D2, 0x8CD2, 0x84F2, 0x7D11, 0x74EF, 0x85AF,
    0x856F, 0x850F, 0x952F, 0x8D70, 0x8D51, 0x9DB2, 0x9593, 0xA593,
    0xA593, 0x9D91, 0xA5B2, 0xA592, 0xA5B2, 0xA5D3, 0xA5D3, 0xAE35,
    0xB635, 0xB614, 0xBE16, 0xBE15, 0xBE75, 0xBE95, 0xBE95, 0xD6F7,
    0xCE76, 0xCE13, 0xC653, 0xADEF, 0xADEF, 0xCE52, 0xCDD1, 0xC613,
    0xD693, 0xCE6E, 0xB56C, 0xA4EC, 0xA4EB, 0xB4ED, 0xAC8C, 0xB46E,
    0xAC8C, 0xB4EE, 0xACED, 0xB4CD, 0xA48C, 0x940A, 0x93CA, 0x8B6A,
    0x7B08, 0x7AE8, 0x62A7, 0x5A66, 0x51E4, 0x4983, 0x3121, 0x20A0,
    0x0820, 0x2164, 0x31E6, 0x3A48, 0x3AA9, 0x4289, 0x42CA, 0x52EC,
    0x5B2D, 0x5B8C, 0x5BED, 0x5C0E, 0x8533, 0x74D0, 0x7510, 0x7D51,
    0x74B0, 0x7C71, 0x7CD1, 0x9DF5, 0x8D94, 0x7D12, 0x6C90, 0x748F,
    0x7D10, 0x84EE, 0x848E, 0x7CAE, 0x7CEF, 0x8572, 0x8D11, 0x9573,
    0x9592, 0x9590, 0x9D32, 0xA5D3, 0xA614, 0x9DF4, 0xA5F4, 0x9DB3,
    0xA593, 0xBDD5, 0xBE15, 0xB5F6, 0xB615, 0xBE96, 0xC6F7, 0xBE95,
    0xC675, 0xCE96, 0xCE95, 0xCE95, 0xDE75, 0xDED7, 0xD6F7, 0xD6D7,
    0xD6D7, 0xCE74, 0xCE52, 0xB56E, 0x9C8A, 0xB52E, 0xA4CB, 0xA48B,
    0xBCCE, 0xB48E, 0xB4AE, 0xACCE, 0xC54F, 0xC52E, 0xBD0E, 0xB4CD,
    0xAC8D, 0xA44B, 0x9C2B, 0x8BCA, 0x8369, 0x7B28, 0x6AC7, 0x5A45,
    0x41C4, 0x2101, 0x1880, 0x0820, 0x1944, 0x2165, 0x29A6, 0x3207,
    0x4289, 0x4B0B, 0x5BED, 0x63EE, 0x5BCD, 0x6C8F, 0x6CAF, 0x6C2F,
    0x742F, 0x7C50, 0x7C51, 0x7CD0, 0x8532, 0x7D11, 0x64D0, 0x7D72,
    0x85F4, 0x9636, 0x9593, 0x95D4, 0x9655, 0x9616, 0x9E16, 0xAEB6,
    0x9632, 0x95B2, 0x9DB1, 0x9D32, 0x9551, 0x9573, 0x9D72, 0x9D12,
    0xAD74, 0xB5B4, 0xB635, 0xAE55, 0xAE96, 0xAE95, 0xBED6, 0xC717,
    0xB654, 0xB551, 0xC5D4, 0xC655, 0xBE15, 0xCE96, 0xD73A, 0xDF5B,
    0xDEF8, 0xD6D7, 0xDEF8, 0xCDD3, 0xC5B1, 0xC570, 0xBD4F, 0xAD2E,
    0xCDB1, 0xCD71, 0xC591, 0xB54F, 0xCD70, 0xCD4F, 0xBCEE, 0xBD4E,
    0xBD6E, 0xB50D, 0xB4ED, 0xB4EE, 0xB4AD, 0x9C2B, 0x8BCA, 0x8369,
    0x8369, 0x72E7, 0x62A6, 0x5225, 0x3962, 0x20C1, 0x0820, 0x1924,
    0x2165, 0x29C6, 0x2A27, 0x3268, 0x3A69, 0x42AA, 0x52EC, 0x532C,
    0x5B4D, 0x634D, 0x5B8D, 0x6C4F, 0x5C0E, 0x5BAD, 0x6C0F, 0x642E,
    0x74D1, 0x6C32, 0x74D2, 0x6C90, 0x8532, 0x9636, 0x9DD5, 0x9573,
    0x9552, 0x8D11, 0x8510, 0x9572, 0x9D94, 0x9DF5, 0x9DD4, 0xAE76,
    0xAE36, 0xA676, 0xB6D7, 0xBF17, 0xAED6, 0xB6D6, 0xB6D5, 0xAE75,
    0xB635, 0xB5D4, 0xC5B5, 0xCDF5, 0xC635, 0xCED7, 0xC654, 0xCE96,
    0xCE97, 0xD6D6, 0xE738, 0xDF18, 0xDED7, 0xDED6, 0xDEB6, 0xDE96,
    0xCE14, 0xC5B2, 0xBDB1, 0xC5B0, 0xBDAF, 0xC5B0, 0xC570, 0xCD70,
    0xBD8E, 0xB56E, 0xB52D, 0xBD8F, 0xBD6E, 0xB50D, 0xB4AD, 0xA44C,
    0x9C2B, 0x93CA, 0x7B28, 0x72E8, 0x72E8, 0x6AA7, 0x5A05, 0x3942,
    0x1080, 0x0000, 0x1104, 0x1924, 0x1945, 0x1986, 0x21C7, 0x2A28,
    0x2A48, 0x3AAA, 0x42A9, 0x532A, 0x538C, 0x63CE, 0x6C0F, 0x6C0F,
    0x742D, 0x7C6F, 0x7C91, 0x84F0, 0x8D10, 0x8D12, 0x8DB4, 0x8DF4,
    0x7593, 0x8572, 0x8D72, 0x8572, 0x8571, 0x85B2, 0x9612, 0x8571,
    0x8D93, 0x95B4, 0x9E35, 0x9EB7, 0x9E76, 0x9DD3, 0xA615, 0xADF5,
    0xA5B4, 0xADB4, 0xC5B4, 0xBD53, 0xBD93, 0xBE14, 0xC695, 0xBE74,
    0xC614, 0xBE14, 0xCE96, 0xC695, 0xCE75, 0xD635, 0xEEF9, 0xE6F9,
    0xD674, 0xDEF7, 0xCE54, 0xCE33, 0xD654, 0xD613, 0xC591, 0xB510,
    0xCDF2, 0xD633, 0xBD90, 0xC5B1, 0xC571, 0xB4CD, 0xBCED, 0xBCED,
    0xBCAD, 0xB48D, 0xA44C, 0x9C0B, 0x8369, 0x7308, 0x72C8, 0x6267,
    0x5A25, 0x49E4, 0x3162, 0x1881, 0x0000, 0x10C3, 0x1924, 0x1944,
    0x2185, 0x3207, 0x3207, 0x3A47, 0x42CA, 0x4B0A, 0x536C, 0x53AC,
    0x53ED, 0x644E, 0x6C6E, 0x5BED, 0x5B6D, 0x5B4C, 0x5B0B, 0x52CB,
    0x4ACA, 0x52C9, 0x4AC9, 0x4287, 0x4B29, 0x3AC8, 0x6BCE, 0x7C0F,
    0x73CD, 0x63ED, 0x642E, 0x6C4E, 0x5C0C, 0x6CAF, 0x7C0D, 0x94AF,
    0x94F0, 0x94EF, 0x9D10, 0xA592, 0x9D52, 0x9D92, 0x9DB2, 0xB634,
    0xADB3, 0xBDB4, 0xBDF4, 0xB5F5, 0xC614, 0xBE13, 0xBDF3, 0xC614,
    0xBD91, 0xBDF2, 0xBE32, 0xB5D1, 0xC634, 0xCE75, 0xCE75, 0xC654,
    0xC675, 0xC635, 0xD676, 0xCDD2, 0xC5D1, 0xCD91, 0xC550, 0xBCCE,
    0xB4AD, 0xA48C, 0xAC8D, 0xA48D, 0x8C0A, 0x8BCA, 0x938A, 0x7B08,
    0x6A86, 0x6A66, 0x5204, 0x51E4, 0x49A3, 0x3943, 0x20A1, 0x0820,
    0x1924, 0x2144, 0x2185, 0x3227, 0x3248, 0x3268, 0x4AEA, 0x4B0A,
    0x532B, 0x5B2B, 0x5B6C, 0x63CE, 0x6C0E, 0x6BCE, 0x746F, 0x74F0,
    0x5C6E, 0x5C4E, 0x536B, 0x538C, 0x532C, 0x52EC, 0x5B2D, 0x534C,
    0x4B4C, 0x5BED, 0x5BED, 0x63CD, 0x5B2B, 0x7C6F, 0x84B0, 0x8D11,
    0x9573, 0x8532, 0x9635, 0x9635, 0x9E16, 0xA636, 0xA614, 0xAE15,
    0xAE15, 0xADF4, 0xB676, 0xB655, 0xBE56, 0xB614, 0xBDF5, 0xBDF4,
    0xC675, 0xC613, 0xC674, 0xCE95, 0xBE74, 0xD6B5, 0xCE95, 0xD696,
    0xCE75, 0xC614, 0xC614, 0xCE35, 0xCDF3, 0xCD71, 0xC550, 0xBD4E,
    0xBD4F, 0xAD2E, 0x946C, 0xACEF, 0xA48D, 0x8BA9, 0x93CA, 0x8B6A,
    0x7B28, 0x7B07, 0x7AE7, 0x5224, 0x41C4, 0x49C5, 0x49C4, 0x4163,
    0x3921, 0x1880, 0x0820, 0x1944, 0x2A06, 0x2A26, 0x3227, 0x3A47,
    0x4AC9, 0x42A9, 0x42CA, 0x534B, 0x5B6C, 0x640E, 0x638D, 0x530A,
    0x5BCC, 0x63EE, 0x740F, 0x7C4F, 0x84D2, 0x8CF4, 0x8CD3, 0x9614,
    0x8652, 0x9651, 0xAE92, 0x85B0, 0x9DF1, 0x95B1, 0x9613, 0x9E54,
    0x95B2, 0x95F3, 0xA697, 0x9676, 0x9EB8, 0xA678, 0xAE55, 0xAE55,
    0xB635, 0xBE56, 0xB635, 0xB655, 0xAE55, 0xA634, 0xBE55, 0xC675,
    0xC6B6, 0xCE96, 0xC696, 0xC6B5, 0xD6D7, 0xDED8, 0xE6D8, 0xE698,
    0xD678, 0xDEB8, 0xCE13, 0xC591, 0xCDD2, 0xCD90, 0xCE12, 0xC651,
    0xCEB2, 0xBE30, 0xCDD2, 0xB4EF, 0xAC8E, 0xAC6E, 0x9BEB, 0x93AA,
    0x938A, 0x8B49, 0x7B28, 0x7AC8, 0x62A7, 0x62C7, 0x5266, 0x41E4,
    0x4183, 0x3121, 0x4162, 0x4162, 0x1860, 0x0820, 0x18E3, 0x2104,
    0x2965, 0x29C5, 0x3207, 0x3A48, 0x3A88, 0x42CA, 0x4B0A, 0x434A,
    0x4B2B, 0x63EE, 0x640E, 0x640E, 0x6C2E, 0x640D, 0x648D, 0x5CAC,
    0x4C09, 0x648C, 0x7CEE, 0x7C4E, 0x7C2F, 0x7C6F, 0x8490, 0x848F,
    0x84AF, 0x8CCF, 0x8D10, 0x8CF0, 0x84AF, 0x9490, 0x94CF, 0x94AF,
    0x9D51, 0xAE14, 0x9D72, 0x9531, 0x9D52, 0xA635, 0xC6F8, 0xCEF9,
    0xD6F9, 0xD719, 0xD6F9, 0xCEB7, 0xCEF7, 0xD719, 0xCEB8, 0xD6D8,
    0xD6D8, 0xD6B7, 0xDEF8, 0xD6B7, 0xCE54, 0xBE13, 0xB5D2, 0xA5B0,
    0x8D91, 0xB5B2, 0xB4F1, 0xAC30, 0xB42E, 0xB44F, 0xBCAE, 0xBD0E,
    0x9C4B, 0xA3EB, 0x8328, 0x7B28, 0x8349, 0x8328, 0x6287, 0x5286,
    0x5A64, 0x6244, 0x5A44, 0x4941, 0x30C0, 0x4162, 0x28C1, 0x1000,
    0x0000, 0x1985, 0x21C6, 0x19A5, 0x3247, 0x3A89, 0x42A9, 0x4B2B,
    0x42C9, 0x4AE9, 0x534B, 0x536B, 0x7CD1, 0x6BEE, 0x6BAE, 0x742F,
    0x740E, 0x8471, 0x8CB2, 0x8491, 0x7C71, 0x7450, 0x7C70, 0x748E,
    0x7CEE, 0x8510, 0x7D11, 0x8531, 0x74D0, 0x74CF, 0x84EF, 0x8550,
    0x8D31, 0x8531, 0x9DB3, 0x9D13, 0x94D2, 0xAE36, 0xAE56, 0xC6B8,
    0xBE57, 0xC617, 0xC677, 0xD6F8, 0xC6B6, 0xCED7, 0xDF3A, 0xBEB6,
    0xCE96, 0xE719, 0xD6B7, 0xC6B6, 0xC6F7, 0xC6F7, 0xB655, 0xADB1,
    0xB5F3, 0xCE34, 0xBD10, 0xCD31, 0xD573, 0xACCE, 0xA48E, 0xA48F,
    0xA42D, 0x944C, 0x944C, 0xA4AE, 0xA46D, 0x9BEB, 0x8B69, 0x7AE8,
    0x7307, 0x7AE6, 0x9368, 0x6285, 0x6265, 0x72A7, 0x5225, 0x39A4,
    0x4143, 0x3102, 0x2080, 0x0020, 0x2144, 0x21A5, 0x31E7, 0x29C6,
    0x3227, 0x3A68, 0x4289, 0x530A, 0x5B4B, 0x532B, 0x7470, 0x74F1,
    0x644F, 0x7490, 0x74F1, 0x7550, 0x6CCE, 0x74EE, 0x75D0, 0x75EF,
    0x7D70, 0x750F, 0x7D51, 0x74D1, 0x74AF, 0x8591, 0x8DD2, 0x9551,
    0x9DB3, 0x9592, 0x9531, 0xA5D4, 0x95D3, 0x9E35, 0x9EF5, 0xA6D5,
    0xA655, 0x9DB3, 0x9D92, 0x95D1, 0x8D6F, 0x8D4E, 0xA5D0, 0xA611,
    0x9DD0, 0xBE33, 0xCE13, 0xCE53, 0xBE74, 0xC6F6, 0xB674, 0xAE32,
    0xBE33, 0xBDD2, 0xC5F2, 0xC5F2, 0xC5D2, 0xBDF1, 0xAE31, 0xBEB3,
    0xBE72, 0xBE51, 0xAD0D, 0x9C6B, 0xA4AD, 0xB4CE, 0x9C4B, 0x940B,
    0x8B89, 0x7B29, 0x72C7, 0x72C5, 0x6AA6, 0x62A6, 0x6265, 0x6A86,
    0x6266, 0x4A25, 0x5A86, 0x41E4, 0x41E4, 0x3962, 0x0020, 0x08A2,
    0x1943, 0x29C5, 0x29A6, 0x3A28, 0x42A8, 0x52EA, 0x52EA, 0x532B,
    0x4AEA, 0x5B4C, 0x534B, 0x53AC, 0x542D, 0x5C0B, 0x4B6A, 0x42A9,
    0x3A8A, 0x4A8B, 0x42AA, 0x53EE, 0x4B2B, 0x5B6C, 0x636C, 0x73EE,
    0x6B6C, 0x634C, 0x73EE, 0x5B8B, 0x742D, 0x84CF, 0x746F, 0x6BCC,
    0x7C4E, 0x848F, 0x73CC, 0x6BEC, 0x844D, 0x6BA9, 0x73EA, 0x8C4C,
    0x946E, 0x8CAE, 0x84EF, 0x8D0E, 0x84AD, 0x7C6C, 0x8C8E, 0x8CCE,
    0xB592, 0xB531, 0xB591, 0xAD71, 0xA551, 0x9D50, 0xAD70, 0xA590,
    0xB5D0, 0xB550, 0xACEF, 0xB54F, 0xB52E, 0xAD0D, 0xAD4E, 0xA4ED,
    0xA46C, 0x93CA, 0x93AA, 0x8B69, 0x7AE8, 0x72C7, 0x72C7, 0x72C7,
    0x6AC7, 0x6A86, 0x6266, 0x6245, 0x5A45, 0x4244, 0x4A03, 0x3141,
    0x28C1, 0x1840, 0x10E3, 0x2145, 0x2165, 0x29C6, 0x2A06, 0x3268,
    0x3A89, 0x3288, 0x4AEA, 0x42EA, 0x4289, 0x530A, 0x63AD, 0x4A68,
    0x4A68, 0x4A69, 0x4A88, 0x52CA, 0x5AEA, 0x5B2B, 0x4AEB, 0x5B0B,
    0x634C, 0x632B, 0x5B6C, 0x6C2E, 0x5BAC, 0x430A, 0x536C, 0x5BAE,
    0x53EE, 0x53CD, 0x5BCC, 0x430A, 0x63ED, 0x6C4E, 0x53AD, 0x8470,
    0x8C70, 0x7BEE, 0x6B8C, 0x63EC, 0x644E, 0x7C4D, 0x742D, 0x84AF,
    0x7CCF, 0x84AE, 0x94CF, 0x73CB, 0x7B8B, 0x8C4E, 0x8C4C, 0xAC8F,
    0x9C4D, 0xA42E, 0x93AD, 0x832A, 0x93AB, 0x9B6B, 0x9C4E, 0xA4AD,
    0x8B89, 0xA42C, 0xA44D, 0x93EC, 0x93AB, 0x938A, 0x7B48, 0x83AA,
    0x7B49, 0x72E8, 0x6AC7, 0x6AA7, 0x6A87, 0x6AA6, 0x6264, 0x6245,
    0x51E4, 0x4121, 0x38A0, 0x2020, 0x0820, 0x1944, 0x29A6, 0x21A5,
    0x4269, 0x3A67, 0x3A47, 0x4289, 0x42A9, 0x4AEA, 0x538B, 0x64F1,
    0x64B0, 0x5C0E, 0x53CD, 0x4B4B, 0x532B, 0x53AD, 0x5BED, 0x4BCC,
    0x4BED, 0x4BAB, 0x4BAC, 0x542D, 0x4C4D, 0x4C0C, 0x5C4E, 0x644E,
    0x7CD1, 0x6C8F, 0x642E, 0x6C0F, 0x6C0E, 0x8D12, 0x63EE, 0x742F,
    0x7470, 0x6BCD, 0x6C0C, 0x642B, 0x750F, 0x9550, 0x9D10, 0x9531,
    0x8CEF, 0x642C, 0x7C4D, 0x7C4D, 0x846D, 0x944C, 0x9C8D, 0xA46E,
    0x940C, 0x83CB, 0x9CAF, 0x9C4F, 0x9C4F, 0x9CF0, 0xC696, 0xBE75,
    0x9D2F, 0x8BA9, 0x9C4D, 0xAC6E, 0x93AC, 0x83CB, 0xA48D, 0xB48C,
    0x93A9, 0x93CA, 0x83CA, 0x7B69, 0x6AE7, 0x6B07, 0x62C6, 0x72A6,
    0x6A65, 0x6A25, 0x59C4, 0x49A3, 0x30E1, 0x38E2, 0x1000, 0x0000,
    0x1124, 0x1945, 0x1945, 0x21A6, 0x29E7, 0x3A69, 0x3A89, 0x534B,
    0x5B8C, 0x538C, 0x5B0C, 0x62EC, 0x5B4D, 0x7C31, 0x6491, 0x74F0,
    0x74F0, 0x644F, 0x7491, 0x84B1, 0x9573, 0x95F4, 0x9DD5, 0xAE57,
    0xCEDA, 0xAE35, 0xAE15, 0xBDF5, 0xBE56, 0xCF5A, 0xD7BC, 0xAE38,
    0xA5D8, 0xAE7A, 0xB658, 0xA512, 0xA5B4, 0xB615, 0x9D51, 0xA4AF,
    0x94EF, 0x6C4C, 0x63AA, 0x84CE, 0x7CEE, 0x7CCD, 0x7C8D, 0x9D30,
    0x9CEF, 0xA510, 0x9CCF, 0x9D0F, 0x8CAD, 0x94AD, 0x9D0F, 0xA5B1,
    0xBE34, 0xC615, 0xAE33, 0x9E12, 0x9D6F, 0xA50D, 0xACEE, 0x944B,
    0x9BC9, 0x9BC9, 0x9BCC, 0x93AB, 0x93CA, 0x93AC, 0x8B6B, 0x7B09,
    0x72E6, 0x72A6, 0x6287, 0x59C5, 0x5A05, 0x4183, 0x2922, 0x2902,
    0x20C1, 0x1060, 0x0000, 0x1944, 0x2165, 0x3207, 0x3206, 0x2A06,
    0x42A9, 0x4AEA, 0x5B4B, 0x534B, 0x5B8D, 0x63CF, 0x642F, 0x53CE,
    0x5BCF, 0x538D, 0x5BAD, 0x5BEE, 0x5BAE, 0x7490, 0x8D53, 0x9594,
    0x8D12, 0x9573, 0x8551, 0x8DF3, 0x9633, 0x9633, 0x96B6, 0x8E74,
    0x8E54, 0x9676, 0x7DF4, 0x9ED8, 0xAF9B, 0xA739, 0x9F39, 0x9F5B,
    0xA6D9, 0xAE57, 0xBE76, 0xD71B, 0xCF1B, 0xCEF9, 0xB636, 0xCE99,
    0xD6D9, 0xCE98, 0xC678, 0xB676, 0xD719, 0xD6F9, 0xCED8, 0xE77A,
    0xE7BB, 0xEFFD, 0xEFDD, 0xDF39, 0xCEB5, 0xBE31, 0xA52E, 0xCE12,
    0xA52E, 0xACEF, 0xBD70, 0xBD90, 0x8C6C, 0xA4CE, 0xC54F, 0x9C4C,
    0x83AB, 0x940C, 0x52A7, 0x4A26, 0x7268, 0x5A67, 0x5A66, 0x6287,
    0x5205, 0x2941, 0x2900, 0x0820, 0x1040, 0x0800, 0x2185, 0x29A6,
    0x3206, 0x4288, 0x4B0A, 0x4B0A, 0x4B0A, 0x530B, 0x5B8C, 0x640D,
    0x642F, 0x5C0F, 0x6CCF, 0x750F, 0x85D0, 0x5CAC, 0x5C8C, 0x85AF,
    0x6D0C, 0x74EE, 0x7D2F, 0x7CAE, 0x7C8F, 0x7C4F, 0x848F, 0x740D,
    0x848D, 0x84AF, 0x7C4E, 0x6C0C, 0x848E, 0x8CD0, 0x94D0, 0x8CF0,
    0x84F0, 0x9DD4, 0xB5B2, 0xBE13, 0xCEF7, 0xD779, 0xC759, 0xE77A,
    0xF77C, 0xEFBB, 0xE7B9, 0xDF98, 0xCF97, 0xE7DB, 0xEFBB, 0xDF79,
    0xEFDC, 0xE79C, 0xE77B, 0xDF39, 0xDEF8, 0xD6F8, 0xE719, 0xEF19,
    0xF73B, 0xD616, 0xCE35, 0xC615, 0xBDF2, 0xAD4E, 0xC5B1, 0xBD6F,
    0xA4ED, 0xB510, 0xAC8D, 0x9C0C, 0x93CB, 0x8B8B, 0x8BAB, 0x8BA9,
    0x72E7, 0x72E8, 0x7267, 0x6A46, 0x49C3, 0x3142, 0x20E1, 0x2080,
    0x0800, 0x2165, 0x29C6, 0x3207, 0x31E7, 0x3A69, 0x42EA, 0x4B2B,
    0x538C, 0x534C, 0x42EC, 0x5B6E, 0x42CD, 0x42AC, 0x4AED, 0x532D,
    0x740F, 0x5B4D, 0x4B4C, 0x5BAD, 0x5BCD, 0x6C2E, 0x6C2D, 0x6C2D,
    0x6C8E, 0x6C2D, 0x84D0, 0x746F, 0x7CAF, 0x8530, 0x8572, 0x74F0,
    0x74D0, 0x7CF1, 0x8511, 0x7CD1, 0x8513, 0x8D72, 0x74D0, 0x6C2F,
    0x744D, 0x5328, 0x84EE, 0x648C, 0x8D6F, 0xB674, 0xC695, 0xD6F8,
    0xD719, 0xE75C, 0xDF3A, 0xDF38, 0xDF39, 0xDF18, 0xD718, 0xDF38,
    0xDF18, 0xDF39, 0xDF19, 0xDF5A, 0xE7DC, 0xDF18, 0xCEB4, 0xCE73,
    0xCE31, 0xCDD1, 0xC5B0, 0xBD6F, 0xC530, 0xB4EF, 0xACCE, 0xACAE,
    0x8C4C, 0x8C0B, 0x8C2B, 0x8389, 0x7328, 0x62C7, 0x5A86, 0x5225,
    0x3963, 0x3122, 0x18A1, 0x0800, 0x2165, 0x2185, 0x3206, 0x3A68,
    0x3A28, 0x4288, 0x4B2B, 0x4B8C, 0x4BAC, 0x63EE, 0x5C0F, 0x53CE,
    0x53AD, 0x4B6C, 0x53AC, 0x642E, 0x63CD, 0x534B, 0x5BAC, 0x5BAC,
    0x5B4B, 0x63CD, 0x63CC, 0x638C, 0x5BAC, 0x4AE8, 0x4AA7, 0x63CA,
    0x63A9, 0x6C2C, 0x6C4E, 0x6C8E, 0x748F, 0x746F, 0x744F, 0x742F,
    0x6BEE, 0x6BCD, 0x642E, 0x740F, 0x8450, 0x746E, 0x6C6D, 0x7BEE,
    0x8C2F, 0x94B1, 0xB594, 0xC636, 0xCED8, 0xDEF9, 0xCE55, 0xD6B6,
    0xDEB7, 0xD6D7, 0xD6D6, 0xD6F7, 0xD6D6, 0xD6D7, 0xDEB6, 0xD6B5,
    0xD695, 0xC674, 0xD695, 0xD673, 0xCE32, 0xD673, 0xCE12, 0xBD90,
    0xBD50, 0xBD30, 0xAD0E, 0xA4AD, 0x9C4C, 0x8BEB, 0x83CB, 0x7B69,
    0x7308, 0x62A7, 0x5226, 0x4183, 0x3102, 0x1860, 0x0800, 0x29A5,
    0x3207, 0x3A27, 0x3A48, 0x4A89, 0x4ACA, 0x4248, 0x4268, 0x42A9,
    0x4B0A, 0x534B, 0x536B, 0x534B, 0x4B0A, 0x430B, 0x434B, 0x53AC,
    0x536C, 0x4B4B, 0x6C6E, 0x6CCF, 0x5C2D, 0x640D, 0x644E, 0x6CB0,
    0x7511, 0x74F1, 0x6C70, 0x6C2D, 0x6C4E, 0x6C0E, 0x746F, 0x7C8F,
    0x742E, 0x6C2D, 0x740E, 0x7C51, 0x84CF, 0x9531, 0x8D10, 0x8D11,
    0x9DB3, 0xAE54, 0xB6F7, 0xA717, 0xB6F8, 0xD7BB, 0xD758, 0xD737,
    0xCEF7, 0xBE96, 0xBE56, 0xBE35, 0xBE35, 0xCE95, 0xD695, 0xCE95,
    0xD6B7, 0xDE96, 0xCE34, 0xCE13, 0xCE54, 0xCE54, 0xCE33, 0xD6B4,
    0xCE33, 0xD612, 0xC5D0, 0xB56F, 0xB54F, 0xACED, 0xA4CD, 0x9C8C,
    0x940B, 0x8389, 0x7B28, 0x6AC7, 0x6286, 0x5A05, 0x4183, 0x28E1,
    0x1880, 0x0800, 0x31C6, 0x31E6, 0x3227, 0x3A48, 0x3A48, 0x4ACA,
    0x42AA, 0x4B0B, 0x4B0A, 0x42E9, 0x4AEA, 0x532C, 0x5B6C, 0x5B6C,
    0x4B0A, 0x4AEA, 0x532B, 0x42A8, 0x4B0A, 0x42EA, 0x4ACA, 0x534B,
    0x53AC, 0x53AC, 0x532B, 0x532B, 0x63EE, 0x538A, 0x5B6B, 0x7C6F,
    0x746E, 0x740E, 0x84B0, 0x8CD0, 0x94F1, 0x8D10, 0x9DB2, 0x9551,
    0x7C8E, 0x9D30, 0xA4F0, 0xB552, 0xC5F5, 0xB614, 0xD6B8, 0xC6B8,
    0xC698, 0xCE76, 0xC634, 0xCE97, 0xD6F8, 0xCE56, 0xD694, 0xD695,
    0xC653, 0xBE73, 0xD6D5, 0xCE53, 0xCE11, 0xBD70, 0xB50F, 0xA48D,
    0xB52F, 0xBD50, 0xCDB1, 0xC5B1, 0xB54E, 0xAD0D, 0xACEE, 0xA4AD,
    0x9C6C, 0x8C0A, 0x7388, 0x8369, 0x7B28, 0x62A6, 0x5205, 0x49E4,
    0x41A3, 0x3943, 0x30E1, 0x1860, 0x0800, 0x2144, 0x31C6, 0x3207,
    0x3227, 0x42A9, 0x42EA, 0x4B2A, 0x534B, 0x534C, 0x5B8C, 0x5BAD,
    0x6410, 0x6C10, 0x6C11, 0x7471, 0x6C0F, 0x63CE, 0x63CE, 0x5BEE,
    0x53CE, 0x646E, 0x648F, 0x5C4E, 0x5C6E, 0x646E, 0x644E, 0x6C8F,
    0x7D10, 0x8552, 0x7D10, 0x8531, 0x7CF0, 0x8D31, 0x9532, 0x8CF0,
    0x9531, 0x84B1, 0x9DB3, 0x95B3, 0xA5F3, 0xB614, 0xADD2, 0xAE13,
    0xB5F2, 0xBD91, 0xBDD2, 0xC5D2, 0xB5B1, 0xB5D1, 0xAD91, 0x950E,
    0xB5F2, 0xA5B0, 0xB5B0, 0xB56F, 0xB5B0, 0xC5D2, 0xB52F, 0x946A,
    0x9C49, 0xACAD, 0x9C4B, 0xACCD, 0xB4EE, 0xA48C, 0xB48C, 0xA42B,
    0x9C0C, 0x9C0C, 0x8B8A, 0x7308, 0x8368, 0x8348, 0x72E7, 0x6286,
    0x6267, 0x49A4, 0x41A4, 0x49A4, 0x4143, 0x30C1, 0x1860, 0x0800,
  };

  // sclera_texture (128x64 px, RGB565 angle-major: T[angle*64+radius])
  const uint16_t sclera_texture[8192] PROGMEM = {
    0x3A08, 0x8C72, 0xB5D9, 0xC67B, 0xD71C, 0xDF1C, 0xDEBB, 0xDEDB,
    0xE77D, 0xEF9E, 0xEF9E, 0xF79E, 0xEF5C, 0xEF7D, 0xF7DE, 0xF7DE,
    0xF7DE, 0xF7BD, 0xF79C, 0xF7BD, 0xF79C, 0xF75A, 0xF73A, 0xEF3A,
    0xEF19, 0xEEF9, 0xEED8, 0xE6B8, 0xE676, 0xDE55, 0xDE35, 0xDE14,
    0xD5D3, 0xD5B2, 0xCD91, 0xCD51, 0xC510, 0xC4EF, 0xBCAF, 0xBC8E,
    0xB44D, 0xB40C, 0xABEB, 0xABAB, 0xA36A, 0xA349, 0x9B08, 0x9AC7,
    0x9286, 0x8A46, 0x8A25, 0x89E4, 0x81C4, 0x81A4, 0x8183, 0x7963,
    0x7942, 0x7942, 0x7942, 0x7942, 0x7942, 0x7942, 0x7942, 0x7942,
    0x4228, 0x8453, 0xAD56, 0xCE59, 0xDF1D, 0xE73D, 0xE6DB, 0xEFBE,
    0xEFBF, 0xEF9E, 0xF7BE, 0xF79E, 0xF7BE, 0xF79D, 0xF77C, 0xF7BD,
    0xF7BD, 0xF79C, 0xF77B, 0xF79D, 0xF79C, 0xF77B, 0xEF3A, 0xEF3A,
    0xEF19, 0xEED8, 0xEED8, 0xE6B7, 0xE696, 0xDE55, 0xDE34, 0xDDF3,
    0xD5B2, 0xD591, 0xCD51, 0xCD30, 0xC510, 0xC4CF, 0xBC8E, 0xBC6D,
    0xB42C, 0xB40C, 0xABEB, 0xABAA, 0xA38A, 0xA349, 0x9B08, 0x9AC8,
    0x92A7, 0x9266, 0x8A26, 0x8A05, 0x81E4, 0x81A4, 0x8183, 0x7963,
    0x7962, 0x7942, 0x7942, 0x7942, 0x7942, 0x7942, 0x7942, 0x7942,
    0x4229, 0x8C93, 0xADB8, 0xD69B, 0xE71C, 0xEF3D, 0xEF5C, 0xEF9E,
    0xF7BE, 0xF7BE, 0xF7BE, 0xFFDF, 0xFFDF, 0xFFDE, 0xF77D, 0xFF9D,
    0xFFFF, 0xF79D, 0xF7BC, 0xFFBD, 0xF79C, 0xF77C, 0xEF7B, 0xEF3A,
    0xEF19, 0xEEF9, 0xEED8, 0xE6B7, 0xE696, 0xDE76, 0xDE35, 0xDE15,
    0xD5F4, 0xD5B3, 0xCD72, 0xCD51, 0xC510, 0xC4CF, 0xBC8E, 0xBC6D,
    0xB42C, 0xB40C, 0xABCC, 0xABAB, 0xA36A, 0xA329, 0x9B08, 0x9AC7,
    0x92A7, 0x9266, 0x8A45, 0x8A05, 0x81E4, 0x81A4, 0x8183, 0x7963,
    0x7963, 0x7942, 0x7942, 0x7942, 0x7942, 0x7942, 0x7942, 0x7942,
    0x4249, 0x8493, 0xADF9, 0xCE9B, 0xEF5D, 0xEF3D, 0xEEFB, 0xF7BE,
    0xEF7E, 0xF79E, 0xF7BE, 0xF7DF, 0xFFDF, 0xFF9D, 0xFFBD, 0xF7BD,
    0xF7BD, 0xFFDE, 0xF7BD, 0xF79C, 0xF77C, 0xF75B, 0xF73A, 0xEF19,
    0xEF19, 0xEEF9, 0xE6D8, 0xE6B7, 0xE697, 0xDE76, 0xDE35, 0xDE14,
    0xD5D3, 0xD5B2, 0xCD72, 0xCD51, 0xC510, 0xC4CF, 0xBCAE, 0xBC8E,
    0xB46E, 0xB42D, 0xABEC, 0xABAB, 0xA38A, 0xA349, 0x9B09, 0x9AE8,
    0x92A7, 0x9287, 0x8A46, 0x8A05, 0x81E4, 0x81C4, 0x8183, 0x7983,
    0x7962, 0x7942, 0x7942, 0x7942, 0x7942, 0x7942, 0x7942, 0x7942,
    0x4249, 0x8473, 0xB61A, 0xCE9B, 0xE73D, 0xEF9E, 0xEF3D, 0xE6DA,
    0xF77D, 0xF7DF, 0xF7DF, 0xF7DE, 0xF7BE, 0xF77C, 0xFFBC, 0xFFBE,
    0xFF9C, 0xF79C, 0xFFBD, 0xF79C, 0xF77C, 0xF75A, 0xEF5A, 0xF73B,
    0xEF1A, 0xEF19, 0xEED9, 0xE6B8, 0xE697, 0xDE76, 0xDE35, 0xDE15,
    0xD5F4, 0xD5B3, 0xCD72, 0xCD51, 0xC531, 0xC4F0, 0xBCAF, 0xBC8E,
    0xB44D, 0xB42D, 0xABEC, 0xABAB, 0xA38A, 0xA34A, 0x9B09, 0x9AE8,
    0x92A7, 0x9287, 0x8A46, 0x8A25, 0x81E5, 0x81C4, 0x81A3, 0x7963,
    0x7963, 0x7942, 0x7942, 0x7942, 0x7942, 0x7942, 0x7942, 0x7942,
    0x4A8A, 0x94F6, 0xB5F9, 0xD6FC, 0xEF7E, 0xF79E, 0xF77D, 0xEF9E,
    0xEF3C, 0xEF1B, 0xF73C, 0xF73C, 0xF73B, 0xF77D, 0xF79C, 0xF77D,
    0xF77C, 0xF75B, 0xF71A, 0xF75A, 0xF79C, 0xF77C, 0xF75B, 0xF73A,
    0xEF1A, 0xEEF9, 0xE6D8, 0xE6B7, 0xE697, 0xE676, 0xDE35, 0xDE14,
    0xD5D3, 0xCD92, 0xCD72, 0xCD51, 0xC531, 0xC4F0, 0xBCAF, 0xBC8E,
    0xB44D, 0xB40C, 0xABEC, 0xABAB, 0xA38A, 0xA34A, 0x9B29, 0x9AE8,
    0x92A7, 0x9287, 0x8A46, 0x8A05, 0x81E5, 0x81C4, 0x7983, 0x7983,
    0x7963, 0x7942, 0x7942, 0x7942, 0x7942, 0x7942, 0x7942, 0x7942,
    0x3A08, 0x8472, 0xADB8, 0xCE9A, 0xE71C, 0xF79E, 0xF79E, 0xF79E,
    0xEF7D, 0xEF9E, 0xF6FB, 0xF6FA, 0xF7BE, 0xF79E, 0xFF7C, 0xF75B,
    0xF75B, 0xF75A, 0xF75A, 0xF73A, 0xF73A, 0xF73A, 0xF75B, 0xF73A,
    0xEF3A, 0xEF19, 0xEED8, 0xE6B8, 0xE697, 0xE676, 0xDE55, 0xDE15,
    0xD5D4, 0xD5B2, 0xCD72, 0xCD51, 0xC510, 0xC4EF, 0xBCAF, 0xBC6E,
    0xB44D, 0xB42D, 0xABEC, 0xABAB, 0xA38A, 0xA349, 0x9B09, 0x9AE8,
    0x92A7, 0x9266, 0x8A46, 0x8A05, 0x81E4, 0x81C4, 0x7983, 0x7963,
    0x7962, 0x7942, 0x7942, 0x7942, 0x7942, 0x7942, 0x7942, 0x7942,
    0x3A08, 0x8432, 0xADD9, 0xCE9B, 0xEF7E, 0xF79E, 0xEF5D, 0xEF7E,
    0xF7BE, 0xF7BE, 0xF77D, 0xF7DF, 0xFFFF, 0xFFDE, 0xFFDE, 0xFFBE,
    0xF79D, 0xF79C, 0xF77B, 0xF77B, 0xF75A, 0xF739, 0xEE77, 0xEDD5,
    0xE593, 0xEE35, 0xEEB7, 0xE676, 0xE676, 0xDE35, 0xDE34, 0xDE15,
    0xD5D4, 0xD5B3, 0xCD72, 0xCD71, 0xCD51, 0xC4F0, 0xBCCF, 0xBC8E,
    0xB44D, 0xB3EC, 0xABCB, 0xAB8A, 0xA36A, 0xA329, 0x9AE8, 0x9AC8,
    0x92A7, 0x9266, 0x8A26, 0x8A05, 0x81C4, 0x81A4, 0x7983, 0x7963,
    0x7942, 0x7942, 0x7942, 0x7942, 0x7942, 0x7942, 0x7942, 0x7942,
    0x3A28, 0x7C92, 0xB5FA, 0xCE9B, 0xE73D, 0xF7BF, 0xF7DF, 0xF79E,
    0xF7BE, 0xF7DF, 0xF7FF, 0xF77E, 0xF7BE, 0xFFFF, 0xFFFF, 0xFFFF,
    0xFFDE, 0xF7BD, 0xF79C, 0xF75B, 0xF71A, 0xF73B, 0xECF1, 0xEE13,
    0xF697, 0xE5B2, 0xE634, 0xDDD2, 0xDDD3, 0xDDB2, 0xD530, 0xD550,
    0xD510, 0xCCCF, 0xCCAE, 0xC40C, 0xC40C, 0xC44D, 0xBBEC, 0xB40C,
    0xB3EC, 0xABAB, 0xAB6A, 0xA329, 0xA2C8, 0x9AA7, 0x9AC7, 0x9286,
    0x9266, 0x9246, 0x8A05, 0x89E5, 0x81E4, 0x81A4, 0x7983, 0x7963,
    0x7962, 0x7942, 0x7942, 0x7942, 0x7942, 0x7942, 0x7942, 0x7942,
    0x4228, 0x8D35, 0xB61A, 0xC67A, 0xE73D, 0xEF5D, 0xEF5D, 0xF79E,
    0xF79E, 0xF77E, 0xF77D, 0xF79E, 0xF71C, 0xF679, 0xEE78, 0xF6B9,
    0xF698, 0xEE77, 0xEE56, 0xF676, 0xEE76, 0xEE76, 0xEED7, 0xEF39,
    0xEEF8, 0xEEB5, 0xE6B6, 0xE676, 0xDE14, 0xDDF3, 0xDDF3, 0xD5D3,
    0xD592, 0xCD71, 0xCD51, 0xC4F0, 0xC48E, 0xBC4D, 0xBC2D, 0xB3EC,
    0xB3CB, 0xABAB, 0xAB8A, 0xA36A, 0xA36A, 0xA34A, 0x9B09, 0x9AE8,
    0x92A7, 0x9287, 0x8A46, 0x8A05, 0x81E4, 0x81C4, 0x8183, 0x7963,
    0x7962, 0x7942, 0x7942, 0x7942, 0x7942, 0x7942, 0x7942, 0x7942,
    0x4A8A, 0x8452, 0xAD97, 0xC67B, 0xD6DB, 0xEF3C, 0xF79E, 0xF77D,
    0xEF7D, 0xF77D, 0xF73C, 0xF75C, 0xECD2, 0xE5B4, 0xFF7C, 0xF73A,
    0xF77C, 0xFF7B, 0xF79B, 0xF79C, 0xF739, 0xEF39, 0xEF19, 0xEEB6,
    0xEEF7, 0xE6F8, 0xE6D8, 0xE696, 0xE676, 0xDE56, 0xDE35, 0xD614,
    0xD5D3, 0xD5B2, 0xCD72, 0xCD52, 0xC531, 0xC4F0, 0xBCAF, 0xBC6E,
    0xB44D, 0xB42D, 0xABEC, 0xABAB, 0xA36A, 0xA329, 0x9AE8, 0x9AC7,
    0x9287, 0x8A66, 0x8A25, 0x8A05, 0x81E4, 0x81A4, 0x8183, 0x7963,
    0x7962, 0x7942, 0x7942, 0x7942, 0x7942, 0x7942, 0x7942, 0x7942,
    0x4249, 0x7C31, 0xA577, 0xBE39, 0xDEDC, 0xE75D, 0xEF5D, 0xF75C,
    0xF75C, 0xF79D, 0xF79D, 0xFF9D, 0xFFDE, 0xEDF7, 0xEDB4, 0xFFFD,
    0xF7BE, 0xF7BD, 0xF79D, 0xF73A, 0xF739, 0xEF3A, 0xEEF8, 0xEEF8,
    0xEF18, 0xE6D8, 0xE6B7, 0xE676, 0xDE55, 0xDE55, 0xDE14, 0xD5F4,
    0xD5B3, 0xCD92, 0xCD51, 0xC530, 0xC510, 0xC4EF, 0xBCAF, 0xBC8E,
    0xB44D, 0xB40C, 0xABEC, 0xABAB, 0xA38A, 0xA329, 0x9B08, 0x9AE8,
    0x92A7, 0x9286, 0x8A46, 0x8A05, 0x81E4, 0x81A4, 0x8183, 0x7963,
    0x7962, 0x7942, 0x7942, 0x7942, 0x7942, 0x7942, 0x7942, 0x7942,
    0x4248, 0x84F4, 0xAE1A, 0xC69B, 0xD6FC, 0xDF3D, 0xE73D, 0xE6FB,
    0xE6BA, 0xEEB9, 0xEE99, 0xEE78, 0xEE37, 0xEDD5, 0xF718, 0xFFBD,
    0xF73A, 0xF77A, 0xF75A, 0xF717, 0xF758, 0xF77B, 0xF77B, 0xEF5B,
    0xEF19, 0xE6D8, 0xE6B8, 0xE676, 0xDE35, 0xDE34, 0xDDF3, 0xD5D2,
    0xD5D3, 0xCD92, 0xCD72, 0xCD51, 0xC531, 0xC4F0, 0xBCAF, 0xBC8E,
    0xB44D, 0xB40C, 0xABEC, 0xABAB, 0xA38A, 0xA349, 0x9B09, 0x9AC8,
    0x92A7, 0x9266, 0x8A25, 0x8A05, 0x81E4, 0x81C4, 0x7983, 0x7963,
    0x7962, 0x7942, 0x7942, 0x7942, 0x7942, 0x7942, 0x7942, 0x7942,
    0x4207, 0x8472, 0xADF9, 0xC6BB, 0xDF5D, 0xE75D, 0xE73E, 0xDF1D,
    0xDF3E, 0xE71D, 0xEEDA, 0xEEDA, 0xF73B, 0xF79D, 0xF7BD, 0xF7BD,
    0xF77B, 0xF77B, 0xF79C, 0xF77B, 0xF77B, 0xF75A, 0xEF19, 0xEEF8,
    0xE6D7, 0xE697, 0xE697, 0xE696, 0xDE56, 0xDE55, 0xDE35, 0xD615,
    0xD5D3, 0xCD92, 0xCD72, 0xCD51, 0xC530, 0xC4F0, 0xBCAF, 0xB46D,
    0xB42D, 0xABEC, 0xABCB, 0xA38A, 0xA36A, 0xA329, 0x9AE8, 0x92C7,
    0x92A7, 0x8A66, 0x8A46, 0x8A05, 0x81E4, 0x81C4, 0x81A3, 0x7963,
    0x7962, 0x7942, 0x7942, 0x7942, 0x7942, 0x7942, 0x7942, 0x7942,
    0x4228, 0x84B3, 0xA5D8, 0xBE9A, 0xD73D, 0xE79E, 0xE79E, 0xEFBF,
    0xEF9F, 0xEF9E, 0xFFDE, 0xFFDE, 0xFFFF, 0xF7BE, 0xF79D, 0xF79D,
    0xF77C, 0xF77C, 0xF77A, 0xF75A, 0xF75A, 0xF739, 0xEF18, 0xEF19,
    0xEEF9, 0xE6F8, 0xE6D8, 0xE697, 0xDE76, 0xD635, 0xD614, 0xD614,
    0xD5D3, 0xCDB3, 0xCD92, 0xC531, 0xC4EF, 0xBCAE, 0xB46D, 0xB44D,
    0xB42D, 0xAC0C, 0xABEB, 0xABAB, 0xA36A, 0x9B29, 0x9B08, 0x92C8,
    0x92A7, 0x9286, 0x8A46, 0x8A25, 0x81E4, 0x81C4, 0x81A3, 0x7963,
    0x7962, 0x7942, 0x7942, 0x7942, 0x7942, 0x7942, 0x7942, 0x7942,
    0x4249, 0x9514, 0xA619, 0xC69B, 0xDF3D, 0xE77E, 0xEF9E, 0xEF9E,
    0xEFDF, 0xEF9F, 0xEF7E, 0xF7BE, 0xF79E, 0xF79D, 0xFF9D, 0xF77C,
    0xF79B, 0xF79C, 0xF79C, 0xF79C, 0xF79C, 0xEF5A, 0xEF5A, 0xEF3A,
    0xE719, 0xE6F9, 0xE6D8, 0xE697, 0xDE75, 0xD614, 0xD5B3, 0xD5B2,
    0xCDB2, 0xCD71, 0xCD30, 0xC4EF, 0xBCCE, 0xBCCE, 0xBCAF, 0xB48E,
    0xB44D, 0xB40C, 0xABCB, 0xA38A, 0xA36A, 0x9B29, 0x9B08, 0x9AC7,
    0x92A7, 0x9266, 0x8A45, 0x8A05, 0x81E5, 0x81C4, 0x81A3, 0x7963,
    0x7962, 0x7942, 0x7942, 0x7942, 0x7942, 0x7942, 0x7942, 0x7942,
    0x4248, 0x8CD4, 0xAE39, 0xBE9A, 0xD73C, 0xDF7D, 0xE75D, 0xE75D,
    0xE75D, 0xEF7E, 0xE71D, 0xE75D, 0xEF9E, 0xEF9E, 0xF7BE, 0xF79D,
    0xEF7D, 0xF79D, 0xF79C, 0xF77C, 0xF77B, 0xF75A, 0xEF18, 0xDE96,
    0xE6D7, 0xE6B7, 0xE6B7, 0xDE56, 0xDE35, 0xD5F4, 0xCDD3, 0xD5D3,
    0xCDB2, 0xCD71, 0xC530, 0xC530, 0xC50F, 0xBCCF, 0xBC8E, 0xB46D,
    0xB42C, 0xAC0C, 0xABCB, 0xA38A, 0xA36A, 0x9B49, 0x9B08, 0x92C8,
    0x92A7, 0x9286, 0x8A45, 0x8A25, 0x81E4, 0x81C4, 0x79A3, 0x7963,
    0x7963, 0x7942, 0x7942, 0x7942, 0x7942, 0x7942, 0x7942, 0x7942,
    0x4228, 0x8CF4, 0xAE39, 0xC6BB, 0xDEFC, 0xE73D, 0xE71C, 0xE73C,
    0xDF1C, 0xE79D, 0xE6BC, 0xDEFC, 0xEF9E, 0xF7BE, 0xF7DE, 0xF7DE,
    0xF7BD, 0xF7BD, 0xEF9D, 0xF77C, 0xF77B, 0xEF3A, 0xEF19, 0xE6B8,
    0xDE76, 0xE696, 0xDE56, 0xDE14, 0xD5D3, 0xD614, 0xD5F4, 0xCDB3,
    0xCDB2, 0xCD71, 0xC530, 0xC510, 0xC4EF, 0xBCCF, 0xBC8E, 0xB44D,
    0xB42C, 0xAC0B, 0xABCB, 0xABAA, 0xA36A, 0xA349, 0x9B08, 0x9AE8,
    0x92A7, 0x9286, 0x8A46, 0x8A05, 0x81E4, 0x81C4, 0x8183, 0x7963,
    0x7962, 0x7942, 0x7942, 0x7942, 0x7942, 0x7942, 0x7942, 0x7942,
    0x4248, 0x8CB2, 0xADF8, 0xBE59, 0xD6DB, 0xE73C, 0xE73C, 0xE6FB,
    0xE71C, 0xE75D, 0xDEFC, 0xE75D, 0xE77D, 0xEF5D, 0xF77D, 0xF79D,
    0xEF7C, 0xEF7B, 0xF79C, 0xF7BD, 0xEF7B, 0xEF5A, 0xE71A, 0xE6F9,
    0xE6D8, 0xDE56, 0xD614, 0xD5F2, 0xD614, 0xD614, 0xD5F3, 0xCDD3,
    0xCD92, 0xCD51, 0xC530, 0xC510, 0xC4EF, 0xBCCE, 0xBC8D, 0xB44D,
    0xB42C, 0xAC0B, 0xABCB, 0xA3AA, 0xA36A, 0xA329, 0x9AE8, 0x9AC7,
    0x92A7, 0x9266, 0x8A45, 0x8A05, 0x81E4, 0x81C4, 0x81A3, 0x7983,
    0x7962, 0x7942, 0x7942, 0x7942, 0x7942, 0x7942, 0x7942, 0x7942,
    0x4228, 0x84D3, 0xAE3A, 0xC69A, 0xD6FB, 0xE73D, 0xE75D, 0xEF3C,
    0xE69A, 0xEF9E, 0xE5F8, 0xD5B6, 0xE6BA, 0xE71B, 0xE75C, 0xE73B,
    0xEF5B, 0xEF7C, 0xEF5B, 0xEF3A, 0xEF3A, 0xEF3A, 0xEF19, 0xE6D8,
    0xE677, 0xDE56, 0xDE14, 0xD634, 0xD635, 0xD614, 0xD5F4, 0xD5B3,
    0xCD72, 0xCD71, 0xC551, 0xC530, 0xC4EF, 0xBCCE, 0xBCAE, 0xB46D,
    0xB42C, 0xABEB, 0xABCA, 0xAB8A, 0xA369, 0xA328, 0x9B08, 0x9AE7,
    0x92A7, 0x9286, 0x8A45, 0x8A25, 0x81E4, 0x81C4, 0x81A3, 0x7983,
    0x7962, 0x7942, 0x7942, 0x7942, 0x7942, 0x7942, 0x7942, 0x7942,
    0x4228, 0x84B2, 0xADF8, 0xC69B, 0xDF1C, 0xE79D, 0xE79E, 0xEF5D,
    0xEF7E, 0xE5F8, 0xDD55, 0xE6BA, 0xE75D, 0xE6DB, 0xE6FA, 0xE73B,
    0xE71B, 0xE6FA, 0xE6F9, 0xEF1A, 0xE6D8, 0xE6D8, 0xE6B8, 0xE677,
    0xE676, 0xDDF4, 0xD5D3, 0xDE55, 0xDE34, 0xD5F4, 0xD5F4, 0xD5D3,
    0xD5B2, 0xCD51, 0xCD50, 0xC530, 0xC4EF, 0xBCCF, 0xBC8E, 0xBC4D,
    0xB40C, 0xABEB, 0xABCB, 0xABAA, 0xA38A, 0xA349, 0x9B08, 0x9AE8,
    0x92A7, 0x9286, 0x8A46, 0x8A25, 0x81E4, 0x81C4, 0x81A3, 0x7983,
    0x7963, 0x7942, 0x7942, 0x7942, 0x7942, 0x7942, 0x7942, 0x7942,
    0x4248, 0x8CF3, 0xB638, 0xCEDB, 0xDEFC, 0xE71C, 0xE75C, 0xEF7D,
    0xEF7E, 0xDE5A, 0xE6BA, 0xE6BB, 0xE699, 0xEF5B, 0xE71B, 0xE75C,
    0xE71B, 0xE6DA, 0xE6D9, 0xE6F9, 0xE73A, 0xE6F9, 0xE6F9, 0xE6F9,
    0xE6D8, 0xDEB7, 0xDE15, 0xDDD4, 0xD5D3, 0xD5D2, 0xD5B2, 0xD5B2,
    0xD5B2, 0xCD51, 0xCD10, 0xC50F, 0xC4EF, 0xBCAE, 0xBC6D, 0xB44D,
    0xB42C, 0xAC0C, 0xABCB, 0xABAA, 0xA369, 0x9B49, 0x9B08, 0x9AC7,
    0x92A7, 0x9286, 0x8A45, 0x8A05, 0x81E4, 0x81C4, 0x81A3, 0x7983,
    0x7963, 0x7942, 0x7942, 0x7942, 0x7942, 0x7942, 0x7942, 0x7942,
    0x4A68, 0x8D34, 0xB638, 0xCEDB, 0xDF1B, 0xDF3C, 0xEF5C, 0xEF5C,
    0xE6FC, 0xE69A, 0xEF7C, 0xEF7D, 0xE6DB, 0xE6BA, 0xE618, 0xE6FA,
    0xEF9D, 0xE73B, 0xE6FA, 0xDE98, 0xE6B8, 0xE698, 0xDE77, 0xE677,
    0xE697, 0xDE97, 0xDE97, 0xDE36, 0xDE15, 0xD5F4, 0xD5B3, 0xCD71,
    0xCD30, 0xC4EF, 0xC4EF, 0xC50F, 0xC4EF, 0xBCCE, 0xBCAE, 0xB46D,
    0xB42C, 0xB40C, 0xABCB, 0xAB8A, 0xA369, 0xA348, 0x9B08, 0x92C7,
    0x92A6, 0x9286, 0x8A45, 0x8A05, 0x81E4, 0x81A3, 0x7983, 0x7963,
    0x7942, 0x7942, 0x7942, 0x7942, 0x7942, 0x7942, 0x7942, 0x7942,
    0x4A69, 0x84B3, 0xB618, 0xC6BA, 0xD6DB, 0xE75C, 0xE75C, 0xEF7D,
    0xEF5C, 0xE69A, 0xEF1B, 0xEF1B, 0xE6FB, 0xE699, 0xE679, 0xE617,
    0xE678, 0xE73B, 0xE73B, 0xE73B, 0xE6FA, 0xE6D9, 0xE698, 0xDE77,
    0xDE56, 0xDE15, 0xDDF5, 0xDE14, 0xD614, 0xD5D3, 0xD5D3, 0xCD92,
    0xCD51, 0xC50F, 0xC4CE, 0xC50F, 0xC4EF, 0xBCAE, 0xBC8E, 0xB46D,
    0xB42C, 0xABEB, 0xABCB, 0xA3AA, 0xA369, 0x9B28, 0x9B08, 0x92C7,
    0x9286, 0x8A45, 0x8A05, 0x81E4, 0x81C4, 0x81A3, 0x7983, 0x7963,
    0x7962, 0x7942, 0x7942, 0x7942, 0x7942, 0x7942, 0x7942, 0x7942,
    0x4228, 0x8C92, 0xB638, 0xC6BA, 0xDF1B, 0xE73C, 0xE75C, 0xEF7D,
    0xEF3C, 0xE6BA, 0xE6FB, 0xEF1B, 0xE6DB, 0xE6DA, 0xEEBA, 0xDDB6,
    0xE616, 0xDDF6, 0xDE57, 0xDE77, 0xDE98, 0xDEB8, 0xDE98, 0xDE98,
    0xDE97, 0xDE56, 0xDE36, 0xD5D4, 0xD5F3, 0xD614, 0xD5D3, 0xD5B3,
    0xCD72, 0xC4EF, 0xC48D, 0xC4AE, 0xC4CF, 0xBC8E, 0xB44D, 0xB40C,
    0xABCB, 0xAB8A, 0xA349, 0x9B08, 0x9B08, 0x9AC7, 0x9286, 0x9246,
    0x8A25, 0x8A25, 0x8A05, 0x81C4, 0x81A4, 0x8183, 0x7983, 0x7963,
    0x7942, 0x7942, 0x7942, 0x7942, 0x7942, 0x7942, 0x7942, 0x7942,
    0x4249, 0x8CF3, 0xB659, 0xCEBA, 0xDEFB, 0xE75C, 0xEF7D, 0xEF5C,
    0xEF7D, 0xEEBA, 0xE6BA, 0xE6DB, 0xE699, 0xE6DA, 0xE6DA, 0xE698,
    0xE637, 0xDD94, 0xDE16, 0xD5D5, 0xD573, 0xD5B4, 0xD5D5, 0xD552,
    0xD572, 0xD5F4, 0xD5D3, 0xD572, 0xCCF0, 0xCD30, 0xCD10, 0xCC8E,
    0xC46D, 0xC44D, 0xC42D, 0xBC4D, 0xBC4D, 0xBC4C, 0xB40C, 0xB3EB,
    0xAB6A, 0xA308, 0x9AC7, 0x9AA7, 0x9246, 0x9266, 0x9286, 0x9286,
    0x9266, 0x8A45, 0x89E4, 0x8183, 0x8183, 0x7983, 0x7963, 0x7963,
    0x7942, 0x7942, 0x7942, 0x7942, 0x7942, 0x7942, 0x7942, 0x7942,
    0x4A6A, 0x9514, 0xBE59, 0xCEFB, 0xE75C, 0xE77D, 0xEF7D, 0xEF7D,
    0xF79D, 0xEF3C, 0xE659, 0xE699, 0xE6BA, 0xE6BA, 0xE638, 0xE657,
    0xE6B9, 0xE6B9, 0xE6B9, 0xDED9, 0xDED9, 0xDE16, 0xD5B4, 0xD5F5,
    0xD552, 0xD531, 0xD552, 0xCD31, 0xCD31, 0xCD10, 0xC4CF, 0xC4AE,
    0xC44C, 0xBBCB, 0xBBEB, 0xBBCB, 0xB38A, 0xAB29, 0xAB29, 0xAB49,
    0xAB6A, 0xA329, 0xA329, 0x9AE8, 0x9AA7, 0x9AC7, 0x9A87, 0x9225,
    0x8A05, 0x89E4, 0x81C4, 0x81C4, 0x81C4, 0x8183, 0x7963, 0x7963,
    0x7942, 0x7942, 0x7942, 0x7942, 0x7942, 0x7942, 0x7942, 0x7942,
    0x4A49, 0x9514, 0xBE59, 0xD71C, 0xDF3C, 0xEF9E, 0xF7BE, 0xEF7E,
    0xE6FC, 0xE6DB, 0xF77D, 0xF77D, 0xEF1C, 0xE699, 0xDE78, 0xE6FA,
    0xE6FA, 0xDED9, 0xDEDA, 0xE6D9, 0xDEB8, 0xDED9, 0xDEB8, 0xD636,
    0xD677, 0xD615, 0xCDB4, 0xC531, 0xC511, 0xC531, 0xC510, 0xC4F0,
    0xC4CF, 0xBCAE, 0xBC4D, 0xB40C, 0xB3CB, 0xB3AB, 0xAB6A, 0xA309,
    0xAB29, 0xA309, 0xA2E8, 0x9AA7, 0x9A66, 0x9A66, 0x9246, 0x9246,
    0x8A45, 0x8A05, 0x89E4, 0x81C4, 0x81A3, 0x8183, 0x7983, 0x7963,
    0x7942, 0x7942, 0x7942, 0x7942, 0x7942, 0x7942, 0x7942, 0x7942,
    0x3A28, 0x9555, 0xBE59, 0xCE59, 0xDEFB, 0xE71B, 0xE6DB, 0xEF5C,
    0xF7BE, 0xF7BE, 0xF77D, 0xF77D, 0xEF3C, 0xEF3C, 0xEF1B, 0xDEB9,
    0xDEB8, 0xDE98, 0xDE77, 0xDE77, 0xD677, 0xD677, 0xD677, 0xD635,
    0xCDF4, 0xD5F5, 0xCDB3, 0xCD72, 0xC511, 0xC4F0, 0xC46E, 0xBBEC,
    0xBC4D, 0xBC6E, 0xB42D, 0xB42D, 0xB44D, 0xB42D, 0xB40D, 0xB3CC,
    0xA308, 0xAB29, 0xA2C8, 0x9A87, 0x9AA7, 0x9287, 0x92A7, 0x9266,
    0x9246, 0x8A25, 0x81C4, 0x81A3, 0x81A3, 0x8183, 0x7963, 0x7963,
    0x7942, 0x7142, 0x7942, 0x7942, 0x7942, 0x7942, 0x7942, 0x7942,
    0x3A48, 0x9D15, 0xB5F7, 0xC678, 0xD69A, 0xD6DB, 0xE75C, 0xEF7D,
    0xEF7D, 0xEFBE, 0xF7BE, 0xF7BE, 0xEFBE, 0xF79E, 0xEF9D, 0xEF9D,
    0xE77C, 0xE71B, 0xDEFA, 0xDED9, 0xD678, 0xD656, 0xD636, 0xD615,
    0xCDF4, 0xCDB3, 0xCD93, 0xCD93, 0xC572, 0xC552, 0xBCD0, 0xBC6E,
    0xBC4D, 0xBC2D, 0xB42D, 0xB42D, 0xB42D, 0xB40C, 0xB3EC, 0xABAB,
    0xAB6A, 0xA308, 0xA349, 0xA36A, 0xA329, 0x9B08, 0x9286, 0x9245,
    0x9246, 0x89E4, 0x89E4, 0x81C4, 0x81A3, 0x8183, 0x7963, 0x7942,
    0x7942, 0x7942, 0x7942, 0x7942, 0x7942, 0x7942, 0x7942, 0x7942,
    0x39E7, 0x8CF3, 0xBE38, 0xC638, 0xD679, 0xE71B, 0xE75C, 0xE77C,
    0xEF9D, 0xEFBE, 0xEFBE, 0xEFBE, 0xF7DF, 0xEFDE, 0xEFDE, 0xEFBD,
    0xE79D, 0xE77C, 0xE75C, 0xE73B, 0xDF1A, 0xDED9, 0xDEB8, 0xD677,
    0xD656, 0xCDF4, 0xCDB3, 0xCD93, 0xC4F0, 0xC4D0, 0xC4F0, 0xBCD0,
    0xBCCF, 0xBC8E, 0xBC4D, 0xB3EC, 0xB3CC, 0xABAB, 0xB3CB, 0xABCB,
    0xAB8A, 0xA329, 0xA308, 0x9AE7, 0x9AC7, 0x9266, 0x9245, 0x9245,
    0x8A25, 0x8A05, 0x81C4, 0x8183, 0x8183, 0x7983, 0x7963, 0x7963,
    0x7942, 0x7942, 0x7942, 0x7942, 0x7942, 0x7942, 0x7942, 0x7942,
    0x31A6, 0x8CF3, 0xAE38, 0xC658, 0xCEDA, 0xDF3C, 0xE75C, 0xE79D,
    0xEF9E, 0xEFBE, 0xEFBE, 0xEFDF, 0xEFDF, 0xEFDE, 0xEFBE, 0xE7BE,
    0xE79D, 0xE79D, 0xE77C, 0xE75C, 0xE73B, 0xE71A, 0xE6F9, 0xDE98,
    0xD656, 0xCE15, 0xCDF5, 0xCDB3, 0xC593, 0xC552, 0xBCCF, 0xBC8E,
    0xBC6E, 0xBC0D, 0xBC2D, 0xB42D, 0xB44D, 0xB44D, 0xB40C, 0xABEB,
    0xAB8A, 0xAB8A, 0xA349, 0xA2A7, 0x9225, 0x9266, 0x9A86, 0x9225,
    0x89E4, 0x89E4, 0x81C4, 0x81A4, 0x8183, 0x7983, 0x7963, 0x7963,
    0x7942, 0x7942, 0x7942, 0x7942, 0x7942, 0x7942, 0x7942, 0x7942,
    0x29A6, 0x84B2, 0xB5F7, 0xBE79, 0xD6DA, 0xDF1B, 0xE77C, 0xE75C,
    0xE75C, 0xE79C, 0xEFBE, 0xEFBE, 0xEFDE, 0xEFDE, 0xE7DE, 0xEFDE,
    0xEFBE, 0xEFBD, 0xEFBD, 0xEF9D, 0xEF9C, 0xEF7C, 0xE73A, 0xE6F9,
    0xD6B8, 0xD698, 0xCE16, 0xCD93, 0xC531, 0xBCCF, 0xBCAE, 0xC4CF,
    0xBC8E, 0xBC6D, 0xBC4D, 0xBC6E, 0xBC8E, 0xB42C, 0xABCB, 0xAB8A,
    0xA348, 0xABAB, 0xA329, 0x9AA7, 0x9AC7, 0x9AC7, 0x9286, 0x9245,
    0x89E4, 0x8A05, 0x89E4, 0x81A3, 0x81A3, 0x7983, 0x7963, 0x7963,
    0x7942, 0x7942, 0x7942, 0x7942, 0x7942, 0x7942, 0x7942, 0x7942,
    0x2985, 0x7C71, 0xBE18, 0xBE58, 0xD6DA, 0xDF1B, 0xE75C, 0xEF5C,
    0xEF7C, 0xE75C, 0xEF9D, 0xEF9D, 0xE79D, 0xEFBE, 0xEFDE, 0xEFBE,
    0xEFBD, 0xEFBD, 0xEFBD, 0xE79D, 0xE79C, 0xE75B, 0xDEF9, 0xD677,
    0xDE77, 0xD656, 0xD615, 0xCDD3, 0xCD51, 0xC510, 0xC551, 0xC551,
    0xC530, 0xBCEF, 0xBCAE, 0xBC8D, 0xB44D, 0xB40C, 0xB3EB, 0xABCB,
    0xA2E8, 0xA2C6, 0xA2C7, 0x9AE7, 0xA308, 0x9AA7, 0x9266, 0x9245,
    0x9245, 0x8A05, 0x81C4, 0x81C4, 0x81A3, 0x7963, 0x7963, 0x7963,
    0x7942, 0x7942, 0x7942, 0x7942, 0x7942, 0x7942, 0x7942, 0x7942,
    0x3A06, 0x8CD4, 0xB5F7, 0xBE37, 0xD6B9, 0xE75C, 0xEF5C, 0xEF7D,
    0xEF9E, 0xEF9D, 0xEF5C, 0xEF9D, 0xEF7D, 0xEF9D, 0xEF7C, 0xEF7C,
    0xE77C, 0xE75C, 0xE75B, 0xE73B, 0xDED9, 0xDED9, 0xDEF9, 0xD697,
    0xD676, 0xD615, 0xCDD3, 0xCD92, 0xC550, 0xC5B2, 0xCDB3, 0xC572,
    0xC592, 0xC531, 0xBCF0, 0xBCCF, 0xB48E, 0xB40B, 0xB3EA, 0xB3AA,
    0xAB08, 0x9A65, 0x9AA7, 0x9AC7, 0x9A86, 0x9A66, 0x9245, 0x9245,
    0x9225, 0x8A05, 0x89E4, 0x81C4, 0x81A3, 0x7983, 0x7963, 0x7963,
    0x7942, 0x7942, 0x7942, 0x7942, 0x7942, 0x7942, 0x7942, 0x7942,
    0x39E7, 0x9492, 0xB5B5, 0xBDB5, 0xD698, 0xE6FA, 0xEF3B, 0xEF5C,
    0xEF7C, 0xEF7C, 0xEF7C, 0xEF5C, 0xEF3B, 0xEF3B, 0xEF7B, 0xEF7C,
    0xEF3B, 0xE71A, 0xE77B, 0xE73A, 0xE75B, 0xE73A, 0xDE77, 0xD5D4,
    0xD5F4, 0xD5D3, 0xCDD3, 0xCDD3, 0xCDF4, 0xCE15, 0xCDD4, 0xC592,
    0xC572, 0xC4EF, 0xBCAE, 0xBCCE, 0xB40B, 0xAB89, 0xABAA, 0xABAA,
    0xAB49, 0xAB69, 0xA308, 0xA2C7, 0x9A66, 0x9245, 0x9245, 0x9224,
    0x8A04, 0x89E4, 0x81C4, 0x81A3, 0x8183, 0x7963, 0x7963, 0x7942,
    0x7942, 0x7942, 0x7942, 0x7942, 0x7942, 0x7942, 0x7942, 0x7942,
    0x31C6, 0x94B2, 0xBD75, 0xC5B5, 0xDEB9, 0xE6DA, 0xEEFB, 0xEF3B,
    0xEF7C, 0xEF3C, 0xEF3B, 0xEF5C, 0xEF7C, 0xEF7C, 0xE77B, 0xEF9D,
    0xE79C, 0xE79C, 0xDE98, 0xDE97, 0xDE77, 0xDE56, 0xD635, 0xDEB8,
    0xDEF9, 0xDED8, 0xDE97, 0xD676, 0xD656, 0xCE35, 0xCDD4, 0xCD92,
    0xC551, 0xBD30, 0xBCCE, 0xB3EA, 0xBC2B, 0xB48D, 0xB44D, 0xABCB,
    0xABCB, 0xABCA, 0xA3AA, 0xA349, 0xA308, 0x9AE7, 0x9AA7, 0x9286,
    0x9266, 0x8A25, 0x81E4, 0x81C4, 0x81A3, 0x7983, 0x7963, 0x7962,
    0x7942, 0x7942, 0x7942, 0x7942, 0x7942, 0x7942, 0x7942, 0x7942,
    0x3A07, 0xA534, 0xC618, 0xC617, 0xDE9A, 0xEF1B, 0xEF5C, 0xF75C,
    0xEF3C, 0xF73C, 0xEF9D, 0xEFBE, 0xF7FF, 0xEFDD, 0xEFDE, 0xE6FA,
    0xD677, 0xEF3B, 0xCDD5, 0xDE57, 0xE71A, 0xE71A, 0xDEB8, 0xE6D8,
    0xDE97, 0xD676, 0xD655, 0xD635, 0xD5F4, 0xCDB2, 0xCD92, 0xC551,
    0xC4EF, 0xBCAE, 0xBC4D, 0xBBEB, 0xBBEB, 0xB3CA, 0xB3EB, 0xB3EB,
    0xABCB, 0xAB8A, 0xAB69, 0xA349, 0xA308, 0x9AC7, 0x9AA7, 0x9286,
    0x9266, 0x8A25, 0x89E4, 0x81A3, 0x81A3, 0x7983, 0x7983, 0x7963,
    0x7942, 0x7942, 0x7942, 0x7942, 0x7942, 0x7942, 0x7942, 0x7942,
    0x3A08, 0xA555, 0xC5F7, 0xC5D6, 0xE6D9, 0xEEFB, 0xF73B, 0xF75C,
    0xF75C, 0xF77C, 0xF77C, 0xF75C, 0xEF5C, 0xEF9C, 0xEF5B, 0xE6B8,
    0xEF1A, 0xE6B8, 0xE719, 0xE75A, 0xE719, 0xE6D8, 0xDE97, 0xDE97,
    0xDE77, 0xD655, 0xD635, 0xD614, 0xCDF3, 0xCDB2, 0xCD71, 0xC510,
    0xC4CF, 0xBC8E, 0xBC6D, 0xBC6D, 0xBC4D, 0xB42C, 0xB42C, 0xB42C,
    0xABEB, 0xABCB, 0xABAA, 0xA369, 0xA349, 0x9B08, 0x9AC7, 0x92A6,
    0x9245, 0x8A25, 0x89E4, 0x81A3, 0x81A3, 0x8183, 0x7963, 0x7942,
    0x7942, 0x7942, 0x7942, 0x7942, 0x7942, 0x7942, 0x7942, 0x7942,
    0x4A49, 0xA514, 0xC617, 0xCDF7, 0xE6DA, 0xEF5C, 0xEF7D, 0xF79D,
    0xF79D, 0xF75C, 0xF75C, 0xF75C, 0xEF5B, 0xEF3A, 0xEF19, 0xEF5A,
    0xE6F9, 0xE71A, 0xE6F9, 0xDEF9, 0xDEF9, 0xDED8, 0xDE97, 0xDEB7,
    0xDE97, 0xDE76, 0xDE56, 0xD635, 0xD615, 0xD5F4, 0xCDD3, 0xCD92,
    0xC571, 0xC510, 0xBD10, 0xBCCE, 0xBCAE, 0xB48E, 0xB44D, 0xB42C,
    0xAC0B, 0xABCB, 0xA38A, 0xA369, 0x9B08, 0x9AE7, 0x9AC7, 0x9286,
    0x9225, 0x89E4, 0x89E4, 0x81C4, 0x81A3, 0x8183, 0x7963, 0x7942,
    0x7942, 0x7942, 0x7942, 0x7942, 0x7942, 0x7942, 0x7942, 0x7942,
    0x4A69, 0xA514, 0xC5F6, 0xCE38, 0xDEB9, 0xEF1B, 0xF77C, 0xF77C,
    0xF73C, 0xEF1B, 0xEF3B, 0xEF5B, 0xEF5C, 0xEF7C, 0xE75B, 0xE71A,
    0xE75B, 0xE75B, 0xE73A, 0xDEF9, 0xDEB8, 0xDE97, 0xDE97, 0xDDF5,
    0xDE35, 0xD655, 0xD614, 0xCE14, 0xD614, 0xD5D3, 0xCDB3, 0xCD92,
    0xC551, 0xC510, 0xC4CF, 0xBCAE, 0xBCAE, 0xB44C, 0xB40B, 0xB40C,
    0xABCB, 0xABAA, 0xA369, 0xA307, 0x9AE7, 0x9AC7, 0x9AC7, 0x9286,
    0x9245, 0x8A05, 0x81C4, 0x81C3, 0x8183, 0x7963, 0x7963, 0x7942,
    0x7942, 0x7942, 0x7942, 0x7942, 0x7942, 0x7942, 0x7942, 0x7942,
    0x4A6A, 0xB5B6, 0xC5B6, 0xCDB6, 0xDE58, 0xE6DA, 0xEF1A, 0xEF3B,
    0xEF3B, 0xEF3B, 0xEF7C, 0xEF7C, 0xE75B, 0xE77C, 0xEF7B, 0xE73A,
    0xE71A, 0xE75B, 0xE73A, 0xE719, 0xDE35, 0xD5B3, 0xDE15, 0xD5D3,
    0xD5F4, 0xDE55, 0xDE35, 0xD614, 0xD5D3, 0xCDD2, 0xCD71, 0xC550,
    0xC550, 0xC551, 0xC510, 0xBCF0, 0xBCCF, 0xB48E, 0xB44D, 0xB3EB,
    0xABAA, 0xA369, 0xA369, 0xA349, 0x9AE7, 0x9A86, 0x9265, 0x9265,
    0x9225, 0x8A04, 0x81A3, 0x8183, 0x8183, 0x7963, 0x7963, 0x7962,
    0x7942, 0x7942, 0x7942, 0x7942, 0x7942, 0x7942, 0x7942, 0x7942,
    0x52AA, 0xB575, 0xC575, 0xC5B6, 0xD658, 0xE6DA, 0xEEFB, 0xE6FB,
    0xEF3C, 0xEF5C, 0xE75C, 0xEF5D, 0xEF7D, 0xEF7C, 0xEF7C, 0xEF9C,
    0xEF3A, 0xE6F9, 0xE719, 0xE6D9, 0xDEB7, 0xD656, 0xDE97, 0xDEB8,
    0xDE96, 0xDE55, 0xDE14, 0xD5F3, 0xCD92, 0xCD51, 0xC50F, 0xC4CE,
    0xC4CE, 0xBCAE, 0xBCCE, 0xBC6D, 0xABEB, 0xAB8A, 0xAB29, 0x9AC7,
    0xA2C6, 0x9AC6, 0x9A85, 0x9A65, 0x9A66, 0x9A66, 0x9245, 0x9225,
    0x9225, 0x8A04, 0x89E4, 0x81C4, 0x81A4, 0x8183, 0x7963, 0x7962,
    0x7942, 0x7942, 0x7942, 0x7942, 0x7942, 0x7942, 0x7942, 0x7942,
    0x528A, 0xB576, 0xC617, 0xC5B6, 0xD679, 0xE71B, 0xE6FA, 0xE71B,
    0xE71C, 0xE73C, 0xE73C, 0xE75C, 0xE71B, 0xE73B, 0xEF5B, 0xE75B,
    0xEF9B, 0xE73A, 0xE739, 0xE73A, 0xE719, 0xDEF9, 0xDEB8, 0xDE76,
    0xDE96, 0xDE35, 0xD5D3, 0xD5F3, 0xD5B2, 0xCD92, 0xCD92, 0xCD71,
    0xCD50, 0xC510, 0xBCCF, 0xB46D, 0xB40C, 0xAB4A, 0xA2E7, 0xAB28,
    0x9A86, 0x9A66, 0x9A45, 0x9A25, 0x9AA7, 0x9A66, 0x9A86, 0x9266,
    0x9225, 0x8A25, 0x8A05, 0x89E4, 0x81C4, 0x8183, 0x7963, 0x7962,
    0x7942, 0x7942, 0x7942, 0x7942, 0x7942, 0x7942, 0x7942, 0x7942,
    0x5ACB, 0xAD55, 0xC5F7, 0xCE37, 0xCE58, 0xE6B9, 0xDE58, 0xDEFB,
    0xE75C, 0xE6FA, 0xE73B, 0xE75B, 0xE73B, 0xE75C, 0xE77C, 0xEF5C,
    0xEF5B, 0xE75B, 0xE6F9, 0xDEB8, 0xDEB8, 0xDEB7, 0xDE96, 0xDE96,
    0xDE76, 0xDE55, 0xD614, 0xCDD2, 0xD614, 0xCDB2, 0xD5B3, 0xCD92,
    0xCD91, 0xC571, 0xC531, 0xC510, 0xBCAE, 0xB3AB, 0xA308, 0xAB69,
    0xB3CB, 0xAB8A, 0xA328, 0xA2C7, 0xA328, 0x9B08, 0x9AC7, 0x92A7,
    0x9266, 0x9246, 0x8A25, 0x89E4, 0x81C4, 0x81A3, 0x7983, 0x7962,
    0x7942, 0x7942, 0x7942, 0x7942, 0x7942, 0x7942, 0x7942, 0x7942,
    0x5B0C, 0xADB7, 0xC618, 0xCE39, 0xD69A, 0xD638, 0xE6BA, 0xDEBA,
    0xE71B, 0xE71B, 0xE71B, 0xE71B, 0xEF5B, 0xE71B, 0xE73B, 0xE73B,
    0xE71A, 0xE6F9, 0xE6F8, 0xDE55, 0xDE56, 0xDEB7, 0xDE76, 0xD656,
    0xD634, 0xD5F3, 0xD5F3, 0xD5D3, 0xD5B2, 0xD5D3, 0xCDB2, 0xCD92,
    0xCD71, 0xC550, 0xBD10, 0xBCCF, 0xBCAE, 0xABAB, 0xAB69, 0xB40C,
    0xABAA, 0xA369, 0xA369, 0xA36A, 0x9B29, 0x9B08, 0x9AE8, 0x92A7,
    0x9286, 0x9266, 0x8A25, 0x8A05, 0x81C4, 0x81A4, 0x8183, 0x7963,
    0x7942, 0x7942, 0x7942, 0x7942, 0x7942, 0x7942, 0x7942, 0x7942,
    0x5ACB, 0xB575, 0xC5F7, 0xCDF7, 0xD699, 0xDE59, 0xDE9A, 0xE6DA,
    0xE69A, 0xE6DA, 0xE6DB, 0xE71B, 0xE73B, 0xE73B, 0xE71B, 0xE71A,
    0xE6F9, 0xE6F9, 0xE6F9, 0xE6D9, 0xDE77, 0xDE56, 0xD635, 0xDE56,
    0xD656, 0xD676, 0xD636, 0xD5F4, 0xDE14, 0xD613, 0xD5D2, 0xD5D2,
    0xCD71, 0xC4CF, 0xC46D, 0xBC6D, 0xBC8D, 0xBC6D, 0xA2E7, 0xA2E7,
    0xABCB, 0xA38A, 0xA369, 0xA328, 0x9B28, 0x9B08, 0x9AE8, 0x92C7,
    0x9286, 0x8A66, 0x8A25, 0x8A04, 0x81C4, 0x81A3, 0x8183, 0x7963,
    0x7942, 0x7942, 0x7942, 0x7942, 0x7942, 0x7942, 0x7942, 0x7942,
    0x5AEB, 0xA534, 0xC618, 0xCE58, 0xD658, 0xE69A, 0xDE99, 0xE6DB,
    0xE6DB, 0xE6DB, 0xEF3C, 0xEEFB, 0xE6FB, 0xEF3B, 0xE6DA, 0xE6D9,
    0xE6F9, 0xE6F9, 0xE6B8, 0xE6B8, 0xDEB8, 0xDED8, 0xDEB8, 0xD698,
    0xD656, 0xCD71, 0xCDF4, 0xD5D3, 0xCC0B, 0xCC6C, 0xCD10, 0xCCEF,
    0xCCEE, 0xC3AB, 0xC44C, 0xC40C, 0xB38A, 0xB3AA, 0xA286, 0xA2C6,
    0xAB8A, 0xAB8A, 0xA369, 0xA329, 0x9B28, 0x9B08, 0x9AC7, 0x92A7,
    0x9286, 0x8A46, 0x8A25, 0x8A05, 0x81E4, 0x81A3, 0x8183, 0x7962,
    0x7942, 0x7942, 0x7942, 0x7942, 0x7942, 0x7942, 0x7942, 0x7942,
    0x52CB, 0xAD75, 0xC638, 0xCE59, 0xDEFC, 0xE6DB, 0xDE7A, 0xE6DB,
    0xE6DB, 0xE6FB, 0xEF3C, 0xEF3C, 0xEEDB, 0xE6DA, 0xE6B9, 0xDE99,
    0xDEB9, 0xDE37, 0xDE98, 0xE6D9, 0xDEB8, 0xDE56, 0xDE56, 0xD655,
    0xD656, 0xCCAF, 0xC3AA, 0xCCCF, 0xCCAF, 0xC3AA, 0xC42B, 0xCCCE,
    0xC48D, 0xC40C, 0xBBCB, 0xBCCE, 0xBC6D, 0xB3AA, 0xAB69, 0xB38A,
    0xAB89, 0xAB8A, 0xA369, 0xA348, 0x9B28, 0x9AE8, 0x9AC7, 0x9286,
    0x9246, 0x8A25, 0x8A04, 0x89E4, 0x81C4, 0x81A3, 0x8183, 0x7962,
    0x7942, 0x7922, 0x7942, 0x7942, 0x7942, 0x7942, 0x7942, 0x7942,
    0x5AAB, 0xA534, 0xC618, 0xCE9A, 0xD659, 0xDEBB, 0xDE59, 0xE71C,
    0xEF3C, 0xEF1C, 0xEEFB, 0xE6FB, 0xEF1B, 0xE699, 0xE699, 0xDE78,
    0xDE17, 0xDE58, 0xDE56, 0xDE56, 0xE677, 0xDD73, 0xCD11, 0xD572,
    0xCD10, 0xD572, 0xD593, 0xC40C, 0xC42C, 0xCCEF, 0xCC8E, 0xCCAE,
    0xCD10, 0xC530, 0xC50F, 0xC4CF, 0xBCAF, 0xBCAE, 0xB46D, 0xB42C,
    0xABEB, 0xABAB, 0xA38A, 0xA36A, 0x9B49, 0x9B08, 0x9AC7, 0x92A7,
    0x9266, 0x8A46, 0x8A25, 0x8A04, 0x81C4, 0x81A3, 0x8183, 0x7963,
    0x7942, 0x7942, 0x7942, 0x7942, 0x7942, 0x7942, 0x7942, 0x7942,
    0x5ACB, 0xAD55, 0xC638, 0xD6BA, 0xD638, 0xDE79, 0xE69A, 0xE6FB,
    0xEEFB, 0xEEFB, 0xEEFB, 0xEEBA, 0xE679, 0xE69A, 0xDE79, 0xDE58,
    0xDEB9, 0xDEB9, 0xE6B9, 0xE6D9, 0xDEB8, 0xDED9, 0xDE98, 0xD5F4,
    0xDDF4, 0xDDD4, 0xD5B3, 0xD592, 0xD531, 0xD592, 0xCDD3, 0xCDB3,
    0xCD51, 0xC530, 0xC530, 0xC510, 0xBCCF, 0xBCAE, 0xB44D, 0xB42C,
    0xAC0C, 0xABCB, 0xA369, 0xA349, 0x9B29, 0x9B08, 0x92C7, 0x92A7,
    0x9266, 0x8A45, 0x8A05, 0x89E4, 0x81C4, 0x81A3, 0x8183, 0x7963,
    0x7942, 0x7942, 0x7942, 0x7942, 0x7942, 0x7942, 0x7942, 0x7942,
    0x52AA, 0xA514, 0xBDF7, 0xCDF7, 0xD67A, 0xDE9A, 0xE639, 0xE69A,
    0xEF1C, 0xEF1C, 0xEF3C, 0xE6FB, 0xDEBA, 0xDE99, 0xDE99, 0xDEDA,
    0xDEDA, 0xE6FA, 0xE6FA, 0xE6D9, 0xDED9, 0xE6B9, 0xE6D9, 0xE6F9,
    0xE6B8, 0xDE97, 0xDE77, 0xDE56, 0xD635, 0xD5F4, 0xCDB3, 0xCD92,
    0xCD92, 0xCD72, 0xC530, 0xC4F0, 0xC4CF, 0xBCAE, 0xBC6E, 0xB44D,
    0xB40C, 0xABCB, 0xA38A, 0xA329, 0xA308, 0x9B08, 0x9AC7, 0x92A7,
    0x9286, 0x8A45, 0x8A25, 0x89E4, 0x81A4, 0x81A3, 0x8183, 0x7963,
    0x7962, 0x7942, 0x7942, 0x7942, 0x7942, 0x7942, 0x7942, 0x7942,
    0x52AA, 0xAD76, 0xC65A, 0xCE7A, 0xDEFC, 0xDEFC, 0xE6FC, 0xE6BB,
    0xE71C, 0xE6FB, 0xE6DB, 0xDE9A, 0xDE9A, 0xDEFB, 0xDEFA, 0xDEDA,
    0xE6FA, 0xE6FA, 0xE6D9, 0xE6FA, 0xEF1A, 0xE6FA, 0xE6F9, 0xE6D8,
    0xE698, 0xDE77, 0xD656, 0xD615, 0xD5D4, 0xCDB3, 0xCD92, 0xCD72,
    0xCD51, 0xC510, 0xC4EF, 0xBCCF, 0xBCAE, 0xBC6D, 0xB42D, 0xB40C,
    0xB3CA, 0xABAA, 0xAB8A, 0xA369, 0xA329, 0x9B08, 0x9AE7, 0x92C7,
    0x9266, 0x9245, 0x8A25, 0x8A04, 0x81E4, 0x81C4, 0x8183, 0x7963,
    0x7962, 0x7942, 0x7942, 0x7942, 0x7942, 0x7942, 0x7942, 0x7942,
    0x4A6A, 0x9CD3, 0xC659, 0xCE9A, 0xD6BB, 0xDEFB, 0xDEDB, 0xDE79,
    0xDE9A, 0xE71C, 0xE6DB, 0xDEBA, 0xE71B, 0xE71B, 0xDF1B, 0xDE98,
    0xDEFA, 0xE71A, 0xE73A, 0xE75B, 0xE73A, 0xE6F9, 0xE6F9, 0xE6D8,
    0xE697, 0xDE56, 0xDE35, 0xDE55, 0xDE55, 0xDE35, 0xD614, 0xD5D3,
    0xD591, 0xCD51, 0xC4EF, 0xC4EF, 0xC4CE, 0xBC8E, 0xBC6D, 0xB44C,
    0xB40B, 0xABCB, 0xABAA, 0xA369, 0xA349, 0xA308, 0x9AC7, 0x9286,
    0x9245, 0x9245, 0x8A05, 0x8A04, 0x81C4, 0x81A3, 0x8183, 0x7963,
    0x7942, 0x7942, 0x7942, 0x7942, 0x7942, 0x7942, 0x7942, 0x7942,
    0x528B, 0xA4D3, 0xBDB6, 0xC618, 0xD6BA, 0xD659, 0xD618, 0xE71C,
    0xE75D, 0xE71D, 0xE71C, 0xE71C, 0xE71C, 0xDEFB, 0xE6FA, 0xE73B,
    0xEF5C, 0xE75B, 0xE73A, 0xEF5B, 0xE77A, 0xE75B, 0xE6F9, 0xE6F9,
    0xE719, 0xE6D8, 0xDE97, 0xDE76, 0xDE35, 0xDE35, 0xD5D3, 0xD592,
    0xD5B2, 0xCD50, 0xCD51, 0xCD30, 0xC4EF, 0xBCCE, 0xBCAE, 0xBC6D,
    0xB42C, 0xB3EC, 0xABCB, 0xAB8A, 0xA369, 0xA329, 0x9AE8, 0x92C7,
    0x9287, 0x9266, 0x8A25, 0x89E4, 0x81C4, 0x81A3, 0x8183, 0x7963,
    0x7942, 0x7942, 0x7942, 0x7942, 0x7942, 0x7942, 0x7942, 0x7942,
    0x5269, 0xA514, 0xC618, 0xCE39, 0xD67A, 0xDEDC, 0xE71C, 0xD659,
    0xDEBB, 0xE73C, 0xE73C, 0xE73C, 0xE71B, 0xE77C, 0xEF7D, 0xEF7C,
    0xEF7C, 0xEF3B, 0xE71A, 0xEF3A, 0xE6F9, 0xE6F8, 0xE719, 0xE719,
    0xE718, 0xE6D7, 0xDE95, 0xDE96, 0xDE55, 0xDE14, 0xD5B3, 0xD572,
    0xCD30, 0xCD30, 0xCD0F, 0xC4CE, 0xC4CE, 0xBC8D, 0xBC4C, 0xBC4C,
    0xB40C, 0xABEB, 0xABAA, 0xAB8A, 0xA349, 0x9AE8, 0x9AC7, 0x92A7,
    0x9286, 0x9245, 0x8A25, 0x89E4, 0x81C4, 0x8183, 0x7983, 0x7963,
    0x7942, 0x7942, 0x7942, 0x7942, 0x7942, 0x7942, 0x7942, 0x7942,
    0x5229, 0x9CD3, 0xC639, 0xCE7A, 0xDEDB, 0xE6FC, 0xE71C, 0xEF5D,
    0xE69A, 0xDEB9, 0xEF7D, 0xEF3C, 0xEF7D, 0xEF7D, 0xEF5C, 0xEF5B,
    0xEF3B, 0xEF5B, 0xEF39, 0xEED8, 0xE6B8, 0xE6B8, 0xE697, 0xE6B8,
    0xE676, 0xDE76, 0xDE76, 0xDE35, 0xDE35, 0xD614, 0xD5B2, 0xD5B2,
    0xCD91, 0xCD0F, 0xC48E, 0xC46D, 0xC46D, 0xBC6D, 0xBC6D, 0xB42C,
    0xB40C, 0xABCB, 0xABAA, 0xA369, 0xA308, 0xA2E7, 0x9AC7, 0x92A7,
    0x9286, 0x8A46, 0x8A25, 0x8A05, 0x81E4, 0x81C4, 0x81A3, 0x7983,
    0x7962, 0x7942, 0x7942, 0x7942, 0x7942, 0x7942, 0x7942, 0x7942,
    0x528A, 0xA534, 0xC618, 0xD65A, 0xE71C, 0xD639, 0xDE7A, 0xE71B,
    0xDE39, 0xE596, 0xDD95, 0xE73C, 0xEF7D, 0xEF1B, 0xEF5C, 0xEF3B,
    0xEF5C, 0xEF1A, 0xE697, 0xE6D9, 0xE6F9, 0xE6F8, 0xE6D8, 0xE697,
    0xE6B7, 0xE6B7, 0xE6B7, 0xDE76, 0xDE34, 0xDE14, 0xD5B3, 0xD5D2,
    0xCD91, 0xCD92, 0xCD71, 0xC510, 0xC4AE, 0xBC6D, 0xBC2C, 0xB40C,
    0xB40C, 0xABEB, 0xABAB, 0xA36A, 0xA328, 0x9AA7, 0x9AC7, 0x92A7,
    0x9286, 0x9266, 0x8A25, 0x8A05, 0x81E4, 0x81C4, 0x81A3, 0x7983,
    0x7962, 0x7942, 0x7942, 0x7942, 0x7942, 0x7942, 0x7942, 0x7942,
    0x52AA, 0xB596, 0xDF1C, 0xDE9A, 0xE6DB, 0xE6FC, 0xE69A, 0xE659,
    0xE6BB, 0xF7BE, 0xEE9A, 0xDD75, 0xEF3C, 0xF7FF, 0xF7BE, 0xEF9D,
    0xEF3B, 0xEF3B, 0xEF5B, 0xEF5B, 0xEF3B, 0xE71A, 0xE6F9, 0xE6B8,
    0xE697, 0xE677, 0xDE34, 0xDE35, 0xD614, 0xD5F4, 0xD572, 0xD572,
    0xCD51, 0xCCEE, 0xCD0F, 0xC510, 0xC4EF, 0xC4AF, 0xBC4D, 0xB40C,
    0xB36A, 0xAB09, 0xAB49, 0xA328, 0xA2E7, 0x9AC8, 0x9AE8, 0x92A7,
    0x9266, 0x8A45, 0x8A25, 0x8A05, 0x81E4, 0x81A4, 0x8183, 0x7963,
    0x7962, 0x7942, 0x7942, 0x7942, 0x7942, 0x7942, 0x7942, 0x7942,
    0x5AAA, 0xBDB7, 0xE75D, 0xE6DB, 0xE71C, 0xF7FF, 0xF7FF, 0xF7DF,
    0xF7FF, 0xF7BE, 0xFFFF, 0xF77D, 0xE5B7, 0xEE58, 0xE615, 0xEF1A,
    0xF7BD, 0xEFDD, 0xEFBC, 0xEF7B, 0xE73A, 0xEF5B, 0xE719, 0xE6F9,
    0xE6F9, 0xDEB7, 0xDE76, 0xDE76, 0xDE35, 0xD614, 0xD5F4, 0xCDB3,
    0xCD72, 0xCD10, 0xC4AF, 0xBC6D, 0xBC6D, 0xBC6D, 0xBC4D, 0xB42C,
    0xB3EB, 0xAB8A, 0xAB6A, 0xA349, 0xA349, 0x9B08, 0x9AC7, 0x9AC7,
    0x9287, 0x8A66, 0x8A45, 0x8A05, 0x81E4, 0x81C4, 0x81A3, 0x7983,
    0x7962, 0x7942, 0x7942, 0x7942, 0x7942, 0x7942, 0x7942, 0x7942,
    0x5AAA, 0xBDD7, 0xDF3C, 0xE6FC, 0xEF3D, 0xEF7D, 0xEF3C, 0xF7BF,
    0xF7DF, 0xF7DF, 0xF77C, 0xF79D, 0xF71B, 0xEE79, 0xF6BA, 0xDD55,
    0xDE38, 0xEF3B, 0xEF5B, 0xEF5B, 0xEF9B, 0xE75A, 0xE6F8, 0xE6D8,
    0xE6D8, 0xDE97, 0xE6B7, 0xDE55, 0xD635, 0xD615, 0xCDB3, 0xCD92,
    0xCD92, 0xC571, 0xC551, 0xC4CF, 0xBCAE, 0xBC4D, 0xB40C, 0xB3CB,
    0xB3AB, 0xAB29, 0xAAE8, 0xA2A7, 0x9AA7, 0x9AC7, 0x9AA7, 0x9286,
    0x9266, 0x8A46, 0x8A25, 0x8A05, 0x81E4, 0x81A4, 0x81A3, 0x7983,
    0x7963, 0x7942, 0x7942, 0x7942, 0x7942, 0x7942, 0x7942, 0x7942,
    0x5AAA, 0xBDD7, 0xDF3C, 0xDE9A, 0xEF5D, 0xF7DF, 0xF79E, 0xEF5C,
    0xF75C, 0xF79D, 0xF79D, 0xF77C, 0xF7DE, 0xF7FF, 0xFFFF, 0xF7FF,
    0xF75B, 0xEEFA, 0xE679, 0xE617, 0xE616, 0xDE15, 0xDD93, 0xD572,
    0xDE55, 0xDDF4, 0xD510, 0xD532, 0xCD51, 0xCD51, 0xCDB2, 0xCD72,
    0xCD10, 0xC4EF, 0xC4EF, 0xBCCF, 0xBC8E, 0xBC6D, 0xB46D, 0xB42C,
    0xABEB, 0xABCB, 0xAB6A, 0xA308, 0xA2C8, 0x9A87, 0x9A87, 0x9266,
    0x9246, 0x8A25, 0x8A05, 0x89E4, 0x81C4, 0x81A3, 0x8183, 0x7963,
    0x7942, 0x7942, 0x7942, 0x7942, 0x7942, 0x7942, 0x7942, 0x7942,
    0x5AAA, 0xBDF7, 0xDEFB, 0xDE9A, 0xEF7E, 0xF7FF, 0xFFDF, 0xF7BE,
    0xF77D, 0xEF3C, 0xF7BE, 0xFFFE, 0xFFDE, 0xFFDE, 0xF7BE, 0xF79C,
    0xF71A, 0xF73A, 0xF79C, 0xF71B, 0xE658, 0xE657, 0xE616, 0xDD74,
    0xDD33, 0xD4B0, 0xCCF2, 0xD594, 0xD532, 0xCCD0, 0xC40D, 0xC4AF,
    0xC4F0, 0xC4AF, 0xC48E, 0xBC0C, 0xB40C, 0xB3CB, 0xAB8B, 0xAB6A,
    0xAB6A, 0xA329, 0xA329, 0xA349, 0xA308, 0x9AC8, 0x9A87, 0x9286,
    0x9246, 0x9225, 0x8A05, 0x89E4, 0x81E4, 0x81A4, 0x8183, 0x7963,
    0x7962, 0x7942, 0x7942, 0x7942, 0x7942, 0x7942, 0x7942, 0x7942,
    0x52AA, 0xBDB6, 0xD65A, 0xE75D, 0xF7DF, 0xF7DE, 0xF7DF, 0xF7BE,
    0xFFDF, 0xFFDF, 0xF7BE, 0xF77D, 0xFFBE, 0xFFDE, 0xF7BD, 0xFFDE,
    0xFFFF, 0xEF3A, 0xEE98, 0xEF3B, 0xEF19, 0xEED8, 0xE6F9, 0xE6F9,
    0xE6B8, 0xDE77, 0xDE77, 0xD5D4, 0xD5D4, 0xCDD4, 0xCD32, 0xC46E,
    0xC40D, 0xBBAC, 0xB3AC, 0xB38B, 0xB32A, 0xAB09, 0xAB29, 0xAB09,
    0xA2E8, 0xA2C8, 0x9AA7, 0x9A87, 0x9A66, 0x9246, 0x9246, 0x9225,
    0x9205, 0x8A05, 0x89C4, 0x81C4, 0x81A3, 0x8183, 0x7983, 0x7963,
    0x7942, 0x7942, 0x7942, 0x7942, 0x7942, 0x7942, 0x7942, 0x7942,
    0x5269, 0xA514, 0xCE38, 0xE71B, 0xF7DF, 0xF7DF, 0xF7DE, 0xFFFF,
    0xF7BE, 0xF7BD, 0xF7BE, 0xFFBE, 0xFFDE, 0xF79D, 0xF77C, 0xFFBD,
    0xF73A, 0xEF1A, 0xF77C, 0xEEF9, 0xEF3A, 0xEF7B, 0xE6D9, 0xE6B8,
    0xE6D8, 0xE6B7, 0xDE55, 0xDE15, 0xDE55, 0xD615, 0xCDB3, 0xCD92,
    0xCD52, 0xC4AF, 0xBCCF, 0xBCCF, 0xBCAF, 0xB46D, 0xB40C, 0xAC0C,
    0xABCB, 0xAB8A, 0xAB6A, 0xA329, 0x9B08, 0x9AC7, 0x9A87, 0x9266,
    0x8A05, 0x89C4, 0x89C4, 0x81A4, 0x81A4, 0x8183, 0x7963, 0x7962,
    0x7942, 0x7942, 0x7942, 0x7942, 0x7942, 0x7942, 0x7942, 0x7942,
    0x4A49, 0xAD35, 0xDEFB, 0xE71C, 0xF7DF, 0xFFFF, 0xFFFF, 0xF7DE,
    0xFFFF, 0xFFFF, 0xFFDE, 0xFFDE, 0xF79D, 0xF77D, 0xF79C, 0xF77C,
    0xF75C, 0xEEB8, 0xEEB8, 0xEE97, 0xE697, 0xE697, 0xE677, 0xE635,
    0xDDD4, 0xDE35, 0xDE55, 0xDDF4, 0xD5D4, 0xD635, 0xD5B3, 0xCD11,
    0xC551, 0xC530, 0xBCF0, 0xBCAE, 0xBC8E, 0xB46E, 0xB44D, 0xAC0C,
    0xABCB, 0xABAA, 0xA38A, 0xA349, 0x9AE8, 0x9AE8, 0x9AC7, 0x92A7,
    0x8A04, 0x8A05, 0x8A25, 0x89E4, 0x81C4, 0x81A3, 0x8183, 0x7963,
    0x7942, 0x7942, 0x7942, 0x7942, 0x7942, 0x7942, 0x7942, 0x7942,
    0x52AA, 0xB575, 0xD6BB, 0xEF9E, 0xEF7D, 0xFFDF, 0xF7DE, 0xF75C,
    0xF75C, 0xF7BD, 0xF7BD, 0xF7BE, 0xFFDE, 0xFFFF, 0xFFDD, 0xF7BC,
    0xF7BD, 0xF7FD, 0xF79C, 0xF77A, 0xEF5A, 0xEEF9, 0xE6B8, 0xE677,
    0xE636, 0xE636, 0xDDD4, 0xDD93, 0xD531, 0xCD51, 0xCD72, 0xCD92,
    0xCD51, 0xC4F0, 0xC4F0, 0xBCCF, 0xBC8E, 0xB48E, 0xB42D, 0xABEC,
    0xABCB, 0xABAA, 0xA36A, 0xA349, 0x9AE8, 0x9AA7, 0x9A86, 0x9225,
    0x8A05, 0x8A25, 0x89E4, 0x81E4, 0x81C4, 0x81A3, 0x7983, 0x7963,
    0x7942, 0x7942, 0x7942, 0x7942, 0x7942, 0x7942, 0x7942, 0x7942,
    0x5249, 0xB575, 0xCE38, 0xE6FB, 0xF7BE, 0xEF3C, 0xEF7D, 0xEF3C,
    0xEF5D, 0xFFDF, 0xFFFF, 0xF7BE, 0xF79D, 0xF79D, 0xF77C, 0xF79D,
    0xF79C, 0xF77C, 0xEF1A, 0xEED9, 0xEF3A, 0xEF5A, 0xE6F9, 0xE6F9,
    0xEEF9, 0xE6B7, 0xE697, 0xDE56, 0xDE35, 0xD511, 0xCCB0, 0xCD10,
    0xCCF0, 0xC46E, 0xBC8E, 0xBCCF, 0xBC8E, 0xB42C, 0xB3EC, 0xABAB,
    0xAB8A, 0xA349, 0xA308, 0x9AC8, 0x9AC7, 0x9AC7, 0x9287, 0x9287,
    0x9286, 0x8A45, 0x8A25, 0x81E4, 0x81C4, 0x81A3, 0x7983, 0x7963,
    0x7942, 0x7922, 0x7942, 0x7942, 0x7942, 0x7942, 0x7942, 0x7942,
    0x4A28, 0xAD55, 0xD679, 0xDEBB, 0xEF7D, 0xEF5D, 0xEF3C, 0xEF5D,
    0xF7FF, 0xF7FF, 0xF7BE, 0xF7DE, 0xFFFF, 0xFFBD, 0xF79C, 0xFFFF,
    0xF7DE, 0xF7BD, 0xF79B, 0xEF7B, 0xEF3A, 0xEEF8, 0xE6D8, 0xE697,
    0xE676, 0xE676, 0xDE56, 0xDE14, 0xDDF4, 0xDE15, 0xD5F4, 0xD592,
    0xCCCF, 0xC42D, 0xBC4E, 0xBC2D, 0xB3EC, 0xB42D, 0xB42C, 0xAC0C,
    0xABAB, 0xAB6A, 0xA329, 0x9AE8, 0x9AE8, 0x9AC7, 0x92A7, 0x9287,
    0x9246, 0x8A25, 0x8A05, 0x81E4, 0x81C4, 0x81A3, 0x7983, 0x7963,
    0x7942, 0x7942, 0x7942, 0x7942, 0x7942, 0x7942, 0x7942, 0x7942,
    0x4A28, 0x9C92, 0xCE59, 0xE77D, 0xF7BE, 0xF7BF, 0xF77E, 0xEF5D,
    0xE71B, 0xEF5C, 0xE6BA, 0xEF1C, 0xEF9E, 0xF7BD, 0xEF5B, 0xEF9D,
    0xF7BD, 0xF79C, 0xEF7B, 0xF79C, 0xEF5A, 0xEF3A, 0xEEF8, 0xE697,
    0xE6D8, 0xE6B7, 0xDE96, 0xDE35, 0xDE15, 0xD5F4, 0xD5B3, 0xCD92,
    0xCD10, 0xC4F0, 0xC4CF, 0xC4AF, 0xBBEC, 0xB36B, 0xB38B, 0xAB4A,
    0xAB6A, 0xAB6A, 0xA369, 0xA349, 0x9B28, 0x9AE8, 0x9AA7, 0x9266,
    0x9266, 0x8A25, 0x8A05, 0x81E4, 0x81C4, 0x81A3, 0x7983, 0x7963,
    0x7962, 0x7942, 0x7942, 0x7942, 0x7942, 0x7942, 0x7942, 0x7942,
    0x4208, 0x9CD3, 0xCE39, 0xDE9B, 0xE71C, 0xE6DB, 0xE6FC, 0xEF5D,
    0xEF3D, 0xEF9E, 0xF77E, 0xEF5D, 0xF73D, 0xEF3C, 0xEEFB, 0xEEFB,
    0xEF5B, 0xEF3B, 0xEF1B, 0xEF3B, 0xEF5A, 0xEEF9, 0xDE76, 0xDE36,
    0xDE16, 0xDE56, 0xDE56, 0xDE35, 0xDDB3, 0xD593, 0xCD52, 0xCD10,
    0xCD10, 0xCCF0, 0xC48E, 0xC48E, 0xBC2D, 0xBBEC, 0xB34A, 0xA287,
    0x9A87, 0x9A67, 0x9A67, 0x9A66, 0x9246, 0x9225, 0x9225, 0x8A05,
    0x89E4, 0x81C4, 0x81A3, 0x81A3, 0x8183, 0x7983, 0x7963, 0x7963,
    0x7942, 0x7942, 0x7942, 0x7942, 0x7942, 0x7942, 0x7942, 0x7942,
    0x4207, 0x94B3, 0xC659, 0xE77E, 0xF7DF, 0xEEFC, 0xDE7A, 0xEF7E,
    0xF79F, 0xF7DF, 0xF7FF, 0xFFFF, 0xF7FF, 0xF7DF, 0xF79E, 0xF75C,
    0xEE38, 0xDDD5, 0xE5B5, 0xE5B4, 0xE5F6, 0xE6D9, 0xE6F9, 0xE6D9,
    0xE6F9, 0xE6B8, 0xDDD4, 0xD4D0, 0xD4B0, 0xD4B0, 0xCC6F, 0xCC4E,
    0xC3CC, 0xC46E, 0xC4CF, 0xBC6E, 0xC48E, 0xB2E9, 0xAAC8, 0xB34A,
    0xAB29, 0xAB09, 0xA2C8, 0x9A87, 0x9A66, 0x9246, 0x9205, 0x9205,
    0x89E5, 0x89E4, 0x89C4, 0x81A4, 0x8183, 0x7983, 0x7963, 0x7963,
    0x7942, 0x7942, 0x7942, 0x7942, 0x7942, 0x7942, 0x7942, 0x7942,
    0x41E7, 0x9C72, 0xBDD7, 0xD6BB, 0xEF5D, 0xF79F, 0xEF5D, 0xE6BA,
    0xEF9E, 0xF77E, 0xEEDB, 0xE659, 0xE67A, 0xE639, 0xE5B6, 0xDD34,
    0xE5D6, 0xEEDA, 0xEEFA, 0xF71A, 0xE574, 0xDCF1, 0xE637, 0xE5F5,
    0xDD73, 0xDD11, 0xD4F0, 0xD552, 0xDDD4, 0xD5D3, 0xD5B3, 0xD5B3,
    0xCD10, 0xBB6A, 0xC3EC, 0xC42D, 0xBBAC, 0xB2E9, 0xB349, 0xB3CB,
    0xB3CB, 0xABAA, 0xAB8A, 0xA36A, 0xA349, 0x9B08, 0x9AC7, 0x92A7,
    0x9266, 0x9225, 0x8A05, 0x89E5, 0x81C4, 0x81A4, 0x7983, 0x7963,
    0x7962, 0x7942, 0x7942, 0x7942, 0x7942, 0x7942, 0x7942, 0x7942,
    0x41E7, 0x9472, 0xBDB7, 0xCE18, 0xDEDB, 0xE71C, 0xEF1D, 0xF71C,
    0xE5F9, 0xD4B3, 0xD4B3, 0xE639, 0xE69A, 0xDE7A, 0xEF1C, 0xEF9D,
    0xEF9D, 0xEF5C, 0xEF5B, 0xEF3B, 0xEF7B, 0xE719, 0xE636, 0xDE36,
    0xE636, 0xE677, 0xE697, 0xDE76, 0xDE15, 0xD5F4, 0xD5B3, 0xCD71,
    0xCD92, 0xCD51, 0xC4AE, 0xBC4D, 0xBC0C, 0xBC6E, 0xBC6E, 0xB42C,
    0xB40C, 0xABEB, 0xABAA, 0xA36A, 0xA329, 0x9B08, 0x9AE8, 0x92C7,
    0x9286, 0x9246, 0x8A25, 0x89E4, 0x81C4, 0x81A3, 0x7983, 0x7963,
    0x7942, 0x7942, 0x7942, 0x7942, 0x7942, 0x7942, 0x7942, 0x7942,
    0x4228, 0x9492, 0xBD96, 0xCE59, 0xCE5A, 0xD5F9, 0xDDD8, 0xDDB7,
    0xE5D7, 0xE69A, 0xE75C, 0xDDF7, 0xE6FC, 0xEF7D, 0xE75C, 0xE73C,
    0xEF5C, 0xEF5C, 0xEF7C, 0xEF7C, 0xEF3A, 0xE75A, 0xE719, 0xE6B8,
    0xDED8, 0xDE77, 0xDE56, 0xDE56, 0xD614, 0xD5B3, 0xD5B3, 0xD571,
    0xCD30, 0xC530, 0xC510, 0xC4CF, 0xBCCF, 0xBC8E, 0xB44D, 0xB42C,
    0xB3EC, 0xABCB, 0xAB8A, 0xA36A, 0xA329, 0x9B08, 0x9AE8, 0x92A7,
    0x9266, 0x8A46, 0x8A05, 0x89E4, 0x81C4, 0x8183, 0x8163, 0x7963,
    0x7942, 0x7942, 0x7942, 0x7942, 0x7942, 0x7942, 0x7942, 0x7942,
    0x4208, 0x9492, 0xBDB7, 0xCE18, 0xD67A, 0xDEFC, 0xE71D, 0xEF7E,
    0xEF9F, 0xEF9E, 0xEF7E, 0xEF3C, 0xDE59, 0xE6BA, 0xE71B, 0xE71C,
    0xE71B, 0xE73B, 0xE6FA, 0xE71A, 0xE6FA, 0xE6D8, 0xE677, 0xDE77,
    0xDE36, 0xD614, 0xDE14, 0xDE35, 0xD615, 0xD614, 0xD5B3, 0xCD72,
    0xCD51, 0xCD10, 0xC510, 0xC4EF, 0xC4CF, 0xBCAE, 0xBC6E, 0xB44D,
    0xB40C, 0xABCB, 0xABAB, 0xA349, 0xA329, 0x9AC8, 0x9AA7, 0x9286,
    0x9246, 0x9225, 0x89E5, 0x89C4, 0x81C4, 0x81A4, 0x7983, 0x7983,
    0x7962, 0x7942, 0x7942, 0x7942, 0x7942, 0x7942, 0x7942, 0x7942,
    0x4A49, 0x9CB3, 0xBDD7, 0xCE7A, 0xD6BB, 0xE75D, 0xEF5D, 0xE75D,
    0xEF7E, 0xE75D, 0xE73C, 0xEF5D, 0xEF3C, 0xE699, 0xDE79, 0xE6DA,
    0xE6DA, 0xE6FA, 0xE6D9, 0xE698, 0xE6D9, 0xEED9, 0xE6B8, 0xE657,
    0xE656, 0xDE56, 0xDE35, 0xDDF4, 0xD5D4, 0xD5B3, 0xD593, 0xCD92,
    0xCD31, 0xCD10, 0xC510, 0xC4F0, 0xC4CF, 0xBC8E, 0xB44D, 0xB42C,
    0xB3EC, 0xABAB, 0xAB8A, 0xA349, 0xA329, 0x9AC7, 0x9AA7, 0x9287,
    0x9266, 0x8A46, 0x8A05, 0x89E5, 0x81E4, 0x81A4, 0x8183, 0x7963,
    0x7962, 0x7942, 0x7942, 0x7942, 0x7942, 0x7942, 0x7942, 0x7942,
    0x4228, 0x9CD3, 0xBDD8, 0xCE59, 0xDEBB, 0xE71C, 0xE6FC, 0xDEBA,
    0xE6BB, 0xE6DB, 0xE6DB, 0xE71C, 0xE73C, 0xE75D, 0xE6DA, 0xE679,
    0xE699, 0xE6BA, 0xEEBA, 0xE698, 0xE699, 0xE6D9, 0xE698, 0xDE57,
    0xDE36, 0xDE36, 0xDE15, 0xDE15, 0xD5F4, 0xD5B3, 0xCD72, 0xCD51,
    0xCD31, 0xC4F0, 0xC4CF, 0xBC8F, 0xBC2D, 0xBBEC, 0xB42D, 0xB3EB,
    0xABAA, 0xAB8A, 0xAB8A, 0xA349, 0xA2E8, 0x9AE8, 0x9AE8, 0x92A7,
    0x9286, 0x9246, 0x8A25, 0x8A05, 0x81E4, 0x81A4, 0x8183, 0x7963,
    0x7962, 0x7942, 0x7942, 0x7942, 0x7942, 0x7942, 0x7942, 0x7942,
    0x4228, 0x9C92, 0xBDD7, 0xCE38, 0xCE17, 0xDEBB, 0xE71D, 0xE73D,
    0xE73D, 0xE73D, 0xEF5D, 0xE6DB, 0xDEDA, 0xDEDB, 0xE6FA, 0xEF1B,
    0xEF3B, 0xE71A, 0xEF1A, 0xEF1A, 0xE6D9, 0xE6B8, 0xE697, 0xDE77,
    0xDE77, 0xDE76, 0xDE56, 0xDE15, 0xD5F4, 0xD5F4, 0xD5D4, 0xCD93,
    0xCD72, 0xC531, 0xC4CF, 0xBC6E, 0xBC0C, 0xB3CB, 0xB36A, 0xB3AB,
    0xABEC, 0xABAB, 0xAB8A, 0xA369, 0xA2E8, 0x9AE8, 0x9AE8, 0x92A7,
    0x9286, 0x9246, 0x8A25, 0x8A05, 0x81E4, 0x81C4, 0x8183, 0x7963,
    0x7962, 0x7942, 0x7942, 0x7942, 0x7942, 0x7942, 0x7942, 0x7942,
    0x4A69, 0x9CB3, 0xBDD7, 0xCE59, 0xCDB6, 0xD638, 0xDF1C, 0xDEFC,
    0xE73C, 0xEF5C, 0xE71C, 0xE6FC, 0xEF7D, 0xEF7D, 0xEF5D, 0xEF5C,
    0xEF3B, 0xEF1A, 0xEF1A, 0xE6FA, 0xE6FA, 0xE6FA, 0xE6D9, 0xDEB8,
    0xDE77, 0xDE56, 0xDE36, 0xD5F5, 0xD5D4, 0xCD93, 0xCD72, 0xCD11,
    0xC4AF, 0xC46E, 0xC48E, 0xBCAE, 0xBC8E, 0xBC8E, 0xBC2D, 0xAB09,
    0xAB8A, 0xABAB, 0xA38A, 0xA36A, 0xA328, 0x9AC7, 0x9AC8, 0x92A7,
    0x9266, 0x8A66, 0x8A25, 0x8A05, 0x81E4, 0x81C4, 0x81A3, 0x7963,
    0x7942, 0x7942, 0x7942, 0x7942, 0x7942, 0x7942, 0x7942, 0x7942,
    0x4A69, 0x9CF3, 0xB4F3, 0xC596, 0xD639, 0xDE39, 0xDE39, 0xE71C,
    0xE6FC, 0xDE9B, 0xE6FB, 0xEF3D, 0xE73D, 0xE73C, 0xE73C, 0xEF3C,
    0xE71B, 0xE6DA, 0xE6D9, 0xE6D9, 0xE698, 0xDE78, 0xE657, 0xDDF5,
    0xDDF5, 0xDDD4, 0xDDD4, 0xD5D4, 0xD510, 0xCCCF, 0xCCF0, 0xC4EF,
    0xCCEF, 0xC4F0, 0xC4F0, 0xC4CF, 0xBC8E, 0xBC4D, 0xB3EC, 0xAB6A,
    0xABCB, 0xABCB, 0xA38A, 0xA349, 0xA329, 0x9AC8, 0x9266, 0x9286,
    0x9246, 0x8A46, 0x8A25, 0x8A05, 0x81E4, 0x81A4, 0x7983, 0x7963,
    0x7962, 0x7942, 0x7942, 0x7942, 0x7942, 0x7942, 0x7942, 0x7942,
    0x4A48, 0x94B3, 0xBE18, 0xCE38, 0xD69A, 0xE73D, 0xEF3D, 0xEF1D,
    0xE71C, 0xE67A, 0xE6FC, 0xE6FC, 0xE6BA, 0xE6DB, 0xE6FA, 0xE6DA,
    0xE6DA, 0xE6DA, 0xE6FA, 0xE6D9, 0xE6B8, 0xE698, 0xDE56, 0xDE35,
    0xDE15, 0xDDF4, 0xDDD4, 0xD572, 0xCD31, 0xCD52, 0xCD72, 0xCD93,
    0xCD51, 0xC510, 0xBCCF, 0xBCAE, 0xBC6E, 0xB46E, 0xB40C, 0xAB6A,
    0xAB6A, 0xAB6A, 0xA36A, 0xA329, 0x9B08, 0x9AA7, 0x9266, 0x9246,
    0x9245, 0x8A25, 0x8A05, 0x89E4, 0x81C4, 0x81A3, 0x7983, 0x7963,
    0x7962, 0x7942, 0x7942, 0x7942, 0x7942, 0x7942, 0x7942, 0x7942,
    0x4A69, 0x9CF3, 0xBDD7, 0xCE59, 0xD69A, 0xD69A, 0xDEDB, 0xE71C,
    0xEF3D, 0xEF1C, 0xE71C, 0xE71C, 0xE71D, 0xE73C, 0xE73C, 0xE71C,
    0xE6DA, 0xE6DA, 0xE6FA, 0xE6DA, 0xE6B9, 0xDE98, 0xDE78, 0xDE37,
    0xDE16, 0xD5B4, 0xD532, 0xD532, 0xD573, 0xCD52, 0xCD31, 0xC4F0,
    0xC4AF, 0xC48E, 0xBC6E, 0xBC2C, 0xB3EC, 0xB3AB, 0xB38A, 0xAB4A,
    0xA2A7, 0x9A66, 0x9AA7, 0x9AA7, 0x9AA7, 0x9A86, 0x9266, 0x9266,
    0x9246, 0x8A45, 0x8A25, 0x89E4, 0x81C4, 0x8183, 0x7983, 0x7963,
    0x7942, 0x7942, 0x7942, 0x7942, 0x7942, 0x7942, 0x7942, 0x7942,
    0x4A69, 0x9D34, 0xC619, 0xC679, 0xCDB6, 0xD5D7, 0xDEBB, 0xDEDB,
    0xE71C, 0xE6FC, 0xDEBB, 0xE6BB, 0xE65A, 0xDE39, 0xDDF8, 0xDDF7,
    0xDDD7, 0xDDF6, 0xDE16, 0xDDF6, 0xDDF6, 0xDDD5, 0xD532, 0xD532,
    0xD511, 0xCD31, 0xD593, 0xCD72, 0xCD51, 0xC531, 0xC531, 0xC510,
    0xC4D0, 0xBC8E, 0xBC6E, 0xBC4D, 0xBC2D, 0xB40C, 0xB3EC, 0xABEC,
    0xABCB, 0xABAB, 0xA329, 0x9AC8, 0x9266, 0x89E4, 0x8A05, 0x8A05,
    0x8A25, 0x8A05, 0x89E4, 0x81C4, 0x81C4, 0x81A3, 0x7983, 0x7963,
    0x7942, 0x7942, 0x7942, 0x7942, 0x7942, 0x7942, 0x7942, 0x7942,
    0x4A69, 0x9CF4, 0xBE18, 0xCE9A, 0xD6BA, 0xDE9A, 0xDE9A, 0xDEDB,
    0xDE5A, 0xDDD7, 0xDE39, 0xDE38, 0xE679, 0xDE59, 0xDE18, 0xDDD7,
    0xDDF7, 0xDDF7, 0xDDF7, 0xDE37, 0xE658, 0xDE37, 0xDE16, 0xDE16,
    0xDE37, 0xD615, 0xD5F4, 0xCDB4, 0xCD93, 0xCD73, 0xCD52, 0xC531,
    0xC4F0, 0xC4CF, 0xBCAF, 0xBC6E, 0xB44D, 0xB44D, 0xAC0D, 0xABEC,
    0xABAA, 0xA349, 0xA309, 0x9AA7, 0x9AC7, 0x9AC7, 0x9266, 0x8A05,
    0x89E4, 0x89C4, 0x81A3, 0x81A3, 0x81A3, 0x8183, 0x7963, 0x7962,
    0x7942, 0x7942, 0x7942, 0x7942, 0x7942, 0x7942, 0x7942, 0x7942,
    0x4A69, 0xA534, 0xBE59, 0xCE59, 0xD69A, 0xDEDB, 0xE6DB, 0xE6DB,
    0xE69A, 0xE69A, 0xE69A, 0xE679, 0xE6BA, 0xDE79, 0xDE9A, 0xE6BA,
    0xDE99, 0xDE78, 0xE699, 0xE6D9, 0xE6FA, 0xEEFA, 0xE6D9, 0xE6D9,
    0xE698, 0xDE56, 0xD615, 0xD5D4, 0xCDB3, 0xCD72, 0xC551, 0xC4F0,
    0xBCAF, 0xBCCF, 0xBC8F, 0xBC6E, 0xB42D, 0xB42D, 0xB3EC, 0xABAB,
    0xA329, 0xA329, 0xA329, 0x9B08, 0x9AC8, 0x9287, 0x9266, 0x9266,
    0x8A05, 0x81E4, 0x81C4, 0x81A3, 0x7983, 0x7983, 0x7983, 0x7963,
    0x7942, 0x7942, 0x7942, 0x7942, 0x7942, 0x7942, 0x7942, 0x7942,
    0x4A69, 0x9CD3, 0xB574, 0xC5F6, 0xD678, 0xE6BA, 0xE6FB, 0xE6BA,
    0xDE39, 0xDE58, 0xE69A, 0xE69A, 0xE679, 0xDE79, 0xE699, 0xE6FA,
    0xE6FB, 0xEEFA, 0xEEFA, 0xEF1A, 0xEEFA, 0xE6D9, 0xE698, 0xDE57,
    0xDE16, 0xD5B4, 0xD573, 0xCD72, 0xCD11, 0xC4F0, 0xC4F0, 0xBCAF,
    0xBCAF, 0xBC6E, 0xB44D, 0xB42D, 0xB42D, 0xABEC, 0xAB8B, 0xA349,
    0xA308, 0xA329, 0x9AE8, 0x9AC8, 0x92A7, 0x9286, 0x8A66, 0x8A46,
    0x8A25, 0x8A25, 0x81E4, 0x81C4, 0x8183, 0x7983, 0x7983, 0x7963,
    0x7942, 0x7942, 0x7942, 0x7942, 0x7942, 0x7942, 0x7942, 0x7942,
    0x4A49, 0x94D2, 0xC637, 0xCE79, 0xD6BA, 0xDEFB, 0xE6DA, 0xE6DB,
    0xDEBA, 0xDE17, 0xDE38, 0xE699, 0xE69A, 0xE6BA, 0xE6BA, 0xE679,
    0xE679, 0xE6B9, 0xE6B9, 0xE698, 0xE678, 0xDE98, 0xDE37, 0xDDD5,
    0xDDF5, 0xD593, 0xCD32, 0xCD11, 0xC4D0, 0xC4AF, 0xC4AF, 0xC4AF,
    0xBCAF, 0xBC6E, 0xB42D, 0xB3CC, 0xABAB, 0xAB6A, 0xA329, 0xA329,
    0x9AE8, 0x9AC8, 0x9AA7, 0x9287, 0x9287, 0x9287, 0x9266, 0x9266,
    0x9246, 0x8A25, 0x8A05, 0x81E4, 0x81C4, 0x81A3, 0x7983, 0x7963,
    0x7942, 0x7942, 0x7942, 0x7942, 0x7942, 0x7942, 0x7942, 0x7942,
    0x4249, 0x9CF3, 0xBD95, 0xCE17, 0xD6BA, 0xDEFA, 0xE6FA, 0xDEBA,
    0xE6FB, 0xDE79, 0xD617, 0xDE79, 0xDE9A, 0xDE38, 0xDE17, 0xDE59,
    0xE658, 0xE658, 0xE678, 0xE657, 0xDE16, 0xDDF6, 0xDDB5, 0xD615,
    0xD615, 0xD5F5, 0xCD93, 0xCD11, 0xC4F1, 0xC48F, 0xBBCC, 0xBC6F,
    0xC4AF, 0xBC6E, 0xBC2D, 0xB3AB, 0xB3AB, 0xAB29, 0xA2E8, 0xA309,
    0xA329, 0x9AA8, 0x9AA7, 0xA2C8, 0x9AC7, 0x9AA7, 0x9287, 0x9266,
    0x9246, 0x8A45, 0x8A05, 0x89E4, 0x81C4, 0x81A4, 0x8183, 0x7983,
    0x7962, 0x7942, 0x7942, 0x7942, 0x7942, 0x7942, 0x7942, 0x7942,
    0x4A6A, 0x9CB1, 0xBDB6, 0xCE17, 0xD698, 0xDEB9, 0xDE99, 0xDE78,
    0xDE78, 0xDE58, 0xD678, 0xD637, 0xDDD7, 0xDE79, 0xE6FB, 0xEEDA,
    0xEEDA, 0xEF1B, 0xEEFA, 0xE678, 0xDE17, 0xDE16, 0xD616, 0xD5D5,
    0xD594, 0xD593, 0xD5B4, 0xCD93, 0xCD93, 0xCD32, 0xBC6E, 0xC4D0,
    0xC4CF, 0xBC2D, 0xB36A, 0xBBCC, 0xB36A, 0xB36A, 0xB3ED, 0xA309,
    0xA329, 0xA329, 0xA2E8, 0x9AC8, 0x9AC8, 0x9AA7, 0x9287, 0x9287,
    0x9266, 0x8A45, 0x89E5, 0x81C4, 0x81C4, 0x81A4, 0x7983, 0x7963,
    0x7962, 0x7942, 0x7942, 0x7942, 0x7942, 0x7942, 0x7942, 0x7942,
    0x4A69, 0x9CB1, 0xBDB4, 0xCE58, 0xD678, 0xDE98, 0xE6DA, 0xE6B9,
    0xDE99, 0xDE79, 0xD5F7, 0xDE38, 0xE6BA, 0xEEDB, 0xEEDA, 0xEEFA,
    0xEF1B, 0xE6FA, 0xE678, 0xDE78, 0xDE98, 0xD637, 0xD5B5, 0xD594,
    0xD5B4, 0xD5F5, 0xD5D4, 0xD593, 0xCD73, 0xCD31, 0xBC4E, 0xC46F,
    0xBBEC, 0xB38A, 0xB3EC, 0xB46E, 0xB3EC, 0xAB29, 0xA2A8, 0xAB2A,
    0xABCB, 0xABAB, 0xA34A, 0x9AC8, 0x9AC8, 0x9AA7, 0x9286, 0x9266,
    0x9246, 0x8A05, 0x8A05, 0x89E4, 0x81C4, 0x81A4, 0x7983, 0x7963,
    0x7942, 0x7942, 0x7942, 0x7942, 0x7942, 0x7942, 0x7942, 0x7942,
    0x52AB, 0x9D13, 0xC658, 0xCE57, 0xD637, 0xDEB9, 0xDE99, 0xE6B9,
    0xE6DA, 0xDE79, 0xE6DA, 0xEF1B, 0xEF1C, 0xEF1B, 0xEF3C, 0xEF3B,
    0xEEFA, 0xE6D9, 0xDE37, 0xD5B4, 0xD574, 0xD470, 0xD532, 0xCD73,
    0xCCF1, 0xD532, 0xCD52, 0xD593, 0xD573, 0xCD93, 0xC531, 0xBC2D,
    0xC4AF, 0xBC8E, 0xBC2D, 0xB38B, 0xB38B, 0xB3AB, 0xA2A7, 0xA287,
    0xA2E9, 0xA2E8, 0xA329, 0xA2E8, 0x9AC7, 0x9AA7, 0x9AC8, 0x92A7,
    0x9266, 0x8A45, 0x8A25, 0x8205, 0x81E4, 0x81A4, 0x7983, 0x7963,
    0x7962, 0x7942, 0x7942, 0x7942, 0x7942, 0x7942, 0x7942, 0x7942,
    0x4A8A, 0x9575, 0xC67A, 0xCEBA, 0xDEFA, 0xDEB9, 0xDEB9, 0xE71B,
    0xE699, 0xE6DA, 0xEF5D, 0xEF1C, 0xEF1B, 0xF75D, 0xEF3B, 0xE6B9,
    0xE6B9, 0xE677, 0xE678, 0xDE37, 0xD553, 0xD5F5, 0xCDF5, 0xCDF5,
    0xCDB4, 0xCD52, 0xCD52, 0xCCF1, 0xCD31, 0xCCF1, 0xC40D, 0xBC2E,
    0xC511, 0xBCD0, 0xBC8E, 0xBCAF, 0xBC8E, 0xB42D, 0xB42D, 0xAB29,
    0xA2E8, 0xAB6A, 0xA308, 0xA2A7, 0x9A87, 0x9A66, 0x9A87, 0x9286,
    0x9246, 0x8A45, 0x89E4, 0x89C4, 0x81E4, 0x81A3, 0x8183, 0x7963,
    0x7942, 0x7942, 0x7942, 0x7942, 0x7942, 0x7942, 0x7942, 0x7942,
    0x4AAA, 0x9D55, 0xBE17, 0xCE99, 0xD6FB, 0xDEBA, 0xDE18, 0xE699,
    0xE6FA, 0xE71B, 0xE6BA, 0xE6D9, 0xEF5C, 0xEF3C, 0xE6D9, 0xE6FA,
    0xE6D9, 0xE6B9, 0xE6D9, 0xE698, 0xDE77, 0xDE98, 0xD677, 0xD657,
    0xCE16, 0xCDB3, 0xCDB4, 0xCDD4, 0xCDB3, 0xC531, 0xBC4E, 0xBC4E,
    0xBC6E, 0xBC6E, 0xBCCF, 0xBCAF, 0xB48E, 0xB44D, 0xB42D, 0xB42D,
    0xAB6A, 0xAB8A, 0xABCB, 0xA36A, 0xA329, 0x9AA7, 0x9A86, 0x9266,
    0x9246, 0x9246, 0x8A25, 0x89C4, 0x81C4, 0x81A4, 0x7983, 0x7963,
    0x7942, 0x7942, 0x7942, 0x7942, 0x7942, 0x7942, 0x7942, 0x7942,
    0x4A69, 0x9D14, 0xBE17, 0xC617, 0xD658, 0xDEDA, 0xDEFA, 0xDED9,
    0xE73B, 0xE75C, 0xE6FA, 0xE71B, 0xEF3C, 0xE6D9, 0xE71A, 0xE6FA,
    0xE6D9, 0xDE97, 0xDE77, 0xDE78, 0xE6D9, 0xE6D9, 0xDE77, 0xD656,
    0xD657, 0xD636, 0xD615, 0xCD72, 0xC4F0, 0xCD73, 0xC552, 0xC511,
    0xC510, 0xBC8E, 0xBC6E, 0xBC8E, 0xBC8E, 0xB46E, 0xB44D, 0xB40C,
    0xABEC, 0xAB28, 0xAB69, 0xA36A, 0xA329, 0x9B08, 0x9AE8, 0x92A7,
    0x9266, 0x8A05, 0x89E5, 0x89E5, 0x81C4, 0x81C4, 0x8183, 0x7963,
    0x7942, 0x7942, 0x7942, 0x7942, 0x7942, 0x7942, 0x7942, 0x7942,
    0x3A29, 0x9D95, 0xBE18, 0xC637, 0xD6DA, 0xDF1B, 0xDF1A, 0xE77C,
    0xE77D, 0xE75C, 0xEFBE, 0xEF7D, 0xE6B8, 0xF77C, 0xEF5C, 0xE698,
    0xE657, 0xDE56, 0xDE57, 0xDE78, 0xDE98, 0xDE98, 0xDED9, 0xDED8,
    0xDE97, 0xD636, 0xCD93, 0xCD93, 0xD5F4, 0xC552, 0xC572, 0xCDB3,
    0xC531, 0xC551, 0xBCF0, 0xBC8E, 0xBC4D, 0xB42D, 0xB40C, 0xB40C,
    0xABEC, 0xABCB, 0xAB49, 0xA349, 0xA329, 0x9B08, 0x9AE8, 0x92C8,
    0x92A7, 0x9266, 0x8A25, 0x89E4, 0x81C4, 0x81A4, 0x81A3, 0x7963,
    0x7962, 0x7942, 0x7942, 0x7942, 0x7942, 0x7942, 0x7942, 0x7942,
    0x4228, 0x9514, 0xB658, 0xC699, 0xD6DA, 0xDF1B, 0xDF5C, 0xDF1B,
    0xDF3B, 0xE77C, 0xE77D, 0xE75B, 0xEF1B, 0xEF5C, 0xE6D9, 0xE678,
    0xE6D9, 0xEEF9, 0xE6D9, 0xDEB9, 0xDED9, 0xDED9, 0xDEB8, 0xDE57,
    0xDE56, 0xD593, 0xCD52, 0xCDB3, 0xCD72, 0xCD72, 0xC4D0, 0xC531,
    0xC551, 0xC510, 0xC4F0, 0xBCCF, 0xBCAE, 0xBC6E, 0xB42C, 0xB3EC,
    0xAB8B, 0xAB6A, 0xAB29, 0xA2E8, 0xA2C8, 0x9AA7, 0x9AA7, 0x92A7,
    0x9266, 0x9246, 0x8A25, 0x8A05, 0x81E4, 0x8183, 0x8183, 0x7963,
    0x7963, 0x7942, 0x7942, 0x7942, 0x7942, 0x7942, 0x7942, 0x7942,
    0x31E7, 0x9534, 0xBE17, 0xC679, 0xD6DA, 0xD6FA, 0xDF1A, 0xDEFA,
    0xDEFA, 0xDF1B, 0xE73C, 0xE678, 0xE6B9, 0xE6DA, 0xE699, 0xE71B,
    0xE6FA, 0xE6FA, 0xE6D9, 0xDE98, 0xDE78, 0xDE98, 0xDEB8, 0xDEB8,
    0xDE98, 0xDEB7, 0xD5F5, 0xD5B4, 0xCD73, 0xCD52, 0xCCF0, 0xC510,
    0xC4AF, 0xBCAF, 0xBCF0, 0xBCCF, 0xBCAF, 0xBC8E, 0xB44D, 0xB42D,
    0xABEC, 0xABAB, 0xAB49, 0xA287, 0xA287, 0x9A87, 0x9A86, 0x92A7,
    0x9266, 0x8A45, 0x8A05, 0x89E4, 0x81C4, 0x81C4, 0x8183, 0x7963,
    0x7942, 0x7942, 0x7942, 0x7942, 0x7942, 0x7942, 0x7942, 0x7942,
    0x3A07, 0x9514, 0xBE37, 0xC678, 0xDEDA, 0xDEFB, 0xDEDA, 0xE71B,
    0xE73C, 0xEF3C, 0xEF3C, 0xE6DA, 0xE6DA, 0xE6B9, 0xE6DA, 0xE6BA,
    0xE6FA, 0xDE98, 0xE6D9, 0xE71A, 0xDED9, 0xDEF9, 0xDEB9, 0xDEB8,
    0xDEB8, 0xD615, 0xCDB4, 0xD636, 0xCDF4, 0xCDD3, 0xCDD3, 0xC531,
    0xC4CF, 0xC4CF, 0xBC8E, 0xBC4D, 0xBC0C, 0xBC0C, 0xB3EC, 0xB3EC,
    0xABAB, 0xABAB, 0xABAA, 0xA2E8, 0xA2A7, 0x9AE8, 0x9A66, 0x9266,
    0x9266, 0x9246, 0x8A25, 0x8A05, 0x81E4, 0x81C4, 0x81A3, 0x7983,
    0x7942, 0x7942, 0x7942, 0x7942, 0x7942, 0x7942, 0x7942, 0x7942,
    0x4248, 0xA555, 0xB5B6, 0xBDD6, 0xD678, 0xD6B8, 0xDED9, 0xE71B,
    0xEF5C, 0xE73B, 0xE6FA, 0xE71B, 0xE6DA, 0xE75C, 0xE71B, 0xE71B,
    0xE71B, 0xDE98, 0xE71B, 0xDF1A, 0xDED9, 0xDEB8, 0xD677, 0xDED9,
    0xE6D8, 0xD676, 0xD5F5, 0xD615, 0xD5F5, 0xD5F4, 0xCDB3, 0xCDB3,
    0xC551, 0xC4AF, 0xBCAF, 0xBCAE, 0xBC8E, 0xBC6E, 0xB3EB, 0xB3CB,
    0xB3CB, 0xAB6A, 0xAB49, 0xA329, 0xA2A7, 0x9A86, 0x9A66, 0x9246,
    0x9225, 0x89E4, 0x89C4, 0x89E4, 0x81C4, 0x81A4, 0x8183, 0x7963,
    0x7962, 0x7942, 0x7942, 0x7942, 0x7942, 0x7942, 0x7942, 0x7942,
    0x4207, 0x9CD2, 0xB574, 0xBDD5, 0xCE37, 0xD617, 0xDE58, 0xE6FA,
    0xEF3B, 0xE6FA, 0xEF3B, 0xE73B, 0xE73B, 0xE73B, 0xE6FA, 0xE71B,
    0xDED9, 0xE71B, 0xE71A, 0xE6FA, 0xE71A, 0xE73A, 0xE719, 0xDEF9,
    0xDED8, 0xDED8, 0xDE56, 0xD5D4, 0xCD93, 0xD5F4, 0xCDD4, 0xCD72,
    0xC552, 0xC571, 0xC572, 0xC531, 0xBD10, 0xBCCF, 0xBCAF, 0xB44D,
    0xB40C, 0xAC0C, 0xABCB, 0xAB8A, 0xA349, 0x9B08, 0x9AE8, 0x9287,
    0x9266, 0x9225, 0x89E4, 0x81A4, 0x81A4, 0x81A3, 0x8183, 0x7963,
    0x7942, 0x7942, 0x7942, 0x7942, 0x7942, 0x7942, 0x7942, 0x7942,
    0x4248, 0xA555, 0xBDB6, 0xC595, 0xD637, 0xDE78, 0xE6B9, 0xEF1B,
    0xEF1B, 0xEF5C, 0xEF7D, 0xEF7D, 0xE77C, 0xE75B, 0xEF7D, 0xE75C,
    0xE75B, 0xE73B, 0xEF3B, 0xE71A, 0xE75B, 0xE75B, 0xE73A, 0xE71A,
    0xE6F9, 0xE6D8, 0xDE97, 0xD636, 0xD593, 0xD5D4, 0xCD52, 0xC4AF,
    0xCD72, 0xC552, 0xC510, 0xC4F0, 0xBCCF, 0xBC8E, 0xB46D, 0xB42C,
    0xABCB, 0xAB6A, 0xAB8A, 0xA349, 0xA308, 0x9AC7, 0x9AA7, 0x9A87,
    0x9266, 0x9245, 0x8A25, 0x8A05, 0x81C4, 0x81A4, 0x8183, 0x7963,
    0x7942, 0x7942, 0x7942, 0x7942, 0x7942, 0x7942, 0x7942, 0x7942,
    0x4249, 0xAD76, 0xC5D6, 0xC5D5, 0xD637, 0xDE57, 0xE6D9, 0xE6FB,
    0xEF3B, 0xEF5B, 0xEF1B, 0xEF5B, 0xEF7C, 0xEF7C, 0xE77C, 0xE75C,
    0xEF7C, 0xE6FA, 0xE73B, 0xE71A, 0xE6F9, 0xE75B, 0xE73A, 0xE6F9,
    0xE6F9, 0xDED8, 0xDE97, 0xDE56, 0xD5D4, 0xCD72, 0xCD52, 0xCD72,
    0xCD51, 0xC531, 0xC531, 0xC510, 0xBCEF, 0xBCCF, 0xBC8E, 0xB44D,
    0xB42C, 0xB3EC, 0xABAB, 0xA36A, 0xA349, 0xA308, 0x9AE8, 0x9AC7,
    0x92A7, 0x9266, 0x8A46, 0x8A05, 0x81E4, 0x81C4, 0x81A3, 0x7983,
    0x7963, 0x7942, 0x7942, 0x7942, 0x7942, 0x7942, 0x7942, 0x7942,
    0x4249, 0xAD75, 0xBDB6, 0xC574, 0xD678, 0xDEBA, 0xE6FA, 0xF77C,
    0xF77C, 0xEF3B, 0xF77C, 0xEF7C, 0xEF7C, 0xEF7B, 0xEF7C, 0xEF7C,
    0xE75C, 0xE75B, 0xE71A, 0xE6F9, 0xE6D9, 0xE6D8, 0xE6B8, 0xE6B8,
    0xE6D8, 0xE6B8, 0xE677, 0xDE36, 0xDE56, 0xDE56, 0xD5F4, 0xD5F4,
    0xCDD3, 0xCD72, 0xC551, 0xC510, 0xC4F0, 0xBCAF, 0xBC8E, 0xB44D,
    0xB42D, 0xAC0C, 0xABCB, 0xABAA, 0xA36A, 0xA329, 0x9AE8, 0x9AC8,
    0x9287, 0x9266, 0x8A46, 0x8A05, 0x81E4, 0x81C4, 0x81A3, 0x7983,
    0x7962, 0x7942, 0x7942, 0x7942, 0x7942, 0x7942, 0x7942, 0x7942,
    0x5269, 0xA514, 0xC617, 0xCE37, 0xDEB9, 0xE71B, 0xE73B, 0xEF3B,
    0xEF1B, 0xEF3B, 0xEF5B, 0xE73B, 0xEF7C, 0xEF7C, 0xE77B, 0xE75B,
    0xEF9D, 0xE77C, 0xE71A, 0xE73A, 0xE6F9, 0xDE77, 0xE698, 0xE677,
    0xE697, 0xDE77, 0xDE56, 0xDE56, 0xDE55, 0xD614, 0xD615, 0xD5F4,
    0xCDB3, 0xCD72, 0xC510, 0xC510, 0xC4F0, 0xBCAE, 0xBC8E, 0xBC6D,
    0xB42D, 0xB40C, 0xABCB, 0xABAA, 0xA36A, 0x9B28, 0x9AE8, 0x9AC7,
    0x92A7, 0x9266, 0x8A46, 0x8A05, 0x81E4, 0x81C4, 0x81A3, 0x7983,
    0x7962, 0x7942, 0x7942, 0x7942, 0x7942, 0x7942, 0x7942, 0x7942,
    0x528A, 0xB5B6, 0xCEB9, 0xDEFB, 0xE6FB, 0xE73B, 0xEF7D, 0xEF7C,
    0xE71B, 0xE71B, 0xE73B, 0xE71B, 0xE77C, 0xEFBD, 0xEF9C, 0xEF9D,
    0xE75B, 0xE73A, 0xEF7B, 0xE73A, 0xE6FA, 0xE6F9, 0xEF1A, 0xE73A,
    0xE6F9, 0xE6D8, 0xE6B8, 0xE696, 0xE676, 0xD656, 0xD614, 0xD5F3,
    0xD5D3, 0xCD91, 0xCD30, 0xC530, 0xC510, 0xBCCF, 0xBCAE, 0xB46D,
    0xB42C, 0xAC0C, 0xABCB, 0xABAA, 0xA349, 0xA328, 0x9B08, 0x9AC8,
    0x92A7, 0x9266, 0x8A45, 0x8A05, 0x81C4, 0x81C4, 0x81A3, 0x7963,
    0x7962, 0x7942, 0x7942, 0x7942, 0x7942, 0x7942, 0x7942, 0x7942,
    0x52AA, 0xB617, 0xD6BA, 0xE75C, 0xE75C, 0xEF5C, 0xEF7D, 0xEF3C,
    0xE71B, 0xEF7C, 0xE77C, 0xE75B, 0xE73B, 0xEF7C, 0xEF7C, 0xE77C,
    0xE75B, 0xE75B, 0xEF5B, 0xEF1A, 0xEF5B, 0xE75A, 0xE73A, 0xE719,
    0xE6F8, 0xE6D8, 0xE6B7, 0xE6B8, 0xDE97, 0xDE76, 0xDE35, 0xDE14,
    0xD5D4, 0xD5B3, 0xCD91, 0xC531, 0xC510, 0xBCAF, 0xB44D, 0xB42C,
    0xB3EB, 0xABAA, 0xAB69, 0xA328, 0xA349, 0xA329, 0x9AE8, 0x92C7,
    0x9286, 0x9266, 0x8A45, 0x8A05, 0x81E4, 0x81C4, 0x81A3, 0x7983,
    0x7962, 0x7942, 0x7942, 0x7942, 0x7942, 0x7942, 0x7942, 0x7942,
    0x5B0C, 0xBE58, 0xDF3B, 0xE77C, 0xEFBD, 0xEFBE, 0xEFBE, 0xEF7D,
    0xEF3C, 0xEF7C, 0xEF9C, 0xEF9C, 0xEF7C, 0xEF9D, 0xEF7C, 0xE73B,
    0xEF5C, 0xE73B, 0xE71A, 0xEF5B, 0xEF5A, 0xEF5A, 0xE739, 0xE6D8,
    0xE6F8, 0xE6D7, 0xE6B7, 0xE6B7, 0xDE76, 0xDE76, 0xDE36, 0xDE15,
    0xD5F4, 0xD593, 0xCD72, 0xC551, 0xC4F0, 0xC4AF, 0xBC6E, 0xB42D,
    0xB3EB, 0xAB8A, 0xAB69, 0xA36A, 0xA349, 0x9B08, 0x9AE8, 0x9AA7,
    0x92A7, 0x9266, 0x8A46, 0x8A25, 0x81E4, 0x81C4, 0x81A3, 0x7963,
    0x7942, 0x7942, 0x7942, 0x7942, 0x7942, 0x7942, 0x7942, 0x7942,
    0x636D, 0xC679, 0xE77D, 0xE77D, 0xEFBE, 0xF7DE, 0xF7BE, 0xEF7D,
    0xEF7D, 0xEF7C, 0xEF9D, 0xEF9D, 0xEF9D, 0xEF9C, 0xEF7C, 0xEF7C,
    0xEF5B, 0xEF5B, 0xEF9C, 0xEF9C, 0xE77B, 0xEF7B, 0xEF3A, 0xE718,
    0xE719, 0xE6F8, 0xE6D8, 0xE6B8, 0xE697, 0xE676, 0xDE35, 0xDE14,
    0xD5D3, 0xCDB3, 0xD572, 0xCD51, 0xC510, 0xC4F0, 0xBCAE, 0xBC6D,
    0xB44D, 0xB40C, 0xABAA, 0xAB8A, 0xA369, 0xA329, 0x9B08, 0x9AE8,
    0x92A7, 0x9266, 0x8A45, 0x8A05, 0x81E4, 0x81C4, 0x81A3, 0x7963,
    0x7942, 0x7942, 0x7942, 0x7942, 0x7942, 0x7942, 0x7942, 0x7942,
    0x6BAD, 0xCF1B, 0xE75D, 0xE7DE, 0xEFFF, 0xF7FF, 0xF7DF, 0xEF3C,
    0xEF5D, 0xEF7D, 0xEF7D, 0xEF7C, 0xEF7D, 0xE77C, 0xE77C, 0xEF7C,
    0xEF7B, 0xE79C, 0xEF7B, 0xEF7B, 0xE73A, 0xE75A, 0xE75A, 0xEF19,
    0xE719, 0xE6F8, 0xDE96, 0xE697, 0xDE76, 0xDE35, 0xDE35, 0xD615,
    0xD5D4, 0xD5B3, 0xCD92, 0xCD51, 0xC510, 0xC4CE, 0xBC8E, 0xBC8E,
    0xB44D, 0xB3EC, 0xABAB, 0xABAA, 0xA38A, 0xA349, 0x9B08, 0x9AE8,
    0x92A7, 0x9286, 0x8A46, 0x8A25, 0x81E4, 0x81C4, 0x81A3, 0x7983,
    0x7962, 0x7942, 0x7942, 0x7942, 0x7942, 0x7942, 0x7942, 0x7942,
    0x638D, 0xC6DA, 0xDF7D, 0xE7DE, 0xEFFF, 0xEFDF, 0xF7FF, 0xEF7D,
    0xE6FB, 0xEF3C, 0xE73C, 0xE71B, 0xE73C, 0xE73B, 0xE75B, 0xEF7C,
    0xE77B, 0xEF7C, 0xEF9C, 0xE77C, 0xE77B, 0xEF7A, 0xE75A, 0xE73A,
    0xE73A, 0xE6F8, 0xE6B7, 0xE696, 0xDE75, 0xDE55, 0xDE35, 0xD5F3,
    0xD5D3, 0xD592, 0xCD51, 0xC530, 0xC4EF, 0xC4CF, 0xBC8E, 0xBC6D,
    0xB40C, 0xB3EB, 0xABEB, 0xABAB, 0xA36A, 0xA329, 0x9B08, 0x9AE8,
    0x92A7, 0x9266, 0x8A46, 0x8A05, 0x81E4, 0x81C4, 0x81A3, 0x7983,
    0x7962, 0x7942, 0x7942, 0x7942, 0x7942, 0x7942, 0x7942, 0x7942,
    0x5B6D, 0xBEBA, 0xE77E, 0xE79E, 0xEFDE, 0xEFDE, 0xEF9E, 0xEFBE,
    0xEF5D, 0xDE9A, 0xE6BA, 0xE6DA, 0xE71B, 0xE73B, 0xE71B, 0xE75B,
    0xE75B, 0xEF7B, 0xE75B, 0xE75B, 0xEF5A, 0xEF3A, 0xEF19, 0xE719,
    0xE6F8, 0xE6B7, 0xE697, 0xDE76, 0xDE76, 0xDE76, 0xDE35, 0xD614,
    0xD5D3, 0xCD50, 0xCD30, 0xCD10, 0xC4EF, 0xC4CF, 0xBC4D, 0xB40C,
    0xB42C, 0xB40C, 0xABCB, 0xABAB, 0xA36A, 0xA329, 0x9B08, 0x9AC8,
    0x92A7, 0x9286, 0x8A46, 0x8A05, 0x81E4, 0x81C4, 0x81A3, 0x7983,
    0x7962, 0x7942, 0x7942, 0x7942, 0x7942, 0x7942, 0x7942, 0x7942,
    0x636D, 0xC6BA, 0xDFDE, 0xE7DF, 0xEFDF, 0xEFDE, 0xEF9E, 0xEF3D,
    0xE71C, 0xE73C, 0xE6FB, 0xE6BA, 0xE6BA, 0xE6FB, 0xE6FA, 0xE73B,
    0xE75B, 0xE71A, 0xE75A, 0xE75A, 0xE75A, 0xE719, 0xE719, 0xE6F8,
    0xE6F8, 0xE697, 0xE697, 0xDEB7, 0xDE76, 0xDE55, 0xD634, 0xD614,
    0xD5B2, 0xD591, 0xCD71, 0xCD51, 0xC510, 0xC4CF, 0xBC8E, 0xBC6D,
    0xB40C, 0xABEB, 0xABAB, 0xAB6A, 0xA349, 0xA329, 0x9AE8, 0x9AC7,
    0x9287, 0x9266, 0x8A25, 0x89E4, 0x81C4, 0x81A3, 0x8183, 0x7963,
    0x7942, 0x7942, 0x7942, 0x7942, 0x7942, 0x7942, 0x7942, 0x7942,
    0x5B6D, 0xC6DA, 0xE77D, 0xE7BE, 0xEFDF, 0xEFBE, 0xEF9E, 0xEF7D,
    0xEF3D, 0xE73C, 0xE6FC, 0xE6FB, 0xDEDA, 0xE6FA, 0xE71A, 0xE6FA,
    0xE6FA, 0xE6FA, 0xE75B, 0xE75B, 0xE75B, 0xE73A, 0xDF19, 0xDEB7,
    0xE6D8, 0xDEB8, 0xDEB7, 0xDE97, 0xDE56, 0xDE35, 0xD5F3, 0xD5B2,
    0xD593, 0xCD72, 0xCD51, 0xC510, 0xC4CF, 0xC4AF, 0xBC8E, 0xB46D,
    0xB42D, 0xB3EB, 0xABCB, 0xA38A, 0xA349, 0xA309, 0x9AE8, 0x9AA7,
    0x9266, 0x9246, 0x8A05, 0x89C4, 0x81C4, 0x8183, 0x7983, 0x7983,
    0x7963, 0x7942, 0x7942, 0x7942, 0x7942, 0x7942, 0x7942, 0x7942,
    0x5B0B, 0xBE59, 0xD75D, 0xE79E, 0xE7BE, 0xEFBE, 0xE77D, 0xE75D,
    0xE73C, 0xE6FC, 0xE69A, 0xE69A, 0xE6BA, 0xE6BA, 0xDEBA, 0xDED9,
    0xDEFA, 0xE6FA, 0xE6FA, 0xE71A, 0xE71A, 0xE71A, 0xE6B8, 0xDE56,
    0xDE56, 0xDE56, 0xDE56, 0xDE56, 0xD615, 0xD614, 0xD5F4, 0xD5D3,
    0xD5B2, 0xCD72, 0xCD30, 0xC4EF, 0xC4AE, 0xBCAE, 0xBC6D, 0xB44D,
    0xB40C, 0xABCB, 0xABAB, 0xA36A, 0xA349, 0x9B08, 0x9AE8, 0x92A7,
    0x9286, 0x8A46, 0x8A05, 0x8A05, 0x81E4, 0x81C4, 0x81A3, 0x7983,
    0x7963, 0x7942, 0x7942, 0x7942, 0x7942, 0x7942, 0x7942, 0x7942,
    0x5B0C, 0xB67A, 0xD75D, 0xDF3D, 0xE77E, 0xE77D, 0xE73C, 0xE71C,
    0xE6FB, 0xDEDB, 0xE6FC, 0xE6DB, 0xE6DB, 0xE6FB, 0xE6FB, 0xDEFB,
    0xE6FA, 0xE6FA, 0xE6FA, 0xDEB9, 0xDE98, 0xDEB8, 0xDEB8, 0xDED8,
    0xDEB7, 0xDE77, 0xDE96, 0xDE97, 0xD676, 0xD635, 0xD614, 0xD5F3,
    0xCDB3, 0xCD72, 0xCD51, 0xC530, 0xC4F0, 0xBCAF, 0xBC6E, 0xB46D,
    0xB42D, 0xABEC, 0xABAB, 0xA36A, 0xA349, 0x9B09, 0x9AC7, 0x92A7,
    0x9286, 0x8A45, 0x8A25, 0x8A05, 0x81E4, 0x81C4, 0x8183, 0x7983,
    0x7963, 0x7942, 0x7942, 0x7942, 0x7942, 0x7942, 0x7942, 0x7942,
    0x52CA, 0xADD7, 0xD75D, 0xDF1D, 0xDF5D, 0xE73D, 0xE71C, 0xDEDB,
    0xDEFC, 0xDEDC, 0xE6DC, 0xDEDB, 0xE6FC, 0xE71C, 0xE73C, 0xEF5D,
    0xEF7D, 0xEF5C, 0xEF3C, 0xEF3B, 0xEF3B, 0xE6FA, 0xDEB8, 0xDE78,
    0xDE78, 0xDE77, 0xDE77, 0xD656, 0xD615, 0xD5F4, 0xD5B3, 0xCD93,
    0xCD72, 0xC531, 0xC510, 0xC4CF, 0xBCAF, 0xBC8E, 0xB44D, 0xB42C,
    0xABEC, 0xABCB, 0xA3AA, 0xA36A, 0xA349, 0x9B29, 0x9AC7, 0x92A7,
    0x9266, 0x8A45, 0x8A25, 0x8A05, 0x81E4, 0x81C4, 0x8183, 0x7963,
    0x7963, 0x7942, 0x7942, 0x7942, 0x7942, 0x7942, 0x7942, 0x7942,
    0x4AAA, 0xA5B7, 0xD6DB, 0xDEFC, 0xDF1C, 0xDF1C, 0xDEFC, 0xD6BB,
    0xDEBB, 0xE71C, 0xE6FC, 0xE71C, 0xE75D, 0xEF7D, 0xEF7D, 0xEF5C,
    0xEF7D, 0xEF7D, 0xEF7C, 0xEF3C, 0xEF3B, 0xEF1B, 0xEEFA, 0xE6B8,
    0xE698, 0xDE77, 0xDE56, 0xDE35, 0xDE15, 0xD5D4, 0xD593, 0xCD72,
    0xCD51, 0xC510, 0xC4CF, 0xC4CF, 0xBCAE, 0xBC6E, 0xB42C, 0xB3EB,
    0xAB8A, 0xAB49, 0xA349, 0xA309, 0x9AE8, 0x9B08, 0x9AC7, 0x9286,
    0x9246, 0x8A45, 0x8A05, 0x81E4, 0x81C4, 0x81A3, 0x8183, 0x7963,
    0x7962, 0x7942, 0x7942, 0x7942, 0x7942, 0x7942, 0x7942, 0x7942,
    0x4A8A, 0xA596, 0xC69A, 0xD6BB, 0xDEFC, 0xDEDB, 0xDEBB, 0xDEFC,
    0xDF1D, 0xE73D, 0xE73D, 0xE73D, 0xEF5D, 0xEF3C, 0xEF3C, 0xEF5C,
    0xEF7D, 0xEF5C, 0xEF5C, 0xEF3B, 0xEF3B, 0xEF3B, 0xEEFA, 0xE6D9,
    0xE6B8, 0xE698, 0xE697, 0xDE36, 0xD5F4, 0xD5D4, 0xD5B3, 0xD572,
    0xCD51, 0xCD10, 0xC4CF, 0xC4CF, 0xBC8E, 0xBC6D, 0xB44D, 0xB42C,
    0xABEC, 0xABCB, 0xA38A, 0xA369, 0x9B29, 0x9B08, 0x92C7, 0x9286,
    0x9246, 0x8A25, 0x8A04, 0x81E4, 0x81C4, 0x81A3, 0x7983, 0x7963,
    0x7942, 0x7942, 0x7942, 0x7942, 0x7942, 0x7942, 0x7942, 0x7942,
    0x4A6A, 0xA576, 0xBEDA, 0xD6DB, 0xDEFC, 0xDEFB, 0xDEDC, 0xE71C,
    0xE73D, 0xE75D, 0xEF5D, 0xEF7D, 0xEF7D, 0xEF9E, 0xF79D, 0xF77D,
    0xF79D, 0xF77D, 0xF77C, 0xF77C, 0xEF3B, 0xEF3B, 0xEF1A, 0xE6D9,
    0xE698, 0xE636, 0xE636, 0xDE15, 0xDDF4, 0xD5B3, 0xD5B3, 0xD592,
    0xCD51, 0xCD31, 0xC510, 0xC4EF, 0xBCAF, 0xBC6E, 0xB44D, 0xB42C,
    0xABEC, 0xABCB, 0xA38B, 0xA36A, 0x9B49, 0x9AE8, 0x9AC7, 0x92A7,
    0x9266, 0x8A45, 0x8A05, 0x81E4, 0x81C4, 0x81A3, 0x7983, 0x7963,
    0x7942, 0x7942, 0x7942, 0x7942, 0x7942, 0x7942, 0x7942, 0x7942,
    0x4A8A, 0xA556, 0xC6BB, 0xDEFB, 0xE71C, 0xE71C, 0xDF1C, 0xE73D,
    0xE71D, 0xEF5D, 0xF79E, 0xEF9E, 0xEF7E, 0xEF9E, 0xF79E, 0xF79E,
    0xF79D, 0xF79D, 0xF77C, 0xF75C, 0xF73B, 0xEF1A, 0xEEF9, 0xEEB8,
    0xEE97, 0xE697, 0xE676, 0xE676, 0xDE55, 0xDE15, 0xD5F4, 0xD5B3,
    0xCD71, 0xCD30, 0xC4F0, 0xC4CF, 0xC4AE, 0xBC8E, 0xB44D, 0xB40C,
    0xABCB, 0xABAA, 0xAB6A, 0xA349, 0xA329, 0x9AE8, 0x9AA7, 0x9287,
    0x9266, 0x8A25, 0x8A05, 0x81E4, 0x81C4, 0x81A3, 0x8183, 0x7963,
    0x7962, 0x7942, 0x7942, 0x7942, 0x7942, 0x7942, 0x7942, 0x7942,
    0x4269, 0x9D56, 0xCEBC, 0xDEFB, 0xE73C, 0xE71D, 0xE73D, 0xDF3D,
    0xE75E, 0xEF7E, 0xEF7E, 0xF79E, 0xF7BF, 0xF77E, 0xF79E, 0xF79E,
    0xF77D, 0xF79D, 0xF79D, 0xF73B, 0xEF1A, 0xEF1A, 0xEEF9, 0xEED9,
    0xEED9, 0xE6D8, 0xE6B7, 0xE676, 0xDE56, 0xDE35, 0xD5F4, 0xD5D3,
    0xD5B2, 0xCD72, 0xCD51, 0xC510, 0xC4CF, 0xBC8E, 0xBC6E, 0xB42D,
    0xB3EC, 0xABCB, 0xAB8A, 0xA349, 0x9B08, 0x9AE8, 0x9AA7, 0x9286,
    0x9266, 0x8A46, 0x8A25, 0x89E4, 0x81C4, 0x81A3, 0x8183, 0x7963,
    0x7962, 0x7942, 0x7942, 0x7942, 0x7942, 0x7942, 0x7942, 0x7942,
    0x4269, 0x94F4, 0xC639, 0xD6DB, 0xE71C, 0xDEFC, 0xDF1D, 0xE73D,
    0xE75E, 0xEF5D, 0xEF5D, 0xEF3D, 0xEF3D, 0xEF5D, 0xF75D, 0xF79D,
    0xF7BD, 0xF79D, 0xF77C, 0xF77C, 0xF77C, 0xF75B, 0xEF5B, 0xEF3B,
    0xEF1A, 0xE6D9, 0xE6B8, 0xE697, 0xE676, 0xDE36, 0xD615, 0xD5F4,
    0xD5B3, 0xCD72, 0xCD51, 0xC510, 0xC4CF, 0xBCAF, 0xBC6E, 0xB44D,
    0xB40C, 0xABCB, 0xA38A, 0xA36A, 0xA329, 0x9AE8, 0x9AA7, 0x9266,
    0x9266, 0x8A25, 0x8A05, 0x89E4, 0x81C4, 0x81A3, 0x7983, 0x7963,
    0x7962, 0x7942, 0x7942, 0x7942, 0x7942, 0x7942, 0x7942, 0x7942,
    0x4228, 0x9CD4, 0xBE19, 0xCE5A, 0xDEDA, 0xDEDB, 0xDEDB, 0xE71C,
    0xE6FC, 0xE73D, 0xEF7E, 0xEF7D, 0xF79E, 0xF79D, 0xF77D, 0xF73B,
    0xF73B, 0xF75B, 0xF75B, 0xF75A, 0xEF3A, 0xEF3A, 0xEEF9, 0xEEF8,
    0xEED8, 0xE6B8, 0xE6D8, 0xE697, 0xDE76, 0xDE35, 0xDE14, 0xD5F3,
    0xD5B3, 0xCD91, 0xCD51, 0xC510, 0xC4F0, 0xBCAF, 0xBC8E, 0xBC4D,
    0xB40C, 0xABEC, 0xABCB, 0xA38A, 0xA349, 0x9B29, 0x9AE8, 0x92C7,
    0x9286, 0x8A46, 0x8A25, 0x8A05, 0x81E4, 0x81C4, 0x7983, 0x7963,
    0x7962, 0x7942, 0x7942, 0x7942, 0x7942, 0x7942, 0x7942, 0x7942,
    0x4209, 0x8C92, 0xB5F8, 0xCE9B, 0xD71D, 0xD71C, 0xDF1C, 0xEF7E,
    0xEF7E, 0xEF7E, 0xF7BE, 0xF7BE, 0xF7BE, 0xF79E, 0xFFBE, 0xF7DE,
    0xF7BE, 0xF79D, 0xF77C, 0xF77C, 0xF75B, 0xEF1A, 0xEEF9, 0xEEF9,
    0xEED9, 0xE656, 0xDE13, 0xE655, 0xDE34, 0xDE14, 0xDDF4, 0xD5D3,
    0xD592, 0xCD72, 0xCD51, 0xC510, 0xC4F0, 0xBCAE, 0xBC8D, 0xBC4D,
    0xB42C, 0xABEC, 0xABCB, 0xA38A, 0xA36A, 0x9B29, 0x9AE8, 0x92C7,
    0x9287, 0x8A66, 0x8A25, 0x8A05, 0x81E4, 0x81A4, 0x8183, 0x7963,
    0x7962, 0x7942, 0x7942, 0x7942, 0x7942, 0x7942, 0x7942, 0x7942,
    0x426A, 0x8CF4, 0xADB7, 0xC619, 0xD71D, 0xDF7E, 0xE77E, 0xE73D,
    0xE73D, 0xEF7D, 0xEF9E, 0xEF7E, 0xF79E, 0xF7BE, 0xF79D, 0xF7BE,
    0xFFBE, 0xF7BD, 0xF79D, 0xF79C, 0xF77B, 0xF75B, 0xEF3B, 0xEF1A,
    0xEEF9, 0xEEF8, 0xE6B7, 0xE655, 0xE676, 0xDE55, 0xD614, 0xD5F3,
    0xD5D3, 0xCD72, 0xCD51, 0xC510, 0xC4F0, 0xBCAF, 0xBC6E, 0xB42D,
    0xB40B, 0xABEB, 0xABAB, 0xA36A, 0xA349, 0x9B29, 0x9AE8, 0x92C7,
    0x9287, 0x8A66, 0x8A25, 0x8A05, 0x81E4, 0x81A4, 0x7983, 0x7963,
    0x7942, 0x7942, 0x7942, 0x7942, 0x7942, 0x7942, 0x7942, 0x7942,
    0x4249, 0x8CB4, 0xADB8, 0xC65A, 0xD6FC, 0xDEFC, 0xDEFD, 0xE71D,
    0xEF7E, 0xEF9E, 0xEF3D, 0xEF9D, 0xF7DF, 0xF7BE, 0xF7DE, 0xFFDE,
    0xFFDE, 0xF7BD, 0xF7BD, 0xF7BD, 0xF79C, 0xF77B, 0xEF5B, 0xEF39,
    0xEF19, 0xEEF9, 0xE6B8, 0xE6B7, 0xE676, 0xDE76, 0xDE35, 0xD5F4,
    0xD5D3, 0xD5B3, 0xCD92, 0xCD51, 0xC510, 0xC4EF, 0xBCAE, 0xBC6E,
    0xB42C, 0xB40C, 0xABCB, 0xAB6A, 0xA349, 0x9B28, 0x9AE8, 0x92C7,
    0x9286, 0x8A46, 0x8A25, 0x8A05, 0x81E4, 0x81A4, 0x7983, 0x7963,
    0x7962, 0x7942, 0x7942, 0x7942, 0x7942, 0x7942, 0x7942, 0x7942,
    0x4229, 0x8473, 0xB598, 0xCEBC, 0xE77F, 0xDF3E, 0xE71D, 0xE6DB,
    0xE6FC, 0xEF9E, 0xF79E, 0xF7DF, 0xF7BF, 0xF7DF, 0xFFDF, 0xF7DE,
    0xFFBE, 0xFFBD, 0xF7BD, 0xF7BD, 0xF79C, 0xF77C, 0xF77B, 0xEF3A,
    0xEF19, 0xEEF9, 0xE6D8, 0xE6B7, 0xE696, 0xDE76, 0xDE35, 0xDE14,
    0xD5D3, 0xCD92, 0xCD72, 0xCD51, 0xC510, 0xC4CF, 0xBCAE, 0xBC6E,
    0xB44D, 0xB40C, 0xABEB, 0xABAB, 0xA36A, 0xA349, 0x9B08, 0x92C8,
    0x92A7, 0x8A66, 0x8A25, 0x8A05, 0x81C4, 0x81A4, 0x8183, 0x7963,
    0x7942, 0x7942, 0x7942, 0x7942, 0x7942, 0x7942, 0x7942, 0x7942,
  };

  const EyeDefinition eye PROGMEM = {
      "hazel_eye", 0.5, 0, 0, nullptr,
      { 0, 0.0, 0.35, 0.8 },
      { 0.5, { iris_texture, 256, 83 }, 65224, 0, 0, 0, 0 },
      { { sclera_texture, 128, 64 }, 65535, 0, 0, 0, 0 },
      { upper, lower, 0, 0.3, 0.0, true },
      { 240, nullptr, nullptr }
  };
}  // namespace
