#pragma once

#include <Arduino.h>
#include "eyes.h"

namespace leopard {

  // upper eyelid lookup table (480 columns, 0-255 range)
  const uint8_t upper[960] PROGMEM = {
    93, 104, 90, 105, 88, 106, 86, 107, 84, 107, 82, 108, 81, 108, 80, 109,
    78, 109, 77, 111, 76, 111, 75, 112, 74, 112, 73, 113, 72, 113, 71, 114,
    70, 114, 69, 115, 68, 115, 67, 116, 66, 116, 65, 117, 65, 117, 64, 118,
    63, 119, 62, 119, 62, 120, 61, 120, 60, 121, 60, 121, 58, 122, 58, 122,
    57, 123, 56, 123, 56, 124, 55, 124, 55, 124, 54, 125, 53, 125, 53, 126,
    52, 126, 52, 127, 51, 128, 51, 128, 50, 128, 49, 129, 49, 129, 48, 130,
    48, 130, 47, 131, 47, 131, 46, 131, 46, 132, 46, 132, 45, 133, 45, 133,
    44, 133, 44, 134, 43, 134, 43, 135, 43, 135, 42, 136, 41, 136, 41, 137,
    41, 137, 40, 137, 40, 138, 40, 138, 39, 138, 39, 139, 38, 139, 38, 139,
    38, 140, 38, 140, 37, 140, 37, 141, 37, 141, 36, 142, 36, 142, 36, 142,
    35, 143, 35, 143, 35, 143, 35, 143, 34, 144, 34, 145, 34, 145, 33, 145,
    33, 146, 32, 146, 32, 146, 32, 146, 32, 147, 31, 147, 31, 147, 31, 148,
    31, 148, 31, 148, 30, 148, 30, 149, 30, 149, 30, 149, 29, 150, 29, 150,
    29, 150, 29, 150, 29, 151, 28, 151, 28, 151, 28, 151, 28, 152, 28, 152,
    28, 153, 27, 153, 27, 153, 27, 153, 27, 154, 27, 154, 27, 154, 26, 154,
    26, 155, 26, 155, 26, 155, 26, 155, 26, 155, 26, 156, 26, 156, 25, 156,
    25, 156, 25, 157, 25, 157, 24, 157, 24, 157, 24, 157, 24, 158, 24, 158,
    24, 158, 24, 158, 24, 158, 24, 159, 24, 159, 24, 159, 23, 159, 23, 159,
    23, 159, 23, 160, 23, 160, 23, 160, 23, 160, 23, 160, 23, 161, 23, 161,
    23, 161, 23, 162, 23, 162, 23, 162, 22, 162, 22, 162, 22, 162, 22, 162,
    22, 163, 22, 163, 22, 163, 22, 163, 22, 163, 22, 163, 22, 164, 22, 164,
    22, 164, 22, 164, 22, 164, 22, 164, 22, 164, 22, 164, 22, 165, 22, 165,
    21, 165, 21, 165, 21, 165, 21, 165, 21, 165, 21, 165, 21, 166, 21, 166,
    21, 166, 21, 166, 21, 166, 21, 166, 21, 166, 21, 166, 21, 167, 21, 167,
    21, 167, 21, 167, 21, 167, 21, 167, 21, 167, 21, 167, 21, 167, 21, 167,
    21, 167, 21, 168, 21, 168, 21, 168, 21, 168, 21, 168, 21, 168, 21, 168,
    21, 168, 21, 168, 21, 168, 21, 168, 21, 168, 21, 169, 21, 169, 21, 169,
    21, 169, 21, 169, 21, 169, 21, 170, 21, 170, 21, 170, 21, 170, 21, 170,
    21, 170, 21, 170, 21, 170, 21, 170, 21, 170, 21, 170, 21, 170, 21, 170,
    21, 170, 21, 170, 21, 170, 21, 170, 21, 170, 21, 171, 21, 171, 21, 171,
    21, 171, 22, 171, 22, 171, 22, 171, 22, 171, 22, 171, 22, 171, 22, 171,
    22, 171, 22, 171, 22, 171, 22, 171, 22, 171, 23, 171, 23, 171, 23, 171,
    23, 171, 23, 171, 23, 171, 23, 171, 23, 171, 23, 171, 24, 171, 24, 171,
    24, 171, 24, 171, 24, 171, 24, 171, 24, 171, 25, 171, 25, 171, 25, 171,
    25, 171, 26, 171, 26, 171, 26, 171, 26, 171, 26, 171, 26, 171, 26, 171,
    27, 171, 27, 171, 27, 171, 27, 171, 27, 171, 27, 171, 28, 171, 28, 171,
    28, 171, 28, 171, 28, 171, 28, 171, 29, 171, 29, 171, 29, 171, 29, 171,
    29, 171, 30, 171, 30, 171, 30, 171, 30, 171, 30, 171, 31, 171, 31, 171,
    31, 171, 31, 171, 31, 171, 32, 171, 32, 171, 32, 171, 32, 171, 32, 171,
    33, 171, 33, 171, 34, 171, 34, 171, 34, 171, 34, 171, 34, 171, 35, 170,
    35, 170, 35, 170, 35, 170, 36, 170, 36, 170, 36, 170, 36, 170, 37, 170,
    37, 170, 37, 170, 37, 170, 38, 170, 38, 170, 38, 170, 39, 170, 39, 170,
    39, 170, 39, 170, 40, 169, 40, 169, 40, 169, 41, 169, 41, 169, 41, 169,
    42, 169, 43, 169, 43, 169, 43, 168, 44, 168, 44, 168, 44, 168, 45, 168,
    45, 168, 46, 168, 46, 168, 46, 168, 47, 168, 47, 168, 47, 168, 48, 168,
    48, 168, 49, 167, 49, 167, 50, 167, 50, 167, 51, 167, 51, 167, 52, 167,
    52, 167, 53, 167, 53, 167, 53, 167, 54, 167, 54, 167, 55, 167, 55, 166,
    56, 166, 56, 166, 57, 166, 57, 166, 58, 166, 58, 166, 58, 166, 59, 166,
    60, 166, 60, 166, 61, 166, 61, 165, 62, 165, 62, 165, 63, 165, 63, 165,
    64, 165, 65, 165, 65, 165, 66, 165, 66, 165, 67, 165, 68, 165, 68, 165,
    69, 164, 70, 164, 70, 164, 71, 164, 72, 164, 72, 164, 73, 164, 73, 164,
    74, 164, 75, 164, 75, 164, 76, 164, 77, 163, 78, 163, 78, 163, 79, 163,
    80, 163, 80, 163, 81, 163, 82, 163, 82, 163, 83, 163, 83, 163, 85, 163,
    85, 163, 86, 163, 87, 162, 87, 162, 88, 162, 89, 162, 89, 162, 90, 162,
    91, 162, 91, 162, 92, 162, 93, 162, 94, 162, 95, 162, 95, 162, 96, 162,
    97, 162, 98, 162, 98, 162, 99, 162, 100, 162, 101, 162, 102, 162, 103, 162,
    103, 162, 104, 162, 105, 162, 106, 161, 107, 161, 108, 161, 109, 162, 110, 162,
    111, 162, 112, 162, 113, 162, 114, 162, 115, 162, 116, 162, 118, 162, 119, 162,
    120, 162, 122, 162, 123, 162, 124, 162, 126, 162, 127, 162, 129, 162, 130, 162,
    132, 162, 134, 162, 136, 162, 138, 162, 140, 162, 142, 162, 145, 162, 148, 162,
  };

  // lower eyelid lookup table (480 columns, 0-255 range)
  const uint8_t lower[960] PROGMEM = {
    112, 102, 115, 102, 117, 103, 120, 103, 122, 104, 123, 104, 125, 105, 128, 105,
    129, 106, 131, 106, 133, 107, 134, 107, 136, 108, 137, 109, 139, 109, 140, 110,
    141, 111, 143, 111, 144, 112, 145, 112, 146, 113, 147, 113, 148, 114, 149, 114,
    150, 115, 151, 115, 153, 116, 154, 116, 154, 117, 155, 117, 156, 118, 157, 119,
    158, 119, 158, 119, 159, 120, 160, 120, 161, 121, 162, 121, 163, 122, 163, 122,
    164, 123, 165, 123, 165, 123, 166, 124, 167, 124, 167, 125, 168, 125, 169, 126,
    170, 126, 170, 126, 171, 127, 172, 128, 172, 128, 173, 128, 173, 129, 174, 129,
    174, 130, 175, 130, 176, 130, 176, 131, 177, 131, 177, 131, 178, 132, 179, 132,
    179, 133, 180, 133, 180, 133, 181, 134, 181, 134, 182, 134, 182, 135, 183, 136,
    183, 136, 183, 136, 184, 137, 184, 137, 185, 137, 185, 138, 186, 138, 187, 138,
    187, 139, 187, 139, 188, 139, 188, 140, 189, 140, 189, 140, 189, 141, 190, 141,
    190, 141, 191, 141, 191, 142, 191, 142, 192, 142, 192, 143, 192, 143, 193, 143,
    193, 144, 194, 144, 194, 145, 194, 145, 195, 145, 195, 145, 196, 146, 196, 146,
    196, 146, 197, 147, 197, 147, 197, 147, 198, 147, 198, 148, 198, 148, 199, 148,
    199, 148, 199, 149, 200, 149, 200, 149, 200, 149, 201, 150, 201, 150, 201, 150,
    201, 150, 202, 151, 202, 151, 202, 151, 203, 151, 203, 152, 204, 152, 204, 153,
    204, 153, 204, 153, 205, 153, 205, 153, 205, 154, 205, 154, 206, 154, 206, 154,
    206, 155, 206, 155, 207, 155, 207, 155, 207, 155, 207, 156, 208, 156, 208, 156,
    208, 156, 208, 156, 208, 157, 209, 157, 209, 157, 209, 157, 209, 157, 209, 158,
    210, 158, 210, 158, 210, 158, 210, 158, 211, 158, 211, 159, 211, 159, 211, 159,
    211, 159, 211, 159, 212, 160, 212, 160, 212, 160, 213, 160, 213, 160, 213, 160,
    213, 161, 213, 161, 213, 161, 214, 161, 214, 162, 214, 162, 214, 162, 214, 162,
    214, 162, 215, 162, 215, 163, 215, 163, 215, 163, 215, 163, 215, 163, 215, 163,
    216, 163, 216, 163, 216, 164, 216, 164, 216, 164, 216, 164, 216, 164, 216, 164,
    217, 164, 217, 164, 217, 165, 217, 165, 217, 165, 217, 165, 217, 165, 217, 165,
    217, 165, 218, 165, 218, 165, 218, 166, 218, 166, 218, 166, 218, 166, 218, 166,
    218, 166, 218, 166, 218, 166, 219, 166, 219, 166, 219, 167, 219, 167, 219, 167,
    219, 167, 219, 167, 219, 167, 219, 167, 219, 167, 219, 167, 219, 167, 220, 167,
    220, 167, 220, 167, 220, 168, 220, 168, 220, 168, 220, 168, 220, 168, 220, 168,
    221, 168, 221, 168, 221, 168, 221, 168, 221, 168, 221, 168, 221, 168, 221, 168,
    221, 168, 221, 168, 221, 168, 221, 168, 221, 169, 221, 169, 221, 169, 221, 169,
    221, 169, 221, 169, 221, 169, 221, 169, 221, 169, 221, 169, 222, 169, 222, 169,
    222, 169, 222, 169, 222, 169, 222, 169, 222, 169, 222, 169, 222, 169, 222, 170,
    222, 170, 222, 170, 222, 170, 222, 170, 222, 170, 222, 170, 222, 170, 222, 170,
    222, 170, 222, 170, 222, 170, 222, 170, 222, 170, 222, 170, 222, 170, 222, 170,
    222, 170, 222, 170, 222, 170, 222, 169, 222, 169, 222, 169, 222, 169, 222, 169,
    222, 169, 222, 169, 222, 169, 222, 169, 222, 169, 222, 169, 221, 169, 221, 169,
    221, 169, 221, 169, 221, 169, 221, 169, 221, 169, 221, 168, 221, 168, 221, 168,
    221, 168, 221, 168, 221, 168, 221, 168, 221, 168, 221, 168, 220, 168, 220, 168,
    220, 168, 220, 168, 220, 168, 220, 168, 219, 168, 219, 168, 219, 168, 219, 168,
    219, 168, 219, 168, 219, 167, 219, 167, 219, 167, 219, 167, 219, 167, 218, 167,
    218, 167, 218, 167, 218, 167, 218, 167, 218, 167, 218, 167, 218, 167, 218, 167,
    217, 167, 217, 167, 217, 167, 217, 166, 217, 166, 217, 166, 217, 166, 217, 166,
    216, 166, 216, 166, 216, 166, 216, 166, 216, 166, 216, 166, 216, 166, 215, 166,
    215, 166, 215, 166, 215, 166, 215, 165, 215, 165, 214, 165, 214, 165, 214, 165,
    214, 165, 214, 165, 214, 165, 213, 165, 213, 165, 213, 165, 213, 165, 213, 165,
    212, 165, 212, 164, 211, 164, 211, 164, 211, 164, 211, 164, 210, 164, 210, 164,
    210, 164, 210, 164, 210, 164, 209, 164, 209, 164, 209, 164, 208, 164, 208, 164,
    208, 163, 208, 163, 207, 163, 207, 163, 207, 163, 206, 163, 206, 163, 206, 163,
    205, 163, 205, 163, 205, 163, 204, 163, 204, 163, 204, 163, 203, 163, 203, 162,
    202, 162, 202, 162, 202, 162, 201, 162, 201, 162, 201, 162, 200, 162, 200, 162,
    199, 162, 199, 162, 199, 162, 198, 162, 198, 162, 198, 162, 197, 161, 197, 161,
    197, 161, 196, 161, 196, 161, 195, 161, 195, 161, 194, 161, 194, 160, 193, 160,
    193, 160, 193, 160, 192, 160, 192, 160, 192, 160, 191, 160, 191, 160, 190, 160,
    190, 160, 190, 160, 189, 160, 189, 160, 189, 160, 188, 160, 188, 160, 187, 160,
    187, 159, 187, 159, 186, 159, 185, 159, 185, 159, 184, 159, 184, 159, 184, 159,
    183, 159, 183, 159, 182, 159, 182, 159, 182, 159, 181, 159, 181, 159, 180, 159,
    180, 159, 180, 159, 179, 159, 179, 159, 178, 159, 177, 159, 177, 159, 177, 159,
    176, 159, 176, 159, 176, 159, 175, 159, 175, 159, 175, 160, 174, 160, 174, 160,
    174, 160, 173, 160, 173, 160, 173, 160, 173, 160, 172, 160, 172, 160, 172, 160,
  };

  // iris_texture (256x115 px, RGB565 angle-major: T[angle*115+radius])
  const uint16_t iris_texture[29440] PROGMEM = {
    0x730E, 0x72EA, 0x8349, 0x9C30, 0xA4D2, 0xACF3, 0xA452, 0x9C11,
    0x8BCF, 0x836D, 0x8B6E, 0x830D, 0x72AA, 0x7B8A, 0x9C4D, 0xB46F,
    0xAC2F, 0xA44F, 0xA490, 0xA4D1, 0xA48F, 0xA46F, 0xACF3, 0xA4D1,
    0x9C8F, 0x9C6F, 0xA48F, 0xACAF, 0xACAE, 0xACAF, 0xA48F, 0xA48F,
    0xA490, 0xA48F, 0xA48F, 0xACD1, 0xB512, 0xBD13, 0xB512, 0xB512,
    0xB4D0, 0xB4AE, 0xB48F, 0xB4AF, 0xB4AF, 0xB4AF, 0xB4D0, 0xB4F0,
    0xBD11, 0xBCF0, 0xB4CF, 0xBCCF, 0xB4CF, 0xBCCF, 0xB4D0, 0xB4F0,
    0xB4CF, 0xACAE, 0xA48E, 0x9C6F, 0xA491, 0xACF2, 0xB533, 0xAD13,
    0xAD13, 0xACF2, 0xAD13, 0xAD13, 0xAD13, 0xB553, 0xB574, 0xB553,
    0xB532, 0xB532, 0xB532, 0xB532, 0xB532, 0xB532, 0xB533, 0xB533,
    0xB512, 0xB533, 0xB554, 0xB554, 0xB574, 0xBD74, 0xB595, 0xB596,
    0xB596, 0xBD96, 0xB596, 0xB596, 0xB596, 0xBD96, 0xBD96, 0xBDB6,
    0xBDF7, 0xC618, 0xCE18, 0xCE18, 0xCE38, 0xCE38, 0xD638, 0xCE18,
    0xC618, 0xC5F8, 0x9C94, 0x838F, 0x7B2E, 0x8C12, 0x5B50, 0x21CA,
    0x29CB, 0x320C, 0x3A4D, 0x7B2E, 0x7B2C, 0x8B8B, 0x9430, 0x9471,
    0x9C91, 0xA492, 0xAC92, 0xAC72, 0x9C10, 0x8BCF, 0x734C, 0x6AE9,
    0x7B6B, 0xA40D, 0xBC4F, 0xAC50, 0xAC70, 0xACB1, 0xACF3, 0xA4D2,
    0xA4D1, 0xACF3, 0xACF1, 0xA4B0, 0x9C90, 0xACD1, 0xACAF, 0xA44D,
    0x9C4E, 0x9C4F, 0xA491, 0xAD13, 0xAD12, 0xA48F, 0x9C4E, 0xA48F,
    0xB532, 0xBD54, 0xBD74, 0xBD54, 0xBD33, 0xB512, 0xB4D0, 0xB48F,
    0xB4CF, 0xBD31, 0xB552, 0xB533, 0xB512, 0xB512, 0xBD12, 0xB4F1,
    0xACD0, 0xB4F0, 0xC530, 0xBCCF, 0xA44D, 0x9C2E, 0xA490, 0xACF3,
    0xAD13, 0xAD13, 0xAD13, 0xB513, 0xB533, 0xB534, 0xB533, 0xB533,
    0xB553, 0xB574, 0xB554, 0xB553, 0xB532, 0xB532, 0xB532, 0xB552,
    0xB552, 0xB532, 0xB532, 0xB512, 0xB533, 0xB553, 0xB554, 0xB554,
    0xB554, 0xB554, 0xB575, 0xB576, 0xB575, 0xB575, 0xB596, 0xBDB6,
    0xBDB6, 0xBDB6, 0xBDB6, 0xC5F7, 0xCE18, 0xCE38, 0xCE38, 0xCE18,
    0xCE38, 0xD659, 0xCE38, 0xC618, 0xC5D7, 0xA4D4, 0x8BD0, 0x7B0D,
    0x83B1, 0x5B30, 0x2A0B, 0x29EB, 0x31EB, 0x322C, 0x734D, 0x7B0A,
    0x8B6A, 0x9C70, 0x9C91, 0x9451, 0x9C11, 0x9C31, 0xA452, 0x9BF1,
    0x7B6E, 0x630C, 0x6B2C, 0x83AE, 0xA40E, 0xBC4E, 0xAC6E, 0xA46F,
    0xA470, 0xA4B2, 0xAD13, 0xB513, 0xB4F2, 0xACD2, 0xACD2, 0xACB2,
    0xACF3, 0xB514, 0xACF3, 0xACD3, 0xACD2, 0xACF3, 0xAD13, 0xACD2,
    0xB4D2, 0xB512, 0xB512, 0xB4F2, 0xBD12, 0xC532, 0xC533, 0xBD53,
    0xBD53, 0xBD53, 0xBD54, 0xBD55, 0xBD34, 0xBD12, 0xB511, 0xB512,
    0xB532, 0xBD32, 0xBD32, 0xBD12, 0xB4D2, 0xB4F2, 0xB513, 0xB514,
    0xACD3, 0xA4B2, 0xACD2, 0xACF2, 0xB513, 0xB533, 0xAD33, 0xAD13,
    0xAD13, 0xAD13, 0xAD12, 0xAD13, 0xAD14, 0xB534, 0xB554, 0xB553,
    0xAD12, 0xACF2, 0xB513, 0xB533, 0xB513, 0xB512, 0xAD12, 0xAD13,
    0xAD33, 0xB533, 0xB553, 0xB554, 0xB555, 0xB576, 0xB576, 0xB575,
    0xB575, 0xB596, 0xBDB6, 0xBDD6, 0xC5B6, 0xC5B6, 0xCDF7, 0xCE38,
    0xCE38, 0xD638, 0xCE18, 0xCE18, 0xDE9A, 0xC618, 0xBDD7, 0xC5D7,
    0xAD15, 0x9431, 0x7B2D, 0x7BB1, 0x5B50, 0x322C, 0x320B, 0x31EB,
    0x320B, 0x7B0B, 0x72EB, 0x7B2C, 0x9C2F, 0xAC90, 0xA492, 0xA452,
    0x9C30, 0x93F0, 0x8B90, 0x8B71, 0x8310, 0x7B0E, 0x8BAF, 0xA470,
    0xBCD0, 0xC4EF, 0xB4D0, 0xA4B2, 0xACB3, 0xACD2, 0xB512, 0xB512,
    0xB4F3, 0xACF3, 0xACF2, 0xACF2, 0xACD2, 0xACD2, 0xACD2, 0xACF2,
    0xB4F3, 0xACF2, 0xB4F2, 0xB512, 0xBD12, 0xBD12, 0xBD12, 0xBD33,
    0xBD33, 0xB513, 0xB512, 0xB4F2, 0xB4F2, 0xB4F2, 0xB4F3, 0xB513,
    0xB533, 0xB533, 0xB512, 0xBD12, 0xBD12, 0xC552, 0xC552, 0xBD12,
    0xACF2, 0xACD2, 0xACD2, 0xACD2, 0xACF2, 0xB4F3, 0xACF2, 0xACF3,
    0xB533, 0xB554, 0xB533, 0xAD13, 0xB533, 0xAD33, 0xAD33, 0xB514,
    0xAD13, 0xAD13, 0xAD13, 0xAD12, 0xA4F1, 0xA512, 0xAD12, 0xAD12,
    0xAD12, 0xACF2, 0xACF2, 0xAD12, 0xAD33, 0xAD54, 0xB575, 0xAD55,
    0xB555, 0xB575, 0xB575, 0xB5B6, 0xBDB6, 0xBDD6, 0xBDD7, 0xC5D6,
    0xC5D6, 0xCDF7, 0xCE38, 0xCE39, 0xCE38, 0xCE18, 0xCE38, 0xDE9A,
    0xC5F8, 0xBDD7, 0xC5F8, 0xAD55, 0x9C51, 0x7B6E, 0x7BD1, 0x5330,
    0x29EB, 0x320B, 0x29EB, 0x29EB, 0x730C, 0x7B0C, 0x93AF, 0xB513,
    0xA4D3, 0x9C51, 0xA430, 0xA410, 0x9C11, 0x93F1, 0x73AF, 0x6B4E,
    0x836E, 0xAC51, 0xACF3, 0xA4F2, 0xACD1, 0xACF0, 0xACF1, 0xB512,
    0xB533, 0xBD32, 0xBD12, 0xB4F2, 0xACF3, 0xACF3, 0xB513, 0xB513,
    0xB513, 0xACF2, 0xACF3, 0xAD13, 0xB512, 0xBD12, 0xBD12, 0xBD12,
    0xBD12, 0xB4F2, 0xB4F2, 0xBD12, 0xBD12, 0xB512, 0xB4F2, 0xB513,
    0xB512, 0xB512, 0xB512, 0xBD13, 0xBD13, 0xB513, 0xB533, 0xB513,
    0xBD12, 0xC532, 0xBD53, 0xB533, 0xAD13, 0xB513, 0xB4F3, 0xACF2,
    0xB513, 0xACF3, 0xB513, 0xB554, 0xBD94, 0xBD94, 0xBD74, 0xBD74,
    0xBD94, 0xBD74, 0xBD74, 0xBD74, 0xBD74, 0xB533, 0xAD12, 0xAD12,
    0xB533, 0xAD12, 0xAD12, 0xAD12, 0xACD2, 0xA4D2, 0xA4F2, 0xAD32,
    0xAD54, 0xAD54, 0xAD54, 0xB574, 0xBD75, 0xBD75, 0xBD96, 0xBDB6,
    0xC5D7, 0xBDD7, 0xC5D6, 0xC5D6, 0xCDF6, 0xCE17, 0xCE39, 0xCE39,
    0xCE18, 0xCE18, 0xDE79, 0xCE18, 0xCDF8, 0xCE19, 0xAD35, 0x9451,
    0x83AE, 0x7BF2, 0x530F, 0x21AA, 0x320C, 0x31EB, 0x29CB, 0x732C,
    0x7B4B, 0x940D, 0xB552, 0xACF2, 0x9C51, 0x9C51, 0x9C31, 0x9C31,
    0x9411, 0x83AF, 0x8BD0, 0xA452, 0xAC92, 0xACB1, 0xACD1, 0xB4D2,
    0xB4F2, 0xACD1, 0xACD1, 0xACF2, 0xB513, 0xBD33, 0xB513, 0xACF2,
    0xA4D2, 0xACF2, 0xACF2, 0xACF3, 0xACD2, 0xACD2, 0xAD12, 0xB512,
    0xBD33, 0xB513, 0xB512, 0xBD12, 0xBD32, 0xBD12, 0xBCF2, 0xBCF2,
    0xB512, 0xB4F2, 0xACF2, 0xB512, 0xBD33, 0xBD34, 0xBD53, 0xBD54,
    0xBD74, 0xBD54, 0xBD33, 0xBD33, 0xBD54, 0xB553, 0xB512, 0xACF2,
    0xACF2, 0xACF3, 0xACF2, 0xACF2, 0xACF2, 0xB512, 0xB533, 0xB533,
    0xBD54, 0xBD54, 0xB554, 0xB553, 0xB533, 0xAD33, 0xB553, 0xB573,
    0xB553, 0xAD33, 0xAD13, 0xAD33, 0xA4F2, 0x9CB1, 0x9CB1, 0x9C91,
    0x9CB2, 0xA4D2, 0xACF1, 0xA512, 0xAD54, 0xB575, 0xBD96, 0xB575,
    0xB595, 0xBD95, 0xBDB6, 0xC5D6, 0xBDB6, 0xBDB6, 0xC5D6, 0xD617,
    0xD618, 0xCE18, 0xCE18, 0xCE18, 0xCE38, 0xD699, 0xCE18, 0xCDF8,
    0xCE18, 0xB555, 0x9C91, 0x7BAE, 0x73D1, 0x4AAE, 0x1949, 0x322C,
    0x320C, 0x29CB, 0x732A, 0x836A, 0x9C2D, 0xACD2, 0xA4B3, 0x9C72,
    0x9C92, 0xA4D4, 0x9CB4, 0x8BF1, 0x732E, 0x7B8F, 0x9C31, 0x9C72,
    0xA4B2, 0xAD12, 0xAD12, 0xAD12, 0xB533, 0xB533, 0xB533, 0xB533,
    0xB533, 0xB533, 0xB4F2, 0xACD1, 0xACF1, 0xAD12, 0xACF2, 0xACF2,
    0xAD12, 0xB533, 0xB533, 0xB533, 0xB533, 0xBD33, 0xB533, 0xB513,
    0xAD13, 0xB513, 0xBD33, 0xBD74, 0xBD53, 0xB512, 0xB4F2, 0xB513,
    0xBD33, 0xBD33, 0xB4F2, 0xACD2, 0xB512, 0xBD53, 0xB575, 0xB534,
    0xB512, 0xB4F2, 0xACF2, 0xACF2, 0xACF2, 0xACF2, 0xB513, 0xB533,
    0xB553, 0xBD53, 0xB553, 0xB553, 0xB574, 0xBD74, 0xBD74, 0xBD54,
    0xB553, 0xB533, 0xB512, 0xB512, 0xB533, 0xAD33, 0xA4D1, 0x9C70,
    0x9C91, 0x9CB2, 0x9CB2, 0x9C71, 0x9C70, 0xA4B1, 0xAD12, 0xAD74,
    0xB575, 0xB575, 0xB575, 0xB575, 0xBD95, 0xBD96, 0xBDB6, 0xBDB6,
    0xBDB6, 0xBDB6, 0xD618, 0xD618, 0xCE18, 0xCE38, 0xCE38, 0xD638,
    0xD679, 0xCE18, 0xCDF8, 0xCDF8, 0xBDB6, 0xA4F3, 0x7BCF, 0x6B90,
    0x426D, 0x1969, 0x324C, 0x320C, 0x29AB, 0x730C, 0x8B8C, 0xA42E,
    0xA471, 0xA4B3, 0xA4B4, 0x9C73, 0x9C72, 0x9CB2, 0x9CB3, 0x83B1,
    0x732F, 0x7B90, 0x9433, 0xAC93, 0xACB1, 0xACB0, 0xB4F2, 0xB534,
    0xB574, 0xB553, 0xBD33, 0xBD54, 0xB533, 0xAD12, 0xACF2, 0xB533,
    0xB533, 0xAD12, 0xAD12, 0xAD12, 0xB533, 0xBD54, 0xBD53, 0xB533,
    0xB533, 0xB513, 0xB514, 0xB535, 0xB555, 0xB554, 0xBD33, 0xBD32,
    0xBD33, 0xBD33, 0xBD33, 0xBD33, 0xB512, 0xB512, 0xBD33, 0xC595,
    0xBDB6, 0xBD95, 0xBD53, 0xBD33, 0xBD33, 0xB534, 0xB513, 0xB512,
    0xACF2, 0xACF2, 0xB533, 0xC5B5, 0xCDD6, 0xC5B5, 0xBD73, 0xB553,
    0xBD74, 0xBD94, 0xBD74, 0xBD74, 0xB533, 0xB533, 0xBD53, 0xBD73,
    0xB532, 0xA4B1, 0xA490, 0xA4B1, 0xACF2, 0xACF3, 0x9C91, 0x9450,
    0x9C91, 0xAD12, 0xB553, 0xB554, 0xB575, 0xB575, 0xB575, 0xB595,
    0xBDB6, 0xBDD6, 0xBDB6, 0xBDB6, 0xBDB5, 0xD5F7, 0xD638, 0xCE38,
    0xCE39, 0xCE18, 0xCE18, 0xD659, 0xCE18, 0xCDF7, 0xC5D7, 0xC5D7,
    0xB554, 0x8C10, 0x634F, 0x3A4D, 0x29AB, 0x324C, 0x320C, 0x29CB,
    0x5247, 0x5287, 0x736B, 0xA493, 0xACF4, 0xACF3, 0xB513, 0xACD2,
    0xA493, 0xA493, 0xA4B3, 0x9451, 0x838E, 0x836E, 0x8BF0, 0x9C92,
    0xA4B3, 0xACD3, 0xACB2, 0xACD2, 0xACD2, 0xB534, 0xBD96, 0xBD75,
    0xB513, 0xA4D1, 0xB513, 0xB513, 0xA4D2, 0xACF2, 0xAD12, 0xAD13,
    0xB554, 0xBD75, 0xBD75, 0xBD95, 0xBD74, 0xB533, 0xACF3, 0xAD13,
    0xB534, 0xBD33, 0xBD34, 0xBD54, 0xBD74, 0xBD74, 0xBD33, 0xBD33,
    0xBD53, 0xBD94, 0xBDB5, 0xBD93, 0xBD31, 0xBCF0, 0xACD2, 0xACF2,
    0xB4F2, 0xB512, 0xB513, 0xB513, 0xB513, 0xB554, 0xBD74, 0xC573,
    0xBD94, 0xB553, 0xB533, 0xB553, 0xB553, 0xB574, 0xB553, 0xB553,
    0xB533, 0xBD33, 0xBD53, 0xBD53, 0xB532, 0xACF1, 0xACF1, 0xA4F2,
    0xA4B1, 0x9CD2, 0xA513, 0xA534, 0xAD74, 0xB575, 0xB575, 0xBD95,
    0xBD96, 0xB595, 0xB595, 0xBDB5, 0xBDD6, 0xBDD6, 0xBDB6, 0xBDB5,
    0xD5F7, 0xD639, 0xCE59, 0xCE59, 0xCE38, 0xCE38, 0xCE59, 0xCE18,
    0xCDF7, 0xBDD7, 0xC638, 0xBDD6, 0x9450, 0x634F, 0x3A6D, 0x320C,
    0x322C, 0x320B, 0x29EB, 0x832C, 0x72C8, 0x7B28, 0xAC50, 0xACB3,
    0xA4D4, 0xA4B3, 0xA4B3, 0xA494, 0xA493, 0xA4B4, 0xA4B5, 0x9C54,
    0x8370, 0x736E, 0x7C30, 0xA4D2, 0xBD13, 0xB4D2, 0xACB2, 0xA4D2,
    0xACF2, 0xACF3, 0xB513, 0xACD3, 0xA492, 0xB513, 0xB513, 0xA491,
    0xACB3, 0xAD13, 0xB533, 0xACF2, 0xACD2, 0xACD3, 0xB514, 0xBD55,
    0xBD75, 0xBD54, 0xBD54, 0xBD74, 0xBDB4, 0xBD94, 0xBD74, 0xBD74,
    0xBD54, 0xBD53, 0xBD53, 0xBD33, 0xBD12, 0xBCF1, 0xBCB1, 0xBCF1,
    0xB511, 0xACF2, 0xACD1, 0xACF1, 0xAD12, 0xB4F2, 0xACF2, 0xAD12,
    0xB533, 0xC573, 0xBD73, 0xBD73, 0xB533, 0xB532, 0xBD53, 0xBD53,
    0xB532, 0xB533, 0xBD53, 0xBD53, 0xB512, 0xB532, 0xBD52, 0xBD51,
    0xB511, 0xACF2, 0xAD13, 0xBD94, 0xBD94, 0xB574, 0xAD54, 0xAD54,
    0xB595, 0xB5B5, 0xB5B5, 0xB575, 0xB575, 0xB595, 0xBDB5, 0xBDB6,
    0xBDB5, 0xBD95, 0xC5B5, 0xD5F8, 0xD639, 0xCE59, 0xD659, 0xCE38,
    0xCE38, 0xCE38, 0xCE18, 0xCE17, 0xBDB7, 0xCE39, 0xBDB6, 0x8410,
    0x5B4F, 0x428E, 0x322C, 0x322C, 0x29EB, 0x29EB, 0x62AB, 0x62A8,
    0x7329, 0x9430, 0xA4D3, 0xB4F4, 0xB4B3, 0xACD3, 0xACD3, 0xACD3,
    0xACB4, 0x9494, 0x8C73, 0x8C72, 0x8410, 0x83CF, 0x9410, 0x9CD2,
    0xAD53, 0xB533, 0xB513, 0xACD2, 0xA4B2, 0xACD2, 0xB4F2, 0xACB1,
    0xB512, 0xB4F1, 0xAC90, 0xB4D1, 0xB512, 0xAD12, 0xA4B2, 0xA4B2,
    0xACD2, 0xACF2, 0xB513, 0xBD33, 0xBD54, 0xB553, 0xBD53, 0xBD73,
    0xC574, 0xBD74, 0xBD74, 0xBD74, 0xBD74, 0xBD54, 0xB553, 0xBD53,
    0xBD53, 0xBD33, 0xB512, 0xB512, 0xACF2, 0xACD2, 0xACF2, 0xAD12,
    0xB512, 0xB533, 0xBD53, 0xBD94, 0xC594, 0xC593, 0xBD73, 0xBD72,
    0xBD72, 0xC593, 0xBD73, 0xBD73, 0xC574, 0xC594, 0xBD73, 0xBD53,
    0xBD73, 0xBD73, 0xBD73, 0xBD53, 0xB532, 0xAD32, 0xB533, 0xAD54,
    0xAD54, 0xB554, 0xB574, 0xB574, 0xAD54, 0xAD34, 0xAD54, 0xB575,
    0xB594, 0xB5B5, 0xBDB5, 0xBD95, 0xBD95, 0xC5B6, 0xD618, 0xD638,
    0xCE59, 0xD659, 0xD639, 0xCE38, 0xCE39, 0xCE18, 0xCE18, 0xC5F8,
    0xCE79, 0xB595, 0x7B8E, 0x5B30, 0x42B0, 0x322C, 0x322B, 0x29EB,
    0x31EB, 0x5A88, 0x5226, 0x7287, 0x9BCF, 0xA4D2, 0x9CF3, 0x9C93,
    0xB4D3, 0xBCF3, 0xB4D3, 0xBCD4, 0xB4D4, 0xA4D2, 0x8CB2, 0x7C51,
    0x73D0, 0x73D0, 0x9452, 0xACB3, 0x9C91, 0xA4B2, 0xB514, 0xC554,
    0xBD73, 0xB532, 0xB4F1, 0xB512, 0xBD53, 0xBD53, 0xB512, 0xB511,
    0xB533, 0xBD54, 0xBD74, 0xBD53, 0xB553, 0xB511, 0xB4F0, 0xBD12,
    0xBD53, 0xC554, 0xBD54, 0xBD74, 0xBD74, 0xBD74, 0xBD74, 0xBD73,
    0xBD54, 0xBD75, 0xBD74, 0xBD74, 0xBD54, 0xB534, 0xB513, 0xAD12,
    0xACF2, 0xB512, 0xB533, 0xB553, 0xBD74, 0xC594, 0xBD74, 0xBD53,
    0xBD93, 0xC5B4, 0xC5B4, 0xC573, 0xBD72, 0xC573, 0xC593, 0xC594,
    0xC574, 0xBD73, 0xBD94, 0xBD94, 0xBD94, 0xBD94, 0xBD73, 0xBD53,
    0xB533, 0xB553, 0xB574, 0xAD75, 0xB574, 0xB575, 0xB595, 0xB594,
    0xB554, 0xB554, 0xB575, 0xAD74, 0xB594, 0xC595, 0xC5B5, 0xC5B5,
    0xBDB5, 0xCE17, 0xD639, 0xD659, 0xD659, 0xD659, 0xCE38, 0xCE59,
    0xCE18, 0xCE17, 0xC5F8, 0xCE59, 0xB595, 0x738F, 0x5B51, 0x42AF,
    0x31EB, 0x322C, 0x2A0B, 0x29EB, 0x62AA, 0x62A8, 0x7AE8, 0x9B8D,
    0xA491, 0xAD33, 0xACD3, 0xBCD4, 0xBCF4, 0xACF3, 0xB4F2, 0xB4F2,
    0xB4D3, 0x9C93, 0x8C32, 0x8431, 0x9472, 0x9C72, 0x9411, 0x838F,
    0x9C93, 0xBD95, 0xBD93, 0xB553, 0xB533, 0xBD53, 0xBD33, 0xB533,
    0xB533, 0xB513, 0xB513, 0xBD33, 0xBD53, 0xB553, 0xB553, 0xBD53,
    0xBD53, 0xBD53, 0xBD32, 0xBD32, 0xBD53, 0xC574, 0xC5B5, 0xC595,
    0xC594, 0xC574, 0xC574, 0xC574, 0xBD73, 0xBD53, 0xBD53, 0xB553,
    0xAD13, 0xACD2, 0xA4D1, 0xAD12, 0xB533, 0xAD13, 0xB513, 0xBD53,
    0xBD73, 0xBD73, 0xBD73, 0xBD73, 0xB573, 0xBD73, 0xBD93, 0xC593,
    0xC593, 0xC593, 0xBD72, 0xC573, 0xBD94, 0xBD74, 0xBD74, 0xBD73,
    0xBD94, 0xBD73, 0xB532, 0xB533, 0xB553, 0xB553, 0xAD33, 0xAD33,
    0xAD54, 0xB575, 0xB595, 0xAD54, 0xA4D3, 0xA4D2, 0xA513, 0xB574,
    0xBD95, 0xBD95, 0xBDB5, 0xBDB5, 0xC5F7, 0xCE38, 0xCE38, 0xCE38,
    0xCE38, 0xCE39, 0xD659, 0xCE17, 0xCDF8, 0xC5F8, 0xCE38, 0xB595,
    0x8411, 0x5331, 0x324D, 0x29CA, 0x324D, 0x320C, 0x29CB, 0x6ACB,
    0x6AA8, 0x6AE7, 0x8B8C, 0xA491, 0xBD55, 0xB4F4, 0xACF3, 0xACD2,
    0xB4D2, 0xC513, 0xBD14, 0xA494, 0x8C32, 0x8C51, 0x9472, 0x9452,
    0x83F0, 0x8C11, 0xACB3, 0xC554, 0xBD74, 0xAD53, 0xB533, 0xBD33,
    0xBD53, 0xB553, 0xB573, 0xBD53, 0xB513, 0xB512, 0xBD53, 0xBD53,
    0xB554, 0xB554, 0xB533, 0xBD33, 0xBD53, 0xBD33, 0xBD33, 0xBD53,
    0xC574, 0xC594, 0xC594, 0xC594, 0xC574, 0xBD53, 0xB552, 0xB532,
    0xBD53, 0xC574, 0xBD33, 0xB512, 0xACD2, 0xA492, 0xA4B2, 0xACF3,
    0xB513, 0xB513, 0xB513, 0xBD53, 0xC593, 0xC5B4, 0xBD95, 0xBD94,
    0xC594, 0xBD94, 0xBD94, 0xBD94, 0xC574, 0xBD73, 0xBD74, 0xC5B5,
    0xC5B5, 0xBD94, 0xB593, 0xBD93, 0xBD74, 0xBD53, 0xBD54, 0xBD94,
    0xB574, 0xB554, 0xB533, 0xAD12, 0xA4F2, 0xA513, 0xB554, 0xB534,
    0xA4F3, 0x9CF3, 0xAD34, 0xBD75, 0xBD75, 0xBD95, 0xBDD5, 0xCE17,
    0xCE38, 0xCE38, 0xCE38, 0xCE38, 0xCE38, 0xCE38, 0xCDF7, 0xCDF7,
    0xC5F8, 0xCE38, 0xBDD7, 0x8C73, 0x4AF0, 0x29EC, 0x29CA, 0x3A6E,
    0x320C, 0x29AA, 0x7B0C, 0x6AC8, 0x6AA6, 0x832A, 0xA491, 0xB555,
    0xA4D4, 0xA4B4, 0xB4F4, 0xBD14, 0xB4F4, 0x9C92, 0x8C51, 0x8C32,
    0x83D1, 0x6B6F, 0x738E, 0x9452, 0xBD35, 0xCDB6, 0xBD74, 0xB554,
    0xB553, 0xB553, 0xB533, 0xBD33, 0xBD54, 0xB574, 0xB553, 0xB533,
    0xBD33, 0xB553, 0xB553, 0xBD74, 0xBD54, 0xB533, 0xB533, 0xBD54,
    0xBD74, 0xBD74, 0xBD54, 0xBD53, 0xBD72, 0xC573, 0xC573, 0xC573,
    0xBD73, 0xBD74, 0xBD74, 0xBD53, 0xB553, 0xB533, 0xB512, 0xACB0,
    0xAC90, 0xACB1, 0xB4D2, 0xB512, 0xBD33, 0xBD53, 0xBD53, 0xBD73,
    0xBD73, 0xBD73, 0xBD73, 0xBD94, 0xBD95, 0xBD95, 0xBD94, 0xBD95,
    0xC5B5, 0xC594, 0xBD74, 0xBD94, 0xC595, 0xC594, 0xC574, 0xC594,
    0xC5B4, 0xBD94, 0xBD74, 0xBD95, 0xC595, 0xBDB5, 0xBDB5, 0xB594,
    0xAD53, 0xB574, 0xBD95, 0xB5B5, 0xB554, 0xB555, 0xC5B7, 0xC5B6,
    0xBDB5, 0xBD95, 0xC5D7, 0xCE38, 0xCE38, 0xCE39, 0xCE38, 0xCE18,
    0xCE18, 0xCE18, 0xCDF7, 0xBDD7, 0xCE17, 0xC5F7, 0x9494, 0x4AD0,
    0x21CB, 0x31EA, 0x3A6E, 0x322C, 0x21C9, 0x62AB, 0x6A89, 0x72A8,
    0x834B, 0x9C4F, 0xACF2, 0xA4B3, 0xBD76, 0xBD75, 0xB4F3, 0x9C92,
    0x9492, 0x9472, 0x8C11, 0x93F0, 0xAC71, 0xC574, 0xC5B5, 0xBD54,
    0xB554, 0xB554, 0xB554, 0xBD34, 0xB554, 0xBD74, 0xBD74, 0xB554,
    0xB554, 0xB554, 0xAD33, 0xB533, 0xB554, 0xB574, 0xB554, 0xB554,
    0xBD75, 0xBD74, 0xBD74, 0xBD74, 0xBD74, 0xBD74, 0xC594, 0xC594,
    0xBD74, 0xBD74, 0xBD53, 0xBD53, 0xBD54, 0xBD53, 0xBD33, 0xB533,
    0xB512, 0xB512, 0xBD33, 0xBD32, 0xBD32, 0xB4F2, 0xACF1, 0xB513,
    0xBD53, 0xBD53, 0xB553, 0xBD53, 0xBD94, 0xBD94, 0xBD94, 0xBD94,
    0xBD94, 0xBD95, 0xBD95, 0xBD95, 0xBD74, 0xBD74, 0xBD74, 0xBD94,
    0xC595, 0xBD94, 0xC594, 0xC594, 0xC594, 0xC5D6, 0xC5D6, 0xC595,
    0xBD74, 0xBD94, 0xBD95, 0xBD74, 0xB575, 0xB595, 0xBD75, 0xBD75,
    0xBD75, 0xC596, 0xC5B5, 0xBD95, 0xBD95, 0xC5D7, 0xCE38, 0xCE58,
    0xCE38, 0xCE38, 0xCE38, 0xCE38, 0xCDF8, 0xC5F7, 0xBDB7, 0xCE58,
    0xBDF7, 0x8434, 0x4AD0, 0x29EC, 0x31EB, 0x428F, 0x322C, 0x21A9,
    0x728B, 0x5A29, 0x5228, 0x6ACB, 0x9430, 0xACF3, 0xA492, 0xA4D3,
    0x9CB3, 0x8C31, 0x7BF1, 0x73D1, 0x8412, 0x9C92, 0xBD33, 0xC573,
    0xB553, 0xACF3, 0xACF3, 0xB554, 0xB554, 0xB554, 0xB554, 0xBD75,
    0xBD75, 0xBD74, 0xBD74, 0xBD94, 0xC5B5, 0xBDB5, 0xBD95, 0xBD95,
    0xBD94, 0xB574, 0xB555, 0xBD75, 0xBD55, 0xBD55, 0xBD54, 0xBD54,
    0xB533, 0xB533, 0xBD53, 0xBD54, 0xBD53, 0xBD54, 0xBD54, 0xBD53,
    0xBD53, 0xBD33, 0xB533, 0xB533, 0xBD33, 0xBD33, 0xB533, 0xB532,
    0xB533, 0xB533, 0xBD33, 0xBD53, 0xB553, 0xB553, 0xBD74, 0xBD74,
    0xAD33, 0xAD33, 0xB553, 0xBD74, 0xBD74, 0xBD74, 0xBD74, 0xBD74,
    0xBD74, 0xBD94, 0xBD94, 0xBD95, 0xBD94, 0xC594, 0xC5B4, 0xC5B5,
    0xC5D5, 0xC5B5, 0xBD94, 0xBD94, 0xBD95, 0xBD95, 0xB574, 0xBD75,
    0xB575, 0xB555, 0xBD75, 0xC595, 0xC595, 0xBD95, 0xBDB6, 0xC5D6,
    0xC617, 0xCE38, 0xCE38, 0xCE38, 0xCE18, 0xCE18, 0xD638, 0xC5F7,
    0xCDF7, 0xCE38, 0xD699, 0xAD76, 0x6351, 0x4AF0, 0x3A4D, 0x31CB,
    0x4A8F, 0x322C, 0x21A9, 0x72C9, 0x6AA9, 0x72EA, 0x8B4B, 0x9C4E,
    0xA4F2, 0x9C94, 0x9434, 0x83D3, 0x8BF2, 0x9452, 0xACF3, 0xBD53,
    0xC553, 0xB533, 0xAD14, 0xB534, 0xB534, 0xB533, 0xB533, 0xBD54,
    0xBD95, 0xBD74, 0xB553, 0xB554, 0xBD55, 0xB554, 0xAD12, 0xB512,
    0xBD33, 0xBD74, 0xBD74, 0xBD74, 0xBD74, 0xBD54, 0xB553, 0xB554,
    0xBD54, 0xBD54, 0xBD53, 0xBD53, 0xBD54, 0xBD55, 0xBD75, 0xBD75,
    0xC594, 0xC594, 0xC573, 0xBD53, 0xB532, 0xB512, 0xB532, 0xB553,
    0xB553, 0xBD54, 0xB513, 0xB512, 0xB533, 0xBD53, 0xBD53, 0xB553,
    0xBD74, 0xBD74, 0xB574, 0xB554, 0xBD74, 0xBD94, 0xBDB4, 0xBD74,
    0xBD74, 0xBD94, 0xBD95, 0xC595, 0xC5B5, 0xBD95, 0xBD95, 0xC595,
    0xC595, 0xC5B5, 0xC5B5, 0xC5B5, 0xBD95, 0xBDB5, 0xBDB5, 0xBD95,
    0xBD95, 0xBD75, 0xBD75, 0xB575, 0xB575, 0xBD75, 0xBD75, 0xBD75,
    0xBD96, 0xBDD6, 0xC5F7, 0xCE18, 0xCE38, 0xCE38, 0xCE38, 0xCE38,
    0xCE18, 0xCE38, 0xC5D7, 0xCE18, 0xCE58, 0xCE79, 0xA535, 0x5B10,
    0x4AF0, 0x3A6D, 0x31AA, 0x4AD0, 0x3A4C, 0x1988, 0x5A27, 0x6A49,
    0x7AEB, 0x6B69, 0x840D, 0xA492, 0xA495, 0x8C33, 0x8C52, 0xACF4,
    0xBD54, 0xBD53, 0xB533, 0xB534, 0xB534, 0xB534, 0xB554, 0xB554,
    0xBD53, 0xBD53, 0xBD54, 0xC554, 0xBD34, 0xBD54, 0xBD75, 0xBD74,
    0xB533, 0xB512, 0xAD12, 0xB533, 0xB553, 0xB553, 0xBD54, 0xBD54,
    0xC554, 0xC595, 0xC595, 0xBD74, 0xBD53, 0xBD53, 0xBD73, 0xBD73,
    0xB552, 0xBD73, 0xC5B4, 0xCD94, 0xC574, 0xBD74, 0xC574, 0xBD53,
    0xBD33, 0xBD53, 0xBD74, 0xBD74, 0xB553, 0xB533, 0xB533, 0xBD53,
    0xB533, 0xB533, 0xB553, 0xBD74, 0xBD74, 0xBD95, 0xBD75, 0xBD95,
    0xC5B5, 0xC5B4, 0xC594, 0xC594, 0xC594, 0xC595, 0xBD95, 0xBD94,
    0xBD74, 0xBD94, 0xBD95, 0xBDB5, 0xC5B5, 0xC5D5, 0xBDB5, 0xBDB5,
    0xBDB5, 0xBD95, 0xBDB5, 0xBDB5, 0xBD95, 0xBD96, 0xC596, 0xBDB6,
    0xBDB6, 0xBDB6, 0xBDB6, 0xBDD6, 0xC5D6, 0xC5F7, 0xC617, 0xCE38,
    0xCE38, 0xCE18, 0xCE18, 0xCE18, 0xCE17, 0xCDF7, 0xC5F8, 0xBDB7,
    0xB576, 0x94B5, 0x6352, 0x4B11, 0x3A4D, 0x31AA, 0x52D1, 0x324C,
    0x1967, 0x6246, 0x7268, 0x7AC9, 0x6B08, 0x7B6B, 0x9431, 0xACD5,
    0xB515, 0xB534, 0xBD55, 0xB555, 0xB534, 0xAD14, 0xB534, 0xB534,
    0xB533, 0xB554, 0xB554, 0xB554, 0xBD54, 0xBD74, 0xBD74, 0xBD54,
    0xC574, 0xC594, 0xBD73, 0xB553, 0xB534, 0xC554, 0xBD53, 0xBD74,
    0xBD74, 0xBD74, 0xBD74, 0xBD54, 0xC574, 0xBD53, 0xBD32, 0xBD53,
    0xC533, 0xC533, 0xC512, 0xBD32, 0xBD52, 0xBD54, 0xBD54, 0xBD53,
    0xBD94, 0xC594, 0xBD74, 0xB533, 0xB513, 0xB533, 0xB553, 0xB553,
    0xAD33, 0xB512, 0xB533, 0xB554, 0xB574, 0xB574, 0xB574, 0xBD74,
    0xBD94, 0xBD95, 0xBD95, 0xBD94, 0xBD74, 0xBD74, 0xBD95, 0xC5B5,
    0xC5B4, 0xC594, 0xBD94, 0xBDB5, 0xC5B5, 0xBDB5, 0xC5B5, 0xC5B5,
    0xBDB5, 0xBDB5, 0xBDD6, 0xC5D6, 0xC5B5, 0xC5B6, 0xBDB5, 0xBDB5,
    0xBDB5, 0xC5D6, 0xC5D7, 0xBDD6, 0xBDD6, 0xC5D7, 0xC5B6, 0xC5D6,
    0xC5F7, 0xC5F7, 0xCE18, 0xCE18, 0xC618, 0xCE18, 0xCE18, 0xCDF7,
    0xBDF7, 0xBDD7, 0xB576, 0xA4F5, 0x8C75, 0x6BB4, 0x4B11, 0x3A0C,
    0x39AB, 0x52F1, 0x322C, 0x1146, 0x6269, 0x6269, 0x6289, 0x6287,
    0x7B2A, 0x9C50, 0xBD76, 0xBD96, 0xAD34, 0xAD14, 0xB534, 0xB555,
    0xB555, 0xB554, 0xB554, 0xB554, 0xB554, 0xBD54, 0xB554, 0xB554,
    0xBD54, 0xBD73, 0xBD73, 0xBD53, 0xBD33, 0xBD53, 0xB533, 0xACF2,
    0xACD2, 0xB4F2, 0xB553, 0xBD74, 0xBD53, 0xBD53, 0xBD53, 0xBD53,
    0xBD52, 0xC532, 0xBD12, 0xC512, 0xC512, 0xC512, 0xBD53, 0xBD74,
    0xBD74, 0xBD74, 0xBD53, 0xBD53, 0xB553, 0xB554, 0xBD74, 0xBD94,
    0xBD74, 0xC595, 0xC5B5, 0xBDB5, 0xBD95, 0xBD94, 0xBD95, 0xBD95,
    0xBD74, 0xBD74, 0xBD74, 0xBD74, 0xBD94, 0xC594, 0xC5B5, 0xBD94,
    0xBD95, 0xC5B5, 0xBD95, 0xBD95, 0xBDB5, 0xBD94, 0xBDB4, 0xBD95,
    0xBD75, 0xBD95, 0xBD95, 0xBDB5, 0xBDB5, 0xBDB6, 0xBD96, 0xBDB5,
    0xBDB5, 0xBDB5, 0xBDB5, 0xBDB5, 0xBDB5, 0xBDB6, 0xBDD6, 0xBDD6,
    0xC5D6, 0xBDD7, 0xC5D7, 0xC5F7, 0xC617, 0xC618, 0xCE18, 0xC618,
    0xCDF7, 0xCDF7, 0xCDF7, 0xBDD7, 0xB5B6, 0xAD15, 0x9C74, 0x8414,
    0x6393, 0x52F1, 0x422D, 0x39CB, 0x52F1, 0x322B, 0x1105, 0x5A28,
    0x5248, 0x6289, 0x72A8, 0x7B09, 0x8BCD, 0xA4D4, 0xB556, 0xBD75,
    0xB554, 0xB554, 0xB534, 0xB534, 0xB554, 0xB554, 0xB554, 0xB554,
    0xBD74, 0xBD74, 0xBD73, 0xBD53, 0xBD53, 0xBD53, 0xBD33, 0xBD33,
    0xBD53, 0xB533, 0xB512, 0xB513, 0xBD54, 0xC574, 0xBD74, 0xBD53,
    0xBD53, 0xBD54, 0xC554, 0xC574, 0xC574, 0xC553, 0xC533, 0xBD32,
    0xB512, 0xAD32, 0xAD53, 0xBD74, 0xBD74, 0xB554, 0xB555, 0xB575,
    0xB574, 0xB554, 0xB554, 0xB533, 0xB513, 0xB512, 0xB533, 0xBD74,
    0xBD74, 0xBD74, 0xBD74, 0xBD74, 0xBD74, 0xBD94, 0xC595, 0xBD95,
    0xBD74, 0xBD74, 0xBD94, 0xBD95, 0xBD95, 0xC595, 0xC595, 0xBD75,
    0xBD54, 0xB574, 0xB574, 0xB574, 0xBD74, 0xBD95, 0xBD95, 0xBD95,
    0xBD95, 0xBD95, 0xB595, 0xB595, 0xB5B4, 0xBD95, 0xBDB5, 0xBDB6,
    0xC5B6, 0xBD96, 0xBDB6, 0xC5D7, 0xC5F7, 0xC5F7, 0xC5D7, 0xC5F8,
    0xC618, 0xCE18, 0xC5F8, 0xCDD7, 0xCDF7, 0xC5F7, 0xC5F7, 0xBD96,
    0xA4D4, 0x9C74, 0x7BF3, 0x5B32, 0x4290, 0x422D, 0x420C, 0x52F0,
    0x31EA, 0x10E5, 0x49E6, 0x6287, 0x7B08, 0x7A88, 0x82A7, 0x8B49,
    0x944E, 0x9CB3, 0xACD5, 0xB514, 0xB535, 0xB555, 0xB555, 0xB554,
    0xB554, 0xB575, 0xBD74, 0xBD53, 0xBD32, 0xBD53, 0xBD53, 0xBD54,
    0xBD54, 0xBD33, 0xB512, 0xB4F2, 0xB513, 0xBD54, 0xBD94, 0xC593,
    0xBD32, 0xBD12, 0xBD53, 0xBD74, 0xC574, 0xC554, 0xC574, 0xC594,
    0xC594, 0xBD74, 0xBD34, 0xC534, 0xC552, 0xBD52, 0xBD53, 0xBD75,
    0xBD95, 0xBD55, 0xB534, 0xB534, 0xAD33, 0xB553, 0xB553, 0xB533,
    0xAD12, 0xB533, 0xBD53, 0xB553, 0xB553, 0xBD74, 0xBD74, 0xBD74,
    0xBD74, 0xBD94, 0xC5B5, 0xC5B5, 0xBD95, 0xBD95, 0xBD95, 0xBD95,
    0xBD94, 0xBD94, 0xBD94, 0xBD95, 0xBD95, 0xBD95, 0xBD95, 0xBDB5,
    0xC5B6, 0xBDB5, 0xBDB5, 0xBD95, 0xBD95, 0xBDB5, 0xBDB5, 0xBDB5,
    0xBDB5, 0xBDB5, 0xBDB6, 0xC5D6, 0xBDD6, 0xBDD6, 0xC5F7, 0xCDF7,
    0xC5F7, 0xC5F7, 0xC5F7, 0xCE18, 0xCE18, 0xC5F8, 0xCDF7, 0xCDD6,
    0xBDB6, 0xB597, 0xAD56, 0xA494, 0x9C73, 0x83F3, 0x52D1, 0x3A0E,
    0x3A0C, 0x424D, 0x4AD0, 0x29CA, 0x08C4, 0x5A26, 0x5A66, 0x5A46,
    0x41A5, 0x51C7, 0x72AA, 0x8BCC, 0x940D, 0x9430, 0xA493, 0xA4B4,
    0x9CD3, 0x9CB3, 0xA4D4, 0xACF4, 0xAD14, 0xB534, 0xBD53, 0xBD94,
    0xC594, 0xBD53, 0xB533, 0xB533, 0xB513, 0xB4F3, 0xB513, 0xB533,
    0xB513, 0xB4F3, 0xB4F3, 0xB4D2, 0xACB1, 0xACB1, 0xB4F2, 0xBD32,
    0xBD12, 0xBD12, 0xBD33, 0xBD33, 0xBD13, 0xBD12, 0xB532, 0xBD32,
    0xBD33, 0xB513, 0xAD33, 0xAD33, 0xB513, 0xAD13, 0xAD13, 0xB554,
    0xB554, 0xB553, 0xBD53, 0xBD73, 0xBD73, 0xBD74, 0xBD74, 0xBD74,
    0xBD74, 0xBD74, 0xBD74, 0xBD74, 0xBD95, 0xC5B5, 0xC5B5, 0xBD95,
    0xBD95, 0xBD95, 0xBD94, 0xBD94, 0xBD94, 0xBD95, 0xBD94, 0xBDB5,
    0xC5B5, 0xBD95, 0xBD95, 0xBD95, 0xBDB5, 0xBDB5, 0xBDB5, 0xBDB5,
    0xBDB5, 0xBDB5, 0xBDB5, 0xBDB5, 0xBDB5, 0xC5D6, 0xC5D6, 0xBDB6,
    0xBDB6, 0xC5D7, 0xC5F7, 0xC5F7, 0xC5D7, 0xC5D7, 0xCE18, 0xCE18,
    0xCDF7, 0xCDF7, 0xCDD7, 0xB5B6, 0xAD76, 0xA515, 0x9453, 0x9433,
    0x83D3, 0x5AF1, 0x31EC, 0x31CC, 0x426E, 0x42AF, 0x2189, 0x0883,
    0x41A5, 0x49E6, 0x5228, 0x5A68, 0x6A88, 0x7AC8, 0x832A, 0x834B,
    0x8B8D, 0x9450, 0x9CF3, 0xA514, 0xA4F4, 0xAD14, 0xAD35, 0xB555,
    0xB535, 0xAD15, 0xACF5, 0xACF4, 0xACF3, 0xB4F3, 0xB4F3, 0xB4F3,
    0xB4F2, 0xB4F2, 0xB4F2, 0xBD12, 0xC553, 0xBD74, 0xBD54, 0xBD34,
    0xBD33, 0xC533, 0xC533, 0xBD12, 0xC532, 0xC553, 0xC553, 0xBD33,
    0xBD13, 0xBD13, 0xBD34, 0xB534, 0xAD33, 0xAD13, 0xAD33, 0xB554,
    0xB554, 0xB554, 0xB554, 0xBD54, 0xBD54, 0xB553, 0xB533, 0xB533,
    0xBD53, 0xBD53, 0xBD53, 0xBD54, 0xBD74, 0xBD74, 0xBD94, 0xBDB5,
    0xBDB5, 0xBD95, 0xC595, 0xC595, 0xBD94, 0xBD94, 0xBD94, 0xBD95,
    0xBD95, 0xB575, 0xBD95, 0xBD95, 0xBD95, 0xBD95, 0xBDB5, 0xC5D6,
    0xBDD6, 0xBDD6, 0xBDB5, 0xBDB5, 0xBDB5, 0xBDD6, 0xBDD6, 0xBDD6,
    0xBDB6, 0xBDB6, 0xC5D6, 0xC5D6, 0xC5D6, 0xCDF7, 0xC5F7, 0xBDD7,
    0xC5D7, 0xCE18, 0xCE18, 0xC5F7, 0xCDD7, 0xCDD7, 0xBDD7, 0xB596,
    0xA514, 0x8C32, 0x8BF3, 0x83B2, 0x5AF0, 0x31EB, 0x29EB, 0x426E,
    0x42AF, 0x2168, 0x0842, 0x41A5, 0x4A05, 0x5AA6, 0x6AE7, 0x7AC7,
    0x82E9, 0x732C, 0x632D, 0x736D, 0x9410, 0xA493, 0xACB4, 0xACD3,
    0xACD3, 0xACF4, 0xB514, 0xAD14, 0xAD14, 0xB534, 0xBD54, 0xBD34,
    0xBD13, 0xB4F3, 0xB4F3, 0xB4F3, 0xB4F3, 0xBCF3, 0xBCF3, 0xBD13,
    0xBD74, 0xC594, 0xC574, 0xC553, 0xC553, 0xC553, 0xC573, 0xC573,
    0xC574, 0xC574, 0xC594, 0xC594, 0xC594, 0xC5B4, 0xBD94, 0xBD95,
    0xBD95, 0xBD95, 0xB595, 0xBD75, 0xB574, 0xB574, 0xBD74, 0xB554,
    0xBD54, 0xBD74, 0xC5B5, 0xBD94, 0xBD74, 0xBD74, 0xBD74, 0xBD54,
    0xBD73, 0xBD94, 0xC5B5, 0xBD95, 0xB594, 0xB574, 0xBD74, 0xB574,
    0xBDB5, 0xC5D5, 0xC5B5, 0xBD94, 0xBD74, 0xBD74, 0xBD95, 0xBD95,
    0xBD95, 0xBD95, 0xBDB6, 0xC5D6, 0xC5D5, 0xBDB5, 0xBDB5, 0xBDB5,
    0xC5D6, 0xC5D6, 0xC5F7, 0xC5D7, 0xC5D7, 0xC5F7, 0xC5F7, 0xC5D7,
    0xCDF7, 0xCDF7, 0xC5D7, 0xC5D7, 0xCDF8, 0xCE18, 0xCDF7, 0xCDD7,
    0xCDD7, 0xC5D7, 0xB595, 0x9CF3, 0x8C12, 0x8BD2, 0x83B2, 0x62F0,
    0x31EC, 0x29CC, 0x3A4D, 0x3A8D, 0x1947, 0x0042, 0x4986, 0x5205,
    0x62A5, 0x6AE7, 0x7AC9, 0x82CC, 0x7B0D, 0x7BAD, 0x8BAD, 0x9B8E,
    0x9C12, 0x9CB5, 0xA516, 0xA4F5, 0xACF4, 0xB514, 0xB534, 0xBD75,
    0xBD75, 0xC575, 0xBD54, 0xBD34, 0xBD55, 0xC595, 0xC595, 0xBD54,
    0xBD54, 0xBD74, 0xBD74, 0xC574, 0xBD74, 0xBD73, 0xC574, 0xC574,
    0xC574, 0xC594, 0xC5B5, 0xC5B5, 0xC5B4, 0xC5B4, 0xC5B4, 0xC594,
    0xBD74, 0xBD74, 0xB574, 0xB574, 0xB574, 0xB554, 0xB554, 0xB595,
    0xBDB5, 0xB575, 0xB554, 0xB554, 0xBD74, 0xBD74, 0xBD74, 0xBD74,
    0xBD74, 0xBD95, 0xBD95, 0xBD94, 0xBD94, 0xBD95, 0xBDB5, 0xBD94,
    0xB574, 0xB594, 0xBD94, 0xBDB5, 0xBDB5, 0xBDB5, 0xBD94, 0xBD94,
    0xBDB5, 0xBDB5, 0xBDB5, 0xBD95, 0xBDB6, 0xBDB6, 0xBDB5, 0xC5B5,
    0xC5B5, 0xBDB5, 0xBDB6, 0xC5D6, 0xC5D6, 0xC5F7, 0xCDF7, 0xC5F7,
    0xC5D7, 0xC5D7, 0xCDD7, 0xCDF7, 0xCDF7, 0xCE17, 0xCDF7, 0xCDF8,
    0xCDF8, 0xC5F7, 0xCE17, 0xCDF7, 0xC5B6, 0xAD55, 0x9CD3, 0x8C12,
    0x83D2, 0x7B72, 0x62D0, 0x39EE, 0x29ED, 0x324D, 0x324C, 0x1926,
    0x0022, 0x41A4, 0x4985, 0x59A7, 0x7209, 0x82A9, 0x8B49, 0x93A9,
    0x9C0C, 0x9BED, 0x8C0E, 0x8C2F, 0x9C92, 0xACF5, 0xAD14, 0xB555,
    0xB555, 0xB555, 0xBD55, 0xBD55, 0xBD75, 0xBD74, 0xBD74, 0xBD74,
    0xBD54, 0xB554, 0xBD74, 0xBD54, 0xC574, 0xC595, 0xBD95, 0xBD74,
    0xBD54, 0xBD54, 0xBD74, 0xBD75, 0xC595, 0xC594, 0xC594, 0xC594,
    0xC594, 0xC5B4, 0xBD94, 0xB533, 0xB533, 0xB574, 0xBD95, 0xB575,
    0xB575, 0xB575, 0xBD96, 0xBD95, 0xB595, 0xB574, 0xB574, 0xB574,
    0xB575, 0xBD75, 0xBD95, 0xBD95, 0xBD95, 0xBD95, 0xBD95, 0xBD95,
    0xBD95, 0xBD94, 0xBD94, 0xBD95, 0xBD95, 0xB594, 0xB595, 0xB595,
    0xBD95, 0xBD95, 0xB574, 0xBD94, 0xBDB4, 0xBDD5, 0xBD96, 0xBDB6,
    0xC5D6, 0xC5B5, 0xBD95, 0xBDB5, 0xBDD5, 0xBDD6, 0xC5D6, 0xC5F6,
    0xC5F7, 0xC5F7, 0xC5D6, 0xC5D7, 0xCDD7, 0xCDF7, 0xCDF7, 0xC5F7,
    0xC5F7, 0xCDF7, 0xCE17, 0xC617, 0xC5F7, 0xCDF7, 0xCDF7, 0xC5B6,
    0xAD34, 0x9CB3, 0x8C32, 0x83B1, 0x7B71, 0x62F0, 0x39EE, 0x29CD,
    0x2A0C, 0x2A2B, 0x1105, 0x0021, 0x3925, 0x3945, 0x49E6, 0x6287,
    0x7288, 0x8289, 0x72A9, 0x730C, 0x736D, 0x83CD, 0x940C, 0xA42E,
    0xAC92, 0xB514, 0xB535, 0xAD35, 0xB535, 0xB534, 0xB534, 0xB555,
    0xB554, 0xBD74, 0xBD75, 0xBD75, 0xBD74, 0xBD54, 0xBD54, 0xBD74,
    0xBD75, 0xBD74, 0xBD75, 0xBD75, 0xC575, 0xC595, 0xC595, 0xC574,
    0xBD75, 0xBD75, 0xBD95, 0xC595, 0xC595, 0xC595, 0xBD75, 0xB555,
    0xB595, 0xB595, 0xBD95, 0xBD75, 0xBD75, 0xBD75, 0xBD75, 0xB575,
    0xB575, 0xB575, 0xB575, 0xB575, 0xB575, 0xBD75, 0xBD94, 0xBD74,
    0xBD74, 0xBD95, 0xBD95, 0xBD94, 0xBD75, 0xBD74, 0xB594, 0xB575,
    0xB595, 0xB595, 0xB5B4, 0xBDB5, 0xBD95, 0xB554, 0xB534, 0xB554,
    0xBD94, 0xB594, 0xB574, 0xBD74, 0xBD95, 0xBDB5, 0xBDB5, 0xBDD6,
    0xBDB6, 0xC5B6, 0xC5D6, 0xC5D6, 0xC5F6, 0xC5D6, 0xCDF7, 0xCDF7,
    0xCDF7, 0xCDF7, 0xC5D7, 0xC5D7, 0xCDF7, 0xCE17, 0xCE17, 0xC5F7,
    0xCE17, 0xCE17, 0xC5B6, 0xAD14, 0x94B3, 0x8C52, 0x7B91, 0x7330,
    0x62F0, 0x39EE, 0x29CC, 0x2A2B, 0x21EA, 0x08E5, 0x0021, 0x51C6,
    0x5207, 0x5A87, 0x62C7, 0x62A8, 0x6AC8, 0x7B28, 0x8389, 0x7B8A,
    0x736B, 0x83CD, 0x9430, 0x9C52, 0xA493, 0xA493, 0x9C93, 0xA4B3,
    0xACD3, 0xACF3, 0xACF4, 0xAD14, 0xAD14, 0xAD14, 0xB534, 0xBD54,
    0xBD95, 0xBD74, 0xBD74, 0xBD74, 0xC595, 0xC595, 0xBD74, 0xBD74,
    0xBD74, 0xBD95, 0xBD75, 0xBD75, 0xBD95, 0xBD95, 0xC595, 0xC595,
    0xBD95, 0xBD95, 0xBD95, 0xB595, 0xB595, 0xB595, 0xB575, 0xBD75,
    0xBD75, 0xBD75, 0xBD75, 0xBD95, 0xBD95, 0xBD96, 0xBD75, 0xB574,
    0xB554, 0xB575, 0xBD95, 0xBD95, 0xC5B5, 0xC5B5, 0xBD95, 0xBD95,
    0xBD95, 0xB595, 0xBDB5, 0xBDB5, 0xB5B5, 0xB595, 0xAD14, 0xA4D4,
    0xACF3, 0xACD3, 0xACD3, 0xAD13, 0xB533, 0xB574, 0xBD95, 0xC5B5,
    0xC5B5, 0xC5D5, 0xC5D7, 0xC5F8, 0xC5F7, 0xBDD6, 0xBDD6, 0xC5D6,
    0xC5D6, 0xCDF7, 0xCE17, 0xCE17, 0xC5D7, 0xC5D7, 0xC5F7, 0xCDF7,
    0xCDF7, 0xCDF7, 0xC5F7, 0xCDF7, 0xCDF7, 0xC5B7, 0xAD35, 0x9CB3,
    0x9472, 0x7B90, 0x730F, 0x62CF, 0x420E, 0x29EC, 0x220B, 0x11A9,
    0x08C4, 0x0021, 0x51A5, 0x4985, 0x51A6, 0x6208, 0x6269, 0x6289,
    0x6AA9, 0x8309, 0x934A, 0x936C, 0x938D, 0x93EF, 0x9C90, 0xA4B1,
    0xA4B2, 0xACB3, 0xACD3, 0xACF3, 0xA514, 0xAD34, 0xAD54, 0xAD34,
    0xAD14, 0xAD14, 0xAD14, 0xB534, 0xAD34, 0xB534, 0xB575, 0xBD75,
    0xBD74, 0xBD54, 0xBD74, 0xC595, 0xC595, 0xBD95, 0xBD75, 0xBD75,
    0xC595, 0xC595, 0xC595, 0xC595, 0xC595, 0xC575, 0xBD95, 0xBD75,
    0xBD75, 0xB575, 0xB575, 0xB575, 0xB595, 0xB595, 0xB575, 0xB574,
    0xB574, 0xB554, 0xB555, 0xB575, 0xB575, 0xBD95, 0xBDB5, 0xBDB5,
    0xC5B5, 0xBD95, 0xBD95, 0xB595, 0xB5B6, 0xB596, 0xB575, 0xB555,
    0xAD15, 0xA4F3, 0xA4B2, 0xA4B1, 0xACB2, 0xB4F3, 0xB534, 0xAD35,
    0xB574, 0xBDB3, 0xC5B3, 0xBDB4, 0xBDD6, 0xBDF7, 0xC5F7, 0xCDD7,
    0xC5D5, 0xBDB5, 0xBDB6, 0xC5F7, 0xCE17, 0xCDF7, 0xCDD6, 0xC5D7,
    0xC5F7, 0xCDF7, 0xCDF7, 0xC5F7, 0xCDF7, 0xC5D7, 0xCDF7, 0xCDD7,
    0xC5B7, 0xAD35, 0x9CB3, 0x9472, 0x7390, 0x6B0F, 0x62AE, 0x422D,
    0x2A0C, 0x21EA, 0x1187, 0x00A3, 0x0021, 0x49A6, 0x3984, 0x2923,
    0x38E4, 0x4986, 0x5A68, 0x6B0A, 0x7B49, 0x7B48, 0x7B48, 0x8B6A,
    0x9B8C, 0xA3EF, 0xAC93, 0xACF4, 0xA4F4, 0xA4F3, 0xA4F4, 0xAD15,
    0xAD35, 0xAD35, 0xB534, 0xB555, 0xB555, 0xB554, 0xB554, 0xB534,
    0xAD34, 0xAD14, 0xAD14, 0xAD34, 0xB554, 0xB554, 0xBD74, 0xC595,
    0xC595, 0xBD75, 0xBD75, 0xBD75, 0xBD75, 0xBD75, 0xC575, 0xBD75,
    0xBD75, 0xBD75, 0xBD75, 0xBD75, 0xB575, 0xB575, 0xB575, 0xB595,
    0xBD95, 0xB595, 0xB575, 0xB575, 0xB575, 0xB575, 0xB575, 0xAD75,
    0xAD55, 0xB575, 0xBD95, 0xBD95, 0xB595, 0xB595, 0xB595, 0xB575,
    0xB575, 0xB575, 0xBDB5, 0xBD95, 0xB533, 0xACF2, 0xACF2, 0xB534,
    0xB555, 0xB554, 0xAD33, 0xB553, 0xBD94, 0xBD95, 0xBD95, 0xB5B6,
    0xBDF7, 0xC5F7, 0xC5D6, 0xBD95, 0xBD95, 0xBDD6, 0xC617, 0xCE17,
    0xCDF7, 0xC5D7, 0xC5D7, 0xCDF7, 0xCDF7, 0xCDF7, 0xCDF7, 0xCDF7,
    0xC5D6, 0xCDD7, 0xD5D7, 0xC5B7, 0xAD15, 0x9CB3, 0x9472, 0x7BB0,
    0x6B0E, 0x62AE, 0x422D, 0x320C, 0x29E9, 0x0947, 0x0083, 0x0041,
    0x49A6, 0x51C6, 0x5A26, 0x5226, 0x4A06, 0x41A5, 0x3986, 0x5A4A,
    0x7AEC, 0x8B6C, 0x93EC, 0x8C0C, 0x83ED, 0x940F, 0xA471, 0xACB4,
    0xACF5, 0xAD35, 0xAD34, 0xAD54, 0xAD34, 0xAD34, 0xB555, 0xB575,
    0xB574, 0xBD74, 0xC595, 0xC575, 0xBD74, 0xBD75, 0xBD75, 0xBD75,
    0xBD75, 0xBD75, 0xBD95, 0xC595, 0xC595, 0xC595, 0xC575, 0xBD95,
    0xBDB5, 0xBDB5, 0xBDB5, 0xBD95, 0xBD75, 0xBD75, 0xBD75, 0xBD75,
    0xB595, 0xB575, 0xB575, 0xB595, 0xB595, 0xB575, 0xB575, 0xAD55,
    0xAD55, 0xAD75, 0xAD75, 0xAD55, 0xAD75, 0xB575, 0xBD95, 0xBDB6,
    0xBDB6, 0xB595, 0xB595, 0xBDB6, 0xC5F6, 0xC5F4, 0xC5B4, 0xBD94,
    0xBD95, 0xB574, 0xB554, 0xB554, 0xB554, 0xAD14, 0xAD14, 0xAD35,
    0xB576, 0xBDB6, 0xBDD5, 0xBDD6, 0xBDB5, 0xB574, 0xB575, 0xBDB5,
    0xC5F6, 0xCDF8, 0xCE18, 0xCE17, 0xCDF6, 0xC5D7, 0xCDF7, 0xCE17,
    0xCE17, 0xCE17, 0xC5D7, 0xBDB5, 0xCDD6, 0xCDF7, 0xC596, 0xAD15,
    0x9C93, 0x9451, 0x73AF, 0x6B0E, 0x62AD, 0x424D, 0x320B, 0x21C9,
    0x0926, 0x0082, 0x0021, 0x49C6, 0x49C5, 0x49A5, 0x4985, 0x5207,
    0x6288, 0x5A67, 0x4A47, 0x4227, 0x5268, 0x7AEA, 0x9BEE, 0xAC70,
    0xA42D, 0x9C2D, 0xA4B0, 0xA4F3, 0xAD14, 0xACF3, 0xAD14, 0xB555,
    0xB555, 0xAD14, 0xAD14, 0xB514, 0xB534, 0xBD74, 0xBD74, 0xBD74,
    0xBD74, 0xBD75, 0xC596, 0xC5B6, 0xC596, 0xC595, 0xC5B6, 0xC5B6,
    0xC5B6, 0xC596, 0xBD95, 0xBD95, 0xBDB5, 0xBDB6, 0xBDB6, 0xBD96,
    0xBD95, 0xBD95, 0xB575, 0xB575, 0xB575, 0xB575, 0xB595, 0xBD96,
    0xBDB6, 0xB5B6, 0xB596, 0xB596, 0xB595, 0xAD75, 0xB595, 0xB5B6,
    0xBD95, 0xBD95, 0xB595, 0xBD96, 0xBD96, 0xC5D6, 0xC5D6, 0xC5B6,
    0xBDB5, 0xBDD5, 0xBDD6, 0xBDD6, 0xB595, 0xB595, 0xB595, 0xB596,
    0xB597, 0xB598, 0xB597, 0xB596, 0xB5B5, 0xBDB5, 0xBDB5, 0xB575,
    0xB575, 0xB5B5, 0xC616, 0xC637, 0xC5F7, 0xC5F7, 0xCDF7, 0xCE17,
    0xCE17, 0xCE17, 0xCDF7, 0xD618, 0xCDF7, 0xBD96, 0xBD95, 0xCDF7,
    0xD617, 0xBD75, 0xACF4, 0x9CB3, 0x8C51, 0x738F, 0x6B0E, 0x62AD,
    0x422C, 0x29EA, 0x21A9, 0x0905, 0x0062, 0x0041, 0x41A6, 0x41A6,
    0x41A6, 0x49C5, 0x49E6, 0x5A47, 0x7288, 0x82A7, 0x7AC7, 0x6B09,
    0x5AA7, 0x5A47, 0x6ACA, 0x8BCF, 0xA471, 0xA470, 0x9CB1, 0xA513,
    0xAD34, 0xB534, 0xB514, 0xB534, 0xBD55, 0xBD54, 0xBD54, 0xB555,
    0xAD34, 0xAD34, 0xAD34, 0xB575, 0xBD95, 0xBD96, 0xBDB6, 0xBDB6,
    0xBDB5, 0xBD95, 0xBD95, 0xBD95, 0xBD95, 0xBD95, 0xBD95, 0xBD95,
    0xBDB6, 0xBDB6, 0xBDD6, 0xBDB6, 0xB595, 0xB575, 0xB555, 0xB555,
    0xB575, 0xB595, 0xB595, 0xB575, 0xB595, 0xBDB6, 0xB5B6, 0xB595,
    0xB595, 0xB595, 0xB595, 0xB575, 0xB575, 0xBDB6, 0xBDD6, 0xC5D6,
    0xC5D6, 0xBDB6, 0xBDB6, 0xBDB6, 0xBDB5, 0xBDB5, 0xBDB5, 0xBDB5,
    0xB5D6, 0xB5B6, 0xB596, 0xBDD7, 0xBDF7, 0xBDD7, 0xB596, 0xB575,
    0xB595, 0xB574, 0xB574, 0xB5B5, 0xBDF6, 0xC617, 0xCE17, 0xC5F7,
    0xC5F7, 0xC5F6, 0xC616, 0xCE17, 0xCE17, 0xCE17, 0xCE17, 0xBDB5,
    0xB554, 0xB575, 0xCDF7, 0xCDF7, 0xBD75, 0xA514, 0x94B3, 0x8C31,
    0x736E, 0x6B0D, 0x62AD, 0x420B, 0x29CA, 0x1988, 0x08C4, 0x0041,
    0x0841, 0x49E6, 0x41E6, 0x5207, 0x6A88, 0x6A88, 0x5227, 0x41A6,
    0x6268, 0x7AC9, 0x82E9, 0x8B4A, 0x8B4A, 0x832B, 0x7B8C, 0x8C0F,
    0x9C91, 0xACD2, 0xACD2, 0xACB2, 0xACD3, 0xB514, 0xBD55, 0xBD54,
    0xBD75, 0xBD75, 0xBD74, 0xBD75, 0xBD75, 0xBD55, 0xBD54, 0xBD75,
    0xBD75, 0xBD75, 0xBD75, 0xBD95, 0xBD75, 0xBD95, 0xC5B6, 0xBD95,
    0xBD95, 0xBD95, 0xBD95, 0xBDB5, 0xBD75, 0xB555, 0xB555, 0xB555,
    0xB555, 0xBD75, 0xBD75, 0xB595, 0xB595, 0xBDB6, 0xBDB6, 0xB5B6,
    0xB595, 0xAD75, 0xAD55, 0xB575, 0xB575, 0xB575, 0xB595, 0xB595,
    0xB595, 0xB595, 0xB596, 0xBDB6, 0xBDB6, 0xBDB5, 0xBDB5, 0xBDB5,
    0xB595, 0xBD74, 0xBD74, 0xBDB5, 0xBDD7, 0xB5B7, 0xB5B7, 0xB596,
    0xB575, 0xB597, 0xB597, 0xB575, 0xB595, 0xBDB6, 0xBDF6, 0xBDF7,
    0xBE17, 0xC5F7, 0xC5F7, 0xC5D6, 0xC5D5, 0xC5F5, 0xC5D6, 0xCDF7,
    0xCE17, 0xC5D6, 0xB574, 0xB554, 0xB555, 0xC5B6, 0xC5D7, 0xBDB6,
    0xA4F4, 0x9452, 0x8C10, 0x738E, 0x6B0D, 0x628C, 0x420A, 0x21A9,
    0x0947, 0x0883, 0x0841, 0x0862, 0x5A47, 0x5207, 0x4A07, 0x4A47,
    0x62A8, 0x6A89, 0x6248, 0x72E9, 0x734A, 0x732B, 0x93AD, 0xAC4E,
    0xAC6D, 0x93AB, 0x932C, 0xA3F0, 0xAD12, 0xAD12, 0xA491, 0xA472,
    0xACD3, 0xAD13, 0xACF3, 0xAD13, 0xAD13, 0xACF2, 0xACD2, 0xAD13,
    0xB554, 0xBD54, 0xB534, 0xB555, 0xB575, 0xBD96, 0xBDB6, 0xBD96,
    0xBD96, 0xBD95, 0xBD95, 0xBD95, 0xBDB5, 0xBDB6, 0xBD96, 0xBD75,
    0xB555, 0xB555, 0xB555, 0xB555, 0xB554, 0xB575, 0xB575, 0xB575,
    0xB575, 0xB575, 0xB595, 0xBDB6, 0xBD96, 0xBD95, 0xBD96, 0xB596,
    0xB596, 0xB595, 0xBDB6, 0xBDD6, 0xBDB6, 0xBDB6, 0xBDB6, 0xBDB6,
    0xB5B6, 0xBDB6, 0xC5D6, 0xBDB5, 0xBD95, 0xB595, 0xB5D5, 0xADB7,
    0xA577, 0xA577, 0xAD96, 0xB596, 0xB596, 0xB596, 0xB595, 0xBDD6,
    0xBDF7, 0xBDD6, 0xBDB6, 0xBDD6, 0xC5F7, 0xC5F7, 0xC5D7, 0xC5B6,
    0xC5D5, 0xCDF6, 0xCDF7, 0xC5D6, 0xB574, 0xB553, 0xBD74, 0xB554,
    0xBD75, 0xC5B6, 0xBDD6, 0xA4D3, 0x8C11, 0x8410, 0x738E, 0x6B0C,
    0x5A6B, 0x41EA, 0x2168, 0x0106, 0x0862, 0x0841, 0x0862, 0x5A68,
    0x6288, 0x6AC8, 0x6AC6, 0x72C7, 0x7B09, 0x834A, 0x7B09, 0x832B,
    0x93AE, 0x9C2F, 0xA42E, 0xA42D, 0x9BEC, 0x9BEC, 0x9C2E, 0xACD1,
    0xACD3, 0x9C71, 0x9C72, 0x9C92, 0xACD3, 0xACF4, 0xB534, 0xB514,
    0xB4F3, 0xACF3, 0xAD13, 0xAD14, 0xB555, 0xB575, 0xBD96, 0xBD75,
    0xBD75, 0xBD95, 0xC5B5, 0xC5D6, 0xBD95, 0xBD95, 0xBD95, 0xB575,
    0xB575, 0xB595, 0xAD95, 0xAD55, 0xAD34, 0xA534, 0xA534, 0xAD35,
    0xB555, 0xBD95, 0xBDB5, 0xBDB6, 0xC5B7, 0xC5D7, 0xC5D6, 0xC5D6,
    0xBDD6, 0xBDD6, 0xBDB6, 0xB596, 0xB596, 0xB596, 0xBDB6, 0xBDD6,
    0xBDD6, 0xBDB6, 0xBDB6, 0xBDD6, 0xBDD6, 0xBDB6, 0xBD96, 0xBDF7,
    0xBE38, 0xAE17, 0xA597, 0xA578, 0xB5B8, 0xB5B7, 0xB5B6, 0xB5B5,
    0xB595, 0xB596, 0xBDD6, 0xBDD6, 0xBDD5, 0xBDD6, 0xBDD6, 0xBDD7,
    0xC5F7, 0xC5D7, 0xC5D6, 0xC5D6, 0xCDF6, 0xC5D6, 0xBD94, 0xBD74,
    0xBD95, 0xBDB5, 0xAD53, 0xBD75, 0xC5B6, 0xBDB6, 0x9CB3, 0x83F0,
    0x83EF, 0x736D, 0x6B0C, 0x5A6B, 0x41A8, 0x1926, 0x00C4, 0x0862,
    0x0841, 0x0062, 0x5207, 0x4A06, 0x5266, 0x72C8, 0x72E9, 0x72C8,
    0x7B0A, 0x834B, 0x93AD, 0x9C0E, 0x93EE, 0x93CD, 0x9BEC, 0xAC8D,
    0xACEE, 0xACCF, 0xACD0, 0xA4B1, 0x9C92, 0x9473, 0x9C93, 0xA4B2,
    0x9CD3, 0xAD14, 0xB555, 0xB575, 0xB595, 0xB575, 0xB555, 0xB575,
    0xB575, 0xB575, 0xB575, 0xB575, 0xB575, 0xB575, 0xB575, 0xB555,
    0xB555, 0xAD34, 0xAD54, 0xAD74, 0xB595, 0xAD75, 0xAD55, 0xAD55,
    0xAD55, 0xB555, 0xAD14, 0xAD34, 0xAD34, 0xAD34, 0xB554, 0xB575,
    0xB575, 0xAD54, 0xAD54, 0xAD55, 0xB575, 0xB575, 0xAD75, 0xB595,
    0xB595, 0xB595, 0xB595, 0xBDB6, 0xC5B6, 0xBDD6, 0xAD76, 0xB576,
    0xC5F7, 0xC617, 0xBE17, 0xADD8, 0xA578, 0xAD77, 0xB5B6, 0xB5B7,
    0xB5B7, 0xBDB6, 0xBDB5, 0xBDB5, 0xBDB5, 0xBDD6, 0xBDB6, 0xBDB6,
    0xBDD6, 0xBDD6, 0xBDD6, 0xC5F7, 0xC5F6, 0xC5D6, 0xBDB5, 0xCDF6,
    0xC5D6, 0xBD74, 0xBD94, 0xBD95, 0xB595, 0xB554, 0xBD95, 0xBDB5,
    0xB575, 0x9472, 0x83F0, 0x8BF0, 0x736D, 0x6B0C, 0x5A6A, 0x3987,
    0x10E5, 0x0083, 0x0841, 0x0842, 0x0063, 0x41C6, 0x5A47, 0x72E8,
    0x72E8, 0x7308, 0x834B, 0x8B8C, 0x8B6B, 0x836A, 0x93AC, 0xA42E,
    0xAC6E, 0xAC8E, 0xAC8E, 0xA46E, 0xA46E, 0xA48F, 0xACB1, 0xA4B2,
    0x9493, 0x9492, 0xA4B2, 0xACD2, 0xACD3, 0xACF4, 0xAD55, 0xB595,
    0xB595, 0xB574, 0xB574, 0xBD75, 0xBD76, 0xB555, 0xB555, 0xB575,
    0xB575, 0xB595, 0xBD95, 0xC5B6, 0xC5D6, 0xBDB6, 0xBD95, 0xB595,
    0xB5B5, 0xB5B6, 0xB596, 0xB596, 0xAD75, 0xAD55, 0xAD54, 0xAD55,
    0xB596, 0xBD96, 0xBD95, 0xBDB6, 0xB596, 0xB575, 0xB575, 0xB595,
    0xB595, 0xB575, 0xB595, 0xB595, 0xB595, 0xBDB5, 0xBDB6, 0xB595,
    0xAD74, 0xAD95, 0xB596, 0xB597, 0xAD57, 0xA536, 0xA535, 0xB554,
    0xB575, 0xAD95, 0xAD75, 0xB595, 0xBDB5, 0xBDB5, 0xBDB5, 0xBDB5,
    0xBDB6, 0xBDB6, 0xBDD5, 0xBDB5, 0xB5B6, 0xBDB6, 0xC5D6, 0xC5D6,
    0xC5D6, 0xC5D6, 0xC5D6, 0xC5B5, 0xBD94, 0xBDB5, 0xBD95, 0xBD95,
    0xBD95, 0xC595, 0xBD95, 0xAD55, 0x9471, 0x8BCF, 0x8BF0, 0x736D,
    0x630B, 0x5A6A, 0x3966, 0x10A4, 0x0062, 0x0841, 0x0842, 0x0063,
    0x6267, 0x6AA8, 0x7AE9, 0x72A8, 0x7AE9, 0x832B, 0x8B6B, 0x9BEC,
    0xA42D, 0xA42D, 0xA42E, 0xA42E, 0xAC6E, 0xACCF, 0xB4CF, 0xB4AE,
    0xAC8E, 0xA4B0, 0xA4D2, 0xA4B2, 0xA4B1, 0xA4D1, 0xACF2, 0xACF2,
    0xACB1, 0x9C91, 0x9C92, 0x9CB2, 0xA4D3, 0xAD32, 0xBD94, 0xC5D6,
    0xBD96, 0xBD96, 0xBDB5, 0xBD95, 0xBD74, 0xBD95, 0xBDB5, 0xBD95,
    0xBDB6, 0xBDD6, 0xBDB6, 0xB595, 0xB595, 0xAD95, 0xAD95, 0xAD75,
    0xAD55, 0xAD54, 0xB575, 0xBD96, 0xBD96, 0xBD96, 0xBDB6, 0xBD95,
    0xB595, 0xB595, 0xB575, 0xB575, 0xB595, 0xB595, 0xB575, 0xB575,
    0xB595, 0xAD75, 0xA534, 0xA534, 0xAD33, 0xA513, 0x9CD5, 0x94D6,
    0xAD15, 0xBD54, 0xBD74, 0xB575, 0xB575, 0xB575, 0xBD94, 0xBDB4,
    0xBD95, 0xBD95, 0xBD95, 0xBDD6, 0xBDD6, 0xBDB6, 0xBDB6, 0xBDB5,
    0xBDB6, 0xC5D6, 0xC5D6, 0xC5F6, 0xCE16, 0xC5D5, 0xBD74, 0xB574,
    0xBDD5, 0xC5F6, 0xC5D5, 0xBDB5, 0xC5B5, 0xBD95, 0xAD33, 0x9C31,
    0x8BAF, 0x8BCF, 0x734C, 0x6B0B, 0x628A, 0x3166, 0x0862, 0x0021,
    0x0841, 0x0862, 0x0063, 0x5288, 0x5267, 0x5A47, 0x6268, 0x6A89,
    0x72EB, 0x8B8D, 0x9C2E, 0x9C4D, 0x9C4E, 0xA42F, 0xAC4F, 0xAC8E,
    0xA4EF, 0xAD31, 0xB530, 0xB4EE, 0xACAF, 0xA491, 0xA4D2, 0xACF2,
    0xACD2, 0xA4B2, 0xA4B1, 0xA4D1, 0xACD2, 0xA4D2, 0xA4B2, 0xA4D3,
    0xA4F3, 0xA512, 0xA512, 0xAD33, 0xB554, 0xBD75, 0xBD75, 0xC5B5,
    0xC5B5, 0xBDB5, 0xBDB5, 0xBD95, 0xB595, 0xB595, 0xBD95, 0xBDB6,
    0xB5B6, 0xB595, 0xB575, 0xAD75, 0xAD75, 0xAD75, 0xB596, 0xB596,
    0xBD96, 0xC5B6, 0xBDB6, 0xBDB6, 0xBDB6, 0xB5B6, 0xB595, 0xB575,
    0xB575, 0xB575, 0xB595, 0xB595, 0xB575, 0xAD55, 0xAD54, 0xA4F3,
    0x9CD3, 0xA515, 0xAD14, 0xACD2, 0xACD1, 0xB554, 0xB595, 0xB574,
    0xBD75, 0xBD95, 0xBD95, 0xBD95, 0xBD95, 0xBDB5, 0xBDB6, 0xBDD6,
    0xBDD6, 0xBDD6, 0xB5B5, 0xBDB5, 0xC5D6, 0xC5F6, 0xC5D5, 0xBD94,
    0xB553, 0xB533, 0xB573, 0xBDB5, 0xC5D6, 0xC5D5, 0xBDB5, 0xC5D5,
    0xBD94, 0xA4D2, 0x9410, 0x8BAE, 0x83AE, 0x730B, 0x6AEB, 0x62AB,
    0x2966, 0x0041, 0x0000, 0x0821, 0x0862, 0x0882, 0x5A68, 0x6AC9,
    0x6AE9, 0x62A7, 0x626A, 0x7AED, 0x93CE, 0x9C6E, 0xA46E, 0xAC4F,
    0xAC50, 0xAC90, 0xA4D0, 0xACF1, 0xACF2, 0xAD13, 0xB531, 0xACCD,
    0xA46E, 0x9CB2, 0xA4D2, 0xA4B1, 0xA491, 0xA4B1, 0xACD2, 0xAD12,
    0xAD12, 0xAD12, 0xACF3, 0xA4D3, 0xA4F3, 0xA4F4, 0xAD13, 0xB553,
    0xB553, 0xB554, 0xB554, 0xB554, 0xB554, 0xB554, 0xB554, 0xB553,
    0xB554, 0xAD74, 0xAD74, 0xAD75, 0xAD75, 0xAD75, 0xB575, 0xAD75,
    0xAD75, 0xAD75, 0xB575, 0xB575, 0xB595, 0xB595, 0xB575, 0xB575,
    0xB5B6, 0xB5B6, 0xB575, 0xB595, 0xB595, 0xB5B5, 0xB5B5, 0xB595,
    0xB575, 0xAD55, 0xA554, 0xA533, 0xAD13, 0xACF2, 0xACB1, 0xACB2,
    0xB513, 0xBD94, 0xBDD5, 0xBDB6, 0xBDB5, 0xBD95, 0xBD94, 0xBD95,
    0xBDB6, 0xBDD6, 0xBDB6, 0xB5B5, 0xBDB6, 0xBDB6, 0xBDD6, 0xC5B5,
    0xC5B5, 0xBD94, 0xB553, 0xB552, 0xB573, 0xBD94, 0xBD74, 0xBDB5,
    0xC5D5, 0xBDB5, 0xC5B5, 0xB553, 0x9470, 0x8BCE, 0x8BAE, 0x8BAE,
    0x730B, 0x62CA, 0x528A, 0x2946, 0x0842, 0x0001, 0x0021, 0x0862,
    0x0883, 0x6287, 0x6AC8, 0x7B09, 0x7B09, 0x7B09, 0x834C, 0x93CE,
    0x942E, 0x944D, 0x9C8E, 0xA4D0, 0xA4D2, 0xACD3, 0xA4B1, 0xA4B1,
    0xACF2, 0xB533, 0xAD11, 0x9C6F, 0x83F0, 0x9431, 0xACB2, 0xACF1,
    0xACF1, 0xACD1, 0xA4D1, 0xACD2, 0xACD1, 0xACF2, 0xB533, 0xBD75,
    0xBD96, 0xC554, 0xBD32, 0xBD52, 0xC573, 0xBD75, 0xB575, 0xB575,
    0xB554, 0xB554, 0xB574, 0xB595, 0xB575, 0xAD54, 0xAD54, 0xAD75,
    0xAD95, 0xAD75, 0xAD75, 0xAD75, 0xAD75, 0xB595, 0xB595, 0xAD54,
    0xAD54, 0xAD54, 0xAD54, 0xAD54, 0xAD75, 0xB595, 0xB595, 0xB595,
    0xB595, 0xB595, 0xB595, 0xB595, 0xB595, 0xB596, 0xAD75, 0xAD33,
    0xB512, 0xB513, 0xB514, 0xAD13, 0xAD33, 0xB574, 0xB594, 0xB594,
    0xBD95, 0xBDB5, 0xBDB5, 0xC5D6, 0xBDF7, 0xBDF7, 0xBDD6, 0xBDD6,
    0xBDD5, 0xBDD6, 0xBDB6, 0xC5B5, 0xBD94, 0xB573, 0xB573, 0xBD73,
    0xBD74, 0xBD94, 0xC5B5, 0xC5D5, 0xB574, 0xB573, 0xB512, 0x9C4F,
    0x8BAE, 0x836E, 0x7B6D, 0x730B, 0x6ACA, 0x4A49, 0x2125, 0x0862,
    0x0021, 0x0021, 0x0862, 0x08A3, 0x6268, 0x5A27, 0x6A48, 0x82CA,
    0x830A, 0x730B, 0x732D, 0x938F, 0x9BCE, 0x940E, 0x9470, 0x9CB1,
    0xACD1, 0xA4D1, 0xACD1, 0xACF1, 0xACD1, 0xACF1, 0xACD1, 0x944F,
    0x8C2F, 0x9430, 0x9C71, 0xA4B1, 0xA4D1, 0xA4B1, 0xACF1, 0xACF1,
    0xACD1, 0xACD1, 0xA4B0, 0xA4B0, 0xB4F2, 0xBD33, 0xB533, 0xB532,
    0xB510, 0xB510, 0xB532, 0xB534, 0xB534, 0xAD33, 0xB573, 0xAD74,
    0xA533, 0xAD33, 0xB555, 0xB595, 0xAD75, 0xB595, 0xB5B6, 0xB5B6,
    0xB595, 0xB5B5, 0xB5B6, 0xB595, 0xB575, 0xB595, 0xB595, 0xB595,
    0xB595, 0xB595, 0xB595, 0xAD75, 0xAD75, 0xB5B6, 0xBDD6, 0xB595,
    0xAD55, 0xB576, 0xB575, 0xB595, 0xAD94, 0xA553, 0xAD32, 0xAD12,
    0xAD13, 0xAD53, 0xB574, 0xB5B5, 0xB5B5, 0xBDB5, 0xC5B6, 0xBDD8,
    0xC5F7, 0xC5F6, 0xBDD6, 0xBDD5, 0xBDD6, 0xBDB6, 0xBD95, 0xB593,
    0xB573, 0xB553, 0xB553, 0xBD73, 0xBD93, 0xC5B5, 0xBD95, 0xACF2,
    0xACF2, 0xACB1, 0x9C30, 0x8B8E, 0x7B2D, 0x730C, 0x730B, 0x6ACA,
    0x4A08, 0x2124, 0x0862, 0x0021, 0x0001, 0x0862, 0x10C4, 0x6288,
    0x6A87, 0x72C7, 0x7AE8, 0x8329, 0x834A, 0x7B2A, 0x734B, 0x734C,
    0x738E, 0x83AF, 0x9410, 0xA491, 0xA4D1, 0xACF1, 0xB512, 0xB4F2,
    0xBD33, 0xB513, 0xA4D0, 0x9C90, 0x9450, 0x8C10, 0x9450, 0xA491,
    0xACF1, 0xB512, 0xB4F2, 0xB4F2, 0xB4F3, 0xB4F2, 0xB512, 0xB512,
    0xB512, 0xB511, 0xB511, 0xB510, 0xACEF, 0xACEF, 0xBD73, 0xBDB6,
    0xBD96, 0xBD74, 0xB553, 0xB553, 0xB554, 0xB554, 0xAD74, 0xB595,
    0xB595, 0xB595, 0xBDB6, 0xB5B6, 0xB5B6, 0xB5D6, 0xB5B6, 0xB596,
    0xB595, 0xB595, 0xB595, 0xB596, 0xB595, 0xB595, 0xB595, 0xB5B5,
    0xBDB5, 0xBDD5, 0xB5B5, 0xB575, 0xAD55, 0xB575, 0xB5B6, 0xB5D6,
    0xBDF6, 0xBDF6, 0xB5B6, 0xB594, 0xB574, 0xB594, 0xB594, 0xB574,
    0xB574, 0xBD94, 0xC5B6, 0xBDD7, 0xBDD6, 0xBDB6, 0xC5B6, 0xC5B6,
    0xBDD6, 0xB595, 0xB573, 0xB553, 0xBD73, 0xB532, 0xB512, 0xBD74,
    0xC5D5, 0xBD93, 0xACAE, 0xACB0, 0xACD2, 0x9C30, 0x8B8D, 0x7B2C,
    0x730C, 0x72EB, 0x62A9, 0x41E8, 0x2945, 0x10A3, 0x0042, 0x0001,
    0x0862, 0x10C4, 0x5A27, 0x6287, 0x7328, 0x7B48, 0x7B29, 0x7B4B,
    0x836D, 0x7B4D, 0x732C, 0x7B6D, 0x83CE, 0x8C30, 0x9451, 0x9C51,
    0xA491, 0xB511, 0xB513, 0xBD33, 0xB512, 0xA4D0, 0xA4D0, 0xA4B0,
    0x9C70, 0x9430, 0x8C30, 0x9C91, 0xACD1, 0xB512, 0xB533, 0xB533,
    0xB532, 0xBD32, 0xBD12, 0xBD31, 0xBD10, 0xB510, 0xB4F0, 0xB511,
    0xB532, 0xB551, 0xB531, 0xB512, 0xB513, 0xB533, 0xBD32, 0xB533,
    0xB533, 0xAD54, 0xB575, 0xB595, 0xB5B6, 0xB5B6, 0xB575, 0xB575,
    0xB595, 0xBD94, 0xBD74, 0xB554, 0xADB6, 0xADD6, 0xB5B6, 0xBDB5,
    0xBDB6, 0xBDB6, 0xB595, 0xB595, 0xBDB5, 0xBDB5, 0xBDB6, 0xAD75,
    0xAD54, 0xAD75, 0xB596, 0xB5B6, 0xB5D6, 0xB5D6, 0xB5B5, 0xBD94,
    0xBD94, 0xBD94, 0xB574, 0xB573, 0xB573, 0xBD74, 0xBD96, 0xBDB7,
    0xBDD6, 0xB5B6, 0xB5B6, 0xBDB5, 0xBD74, 0xB533, 0xAD12, 0xB553,
    0xB532, 0xACF1, 0xACF1, 0xAD11, 0xACD0, 0x9C4F, 0xA4B1, 0xACB1,
    0x93EE, 0x8B6D, 0x834C, 0x732C, 0x6ACA, 0x6289, 0x49E7, 0x3165,
    0x10A3, 0x0022, 0x0001, 0x0863, 0x10E5, 0x6268, 0x6A68, 0x6A88,
    0x6AC7, 0x7328, 0x834A, 0x7B2A, 0x7AEA, 0x72C9, 0x7B2B, 0x940E,
    0xA4B1, 0xACD1, 0xA4B0, 0xA4B0, 0xACB0, 0xACB0, 0xACAF, 0xACAF,
    0xACD0, 0xACF0, 0xA4CF, 0x9C6F, 0xA490, 0xACB0, 0xACD0, 0xA4B0,
    0xAC90, 0xACB0, 0xACAF, 0xACCF, 0xACD0, 0xACD1, 0xACD1, 0xACB1,
    0xACD1, 0xB511, 0xB532, 0xB532, 0xB511, 0xB510, 0xB510, 0xB532,
    0xB532, 0xB511, 0xACF2, 0xB512, 0xB553, 0xB594, 0xB595, 0xAD75,
    0xAD54, 0xB555, 0xAD76, 0xA598, 0xA578, 0xA596, 0xADB6, 0xB5D6,
    0xBDF6, 0xBDD6, 0xBDD6, 0xBDB6, 0xBDB5, 0xBD95, 0xBD95, 0xBDB5,
    0xC5D6, 0xC5D6, 0xBDB6, 0xAD74, 0xAD54, 0xB595, 0xB5B6, 0xBDB6,
    0xB5B5, 0xB5B5, 0xB5B5, 0xB595, 0xBD94, 0xBD95, 0xBD93, 0xBD72,
    0xAD52, 0xB553, 0xB554, 0xB533, 0xAD34, 0xAD54, 0xB574, 0xAD74,
    0xAD33, 0xB512, 0xB532, 0xB552, 0xB512, 0x9C70, 0x940E, 0x9C4F,
    0x9C50, 0xACB1, 0xA470, 0x8BAD, 0x836D, 0x836D, 0x7B2C, 0x6ACA,
    0x5A68, 0x4A07, 0x3165, 0x18C3, 0x0042, 0x0000, 0x0863, 0x10E5,
    0x5268, 0x6AA8, 0x7AC8, 0x6A68, 0x72C9, 0x8349, 0x7B49, 0x7B28,
    0x72E9, 0x7B2C, 0x7B8E, 0x8C0E, 0x9C4F, 0xA4D0, 0xACD1, 0xA4B0,
    0xACAF, 0xACB0, 0xACD0, 0xB4D1, 0xB4D0, 0x9C8E, 0x8C2C, 0x942E,
    0x9C70, 0xACD1, 0xACD0, 0xA4B0, 0xACAF, 0xACB0, 0xACD0, 0xB4F0,
    0xB4F1, 0xB4F1, 0xB4D1, 0xACF1, 0xAD32, 0xB572, 0xBD93, 0xBD93,
    0xBD73, 0xBD52, 0xB531, 0xB511, 0xB532, 0xB532, 0xBD53, 0xB553,
    0xB554, 0xB554, 0xB554, 0xB554, 0xAD95, 0xA597, 0xA597, 0xA577,
    0xA577, 0xA5B7, 0xB5D7, 0xBDD6, 0xBDB5, 0xC5D6, 0xBDB6, 0xBDB5,
    0xBDB5, 0xBDB5, 0xBDB5, 0xBD95, 0xBD95, 0xBD95, 0xB595, 0xB595,
    0xB5B5, 0xB5D6, 0xBDB6, 0xBDB5, 0xB595, 0xB595, 0xB594, 0xB574,
    0xBD74, 0xBD73, 0xBD53, 0xB552, 0xBD93, 0xB574, 0xAD33, 0xAD53,
    0xB574, 0xB574, 0xB574, 0xAD74, 0xB553, 0xACF1, 0xB533, 0xBD74,
    0xB512, 0xACD1, 0xA491, 0x9C30, 0x9C50, 0x9C2F, 0x8BAE, 0x836D,
    0x7B4C, 0x730B, 0x6AA9, 0x5A69, 0x4A07, 0x3165, 0x18C3, 0x0063,
    0x0001, 0x0062, 0x10E5, 0x5A67, 0x72E8, 0x8329, 0x7AC7, 0x7AC8,
    0x7B2A, 0x834A, 0x72E8, 0x72E9, 0x836D, 0x83CF, 0x8BEE, 0x9C2D,
    0xA48F, 0xACD0, 0xACD0, 0xACB0, 0xB4AF, 0xB4AF, 0xB48F, 0xAC8F,
    0xA48F, 0x9C6E, 0x9C4E, 0x9C4E, 0xA4AF, 0xACD0, 0xACD0, 0xACAF,
    0xB4D0, 0xB4AF, 0xAC8F, 0xB4CF, 0xB4D0, 0xB4F0, 0xBD11, 0xB4D0,
    0xB4AF, 0xB4CF, 0xB4D0, 0xB4F0, 0xB511, 0xBD52, 0xB532, 0xACF1,
    0xACD1, 0xACF1, 0xB512, 0xB533, 0xB533, 0xB553, 0xB553, 0xB533,
    0xB533, 0xB553, 0xB554, 0xB555, 0xAD76, 0xAD95, 0xB5B5, 0xB595,
    0xBD95, 0xB574, 0xB574, 0xB594, 0xB574, 0xB575, 0xBD95, 0xBD95,
    0xB595, 0xB575, 0xB596, 0xB5B6, 0xB5B6, 0xB5B6, 0xB595, 0xB595,
    0xB5B5, 0xB595, 0xB594, 0xB574, 0xB573, 0xB552, 0xB552, 0xBD73,
    0xB573, 0xB532, 0xB532, 0xAD33, 0xAD13, 0xAD53, 0xAD54, 0xB553,
    0xB512, 0xACF2, 0xB533, 0xB533, 0xB4F2, 0xA470, 0x8BAE, 0x8BCE,
    0x940E, 0x93CE, 0x8B8D, 0x7B0A, 0x62A9, 0x6AAA, 0x6289, 0x49E7,
    0x3145, 0x18C3, 0x0863, 0x0001, 0x0062, 0x10E4, 0x5227, 0x6268,
    0x72C8, 0x7AC7, 0x8328, 0x8349, 0x7B09, 0x730A, 0x7B6C, 0x8BCD,
    0x840D, 0x8C2D, 0x9C2E, 0x9C4F, 0xA48F, 0xA4B0, 0xAC90, 0xAC8F,
    0xAC8F, 0xBC6F, 0xAC8F, 0x9C6E, 0x9C4E, 0x9C2E, 0x9C2E, 0x9C6F,
    0xA48F, 0xACB0, 0xA4B0, 0xAC8F, 0xAC6F, 0xB46F, 0xB4B0, 0xB4B0,
    0xB4B0, 0xB4F0, 0xB4F0, 0xB4D0, 0xB4D0, 0xB4D1, 0xB4F1, 0xACF1,
    0xACF1, 0xACD0, 0xACD0, 0xACD0, 0xACF1, 0xAD12, 0xAD12, 0xACF2,
    0xACF2, 0xB4D2, 0xB4D2, 0xB4F1, 0xAD12, 0xB553, 0xB574, 0xB595,
    0xBD75, 0xBD74, 0xBD74, 0xB574, 0xB574, 0xB574, 0xB595, 0xBD95,
    0xBD94, 0xB595, 0xB595, 0xB595, 0xB595, 0xAD95, 0xB595, 0xBD96,
    0xBD96, 0xB596, 0xB595, 0xAD94, 0xAD73, 0xB574, 0xB554, 0xB553,
    0xB553, 0xB532, 0xACF1, 0xACD1, 0xACF1, 0xA4F1, 0xA4D1, 0xA4D1,
    0xACF2, 0xAD12, 0xAD33, 0xACF3, 0xACF2, 0xA4F2, 0xA491, 0x9C50,
    0x9C0F, 0x8BAD, 0x8BEE, 0x940E, 0x93AE, 0x838C, 0x7B2A, 0x62A8,
    0x6ACA, 0x628A, 0x41C6, 0x2924, 0x18C3, 0x0883, 0x0002, 0x0063,
    0x10E4, 0x41C6, 0x5247, 0x6AE9, 0x62C8, 0x6287, 0x5A46, 0x5A67,
    0x7309, 0x7B8B, 0x838B, 0x7B8C, 0x7BAC, 0x93EE, 0xA46F, 0xAC90,
    0xACAF, 0xB4D0, 0xB4D0, 0xB4B0, 0xBCD1, 0xBCF1, 0xB4F0, 0xA4CF,
    0x9C6E, 0x9C4E, 0xA46F, 0xAC90, 0xACD0, 0xB4CF, 0xB4AF, 0xB4D0,
    0xBCF1, 0xBCF1, 0xB4D0, 0xB4CF, 0xB4CF, 0xBCF0, 0xBD11, 0xB510,
    0xB4F1, 0xB4F1, 0xB511, 0xBD32, 0xBD32, 0xBD32, 0xB532, 0xBD33,
    0xBD53, 0xB573, 0xB553, 0xB553, 0xB554, 0xB574, 0xB574, 0xB574,
    0xB573, 0xB572, 0xB553, 0xB574, 0xBD94, 0xBD95, 0xBD95, 0xBD74,
    0xB574, 0xB595, 0xB5B5, 0xB595, 0xB575, 0xB595, 0xB5B5, 0xAD95,
    0xAD95, 0xB595, 0xB5B5, 0xB5B5, 0xB595, 0xB594, 0xAD74, 0xB575,
    0xB574, 0xB573, 0xB553, 0xB553, 0xAD12, 0xB512, 0xB511, 0xB531,
    0xACF1, 0xA4D1, 0xA4D2, 0xAD13, 0xAD33, 0xAD33, 0xB533, 0xB513,
    0xACF2, 0x9C90, 0x9C6F, 0xA46F, 0x942E, 0x940E, 0x93CE, 0x8B6D,
    0x8B6D, 0x8B4C, 0x72EA, 0x72CA, 0x6289, 0x41A6, 0x2104, 0x18C3,
    0x10C4, 0x0022, 0x0063, 0x10A4, 0x49E6, 0x5227, 0x62A8, 0x72C9,
    0x6AA8, 0x6287, 0x62A7, 0x72E9, 0x836B, 0x8BCD, 0x8BCD, 0x93ED,
    0xA46F, 0xB4CF, 0xB4D0, 0xAC90, 0xACB0, 0xACB0, 0xACCF, 0xB4CF,
    0xACAF, 0xAC8F, 0xACAF, 0xA4AF, 0xAC8E, 0xAC8F, 0xACB0, 0xACB0,
    0xACB0, 0xACD0, 0xACCF, 0xACCF, 0xB4CF, 0xB4EF, 0xB4EF, 0xB4F0,
    0xB4F0, 0xB4F0, 0xB4F0, 0xB4F0, 0xB4F1, 0xB4F1, 0xB512, 0xB532,
    0xB532, 0xB532, 0xB512, 0xBD12, 0xBD33, 0xBD53, 0xB553, 0xB553,
    0xB574, 0xB574, 0xB574, 0xB574, 0xB574, 0xB574, 0xBD94, 0xBD95,
    0xC5B5, 0xBD95, 0xB594, 0xB594, 0xB595, 0xB595, 0xB595, 0xB5B5,
    0xB5B5, 0xB595, 0xB595, 0xB5B6, 0xB5D6, 0xB5D6, 0xB5B6, 0xB596,
    0xBD96, 0xC5B6, 0xBD95, 0xB574, 0xB553, 0xBD94, 0xBD94, 0xB533,
    0xBD53, 0xBD74, 0xB573, 0xB532, 0xAD12, 0xAD33, 0xAD33, 0xAD33,
    0xAD13, 0xACF3, 0xA4D3, 0xACD3, 0xA4D2, 0xA4B0, 0x9C4E, 0x9C0E,
    0x9BEF, 0x93EE, 0x83AC, 0x838C, 0x838C, 0x7B8C, 0x6AEA, 0x5A48,
    0x41A6, 0x2904, 0x18E4, 0x10C4, 0x0042, 0x0062, 0x08A3, 0x51E6,
    0x49E6, 0x5206, 0x5227, 0x5227, 0x5A46, 0x72A8, 0x7B09, 0x836B,
    0x93ED, 0x8C0D, 0x8BED, 0x93ED, 0x940D, 0x9C4E, 0xAC8F, 0xB4B0,
    0xB4D0, 0xB4D0, 0xB4EF, 0xACCF, 0xAC8F, 0xA46E, 0x9C4D, 0x9C0D,
    0x9C0D, 0xA46F, 0xB4B0, 0xB4B0, 0xB4F0, 0xACEF, 0xACCF, 0xACAF,
    0xACAF, 0xB4EF, 0xB4EF, 0xB4EF, 0xB4CF, 0xB4D0, 0xB4F0, 0xB511,
    0xB512, 0xB532, 0xB553, 0xB553, 0xBD52, 0xB532, 0xB532, 0xB512,
    0xB532, 0xBD53, 0xBD53, 0xBD53, 0xB553, 0xB574, 0xBD94, 0xBD94,
    0xBD73, 0xBD74, 0xB574, 0xB574, 0xB574, 0xBD74, 0xB594, 0xB574,
    0xB594, 0xB5D5, 0xBDF6, 0xBDD6, 0xB5B5, 0xB594, 0xB575, 0xB576,
    0xBD96, 0xBD75, 0xBD75, 0xB554, 0xB553, 0xB552, 0xB572, 0xB552,
    0xB553, 0xBD73, 0xBD73, 0xB533, 0xACF1, 0xACF1, 0xB532, 0xB553,
    0xB553, 0xAD13, 0xAD13, 0xACF3, 0xA4B3, 0x9C72, 0x9C91, 0xA4D2,
    0xA4B0, 0x9C2E, 0x9BEE, 0x9BEE, 0x93CE, 0x83CD, 0x736A, 0x738A,
    0x83EC, 0x62EA, 0x4A07, 0x4186, 0x2904, 0x18E4, 0x10C4, 0x0083,
    0x0062, 0x0862, 0x3984, 0x41C5, 0x4A47, 0x52A8, 0x62E9, 0x7B4A,
    0x836A, 0x7B29, 0x7B49, 0x8BAB, 0x9BED, 0x9C0D, 0x9C2D, 0x9C4D,
    0xA46F, 0xA46F, 0xA46E, 0xAC6D, 0xAC8E, 0xACCF, 0xB4AF, 0xAC8F,
    0x9C8E, 0xA46D, 0xA44D, 0xA44E, 0xA46F, 0xA48F, 0xAC6E, 0xAC8E,
    0xACCF, 0xB4CF, 0xAC8F, 0xB4AF, 0xBD10, 0xBD10, 0xBD10, 0xB510,
    0xB4F0, 0xB4F0, 0xB510, 0xB531, 0xB552, 0xB573, 0xBD94, 0xBD73,
    0xBD53, 0xBD73, 0xBD74, 0xB553, 0xB512, 0xB532, 0xAD52, 0xAD33,
    0xAD12, 0xB533, 0xB533, 0xAD33, 0xAD33, 0xB533, 0xAD33, 0xAD53,
    0xB554, 0xB554, 0xB574, 0xB594, 0xB594, 0xB574, 0xB553, 0xB533,
    0xAD33, 0xB533, 0xB553, 0xB552, 0xB552, 0xB573, 0xB573, 0xB533,
    0xB533, 0xB553, 0xB552, 0xB532, 0xAD12, 0xB512, 0xACF1, 0xAD11,
    0xB532, 0xB532, 0xAD32, 0xAD12, 0xACF2, 0xACD2, 0xA4D3, 0xACB3,
    0x9CB3, 0x9491, 0x9470, 0x9C2E, 0x9BED, 0xA44F, 0x9C0F, 0x8BAD,
    0x83AD, 0x7B6B, 0x7B6A, 0x83AB, 0x62C9, 0x4A07, 0x4186, 0x2924,
    0x18E4, 0x1083, 0x0883, 0x0062, 0x0062, 0x51C7, 0x5A48, 0x6B2A,
    0x836B, 0x8B8A, 0x836A, 0x836A, 0x8B8B, 0x93CB, 0x940B, 0x9C0D,
    0x9C0D, 0x9C0D, 0xA42D, 0xAC6D, 0xA46D, 0xA44D, 0xAC6E, 0xB4CF,
    0xB4CF, 0xB4CF, 0xA4AE, 0x9C8E, 0xA48E, 0xAC6E, 0xA44D, 0xAC4D,
    0xA44C, 0xA44D, 0xACAE, 0xB4CF, 0xB4AF, 0xB4CF, 0xB4EF, 0xB4CF,
    0xB4CF, 0xB4CF, 0xB4CF, 0xACCE, 0xACF0, 0xB532, 0xB532, 0xB512,
    0xB4F1, 0xACF1, 0xB511, 0xB512, 0xAD12, 0xAD12, 0xAD12, 0xAD12,
    0xA4F2, 0xAD12, 0xAD12, 0xAD12, 0xAD33, 0xB534, 0xB535, 0xB534,
    0xB533, 0xB553, 0xB554, 0xB574, 0xB594, 0xB594, 0xB574, 0xB554,
    0xB553, 0xB553, 0xB553, 0xBD74, 0xBD74, 0xB553, 0xB533, 0xB553,
    0xBD73, 0xBD73, 0xB512, 0xACF1, 0xB511, 0xB532, 0xB532, 0xB532,
    0xB532, 0xB532, 0xAD32, 0xB532, 0xAD12, 0xACD1, 0xA4B0, 0xA4D1,
    0xA4D2, 0xA4B2, 0xA473, 0x9C93, 0x94B1, 0x9C91, 0xA44F, 0x9C0E,
    0x9C0E, 0x9BEE, 0x93CD, 0x8BEC, 0x7B8B, 0x736A, 0x734B, 0x6AC9,
    0x5228, 0x4186, 0x3145, 0x18C4, 0x0863, 0x0883, 0x0062, 0x0042,
    0x4165, 0x49C6, 0x62A9, 0x8B6B, 0x938B, 0x8B4A, 0x834A, 0x8B8B,
    0x93CB, 0x93EC, 0x9C0D, 0x9C0D, 0xA44E, 0xAC6E, 0xAC6E, 0xAC8E,
    0xAC8E, 0xACAF, 0xACAF, 0xAC8E, 0xACAE, 0xACAF, 0xA4CF, 0xACF0,
    0xACB0, 0xA44E, 0xAC6E, 0xAC8E, 0xACAE, 0xB4AF, 0xAC8F, 0xAC8E,
    0xACAF, 0xACCF, 0xACCF, 0xB4F0, 0xB4EF, 0xB4CF, 0xB4AE, 0xB4F0,
    0xAD52, 0xAD94, 0xB594, 0xAD53, 0xAD11, 0xB4F1, 0xB512, 0xAD12,
    0xA4F1, 0xACF2, 0xAD33, 0xB533, 0xB532, 0xAD12, 0xAD32, 0xAD32,
    0xAD33, 0xAD33, 0xB534, 0xB554, 0xB533, 0xB554, 0xB574, 0xB594,
    0xB553, 0xB512, 0xB512, 0xB533, 0xB553, 0xB553, 0xB532, 0xB532,
    0xB533, 0xB533, 0xB552, 0xB531, 0xACF0, 0xACB0, 0xACD0, 0xACD0,
    0xACF1, 0xACF0, 0xACEF, 0xB511, 0xB511, 0xAD11, 0xACF1, 0xA4F2,
    0xA4D1, 0xA4B1, 0xA4D1, 0xACD2, 0xA4B2, 0xA492, 0xA4B2, 0xA4F2,
    0xACD2, 0xB4D1, 0xAC6F, 0x9BCD, 0x93CD, 0x93ED, 0x8BEC, 0x838B,
    0x7B4A, 0x734A, 0x62C9, 0x5228, 0x4186, 0x3945, 0x18C4, 0x0042,
    0x0043, 0x0062, 0x0062, 0x49E6, 0x49C5, 0x49E6, 0x5268, 0x62E9,
    0x7B6A, 0x83AB, 0x93EB, 0x9C0D, 0x9C2E, 0xA44F, 0xA46F, 0xA46E,
    0x9C2D, 0xA42D, 0xA46E, 0xA46E, 0xA48E, 0xACAF, 0xB4CF, 0xB4CF,
    0xA48E, 0x8C0D, 0x942E, 0x9C4E, 0xA44D, 0xA44D, 0xA46E, 0xAC8E,
    0xACAF, 0xB4CF, 0xB4CF, 0xB4B0, 0xB48F, 0xAC6E, 0xA44E, 0xA44D,
    0xAC6E, 0xACF0, 0xB511, 0xB511, 0xACF0, 0xACF1, 0xACF1, 0xACF1,
    0xAD11, 0xB512, 0xB512, 0xB512, 0xAD12, 0xAD12, 0xAD12, 0xAD12,
    0xAD11, 0xACF1, 0xACF1, 0xACF2, 0xAD12, 0xB533, 0xB554, 0xAD33,
    0xAD13, 0xAD12, 0xAD12, 0xAD33, 0xA513, 0x9CF3, 0x9CF3, 0xAD12,
    0xAD32, 0xAD12, 0xAD12, 0xAD12, 0xB512, 0xAD11, 0xACF0, 0xACF0,
    0xACD0, 0xACD0, 0xACD0, 0xACD0, 0xA4AF, 0x9CB0, 0xA4F1, 0xAD11,
    0xAD12, 0xA4F2, 0x9CB1, 0x9CB1, 0xA4B1, 0xA4D1, 0xA4D1, 0xACB1,
    0xACB2, 0xB4F2, 0xBD13, 0xBCF2, 0xAC90, 0xA42E, 0x93AC, 0x9BED,
    0x9C0E, 0x8BCC, 0x838B, 0x7B6A, 0x7309, 0x6288, 0x5207, 0x41A6,
    0x3165, 0x18C4, 0x0022, 0x0042, 0x0062, 0x0862, 0x5A27, 0x6288,
    0x72C8, 0x5A67, 0x4A26, 0x41E5, 0x41E6, 0x6248, 0x7B2C, 0x7C0D,
    0x944E, 0xA46E, 0xAC8F, 0xA46E, 0x9C4E, 0xA42E, 0xA42E, 0x9C2E,
    0x9C2E, 0xA42D, 0xA46D, 0xA48E, 0xA48E, 0x9C6E, 0x9C4D, 0xA44E,
    0xA44E, 0xA44E, 0xA42E, 0x9C2E, 0xA44E, 0xA44E, 0xAC6D, 0xA44C,
    0xA44D, 0xA46E, 0xAC6D, 0xB48E, 0xACD1, 0xB532, 0xB512, 0xACF1,
    0xAD11, 0xB532, 0xB552, 0xB552, 0xB532, 0xB532, 0xB532, 0xB532,
    0xB532, 0xB512, 0xB512, 0xAD11, 0xAD12, 0xB532, 0xB553, 0xB533,
    0xAD33, 0xAD33, 0xB533, 0xB533, 0xB533, 0xB533, 0xAD32, 0xAD32,
    0xAD33, 0xAD13, 0xA512, 0xA4F2, 0xA512, 0xAD53, 0xB573, 0xB512,
    0xACD0, 0xACD0, 0xB510, 0xBD11, 0xB4F0, 0xACCF, 0xACD0, 0xA4D1,
    0xA4B1, 0xA4B0, 0x9C90, 0x9C90, 0x9C90, 0x9C90, 0x9C90, 0xA4B0,
    0xA4B0, 0xA4B0, 0xACD1, 0xB511, 0xB511, 0xB4F0, 0xBCB1, 0xB44F,
    0x9C0E, 0x9BED, 0xA40E, 0x9BED, 0x8BCC, 0x838A, 0x834A, 0x72E9,
    0x5A48, 0x51E7, 0x41A6, 0x3165, 0x18C3, 0x0042, 0x0042, 0x0062,
    0x0062, 0x49E6, 0x5246, 0x62A8, 0x6AC9, 0x834B, 0x8B8B, 0x7B09,
    0x6A67, 0x6288, 0x6B6B, 0x8C0D, 0xA42E, 0xA40D, 0xA44E, 0xA46E,
    0xA44D, 0x9C4D, 0xA44E, 0x9C2E, 0x9BED, 0x9BED, 0xAC8E, 0xB50F,
    0xACAE, 0xA44E, 0xA44D, 0xA46D, 0xA44D, 0x9C2E, 0x9C4E, 0x9C2E,
    0xA42D, 0xA44E, 0xA42D, 0x9BED, 0x9C0D, 0xAC8E, 0xBCCF, 0xBCEF,
    0xBD30, 0xB552, 0xB552, 0xB553, 0xBD53, 0xBD74, 0xBD54, 0xB533,
    0xB533, 0xB533, 0xB532, 0xB553, 0xBD53, 0xBD74, 0xBD73, 0xB573,
    0xB574, 0xB575, 0xBD95, 0xBDB5, 0xB595, 0xB554, 0xB554, 0xB575,
    0xB595, 0xBD73, 0xB552, 0xB532, 0xB532, 0xAD32, 0xA512, 0x9CD0,
    0x9CD0, 0xA4F0, 0xACF1, 0xACF0, 0xACAF, 0xACAF, 0xB4D0, 0xACD0,
    0xA4AF, 0xA4B0, 0xA4B0, 0xA4B0, 0x9C8F, 0xA4B0, 0xACD0, 0xA4D0,
    0xA490, 0x9C6F, 0x9C6F, 0x9C90, 0xACD1, 0xBD11, 0xBD30, 0xB510,
    0xBCD0, 0xC490, 0xB44F, 0x9C2E, 0x9C4F, 0xA42E, 0x9BED, 0x8BAB,
    0x838A, 0x836A, 0x6AC9, 0x5A27, 0x51C6, 0x41A6, 0x3145, 0x18C3,
    0x0042, 0x0063, 0x0062, 0x0042, 0x5206, 0x5A47, 0x62A8, 0x5A67,
    0x5A46, 0x6287, 0x6AE8, 0x72E9, 0x6AC9, 0x72EA, 0x83ED, 0xA44E,
    0xAC2D, 0xAC6D, 0xA48E, 0xA46E, 0xA46D, 0xACAE, 0xACAE, 0xA44D,
    0x93AC, 0x93EC, 0x9C8E, 0xA4AE, 0xAC6E, 0xAC6D, 0xA46E, 0xA46D,
    0xA48D, 0xACCE, 0xA48E, 0x9C0D, 0x93AD, 0x938D, 0x93CD, 0x9BEC,
    0xA42D, 0xAC6D, 0xAC4D, 0xAC4D, 0xAC8E, 0xACAF, 0xACD0, 0xACCF,
    0xACCF, 0xB4D0, 0xB4F0, 0xB4CF, 0xB4F0, 0xB4CF, 0xACCF, 0xACF0,
    0xB511, 0xB4F1, 0xACB0, 0xA48F, 0xA4AF, 0xA4D0, 0xA4D2, 0xA4D2,
    0xA4D1, 0xACD1, 0xACF2, 0xB532, 0xB532, 0xAD11, 0xACF1, 0xACD0,
    0xACD0, 0xACD0, 0xACAF, 0xA46D, 0xA46E, 0xA4AF, 0xA4AF, 0xA48F,
    0xA48F, 0xACAF, 0xACAF, 0xA4AF, 0x9C8E, 0x9C6E, 0x9C6F, 0xA46F,
    0xA4CF, 0xACF0, 0xA4B0, 0xA490, 0x9C4F, 0x942E, 0x9C6F, 0xACD0,
    0xBD31, 0xC551, 0xC530, 0xBD10, 0xC4D1, 0xC4F1, 0xBCB0, 0xAC0D,
    0xA3ED, 0x9C0D, 0x8BCB, 0x8BAA, 0x836A, 0x6AA8, 0x5A27, 0x51C6,
    0x4185, 0x2904, 0x18C3, 0x0883, 0x0063, 0x0042, 0x0042, 0x49E7,
    0x5227, 0x6AC8, 0x6AE9, 0x730A, 0x72E9, 0x6287, 0x5246, 0x5A47,
    0x7AC9, 0x8BAC, 0x9C2D, 0xA42E, 0xA42E, 0xA42E, 0xA44E, 0xAC8E,
    0xA4AE, 0xA4AD, 0xAC8D, 0xACAE, 0xA48E, 0x946E, 0x9C4E, 0xAC4E,
    0xA42E, 0xA42E, 0xA46E, 0xACAE, 0xACCE, 0xACAD, 0xAC8D, 0xAC8D,
    0xACCE, 0xB50F, 0xB50F, 0xB4CE, 0xACAE, 0xA48E, 0xA48E, 0xA46D,
    0xAC6E, 0xACAF, 0xB4AF, 0xACAF, 0xAC8E, 0xAC8E, 0xACAF, 0xB4D0,
    0xB4D0, 0xACD0, 0xACCF, 0xACCF, 0xACD0, 0xACD0, 0xACD0, 0xA4B0,
    0x9C4E, 0x9C2E, 0xA44E, 0xAC90, 0xACB0, 0xA48F, 0xA48E, 0xA48F,
    0xA4D0, 0xB511, 0xB531, 0xACF0, 0xA4B0, 0xA4B0, 0xACD0, 0xACCF,
    0xACCF, 0xACAF, 0xA4AF, 0xACB0, 0xACAF, 0xACAF, 0xA4AF, 0x9C6E,
    0x9C6E, 0x9C6F, 0x9C4E, 0x9C6F, 0xA48F, 0x9C8E, 0xA4D0, 0x9CD0,
    0x9C8F, 0x9CB0, 0xB512, 0xC573, 0xBD31, 0xBD10, 0xBCF0, 0xB48F,
    0xC511, 0xD573, 0xC4F0, 0xAC2D, 0x93AC, 0x8B6B, 0x834A, 0x7B29,
    0x72C8, 0x6248, 0x51E7, 0x3964, 0x28E4, 0x18C4, 0x08A4, 0x0063,
    0x0042, 0x0042, 0x4A07, 0x5A48, 0x6AA9, 0x6AC8, 0x72E9, 0x730A,
    0x7309, 0x62C8, 0x6AA8, 0x82EA, 0x8B4B, 0x836C, 0x838B, 0x93AC,
    0xA3CD, 0x9BED, 0xA44D, 0xA48E, 0xA48E, 0xA48E, 0xAC8E, 0xA4AE,
    0x9C8E, 0x9C2D, 0x93AC, 0x936B, 0x938C, 0x9C0D, 0xA46D, 0xA48E,
    0xA46E, 0xA48E, 0xACCF, 0xACD0, 0xACB0, 0xACAF, 0xACD0, 0xACD0,
    0xACAF, 0xB4AF, 0xB4CF, 0xB4CF, 0xB4D0, 0xB4F0, 0xBD11, 0xBD11,
    0xBD11, 0xB4F0, 0xB4D0, 0xACCF, 0xACCF, 0xACD0, 0xACCF, 0xACD0,
    0xACD0, 0xACD0, 0xACD0, 0xACD0, 0xACD0, 0xACAF, 0xACD1, 0xAD12,
    0xB553, 0xBD52, 0xB532, 0xB512, 0xB512, 0xB511, 0xACF1, 0xACB0,
    0xA4AF, 0xA4AF, 0xACD0, 0xB4CF, 0xACCF, 0xA4AF, 0xA4AF, 0xACAF,
    0xACB0, 0xA4B0, 0xA4B0, 0x9C8F, 0x9C6E, 0x9C4E, 0xA46F, 0xA4AF,
    0x9CAE, 0x9C8E, 0x9C6F, 0x9C6F, 0xA4D1, 0xB532, 0xBD31, 0xB4CF,
    0xB4AE, 0xB4EF, 0xBCD0, 0xC4F1, 0xBCF1, 0xBCD0, 0xA42D, 0x938B,
    0x93AB, 0x834A, 0x7AE9, 0x72A8, 0x6A69, 0x59E7, 0x3944, 0x28E3,
    0x18C4, 0x08A4, 0x0863, 0x0042, 0x0042, 0x39A7, 0x5228, 0x6AC9,
    0x6AC8, 0x6AA8, 0x7288, 0x7288, 0x5A68, 0x6AA8, 0x934A, 0x9BCD,
    0x9C2E, 0x9C4E, 0x9BEC, 0x93AC, 0x93CC, 0x9C0D, 0xA42D, 0xA44D,
    0xA44D, 0xA46D, 0x9C6E, 0x946E, 0x9C4E, 0xA42E, 0x9C0E, 0x9C0E,
    0x9C2E, 0xA42E, 0xA42D, 0x9C2D, 0x9C4D, 0x9C4D, 0x9C4D, 0x9C4D,
    0x9C4D, 0xA46D, 0xA46D, 0x9C4D, 0x9C0D, 0x9BEC, 0x93EC, 0x93EC,
    0x940C, 0xA44E, 0xAC8F, 0xB4D0, 0xB4D0, 0xB4CF, 0xACCF, 0xACCF,
    0xACCF, 0xACAF, 0xA48F, 0xA48F, 0xA48F, 0xA48F, 0xA48F, 0xA490,
    0xA4B0, 0xA4AF, 0xA48F, 0xACD0, 0xACF0, 0xB511, 0xACD1, 0xACB0,
    0xA4D0, 0xA4AF, 0xA4AF, 0xACAF, 0xACAF, 0xACCF, 0xACCF, 0xA4AF,
    0xA4AF, 0xA4AF, 0xA4AF, 0xA4AF, 0xA4AF, 0x9CB0, 0xA48F, 0xA44E,
    0x9C2E, 0x9BED, 0x940D, 0xA44E, 0xA42E, 0x9C2E, 0xA46F, 0xACD1,
    0xACF1, 0xACD0, 0xACAF, 0xAC8E, 0xACAF, 0xBD11, 0xC512, 0xBCD1,
    0xB4CF, 0xA42D, 0x9BAB, 0x93CB, 0x8B6A, 0x7B09, 0x6267, 0x6247,
    0x5A07, 0x3965, 0x2904, 0x18C4, 0x10A4, 0x0863, 0x0042, 0x0042,
    0x49E6, 0x49E6, 0x5A47, 0x6AA9, 0x6AC9, 0x5A88, 0x5227, 0x5227,
    0x62C9, 0x8B8C, 0xAC0D, 0xB44E, 0xAC8F, 0xAC90, 0xACB1, 0xACD0,
    0xA46F, 0x9C2E, 0x9C2D, 0xA44D, 0xAC8E, 0xA48E, 0x9C6E, 0x9C4E,
    0xA46F, 0xACB0, 0xACB0, 0xA46F, 0x9C4E, 0x9C2D, 0xA46D, 0xAC8E,
    0xAC8E, 0xACCF, 0xB4F0, 0xB4F0, 0xACCF, 0xACAF, 0xB4F0, 0xB511,
    0xBD31, 0xB531, 0xB4F0, 0xB4CF, 0xB4CF, 0xB4CF, 0xB4CF, 0xB4CF,
    0xB4CF, 0xB4D0, 0xB4F0, 0xB510, 0xB511, 0xB4F0, 0xACAF, 0xA48F,
    0xA48F, 0xACB0, 0xACB0, 0xA48F, 0xA48F, 0xA48F, 0xA4B0, 0xACD0,
    0xACF0, 0xACF0, 0xACF0, 0xAD10, 0xACAF, 0xA46F, 0xA4AF, 0xACCF,
    0xACCF, 0xACCF, 0xA4CF, 0xACCF, 0xACCF, 0xA48F, 0xA46F, 0xA48F,
    0x9CAF, 0xA4AF, 0xA46F, 0xA44E, 0x93CC, 0x836A, 0x838B, 0x8B8B,
    0x93CC, 0x9C4E, 0xA490, 0xA490, 0xA48F, 0xACAF, 0xACCE, 0xAC8E,
    0xB48F, 0xC512, 0xCD93, 0xCD92, 0xAC4D, 0x936A, 0x8B8A, 0x8B6A,
    0x7B09, 0x5A66, 0x5A67, 0x5A27, 0x4166, 0x20E4, 0x10C3, 0x10C4,
    0x0863, 0x0042, 0x0042, 0x4A07, 0x5A67, 0x72E9, 0x72E9, 0x6287,
    0x5206, 0x6247, 0x72EA, 0x732A, 0x6B49, 0x838A, 0x8BCB, 0x8BEC,
    0x8C0D, 0x942E, 0x942D, 0x9C2E, 0xA44E, 0xA48E, 0xA4AF, 0xA48E,
    0xA46E, 0xA46F, 0xA46E, 0x9C4D, 0x8C2D, 0x942E, 0x9C4E, 0xA46E,
    0xA48E, 0xA48F, 0x9C8E, 0x9C4D, 0xA46E, 0xACAE, 0xB4AF, 0xB4CF,
    0xACCF, 0xACCF, 0xACEF, 0xB510, 0xBD30, 0xB530, 0xB510, 0xB511,
    0xB4F0, 0xB4F0, 0xB4F0, 0xB4F0, 0xB4D0, 0xACCF, 0xB4D0, 0xB4F0,
    0xB4F0, 0xB4F0, 0xACD0, 0xA4B0, 0xA48F, 0xA46F, 0xA48F, 0xA4B0,
    0xA4B0, 0xACD0, 0xB511, 0xB511, 0xB511, 0xB511, 0xACF0, 0xA4AF,
    0xA4AF, 0xACF0, 0xB511, 0xB511, 0xB510, 0xAD10, 0xAD10, 0xAD11,
    0xACCF, 0xA48F, 0xA4AF, 0xA4CF, 0xA4AE, 0x9C8E, 0xA4AE, 0x9C8E,
    0x942D, 0x940D, 0x8BCB, 0x8BEB, 0x9C4D, 0xA470, 0xA470, 0x9C8E,
    0xA48E, 0xA46D, 0xA44D, 0xAC6E, 0xAC90, 0xAC6F, 0xAC4D, 0xA3CB,
    0x938A, 0x8B6A, 0x8B6A, 0x7B09, 0x5A26, 0x6247, 0x6247, 0x4985,
    0x20E3, 0x10A4, 0x10C4, 0x0863, 0x0042, 0x0041, 0x5248, 0x6269,
    0x6289, 0x5227, 0x4A07, 0x5248, 0x6ACA, 0x832A, 0x93AC, 0x940D,
    0x8C0D, 0x8BED, 0x940E, 0x9C2F, 0xA470, 0xACB0, 0xB4F0, 0xB4D0,
    0xACAF, 0xA4AF, 0xA48E, 0xA48E, 0x9C4E, 0x9C4E, 0x9C4E, 0x9C4E,
    0xAC90, 0xACD0, 0xACD0, 0xACAF, 0xA4AF, 0xA4AF, 0xA48E, 0xA48E,
    0xAC8E, 0xAC8E, 0xA48E, 0xA4AE, 0xACCF, 0xACCF, 0xACAF, 0xACCF,
    0xACCF, 0xACAF, 0xACAF, 0xACAF, 0xB4D0, 0xB510, 0xB510, 0xB4F0,
    0xB4EF, 0xB4D0, 0xACD0, 0xACAF, 0xA4AF, 0xA4AF, 0xACB0, 0xA4B0,
    0xACB0, 0xACB0, 0xACB0, 0xA4B0, 0xA4B0, 0xACF0, 0xB511, 0xB4F1,
    0xACF1, 0xACF0, 0xACCF, 0xACD0, 0xAD11, 0xAD11, 0xAD11, 0xB511,
    0xB4F0, 0xACD0, 0xACCF, 0xACEF, 0xB4F0, 0xACF1, 0xACD2, 0xA4D2,
    0x9CB1, 0xA4B0, 0xA46F, 0x9C4D, 0x9C4E, 0x9C4E, 0xA46F, 0xA48F,
    0xA48F, 0x9C6E, 0x942C, 0x944C, 0xA48E, 0xACCF, 0xACCF, 0x8BED,
    0x7B0A, 0x930A, 0xA3AB, 0x9BAB, 0x8B49, 0x8329, 0x7AE8, 0x5A47,
    0x6247, 0x6227, 0x4164, 0x20A3, 0x1083, 0x10C4, 0x0862, 0x0042,
    0x0042, 0x4A06, 0x51E7, 0x51E7, 0x5A48, 0x5A69, 0x62CA, 0x638B,
    0x83CC, 0x9BCC, 0x9BEE, 0xA42F, 0xA42F, 0xA44E, 0x9C0D, 0xA44E,
    0xA46E, 0xA46E, 0x9C6E, 0xA48E, 0xACAF, 0xACAF, 0xA48E, 0xA48F,
    0xACF0, 0xACD0, 0xA44E, 0xA42D, 0x9C4D, 0xA46E, 0xA46E, 0xA48E,
    0xACAF, 0xAC8F, 0xA46E, 0xA46E, 0xAC8F, 0xACAF, 0xACCF, 0xB510,
    0xB4F0, 0xB4F0, 0xB4F0, 0xB4F0, 0xB4F0, 0xB510, 0xBD31, 0xBD31,
    0xB511, 0xB4F1, 0xB4F0, 0xB4F0, 0xACCF, 0xB4F0, 0xB511, 0xACD0,
    0xACB0, 0xA4B0, 0xA4B0, 0xA4B0, 0xA4B0, 0xACD0, 0xACD0, 0xACD0,
    0xB4F1, 0xB511, 0xB531, 0xB531, 0xB510, 0xACD0, 0xACAF, 0xACAF,
    0xA4AF, 0xACD0, 0xACF0, 0xACF0, 0xACD0, 0xACCF, 0xACF0, 0xB510,
    0xB511, 0xA4B0, 0xA4D0, 0xACF1, 0xA4AF, 0xA48E, 0xA46E, 0x9C6D,
    0x9C4D, 0x940D, 0x940D, 0x944D, 0x944C, 0x9BEB, 0xA40B, 0xAC2C,
    0xA3EC, 0x8329, 0x8329, 0x938B, 0x9B6A, 0x9B69, 0x8B69, 0x8B49,
    0x8308, 0x72A8, 0x5A47, 0x5A47, 0x5A06, 0x4144, 0x2082, 0x1083,
    0x10C4, 0x0862, 0x0041, 0x0042, 0x5267, 0x5248, 0x5228, 0x5227,
    0x4A07, 0x4A07, 0x5268, 0x6B0B, 0x83AD, 0x93CE, 0x93ED, 0x9C2D,
    0xAC6E, 0xA44E, 0xA46E, 0xA4AE, 0xA48E, 0x9C6D, 0x9C4D, 0xA44E,
    0xA46E, 0xA48E, 0xA46F, 0xA46E, 0xA46E, 0xA48E, 0xA48E, 0xA48E,
    0xA4AE, 0x9C4D, 0x9C2D, 0x9C4E, 0xA48E, 0xACAF, 0xACAF, 0xA48E,
    0xA46E, 0xA48E, 0xACAF, 0xACCF, 0xB4F0, 0xB510, 0xB510, 0xB4F0,
    0xB4F0, 0xB510, 0xBD31, 0xBD11, 0xBD11, 0xB4F0, 0xB4F0, 0xB4F0,
    0xB4F0, 0xB4F0, 0xACB0, 0xA4B0, 0xA4AF, 0xA48F, 0xA48F, 0xA4AF,
    0xACD0, 0xA4B0, 0xA48F, 0xA4AF, 0xA4CF, 0xACCF, 0xACD0, 0xACF0,
    0xACCF, 0xA48F, 0xA4AF, 0xACAF, 0xACAF, 0xA48E, 0xA46E, 0xA46E,
    0xA48F, 0xACD0, 0xACF0, 0xA4AF, 0x9C4E, 0x9C4E, 0x9C4E, 0x942D,
    0x942E, 0x9C6E, 0x9C6D, 0x9C4C, 0x940C, 0x8BEC, 0x8BEC, 0x942D,
    0x9C2C, 0x93EB, 0x8B8A, 0x8B6A, 0x8B69, 0x9BCC, 0xA3CC, 0x8B07,
    0x82E6, 0x8327, 0x8B69, 0x8309, 0x6AA7, 0x5A66, 0x5A26, 0x51E5,
    0x4164, 0x20C3, 0x1083, 0x10A3, 0x0862, 0x0042, 0x0041, 0x5A67,
    0x5268, 0x5268, 0x6288, 0x6289, 0x6A89, 0x6A69, 0x49A5, 0x4A27,
    0x83AD, 0x9C4D, 0x940A, 0x8BC9, 0x93EC, 0xA42E, 0xA44E, 0x9C6D,
    0x9C8E, 0x9C6E, 0x9C2D, 0x9C4D, 0x9C8E, 0xA48E, 0xA48E, 0xA46D,
    0x9C4D, 0x9C2E, 0x9C4E, 0x9C6E, 0xA48E, 0xA46E, 0x9C4D, 0x9C6D,
    0xA48E, 0xACAE, 0xAC8E, 0xACAF, 0xACAF, 0xAC8F, 0xB4B0, 0xB4D0,
    0xB4CF, 0xACAF, 0xACCF, 0xACD0, 0xB4F0, 0xB4F0, 0xB4CF, 0xB4F0,
    0xB4F0, 0xB4F0, 0xB510, 0xB510, 0xB510, 0xACF0, 0xA48F, 0xA46F,
    0xAC8F, 0xAC8F, 0xACB0, 0xACD0, 0xACD0, 0xA4B0, 0xA48F, 0x9C6E,
    0xA48F, 0xACD0, 0xACAF, 0xACAF, 0xA48F, 0xA4AE, 0xACAE, 0xACCF,
    0xA4AF, 0xA4AF, 0xACCF, 0xA4CF, 0xA48E, 0x9C6E, 0x9C6E, 0xA46E,
    0xA42D, 0x9BEB, 0x940C, 0x944D, 0x9C4D, 0x942D, 0x942C, 0x9C4D,
    0x9C8F, 0x944D, 0x940C, 0x9C0B, 0x9C2B, 0x9BEB, 0x938A, 0x8BAA,
    0x93CC, 0x9B8B, 0x8AE8, 0x8AE6, 0x8B27, 0x9369, 0x7B08, 0x6AA7,
    0x6267, 0x59E5, 0x51C5, 0x4185, 0x28E3, 0x1083, 0x0883, 0x0862,
    0x0841, 0x0841, 0x6AA9, 0x5A88, 0x5268, 0x62A9, 0x62CA, 0x62AA,
    0x6AA9, 0x6AC8, 0x7B89, 0x940C, 0x93EC, 0x93CC, 0x9C2D, 0xA4AF,
    0xA4AF, 0x9C6E, 0x9C6E, 0x9C6E, 0x9C8F, 0x9CAF, 0xA48E, 0xA46D,
    0xA44D, 0x9C4D, 0x9C6E, 0xA48E, 0xA48F, 0xA48E, 0x9C6E, 0x9C6E,
    0x9C8E, 0xA48E, 0xA46E, 0xA44D, 0xA46D, 0xA48E, 0xACAF, 0xB4F0,
    0xB531, 0xB510, 0xACF0, 0xACCF, 0xB4F0, 0xB4F0, 0xACAF, 0xB4F0,
    0xB531, 0xBD31, 0xBD31, 0xB511, 0xB511, 0xBD11, 0xBD32, 0xBD31,
    0xB531, 0xB4F1, 0xB4F1, 0xB4F1, 0xACD0, 0xA48F, 0xA48F, 0xA4B0,
    0xAD10, 0xAD10, 0xACF0, 0xACF0, 0xB4F0, 0xACCF, 0xA4F0, 0xA4F0,
    0xACCF, 0xA4AF, 0xA48F, 0x9CAF, 0xA4AF, 0xA4AF, 0x9C8E, 0x9C6C,
    0x9C2C, 0x9C2E, 0xA44F, 0xA48E, 0xA48D, 0xA46E, 0xA46E, 0x9C6E,
    0x9C4E, 0x9C2E, 0x9C4E, 0x9C6E, 0x942D, 0x940B, 0x9C2C, 0xA48D,
    0xA40C, 0x8B6A, 0x8B8A, 0x9BAB, 0x9BAB, 0x9348, 0x82C6, 0x82C6,
    0x9369, 0x8308, 0x6AA7, 0x5A47, 0x59E5, 0x51A5, 0x3944, 0x20E3,
    0x10A3, 0x0863, 0x0042, 0x0042, 0x0041, 0x5A48, 0x5228, 0x5228,
    0x6289, 0x6ACA, 0x62A8, 0x5A67, 0x6AA7, 0x836B, 0x940E, 0x944E,
    0x942E, 0x9C2E, 0x9C6E, 0x9C6E, 0x9C6E, 0x9C6F, 0x9C8F, 0x9C8F,
    0x9C6E, 0xA4AE, 0xACCF, 0xA4AE, 0x9C6E, 0x9C6E, 0x9C8E, 0x9C6E,
    0x9C6F, 0x9C6F, 0x9C8E, 0xA48E, 0xA48E, 0xA4AE, 0xACAE, 0xAC8E,
    0xA48F, 0xACAF, 0xB4D0, 0xB4F0, 0xB4F0, 0xB4F0, 0xB4F0, 0xB4F0,
    0xB4D0, 0xB4D0, 0xACD0, 0xACF0, 0xACF1, 0xACF1, 0xAD11, 0xBD32,
    0xBD52, 0xB532, 0xB511, 0xB511, 0xB511, 0xB532, 0xBD93, 0xB552,
    0xA4F1, 0xA4B0, 0xACF1, 0xB511, 0xB511, 0xAD11, 0xB4F1, 0xB4F1,
    0xAD10, 0xAD10, 0xAD11, 0xB511, 0xACF1, 0xA4D0, 0x9CD0, 0x9CAF,
    0xA4CF, 0xA4CF, 0xA4AE, 0xA46E, 0xA46F, 0xA490, 0xA4B0, 0xA4AF,
    0xA490, 0x944F, 0x840C, 0x7BEC, 0x83CC, 0x8BED, 0x940D, 0x940C,
    0x942C, 0x9C2C, 0x9C4C, 0x93CA, 0x8B49, 0x8B8A, 0x9BEC, 0xA3AB,
    0x9349, 0x82C5, 0x7AA5, 0x9348, 0x7AE8, 0x6A87, 0x5A46, 0x5A06,
    0x51C5, 0x3964, 0x20E3, 0x1083, 0x0843, 0x0862, 0x0862, 0x0041,
    0x5206, 0x5A48, 0x62A9, 0x6289, 0x41C6, 0x3985, 0x5247, 0x72EA,
    0x7B4B, 0x7B8B, 0x83EC, 0x940C, 0xA3ED, 0xAC6F, 0xA4B0, 0x9CCF,
    0x9CAF, 0x9C8E, 0x9C8E, 0xA4AE, 0xA4AF, 0xA4B0, 0xA48F, 0x9C6E,
    0x9C6E, 0xA48E, 0xA4CF, 0xA4D0, 0x9CAF, 0x9C8E, 0x9C6E, 0xA48E,
    0xACD0, 0xACB0, 0xA48F, 0x9C8E, 0x9C6D, 0x9C6E, 0x9C4D, 0xA48E,
    0xB4EF, 0xB50F, 0xB4EF, 0xB50F, 0xBD30, 0xBD51, 0xB531, 0xB511,
    0xACD0, 0xA4B0, 0xA4B0, 0xACB0, 0xB4F1, 0xB511, 0xB511, 0xACF1,
    0xAD11, 0xAD32, 0xAD32, 0xACF1, 0xACD0, 0xA4B0, 0xACF0, 0xB510,
    0xACF0, 0xACF0, 0xACF0, 0xAD10, 0xAD31, 0xA511, 0xA4F0, 0xAD11,
    0xAD32, 0xAD32, 0xA4F0, 0x9CCF, 0xA4F0, 0xA4D0, 0xA4B0, 0xA48F,
    0xA4B0, 0xA4D1, 0x9CB1, 0x9470, 0x840E, 0x8BEE, 0x8C0E, 0x940E,
    0x8C0E, 0x8C0E, 0x942E, 0x940C, 0x9BEB, 0x9BEB, 0x93CA, 0x9BCB,
    0x9BEB, 0x9BCC, 0x936A, 0x8B48, 0x82E6, 0x82C6, 0x9328, 0x7AE8,
    0x6267, 0x5A26, 0x5A06, 0x51E5, 0x3944, 0x20C3, 0x1062, 0x0842,
    0x0863, 0x0862, 0x0041, 0x5248, 0x41E7, 0x3186, 0x41E7, 0x6269,
    0x8B2B, 0x9BCC, 0x8B8B, 0x7BAB, 0x840D, 0x8C2D, 0x8BEC, 0x8BEC,
    0x9C4E, 0xA4AF, 0xA4CF, 0xA4CF, 0xA4CF, 0xA4AF, 0x9C6E, 0x940D,
    0x940C, 0x944E, 0x9CAF, 0xA4CF, 0xA48E, 0x9C6E, 0x9C8E, 0xA4CF,
    0xACD0, 0xA48F, 0x944D, 0x940D, 0x940D, 0x944E, 0x9C4E, 0x9C4E,
    0x9C6E, 0x9C4E, 0x9C4E, 0x9C2E, 0x9C4E, 0xA490, 0xA490, 0x9C8F,
    0xA4AF, 0xACF0, 0xBD52, 0xC5B4, 0xC593, 0xB511, 0xB4F1, 0xB4F1,
    0xB511, 0xACF1, 0xB512, 0xB511, 0xA4F0, 0xA4AF, 0xA4CF, 0xACD0,
    0xA4AF, 0xA4AF, 0xACF0, 0xAD30, 0xAD10, 0xACD0, 0xACAF, 0xACD0,
    0xACD0, 0xACD0, 0xACF0, 0xACF0, 0xA4D0, 0xA4B0, 0xA4B0, 0xA4D0,
    0xA4B0, 0xA4D0, 0xA4D1, 0xA4B0, 0xA48F, 0x9C6F, 0x944F, 0x8C0F,
    0x83EE, 0x942F, 0x9450, 0x942F, 0x8C0E, 0x8C0D, 0x940C, 0x9BEB,
    0x9BCB, 0x9C0B, 0x9C2C, 0x93CB, 0x934A, 0x9329, 0x9347, 0x8B06,
    0x82E6, 0x8B28, 0x7AE8, 0x6A67, 0x5A05, 0x5A05, 0x51E5, 0x3964,
    0x20C2, 0x1062, 0x0843, 0x0862, 0x0842, 0x0042, 0x5288, 0x41E6,
    0x39C6, 0x6289, 0x6AC9, 0x62C8, 0x62C7, 0x732A, 0x7B2B, 0x730A,
    0x734A, 0x83CC, 0x8C2D, 0x8BEC, 0x8BED, 0x944E, 0x9C6D, 0xA48E,
    0xA4AF, 0xA4AF, 0xACAF, 0xAC8E, 0xA48E, 0xA4CF, 0xA4D0, 0xA48F,
    0x9C4E, 0x944D, 0x9C6D, 0x9C8E, 0xACAF, 0xACCF, 0xACAF, 0xA48E,
    0xA48D, 0xA4AE, 0xA48E, 0x9C6E, 0xA46F, 0xA48F, 0xA48F, 0xA48F,
    0xA48F, 0xA46F, 0xA46F, 0x9C4F, 0x9C6F, 0x9C8F, 0xA4B0, 0xB4F1,
    0xBD52, 0xBD52, 0xB511, 0xB4F0, 0xB4F0, 0xAD10, 0xAD11, 0xB512,
    0xACF0, 0xA4CF, 0xA4D0, 0xACF0, 0xACF0, 0xA4F0, 0xAD10, 0xB530,
    0xB551, 0xA551, 0xA511, 0xACF0, 0xACD0, 0xACF1, 0xA4F0, 0xA4D0,
    0xA4D0, 0xA4D0, 0xA4D0, 0xA4D0, 0xACD0, 0xA4F0, 0xA490, 0x9C6F,
    0x9C6E, 0x9C4F, 0x9450, 0x8C2F, 0x8C0E, 0x83CD, 0x83CD, 0x940E,
    0x940D, 0x93ED, 0x9C0D, 0x9C0C, 0x9C0B, 0x9C0B, 0x8BAA, 0x8BAA,
    0x93AA, 0x9B68, 0x9347, 0x8B07, 0x8307, 0x7AC8, 0x6A87, 0x5A25,
    0x59E5, 0x51C5, 0x4184, 0x20C2, 0x1062, 0x0863, 0x0862, 0x0862,
    0x0042, 0x5A47, 0x5A48, 0x5A69, 0x6ACA, 0x62CA, 0x5AA9, 0x6289,
    0x6AEA, 0x7B6B, 0x7BCC, 0x8BED, 0x8BAB, 0x93AB, 0x940C, 0xA4AF,
    0xACF0, 0xA48E, 0x9C6D, 0x9C6D, 0xA48D, 0xACCF, 0xACAF, 0x9C4E,
    0x9C4E, 0x9C8E, 0xACAF, 0xACAF, 0xA48F, 0xA48E, 0x9C6D, 0x9C8D,
    0xA48E, 0xACAF, 0xAC8E, 0xA48E, 0xACAF, 0xA48F, 0xACAF, 0xB511,
    0xB511, 0xACF0, 0xA4AF, 0xA48F, 0xAC8F, 0xACB0, 0xAC8F, 0xACAF,
    0xACD0, 0xACCF, 0xACAF, 0xA48F, 0xA4B0, 0xAD11, 0xB531, 0xB551,
    0xB531, 0xB532, 0xB532, 0xB531, 0xB511, 0xACF1, 0xACD0, 0xACF0,
    0xAD10, 0xAD30, 0xAD10, 0xAD10, 0xAD10, 0xA551, 0xA552, 0xA511,
    0xA4F0, 0xACD0, 0xA4D0, 0xA4F0, 0xACF0, 0xACD0, 0xA4D0, 0xA4F0,
    0xA4CF, 0x9C6F, 0x9C4F, 0x946F, 0x9CB0, 0x9CB0, 0x9C90, 0x9C6F,
    0x944E, 0x942D, 0x9C4D, 0x9C4D, 0x9C2D, 0xA42D, 0xA42D, 0xA42C,
    0x9C2C, 0x93AA, 0x93CA, 0x93EA, 0x93A9, 0x9348, 0x82E7, 0x7AC7,
    0x72A7, 0x6A87, 0x5A25, 0x59E5, 0x51E5, 0x4184, 0x28C3, 0x1062,
    0x0842, 0x0862, 0x0862, 0x0062, 0x6A88, 0x62CA, 0x5AEB, 0x62EA,
    0x5AA8, 0x62E9, 0x7B6B, 0x83AC, 0x83AC, 0x83CC, 0x8BEC, 0x8C0D,
    0x8C2E, 0x942E, 0x9C4D, 0x9C6D, 0x9C6E, 0x9C6E, 0x9C4E, 0x9C2D,
    0x9C4D, 0xA48E, 0xA48E, 0xA48E, 0x9C8D, 0x9C8D, 0x9C4D, 0x942D,
    0x9C2E, 0x9C4E, 0x9C4E, 0x9C2D, 0x9C6E, 0x9C8E, 0xA48E, 0xB4D0,
    0xB4F0, 0xACD0, 0xA4D0, 0xA4CF, 0xACEF, 0xACEF, 0xACEF, 0xACCF,
    0xACCF, 0xACB0, 0xB4D0, 0xBD10, 0xB511, 0xB512, 0xBD52, 0xBD52,
    0xBD52, 0xB531, 0xAD11, 0xAD11, 0xACF0, 0xAD10, 0xAD10, 0xB550,
    0xB530, 0xAD10, 0xACF0, 0xACF0, 0xAD10, 0xAD10, 0xB50F, 0xB4EF,
    0xACF0, 0xA4F1, 0xACF1, 0xAD11, 0xAD11, 0xACF0, 0xA4D0, 0xA4CF,
    0xACF0, 0xAD31, 0xB531, 0xAD10, 0xA4AF, 0x9C8F, 0x9C8F, 0x9CB0,
    0x9CB0, 0x9C6F, 0x9C6F, 0x9C8F, 0xA4AE, 0xA48D, 0xA48D, 0xA46D,
    0x9C4D, 0xA42D, 0xA42D, 0xA42C, 0x93CA, 0x93EA, 0x93EA, 0x9389,
    0x8B27, 0x82C6, 0x7A86, 0x7287, 0x6266, 0x59E4, 0x51E5, 0x51E5,
    0x4184, 0x2903, 0x1062, 0x0022, 0x0862, 0x0862, 0x0062, 0x5A47,
    0x4A47, 0x4A89, 0x6B0B, 0x732B, 0x732A, 0x7309, 0x730A, 0x734B,
    0x83AC, 0x940D, 0x944D, 0x944D, 0x942D, 0x93EE, 0x93EE, 0x942D,
    0x9C2D, 0x9C4E, 0x9C4E, 0x9C6E, 0x9C4D, 0x9C6E, 0x9C6E, 0x9C6E,
    0xA48E, 0x942E, 0x940E, 0x9C4E, 0x9C4E, 0x9C4E, 0x9C6E, 0x9C6E,
    0x9C4D, 0x9C4D, 0x9C6E, 0xACAF, 0xACCF, 0xACCF, 0xACCF, 0xACCF,
    0xACCF, 0xACCF, 0xACD0, 0xACD0, 0xACAF, 0xACAF, 0xACF0, 0xACF0,
    0xACF0, 0xACF0, 0xACD0, 0xACF1, 0xB511, 0xB511, 0xACF0, 0xACD1,
    0xB513, 0xBD53, 0xB552, 0xB531, 0xACF0, 0xACF0, 0xAD30, 0xB551,
    0xB530, 0xB52F, 0xAD0F, 0xB4F0, 0xB511, 0xAD11, 0xACF0, 0xACF0,
    0xAD11, 0xAD11, 0xACF0, 0xA4CF, 0xACD0, 0xAD10, 0xAD30, 0xACF0,
    0xA4CF, 0x9C8F, 0x9C8F, 0x9C90, 0x9CB0, 0x9CB0, 0x9C6F, 0xA46F,
    0xA48D, 0xA4AD, 0xA46D, 0xA44C, 0xA42D, 0xA42C, 0x9C2C, 0x93CB,
    0x93EB, 0x93EA, 0x9389, 0x9328, 0x82C7, 0x7286, 0x6A66, 0x6225,
    0x51E4, 0x51C5, 0x51C5, 0x4164, 0x28E2, 0x0862, 0x0042, 0x0862,
    0x0862, 0x0062, 0x72A8, 0x5A68, 0x5269, 0x6AEA, 0x7B6B, 0x8BCC,
    0x83CD, 0x7B8C, 0x7B6B, 0x7B6C, 0x7B8D, 0x83CE, 0x8BEE, 0x942E,
    0x9C4E, 0x9C4E, 0x942E, 0x944E, 0x9C6E, 0xA46E, 0xA46E, 0xA46E,
    0x9C6E, 0x942D, 0x942D, 0x942E, 0x940E, 0x8C0E, 0x8C4E, 0x944D,
    0x9C4E, 0xA46E, 0xA46E, 0x9C4E, 0x9C6E, 0xA48E, 0xA44D, 0x9C2D,
    0xA46D, 0xACCF, 0xACEF, 0xACAE, 0xA4AE, 0xACCF, 0xB510, 0xB531,
    0xB551, 0xB531, 0xB511, 0xACD0, 0xACCF, 0xACF0, 0xACF1, 0xACF0,
    0xACF0, 0xACF0, 0xB511, 0xB531, 0xBD31, 0xB531, 0xB531, 0xB531,
    0xB531, 0xB530, 0xB530, 0xB50F, 0xB50F, 0xAD10, 0xB510, 0xB511,
    0xAD10, 0xA4D0, 0xA4D0, 0xACF0, 0xAD10, 0xACF0, 0xACF0, 0xACF0,
    0xACD0, 0xACD0, 0xACF0, 0xA4F0, 0xA4D0, 0x9CB0, 0x9C90, 0x9C8F,
    0x9C8F, 0x9C6F, 0xA46E, 0xA46D, 0xA46C, 0x9C4D, 0xA44D, 0x9C0D,
    0x9C0C, 0xA42B, 0x93EA, 0x8BCA, 0x8BAA, 0x9389, 0x9348, 0x82E7,
    0x7286, 0x6A66, 0x6225, 0x51E4, 0x49A5, 0x4985, 0x3943, 0x20C2,
    0x0862, 0x0842, 0x0862, 0x0862, 0x0062, 0x6AC9, 0x6AEA, 0x6B0B,
    0x7329, 0x6B09, 0x62EA, 0x6B2B, 0x7BAB, 0x8BEC, 0x8BED, 0x8BCD,
    0x83AD, 0x8BAD, 0x8BCD, 0x940E, 0x944E, 0x942D, 0x8C2D, 0x8C2D,
    0x946D, 0x946E, 0x9C4E, 0x9C4E, 0xA46E, 0xA48E, 0x9C6E, 0x942E,
    0x942E, 0x9C4E, 0x946E, 0x946E, 0x944D, 0x9C4E, 0x9C4E, 0x9C4E,
    0xA46E, 0x9C4E, 0x9C4D, 0x9C6D, 0xACAF, 0xACAF, 0xA46D, 0xA46D,
    0xACAE, 0xACCF, 0xAC8F, 0xA48E, 0xACAE, 0xB4F0, 0xACF0, 0xACF0,
    0xACF0, 0xB511, 0xB531, 0xB531, 0xB511, 0xB511, 0xB511, 0xACD0,
    0xA4AF, 0x9CAF, 0xA4CF, 0xA4B0, 0xA4B0, 0xACF0, 0xACEF, 0xA4AF,
    0xACAF, 0xACF0, 0xAD10, 0xAD10, 0xAD10, 0xACD0, 0xA4AF, 0xA4D0,
    0xACD0, 0xACD0, 0xACF0, 0xB4F0, 0xACD0, 0xA4CF, 0xA4EE, 0xA4EE,
    0xA4D0, 0x9C90, 0x9C90, 0x9C6F, 0x9C4E, 0x9C4D, 0xA46C, 0xA46D,
    0xA44D, 0xA42D, 0x93EC, 0x9BEB, 0xA40B, 0x93CA, 0x83AA, 0x8389,
    0x9389, 0x9348, 0x8307, 0x7B07, 0x6AA7, 0x6246, 0x59E5, 0x51A5,
    0x4964, 0x3103, 0x18A2, 0x0862, 0x0842, 0x0862, 0x0862, 0x0062,
    0x6AA7, 0x5268, 0x4A69, 0x5AC9, 0x5AA9, 0x5AA9, 0x734A, 0x93CB,
    0x9C0C, 0x83ED, 0x83ED, 0x83CD, 0x83CC, 0x7B8C, 0x83AC, 0x942E,
    0xACAF, 0xACD0, 0xA48F, 0xA48F, 0x9C6E, 0x9C4E, 0xA46E, 0xA48F,
    0xA46E, 0x9C6E, 0xA48E, 0xA48F, 0xA48F, 0xA48F, 0xA48F, 0xA48E,
    0x9C6E, 0x9C6E, 0xA46F, 0xA48F, 0xAC8F, 0xACAF, 0xA4AF, 0xA4AE,
    0xA4AE, 0xA4AF, 0xACEF, 0xACD0, 0xACD0, 0xB4D0, 0xB510, 0xB510,
    0xB4F0, 0xACD0, 0xA4B0, 0xACF0, 0xB511, 0xB511, 0xB511, 0xB511,
    0xB511, 0xB531, 0xB531, 0xB531, 0xAD31, 0xAD11, 0xAD11, 0xAD10,
    0xB530, 0xB510, 0xAD11, 0xAD10, 0xA4F0, 0xA4CF, 0xA4CF, 0xA4F0,
    0xA4F0, 0xA4F0, 0xA4B0, 0xA48F, 0xA4AF, 0xA4AF, 0xACD0, 0xB511,
    0xB510, 0xA4CF, 0xA4CE, 0xA4CF, 0x9CD0, 0x9CB0, 0x9C8F, 0xA42D,
    0xA42C, 0x9C4C, 0x9C4D, 0xA44D, 0xA42C, 0x93EB, 0x93CA, 0x93CA,
    0x8BCA, 0x8389, 0x8B69, 0x9B8A, 0x9348, 0x8326, 0x7B27, 0x6AA7,
    0x6247, 0x6226, 0x51A4, 0x4144, 0x3103, 0x1083, 0x0862, 0x0842,
    0x0862, 0x0862, 0x0862, 0x7309, 0x62A9, 0x5289, 0x6B0A, 0x62CA,
    0x62A9, 0x7329, 0x8BAB, 0x8C0C, 0x8C2E, 0x9C2F, 0xA44F, 0x9C4E,
    0x942D, 0x940D, 0x942E, 0x9C4F, 0x9C4F, 0x944E, 0x9C6E, 0x9C4E,
    0xA46E, 0xA48E, 0xAC8F, 0xA48F, 0xA48F, 0x9C4E, 0x9C4E, 0x9C4F,
    0x9C4F, 0x9C4E, 0x9C6E, 0x9C4E, 0xA46E, 0xA48F, 0xA46E, 0xA46F,
    0xACAF, 0xACCF, 0xACCF, 0xA4AF, 0xA4AF, 0xACD0, 0xB4F0, 0xB4EF,
    0xACEF, 0xACEF, 0xB4F0, 0xB510, 0xACF0, 0xA4D0, 0xA4AF, 0xACD0,
    0xB510, 0xB510, 0xB4F0, 0xACF0, 0xACF0, 0xACF0, 0xAD31, 0xAD31,
    0xAD11, 0xACD0, 0xACF0, 0xAD51, 0xB592, 0xAD71, 0xAD0F, 0xA4AF,
    0x9C8F, 0xA4CF, 0xA4CF, 0xA4F0, 0xACF0, 0xA4AF, 0xA4AF, 0xACF1,
    0xACF0, 0xACF0, 0xACCF, 0xB4CF, 0xACAE, 0xA4AE, 0xA4AF, 0xA4B0,
    0x9CB0, 0x948F, 0x9C4D, 0x9C0B, 0xA42B, 0x9C2C, 0x9C4D, 0xA44D,
    0xA44D, 0x9C0B, 0x8BAA, 0x83A9, 0x8BCA, 0x93AA, 0x9B8A, 0x9368,
    0x8327, 0x7B07, 0x6AA7, 0x6247, 0x6226, 0x51A5, 0x4144, 0x30E3,
    0x1082, 0x0842, 0x0842, 0x0862, 0x0862, 0x0842, 0x6AE9, 0x62A9,
    0x6289, 0x72E8, 0x6B48, 0x6369, 0x6B49, 0x7B6A, 0x93AB, 0x93AC,
    0x93AC, 0x93CD, 0x9C4E, 0xA46F, 0xA48F, 0x9C6F, 0xA490, 0xA48F,
    0xA46F, 0xACAF, 0xA48E, 0x9C4D, 0x9C2D, 0xA46E, 0xACCF, 0xACCF,
    0xAC8F, 0xA46F, 0xA4AF, 0xA46F, 0xAC8F, 0xACAF, 0xA46E, 0x9C4D,
    0x9C2D, 0xA48E, 0xACCF, 0xACCF, 0xA4CF, 0xACCE, 0xACCF, 0xACEF,
    0xB4CF, 0xACCF, 0xACEF, 0xAD10, 0xB4F0, 0xACD0, 0xA4D0, 0xA4D0,
    0xA4D0, 0xACF0, 0xB511, 0xBD51, 0xBD31, 0xB531, 0xB4F1, 0xACF1,
    0xAD11, 0xAD31, 0xAD31, 0xAD10, 0xAD10, 0xAD51, 0xA554, 0xAD54,
    0xB552, 0xACF0, 0xA4B0, 0xA4D0, 0xA4F0, 0xACD0, 0xA4B0, 0x9CAF,
    0x9CAF, 0xA4D0, 0xACF0, 0xB4F0, 0xACD0, 0xACD0, 0xBD10, 0xBD0F,
    0xA4AE, 0x942E, 0x9C8F, 0xA4F0, 0xA4AF, 0x946E, 0x942E, 0x9C0C,
    0xA42C, 0x9C2C, 0x9C2C, 0xA46D, 0xA44C, 0x93EA, 0x8389, 0x8BAA,
    0xA3EB, 0xA3CB, 0x93A9, 0x8367, 0x8307, 0x7286, 0x6226, 0x5A06,
    0x51A5, 0x4143, 0x28E3, 0x1062, 0x0842, 0x0862, 0x0862, 0x0862,
    0x0862, 0x6AA8, 0x5A48, 0x4A28, 0x5AA9, 0x5288, 0x62C8, 0x7B69,
    0x838A, 0x836B, 0x83AE, 0x940E, 0xA48E, 0xA4AD, 0xA48E, 0x9C6F,
    0x9C6F, 0xA48E, 0xA46E, 0xAC6F, 0xA48F, 0xACCF, 0xACEF, 0xACAF,
    0xAC8F, 0xA46E, 0xA46E, 0xACCF, 0xACF0, 0xACAF, 0xA44E, 0xA46E,
    0xA4CF, 0xACF0, 0xB4CF, 0xACAF, 0xAC8F, 0xA48E, 0xA4AE, 0xA4AF,
    0xA4AF, 0xACCF, 0xBD10, 0xB510, 0xACF0, 0xACF0, 0xACCF, 0xACEF,
    0xAD31, 0xA531, 0xA510, 0xACF0, 0xAD11, 0xAD31, 0xAD31, 0xB531,
    0xB531, 0xB531, 0xB531, 0xAD31, 0xAD11, 0xAD31, 0xAD11, 0xAD30,
    0xAD52, 0xAD94, 0xAD53, 0xA4D1, 0x9CB0, 0xA4F0, 0xAD10, 0xA50E,
    0x94AD, 0x948E, 0xA48F, 0xA4AF, 0xACD0, 0xB4F0, 0xB4D0, 0xB4D0,
    0xB4F0, 0xBD10, 0xBD0F, 0xB4D0, 0xA490, 0x9CB0, 0x9CCF, 0x9C8E,
    0xA48E, 0x9C8F, 0x9C8E, 0x9C8E, 0xA44D, 0x9C2C, 0xA42C, 0x9C2C,
    0x940B, 0x8BCA, 0x8BAA, 0x9BAA, 0xA3AB, 0x93EA, 0x8387, 0x7AC5,
    0x6A24, 0x6205, 0x5A06, 0x51A5, 0x3923, 0x28A2, 0x1062, 0x0862,
    0x0862, 0x0861, 0x0862, 0x0862, 0x72E9, 0x6288, 0x5248, 0x6AA9,
    0x6ACA, 0x6AA9, 0x6AA9, 0x730A, 0x7B6C, 0x7B8D, 0x732B, 0x834B,
    0x9C0D, 0xACCE, 0xACCE, 0xAC8F, 0xA46E, 0xA46E, 0xA48F, 0xA4AF,
    0xACCF, 0xB4CF, 0xAC8E, 0xA44E, 0x9C2E, 0x9C4E, 0xAC8E, 0xB4CF,
    0xB4AE, 0xA46E, 0xA46E, 0xACAE, 0xB4CE, 0xACAE, 0xA46E, 0xA44E,
    0xA42E, 0x9C4D, 0xA48E, 0xACCF, 0xB4F0, 0xB4F0, 0xACEF, 0xACEF,
    0xB510, 0xACF0, 0xA4F0, 0x9CF0, 0xA4F0, 0xA510, 0xAD31, 0xAD51,
    0xB571, 0xB572, 0xB572, 0xB551, 0xB531, 0xAD11, 0xAD11, 0xAD11,
    0xAD10, 0xAD10, 0xAD31, 0xAD32, 0xA553, 0xA532, 0xA4F2, 0xA4F2,
    0xA4F1, 0x9CB0, 0x8C8E, 0x846F, 0x9471, 0xAC91, 0xACF0, 0xAD10,
    0xACF0, 0xACF0, 0xB4F1, 0xBCD0, 0xAC6F, 0xAC8F, 0xACAF, 0x9CCF,
    0x94AE, 0x946E, 0x9C4E, 0xA48E, 0xA4AE, 0x9C8E, 0x9C4D, 0x944D,
    0x9C4C, 0xA44C, 0x9C2C, 0x940B, 0x93EB, 0x93AA, 0x938A, 0x9B6A,
    0x93A9, 0x8B87, 0x8306, 0x6A45, 0x61C5, 0x61C6, 0x4984, 0x3923,
    0x28A3, 0x1862, 0x1062, 0x0862, 0x0862, 0x0862, 0x0842, 0x7309,
    0x6AE9, 0x62A9, 0x6288, 0x6AE9, 0x734A, 0x732A, 0x834A, 0x834A,
    0x834A, 0x836B, 0x732A, 0x72EA, 0x8BCD, 0xACB0, 0xBCF0, 0xAC8F,
    0xA46E, 0xAC8E, 0xAC8E, 0xACAF, 0xACAF, 0xAC8E, 0xAC8F, 0xACF0,
    0xB510, 0xACCF, 0xAC8F, 0xACAF, 0xAC8E, 0xAC8E, 0xAC8F, 0xACAF,
    0xACAF, 0xACAF, 0xACAF, 0xACD0, 0xACCF, 0xACAF, 0xACCE, 0xA4CE,
    0x9CAD, 0xA4AE, 0xA4AE, 0xA4AE, 0xA4CE, 0xA4CF, 0xA4F0, 0xA4EF,
    0xA4CF, 0xA4CF, 0xA4F0, 0xA511, 0xA511, 0xAD31, 0xAD31, 0xAD11,
    0xAD31, 0xAD31, 0xAD31, 0xB531, 0xAD11, 0xAD10, 0xA511, 0xAD32,
    0xAD33, 0xAD33, 0xA532, 0x9D11, 0x9CD1, 0x9CB1, 0x94B2, 0x94F3,
    0x9D12, 0x9D11, 0xA4F1, 0xA4F1, 0xA4F1, 0xACF1, 0xACF1, 0xAD10,
    0xACF0, 0xACD0, 0x9CCF, 0x9CB0, 0x9C8F, 0x9C4E, 0x9C4D, 0x9C4D,
    0x9C6D, 0x9C2C, 0x942C, 0x9C2C, 0xA44C, 0x9C4C, 0x940B, 0x940B,
    0x93AB, 0x938A, 0x9BAA, 0x93A9, 0x9368, 0x8AE7, 0x7245, 0x61C5,
    0x5985, 0x4964, 0x3944, 0x3104, 0x2082, 0x1041, 0x0062, 0x0862,
    0x0862, 0x0842, 0x6AC9, 0x6AA9, 0x62A9, 0x6AE9, 0x734A, 0x7B6B,
    0x6B09, 0x6AE9, 0x734B, 0x838C, 0x8B8C, 0x7B09, 0x72C9, 0x93ED,
    0xACAE, 0xACAD, 0xA46E, 0xAC8F, 0xB4F0, 0xB4D0, 0xB4AF, 0xB4D0,
    0xB510, 0xAD10, 0xB510, 0xBD51, 0xBD51, 0xB510, 0xACCF, 0xACAF,
    0xB4CF, 0xB4F0, 0xB4AF, 0xB4D0, 0xB510, 0xAD10, 0xB531, 0xBD51,
    0xBD50, 0xB510, 0xB4F0, 0xACCF, 0xACEF, 0xACEF, 0xACEF, 0xA4CE,
    0xACCF, 0xACF0, 0xA4F0, 0xA4CF, 0xA4AF, 0xA4D0, 0xA4F0, 0xA4F0,
    0xA4F1, 0xAD11, 0xAD31, 0xAD31, 0xAD52, 0xAD52, 0xAD31, 0xAD31,
    0xB511, 0xB511, 0xAD10, 0xAD10, 0xAD11, 0xAD31, 0xAD32, 0xAD12,
    0x9CF2, 0x9CF2, 0x9D12, 0xA511, 0xA511, 0xA4F1, 0xA4F1, 0xA511,
    0xA511, 0x9CF1, 0x9CF1, 0x9CD0, 0x9CB0, 0x9CD0, 0x8C4F, 0x83ED,
    0x942D, 0x9C4D, 0x9C6D, 0x9C6D, 0x942D, 0x9C2C, 0x9C4C, 0x9C2C,
    0x9C0B, 0x9C0B, 0x9C2B, 0x93EB, 0x938A, 0x9B8A, 0x93A9, 0x8B68,
    0x82C6, 0x7205, 0x59A5, 0x4964, 0x4984, 0x49C5, 0x3965, 0x2082,
    0x0800, 0x0842, 0x0882, 0x0862, 0x0842, 0x6AC9, 0x6AE9, 0x7309,
    0x6AA7, 0x5206, 0x41C7, 0x5269, 0x7B2B, 0x8B4B, 0x830A, 0x730A,
    0x7B8B, 0x942D, 0xA48D, 0xA44D, 0xA42E, 0xAC8F, 0xACAF, 0xACAE,
    0xACAE, 0xACAE, 0xACAF, 0xACCF, 0xB4CF, 0xB4AF, 0xACCF, 0xACEF,
    0xB530, 0xB4F0, 0xB4CF, 0xAC8E, 0xAC8E, 0xACAE, 0xACCF, 0xACCF,
    0xB4AF, 0xACAF, 0xACCF, 0xACEF, 0xAD10, 0xB510, 0xBD30, 0xBD31,
    0xB530, 0xB510, 0xAD10, 0xAD10, 0xB510, 0xB531, 0xACF0, 0xA4CF,
    0xA4CF, 0xAD11, 0xAD32, 0xA4F1, 0xAD11, 0xAD32, 0xAD32, 0xA551,
    0xA551, 0xAD71, 0xAD71, 0xAD71, 0xB551, 0xB510, 0xACF0, 0xACCF,
    0xACF0, 0xAD32, 0xA532, 0xA4F1, 0xA511, 0xAD31, 0xB532, 0xAD12,
    0xA4F1, 0x9CD0, 0xA4F1, 0xA4D0, 0x9CAF, 0x9CB0, 0xA511, 0xA512,
    0x94D0, 0x8C6E, 0x8C4D, 0x9C4D, 0xA44D, 0x9C6D, 0x9C8E, 0x9C6D,
    0x9C4D, 0xA46D, 0xA44C, 0x9BEB, 0x93CB, 0x93EB, 0x93EB, 0x93AA,
    0x9369, 0x9388, 0x9348, 0x8AC7, 0x7226, 0x51A5, 0x4163, 0x4984,
    0x49A5, 0x3965, 0x20A2, 0x1021, 0x0821, 0x0862, 0x0862, 0x0842,
    0x62A8, 0x6288, 0x5A48, 0x5A28, 0x6A8A, 0x7B2B, 0x7B4A, 0x7B8B,
    0x7BAD, 0x9410, 0xA470, 0xA48F, 0xA46D, 0xA42E, 0xA44F, 0xACB0,
    0xB4F0, 0xB4CF, 0xACAF, 0xAC8E, 0xACAF, 0xACCF, 0xACCF, 0xB4CF,
    0xB4CF, 0xB4CF, 0xB4D0, 0xB4F0, 0xB4F0, 0xB4EF, 0xACCF, 0xACAF,
    0xACAF, 0xACCF, 0xACCF, 0xACCF, 0xACCF, 0xB4EF, 0xB4F0, 0xB4F0,
    0xB4CF, 0xACAF, 0xACCF, 0xB4F0, 0xB4F0, 0xB511, 0xB511, 0xAD10,
    0xACF0, 0xACF0, 0xA4CF, 0xA4AF, 0xA4B0, 0xA4D0, 0xACF0, 0xAD31,
    0xAD32, 0xAD32, 0xB532, 0xB552, 0xB551, 0xAD31, 0xAD10, 0xB511,
    0xAD11, 0xAD11, 0xACF0, 0xACF0, 0xAD10, 0xA510, 0xA4F1, 0xA512,
    0xA552, 0xA533, 0xAD53, 0xAD32, 0xA4F1, 0x9CF0, 0xA4F1, 0xAD31,
    0xAD73, 0xA533, 0x9491, 0x8C2E, 0x946E, 0x94AE, 0x944D, 0x9C6D,
    0x9C6E, 0x9C4D, 0x940C, 0x9C0B, 0x9C0C, 0x93EB, 0x93AA, 0x938A,
    0x93AA, 0x93CA, 0x93AA, 0x9369, 0x8B48, 0x8B27, 0x8AE8, 0x7267,
    0x59A5, 0x4944, 0x4163, 0x49A4, 0x3964, 0x28A3, 0x1021, 0x0841,
    0x0882, 0x0862, 0x0842, 0x6288, 0x5227, 0x4A08, 0x62EA, 0x93EC,
    0x9C2C, 0x836B, 0x8B8D, 0x9C2F, 0xA46E, 0x940C, 0x8BCC, 0x8BED,
    0x9C2D, 0xA44D, 0xA46E, 0xAC8F, 0xB4F0, 0xB4F0, 0xB4D0, 0xB4CF,
    0xACAF, 0xACAF, 0xACCF, 0xACEF, 0xACEF, 0xACCF, 0xB4CF, 0xB4F0,
    0xB4F0, 0xB4F0, 0xB4D0, 0xACAF, 0xACAF, 0xACCF, 0xACF0, 0xACF0,
    0xACEF, 0xACCF, 0xB4CF, 0xB4D0, 0xB4D0, 0xB510, 0xB531, 0xB510,
    0xB510, 0xACF0, 0xACF0, 0xB4F0, 0xACF0, 0xA4CF, 0xA4AE, 0xA4CF,
    0xAD11, 0xB552, 0xB572, 0xAD51, 0xAD11, 0xA4F1, 0xACF0, 0xACF0,
    0xACF0, 0xACF0, 0xACF0, 0xACF0, 0xAD10, 0xAD10, 0xAD10, 0xAD10,
    0xAD11, 0xAD31, 0xAD32, 0xA4F1, 0x9CB0, 0x9CD0, 0xA511, 0xA511,
    0xA512, 0xA4D0, 0x9CD0, 0x94F2, 0x9D12, 0x9CD0, 0x9C4D, 0x9C4E,
    0x946E, 0x944D, 0x944D, 0x944D, 0x9C4D, 0x9C2C, 0x9C2C, 0x9BEB,
    0x8B89, 0x93AA, 0xA40B, 0x93CA, 0x8B69, 0x8B49, 0x8B48, 0x9347,
    0x8B28, 0x8AE9, 0x7267, 0x59E5, 0x4984, 0x4164, 0x4184, 0x3964,
    0x28E3, 0x1062, 0x0841, 0x0862, 0x0862, 0x0842, 0x62A8, 0x5A88,
    0x5247, 0x5247, 0x6288, 0x72EB, 0x838C, 0x9C0E, 0x9C4E, 0x9C2D,
    0x942F, 0x9C2F, 0xA44F, 0xA46E, 0x9C4D, 0x9C2D, 0xAC8E, 0xB4EF,
    0xB4F0, 0xACD0, 0xA48F, 0xACAF, 0xAD10, 0xB510, 0xB510, 0xB4F0,
    0xB511, 0xBD51, 0xB551, 0xB510, 0xB4CF, 0xACCF, 0xACCF, 0xACF0,
    0xAD10, 0xAD10, 0xB510, 0xB511, 0xBD31, 0xB551, 0xB531, 0xB510,
    0xB510, 0xB510, 0xB510, 0xB510, 0xB511, 0xB511, 0xB510, 0xAD10,
    0xACEF, 0x9CAE, 0x9CD0, 0xAD32, 0xB572, 0xAD51, 0xACF0, 0xAD10,
    0xAD11, 0xAD10, 0xAD10, 0xAD10, 0xAD10, 0xAD10, 0xACF0, 0xAD10,
    0xAD10, 0xACF0, 0xA4F0, 0xA4F0, 0xACF0, 0xACF0, 0xA4B0, 0x9C90,
    0x9CB0, 0x9CB0, 0x94AF, 0x9CD0, 0xA511, 0xACF1, 0x8C2E, 0x7BCC,
    0x840B, 0x8C2D, 0x942D, 0x9C4D, 0xA48E, 0x9C6E, 0x944D, 0x9C2D,
    0x9C2D, 0x9C2C, 0xA44B, 0xA42B, 0x9BEB, 0x9BCB, 0x9BEB, 0x93AA,
    0x8B69, 0x9388, 0x9348, 0x8B08, 0x8AE9, 0x7286, 0x51E4, 0x4984,
    0x4164, 0x4164, 0x3964, 0x30E3, 0x1882, 0x0842, 0x0862, 0x0862,
    0x0842, 0x6AA8, 0x6AEA, 0x734C, 0x730B, 0x62A8, 0x5247, 0x5267,
    0x4A26, 0x41C5, 0x49C5, 0x6AA8, 0x7B4B, 0x8B8D, 0xA46F, 0xACB0,
    0xA46F, 0x9C4D, 0xA46D, 0xACCF, 0xBD11, 0xBD32, 0xB511, 0xB510,
    0xACCF, 0xACEF, 0xAD10, 0xB511, 0xB511, 0xB4F0, 0xB510, 0xB4F0,
    0xB510, 0xBD31, 0xBD31, 0xB4F0, 0xACCF, 0xACEF, 0xB510, 0xB511,
    0xB4F1, 0xB4F0, 0xB510, 0xB510, 0xB510, 0xB510, 0xB511, 0xB510,
    0xB510, 0xAD10, 0xA4D0, 0xA4B1, 0xA4B1, 0xA4F2, 0xA512, 0xAD31,
    0xAD10, 0xAD11, 0xAD31, 0xAD11, 0xAD10, 0xACF0, 0xAD10, 0xAD11,
    0xAD10, 0xACF0, 0xAD10, 0xAD30, 0xAD31, 0xAD31, 0xACF1, 0xA4CF,
    0xA4CF, 0xA4F1, 0x9CF1, 0x9490, 0x946F, 0x9C8F, 0x9CD0, 0xA4F1,
    0x9CB0, 0x842D, 0x840C, 0x8C4D, 0x948E, 0x946D, 0x944D, 0x9C4D,
    0x944D, 0x944C, 0x9C2C, 0x9C0C, 0x93EC, 0x93EC, 0xA44C, 0xA42B,
    0x93CA, 0x93CA, 0x938A, 0x9349, 0x9389, 0x8B48, 0x82E7, 0x82E8,
    0x7286, 0x51E4, 0x4163, 0x4164, 0x4185, 0x3964, 0x3103, 0x1882,
    0x0862, 0x0862, 0x0842, 0x0842, 0x62A8, 0x62E9, 0x6B0A, 0x7309,
    0x7B2B, 0x836B, 0x836A, 0x7B6B, 0x836C, 0x7B4C, 0x730B, 0x5A06,
    0x4143, 0x51E6, 0x836D, 0xA472, 0x944E, 0x9C4D, 0xA46E, 0xA46E,
    0xB4D0, 0xBD31, 0xBD31, 0xBD31, 0xB511, 0xB510, 0xB511, 0xB511,
    0xB511, 0xB511, 0xB510, 0xAD10, 0xB510, 0xBD11, 0xBD32, 0xBD31,
    0xB511, 0xB510, 0xB510, 0xB531, 0xB531, 0xB531, 0xB531, 0xB531,
    0xB531, 0xB510, 0xAD31, 0xAD31, 0xA512, 0xA4D2, 0xA4D1, 0xAD31,
    0xB572, 0xB572, 0xB552, 0xAD32, 0xAD31, 0xAD51, 0xAD31, 0xA4F0,
    0xA4CF, 0xACF0, 0xAD10, 0xAD11, 0xAD10, 0xAD10, 0xAD10, 0xA4D0,
    0xA4EF, 0xA4F0, 0xA510, 0xA4F0, 0xA4F0, 0xA4F1, 0x9CB1, 0x9C90,
    0x9CB0, 0x9CD0, 0x9CB0, 0x9C90, 0x9CB0, 0x9CD0, 0x9CAF, 0x9C8F,
    0xA48F, 0x9CAE, 0x946E, 0x944D, 0x9C2C, 0x9C2C, 0x9C2C, 0x9C0D,
    0x93ED, 0x9BCB, 0x9BEB, 0x9C2C, 0x93CA, 0x9369, 0x9349, 0x9369,
    0x8B08, 0x82C7, 0x82C8, 0x7286, 0x51E4, 0x4163, 0x4184, 0x49A5,
    0x3943, 0x3103, 0x20A2, 0x0842, 0x0042, 0x0842, 0x0862, 0x6AA8,
    0x62C9, 0x62EA, 0x6AE9, 0x732A, 0x7309, 0x5AA8, 0x6B0A, 0x8BAD,
    0x8BCD, 0x8BAC, 0x7B2A, 0x6269, 0x51E7, 0x6AC9, 0x940C, 0x9C8E,
    0xACF0, 0xB510, 0xC552, 0xBD52, 0xBD31, 0xB511, 0xB531, 0xB531,
    0xB511, 0xB531, 0xB531, 0xB531, 0xB552, 0xB511, 0xB4F0, 0xB4F0,
    0xB510, 0xB511, 0xB531, 0xB531, 0xB531, 0xB531, 0xB531, 0xB531,
    0xB531, 0xB531, 0xB552, 0xB532, 0xAD52, 0xAD31, 0xAD31, 0xA4F0,
    0xA511, 0xA531, 0xAD52, 0xB532, 0xAD32, 0xAD52, 0xAD52, 0xAD32,
    0xAD51, 0xAD11, 0xACF0, 0xACF0, 0xAD11, 0xAD11, 0xAD11, 0xAD31,
    0xB531, 0xB531, 0xACF1, 0xA4F0, 0xA4CF, 0xA4D0, 0x9CD0, 0x9CF1,
    0x9CF1, 0x9C8F, 0x944E, 0x942F, 0x944F, 0x942E, 0x940E, 0x9C6E,
    0x946E, 0x944E, 0x944E, 0x9C4D, 0x944D, 0x944D, 0x9C4D, 0x9C2D,
    0x93EC, 0x93EC, 0x9C0C, 0x9C2D, 0x9BEB, 0xA42C, 0xA42D, 0x9B8A,
    0x9327, 0x8B27, 0x8B08, 0x82A7, 0x7A86, 0x7AC7, 0x6AA6, 0x5A25,
    0x5184, 0x4964, 0x4964, 0x3943, 0x3944, 0x20A3, 0x0821, 0x0041,
    0x0062, 0x0862, 0x6AC8, 0x5A47, 0x4A07, 0x6287, 0x72EA, 0x7B2B,
    0x7B0B, 0x832B, 0x834B, 0x838B, 0x83CC, 0x83CC, 0x836A, 0x7308,
    0x7B4B, 0x9450, 0xB533, 0xC573, 0xB4F0, 0xB4B0, 0xAC8E, 0xACAE,
    0xACEF, 0xB510, 0xB510, 0xB510, 0xB510, 0xB4F0, 0xB510, 0xB530,
    0xB571, 0xBD72, 0xB531, 0xB511, 0xB531, 0xB531, 0xB510, 0xB4F0,
    0xB4F0, 0xB510, 0xB510, 0xB510, 0xB551, 0xB551, 0xAD51, 0xB532,
    0xB532, 0xAD52, 0xAD31, 0xAD11, 0xACF1, 0xAD11, 0xAD73, 0xB5B4,
    0xBDD4, 0xBDB4, 0xB573, 0xAD11, 0xAD11, 0xAD11, 0xB532, 0xB552,
    0xB531, 0xAD10, 0xACF0, 0xAD11, 0xB531, 0xAD31, 0xA530, 0x9D11,
    0xA532, 0xA532, 0xAD31, 0xA4F0, 0x9CB0, 0x944F, 0x9C2F, 0x9C50,
    0x9C8F, 0x8C6D, 0x846B, 0x8C0B, 0x940D, 0x9C8F, 0x9C8E, 0x944D,
    0x9C4D, 0x9C4D, 0x9C4D, 0xA46D, 0x9C4D, 0x9C2D, 0xA42D, 0x9BEB,
    0x93A9, 0x8B48, 0x8B07, 0x8AE7, 0x82E7, 0x82C7, 0x7A86, 0x7A86,
    0x7AE7, 0x6AA7, 0x5A46, 0x51C5, 0x4964, 0x4164, 0x3943, 0x3944,
    0x20A2, 0x0801, 0x0041, 0x0842, 0x0862, 0x6AC8, 0x5247, 0x4A08,
    0x72CA, 0x7B2B, 0x7B4B, 0x7B4B, 0x7B6B, 0x736B, 0x734A, 0x7B4A,
    0x838A, 0x8BCB, 0x7B4B, 0x7B2C, 0x838D, 0x942D, 0x9C4D, 0xA44D,
    0xA46E, 0xACAF, 0xB4CF, 0xB4CF, 0xB4F0, 0xB511, 0xBD11, 0xB510,
    0xB510, 0xB510, 0xB4EF, 0xB4CF, 0xB4F0, 0xB511, 0xB511, 0xBD11,
    0xB4F0, 0xB4F0, 0xB510, 0xB511, 0xB530, 0xB50F, 0xB4CF, 0xB4CF,
    0xB4F0, 0xAD10, 0xB511, 0xB511, 0xB511, 0xAD11, 0xAD11, 0xAD10,
    0xB4F0, 0xACCF, 0xA511, 0xB573, 0xB573, 0xB532, 0xB511, 0xB511,
    0xACF1, 0xA4D0, 0xAD10, 0xB531, 0xB531, 0xB511, 0xB4F0, 0xAD10,
    0xAD30, 0xA531, 0xA511, 0xA4AF, 0xA4AE, 0x9CAF, 0x9C8F, 0x9C6F,
    0x9C6F, 0x9C6F, 0x9450, 0x9471, 0x9490, 0x948E, 0x9C6E, 0xA46E,
    0x9C6E, 0x946E, 0x9C4D, 0x9C6D, 0x9C4D, 0x9C2D, 0x9C0C, 0x9C0C,
    0x9C0B, 0x9BCB, 0x8B89, 0x8B47, 0x8B27, 0x9348, 0x9369, 0x8B28,
    0x8308, 0x82E7, 0x82E7, 0x7B07, 0x6AA7, 0x6246, 0x51C5, 0x4964,
    0x4964, 0x4164, 0x3944, 0x20A2, 0x0800, 0x0841, 0x0862, 0x0862,
    0x6A87, 0x5227, 0x4A07, 0x62A9, 0x6AE9, 0x6B29, 0x6B6B, 0x738B,
    0x7B6A, 0x834B, 0x8B8B, 0x93EC, 0x9BEE, 0x8B8D, 0x72EA, 0x6AEA,
    0x8C0E, 0xAC90, 0xB4AF, 0xBD0F, 0xBD0F, 0xB510, 0xB4EF, 0xB4F0,
    0xB510, 0xBD31, 0xB511, 0xACCF, 0xACCF, 0xB4CF, 0xBCF0, 0xB4EF,
    0xB50F, 0xB510, 0xB510, 0xBD11, 0xBD31, 0xB531, 0xB4F0, 0xACCE,
    0xACCF, 0xB4F0, 0xB510, 0xB510, 0xB510, 0xB510, 0xB4F0, 0xACD0,
    0xACF0, 0xACD0, 0xACF0, 0xB510, 0xB511, 0xACD1, 0xA490, 0xA4B0,
    0xACF0, 0xB531, 0xAD10, 0xAD10, 0xB531, 0xB531, 0xACF0, 0xACD0,
    0xACF0, 0xAD10, 0xAD30, 0xB531, 0xAD10, 0xACCF, 0xACCF, 0xACEF,
    0xACF0, 0x9C8F, 0x9C6F, 0x9C6F, 0x946F, 0x9491, 0x9CD2, 0xA4F2,
    0xA4AF, 0xA4AE, 0x9C8D, 0x9C6D, 0x9C4D, 0x9C6E, 0x9C6E, 0x9C0C,
    0x9BEC, 0x9BEC, 0x9BEB, 0x93AA, 0x9389, 0x93AA, 0x9389, 0x9388,
    0x9BC9, 0xA3A9, 0x9348, 0x8B28, 0x8AE7, 0x82A7, 0x7AC7, 0x6AA6,
    0x5A46, 0x59C5, 0x4944, 0x4164, 0x4185, 0x3923, 0x2081, 0x0800,
    0x0862, 0x0862, 0x0842, 0x6A48, 0x5A47, 0x5AA7, 0x7B68, 0x8369,
    0x8309, 0x8308, 0x8389, 0x8BCB, 0x8BAC, 0x838C, 0x8BAC, 0x9BED,
    0x8BED, 0x8C0E, 0x9450, 0xACB0, 0xACCF, 0xACCF, 0xB4F0, 0xB4F0,
    0xB510, 0xB510, 0xB510, 0xB531, 0xB531, 0xB510, 0xB4F0, 0xB4EF,
    0xACF0, 0xB510, 0xB510, 0xB511, 0xB511, 0xB511, 0xB510, 0xB510,
    0xB510, 0xB510, 0xB510, 0xB510, 0xB4F0, 0xB4F0, 0xB511, 0xB531,
    0xB511, 0xB511, 0xB511, 0xB511, 0xB510, 0xAD10, 0xACF1, 0xAD12,
    0xB553, 0xB572, 0xB592, 0xB572, 0xB553, 0xB531, 0xB4F0, 0xACF0,
    0xB4F0, 0xB510, 0xACF0, 0xB510, 0xAD10, 0xB530, 0xBD50, 0xB510,
    0xACEF, 0xAD10, 0xACF0, 0xA4AF, 0xA46E, 0x9C8F, 0x9C90, 0x9490,
    0x9490, 0x9CB1, 0xA4D1, 0xA48F, 0xA48D, 0xA4AD, 0xA4AE, 0xA48E,
    0xA46E, 0x9C4D, 0x9C4C, 0xA44C, 0x9C4C, 0x9C0B, 0x93CA, 0x9389,
    0x9BCA, 0x9BEA, 0x9BC9, 0x9388, 0x9B68, 0x9B48, 0x8B28, 0x8B08,
    0x8AE8, 0x82C8, 0x6286, 0x5245, 0x59C5, 0x4944, 0x4964, 0x4185,
    0x3103, 0x2061, 0x0821, 0x0862, 0x0862, 0x0842, 0x6A47, 0x5A27,
    0x5227, 0x62A8, 0x62C8, 0x6AE7, 0x7308, 0x8329, 0x8BA9, 0x9BEB,
    0x93EC, 0x8BAC, 0x7B8A, 0x72E8, 0x732C, 0x7BF1, 0x9CD1, 0xB510,
    0xB50F, 0xB531, 0xAD11, 0xB511, 0xB511, 0xB510, 0xB530, 0xB510,
    0xACF0, 0xB4F0, 0xBD31, 0xBD31, 0xB511, 0xB4F1, 0xB511, 0xB511,
    0xB510, 0xB510, 0xB530, 0xB510, 0xB4D0, 0xB4F0, 0xBD31, 0xB531,
    0xB511, 0xB511, 0xB510, 0xB510, 0xB510, 0xB531, 0xB531, 0xB531,
    0xB511, 0xAD12, 0xAD32, 0xAD10, 0xACEF, 0xA4AF, 0xA4AF, 0xACCF,
    0xACEF, 0xACEF, 0xACF0, 0xACF0, 0xACF0, 0xACF0, 0xACEF, 0xACCF,
    0xA4CE, 0xA4CE, 0xA4EF, 0xACF0, 0xACD0, 0xACB0, 0xA46F, 0x944E,
    0x9C8F, 0x9CB1, 0x9CD2, 0x9C8F, 0x9CAF, 0xA4B0, 0xA470, 0xA46F,
    0xA48E, 0x9C6D, 0xA46D, 0xAC6E, 0x9C4D, 0x942C, 0x9C4C, 0xA44C,
    0x9C2B, 0x93CA, 0x8BAA, 0x8BCA, 0x93C9, 0x9BA9, 0x9348, 0x9B68,
    0x9B89, 0x8348, 0x82E7, 0x82A8, 0x82A8, 0x72A7, 0x6225, 0x5984,
    0x5144, 0x4965, 0x4184, 0x30E2, 0x2061, 0x1021, 0x0862, 0x0862,
    0x0842, 0x6A67, 0x59E7, 0x49C7, 0x5A68, 0x62A9, 0x62A8, 0x6AC9,
    0x6B0A, 0x7B4B, 0x838B, 0x93AB, 0x9BCD, 0x93AD, 0x82EA, 0x6268,
    0x62AB, 0x83F0, 0x9C91, 0xA46E, 0xB48F, 0xB4F0, 0xB531, 0xB531,
    0xB510, 0xB510, 0xB511, 0xB4F0, 0xACF0, 0xAD10, 0xAD11, 0xB531,
    0xB531, 0xB530, 0xB531, 0xB531, 0xB4F0, 0xB510, 0xB531, 0xB510,
    0xAD10, 0xAD10, 0xB511, 0xB531, 0xB531, 0xB530, 0xB531, 0xB531,
    0xB531, 0xB531, 0xB511, 0xB511, 0xAD11, 0xACF0, 0xACF0, 0xACF0,
    0xACCF, 0xACAE, 0xB4AF, 0xACF0, 0xACF0, 0xACF0, 0xB511, 0xB531,
    0xB531, 0xB531, 0xB510, 0xACEF, 0xACCF, 0xACCF, 0xA4AF, 0x9C4E,
    0x9C4F, 0x946E, 0x946E, 0x9C8E, 0xA4CF, 0xA4F0, 0xA4AF, 0xA48E,
    0xA4B0, 0xA4D0, 0xACD0, 0xA4AF, 0xA4AE, 0xACAE, 0xA4AE, 0x9C4D,
    0x9C2C, 0x9C4C, 0xA44D, 0x93EA, 0x8BA9, 0x93CA, 0x93CA, 0x8BA9,
    0x8B68, 0x9328, 0x9329, 0x8B49, 0x7B07, 0x82A7, 0x7A87, 0x6A46,
    0x6A87, 0x6246, 0x5184, 0x5164, 0x5185, 0x3944, 0x30C2, 0x2061,
    0x1021, 0x0862, 0x0862, 0x0862, 0x6247, 0x6268, 0x5A88, 0x62C7,
    0x62C7, 0x7309, 0x8B4B, 0x7B2A, 0x836B, 0x9BCD, 0x93AB, 0x8B6A,
    0x838A, 0x8BAB, 0x8BAB, 0x8349, 0x8329, 0x83AC, 0x9C8F, 0xB4EF,
    0xBCEF, 0xB4EF, 0xAD10, 0xB530, 0xBD51, 0xBD51, 0xB551, 0xB551,
    0xBD51, 0xBD31, 0xB4F0, 0xB4F0, 0xB510, 0xB510, 0xB510, 0xB510,
    0xB511, 0xBD31, 0xB531, 0xB551, 0xBD31, 0xBD11, 0xB4F0, 0xB4F0,
    0xB510, 0xB510, 0xB510, 0xB511, 0xB511, 0xAD10, 0xAD0F, 0xACEF,
    0xACF0, 0xACD0, 0xACEF, 0xACAE, 0xACAF, 0xACF0, 0xAD10, 0xB50F,
    0xACEF, 0xAD10, 0xB531, 0xB531, 0xBD32, 0xB531, 0xB531, 0xB510,
    0xACF0, 0xACF0, 0xACCF, 0xA4CF, 0x9CAF, 0x9C6E, 0x9C8E, 0x9CAE,
    0x9CAE, 0xA48E, 0xA46E, 0x9C8F, 0xA48E, 0xA4AF, 0xA4B0, 0xA46F,
    0xAC8E, 0xA48E, 0x8C4E, 0x8C0C, 0x942B, 0xA46B, 0x9C2B, 0x93EA,
    0x93C9, 0x93A9, 0x8B68, 0x8308, 0x8B29, 0x82E8, 0x7AC8, 0x82E8,
    0x8AE8, 0x7A87, 0x5A05, 0x5A26, 0x5A26, 0x5164, 0x5985, 0x5185,
    0x4124, 0x30E2, 0x2081, 0x1041, 0x0841, 0x0862, 0x0862, 0x5A27,
    0x5247, 0x52A8, 0x62A8, 0x6287, 0x62A7, 0x7329, 0x7348, 0x7B69,
    0x93CB, 0x93CC, 0x93AC, 0x938C, 0x938B, 0x9BEC, 0xA44E, 0x940D,
    0x7B2A, 0x6A88, 0x6AA9, 0x830A, 0x9BCC, 0xA46F, 0xA4F1, 0xAD31,
    0xBD10, 0xBD10, 0xB4F0, 0xB511, 0xB511, 0xB510, 0xB510, 0xB510,
    0xB510, 0xB510, 0xB551, 0xB531, 0xB4F0, 0xB4F0, 0xB510, 0xB510,
    0xB510, 0xB510, 0xB510, 0xB510, 0xB530, 0xB530, 0xB510, 0xB510,
    0xB551, 0xBD51, 0xB531, 0xB511, 0xB510, 0xACF0, 0xA4D0, 0xA4F1,
    0xACF2, 0xACF0, 0xA4D0, 0xACF1, 0xB531, 0xB531, 0xB530, 0xB511,
    0xAD10, 0xACEF, 0xACF0, 0xACF0, 0xACEF, 0xACCF, 0xA4CF, 0xA4AF,
    0x948E, 0x9CAF, 0xA4AE, 0xA48D, 0x9C6D, 0x9C6E, 0x9C6E, 0x942D,
    0x942C, 0x9C6D, 0x9C6E, 0x9C8F, 0x948F, 0x8C6F, 0x83EF, 0x8BCC,
    0x9409, 0x93EA, 0x8BAA, 0x938A, 0x93A9, 0x8B69, 0x8309, 0x8309,
    0x7B08, 0x8308, 0x8B29, 0x8B09, 0x7AA7, 0x5A26, 0x5A46, 0x5A25,
    0x4964, 0x5164, 0x5185, 0x4144, 0x3903, 0x2082, 0x1041, 0x0841,
    0x0862, 0x0862, 0x5A47, 0x5A46, 0x5A66, 0x6AA9, 0x72EA, 0x7B2A,
    0x7B49, 0x8329, 0x8349, 0x93CB, 0x9C0D, 0xA42D, 0xA40D, 0xA3EC,
    0xA3EC, 0xA42D, 0xAC6E, 0xAC8F, 0xAC6E, 0x9C4C, 0x836A, 0x72C9,
    0x6A89, 0x734C, 0x8C2F, 0xA4B0, 0xBD30, 0xBD30, 0xB511, 0xB4F0,
    0xB510, 0xB530, 0xB531, 0xB531, 0xB551, 0xBD72, 0xBD52, 0xB511,
    0xB511, 0xB511, 0xB511, 0xB531, 0xB530, 0xB530, 0xB551, 0xB551,
    0xB551, 0xBD72, 0xBD72, 0xBD72, 0xBD52, 0xB531, 0xAD10, 0xAD10,
    0xB530, 0xAD11, 0xACF1, 0xA4F1, 0xAD11, 0xB532, 0xB532, 0xAD30,
    0xB531, 0xB532, 0xB532, 0xB511, 0xACF0, 0xACF1, 0xACCF, 0xACCF,
    0xA4D0, 0xACD0, 0xA4AF, 0x944D, 0x9C6E, 0xA4AF, 0xA4AF, 0xA4CF,
    0xACAF, 0xAC8F, 0xA48F, 0x9C6E, 0x9C8D, 0x9CCF, 0x9490, 0x8C2F,
    0x940E, 0x9450, 0x9C6F, 0x942B, 0x8BA9, 0x8B89, 0x8BAA, 0x93AA,
    0x938A, 0x834A, 0x8308, 0x7AE8, 0x8308, 0x8B08, 0x82E8, 0x72C8,
    0x6267, 0x6266, 0x5A05, 0x4943, 0x5164, 0x5985, 0x4944, 0x3903,
    0x20A2, 0x1061, 0x0841, 0x0841, 0x0862, 0x5A87, 0x5246, 0x5246,
    0x62A7, 0x72C9, 0x72C9, 0x72C9, 0x8B6B, 0xA40D, 0xAC2C, 0x93CA,
    0x8BAB, 0x9C0D, 0x9C0D, 0x9C0C, 0x940C, 0x93CB, 0x93CB, 0x9C0C,
    0xAC8F, 0xB48E, 0x93EC, 0x734B, 0x840F, 0x9CD2, 0xA4D1, 0xB511,
    0xB531, 0xBD51, 0xBD52, 0xBD52, 0xB552, 0xB551, 0xB551, 0xB551,
    0xBD52, 0xBD31, 0xB531, 0xB552, 0xB551, 0xB551, 0xBD52, 0xB572,
    0xB551, 0xB531, 0xB551, 0xB551, 0xBD52, 0xBD52, 0xBD51, 0xBD31,
    0xBD31, 0xB511, 0xB511, 0xB531, 0xB511, 0xACD0, 0xA4AF, 0xA4D0,
    0xAD12, 0xB532, 0xAD31, 0xAD31, 0xB553, 0xB593, 0xAD52, 0xA511,
    0xACF0, 0xB4F0, 0xB511, 0xACD0, 0xACCF, 0xA4AF, 0x9C8F, 0xA4AF,
    0xA4AF, 0xA4CF, 0xA4B0, 0xA4AF, 0xA48F, 0x9C8F, 0x9C90, 0x9C91,
    0x9CB0, 0x9490, 0x8C30, 0x8BEE, 0x9430, 0x948F, 0x8C4D, 0x8BCA,
    0x8B89, 0x8BAB, 0x936A, 0x8B49, 0x8349, 0x8B49, 0x8308, 0x7AC7,
    0x82E7, 0x7AE8, 0x72C7, 0x6A66, 0x6245, 0x59E4, 0x4964, 0x5164,
    0x5985, 0x4945, 0x3923, 0x20C2, 0x1061, 0x0821, 0x0821, 0x0862,
    0x5A27, 0x4A05, 0x4A45, 0x6AC8, 0x7AE9, 0x7AC9, 0x72C8, 0x6B29,
    0x7B8B, 0x93CD, 0x9BED, 0xA40C, 0x9C2C, 0x9C0C, 0x9C2D, 0xA42D,
    0x9C0D, 0xA44D, 0xA42D, 0x838B, 0x72E9, 0x7B4A, 0x8BED, 0x9C8F,
    0xACF0, 0xB510, 0xBD10, 0xB510, 0xB531, 0xB551, 0xB551, 0xBD51,
    0xBD51, 0xBD52, 0xBD52, 0xBD52, 0xBD31, 0xB530, 0xBD51, 0xBD71,
    0xBD51, 0xBD31, 0xBD51, 0xBD52, 0xBD52, 0xBD52, 0xBD52, 0xBD52,
    0xBD31, 0xBD10, 0xBD31, 0xBD31, 0xBD31, 0xBD31, 0xBD31, 0xB531,
    0xAD10, 0xA4D0, 0xACF0, 0xAD11, 0xB551, 0xAD51, 0xAD32, 0xAD32,
    0xAD32, 0xAD32, 0xAD11, 0xACF1, 0xAD11, 0xB531, 0xACD0, 0xACD0,
    0xA4CF, 0xA4AF, 0x9C8E, 0x9C8E, 0xA4AF, 0xA4AF, 0xACCF, 0xA4CF,
    0xA4AF, 0x9C6F, 0x9C71, 0xA4F1, 0x9CD0, 0x942F, 0x8BCE, 0x8C0F,
    0x8C2F, 0x8C2E, 0x8BEB, 0x93AA, 0x93AA, 0x834A, 0x8349, 0x8B69,
    0x8B49, 0x8308, 0x7AC7, 0x7AC7, 0x7AE8, 0x72C7, 0x6A66, 0x6225,
    0x51E4, 0x49A4, 0x5184, 0x5985, 0x5145, 0x3923, 0x20C1, 0x1061,
    0x0841, 0x0841, 0x0862, 0x5226, 0x49E6, 0x49E7, 0x6A88, 0x6AA8,
    0x6AE8, 0x7329, 0x7B69, 0x7B69, 0x7B6A, 0x8B8B, 0x93CC, 0x9C0C,
    0x9C0D, 0x93CC, 0x8BAC, 0x93EC, 0x8BAC, 0x7B4B, 0x834B, 0x9BED,
    0xAC6E, 0xB48F, 0xB4AE, 0xB4EF, 0xBD30, 0xC551, 0xBD30, 0xBD30,
    0xBD51, 0xC572, 0xC572, 0xBD31, 0xBD51, 0xBD52, 0xBD31, 0xB4EF,
    0xBCEF, 0xC571, 0xC551, 0xC551, 0xC551, 0xC571, 0xC551, 0xBD10,
    0xBCF0, 0xBD31, 0xBD31, 0xB4CF, 0xB4CF, 0xBD30, 0xC551, 0xBD51,
    0xBD30, 0xBD10, 0xB4F0, 0xACD0, 0xA4CF, 0xAD10, 0xB531, 0xAD32,
    0xAD11, 0xAD11, 0xAD11, 0xAD31, 0xAD52, 0xAD52, 0xB532, 0xB511,
    0xB511, 0xB531, 0xACF0, 0xACAF, 0xA4AF, 0xA4CF, 0xACCF, 0xACD0,
    0xA4AF, 0xA4AF, 0xACCF, 0xACCE, 0x9CAF, 0x948F, 0x9CB0, 0x9C6F,
    0x942E, 0x8C0F, 0x8C0F, 0x8C0F, 0x83EE, 0x8BAC, 0x8B8A, 0x836A,
    0x834A, 0x834A, 0x8B69, 0x8B49, 0x8328, 0x7AC7, 0x7AA6, 0x7AE8,
    0x7AE8, 0x6A87, 0x6225, 0x59E4, 0x51C4, 0x5164, 0x5165, 0x5165,
    0x3943, 0x20C2, 0x1041, 0x0841, 0x0841, 0x0862, 0x5226, 0x49E6,
    0x41C6, 0x49E6, 0x5248, 0x6AC9, 0x7B49, 0x838A, 0x8BAB, 0x8BAD,
    0x8BAC, 0x838C, 0x83AC, 0x8BAB, 0x8BAA, 0x8369, 0x7B69, 0x7B6A,
    0x93CD, 0xA44E, 0xACAE, 0xB4EF, 0xBD10, 0xB4F0, 0xAC8F, 0xAC6E,
    0xB4EF, 0xBD50, 0xBD30, 0xBD30, 0xBD30, 0xBD30, 0xBCEF, 0xBCCF,
    0xBCEF, 0xB4EF, 0xB4AE, 0xB4AE, 0xBD30, 0xBD30, 0xBD10, 0xBD10,
    0xBD30, 0xBD10, 0xBCEF, 0xB4EF, 0xB4CF, 0xB4CF, 0xB4CF, 0xB4AE,
    0xB4AE, 0xBCEF, 0xB4EF, 0xB4EF, 0xB510, 0xB510, 0xB510, 0xB511,
    0xACF0, 0xAD11, 0xB573, 0xBD93, 0xBD93, 0xBD93, 0xBD93, 0xB552,
    0xB4F1, 0xB4F1, 0xB532, 0xBD72, 0xBD51, 0xBD31, 0xB510, 0xACD0,
    0xACCF, 0xACCE, 0xACCF, 0xACAF, 0xACCF, 0xB4CF, 0xACCE, 0xA4ED,
    0x9CEE, 0xA4AF, 0x9C4F, 0x942E, 0x8C2E, 0x8C4F, 0x8C2F, 0x8BAE,
    0x838C, 0x838A, 0x8389, 0x836B, 0x836A, 0x8369, 0x8348, 0x8329,
    0x8328, 0x82E7, 0x8308, 0x8309, 0x6AA7, 0x6245, 0x5A05, 0x5A05,
    0x5164, 0x5165, 0x5185, 0x4143, 0x20C2, 0x1061, 0x0841, 0x0842,
    0x0862, 0x5A47, 0x5A68, 0x5248, 0x5227, 0x5247, 0x62C7, 0x7B08,
    0x834A, 0x8BAB, 0x8BCC, 0x83AB, 0x83AC, 0x8C0D, 0x83CC, 0x7B29,
    0x72C8, 0x734B, 0x8410, 0xA471, 0xAC4F, 0xB4AF, 0xB4EF, 0xB4D0,
    0xB4AF, 0xB4CF, 0xBCD0, 0xBCF0, 0xBD10, 0xBD30, 0xBD31, 0xBD30,
    0xBD30, 0xBD30, 0xBD30, 0xBD0F, 0xBCCF, 0xBCEF, 0xBD30, 0xBD31,
    0xBD30, 0xBD30, 0xBD31, 0xBD30, 0xBD30, 0xBD30, 0xBD30, 0xBD0F,
    0xBCEF, 0xBD0F, 0xBD10, 0xBD10, 0xBD31, 0xB50F, 0xACCE, 0xB4EF,
    0xB4EF, 0xB4F0, 0xB4F1, 0xB511, 0xB511, 0xAD11, 0xB552, 0xB552,
    0xB552, 0xB531, 0xB531, 0xB551, 0xB531, 0xBD52, 0xBD52, 0xC531,
    0xB50F, 0xACEF, 0xACF0, 0xACEF, 0xACCF, 0xACCF, 0xACAE, 0xACAD,
    0xA4AD, 0xAC8E, 0xACAE, 0xACCE, 0x9C8E, 0x944D, 0x8C0D, 0x8C2D,
    0x944F, 0x9450, 0x8BEF, 0x7B8D, 0x7B6B, 0x8B6C, 0x8B6C, 0x834A,
    0x8328, 0x8328, 0x8368, 0x8B69, 0x8B08, 0x8B08, 0x7B08, 0x72A7,
    0x6246, 0x5A25, 0x5A26, 0x5184, 0x5164, 0x5184, 0x4144, 0x20C2,
    0x0841, 0x0842, 0x0842, 0x0862, 0x5A47, 0x5A48, 0x5A88, 0x6AE8,
    0x72E7, 0x7AC8, 0x7B29, 0x83CB, 0x8C0C, 0x8BEC, 0x83AC, 0x7B8B,
    0x83AC, 0x83CC, 0x838D, 0x7AEB, 0x72A9, 0x738C, 0x94D1, 0xB511,
    0xBCEF, 0xBCCE, 0xB4CF, 0xACAF, 0xACAF, 0xB4F0, 0xB510, 0xBD10,
    0xBD30, 0xBD51, 0xBD51, 0xBD51, 0xBD30, 0xBD30, 0xBD10, 0xBD30,
    0xBCF0, 0xBD10, 0xBD71, 0xC572, 0xBD51, 0xBD50, 0xBD51, 0xBD31,
    0xBD30, 0xBD30, 0xBD30, 0xBD10, 0xBD10, 0xBD10, 0xB530, 0xBD30,
    0xBD31, 0xC551, 0xC571, 0xC571, 0xBD51, 0xB531, 0xB511, 0xB4F1,
    0xACF1, 0xB552, 0xB573, 0xB552, 0xB511, 0xB4F0, 0xAD11, 0xB511,
    0xB510, 0xB510, 0xBD50, 0xB550, 0xAD10, 0xACCF, 0xACCF, 0xACF0,
    0xACF0, 0xACCF, 0xACAE, 0xB4AE, 0xAC6E, 0xACAE, 0xACCE, 0xACAD,
    0x9C4D, 0x940D, 0x8C2D, 0x8C4D, 0x8C6E, 0x8C6F, 0x83CE, 0x834D,
    0x834D, 0x836C, 0x834A, 0x8329, 0x8329, 0x8B28, 0x8B28, 0x7AE7,
    0x72E7, 0x72C7, 0x72A8, 0x6A67, 0x5A46, 0x6246, 0x51C5, 0x5164,
    0x5164, 0x4144, 0x20C2, 0x0841, 0x0842, 0x0842, 0x0862, 0x6267,
    0x49E6, 0x39C5, 0x5266, 0x72E8, 0x7B09, 0x6AE9, 0x6AE9, 0x730A,
    0x838C, 0x942E, 0x942E, 0x8BCC, 0x83AB, 0x8BCC, 0x83AC, 0x7B0A,
    0x6289, 0x6ACA, 0x8BEF, 0x9C91, 0xACD1, 0xBD30, 0xBD0E, 0xBCED,
    0xB50F, 0xB530, 0xB531, 0xB531, 0xB530, 0xBD50, 0xBD71, 0xBD51,
    0xBD51, 0xBD10, 0xBD10, 0xBCF0, 0xBD31, 0xBD72, 0xBD51, 0xB530,
    0xB530, 0xBD51, 0xBD71, 0xBD51, 0xBD10, 0xBD10, 0xBD10, 0xBD51,
    0xC551, 0xC572, 0xC551, 0xBD51, 0xBD51, 0xBD51, 0xBD71, 0xBD51,
    0xB511, 0xB510, 0xB4F1, 0xB4F1, 0xB511, 0xB532, 0xB552, 0xB551,
    0xB551, 0xB531, 0xB510, 0xB50F, 0xB530, 0xB531, 0xB511, 0xACF1,
    0xACF0, 0xB511, 0xB510, 0xAD10, 0xACEF, 0xACCF, 0xACAE, 0xAC8E,
    0xACAE, 0xA4AD, 0xAC6C, 0xA48D, 0xA48E, 0x9C4E, 0x942D, 0x944E,
    0x8C50, 0x83CF, 0x838E, 0x8B6C, 0x836A, 0x8349, 0x8349, 0x8328,
    0x82E7, 0x7AC6, 0x6AA6, 0x6AA6, 0x6AA6, 0x72A7, 0x6A67, 0x6246,
    0x6246, 0x51C5, 0x51A5, 0x5165, 0x4143, 0x20C2, 0x0841, 0x0842,
    0x0842, 0x0862, 0x49E6, 0x4A06, 0x6288, 0x8309, 0x7B09, 0x7309,
    0x7B4A, 0x836C, 0x836B, 0x8B8B, 0x940D, 0x942E, 0x9C2E, 0x9C2E,
    0x940E, 0x940E, 0x942E, 0x83AB, 0x7308, 0x6B07, 0x6AE9, 0x7B4C,
    0x9430, 0xA4F3, 0xB534, 0xBD12, 0xBD30, 0xB50F, 0xACEF, 0xB510,
    0xB530, 0xBD50, 0xBD51, 0xBD31, 0xBD31, 0xBD31, 0xBD51, 0xBD72,
    0xBD72, 0xB531, 0xB510, 0xB530, 0xBD30, 0xBD30, 0xBD30, 0xBD51,
    0xBD31, 0xBD31, 0xBD71, 0xBD72, 0xBD71, 0xBD31, 0xB530, 0xBD30,
    0xBD30, 0xB510, 0xB510, 0xBD31, 0xBD11, 0xB510, 0xAD10, 0xAD31,
    0xB572, 0xBD52, 0xACF0, 0xACD0, 0xB4D0, 0xACAF, 0xA48F, 0xA46F,
    0xA4B0, 0xA4CF, 0xA50F, 0xAD30, 0xAD30, 0xACCF, 0xA4AE, 0xACCF,
    0xACEF, 0xACCE, 0xAC6D, 0xAC8D, 0xA4AD, 0xA46C, 0xA44C, 0x9C4C,
    0x946C, 0x940D, 0x8BEE, 0x8C10, 0x83D0, 0x7B6D, 0x7B09, 0x8348,
    0x8348, 0x8329, 0x8308, 0x7AE7, 0x72C6, 0x6286, 0x6AA6, 0x72C7,
    0x72A7, 0x6A67, 0x6246, 0x6246, 0x51C5, 0x51A5, 0x5185, 0x4144,
    0x20A2, 0x0821, 0x0842, 0x0842, 0x0862, 0x5A27, 0x5A67, 0x62A8,
    0x6A87, 0x6AA8, 0x7AE9, 0x7B2A, 0x7B6B, 0x738C, 0x7BCC, 0x93ED,
    0xA40D, 0xA42D, 0x9C0D, 0x9C2D, 0xA44E, 0x9C2D, 0x940C, 0x940D,
    0x9C2D, 0x93EB, 0x8309, 0x6A07, 0x6248, 0x6B8C, 0x84B1, 0xAD73,
    0xBD72, 0xBD50, 0xBD51, 0xB530, 0xB510, 0xB530, 0xBD52, 0xBD72,
    0xBD51, 0xBD51, 0xBD72, 0xBD72, 0xB551, 0xB530, 0xBD31, 0xB530,
    0xB530, 0xBD51, 0xBD72, 0xBD72, 0xBD51, 0xBD51, 0xBD72, 0xBD72,
    0xBD71, 0xB530, 0xB510, 0xB510, 0xB510, 0xB510, 0xB510, 0xB4F0,
    0xB4F1, 0xB511, 0xB531, 0xBD51, 0xBD72, 0xBD72, 0xB552, 0xAD11,
    0xAD10, 0xAD31, 0xAD31, 0xAD30, 0xAD10, 0xAD10, 0xAD10, 0xAD10,
    0xAD10, 0xAD10, 0xACCF, 0xA4AE, 0xA4CE, 0xAC8D, 0xA48D, 0xA48D,
    0x9C6D, 0x9C4D, 0x9C2C, 0x944C, 0x940D, 0x8BCE, 0x8BCE, 0x83EF,
    0x83CE, 0x8B6B, 0x8349, 0x8349, 0x8349, 0x8328, 0x8328, 0x7B28,
    0x6AC6, 0x7AE7, 0x82E7, 0x7AA7, 0x6A87, 0x6267, 0x6246, 0x51E5,
    0x51C5, 0x51A5, 0x4123, 0x1882, 0x0841, 0x0842, 0x0842, 0x0862,
    0x6268, 0x5A88, 0x5288, 0x5A27, 0x6A88, 0x6AC9, 0x72E9, 0x732B,
    0x6B6D, 0x73AD, 0x83AD, 0x8BAC, 0x8BCC, 0x940D, 0xA42D, 0xA44E,
    0xA46E, 0xA46E, 0xA44E, 0x9C2D, 0x940D, 0x9C6E, 0x9C6E, 0x8BAA,
    0x82A5, 0x7AC7, 0x83CD, 0x9CD0, 0xAD31, 0xB510, 0xBD51, 0xBD92,
    0xB552, 0xB552, 0xB552, 0xB552, 0xB552, 0xBD52, 0xBD72, 0xBD72,
    0xB552, 0xB552, 0xBD51, 0xBD72, 0xBD72, 0xBD72, 0xB552, 0xB552,
    0xB553, 0xBD72, 0xBD72, 0xBD71, 0xB531, 0xB510, 0xB510, 0xB510,
    0xB510, 0xB510, 0xAD10, 0xB531, 0xBD72, 0xBD52, 0xBD51, 0xB531,
    0xB552, 0xB552, 0xB552, 0xAD72, 0xAD31, 0xB531, 0xB531, 0xAD31,
    0xAD10, 0xAD10, 0xA4F0, 0xA4EF, 0xA4EF, 0xACEF, 0xB510, 0xAD0F,
    0xACAE, 0xA4AE, 0xA4CE, 0xA4AD, 0x9C6C, 0x9C2C, 0x944C, 0x8C0D,
    0x8BCE, 0x8BCE, 0x8BCE, 0x83AD, 0x836C, 0x8B8B, 0x8B8A, 0x8B8A,
    0x8328, 0x8307, 0x7B27, 0x7B08, 0x8308, 0x8AE8, 0x72A7, 0x6287,
    0x6267, 0x6226, 0x51E5, 0x51C5, 0x51A5, 0x4123, 0x2082, 0x0841,
    0x0842, 0x0842, 0x0862, 0x5A68, 0x5267, 0x62A8, 0x72EA, 0x732A,
    0x734B, 0x7B6B, 0x83AB, 0x8BAC, 0x8B8C, 0x8BCD, 0x8BEC, 0x940D,
    0x9C6E, 0x9C6E, 0x942D, 0x940C, 0x8BCC, 0x93EC, 0x9C4D, 0x9C4E,
    0x9C4E, 0x9C6E, 0xA48F, 0xA42D, 0x9349, 0x7287, 0x6B0A, 0x844E,
    0x946F, 0xACD0, 0xBD72, 0xBD93, 0xB572, 0xB552, 0xB572, 0xB572,
    0xB572, 0xB551, 0xB552, 0xB573, 0xB572, 0xB572, 0xBD72, 0xB573,
    0xB572, 0xB572, 0xB572, 0xB573, 0xB552, 0xB551, 0xB572, 0xBD92,
    0xC572, 0xBD51, 0xB530, 0xB530, 0xB510, 0xB511, 0xB532, 0xB552,
    0xB552, 0xB531, 0xB531, 0xAD31, 0xAD52, 0xAD52, 0xAD32, 0xB551,
    0xB551, 0xAD10, 0xAD10, 0xAD11, 0xAD10, 0xAD30, 0xA50F, 0xA4EF,
    0xACEF, 0xACF0, 0xACCF, 0xA48D, 0xA48D, 0xACCE, 0xA4CE, 0x9C8D,
    0x9C6C, 0x9C6B, 0x8BEC, 0x8BAE, 0x8BCF, 0x8BEE, 0x83AC, 0x834A,
    0x8BAA, 0x8BAA, 0x836A, 0x8348, 0x8327, 0x8307, 0x82E8, 0x8B08,
    0x8327, 0x6AE7, 0x6267, 0x6226, 0x6226, 0x5A05, 0x59C5, 0x5185,
    0x4103, 0x2082, 0x0841, 0x0842, 0x0842, 0x0862, 0x6AA9, 0x62A9,
    0x62A8, 0x6AA8, 0x6AA8, 0x6AC9, 0x732A, 0x83AC, 0x838C, 0x836B,
    0x8BCC, 0x8BED, 0x8BED, 0x93EC, 0x940C, 0x942D, 0x940D, 0x8BCD,
    0x8BAC, 0x8BAC, 0x93EC, 0x9C0C, 0x9BEC, 0x9C2D, 0xA46E, 0xAC4E,
    0xA3AC, 0x8B8A, 0x840C, 0x8C6E, 0x9CD0, 0xAD10, 0xB572, 0xB572,
    0xAD52, 0xB573, 0xB593, 0xBD93, 0xBD73, 0xB573, 0xB593, 0xBD93,
    0xC592, 0xBD52, 0xAD52, 0xB572, 0xB573, 0xB573, 0xB593, 0xBD93,
    0xBD93, 0xBD72, 0xBD52, 0xBD52, 0xBD52, 0xBD52, 0xB551, 0xB551,
    0xB531, 0xB531, 0xB552, 0xB552, 0xB552, 0xAD52, 0xB573, 0xB573,
    0xAD52, 0xA532, 0xAD11, 0xAD11, 0xAD10, 0xAD10, 0xAD10, 0xA4F0,
    0xA4CF, 0xACEF, 0xAD10, 0xACF0, 0xA4CE, 0x9C8E, 0xA4CE, 0xA4CE,
    0xA4AE, 0x9CAE, 0xA4AD, 0x9C6C, 0x944C, 0x9C4E, 0x942F, 0x8BCD,
    0x838C, 0x83AB, 0x8BCA, 0x8BCA, 0x8B8A, 0x8349, 0x8348, 0x8328,
    0x8328, 0x82E7, 0x8307, 0x8307, 0x7308, 0x6267, 0x5A05, 0x6226,
    0x5A05, 0x59E5, 0x5185, 0x4103, 0x2082, 0x0841, 0x0841, 0x0841,
    0x1062, 0x6AC9, 0x730A, 0x7B4B, 0x7B4B, 0x7B4A, 0x732A, 0x730A,
    0x730B, 0x7B4B, 0x83AB, 0x9BEB, 0x9C0C, 0x8C0D, 0x8BAC, 0x838C,
    0x838C, 0x8BCC, 0x942D, 0xA46E, 0xA46E, 0xA42D, 0x93EC, 0x93EC,
    0x93EC, 0x940D, 0x9C4E, 0x9BED, 0x93CD, 0x8C2E, 0x94AF, 0xA4F0,
    0xB4F0, 0xBD72, 0xBD93, 0xB572, 0xB552, 0xAD32, 0xAD52, 0xB552,
    0xB532, 0xAD32, 0xAD53, 0xB552, 0xBD72, 0xBD73, 0xBD73, 0xBD73,
    0xB552, 0xAD32, 0xAD33, 0xB553, 0xB552, 0xBD72, 0xBD72, 0xBD72,
    0xB552, 0xB552, 0xB552, 0xBD52, 0xBD72, 0xBD72, 0xBD73, 0xB573,
    0xAD52, 0xAD52, 0xAD53, 0xAD74, 0xAD53, 0xAD51, 0xAD30, 0xB511,
    0xAD10, 0xAD11, 0xAD10, 0xACEF, 0xA4CF, 0xA4EF, 0xACEF, 0xB530,
    0xB530, 0xB50F, 0xA4CE, 0xA4CE, 0xA4CE, 0x9CCD, 0x94AD, 0x8C4E,
    0x8C2E, 0x8C2E, 0x8C0D, 0x8C0C, 0x8BEB, 0x8BAA, 0x8389, 0x8B8A,
    0x8B8B, 0x8348, 0x8327, 0x8308, 0x82E7, 0x8B07, 0x8327, 0x7308,
    0x6246, 0x5A05, 0x6246, 0x5A25, 0x59E5, 0x5185, 0x40E3, 0x2082,
    0x0862, 0x0841, 0x0841, 0x0861, 0x6AC9, 0x6AA8, 0x6AC8, 0x6AEA,
    0x6B2A, 0x7B6A, 0x838B, 0x8BCC, 0x834B, 0x6AE9, 0x732B, 0x8BCD,
    0x942F, 0x8BED, 0x8BED, 0x940E, 0x940D, 0x940D, 0x8BEC, 0x93CC,
    0x93EC, 0x942D, 0x9C2D, 0x940D, 0x940D, 0x9C4E, 0x83CB, 0x7B4B,
    0x7B6D, 0x83EE, 0x9C8F, 0xB510, 0xC593, 0xC5D4, 0xBD93, 0xBD52,
    0xBD52, 0xB553, 0xB553, 0xBD73, 0xBD72, 0xBD72, 0xBD73, 0xC593,
    0xBD93, 0xBDB3, 0xBD73, 0xBD52, 0xBD53, 0xBD52, 0xBD72, 0xBD93,
    0xBD94, 0xBD73, 0xBD52, 0xBD71, 0xBD51, 0xBD51, 0xBD52, 0xBD73,
    0xBD73, 0xB553, 0xAD32, 0xAD12, 0xAD73, 0xAD73, 0xAD73, 0xAD53,
    0xAD72, 0xB571, 0xB551, 0xB551, 0xB552, 0xB551, 0xAD10, 0xACEF,
    0xACEF, 0xAD10, 0xB510, 0xACEF, 0xA4CE, 0x9CCF, 0x9CCF, 0x948F,
    0x9CAE, 0x9CCE, 0x8CAF, 0x844E, 0x842E, 0x8C2E, 0x8C0C, 0x8BCA,
    0x8BAB, 0x8BAB, 0x93CB, 0x8BCB, 0x8348, 0x82E8, 0x8308, 0x8308,
    0x8B48, 0x8B48, 0x7308, 0x6246, 0x61E5, 0x6A67, 0x5A26, 0x51E5,
    0x5184, 0x40E3, 0x2082, 0x0862, 0x0861, 0x0841, 0x0842, 0x5A47,
    0x5268, 0x5288, 0x62C9, 0x8329, 0x938A, 0x7B8B, 0x7BAD, 0x836B,
    0x7B09, 0x7B09, 0x83AC, 0x9C2E, 0x940D, 0x942D, 0x9C2D, 0x93ED,
    0x8BED, 0x8BED, 0x942D, 0x9C2D, 0x940D, 0x8BEC, 0x8BED, 0x93EC,
    0x8BCC, 0x836B, 0x7B6B, 0x83EC, 0x8C4E, 0xA511, 0xBD92, 0xC552,
    0xBD52, 0xBD73, 0xBD73, 0xBD72, 0xC592, 0xC592, 0xBD72, 0xC572,
    0xBD72, 0xBD72, 0xBD52, 0xBD31, 0xBD73, 0xBD94, 0xBD93, 0xC572,
    0xC572, 0xC592, 0xBD92, 0xBD52, 0xB531, 0xB531, 0xB552, 0xB551,
    0xB531, 0xB510, 0xB511, 0xB532, 0xB532, 0xB532, 0xAD52, 0xB573,
    0xB573, 0xAD52, 0xB573, 0xB573, 0xBD73, 0xB571, 0xB571, 0xAD31,
    0xB531, 0xB531, 0xB530, 0xAD30, 0xAD10, 0xAD10, 0xA510, 0xA4EF,
    0x9CAF, 0x9C6F, 0x9450, 0x944F, 0x948F, 0x8CD0, 0x846F, 0x8C0E,
    0x942D, 0x8BEC, 0x8BEC, 0x940C, 0x9C0B, 0x93EB, 0x8BAA, 0x8B49,
    0x8308, 0x8308, 0x8308, 0x8B48, 0x8B48, 0x7AE7, 0x6A46, 0x61E5,
    0x6A46, 0x5A25, 0x5A05, 0x59A5, 0x38E2, 0x1862, 0x0862, 0x1061,
    0x0841, 0x0841, 0x5AA9, 0x5248, 0x5A47, 0x72C8, 0x8349, 0x838B,
    0x7BAC, 0x8BCD, 0x93AD, 0x8B6C, 0x834C, 0x83AC, 0x940D, 0x940D,
    0x9C0D, 0x9C2D, 0x9C4D, 0x9C4D, 0x9C2D, 0x9C2D, 0xA42C, 0x9C0C,
    0x93EC, 0x9C2E, 0xA44E, 0x942C, 0x838B, 0x838C, 0xA46F, 0xC552,
    0xCD92, 0xC570, 0xB531, 0xBD31, 0xC551, 0xBD51, 0xBD31, 0xBD31,
    0xBD51, 0xBD51, 0xBD31, 0xBD31, 0xBD31, 0xBD51, 0xC551, 0xC551,
    0xBD30, 0xBD30, 0xBD31, 0xBD31, 0xB531, 0xBD31, 0xBD51, 0xBD51,
    0xBD51, 0xC551, 0xBD30, 0xBD30, 0xC551, 0xBD51, 0xB531, 0xAD11,
    0xA4F1, 0xA511, 0xB552, 0xB553, 0xB552, 0xB532, 0xB532, 0xAD11,
    0xAD50, 0xB530, 0xB531, 0xB551, 0xAD31, 0xA4EF, 0xA4CF, 0xAD0F,
    0xAD50, 0xB530, 0xA4EF, 0x9C8E, 0x944F, 0x8C0F, 0x8BEF, 0x8C0F,
    0x8C70, 0x9470, 0x944F, 0x942E, 0x8BEC, 0x8BEB, 0x8BEB, 0x8BCA,
    0x8BAA, 0x8B8A, 0x8B69, 0x8329, 0x8308, 0x7AE7, 0x8B28, 0x8B48,
    0x72C7, 0x6A46, 0x6205, 0x6A46, 0x5A04, 0x5A05, 0x59E6, 0x30E2,
    0x1041, 0x0862, 0x1061, 0x0841, 0x0841, 0x6267, 0x62A8, 0x62C8,
    0x62C8, 0x72E8, 0x834A, 0x8B6B, 0x938C, 0x93CD, 0x93ED, 0x8BCE,
    0x8BAE, 0x8BCE, 0x940D, 0x9C2D, 0x9C0D, 0xA42E, 0xA42E, 0xA44E,
    0x9C2D, 0x9C2D, 0xAC6E, 0xAC8F, 0x93ED, 0x7B8B, 0x940D, 0xA46F,
    0xB4F0, 0xB4F1, 0xBCF1, 0xBCF1, 0xBD11, 0xBD31, 0xBD31, 0xBCF0,
    0xBCEF, 0xBD0F, 0xBD30, 0xBD32, 0xBD31, 0xBD31, 0xBD31, 0xC551,
    0xBD51, 0xBD31, 0xBCF1, 0xBCD0, 0xBCEF, 0xBD10, 0xBD31, 0xBD32,
    0xBD31, 0xBD51, 0xC551, 0xC572, 0xC571, 0xC572, 0xC572, 0xBD51,
    0xBD31, 0xB551, 0xAD31, 0xA511, 0xA4F1, 0xAD11, 0xB532, 0xBD73,
    0xAD53, 0xAD11, 0xACF0, 0xB510, 0xB511, 0xB511, 0xAD30, 0xAD10,
    0xA4CF, 0xA4AF, 0xA4EF, 0xAD30, 0xB531, 0xA4B0, 0x9C8E, 0x946D,
    0x8C0D, 0x8BCD, 0x83CE, 0x840F, 0x8C30, 0x8430, 0x840D, 0x8C2C,
    0x9C2C, 0x93EB, 0x8BCA, 0x8BAA, 0x8B6A, 0x8329, 0x8308, 0x82E8,
    0x72A7, 0x8308, 0x8B28, 0x6AA6, 0x6225, 0x6A05, 0x6A46, 0x59E4,
    0x51E4, 0x5206, 0x2903, 0x1041, 0x0841, 0x1061, 0x0861, 0x0841,
    0x5A87, 0x5AA7, 0x6307, 0x7327, 0x7B29, 0x7B29, 0x832A, 0x836B,
    0x8B6B, 0x7B0A, 0x6A88, 0x6A48, 0x7AEB, 0x9BED, 0xA46E, 0x9C4D,
    0x9C2D, 0x9C4D, 0x9C4D, 0xA44E, 0x9C2D, 0x93EC, 0x8BAB, 0x7B8B,
    0x83AD, 0xA44F, 0x9C4F, 0x9C6F, 0x9CCE, 0xB50E, 0xBD10, 0xBD31,
    0xBD51, 0xBD31, 0xC552, 0xC593, 0xC572, 0xBD31, 0xBD51, 0xBD51,
    0xBD71, 0xBD71, 0xBD71, 0xBD51, 0xBD31, 0xC552, 0xC593, 0xC592,
    0xC551, 0xBD51, 0xBD51, 0xC571, 0xBD51, 0xBD51, 0xC571, 0xC571,
    0xC551, 0xC572, 0xBD72, 0xBD52, 0xB532, 0xACF1, 0xA4D0, 0x9D10,
    0xA511, 0xAD33, 0xB553, 0xB573, 0xB573, 0xBD73, 0xB553, 0xB552,
    0xB551, 0xB530, 0xB550, 0xB510, 0xA48F, 0xA4AF, 0xAD10, 0xAD30,
    0xA4B0, 0xA48E, 0x9C8D, 0x8C2D, 0x8BCE, 0x83CF, 0x7C0F, 0x840E,
    0x83EF, 0x83D0, 0x8C0D, 0x93EB, 0x8BAA, 0x93EB, 0x8BCB, 0x8348,
    0x7B07, 0x7AE8, 0x7B08, 0x6AC7, 0x8307, 0x8B07, 0x6A45, 0x59E5,
    0x61E5, 0x6A26, 0x6204, 0x59E4, 0x49A5, 0x28E2, 0x1041, 0x0841,
    0x1062, 0x0841, 0x0841, 0x5207, 0x5227, 0x6247, 0x6A88, 0x72C9,
    0x730A, 0x732A, 0x6AC8, 0x6267, 0x6A88, 0x72A9, 0x6A88, 0x5A06,
    0x6228, 0x6A8A, 0x7B2B, 0x93ED, 0x942D, 0x942E, 0x944E, 0x8C4E,
    0x83CC, 0x7B6B, 0x838C, 0x940E, 0x9C8F, 0xA48F, 0xB4B0, 0xBD11,
    0xC550, 0xBD50, 0xB510, 0xBD31, 0xC572, 0xC592, 0xBD72, 0xBD72,
    0xC572, 0xC571, 0xBD51, 0xBD51, 0xC572, 0xC552, 0xBD31, 0xC551,
    0xC592, 0xC592, 0xBD72, 0xBD72, 0xC572, 0xBD51, 0xBD51, 0xBD51,
    0xBD51, 0xBD51, 0xC571, 0xC572, 0xC592, 0xC572, 0xBD51, 0xB551,
    0xBD31, 0xAD11, 0x9CD0, 0x9CF1, 0xAD52, 0xB573, 0xB573, 0xB554,
    0xAD54, 0xAD74, 0xB574, 0xB552, 0xB551, 0xBD30, 0xAD10, 0xA4D0,
    0xACF0, 0xACD0, 0xACAF, 0xA46E, 0xA48E, 0x9C8E, 0x8C2E, 0x8410,
    0x8C31, 0x9470, 0x8C2F, 0x8C10, 0x83F1, 0x8BCE, 0x8BCA, 0x8BA9,
    0x8BEB, 0x8BAA, 0x8328, 0x7AE7, 0x7AE8, 0x7B08, 0x72C7, 0x7AE7,
    0x82E7, 0x7266, 0x6A05, 0x61C5, 0x59E6, 0x6205, 0x59E4, 0x4184,
    0x28C2, 0x1061, 0x0842, 0x1041, 0x0841, 0x0841, 0x6288, 0x62A8,
    0x62A8, 0x6288, 0x6AC8, 0x7B09, 0x7B2A, 0x72C9, 0x72C9, 0x7AEA,
    0x72CA, 0x72C9, 0x8329, 0x9BAB, 0x938B, 0x7B2A, 0x834B, 0x838D,
    0x83CE, 0x836D, 0x730B, 0x7ACA, 0x832C, 0x8BEE, 0x8C2F, 0x942F,
    0xA46E, 0xBCCF, 0xBD31, 0xBD52, 0xBD31, 0xBD50, 0xBD51, 0xC572,
    0xC592, 0xC572, 0xC592, 0xC5B3, 0xCDB3, 0xCDB3, 0xC572, 0xBD31,
    0xBD51, 0xC551, 0xBD51, 0xC572, 0xC572, 0xC592, 0xC592, 0xC5B3,
    0xCDB3, 0xCDB3, 0xC571, 0xC551, 0xC551, 0xC572, 0xC592, 0xC592,
    0xC571, 0xBD71, 0xBD71, 0xBD72, 0xBD72, 0xB573, 0xAD32, 0xA511,
    0xAD11, 0xB552, 0xB573, 0xB553, 0xB553, 0xAD53, 0xAD52, 0xB552,
    0xACF0, 0xA4CF, 0xA4EF, 0xAD30, 0xACF0, 0xA4AF, 0x9C8E, 0x9CAE,
    0x9C8F, 0x83EF, 0x83D0, 0x8C11, 0x8C50, 0x8C30, 0x83CF, 0x7BAE,
    0x83AB, 0x8BCB, 0x93EB, 0x8BEB, 0x83A9, 0x8348, 0x8307, 0x7B08,
    0x7B09, 0x7AC7, 0x82E7, 0x7AE8, 0x7286, 0x6A05, 0x59A5, 0x59C5,
    0x6205, 0x59E5, 0x4164, 0x28C2, 0x1862, 0x1062, 0x0861, 0x0841,
    0x0841, 0x5A26, 0x6288, 0x72E9, 0x72C9, 0x72C8, 0x72C8, 0x72E9,
    0x6AC9, 0x72EA, 0x834B, 0x72A9, 0x7288, 0x8309, 0x93CB, 0x9C0C,
    0x93CD, 0x9C0E, 0x940D, 0x93EC, 0x8BCC, 0x93CD, 0x93AC, 0x832B,
    0x734A, 0x83AC, 0xA450, 0xA490, 0xA4AF, 0xACCF, 0xBD11, 0xBD31,
    0xBD50, 0xBD30, 0xBD10, 0xC552, 0xC592, 0xC5B2, 0xBD51, 0xACCF,
    0xACAF, 0xB511, 0xC551, 0xC572, 0xBD31, 0xB4F0, 0xBD11, 0xC572,
    0xC5B3, 0xBD92, 0xB530, 0xB4F0, 0xB4F0, 0xB4F0, 0xB511, 0xBD51,
    0xC551, 0xC551, 0xBD31, 0xBD31, 0xBD31, 0xBD31, 0xC552, 0xC552,
    0xBD51, 0xB551, 0xAD31, 0xACF1, 0xAD32, 0xB573, 0xBD73, 0xB532,
    0xB551, 0xB551, 0xB550, 0xB530, 0xAD10, 0xA4EF, 0xAD0F, 0xAD30,
    0xA510, 0xA4F0, 0xA4F0, 0x9CB0, 0x8C10, 0x83F0, 0x8C30, 0x8C2F,
    0x8BF1, 0x83F1, 0x842E, 0x83EB, 0x8BA9, 0x8B8A, 0x8BAA, 0x8B69,
    0x8328, 0x7B08, 0x7B28, 0x8329, 0x7AC7, 0x82E8, 0x82E8, 0x7266,
    0x6205, 0x59E5, 0x59E5, 0x59E5, 0x51C4, 0x4164, 0x3102, 0x1882,
    0x1062, 0x0841, 0x0841, 0x0841, 0x6AA8, 0x6AE9, 0x6B09, 0x5A87,
    0x5A68, 0x6AC9, 0x7B2A, 0x72E9, 0x6AA8, 0x72C9, 0x6AA8, 0x7AE9,
    0x8B8B, 0x83CD, 0x7BAC, 0x838B, 0x93CB, 0xA42D, 0xA42D, 0xA40C,
    0x9BEC, 0x9BEC, 0xA3AC, 0x8B8B, 0x7B6B, 0x83AD, 0x8C2E, 0x9CB0,
    0xB510, 0xC571, 0xC551, 0xB511, 0xB531, 0xBD31, 0xB531, 0xB532,
    0xBD52, 0xC551, 0xBD10, 0xBD31, 0xBD72, 0xC591, 0xC592, 0xBD51,
    0xB531, 0xB531, 0xBD32, 0xBD52, 0xBD51, 0xBD10, 0xB4F0, 0xBD31,
    0xC552, 0xBD72, 0xBD51, 0xC531, 0xC551, 0xC571, 0xC551, 0xBD51,
    0xC551, 0xBD51, 0xBD71, 0xBD72, 0xBD72, 0xB532, 0xAD31, 0xB552,
    0xBD52, 0xBD52, 0xB531, 0xB552, 0xBD52, 0xBD51, 0xB550, 0xB530,
    0xAD30, 0xAD30, 0xAD30, 0xAD30, 0xAD31, 0x9CD0, 0x948F, 0x9450,
    0x9430, 0x8C10, 0x8450, 0x8430, 0x8C0F, 0xA3EC, 0xA3EA, 0x93C9,
    0x83A9, 0x8389, 0x8369, 0x8B29, 0x8328, 0x7B08, 0x7B08, 0x7AE8,
    0x8308, 0x82C7, 0x6A25, 0x6A05, 0x6A25, 0x6206, 0x59C4, 0x51A4,
    0x4164, 0x3103, 0x1882, 0x1042, 0x0841, 0x0841, 0x0841, 0x6246,
    0x49C5, 0x3965, 0x5207, 0x72CA, 0x832A, 0x7B2A, 0x7B09, 0x7B2A,
    0x836B, 0x7B2A, 0x7B0A, 0x7B0A, 0x6AEA, 0x734B, 0x83AC, 0x93CC,
    0x93CC, 0x940D, 0xA44E, 0xA42D, 0x93EC, 0x93CC, 0x9BED, 0x8B4A,
    0x6AA9, 0x838C, 0x944F, 0x9C90, 0xAD10, 0xBD50, 0xBD30, 0xB511,
    0xB531, 0xBD51, 0xBD72, 0xBD73, 0xBD73, 0xC593, 0xC5B2, 0xC592,
    0xC530, 0xBCF0, 0xBD10, 0xB531, 0xBD51, 0xBD52, 0xC553, 0xC573,
    0xC593, 0xC592, 0xC5B2, 0xC5B1, 0xC591, 0xC571, 0xC551, 0xC571,
    0xC571, 0xC572, 0xC572, 0xC571, 0xBD30, 0xBD51, 0xC572, 0xC552,
    0xACF0, 0xA4CF, 0xAD11, 0xB572, 0xBD94, 0xBD33, 0xB512, 0xB510,
    0xB510, 0xB530, 0xB52F, 0xB52F, 0xAD0F, 0x9CEF, 0x9CF0, 0xA531,
    0xA532, 0x9CB0, 0x942F, 0x93F0, 0x8C10, 0x842F, 0x8C2F, 0x940D,
    0x938A, 0x93A9, 0x93EA, 0x8BEB, 0x8389, 0x8349, 0x8B49, 0x8348,
    0x7B08, 0x7AE8, 0x7AE7, 0x8308, 0x7AC7, 0x6A25, 0x6A05, 0x6A26,
    0x6205, 0x59E4, 0x51A4, 0x4184, 0x3123, 0x1882, 0x1041, 0x0841,
    0x0841, 0x0841, 0x51E6, 0x5A48, 0x72CA, 0x7309, 0x732A, 0x7B6B,
    0x836A, 0x7B2A, 0x72EA, 0x7309, 0x7B49, 0x838B, 0x83AC, 0x7B6C,
    0x834B, 0x8B6C, 0x8C0D, 0x8BCC, 0x7B4A, 0x838B, 0x9C2D, 0xB46F,
    0x9C0D, 0x940C, 0x8B8A, 0x7288, 0x6AAA, 0x736E, 0x8C70, 0x94B0,
    0xAD11, 0xC572, 0xC551, 0xBD52, 0xBD52, 0xB531, 0xB511, 0xBD51,
    0xC592, 0xC572, 0xBD31, 0xBD10, 0xBD10, 0xC551, 0xBD72, 0xBD72,
    0xBD51, 0xB531, 0xB551, 0xBD72, 0xC592, 0xC572, 0xC571, 0xC571,
    0xC571, 0xC510, 0xBCF0, 0xBD30, 0xBD10, 0xBD10, 0xC550, 0xC551,
    0xCD71, 0xC572, 0xBD52, 0xACF0, 0xA4AF, 0xA4AF, 0xA4F1, 0xAD12,
    0xB512, 0xBD32, 0xBD51, 0xB531, 0xB531, 0xB530, 0xB52F, 0xAD2F,
    0xA510, 0xA511, 0xA4F2, 0xA4F2, 0x9CB1, 0x946F, 0x8C2F, 0x840F,
    0x83ED, 0x9C0D, 0xA3EC, 0x9B89, 0x9BA9, 0x9C0A, 0x940C, 0x838A,
    0x8349, 0x8B49, 0x8308, 0x7AE7, 0x7AC7, 0x7AC7, 0x7AC7, 0x7287,
    0x6A46, 0x6A26, 0x6205, 0x51C4, 0x59C5, 0x51C5, 0x4164, 0x3103,
    0x1882, 0x1041, 0x0841, 0x0841, 0x0841, 0x6289, 0x730A, 0x838A,
    0x7329, 0x6AC9, 0x72E9, 0x836A, 0x7B4A, 0x72E9, 0x7AE9, 0x8B6A,
    0x8BAC, 0x7B8C, 0x7B4B, 0x7B4A, 0x7B8B, 0x83CC, 0x83CC, 0x838B,
    0x7B8A, 0x8BAB, 0xA40E, 0xB44F, 0xAC6F, 0x83AB, 0x62A8, 0x72EB,
    0x83AE, 0x9C90, 0xAD11, 0xB532, 0xBD72, 0xBD52, 0xC552, 0xBD32,
    0xB551, 0xB531, 0xB511, 0xBD52, 0xBD72, 0xC593, 0xCDD3, 0xCD93,
    0xBD52, 0xBD31, 0xBD52, 0xBD52, 0xB531, 0xB511, 0xBD31, 0xC572,
    0xC572, 0xBD51, 0xBD31, 0xBD30, 0xBD31, 0xBD31, 0xC531, 0xC551,
    0xC551, 0xC551, 0xC551, 0xC551, 0xBD51, 0xB531, 0xB511, 0xB531,
    0xB572, 0xB552, 0xB532, 0xB532, 0xB552, 0xB552, 0xB552, 0xB551,
    0xB530, 0xB50F, 0xA50F, 0xA511, 0xA531, 0xA4F1, 0x9CB0, 0x9490,
    0x94B0, 0x9450, 0x940E, 0x942C, 0x9C2B, 0xA3EB, 0x9BCA, 0x9BEA,
    0x9C0B, 0x9C0C, 0x8BAA, 0x8369, 0x8B29, 0x7B28, 0x7AE7, 0x7AC8,
    0x7AE7, 0x72A7, 0x7286, 0x7267, 0x6A46, 0x5A04, 0x5183, 0x59C5,
    0x59E6, 0x4143, 0x30E2, 0x1882, 0x1042, 0x0841, 0x0841, 0x0841,
    0x6268, 0x6AA8, 0x7B2A, 0x836B, 0x838C, 0x838B, 0x836A, 0x7B0A,
    0x7AE9, 0x8309, 0x836A, 0x83CC, 0x8BCE, 0x93CD, 0x93CC, 0x83AB,
    0x838B, 0x8BAC, 0x83AB, 0x738A, 0x736A, 0x8BEC, 0xAC4D, 0xA40C,
    0x7B6A, 0x6B29, 0x8C0E, 0xAC90, 0xA4AF, 0xACCF, 0xB510, 0xBD52,
    0xBD52, 0xBD52, 0xBD52, 0xBD32, 0xBD72, 0xBD73, 0xBD72, 0xC572,
    0xC592, 0xC572, 0xBD51, 0xBD31, 0xBD53, 0xBD73, 0xBD52, 0xBD32,
    0xBD52, 0xBD72, 0xBD72, 0xC572, 0xC593, 0xC593, 0xCDB3, 0xCDB3,
    0xC592, 0xBD31, 0xC551, 0xC571, 0xC571, 0xBD31, 0xBD31, 0xC551,
    0xBD52, 0xB511, 0xACF0, 0xB531, 0xB553, 0xBD73, 0xBD73, 0xB572,
    0xB552, 0xAD32, 0xB551, 0xB530, 0xB50F, 0xA4D0, 0x94EF, 0x9D0F,
    0xA510, 0x9CD0, 0x94AF, 0x8CD0, 0x9490, 0x9C4E, 0xA46C, 0x9C2A,
    0x9BEA, 0x9C0C, 0x9C2C, 0x9C4C, 0x9C2C, 0x8BEB, 0x8B6A, 0x8B29,
    0x8328, 0x7AE8, 0x7AC8, 0x72C7, 0x72C7, 0x7287, 0x6A46, 0x6A46,
    0x6A25, 0x59C4, 0x6206, 0x59E6, 0x3943, 0x28C1, 0x1861, 0x1062,
    0x0841, 0x0841, 0x0841, 0x6AC8, 0x6AC8, 0x6AC8, 0x5A88, 0x6AE9,
    0x7B6A, 0x838B, 0x838B, 0x7B2A, 0x7AE9, 0x832A, 0x8B6B, 0x938C,
    0x93AC, 0x8BCD, 0x940D, 0x9C2D, 0x9C2D, 0x93ED, 0x7B4A, 0x7B4A,
    0x93AB, 0x9C0B, 0x838A, 0x6B09, 0x734B, 0x93EF, 0x9C50, 0xA4AF,
    0xBD51, 0xBD72, 0xBD32, 0xB532, 0xBD52, 0xBD72, 0xBD52, 0xBD52,
    0xBD52, 0xBD72, 0xBD72, 0xC572, 0xC571, 0xC552, 0xB532, 0xB531,
    0xBD51, 0xBD52, 0xBD52, 0xBD72, 0xBD72, 0xBD72, 0xBD72, 0xC572,
    0xC572, 0xC572, 0xC552, 0xBD51, 0xBD51, 0xBD51, 0xBD51, 0xBD51,
    0xC551, 0xC551, 0xBD51, 0xBD31, 0xB511, 0xB510, 0xBD31, 0xB553,
    0xB553, 0xB552, 0xAD32, 0xAD32, 0xAD32, 0xAD52, 0xB531, 0xACF0,
    0x948D, 0x948D, 0x9CCF, 0xA4F0, 0xA4F0, 0x9CCF, 0xA4AF, 0xA48E,
    0xA46D, 0xA44C, 0x9C0B, 0x9BEB, 0x9BEB, 0xA40C, 0xA40C, 0x93EB,
    0x8BAA, 0x8369, 0x8B49, 0x8348, 0x8328, 0x7AE8, 0x7AE8, 0x7AE8,
    0x72A7, 0x6A46, 0x7246, 0x7267, 0x6A46, 0x6206, 0x51C5, 0x3923,
    0x28C2, 0x1882, 0x1062, 0x0841, 0x0841, 0x0861, 0x5A48, 0x5A68,
    0x5A89, 0x5AA9, 0x7B29, 0x93AA, 0x8BAB, 0x8BAC, 0x836B, 0x7B29,
    0x7B09, 0x7B2A, 0x834B, 0x8B8B, 0x93EC, 0x940C, 0x940C, 0x940C,
    0x93ED, 0x8BCC, 0x93CB, 0x9BEB, 0x9BEC, 0x836A, 0x6AE9, 0x732A,
    0x8BCE, 0xA471, 0xB4F1, 0xB571, 0xB551, 0xB532, 0xB531, 0xB511,
    0xB511, 0xB531, 0xBD52, 0xBD52, 0xBD31, 0xBD31, 0xBD31, 0xBD52,
    0xBD51, 0xB531, 0xB511, 0xB511, 0xB531, 0xBD51, 0xBD52, 0xBD52,
    0xBD31, 0xBD51, 0xC572, 0xC592, 0xC572, 0xC572, 0xC572, 0xC551,
    0xBD51, 0xBD31, 0xBD51, 0xC551, 0xC551, 0xBD31, 0xBD31, 0xB531,
    0xB511, 0xB511, 0xB531, 0xB552, 0xB573, 0xB553, 0xB534, 0xB574,
    0xA591, 0x9CEE, 0x9C0D, 0x93EC, 0x9C2D, 0xACAF, 0xACD0, 0xA4AF,
    0xA48F, 0x9CAF, 0x9C6E, 0x9C2C, 0x9C0C, 0x9C2C, 0x9C2C, 0x9C0B,
    0xA42C, 0x9BEB, 0x83AA, 0x8B8A, 0x8B69, 0x8B48, 0x8B68, 0x8348,
    0x8309, 0x82E8, 0x7AC8, 0x72A7, 0x6A86, 0x5A45, 0x6285, 0x6AE7,
    0x5A26, 0x4984, 0x3923, 0x28E2, 0x20A2, 0x1062, 0x0861, 0x0841,
    0x0841, 0x62C9, 0x62A9, 0x6289, 0x5A67, 0x7B08, 0x8B8A, 0x838A,
    0x83CC, 0x8BCD, 0x93AC, 0x93AC, 0x8BAC, 0x838C, 0x8BAC, 0x93CC,
    0x9C2D, 0x9C2E, 0x9C2E, 0x9BED, 0x93CB, 0x8BCC, 0x83CC, 0x7B8B,
    0x7B08, 0x834A, 0x8C30, 0x9CB1, 0xA4B0, 0xAC8F, 0xACD0, 0xB510,
    0xB530, 0xBD51, 0xBD32, 0xB511, 0xB531, 0xBD31, 0xBD52, 0xBD52,
    0xB531, 0xBD31, 0xBD51, 0xB531, 0xB531, 0xBD31, 0xBD31, 0xB531,
    0xB531, 0xBD31, 0xBD31, 0xBD32, 0xBD31, 0xB531, 0xB511, 0xBD31,
    0xBD31, 0xB531, 0xB531, 0xBD51, 0xBD51, 0xBD71, 0xC551, 0xBD52,
    0xBD51, 0xBD31, 0xB510, 0xACF0, 0xB531, 0xBD72, 0xB551, 0xACEF,
    0xACEF, 0xAD51, 0xAD91, 0xA4EE, 0x9C2C, 0x93CC, 0x942E, 0xA48F,
    0xACCF, 0xACAE, 0x9C4D, 0x9C4D, 0xA48E, 0xA48E, 0xA46D, 0xA46D,
    0xA44D, 0xA44C, 0x9C4C, 0xA42C, 0x9BEC, 0x8BCA, 0x8BAA, 0x9389,
    0x8B49, 0x8368, 0x8348, 0x8309, 0x82E8, 0x7AC8, 0x72A7, 0x6A87,
    0x5A45, 0x6285, 0x72E7, 0x5A25, 0x4143, 0x3903, 0x28E2, 0x18A2,
    0x0861, 0x0841, 0x0841, 0x0861, 0x6247, 0x6AA7, 0x6B28, 0x6329,
    0x6B09, 0x7B29, 0x8B6B, 0x938C, 0x938C, 0x938C, 0x9BED, 0xA42E,
    0x9C0D, 0x9C0D, 0x9C0D, 0x9BEC, 0x9BED, 0x940D, 0x8BEC, 0x8BAB,
    0x93CB, 0x8BAB, 0x7B49, 0x6B0A, 0x732C, 0x8BF0, 0x9C90, 0xACD0,
    0xACAF, 0xACF0, 0xB511, 0xB511, 0xB510, 0xB530, 0xB531, 0xB531,
    0xBD51, 0xB551, 0xB551, 0xC572, 0xCDB2, 0xCDB2, 0xBD31, 0xACF0,
    0xB4F0, 0xB530, 0xB531, 0xB531, 0xBD51, 0xBD72, 0xBD72, 0xB551,
    0xBD51, 0xBD31, 0xBD31, 0xBD31, 0xC551, 0xC572, 0xBD72, 0xBD51,
    0xBD51, 0xC572, 0xC5B3, 0xBD72, 0xB530, 0xA4AF, 0x9C8F, 0xA4CF,
    0xB531, 0xB552, 0xAD11, 0xACF0, 0xACEF, 0xAD10, 0xACAF, 0x9C2D,
    0x93EC, 0x9C8E, 0xA4AE, 0x9C8D, 0xA48E, 0xA48E, 0xA48D, 0xA46D,
    0xA48D, 0xAC8D, 0xAC8D, 0xA46D, 0x9C4D, 0x9C2C, 0xA42D, 0xA42D,
    0x942C, 0x8BEB, 0x8B89, 0x8B48, 0x8348, 0x8349, 0x8B29, 0x8308,
    0x7AC8, 0x7287, 0x6AA7, 0x6285, 0x6265, 0x6A86, 0x5A25, 0x4984,
    0x3923, 0x30E2, 0x20A2, 0x0841, 0x0861, 0x0861, 0x0841, 0x6288,
    0x5247, 0x5267, 0x6B28, 0x7B48, 0x8349, 0x8B2A, 0x8B4B, 0x8B6C,
    0x93AC, 0x93CB, 0x93EC, 0x940D, 0x9C2D, 0x9C0D, 0x9BEC, 0x93CC,
    0x8B8B, 0x836B, 0x8B8B, 0x93CB, 0x8BAB, 0x7B2A, 0x7B8D, 0x8C10,
    0x9C90, 0xA490, 0xACD0, 0xB511, 0xBD11, 0xB511, 0xB511, 0xB510,
    0xB510, 0xB510, 0xBD31, 0xBD10, 0xBD10, 0xBD30, 0xC531, 0xC531,
    0xBD11, 0xB510, 0xB511, 0xB510, 0xB511, 0xBD11, 0xBD31, 0xBD10,
    0xBD10, 0xBD10, 0xC551, 0xCD92, 0xCD93, 0xCD92, 0xC592, 0xC571,
    0xBD71, 0xBD51, 0xBD31, 0xB511, 0xB510, 0xBD31, 0xB531, 0xB531,
    0xACF0, 0xACEF, 0xB511, 0xB531, 0xB531, 0xB552, 0xBD72, 0xB531,
    0xA4F0, 0x9CAF, 0x9C8F, 0x9C6E, 0xA48E, 0xA46D, 0x9C6D, 0xA4AE,
    0xACEE, 0xACCE, 0xAC6D, 0xA46D, 0xA46C, 0xA44C, 0xA44D, 0xA44D,
    0xA44D, 0xA42D, 0x9C2C, 0x942B, 0x93EA, 0x8B89, 0x8B48, 0x8348,
    0x8348, 0x8328, 0x82E8, 0x7AC7, 0x72C7, 0x72C7, 0x6286, 0x6265,
    0x6266, 0x5A26, 0x49A5, 0x3923, 0x3103, 0x18A2, 0x0841, 0x0861,
    0x0861, 0x0841, 0x6288, 0x5A47, 0x5A07, 0x6A88, 0x72A8, 0x72E8,
    0x7B0B, 0x7B2C, 0x836C, 0x93EC, 0xA44C, 0xA44C, 0x9C2D, 0x9C2D,
    0x9C2D, 0x9C2D, 0x9C2D, 0x9C2D, 0x9C0D, 0x93CB, 0x8BAB, 0x83AB,
    0x8BCB, 0x940E, 0x9C50, 0xA490, 0x9C4E, 0xA48E, 0xB510, 0xB510,
    0xB511, 0xB510, 0xB531, 0xBD31, 0xBD31, 0xBD31, 0xBD30, 0xBD30,
    0xBD31, 0xB510, 0xB4EF, 0xB510, 0xB511, 0xB511, 0xB510, 0xBD11,
    0xBD31, 0xBD31, 0xBD31, 0xBD30, 0xB530, 0xBD30, 0xC531, 0xC531,
    0xC531, 0xBD31, 0xB4F0, 0xB4D0, 0xB511, 0xB531, 0xB531, 0xB510,
    0xB4F0, 0xACD0, 0xB4F0, 0xB530, 0xB530, 0xB530, 0xACF0, 0xAD0F,
    0xAD50, 0xAD51, 0xB531, 0xB551, 0xA4CF, 0x8C4D, 0x842D, 0x9CAF,
    0xA4B0, 0xA490, 0xA4D0, 0xACD0, 0xACAE, 0xAC8D, 0xA48D, 0xA46D,
    0xA44D, 0xA44D, 0xA46D, 0xA44D, 0xA42C, 0x9C0B, 0x8BEA, 0x93CA,
    0x9389, 0x8B68, 0x8348, 0x8328, 0x8308, 0x82E8, 0x82C8, 0x7AC7,
    0x72C7, 0x6A86, 0x6285, 0x6266, 0x5A05, 0x4984, 0x3923, 0x30E3,
    0x18A2, 0x0841, 0x0841, 0x0841, 0x0841, 0x6A88, 0x6AA8, 0x6AC8,
    0x62C8, 0x6AA8, 0x7AE9, 0x834A, 0x7B2A, 0x6AA9, 0x7288, 0x7AEA,
    0x9BEC, 0xAC8D, 0xAC6E, 0xA42E, 0x9BED, 0x93EC, 0x93EC, 0x93CC,
    0x8B8A, 0x8BAB, 0x9C0D, 0x9C4E, 0x942F, 0x942E, 0xA48D, 0x9C2C,
    0x9C2C, 0xB4AF, 0xBD31, 0xBD31, 0xB531, 0xB551, 0xBD51, 0xBD31,
    0xB511, 0xBD31, 0xBD52, 0xBD31, 0xBD0F, 0xBCEF, 0xBD31, 0xB531,
    0xB531, 0xBD51, 0xBD52, 0xB531, 0xB531, 0xBD31, 0xBD51, 0xBD51,
    0xBD11, 0xBCF0, 0xB4EF, 0xB4EF, 0xB510, 0xB511, 0xB511, 0xBD31,
    0xB531, 0xB531, 0xB510, 0xB511, 0xBD11, 0xBD11, 0xBD10, 0xB510,
    0xACEF, 0xACCF, 0xA4CF, 0xACF0, 0xA4F0, 0xA4F0, 0xACD0, 0xB4D0,
    0xACD1, 0x9CB1, 0x9C90, 0x948F, 0x948F, 0x9C8F, 0x9C8F, 0x9CAF,
    0xA48E, 0xA46D, 0xA46D, 0xA46D, 0xA44D, 0xA44C, 0xA44C, 0xA42C,
    0x9C2B, 0x8C0B, 0x8BEA, 0x8B89, 0x8B48, 0x8348, 0x7B27, 0x82E7,
    0x82E8, 0x82C8, 0x7AC7, 0x6AC6, 0x6AA6, 0x6A85, 0x6245, 0x51C5,
    0x4964, 0x3943, 0x3103, 0x1882, 0x0841, 0x0841, 0x0841, 0x0861,
    0x6247, 0x6287, 0x6AC9, 0x72E9, 0x7AE9, 0x7AC8, 0x72E8, 0x7B09,
    0x834A, 0x834A, 0x6AA8, 0x7AEA, 0x9C0D, 0xA44D, 0xA44D, 0x9C2D,
    0xA42D, 0xA42D, 0xA42D, 0x9BEC, 0x9BEC, 0x93EC, 0x8BED, 0x9C0D,
    0xA44E, 0xA48F, 0xA44E, 0xA42E, 0xAC8E, 0xB4EF, 0xBD10, 0xB4F0,
    0xB4F1, 0xB511, 0xBD31, 0xBD31, 0xB511, 0xB510, 0xB4EE, 0xBCEF,
    0xBD10, 0xB511, 0xB4F0, 0xB4F0, 0xB511, 0xB511, 0xBD31, 0xB531,
    0xB511, 0xB4F0, 0xB4EF, 0xBD0F, 0xB4EE, 0xB4EE, 0xB50F, 0xBD31,
    0xBD32, 0xBD31, 0xB531, 0xB531, 0xBD31, 0xBD31, 0xBD30, 0xB50F,
    0xBD10, 0xBD30, 0xBD30, 0xACEF, 0xACCF, 0xACD0, 0xACD0, 0xACD0,
    0xAD10, 0xB551, 0xB510, 0xACF0, 0xAD11, 0xA4F0, 0x9CAF, 0x948E,
    0x948E, 0x9CAF, 0x9CD0, 0xA4B0, 0xA4AE, 0xA48D, 0xA46D, 0xA44D,
    0xA42C, 0x9C2C, 0x9C0B, 0x9BEA, 0x8BEA, 0x8BEA, 0x8BAA, 0x9368,
    0x8B48, 0x8308, 0x7AC7, 0x82E8, 0x82E8, 0x7AC7, 0x6AA6, 0x6AA6,
    0x6A86, 0x6225, 0x5184, 0x4143, 0x4143, 0x30E3, 0x1882, 0x0841,
    0x1041, 0x0841, 0x0841, 0x6288, 0x72C9, 0x7B29, 0x6AE8, 0x62A8,
    0x62A8, 0x730A, 0x834B, 0x8309, 0x72C8, 0x6A88, 0x8B6B, 0xA48D,
    0x9C2B, 0x9BEC, 0xA40E, 0xAC6E, 0xA44E, 0x9C0D, 0x93CC, 0x93AB,
    0x93EB, 0x9C0D, 0xA46E, 0xA46E, 0x9C4D, 0xA46E, 0xB4D0, 0xBD11,
    0xB4CF, 0xACAF, 0xB4EF, 0xBD11, 0xB4F1, 0xACD0, 0xB4D0, 0xB4F0,
    0xBCF0, 0xB4EE, 0xBD10, 0xBD11, 0xACF0, 0xB4EF, 0xBD10, 0xBD11,
    0xACD0, 0xACD0, 0xB4F0, 0xB510, 0xB4EF, 0xB4CF, 0xB4F0, 0xB4EF,
    0xBD0F, 0xBD31, 0xBD32, 0xBD11, 0xBD11, 0xBD31, 0xBD31, 0xBD31,
    0xBD31, 0xB530, 0xB50F, 0xBD10, 0xBD30, 0xBD30, 0xB4EF, 0xACEF,
    0xACEF, 0xACCF, 0xACCF, 0xB510, 0xB530, 0xBD31, 0xB4F0, 0xA4CF,
    0x94CF, 0x94CF, 0x9CCF, 0x9CCF, 0x9CD0, 0x9CD1, 0xA4F1, 0xA4AF,
    0xA46E, 0xA44D, 0x9C2C, 0x9C2C, 0xA42C, 0xA40B, 0x93EA, 0x8BEA,
    0x93EB, 0x93CA, 0x9368, 0x8327, 0x7AE7, 0x7AC8, 0x82E8, 0x7AE8,
    0x72C7, 0x6AA5, 0x72C6, 0x6AA6, 0x5A05, 0x4984, 0x4143, 0x3923,
    0x28E2, 0x1882, 0x0841, 0x1061, 0x0861, 0x0841, 0x6A87, 0x5A26,
    0x49A5, 0x41C6, 0x5A68, 0x7AEA, 0x82E9, 0x7AC8, 0x6AC9, 0x734B,
    0x8BEC, 0x9C2C, 0x9BEC, 0x93AD, 0x9C0E, 0xA46E, 0xA44D, 0x9C0D,
    0x93ED, 0x93CC, 0x93CB, 0x93CB, 0x93CC, 0x9C0D, 0xA44E, 0xAC8E,
    0xACAF, 0xACAF, 0xAC8E, 0xA46E, 0xA48F, 0xACF0, 0xB4F0, 0xB531,
    0xB531, 0xB511, 0xBD11, 0xBD10, 0xB4CF, 0xB4F0, 0xACF0, 0xACCF,
    0xACAF, 0xACF0, 0xB531, 0xB531, 0xB511, 0xB511, 0xBD31, 0xB510,
    0xB4CF, 0xB4CE, 0xBD0E, 0xBD10, 0xBD11, 0xBD12, 0xBD32, 0xBD32,
    0xBD31, 0xBD31, 0xBD31, 0xBD11, 0xBD31, 0xBD31, 0xBD31, 0xBD31,
    0xB530, 0xB510, 0xB4EF, 0xB4CE, 0xB4EF, 0xACCE, 0xACEE, 0xAD0E,
    0xB4EF, 0xB50F, 0xA510, 0xA4F1, 0x9CF1, 0x9CD0, 0x9CB0, 0xA4F0,
    0xA50F, 0x9D2F, 0xA4AE, 0xA42C, 0x9C2C, 0x9C0C, 0x9C2C, 0xA42C,
    0xA42B, 0x9C0B, 0x93EA, 0x93EB, 0x93A9, 0x8B48, 0x8307, 0x7AE7,
    0x8308, 0x8308, 0x7AC8, 0x72A7, 0x6A86, 0x72A6, 0x6A86, 0x5A05,
    0x51A5, 0x4964, 0x3102, 0x28C2, 0x1862, 0x0841, 0x1061, 0x1041,
    0x0841, 0x5A06, 0x5207, 0x6249, 0x72C9, 0x7B29, 0x7B49, 0x7B4B,
    0x8BAE, 0x93EF, 0x9C0D, 0x9BEB, 0x9BCC, 0x9BEE, 0xA42E, 0xA46E,
    0xA48E, 0xA44D, 0x9C0C, 0xA3ED, 0xA44F, 0x9C4E, 0x9C2D, 0x9C2D,
    0x9C4E, 0xA46F, 0xA46E, 0xA44E, 0xA44E, 0xB4AF, 0xACCF, 0xACD0,
    0xACD0, 0xAC8E, 0xAC8E, 0xACAF, 0xACAF, 0xBD2F, 0xBD30, 0xB4D0,
    0xB4B0, 0xB4D0, 0xACF0, 0xACD0, 0xAC8F, 0xAC8E, 0xAC8E, 0xACAF,
    0xB4CF, 0xBD0F, 0xBD10, 0xBCF0, 0xB4EE, 0xB4EE, 0xBCF0, 0xBD11,
    0xBD51, 0xBD51, 0xBD11, 0xB4F1, 0xB531, 0xBD52, 0xBD32, 0xBD31,
    0xBD31, 0xBD11, 0xBD10, 0xB50F, 0xB510, 0xACAE, 0xAC8D, 0xACCE,
    0xB4EF, 0xB4EF, 0xB4CF, 0xB4EF, 0xACEE, 0x9CCE, 0xA510, 0xA4F0,
    0x9CB0, 0x9CB0, 0xA4F0, 0xA52F, 0xA4EF, 0xA48E, 0xA46D, 0xA48C,
    0xA46C, 0xA42C, 0x9BEB, 0xA42C, 0x9C2C, 0x940B, 0x93CA, 0x8B69,
    0x8B68, 0x8328, 0x8328, 0x8328, 0x8308, 0x72A7, 0x6A66, 0x7286,
    0x6A46, 0x6A45, 0x6225, 0x61E6, 0x5165, 0x30E2, 0x28A2, 0x1882,
    0x0841, 0x1061, 0x0841, 0x0841, 0x6A89, 0x7B0A, 0x8B6A, 0x7308,
    0x72E9, 0x7B0B, 0x8B8C, 0x9BED, 0x93EB, 0x83AB, 0x8BCC, 0x9C0D,
    0x9C0D, 0x9C0D, 0x9C4D, 0xA46E, 0xAC6E, 0xA42D, 0x93ED, 0x9C4E,
    0x9C4E, 0x9C6F, 0xA48F, 0xA48E, 0xA48E, 0xAC8E, 0xAC8F, 0xAC8E,
    0xACAF, 0xAC8E, 0xACAF, 0xB4F0, 0xBCF0, 0xB4CF, 0xB4AE, 0xACAF,
    0xBCEF, 0xBCEF, 0xA44E, 0xAC6D, 0xACAE, 0xACCF, 0xACD0, 0xB4F0,
    0xBCF0, 0xB4CF, 0xACAE, 0xB4CF, 0xB4CF, 0xBCEF, 0xB4CF, 0xB4CE,
    0xB4EF, 0xBD11, 0xBD32, 0xBD31, 0xBD11, 0xBD11, 0xBD31, 0xBD31,
    0xBD10, 0xB510, 0xBD10, 0xBCF0, 0xB4CF, 0xB4CF, 0xB4F0, 0xB4CF,
    0xAC8E, 0xACAE, 0xB4CF, 0xB4CF, 0xB4EF, 0xB50F, 0xB510, 0xB530,
    0xAD50, 0xAD70, 0xAD30, 0xAD30, 0xB5B1, 0xAD90, 0xA4CE, 0xA46D,
    0xA4AE, 0xA4CF, 0x9C6D, 0x9C2C, 0xA40B, 0xA40B, 0xA42B, 0x9C2B,
    0x940B, 0x93AA, 0x8B89, 0x8B89, 0x8B88, 0x8348, 0x7B07, 0x7AC7,
    0x6A86, 0x6A86, 0x72C7, 0x7286, 0x6245, 0x5A05, 0x59C6, 0x5185,
    0x3102, 0x28C2, 0x1882, 0x0841, 0x1061, 0x0861, 0x0841, 0x5246,
    0x6AE9, 0x8BAC, 0x8B6C, 0x93CD, 0xA44E, 0xA44D, 0x9C2D, 0x8BCC,
    0x836C, 0x8B8C, 0x93CB, 0x8BCB, 0x93CC, 0x9C2C, 0xA46D, 0xA46E,
    0xA46E, 0x9C4E, 0x9C2E, 0x9C2D, 0x9C4D, 0x944D, 0x9C4D, 0xA44D,
    0xAC8E, 0xB4D0, 0xB511, 0xB4F0, 0xACAF, 0xACAF, 0xACCF, 0xACCF,
    0xB4CF, 0xB4AF, 0xB4AF, 0xB4AF, 0xAC8E, 0xA44D, 0xAC8E, 0xB4CF,
    0xACD0, 0xACB0, 0xACCF, 0xACCF, 0xB4CF, 0xB4AF, 0xACAE, 0xAC8E,
    0xB48E, 0xB4AF, 0xBCCF, 0xBCEF, 0xBCEF, 0xB4F0, 0xB4F0, 0xB511,
    0xBD31, 0xBD10, 0xBCF0, 0xBCF0, 0xB4CF, 0xB4CF, 0xBCCF, 0xBCCF,
    0xB4CF, 0xB4CF, 0xACAE, 0xACAE, 0xACAE, 0xB4CF, 0xACCF, 0xACCF,
    0xB4EF, 0xB510, 0xB551, 0xBD91, 0xBD91, 0xBD92, 0xB5B2, 0xBDB1,
    0xB50F, 0xA44C, 0x9C4C, 0x9CAE, 0x9C6E, 0x8BCC, 0x93CB, 0x9C2B,
    0xA44C, 0xA44B, 0xA40B, 0x9BEB, 0x93CA, 0x8BA9, 0x8B89, 0x8B88,
    0x8327, 0x7AC7, 0x7AC7, 0x7286, 0x6A86, 0x72C7, 0x7AA7, 0x6A46,
    0x49C4, 0x51C4, 0x51A5, 0x3924, 0x28C2, 0x1061, 0x0841, 0x1061,
    0x0861, 0x0841, 0x6248, 0x51E6, 0x49C5, 0x5226, 0x6288, 0x6268,
    0x5A26, 0x6AA8, 0x836B, 0x940E, 0xA44F, 0xA44E, 0xA44E, 0x9C2D,
    0x9C0C, 0xA44D, 0xAC8E, 0xA48F, 0x9C4E, 0x9C2E, 0x9C4E, 0x9C4E,
    0xA46F, 0xA48E, 0xAC8E, 0xA46E, 0xA46D, 0xA46D, 0xAC8E, 0xB4CF,
    0xACD0, 0xACB0, 0xB4B0, 0xB4AF, 0xAC8E, 0xAC8E, 0xAC8E, 0xB4AE,
    0xAC8E, 0xAC8E, 0xB4AF, 0xACCF, 0xACB0, 0xB4B0, 0xB4B0, 0xAC8F,
    0xAC6E, 0xAC6E, 0xB48E, 0xB4CF, 0xB4CF, 0xB4CF, 0xB4AF, 0xB48E,
    0xBCCF, 0xB4EF, 0xB4EF, 0xBCF0, 0xB4AF, 0xB48F, 0xB4CF, 0xBCCF,
    0xBCCF, 0xB4CF, 0xBCF0, 0xB4CF, 0xACAE, 0xACAE, 0xACAE, 0xACAE,
    0xB4CF, 0xB510, 0xBD10, 0xB50F, 0xB4EF, 0xB4F0, 0xBD50, 0xB530,
    0xB571, 0xBD71, 0xB4EF, 0xA46D, 0x944D, 0x946D, 0x944D, 0x8C0E,
    0x93EC, 0x93EB, 0x9C0B, 0xA42C, 0xA42B, 0x9C0B, 0x93EB, 0x93CA,
    0x8BA9, 0x8BA9, 0x8367, 0x7B07, 0x7AC7, 0x7AC8, 0x72A6, 0x6A86,
    0x72A7, 0x72A7, 0x6A66, 0x49C4, 0x59E5, 0x59E5, 0x4144, 0x20A2,
    0x1041, 0x1041, 0x1061, 0x0841, 0x0841, 0x730A, 0x7309, 0x72E9,
    0x6AA8, 0x6288, 0x5A46, 0x5226, 0x5A26, 0x5A06, 0x51E6, 0x51C6,
    0x72C9, 0x93EE, 0x93EE, 0x8BED, 0x8BEC, 0x93EC, 0x9C4D, 0xA46E,
    0xA44E, 0xA44E, 0xA44E, 0x9C4F, 0x9C4E, 0x9C4D, 0x9C2D, 0x9C2D,
    0x9C2E, 0x9C6E, 0xA48F, 0xAC8F, 0xA46E, 0xA44D, 0xA42C, 0xA46E,
    0xB4AF, 0xB48E, 0xAC6E, 0xA48E, 0xAC8F, 0xAC8F, 0xA48F, 0xACAF,
    0xA46D, 0xA42C, 0xA44D, 0xAC8E, 0xB4AF, 0xAC6E, 0xAC6E, 0xB46E,
    0xB48E, 0xB48E, 0xB48E, 0xB48E, 0xB4AE, 0xB4CF, 0xBCEF, 0xBCF0,
    0xBCD0, 0xBCCF, 0xBCF0, 0xBCF0, 0xBCEF, 0xB4EF, 0xB4EF, 0xB4CF,
    0xB4AF, 0xB4CF, 0xB4CF, 0xB4CF, 0xB4AF, 0xB4CF, 0xB4EF, 0xB510,
    0xBD0F, 0xBD0F, 0xACAF, 0xB4EF, 0xB50F, 0x9C6C, 0x940C, 0x942E,
    0x9C4E, 0x944D, 0x942D, 0x9C4D, 0x9C2C, 0x9C0B, 0x9BEB, 0x9C0B,
    0x9BEB, 0x93CB, 0x8B89, 0x8B88, 0x8B89, 0x8347, 0x7B07, 0x7AE7,
    0x8308, 0x72C7, 0x6A86, 0x7286, 0x72A6, 0x6A46, 0x49A4, 0x59E5,
    0x59C5, 0x4923, 0x2082, 0x1042, 0x1062, 0x1041, 0x0841, 0x0842,
    0x6288, 0x6AA8, 0x72C9, 0x72C8, 0x6AC8, 0x730A, 0x836D, 0x832C,
    0x7AEA, 0x6A88, 0x4143, 0x4985, 0x72EB, 0x8BCE, 0x940D, 0x8BEB,
    0xA42D, 0xA48F, 0xA48F, 0xA46F, 0x9C2E, 0x940D, 0x940D, 0x940D,
    0x942D, 0x942D, 0x9C2D, 0x9C2D, 0x940D, 0x93EE, 0x9C2E, 0xA46E,
    0xA44D, 0xA44D, 0xAC8E, 0xB4EF, 0xB4CE, 0xA46D, 0x9C2E, 0x9C2E,
    0x9C2D, 0x940D, 0xA46E, 0xA46D, 0xA44D, 0xAC6E, 0xB4AF, 0xB4CF,
    0xAC8E, 0xAC6E, 0xB48E, 0xB48E, 0xB48E, 0xB48E, 0xB46E, 0xB4AF,
    0xBD0F, 0xBD0F, 0xBCEF, 0xBCEF, 0xB4EF, 0xBCF0, 0xBCF0, 0xBCF0,
    0xB4F0, 0xBCEF, 0xBCEF, 0xB4EF, 0xB4AF, 0xB4AF, 0xB4CF, 0xB4CF,
    0xACCF, 0xACEF, 0xB50F, 0xB510, 0xB510, 0xB4F0, 0xAC8D, 0x9C2A,
    0x8BAB, 0x8BAD, 0x940E, 0x9C6E, 0x9C8E, 0x944D, 0x942C, 0x940B,
    0x93EB, 0x93AA, 0x9BEB, 0x9C0C, 0x93EB, 0x8388, 0x8387, 0x8B88,
    0x8347, 0x8327, 0x7AE7, 0x7AC6, 0x72C6, 0x72A6, 0x6A86, 0x6A66,
    0x6225, 0x51C4, 0x51E5, 0x51C5, 0x4102, 0x2061, 0x0841, 0x1082,
    0x1061, 0x0841, 0x0842, 0x6288, 0x6AE9, 0x7309, 0x62A8, 0x6288,
    0x72E9, 0x836A, 0x838B, 0x834A, 0x7B0A, 0x6248, 0x6227, 0x6A87,
    0x836A, 0x9C4E, 0xB4F1, 0xBD11, 0xACAF, 0x9C2E, 0x9C4D, 0xAC8E,
    0xACAF, 0xA46E, 0xA46E, 0xA46E, 0xA46E, 0xA48F, 0xA48F, 0xACB0,
    0xA4AF, 0x9C4E, 0x93AD, 0x938D, 0x93AC, 0x9C2C, 0xB4AE, 0xBD10,
    0xACCF, 0xA42D, 0x9C2D, 0xA48E, 0xA48F, 0x9C0E, 0x938D, 0x938C,
    0x93CC, 0xA44D, 0xB4CF, 0xB4EF, 0xB4CF, 0xB48E, 0xB48E, 0xAC6E,
    0xAC8E, 0xAC8E, 0xB4AE, 0xB4AF, 0xB4CF, 0xBCEF, 0xB4EF, 0xB4EF,
    0xBCF0, 0xBD10, 0xBCEF, 0xB4CF, 0xB4CF, 0xB4CF, 0xB4EF, 0xB4CF,
    0xACAE, 0xACCF, 0xB4EF, 0xB4EF, 0xB50F, 0xB4EF, 0xB4CF, 0xB4F0,
    0xB50F, 0xA4AC, 0x93EA, 0x834C, 0x8BAD, 0x944D, 0x9C8E, 0x9C6E,
    0x9C4E, 0x942C, 0x940B, 0x93EA, 0x93AA, 0x9C0B, 0x9C0C, 0x93CA,
    0x8B89, 0x8B87, 0x8B87, 0x8B67, 0x8327, 0x7AE7, 0x72A6, 0x72C6,
    0x72A6, 0x6A85, 0x6A65, 0x6225, 0x51E4, 0x51C5, 0x51A4, 0x4103,
    0x2061, 0x1041, 0x1062, 0x1061, 0x0841, 0x0842, 0x6267, 0x6268,
    0x6A89, 0x72EA, 0x7B0A, 0x7AEA, 0x72EA, 0x732A, 0x7B6A, 0x7B6A,
    0x7B49, 0x7B09, 0x7B2B, 0x8BCF, 0xA470, 0xA46F, 0x9C0D, 0x9C2D,
    0x9C4D, 0x944D, 0x9C4D, 0xA46E, 0xA46E, 0xA46E, 0xA46E, 0xA46E,
    0xACAF, 0xACD0, 0xACD0, 0xACAE, 0xA46D, 0xA44D, 0xAC8E, 0xACAE,
    0xAC8D, 0xAC8E, 0xACAE, 0xAC8E, 0xA44D, 0xA48E, 0xACCF, 0xACAE,
    0xA46D, 0xA46D, 0xACAE, 0xAC8D, 0xAC8E, 0xAC6E, 0xAC8E, 0xB4AE,
    0xB4AE, 0xAC8D, 0xA46C, 0xA46D, 0xB4AE, 0xB4AF, 0xB4AE, 0xB48E,
    0xB4AE, 0xB4CF, 0xB4D0, 0xB4F0, 0xBCF0, 0xB4EF, 0xBCF0, 0xB4CF,
    0xAC8E, 0xA46D, 0xAC8E, 0xACCF, 0xACAF, 0xACCF, 0xB4CF, 0xACCE,
    0xA4CF, 0xACF0, 0xB4F0, 0xACED, 0x9C4A, 0x8BAA, 0x83AC, 0x8C2D,
    0x9C8D, 0x9C6E, 0x9C4E, 0x942D, 0x942C, 0x940B, 0x940B, 0x940B,
    0x940B, 0x8BCB, 0x8B6A, 0x8B69, 0x8B88, 0x8B87, 0x8B67, 0x8327,
    0x8308, 0x7AE7, 0x7B07, 0x7AE7, 0x7286, 0x6A45, 0x6225, 0x51E4,
    0x51A4, 0x5183, 0x4143, 0x20A2, 0x1061, 0x0862, 0x1041, 0x0841,
    0x0842, 0x7AE9, 0x72C9, 0x6ACA, 0x7AEA, 0x732A, 0x6B2A, 0x6B29,
    0x7309, 0x7B09, 0x8329, 0x838B, 0x730B, 0x6A89, 0x730A, 0x83AB,
    0x940B, 0x9C0C, 0xA44D, 0x9C4E, 0x9C2E, 0x940D, 0x942D, 0x9C4D,
    0x9C6E, 0xACAF, 0xACD0, 0xACAF, 0xA48F, 0xA48E, 0xA46E, 0xA4AF,
    0xACEF, 0xB510, 0xB510, 0xB4F0, 0xB4B0, 0xAC6E, 0xA44D, 0xA44D,
    0xA46E, 0xA48E, 0xA48F, 0xACCF, 0xB4F0, 0xB511, 0xB4F0, 0xB4D0,
    0xB4AF, 0xAC8E, 0xAC8E, 0xB48E, 0xAC8D, 0xAC8D, 0xAC8D, 0xAC6D,
    0xAC8E, 0xB4AE, 0xB4AF, 0xB4AF, 0xB4CF, 0xBCCF, 0xB4EF, 0xB4D0,
    0xBCCF, 0xBCD0, 0xB4CF, 0xB4CF, 0xACAE, 0xAC8E, 0xAC8E, 0xACAE,
    0xACCF, 0xACAF, 0xAC8E, 0xACD0, 0xAD10, 0xA4ED, 0x9449, 0x8368,
    0x836A, 0x8C0E, 0x946F, 0x944E, 0x944E, 0x9C4D, 0x9C4C, 0x9C2B,
    0x940B, 0x940C, 0x9C0B, 0x93EB, 0x8B8A, 0x834A, 0x8B8A, 0x8B88,
    0x8367, 0x8B67, 0x8B47, 0x8B08, 0x7B07, 0x72C7, 0x7AA6, 0x7AC6,
    0x6A65, 0x5A25, 0x51E5, 0x51A4, 0x5163, 0x3943, 0x28C2, 0x1062,
    0x0842, 0x0841, 0x0841, 0x0862, 0x6268, 0x5A67, 0x5AA8, 0x6B09,
    0x6B2A, 0x6B29, 0x7B09, 0x832A, 0x836B, 0x8B8B, 0x93AD, 0x8B6C,
    0x72C9, 0x62C9, 0x7B6C, 0xA44F, 0xAC6E, 0xA44D, 0x940D, 0x9C0D,
    0x9C4E, 0x9C4E, 0x9C2D, 0x942D, 0x942D, 0x9C4D, 0xA44D, 0xA48E,
    0xACCF, 0xA48E, 0x9C6E, 0x9C4E, 0x9C4D, 0x9C4D, 0xA46E, 0xB4AF,
    0xB4AF, 0xAC8E, 0xA46E, 0xA46E, 0xA48E, 0xA48E, 0xA46E, 0x9C4D,
    0x9C4D, 0x9C4D, 0xAC8E, 0xB4AF, 0xB4AF, 0xAC8E, 0xAC8C, 0xA46C,
    0xAC6D, 0xAC8E, 0xAC6D, 0xAC8D, 0xB4AE, 0xB4AE, 0xB4CE, 0xB4CE,
    0xBCCE, 0xBCCF, 0xBCCF, 0xB4CF, 0xB4CF, 0xBCEF, 0xBCEF, 0xB4CE,
    0xA46D, 0xA46D, 0xACAE, 0xB4EF, 0xACEF, 0xACEF, 0xB50F, 0xB50E,
    0x9C6B, 0x7B4A, 0x832B, 0x940D, 0x944E, 0x9490, 0x946F, 0x8C0D,
    0x83CB, 0x8BEB, 0x9C2C, 0x9C2C, 0x940C, 0x93EB, 0x93CB, 0x93AA,
    0x8B8A, 0x93AA, 0x8BA9, 0x8B87, 0x8B67, 0x8B47, 0x8327, 0x7AE7,
    0x6A86, 0x6A65, 0x7AC6, 0x6A66, 0x5205, 0x51E4, 0x51A4, 0x5164,
    0x3923, 0x28E2, 0x1882, 0x1042, 0x0841, 0x0841, 0x0862, 0x72C8,
    0x7AE7, 0x7AE7, 0x7AA8, 0x7AE7, 0x8368, 0x838A, 0x836B, 0x7B2A,
    0x7B4A, 0x8B8C, 0x8B8C, 0x838C, 0x93EF, 0xA44F, 0xA46D, 0x9C2D,
    0x9C2E, 0x9C2E, 0x9C2E, 0x9C2D, 0x9C2D, 0x942D, 0x9C4D, 0x9C4D,
    0x9C2D, 0x940C, 0x9C2C, 0xA46E, 0xA48E, 0xA48E, 0xAC8E, 0xACCF,
    0xACCF, 0xACAF, 0xAC6E, 0xB4AF, 0xB4CF, 0xACEF, 0xACAF, 0xA46E,
    0xA46E, 0xA46E, 0xACAF, 0xACCF, 0xACCF, 0xACAF, 0xAC8E, 0xB48F,
    0xAC8E, 0xAC6D, 0xA42C, 0xA40C, 0xA42D, 0xAC6C, 0xAC8D, 0xB4AE,
    0xB4CF, 0xB4CF, 0xB4CF, 0xB4CF, 0xB4CE, 0xB4CF, 0xBCEF, 0xB4AF,
    0xB48F, 0xACAE, 0xACAE, 0xAC8E, 0xAC6E, 0xACAE, 0xACAE, 0xB4CE,
    0xB4CE, 0xACCE, 0xA48D, 0x9C6C, 0x9C6D, 0x8BEC, 0x7B8A, 0x7BAB,
    0x8C0D, 0x942E, 0x8C2E, 0x8C0D, 0x8C0D, 0x942C, 0x940B, 0x9BEB,
    0x9BCB, 0x93CB, 0x93CB, 0x9BCB, 0x93AA, 0x93A9, 0x9388, 0x8B67,
    0x8B47, 0x8307, 0x7AA6, 0x7265, 0x7285, 0x7AC6, 0x6A66, 0x59E5,
    0x51E4, 0x59C4, 0x51A4, 0x3923, 0x28C2, 0x1862, 0x1042, 0x0841,
    0x0841, 0x0862, 0x6A88, 0x6287, 0x62A6, 0x72E7, 0x7AC8, 0x82E8,
    0x8368, 0x8BAA, 0x93AC, 0x836B, 0x7B29, 0x72A8, 0x6AA9, 0x736F,
    0x8C50, 0xACAF, 0xA44D, 0x93ED, 0x8BCD, 0x8C0D, 0x944D, 0x942D,
    0x942D, 0x9C2E, 0x9C2E, 0x9C2D, 0x9C2D, 0x9C4D, 0xA46E, 0xA48E,
    0xA46E, 0xA48E, 0xACAF, 0xB4CF, 0xACAF, 0xAC4D, 0xAC6E, 0xACAF,
    0xA4AF, 0xA48E, 0xA44D, 0xA48E, 0xA46E, 0xA48F, 0xB4CF, 0xB4AF,
    0xAC8F, 0xA46E, 0xAC6E, 0xAC6D, 0xA44D, 0xA44D, 0xAC6D, 0xAC8D,
    0xAC8D, 0xAC6C, 0xA46C, 0xA46D, 0xAC6E, 0xB4AE, 0xB4CE, 0xB4CF,
    0xB4CE, 0xB4AE, 0xAC8E, 0xAC6E, 0xAC6E, 0xAC6D, 0xA46D, 0xAC6E,
    0xACAE, 0xACAE, 0xACAE, 0xACAE, 0xACAE, 0xACAD, 0xACAC, 0xA48C,
    0x9C2B, 0x93EC, 0x8BEB, 0x8BEC, 0x8C0D, 0x8C2E, 0x8C2E, 0x8C0D,
    0x8C2C, 0x942C, 0x9C0B, 0xA3EB, 0x9BAA, 0x9BCA, 0x9C0B, 0x9BCA,
    0x9388, 0x8B87, 0x8B87, 0x8B47, 0x82E7, 0x7AE7, 0x72A6, 0x7285,
    0x7AA6, 0x6A66, 0x5A05, 0x51C4, 0x59C4, 0x51A4, 0x3923, 0x28A2,
    0x1062, 0x1042, 0x1041, 0x0841, 0x0862, 0x6A87, 0x5A27, 0x5207,
    0x5A87, 0x62A8, 0x6AE9, 0x732A, 0x7B4A, 0x8B6A, 0x936B, 0x8B6D,
    0x7ACA, 0x6227, 0x5A6A, 0x736E, 0x9450, 0x942D, 0x942D, 0x9C4E,
    0xA46F, 0x9C4E, 0x9C4E, 0x9C2E, 0x9C4E, 0xA46E, 0xA46E, 0xAC8F,
    0xA48E, 0x9C8D, 0xA48E, 0xA4AE, 0xACAF, 0xAC8E, 0xA48E, 0xAC8E,
    0xAC6E, 0xACAE, 0xACCF, 0xAC8F, 0xA44D, 0x9C4D, 0xA4AE, 0xA4AF,
    0xA48E, 0xAC8E, 0xAC6E, 0xAC8F, 0xACAE, 0xAC8E, 0xAC4D, 0xA42C,
    0xA44C, 0xAC8D, 0xAC8E, 0xAC6D, 0xAC6D, 0xAC6D, 0xAC6D, 0xAC8D,
    0xB48E, 0xB4AE, 0xB4CE, 0xB4CE, 0xB4AF, 0xACCF, 0xACAE, 0xAC6E,
    0xAC6E, 0xA44D, 0xA44D, 0xA46D, 0xA48E, 0xA4AE, 0xA4CE, 0xB50F,
    0xBD10, 0xBCEF, 0xA48C, 0xA48C, 0xACAD, 0x942B, 0x942B, 0x944C,
    0x83EC, 0x736A, 0x736A, 0x7BCC, 0x83AB, 0x83AA, 0x93EB, 0x9BAA,
    0xA3AA, 0xA40B, 0x93A9, 0x8B88, 0x9388, 0x9387, 0x8B47, 0x82E7,
    0x7AC7, 0x7AC6, 0x7AA6, 0x7286, 0x6A66, 0x6225, 0x51C4, 0x51A4,
    0x51A4, 0x4143, 0x28C2, 0x1862, 0x1042, 0x1041, 0x0841, 0x0862,
    0x62A7, 0x62A7, 0x62A7, 0x7AC9, 0x72A8, 0x72E8, 0x834A, 0x93AC,
    0x8B6B, 0x7B08, 0x8349, 0x836A, 0x836B, 0x8329, 0x7AE8, 0x7B2A,
    0x93ED, 0xAC8F, 0xA46F, 0x9C4E, 0x942D, 0x9C2D, 0x9C4E, 0xA46E,
    0xA44E, 0xA44E, 0xA46E, 0xA48E, 0xAC8F, 0xACAF, 0xA48F, 0xA48E,
    0xA48F, 0xAC6E, 0xA46D, 0xA44D, 0xACAF, 0xB4EF, 0xB4CE, 0xAC8E,
    0xA46F, 0xA4AF, 0xA48F, 0xA48E, 0xA48E, 0xA46D, 0xAC6D, 0xAC8E,
    0xAC8E, 0xAC6D, 0xAC4D, 0xAC4D, 0xAC6D, 0xAC8E, 0xB4AF, 0xAC8E,
    0xAC6D, 0xAC6D, 0xAC8E, 0xB4AE, 0xACAF, 0xACAE, 0xB4CF, 0xB4CF,
    0xB4AE, 0xB4AE, 0xACAE, 0xACAE, 0xAC6E, 0xA44E, 0xA48E, 0xACAE,
    0xACAE, 0xA46D, 0xA46E, 0xA4AE, 0xB4CF, 0xB4AE, 0xB4CE, 0xB4EE,
    0xA4AE, 0xA48D, 0x9C2B, 0x8BCA, 0x7BCB, 0x7BEC, 0x840C, 0x83CC,
    0x8BCC, 0x8BCB, 0x8BC9, 0x9BC9, 0xA3CA, 0x8BA9, 0x8BA9, 0x9BA9,
    0x8B47, 0x82E6, 0x7AA6, 0x7AC6, 0x7AC6, 0x72A6, 0x6A66, 0x6246,
    0x6226, 0x51C4, 0x51A4, 0x51A4, 0x4963, 0x30E2, 0x1862, 0x0842,
    0x0841, 0x0841, 0x0862, 0x6AA8, 0x5A46, 0x5A45, 0x72E8, 0x7B09,
    0x7B09, 0x7B49, 0x8BAA, 0x8B8B, 0x834B, 0x834B, 0x8B6B, 0x8B8B,
    0x93CC, 0x8BAC, 0x838C, 0x93ED, 0x9C2E, 0x9C2E, 0xA44F, 0xA46F,
    0xA44E, 0x940D, 0x940D, 0xA42E, 0xA46E, 0xACAF, 0xA4AE, 0xA48E,
    0xA4AE, 0xACAF, 0xACAF, 0xAC8F, 0xACAF, 0xAC8E, 0xA42C, 0xA44D,
    0xACAF, 0xBCEF, 0xACAE, 0xA48E, 0xACAF, 0xACAF, 0xACAF, 0xAC8E,
    0xAC8E, 0xAC6D, 0xA42D, 0xAC4D, 0xAC6D, 0xAC6D, 0xAC6D, 0xAC4D,
    0xAC6D, 0xB48E, 0xAC4E, 0xA44D, 0xAC6D, 0xB48E, 0xB4AE, 0xB4CF,
    0xB4EF, 0xB4EF, 0xB4CF, 0xB4AD, 0xAC8D, 0xAC8E, 0xAC8E, 0xAC8D,
    0xAC6D, 0xA42D, 0xA46E, 0xACAE, 0xACAE, 0xACCE, 0xACCF, 0xACCF,
    0xACAE, 0xAC8D, 0xAC8D, 0xAC8E, 0xA4AE, 0xA4CE, 0xACAE, 0x9C2C,
    0x83AB, 0x83AB, 0x83EC, 0x8BEC, 0x8B8A, 0x8BA9, 0x93E9, 0x9BEA,
    0x93A9, 0x9388, 0x9367, 0x8AE6, 0x82C6, 0x82C6, 0x7AA6, 0x72A6,
    0x6A65, 0x6205, 0x6226, 0x5A25, 0x51C4, 0x51A4, 0x51C5, 0x4984,
    0x3103, 0x1882, 0x0822, 0x1041, 0x1041, 0x0861, 0x72C8, 0x6287,
    0x5A47, 0x6AC7, 0x72E7, 0x7307, 0x7B08, 0x836A, 0x93AB, 0x9BEC,
    0x93CC, 0x93AB, 0x9BCC, 0xA40D, 0x9C2E, 0x9C2D, 0x9C4E, 0xA46F,
    0xA46F, 0xA44E, 0xA46E, 0xA4AF, 0xAC8F, 0xAC6F, 0xA44E, 0xA46E,
    0xA48E, 0xA48E, 0xA46E, 0xA46E, 0xACCE, 0xB4EF, 0xAC8F, 0xACAF,
    0xACCF, 0xB4AF, 0xAC8E, 0xAC8E, 0xACAF, 0xA46E, 0xA46E, 0xACAE,
    0xB4CF, 0xB4CF, 0xAC8F, 0xACAF, 0xACCF, 0xB4AF, 0xB48E, 0xAC6E,
    0xAC6D, 0xAC4D, 0xAC6D, 0xAC6D, 0xAC6D, 0xB48D, 0xB4AD, 0xB4CD,
    0xAC8E, 0xAC8E, 0xB4AE, 0xB4CF, 0xACAF, 0xAC6E, 0xAC8D, 0xB48D,
    0xB4AD, 0xB4AE, 0xAC8E, 0xA40C, 0x9B8B, 0xA3EC, 0xACAE, 0xACEF,
    0xB50F, 0xB4EF, 0xACCF, 0xACCE, 0xACAE, 0xA46D, 0xA46D, 0xA46D,
    0xA46D, 0xACAF, 0xACCE, 0xA46D, 0x8BCA, 0x7B8A, 0x83AB, 0x93AB,
    0x93CB, 0x93CA, 0x93C9, 0x93C8, 0x8BC8, 0x9388, 0x8B08, 0x8AE7,
    0x82C7, 0x7AC6, 0x7285, 0x6225, 0x6205, 0x5A05, 0x51E5, 0x49A3,
    0x51A4, 0x51C5, 0x4983, 0x3103, 0x1862, 0x0821, 0x1041, 0x1041,
    0x0841, 0x72E9, 0x72A8, 0x72A8, 0x8309, 0x8329, 0x7B29, 0x7B28,
    0x8329, 0x8B4A, 0x938B, 0x93CC, 0x93EC, 0x93EC, 0x93EC, 0x9C2D,
    0x9C4E, 0x9C4E, 0xA44E, 0xA44E, 0x9C4E, 0xA48F, 0xACAF, 0xAC8E,
    0xA46E, 0xA42E, 0xA42E, 0x9C2D, 0x9C4D, 0xA48E, 0xB4B0, 0xB4B0,
    0xACCF, 0xACAF, 0xAC8F, 0xA48E, 0xAC8E, 0xAC8E, 0xA48E, 0xAC8F,
    0xA46E, 0xAC8F, 0xB4B0, 0xB4B0, 0xACAF, 0xACAF, 0xAC8F, 0xA48E,
    0xAC8D, 0xAC8D, 0xB48E, 0xB48E, 0xAC4D, 0xAC6D, 0xAC6E, 0xAC6D,
    0xAC6E, 0xB4AE, 0xBCCE, 0xAC8D, 0xA44C, 0xA44D, 0xAC6E, 0xAC8E,
    0xAC6D, 0xAC6C, 0xAC4C, 0xAC4D, 0xAC6D, 0xAC6D, 0xA42D, 0x9BCB,
    0xA3EC, 0xAC6D, 0xACCE, 0xB4EF, 0xB4EF, 0xB4EF, 0xAC8E, 0xAC8E,
    0xAC8E, 0xAC8D, 0xA46D, 0xA46D, 0xA46D, 0xA48E, 0xA48E, 0x9C4D,
    0x8BCA, 0x8389, 0x8BA9, 0x93EC, 0x93CB, 0x8B89, 0x8B89, 0x8BA9,
    0x9388, 0x8B08, 0x8AC7, 0x82C7, 0x82E6, 0x72A6, 0x6225, 0x59E5,
    0x51C5, 0x51C4, 0x49A3, 0x4984, 0x4985, 0x4163, 0x3102, 0x1862,
    0x0821, 0x1041, 0x1041, 0x0841, 0x7B09, 0x6A87, 0x6227, 0x72A8,
    0x72C8, 0x6AA8, 0x6A88, 0x730A, 0x7B4C, 0x7B4B, 0x732B, 0x836B,
    0x9BEC, 0xAC4C, 0xAC6C, 0xA46D, 0xA44E, 0xA44E, 0xA44E, 0xA46E,
    0xA46E, 0xA46F, 0xAC8F, 0xAC4E, 0xA44D, 0xA46E, 0xA46E, 0xA46E,
    0xA48E, 0xA48E, 0xA48D, 0x9C6D, 0xA46E, 0xAC8E, 0xAC6E, 0xA42D,
    0xA42D, 0xA48E, 0xACCF, 0xACAF, 0xA46D, 0xA46D, 0x9C8D, 0xA48D,
    0xA46E, 0xAC6E, 0xAC4E, 0xA42D, 0xA44C, 0xAC4D, 0xA42C, 0xA44C,
    0xA46D, 0xAC8E, 0xB48E, 0xAC6E, 0xAC6D, 0xB46D, 0xB48D, 0xB48D,
    0xAC8D, 0xAC6D, 0xB46D, 0xAC6D, 0xAC4C, 0xAC4C, 0xB46C, 0xB44D,
    0xB46D, 0xAC4D, 0xA42C, 0xA42C, 0xAC6D, 0xAC8E, 0xACAE, 0xACAE,
    0xACAF, 0xAC8E, 0xAC8E, 0xACAE, 0xA48E, 0xA46E, 0xA48E, 0xA46D,
    0x9C4D, 0x944C, 0x940C, 0x93CB, 0x93AA, 0x83A9, 0x93CA, 0x93CB,
    0x8B89, 0x93CA, 0x8B89, 0x8327, 0x7AC7, 0x82A6, 0x82C6, 0x82E6,
    0x72A6, 0x6245, 0x6225, 0x5A05, 0x51E5, 0x49A4, 0x4964, 0x4964,
    0x4123, 0x28E3, 0x1862, 0x1001, 0x1061, 0x0861, 0x0841, 0x8329,
    0x72C8, 0x6A67, 0x6AA8, 0x6AC8, 0x6AC8, 0x72A8, 0x8309, 0x8329,
    0x7B29, 0x7AE9, 0x7288, 0x6A88, 0x832A, 0x9C2D, 0xB4AF, 0xAC6F,
    0xA44E, 0xA44E, 0xAC8F, 0xAC8F, 0xAC8F, 0xB4AF, 0xB4AF, 0xACD0,
    0xACF0, 0xB510, 0xBD30, 0xB4F0, 0xB4CF, 0xAC8E, 0xA48D, 0xA46D,
    0xA46E, 0xAC6E, 0xAC4D, 0xA46D, 0xA48E, 0xA46E, 0xB4AF, 0xB4D0,
    0xACAF, 0xA48E, 0xA48D, 0xA48D, 0xAC6E, 0xAC4E, 0xA44E, 0xAC6D,
    0xAC6D, 0xAC4D, 0xA42D, 0xA40C, 0xA42D, 0xAC8D, 0xB48E, 0xB48E,
    0xAC6D, 0xAC6D, 0xB48D, 0xAC8D, 0xAC6D, 0xAC4D, 0xB46C, 0xB48C,
    0xB48C, 0xB46D, 0xB46D, 0xB46D, 0xAC4D, 0xAC2C, 0xA42C, 0xAC4D,
    0xACAE, 0xACCE, 0xACAE, 0xAC8E, 0xAC8E, 0xACAD, 0xACAD, 0xAC8D,
    0xA46D, 0xA46D, 0xA46D, 0xAC6E, 0xA46D, 0x9C4C, 0x9C2C, 0x9BEC,
    0x93AA, 0x93A9, 0x8BA9, 0x8BAA, 0x93CB, 0x8369, 0x7AE7, 0x8308,
    0x8B28, 0x8307, 0x82C7, 0x7286, 0x6A66, 0x6246, 0x5A26, 0x5206,
    0x51C5, 0x4984, 0x4943, 0x3903, 0x28E3, 0x1882, 0x1021, 0x1041,
    0x0861, 0x0841, 0x7B08, 0x72C8, 0x6A87, 0x72C8, 0x7B29, 0x7B0A,
    0x72C9, 0x72C8, 0x72E9, 0x7B0A, 0x8B6B, 0x834A, 0x7AC8, 0x6A88,
    0x8B8B, 0xACCE, 0xA46C, 0xA44D, 0xAC6F, 0xACAF, 0xAC8E, 0xAC6E,
    0xAC8F, 0xACAF, 0xACAF, 0xAC8F, 0xB4CF, 0xACEF, 0xACCF, 0xACCF,
    0xB4CF, 0xB4CF, 0xB4F0, 0xB4CF, 0xAC8E, 0xA42C, 0xAC8E, 0xB510,
    0xB4F0, 0xACCF, 0xACCF, 0xB4CF, 0xB4CF, 0xB4F0, 0xB4F0, 0xACAF,
    0xAC8E, 0xA44D, 0xAC4D, 0xAC4D, 0xA46D, 0xAC8E, 0xA46D, 0xA44D,
    0xAC6D, 0xAC8E, 0xAC6E, 0xAC6E, 0xAC6D, 0xB46D, 0xB48D, 0xB48D,
    0xB48D, 0xB48D, 0xAC6D, 0xAC6C, 0xB46B, 0xB48C, 0xB46D, 0xAC4D,
    0xA42D, 0xA40C, 0xA42C, 0xAC6D, 0xAC8E, 0xAC8D, 0xAC8D, 0xACAD,
    0xACAD, 0xAC8D, 0xA46D, 0xA46D, 0xA48D, 0xA46D, 0xA46D, 0xA46D,
    0xA46D, 0xA44C, 0x9C0C, 0x9BEC, 0x8B89, 0x8BA9, 0x8BCB, 0x8B69,
    0x7B08, 0x8308, 0x8B69, 0x8B88, 0x8306, 0x7A87, 0x7A66, 0x6A66,
    0x6226, 0x5206, 0x5206, 0x5A05, 0x4984, 0x4143, 0x3904, 0x28E3,
    0x1882, 0x1001, 0x1041, 0x1062, 0x0841, 0x72C8, 0x72C8, 0x72C7,
    0x72A7, 0x5A05, 0x49E6, 0x5A88, 0x730A, 0x830A, 0x7AC9, 0x7AC8,
    0x6AA8, 0x6AC8, 0x838A, 0x9C4C, 0xA46D, 0x9C0E, 0xA44F, 0xAC6F,
    0xAC6E, 0xAC6E, 0xA48E, 0xA48E, 0xAC8F, 0xAC8F, 0xAC8E, 0xAC8E,
    0xACAF, 0xACD0, 0xB4CF, 0xACAF, 0xACAF, 0xB4B0, 0xB4D0, 0xACCF,
    0xA46E, 0xA44E, 0xAC8E, 0xACAE, 0xACCF, 0xACCF, 0xB4CF, 0xACAF,
    0xB4AF, 0xB4B0, 0xACCF, 0xACAF, 0xA48E, 0xA46E, 0xA44D, 0xA44D,
    0xAC6D, 0xA48E, 0xA46E, 0xA44C, 0xAC6D, 0xAC6E, 0xAC6E, 0xAC4D,
    0xAC6C, 0xAC6D, 0xAC6C, 0xAC6C, 0xAC4C, 0xAC2C, 0xAC2C, 0xAC4C,
    0xAC6C, 0xAC4C, 0xA40B, 0xA40C, 0xA42D, 0xA42D, 0xA44C, 0xAC6D,
    0xAC8D, 0xAC8C, 0xAC8C, 0xAC8D, 0xAC8D, 0xA46D, 0xA46D, 0xA46D,
    0xA48C, 0x9C4C, 0x9C4C, 0xA44D, 0x9C2C, 0x9C0B, 0xA40C, 0x93AB,
    0x8B8A, 0x8349, 0x7B28, 0x8308, 0x8B4A, 0x836A, 0x8388, 0x8327,
    0x7AA6, 0x7246, 0x6A25, 0x6246, 0x5A26, 0x5A06, 0x59E6, 0x5184,
    0x4143, 0x4104, 0x28E3, 0x1882, 0x0821, 0x1062, 0x1062, 0x0841,
    0x72A8, 0x72A8, 0x6A66, 0x59E6, 0x59E7, 0x6269, 0x7B0A, 0x8329,
    0x7AE9, 0x72EA, 0x8B8D, 0x940F, 0x9C2E, 0xA42C, 0x9C0D, 0xA40E,
    0xA46F, 0xACAF, 0xAC8F, 0xACAF, 0xAC8F, 0xAC8F, 0xAC8F, 0xAC8E,
    0xAC8E, 0xACAF, 0xACAF, 0xACAF, 0xAC8E, 0xB48F, 0xAC6E, 0xAC8E,
    0xB4AF, 0xB4D0, 0xA4CF, 0xA48E, 0xAC8E, 0xAC8E, 0xA48E, 0xACAF,
    0xB4AF, 0xB46E, 0xAC6E, 0xAC8F, 0xB4AF, 0xB4CF, 0xB4F0, 0xACCF,
    0xA44E, 0xA44E, 0xA48E, 0xAC8E, 0xAC8E, 0xAC8E, 0xAC8E, 0xAC6E,
    0xAC6E, 0xAC6E, 0xAC6E, 0xAC6D, 0xAC6D, 0xA42C, 0xA40B, 0xA42C,
    0xA42C, 0xA42C, 0xA42B, 0xAC4C, 0xAC4C, 0xA44C, 0x9C0B, 0xA42C,
    0xAC6D, 0xA46D, 0xA44C, 0xAC6C, 0xAC8D, 0xAC8D, 0xA46C, 0xAC6C,
    0xAC6C, 0xAC6D, 0xAC4C, 0xA44C, 0xA44C, 0xA46C, 0xA46D, 0x9C0C,
    0x9BEB, 0x9C0C, 0x9BEB, 0x8B69, 0x7AE8, 0x8329, 0x8B49, 0x8B49,
    0x7B29, 0x7308, 0x7AE7, 0x7AC7, 0x7266, 0x6A05, 0x5A05, 0x51E5,
    0x51E5, 0x5A06, 0x5184, 0x4123, 0x38E3, 0x30C3, 0x1882, 0x1041,
    0x1041, 0x1042, 0x0862, 0x72C8, 0x6A67, 0x6A68, 0x7AEA, 0x8B8B,
    0x8B8A, 0x7B09, 0x730A, 0x836D, 0x93CE, 0x9C0E, 0x93EC, 0x8BCB,
    0x93EC, 0x9C0D, 0x9C2D, 0xA44E, 0xA46E, 0xAC8F, 0xB4D0, 0xAC8F,
    0xAC6E, 0xAC8E, 0xACAF, 0xACD0, 0xACF0, 0xACD0, 0xACCF, 0xACCF,
    0xACD0, 0xB4D0, 0xB4F0, 0xB4F0, 0xA4CF, 0x9C8D, 0xA44D, 0xA46E,
    0xA48F, 0xACAF, 0xACCF, 0xACCF, 0xB4D0, 0xB4CF, 0xB4D0, 0xB4D0,
    0xACCF, 0xACCF, 0xACCF, 0xACAF, 0xACAE, 0xAC8E, 0xA46E, 0xAC6E,
    0xAC8E, 0xAC8E, 0xAC6E, 0xAC4D, 0xAC6E, 0xAC6E, 0xAC6E, 0xAC6D,
    0xA40C, 0xA40C, 0xA42C, 0xA42C, 0xA42C, 0xAC4C, 0xAC4C, 0xAC6C,
    0xAC6C, 0xA44C, 0xA44C, 0xAC4D, 0xAC8D, 0xB4AD, 0xAC8D, 0xA46D,
    0xAC6C, 0xAC6C, 0xAC6C, 0xAC4C, 0xAC2C, 0xAC2B, 0xAC2B, 0xA42B,
    0x9C4C, 0xA44D, 0xA44C, 0xA42C, 0x9C0C, 0x93AA, 0x8B49, 0x8328,
    0x8349, 0x8349, 0x8328, 0x7B08, 0x6AC7, 0x6A86, 0x7AA7, 0x7AA7,
    0x6A46, 0x5A05, 0x51C4, 0x51E5, 0x6206, 0x4984, 0x3902, 0x30C3,
    0x30C3, 0x20A2, 0x1062, 0x1041, 0x1041, 0x1062, 0x72A9, 0x7288,
    0x6287, 0x6287, 0x72E9, 0x8B6B, 0x93AD, 0x9BCD, 0xA40D, 0xA44D,
    0xA46E, 0x940E, 0x8BCD, 0x93ED, 0x93EC, 0x93EC, 0x9C0D, 0xAC6D,
    0xB4AE, 0xACCF, 0xAC90, 0xA48F, 0xACAF, 0xACCF, 0xACCF, 0xACAF,
    0xACD0, 0xB4F1, 0xB4F0, 0xB4F0, 0xB4F0, 0xB4D0, 0xACCF, 0xACAE,
    0xA46E, 0xAC6E, 0xAC8E, 0xA48E, 0xA46E, 0xA48E, 0xB4D0, 0xB510,
    0xACCF, 0xACAF, 0xB4D0, 0xB4CF, 0xACEF, 0xA4CF, 0xA48E, 0xA44D,
    0xA44E, 0xA46D, 0xA46D, 0xA46D, 0xA46D, 0xAC6D, 0xAC4D, 0xA42D,
    0xAC4D, 0xAC4E, 0xA44D, 0xA42C, 0xA42C, 0xAC6C, 0xAC6D, 0xAC4D,
    0xA40C, 0xAC4C, 0xAC4C, 0xAC4C, 0xA44C, 0xA44D, 0xA44D, 0xA44D,
    0xAC6D, 0xAC8C, 0xAC6C, 0xA46C, 0xA44C, 0xAC4C, 0xAC2B, 0xAC0B,
    0xAC2B, 0xAC4C, 0xAC4C, 0x9C4C, 0xA44D, 0xA46E, 0xA44D, 0x93CA,
    0x8B69, 0x8B49, 0x8328, 0x8329, 0x8329, 0x8329, 0x8308, 0x72E7,
    0x6AA6, 0x7245, 0x7266, 0x6247, 0x5A05, 0x51E5, 0x59E5, 0x61E6,
    0x4963, 0x38E2, 0x30C3, 0x30C2, 0x20A2, 0x1042, 0x1042, 0x1041,
    0x1062, 0x6A67, 0x6AC8, 0x72E9, 0x6A68, 0x51C6, 0x49A4, 0x49E5,
    0x5227, 0x41A5, 0x3943, 0x51C5, 0x72C9, 0x8BAC, 0x9BEE, 0xAC6F,
    0xACB0, 0x9C2E, 0x9C0D, 0xA44D, 0xACAF, 0xB4F1, 0xBD11, 0xB4F0,
    0xB4D0, 0xACAF, 0xACCF, 0xACD0, 0xACD0, 0xACD0, 0xACCF, 0xB4D0,
    0xB4D0, 0xB4EF, 0xB4CE, 0xACAE, 0xAC8E, 0xA46E, 0xAC8E, 0xACAF,
    0xACCF, 0xACD0, 0xB4D0, 0xB4D0, 0xB4D0, 0xB4D0, 0xACAF, 0xACCF,
    0xACAE, 0xA48E, 0xA46E, 0xAC6E, 0xAC8E, 0xB4AF, 0xB4AF, 0xAC8E,
    0xACAE, 0xACAE, 0xAC8E, 0xAC4D, 0xAC4D, 0xA48E, 0xAC6D, 0xAC2C,
    0xA40B, 0xA44B, 0xA44B, 0xA42C, 0xA42C, 0xA40C, 0x9C0B, 0xA42C,
    0xAC4D, 0xAC6E, 0xA44D, 0xA44C, 0xAC4C, 0xAC4C, 0xA44B, 0xA42B,
    0xAC4B, 0xAC4B, 0xAC2B, 0xAC2B, 0xAC2B, 0xA42C, 0xA44D, 0xA46D,
    0xA46C, 0x9C0B, 0x93AA, 0x8B8A, 0x8349, 0x7AE7, 0x8308, 0x8328,
    0x8328, 0x8309, 0x8328, 0x72E6, 0x6A65, 0x6246, 0x6226, 0x6205,
    0x5A05, 0x5A06, 0x61E6, 0x4943, 0x3902, 0x3103, 0x30C2, 0x2082,
    0x1042, 0x1042, 0x1041, 0x1041, 0x6268, 0x6288, 0x6AE9, 0x7B09,
    0x7B2A, 0x7B0A, 0x7B0A, 0x7B09, 0x7B29, 0x7B0A, 0x72A9, 0x6247,
    0x51C6, 0x3902, 0x5A07, 0x8B8E, 0x9410, 0x9C2F, 0x942D, 0xA42E,
    0xA44E, 0xACAF, 0xB4F0, 0xB4F1, 0xB4F1, 0xB4F0, 0xB4F0, 0xB4F0,
    0xB4F0, 0xB510, 0xB511, 0xB4F1, 0xB4F0, 0xB4CE, 0xACAE, 0xAC8F,
    0xAC8F, 0xA48E, 0xA48E, 0xACCF, 0xB510, 0xB511, 0xB511, 0xB4F1,
    0xB4F0, 0xB4D0, 0xB4EF, 0xB4EE, 0xAC8E, 0xA46E, 0xA48E, 0xACCF,
    0xACCF, 0xACAF, 0xB4AF, 0xB48F, 0xAC8F, 0xAC8E, 0xAC6D, 0xAC6E,
    0xAC8F, 0xA46F, 0xA46D, 0xA44C, 0xAC4C, 0xAC4C, 0xA42D, 0xA42C,
    0xA42C, 0xA42C, 0xA44C, 0xA46D, 0xAC4D, 0xAC6D, 0xA44D, 0xA44C,
    0xAC4C, 0xAC4B, 0xAC2A, 0xA42B, 0xA40A, 0xA40B, 0xA42C, 0xA42C,
    0xA42C, 0x9C2C, 0x9C0B, 0x9C0C, 0xA42D, 0xA44D, 0x8B89, 0x7AE7,
    0x7AC7, 0x7B29, 0x8329, 0x8308, 0x8B28, 0x8348, 0x7B07, 0x72C6,
    0x6A66, 0x6226, 0x6225, 0x5A25, 0x6246, 0x6226, 0x5184, 0x4123,
    0x3103, 0x30A2, 0x2082, 0x1862, 0x1042, 0x0841, 0x1041, 0x6A88,
    0x72C9, 0x6AE9, 0x6AA8, 0x72A8, 0x72A7, 0x6287, 0x5A67, 0x72EA,
    0x8B8D, 0x8B6C, 0x832A, 0x7AA9, 0x51A5, 0x51A6, 0x72C9, 0x940D,
    0x9C6E, 0x9C4D, 0xB4D0, 0xBD11, 0xBD12, 0xB4F1, 0xB4F0, 0xACF0,
    0xB4F0, 0xB4F0, 0xB4F0, 0xB4F0, 0xB4F0, 0xB4F0, 0xB4F0, 0xB4F1,
    0xB510, 0xB4CE, 0xAC6D, 0xA44D, 0xA48E, 0xACCF, 0xB4F0, 0xB4F0,
    0xACF0, 0xB4F0, 0xB4F0, 0xACF1, 0xB4F1, 0xB4F0, 0xB4EE, 0xACAE,
    0xAC8E, 0xAC8E, 0xACAF, 0xAC8F, 0xACAF, 0xB4CF, 0xB4AF, 0xAC8E,
    0xB4AE, 0xBCEF, 0xBCD0, 0xB490, 0xACB1, 0xACB0, 0xAC6D, 0xA42B,
    0x9BEB, 0xA40C, 0xA44D, 0xAC6E, 0xAC6D, 0xA44D, 0xA44D, 0xA44D,
    0xA42C, 0xA42C, 0xA44C, 0xA44C, 0xA44C, 0xA42B, 0xA42B, 0xA42B,
    0xAC4C, 0xAC4C, 0xA42B, 0xA42C, 0x9C2C, 0x940C, 0x9BEC, 0xA40D,
    0x9C2B, 0x8348, 0x72C7, 0x8309, 0x8329, 0x8328, 0x8308, 0x8328,
    0x8328, 0x8307, 0x7AC7, 0x6A46, 0x6205, 0x6226, 0x6226, 0x5A25,
    0x5A05, 0x51A4, 0x4944, 0x3903, 0x28A2, 0x2082, 0x1862, 0x1041,
    0x0841, 0x1042, 0x6AA8, 0x72A8, 0x72C9, 0x6AA7, 0x72E8, 0x72E9,
    0x6AC9, 0x72C9, 0x7AE9, 0x7B2A, 0x836B, 0x838B, 0x836B, 0x7B09,
    0x72C7, 0x72E8, 0x940F, 0xB513, 0xC532, 0xBD11, 0xB48F, 0xAC6E,
    0xA46E, 0xAC8F, 0xB4D0, 0xB4F0, 0xB4CF, 0xB4AF, 0xB4CF, 0xACD0,
    0xACEF, 0xB510, 0xB532, 0xB511, 0xACAF, 0xAC4D, 0xAC2D, 0xA46E,
    0xA48E, 0xACAF, 0xACAF, 0xACD0, 0xB510, 0xB530, 0xB511, 0xACF1,
    0xACD0, 0xACAF, 0xACAF, 0xAC8E, 0xA46D, 0xA44E, 0xA44E, 0xA44E,
    0xA44D, 0xAC4D, 0xAC4D, 0xAC6E, 0xB4CE, 0xB4AF, 0xA42E, 0xA44D,
    0xAC6E, 0xAC6D, 0xAC4D, 0xA40C, 0x9BCB, 0x9BCC, 0x9BED, 0xA40D,
    0xA42C, 0xA44D, 0xA44D, 0xA44C, 0xA42C, 0xA44C, 0xA44C, 0xA42B,
    0xAC0A, 0xAC2B, 0xA46C, 0xA44C, 0x9C2B, 0x9C0B, 0xA42C, 0xA42D,
    0x9C0D, 0x9BEC, 0x93CA, 0x8B87, 0x7AE8, 0x82EA, 0x8B4A, 0x8B48,
    0x8307, 0x8308, 0x7B08, 0x8B08, 0x9308, 0x72C7, 0x5A45, 0x51E4,
    0x6A26, 0x6246, 0x5A25, 0x51A4, 0x4943, 0x4143, 0x3923, 0x30C2,
    0x2082, 0x1862, 0x1041, 0x0841, 0x1062, 0x8329, 0x7B29, 0x7B29,
    0x7AE7, 0x6A88, 0x6A89, 0x7ACA, 0x832B, 0x7B2A, 0x6B0A, 0x7309,
    0x7329, 0x7B49, 0x836A, 0x7B2B, 0x7B0C, 0x8BCE, 0x940E, 0x9C0D,
    0x9C0D, 0x9C2E, 0xA46E, 0xACAE, 0xACAE, 0xB4AF, 0xB4D0, 0xB4F1,
    0xB4F0, 0xB4CF, 0xACEF, 0xB4AE, 0xAC6E, 0xACCF, 0xB4EF, 0xACCE,
    0xAC4D, 0xA42D, 0xA46E, 0xA4AF, 0xB4F0, 0xB4F0, 0xB4CF, 0xAC8E,
    0xAC6F, 0xB4D0, 0xB510, 0xB50F, 0xB4AE, 0xAC6E, 0xAC4E, 0xAC4D,
    0xA44D, 0xAC6D, 0xAC6E, 0xA44D, 0xA42D, 0xAC4D, 0xAC6E, 0xAC8E,
    0xAC6E, 0xAC2D, 0xA3EB, 0x9BCA, 0x93EB, 0xA40C, 0xA42D, 0xA40C,
    0xA40C, 0x93CC, 0x93EC, 0xA42C, 0xA42C, 0xA42C, 0xAC6D, 0xAC6D,
    0xA42B, 0xA3EA, 0xA3EA, 0xA40A, 0xAC0B, 0xA40B, 0xA44D, 0xA46D,
    0x9C4C, 0x9C2C, 0x9C0C, 0x9BCC, 0x93AA, 0x8B68, 0x8327, 0x8308,
    0x8B6A, 0x93AA, 0x8B68, 0x8307, 0x8308, 0x8B08, 0x9328, 0x8AE7,
    0x62A6, 0x5A44, 0x5A04, 0x6206, 0x6226, 0x5A25, 0x51C4, 0x4963,
    0x4123, 0x3923, 0x30A2, 0x2062, 0x1862, 0x0841, 0x0841, 0x1062,
    0x7B08, 0x7B29, 0x7B49, 0x8329, 0x72E8, 0x6AC8, 0x6B0A, 0x6B4A,
    0x6B2A, 0x7309, 0x7B09, 0x8B4A, 0x8B8B, 0x9BCE, 0x832C, 0x6A68,
    0x6AE9, 0x8BCC, 0xAC6F, 0xB48E, 0xBCCF, 0xBCEF, 0xB4EF, 0xACCF,
    0xB4CF, 0xB4F0, 0xB4F0, 0xB4D0, 0xAC8E, 0xAC8E, 0xACAE, 0xB4AF,
    0xB4F0, 0xB510, 0xB4F0, 0xACAF, 0xAC8F, 0xAC8E, 0xA46E, 0xA46F,
    0xAC8F, 0xACAF, 0xB4AF, 0xB4CF, 0xB4F0, 0xB4F0, 0xB4F0, 0xACAE,
    0xAC6D, 0xA46E, 0xAC6E, 0xA44D, 0xA44D, 0xAC6D, 0xA46E, 0xAC8E,
    0xAC8D, 0xA42B, 0x9C0B, 0xA40C, 0xAC0D, 0xA40B, 0xA40A, 0x9C0A,
    0xA42C, 0xA40C, 0x9BCA, 0x9BCA, 0x9BCB, 0x9C0C, 0xA44C, 0xA44D,
    0xA40C, 0x9C0B, 0x9C0B, 0xA44C, 0xB44C, 0xB46E, 0xAC4E, 0xA44D,
    0x9C2C, 0x944C, 0x9C6C, 0xA46C, 0xA44D, 0x9C0D, 0x93AB, 0x9389,
    0x8B88, 0x8B69, 0x93AA, 0x93CA, 0x8B89, 0x8348, 0x8307, 0x8B08,
    0x9328, 0x8B07, 0x72A6, 0x62C6, 0x5A85, 0x5A25, 0x6205, 0x6225,
    0x6226, 0x59E5, 0x4984, 0x4143, 0x3923, 0x30C3, 0x2062, 0x1842,
    0x1041, 0x0842, 0x1062, 0x72E8, 0x7B08, 0x7B09, 0x7AE9, 0x72E8,
    0x72A7, 0x7AA7, 0x7B07, 0x8368, 0x838A, 0x8B6B, 0x834B, 0x836B,
    0x9BCD, 0x8BCD, 0x838C, 0x8BCF, 0x9C4F, 0xAC8F, 0xAC8F, 0xACAF,
    0xACD0, 0xB4D0, 0xB4D0, 0xB4D0, 0xB4F0, 0xACF0, 0xB4F0, 0xB4CF,
    0xB4CF, 0xACCF, 0xACD0, 0xACD0, 0xB4D0, 0xB4CF, 0xB4CF, 0xACD0,
    0xACD0, 0xACCF, 0xB4AF, 0xB4AF, 0xB4CF, 0xACCF, 0xACD0, 0xB4D0,
    0xB4D0, 0xB4CF, 0xB4AF, 0xAC8E, 0xACAE, 0xACCF, 0xB4AF, 0xA46F,
    0x9C4E, 0xA44D, 0xA46E, 0xA46D, 0xA44C, 0xA42C, 0xA40D, 0xAC2E,
    0xAC6E, 0xAC8E, 0xAC6D, 0x9C0D, 0x9BEC, 0xA3EB, 0xA3EB, 0xA40B,
    0xA44C, 0xA48D, 0xA48E, 0xAC8D, 0xAC6D, 0xAC4C, 0xA44C, 0xAC4D,
    0xA46F, 0xA44F, 0x9C2C, 0x9C4C, 0x9C6C, 0xA46D, 0x9C4C, 0x944D,
    0x8C0D, 0x8BAB, 0x8B68, 0x8B88, 0x93AA, 0x93CA, 0x93A9, 0x8B89,
    0x8368, 0x8B27, 0x9327, 0x8B07, 0x7AA6, 0x6AA6, 0x6B27, 0x62A6,
    0x5A04, 0x61E5, 0x6226, 0x6246, 0x59E5, 0x51A4, 0x4964, 0x4123,
    0x30E3, 0x2082, 0x1842, 0x1041, 0x1041, 0x1062, 0x7B09, 0x7B09,
    0x7B09, 0x7B09, 0x72E8, 0x6AC7, 0x72C7, 0x7AC7, 0x8308, 0x8B68,
    0x938A, 0x8B8C, 0x836B, 0x8349, 0x7B09, 0x734C, 0x8C31, 0xA4B0,
    0xB4CE, 0xB4F0, 0xACF0, 0xACF1, 0xB4F0, 0xB4F0, 0xACF0, 0xACF0,
    0xACCF, 0xACAF, 0xB4AF, 0xB4F0, 0xB4F0, 0xACD0, 0xB4D0, 0xB4D0,
    0xB4CF, 0xB4AE, 0xAC8F, 0xA4AF, 0xACF0, 0xACCF, 0xB4CF, 0xB4F0,
    0xB4F0, 0xB4D0, 0xB4D0, 0xB4CF, 0xB4AE, 0xB4AF, 0xB4F0, 0xAD10,
    0xACCF, 0xACB0, 0xACD1, 0xACF1, 0xACD0, 0xA48E, 0xA48E, 0xACAF,
    0xAC6E, 0xA44D, 0xA46E, 0xA48F, 0xA48F, 0x9C0D, 0x8BAC, 0x8BAB,
    0x9BEB, 0xA40C, 0xAC2D, 0xA44D, 0xA44D, 0xA44D, 0xA44C, 0xA44C,
    0xA44C, 0xA44C, 0xAC4D, 0xAC4E, 0xA42E, 0x9C2C, 0xA44C, 0xA46C,
    0x9C6C, 0x8C4C, 0x942C, 0x9BEB, 0x8B69, 0x8348, 0x8B89, 0x93AA,
    0x93A9, 0x93C9, 0x8BE9, 0x9388, 0x9327, 0x9306, 0x7AC6, 0x7AE7,
    0x7B07, 0x6307, 0x5A85, 0x5A45, 0x6A45, 0x6A25, 0x5A25, 0x51E5,
    0x51C4, 0x4984, 0x4123, 0x38E2, 0x28A2, 0x1862, 0x1041, 0x1041,
    0x1062, 0x7B29, 0x834A, 0x836A, 0x8B49, 0x72A7, 0x5A26, 0x5A47,
    0x6288, 0x6AE9, 0x732A, 0x836A, 0x93AB, 0x9BAC, 0x8B4C, 0x7268,
    0x59E7, 0x62CD, 0x8411, 0xA490, 0xA42E, 0xAC4E, 0xACD0, 0xACF0,
    0xB4F0, 0xB4D0, 0xB4D0, 0xB4F0, 0xB4D0, 0xACAF, 0xACD0, 0xACF0,
    0xB4F0, 0xB4F0, 0xB4F0, 0xACCF, 0xAC8E, 0xAC6E, 0xAC8F, 0xACCF,
    0xACF0, 0xACD0, 0xACD0, 0xACD0, 0xB4F0, 0xB510, 0xB4CF, 0xAC8E,
    0xA46E, 0xAC6E, 0xACAF, 0xACAF, 0xA48F, 0xACAF, 0xACAF, 0xAC8F,
    0xA46E, 0xA46E, 0xA48F, 0xA46F, 0xAC6E, 0xAC6F, 0xAC8F, 0x9C6F,
    0x93ED, 0x93CE, 0x9BED, 0x9BEB, 0x9388, 0x93AA, 0x9BEC, 0xA42C,
    0xA42D, 0xA40C, 0x9BEB, 0xA42B, 0xA44B, 0xA42B, 0xA40C, 0x9C0C,
    0x9C2C, 0x9C4C, 0x9C2C, 0x942C, 0x9C4C, 0x93C9, 0x7AE6, 0x72C7,
    0x8B8A, 0x9C2B, 0x93C9, 0x93A9, 0x93A9, 0x93AA, 0x93A9, 0x9347,
    0x8AC5, 0x82E7, 0x82E7, 0x7AC6, 0x62C6, 0x5AC6, 0x5AC6, 0x6A85,
    0x6A25, 0x5A05, 0x51C4, 0x51A4, 0x4964, 0x3923, 0x30E3, 0x20A2,
    0x1862, 0x1041, 0x1041, 0x1062, 0x7B29, 0x7B4A, 0x834A, 0x8309,
    0x72A7, 0x6A87, 0x72C8, 0x7AC9, 0x7AE9, 0x832A, 0x938C, 0x8B8A,
    0x8329, 0x8B8B, 0x8B8B, 0x830A, 0x7AC8, 0x7B09, 0x8BED, 0xA4AF,
    0xB4CF, 0xBCCE, 0xACCF, 0xACCF, 0xB4F0, 0xBD10, 0xBD10, 0xB511,
    0xB511, 0xB510, 0xB4F0, 0xB4B0, 0xACCF, 0xACAF, 0xB4CF, 0xACEF,
    0xACCF, 0xACAF, 0xA48E, 0xACAE, 0xB510, 0xBD11, 0xB4D0, 0xB4AF,
    0xACCF, 0xACAF, 0xB4CF, 0xACEF, 0xACCF, 0xAC8F, 0xAC6F, 0xAC6F,
    0xACAF, 0xACAF, 0xA46E, 0xA46E, 0xAC8E, 0xAC8E, 0xAC8F, 0xACAF,
    0xAC6E, 0xA42D, 0x9C0D, 0x940E, 0x93EE, 0x9BED, 0x9BEB, 0x9BC9,
    0x9C0B, 0xA42D, 0xA42D, 0xA42C, 0xA42C, 0xA42C, 0xA42C, 0xA44C,
    0xA44C, 0xA40C, 0xA42C, 0xA46C, 0x9C2C, 0x940A, 0x9BE9, 0x9C0A,
    0x8368, 0x72E7, 0x8B69, 0x9BEB, 0x9BEB, 0x8BA9, 0x93A9, 0x93A9,
    0x9388, 0x8B88, 0x8B27, 0x8AE6, 0x8B47, 0x8307, 0x7AA6, 0x72A7,
    0x6AC6, 0x62A5, 0x6245, 0x6205, 0x61E5, 0x51A4, 0x49A4, 0x4963,
    0x38E2, 0x30E2, 0x28C3, 0x1882, 0x1041, 0x1041, 0x1062, 0x7B29,
    0x7B29, 0x8329, 0x8309, 0x72C8, 0x6286, 0x6A87, 0x72E8, 0x7B28,
    0x7B28, 0x93AB, 0x93CB, 0x8B4A, 0x834A, 0x8B6A, 0x93CC, 0xA42D,
    0x93AB, 0x72C9, 0x6A68, 0x72A9, 0x8B2B, 0x9B8C, 0x9C4F, 0x9CB0,
    0xA4AF, 0xB4CF, 0xBCCF, 0xB4CF, 0xB4CF, 0xB4D0, 0xACD0, 0xACF0,
    0xB4CF, 0xB4CE, 0xB4EF, 0xAD0F, 0xA4EF, 0xA46E, 0xA46E, 0xACAF,
    0xACCF, 0xB4F0, 0xACF0, 0xACCF, 0xB4CE, 0xB4CE, 0xACEF, 0xACEF,
    0xA4F0, 0xA4EF, 0xACAF, 0xAC8E, 0xAC8E, 0xA48E, 0xACAF, 0xAC8E,
    0xAC6E, 0xAC8E, 0xAC8E, 0xA44E, 0x9C2D, 0x9C2D, 0xA46E, 0x9C2E,
    0x9C0D, 0x9C0B, 0x9BCA, 0x9BEA, 0x9C2B, 0xA44D, 0xA44C, 0xA44C,
    0xA44C, 0xA42B, 0xA42B, 0xA44C, 0xA40D, 0x9BEB, 0x93A9, 0x8B68,
    0x93CA, 0x9C2B, 0x940A, 0x93CA, 0x93CA, 0x9C0A, 0x9BEB, 0x93AA,
    0x93A9, 0x93A9, 0x93A9, 0x9389, 0x8B69, 0x8B48, 0x9307, 0x8B26,
    0x82E6, 0x7AE7, 0x7B07, 0x72E7, 0x62A6, 0x5A45, 0x5A05, 0x59E4,
    0x51A4, 0x51A4, 0x4963, 0x30E2, 0x30C2, 0x28C3, 0x20A3, 0x1041,
    0x1041, 0x1062, 0x7B29, 0x7B29, 0x7B09, 0x7AE8, 0x72C8, 0x72A8,
    0x72C8, 0x7308, 0x7B08, 0x8308, 0x8B8A, 0x9BEC, 0xA40D, 0xA3EC,
    0xA3CB, 0xA3CC, 0xA42D, 0xAC4F, 0xAC4F, 0xA42D, 0x93CB, 0x8349,
    0x6A88, 0x6AA9, 0x732C, 0x8C0F, 0xA48F, 0xB4D0, 0xB510, 0xB4D0,
    0xACD0, 0xB4F0, 0xB4CF, 0xACCE, 0xACAE, 0xACAE, 0xACAE, 0xACCF,
    0xACF0, 0xACF0, 0xB4F0, 0xACD0, 0xB4F0, 0xB4D0, 0xACCE, 0xACCE,
    0xACAE, 0xACAE, 0xB4AE, 0xACCF, 0xA4D0, 0xACAF, 0xACAF, 0xACAE,
    0xA48E, 0xAC8E, 0xAC8E, 0xB4AF, 0xB4CF, 0xB4AF, 0xAC6E, 0xA44E,
    0xA46E, 0xA48F, 0xA44E, 0x9C0C, 0x9BEB, 0x9BEB, 0x9BCA, 0x93A9,
    0x93CA, 0x9BEB, 0xA40C, 0xA42C, 0xA44C, 0xA42B, 0x9C0A, 0x9BCB,
    0x9BAB, 0x9BCB, 0x93CA, 0x9BEA, 0x9BEA, 0x93C9, 0x8BA8, 0x8BA8,
    0x9BEA, 0x9BEB, 0x9BEB, 0x9BCA, 0x9389, 0x9389, 0x9389, 0x93A9,
    0x9368, 0x9327, 0x9306, 0x82E6, 0x7307, 0x6AC6, 0x6AA6, 0x6A86,
    0x6265, 0x5A05, 0x59C4, 0x5183, 0x51A4, 0x4984, 0x38E3, 0x30C2,
    0x28C3, 0x20A3, 0x1862, 0x1041, 0x1062, 0x7B29, 0x7B29, 0x7B09,
    0x7AE8, 0x72C8, 0x72A8, 0x7AA8, 0x72A8, 0x8B2A, 0xA3EC, 0xABEB,
    0x9BAA, 0x938A, 0x93CB, 0x9BEC, 0x93EC, 0x93CB, 0x938A, 0x93AB,
    0x9C0C, 0xB48E, 0xAC4D, 0x838B, 0x738C, 0x8C30, 0xACF2, 0xACB1,
    0xACB0, 0xB531, 0xB511, 0xB4F0, 0xB4F0, 0xB4CF, 0xACCF, 0xB4EF,
    0xB4CE, 0xBCAD, 0xB48E, 0xACCF, 0xACD0, 0xB4F0, 0xB510, 0xB4F0,
    0xB4D0, 0xB4CF, 0xACEF, 0xB4EE, 0xB4CD, 0xB4AD, 0xB48E, 0xB4AF,
    0xB4CF, 0xACCF, 0xACAF, 0xB4AF, 0xACAF, 0xAC8E, 0xAC8E, 0xB4CF,
    0xB4EF, 0xACAE, 0xA46D, 0xA44E, 0xA44E, 0x9C4E, 0x9C0C, 0x9BEA,
    0xA3EB, 0x9BEB, 0x9BEB, 0x9C0B, 0xA40C, 0xA40C, 0x9BEB, 0xA40B,
    0xA40C, 0xA40C, 0xA40C, 0xA42C, 0xA40B, 0x93AA, 0x93A9, 0x93CA,
    0x9BC9, 0x93C9, 0x93C9, 0x93CA, 0x93AA, 0x93AA, 0x9BCA, 0x93A9,
    0x9388, 0x9388, 0x9389, 0x9369, 0x9328, 0x8B07, 0x8307, 0x7AE7,
    0x72C6, 0x6A86, 0x6265, 0x6224, 0x59E4, 0x51A4, 0x4983, 0x49A4,
    0x4184, 0x3923, 0x30C3, 0x28C3, 0x20C3, 0x1862, 0x1041, 0x1061,
    0x7308, 0x7B29, 0x7B09, 0x7AE8, 0x72C8, 0x72A7, 0x7268, 0x6A88,
    0x6AE8, 0x7B6B, 0x8B8C, 0x9BCC, 0x9BEB, 0x9BEB, 0x9BEC, 0x9BEC,
    0x9C0C, 0xA40D, 0xA40D, 0x9BEC, 0x834A, 0x72E9, 0x834B, 0x93ED,
    0x9C4E, 0xACAF, 0xB4EF, 0xB4EF, 0xB4D0, 0xB510, 0xBD11, 0xBD11,
    0xB510, 0xB50F, 0xB4EE, 0xB4EE, 0xB4CE, 0xB4CE, 0xB4CF, 0xB4D0,
    0xB4F0, 0xB4F0, 0xBD11, 0xBD11, 0xB4EF, 0xB50E, 0xB4EE, 0xB4CE,
    0xB4CE, 0xB4CF, 0xB4CF, 0xAC8F, 0xA46E, 0xAC8E, 0xB4CF, 0xB4CF,
    0xB4AF, 0xB48E, 0xB48E, 0xB48F, 0xB4AE, 0xACAE, 0xA48F, 0xA44E,
    0x9C2D, 0x9C0C, 0x9BEB, 0x9BEB, 0x9BEA, 0x9BEB, 0x9C0C, 0x9C0B,
    0x9BEA, 0xA3EA, 0xA3EB, 0x9BEB, 0x93AA, 0x93AA, 0x9BCA, 0xA3EB,
    0x9BCA, 0x9BCA, 0x93CA, 0x93CA, 0x9BEA, 0x93EA, 0x8B89, 0x9388,
    0x9BC9, 0x9BC9, 0x9BA9, 0x9368, 0x9348, 0x9348, 0x9347, 0x8B27,
    0x8B07, 0x82E7, 0x7AC6, 0x72C6, 0x72A6, 0x6266, 0x59E4, 0x51A3,
    0x5183, 0x5184, 0x49A4, 0x41A3, 0x3943, 0x3903, 0x28C3, 0x20A2,
    0x1862, 0x1061, 0x1061, 0x7B49, 0x8329, 0x8309, 0x7AE8, 0x72E8,
    0x72A8, 0x6AA8, 0x7309, 0x7B28, 0x7328, 0x7B4A, 0x8B6B, 0x93AB,
    0x9BEC, 0x9BEC, 0x93AC, 0x93AC, 0x93AC, 0x8B8B, 0x7B0A, 0x834B,
    0xA3ED, 0xB46F, 0xB46F, 0xB48E, 0xB4CF, 0xB4F0, 0xBD10, 0xBD10,
    0xBCF0, 0xB4CF, 0xACAF, 0xACAF, 0xACAF, 0xACAE, 0xAC8D, 0xA46D,
    0xAC8E, 0xB4F0, 0xBD11, 0xB4F0, 0xACAF, 0xACAF, 0xACCF, 0xACAF,
    0xACAF, 0xAC8E, 0xAC6D, 0xAC8E, 0xACAF, 0xB4CF, 0xB4CF, 0xACAF,
    0xA48E, 0xA48E, 0xAC8E, 0xACAF, 0xB4AE, 0xB4AF, 0xB48F, 0xAC8D,
    0xACAC, 0xAC8D, 0xA44F, 0xA44F, 0xA42D, 0xA40B, 0xA40B, 0xA40B,
    0x9C0C, 0x9C0C, 0x9C0B, 0x9BEA, 0x9BCA, 0x9BEB, 0x9C0B, 0xA40B,
    0x9BEA, 0x9BCA, 0x9BCA, 0x9BCA, 0x9BC9, 0xA3EA, 0xA40B, 0x93CA,
    0x8B88, 0x8B67, 0x93A8, 0xA3E9, 0xA3A9, 0x9B88, 0x9347, 0x8B26,
    0x8B27, 0x9327, 0x9327, 0x82E6, 0x7AC6, 0x7AA7, 0x7266, 0x7AA7,
    0x7286, 0x5A04, 0x5183, 0x5183, 0x59C5, 0x49A4, 0x4183, 0x4143,
    0x3923, 0x30E3, 0x20A2, 0x1862, 0x1042, 0x1062, 0x8B69, 0x8349,
    0x7B2A, 0x7B0A, 0x8309, 0x72C8, 0x6A88, 0x6AE7, 0x7B49, 0x8B8B,
    0x8B8B, 0x836B, 0x836B, 0x838B, 0x8B8B, 0x8B89, 0x8348, 0x7B48,
    0x836B, 0x93CD, 0xA42D, 0xAC8E, 0xB4AF, 0xB4D0, 0xAC8F, 0xA44E,
    0xAC6E, 0xB4CF, 0xBD10, 0xB510, 0xACCF, 0xACCF, 0xACAF, 0xB4CF,
    0xB4CF, 0xACAF, 0xA48E, 0xACAE, 0xACF0, 0xB4F0, 0xB4F0, 0xACD0,
    0xACCF, 0xACAF, 0xACAF, 0xB4CF, 0xB4AF, 0xAC8E, 0xACAE, 0xA48E,
    0xA48E, 0xACAE, 0xACAE, 0xAC8E, 0xAC8E, 0xA46E, 0xAC4E, 0xAC4E,
    0xB48F, 0xB4CF, 0xB4AE, 0xAC8C, 0xAC8D, 0xAC8F, 0xA46F, 0x9C2C,
    0x9C0A, 0xA40B, 0x9BEB, 0x9BEB, 0xAC0A, 0xAC0A, 0xAC2B, 0xA42B,
    0x9BEA, 0x9BCA, 0x9BEA, 0xA40B, 0xA40B, 0x9BEA, 0xA40A, 0xA40B,
    0x9BCA, 0x93C9, 0x9388, 0x9388, 0x9BA9, 0x9BC9, 0x9BA8, 0x9367,
    0x9347, 0x8B27, 0x9327, 0x8B27, 0x9327, 0x9327, 0x82E6, 0x7AC6,
    0x7AA7, 0x7286, 0x7286, 0x7266, 0x6224, 0x51C3, 0x5184, 0x59C4,
    0x4984, 0x4183, 0x4163, 0x4144, 0x30E3, 0x20A2, 0x1882, 0x1062,
    0x1062, 0x938A, 0x8B6A, 0x8B6A, 0x8B6A, 0x8349, 0x7B08, 0x7AE8,
    0x72A7, 0x8308, 0x93AB, 0x8BAC, 0x838B, 0x838B, 0x83CC, 0x838B,
    0x72E8, 0x6AA7, 0x6B2B, 0x8C10, 0xA450, 0xAC4E, 0xAC8E, 0xB4CF,
    0xB4AF, 0xB48F, 0xB48F, 0xB4B0, 0xB4CF, 0xB4EF, 0xBD10, 0xB510,
    0xACCF, 0xACAF, 0xB4CF, 0xB530, 0xB550, 0xACCE, 0xA46D, 0xAC8F,
    0xB4F0, 0xBD31, 0xB510, 0xACF0, 0xACAF, 0xB4AE, 0xB50F, 0xB550,
    0xB52F, 0xACCE, 0xA46D, 0xA44D, 0xA46E, 0xACAE, 0xACAF, 0xAC8E,
    0xA46E, 0xAC6E, 0xB4AF, 0xB48F, 0xB48E, 0xBC8D, 0xAC6C, 0xA46D,
    0xA44F, 0xA46F, 0xA44C, 0x9C0A, 0xA40B, 0x9C0B, 0x9BEB, 0x9BEA,
    0x93CA, 0x93CA, 0x9BCA, 0xA40B, 0xA40A, 0x9BC9, 0x9BA9, 0x9BCA,
    0xA40A, 0x9BEA, 0x9BCA, 0x9BCA, 0x9BEA, 0x9BC9, 0xA3A8, 0x9BA8,
    0xA3E9, 0x9BEA, 0x8B89, 0x8B48, 0x9348, 0x9327, 0x8B27, 0x8B27,
    0x9327, 0x82E6, 0x7AC6, 0x7AA7, 0x7286, 0x7266, 0x7266, 0x6A46,
    0x59E5, 0x51A3, 0x5183, 0x4963, 0x4184, 0x4164, 0x4144, 0x30E3,
    0x20A2, 0x1862, 0x1062, 0x1062, 0x8B8A, 0x8B8A, 0x8B8B, 0x938B,
    0x8B6B, 0x832A, 0x8309, 0x7AE8, 0x7328, 0x838B, 0x8BAB, 0x8B8B,
    0x836B, 0x838B, 0x83AC, 0x834C, 0x82CA, 0x6A89, 0x736C, 0x9CB1,
    0xB4F1, 0xBCAE, 0xB4AE, 0xAC8E, 0xAC6E, 0xAC8E, 0xB4CF, 0xB4F0,
    0xB4F0, 0xB510, 0xB4EF, 0xB4CF, 0xB4EF, 0xAD12, 0xAD33, 0xB532,
    0xACCF, 0xA44D, 0xAC8E, 0xB4F0, 0xBD31, 0xB4F0, 0xB4CF, 0xACCF,
    0xACF0, 0xAD13, 0xAD33, 0xB510, 0xAC8E, 0xA46D, 0xA46E, 0xA48E,
    0xAC8E, 0xA46E, 0xA44E, 0xA46E, 0xAC8E, 0xB4AF, 0xB48E, 0xBCAE,
    0xC50F, 0xB4AD, 0xA42D, 0x9C2E, 0xA48E, 0xA46D, 0xA42B, 0x9C2B,
    0x9C0B, 0x93CA, 0x93C9, 0x93A9, 0x93AA, 0x9BCA, 0x9BCA, 0x9BCA,
    0x9BC9, 0x9BCA, 0x9BEA, 0x9BCA, 0x93A9, 0x9BCA, 0xA3EB, 0x9C0A,
    0x9BC9, 0x9BC9, 0x9BEA, 0x9BC9, 0x9388, 0x8B68, 0x9368, 0x9368,
    0x9347, 0x9347, 0x8B27, 0x8B07, 0x82E6, 0x82C6, 0x7AA7, 0x7286,
    0x7266, 0x7266, 0x7287, 0x59E5, 0x5163, 0x5183, 0x4983, 0x4184,
    0x4164, 0x4164, 0x30E3, 0x2082, 0x1062, 0x1062, 0x1062, 0x9BEB,
    0x93CB, 0x8B8B, 0x8B8B, 0x8B8B, 0x834A, 0x8329, 0x8329, 0x8369,
    0x8B6A, 0x8BAC, 0x93CD, 0x93ED, 0x8BAB, 0x838B, 0x83AB, 0x8B8C,
    0x7AEA, 0x6268, 0x6ACA, 0x8BCE, 0xACB0, 0xB510, 0xBD10, 0xBCEF,
    0xB4CF, 0xACCF, 0xACCF, 0xB4F0, 0xB511, 0xB4F0, 0xB4EF, 0xAD10,
    0xAD52, 0xAD33, 0xB4F1, 0xA48F, 0xA46E, 0xACAE, 0xB4F0, 0xB511,
    0xB4F1, 0xB4F0, 0xB4EF, 0xAD30, 0xAD53, 0xAD12, 0xACB0, 0xA46F,
    0xA48F, 0xACEE, 0xA4AC, 0x9C6C, 0x9C4D, 0xA44D, 0xAC6E, 0xB48F,
    0xBC8F, 0xBCAF, 0xBC8E, 0xBC6D, 0xBC6E, 0xAC8F, 0x9C6E, 0x9C4C,
    0xA42C, 0xA44C, 0xA46D, 0x9C2C, 0x9BEA, 0x93C9, 0x8BA9, 0x93A9,
    0x9BEA, 0x9BCA, 0x9BCA, 0x9BEA, 0x9BE9, 0x9BC9, 0x9BC9, 0x9BA9,
    0x93A8, 0x93C9, 0x9C0B, 0xA42C, 0x9BEA, 0x9388, 0x8B26, 0x8B47,
    0x93A8, 0x9BC8, 0x9B88, 0x9368, 0x9348, 0x9327, 0x8B26, 0x82E5,
    0x82E7, 0x82E8, 0x7A67, 0x7266, 0x7267, 0x7287, 0x59E5, 0x4963,
    0x5183, 0x4984, 0x49A4, 0x4184, 0x4144, 0x30E3, 0x20A2, 0x1061,
    0x1062, 0x1862, 0x9BEB, 0x9BCB, 0x93AB, 0x93AC, 0x93AC, 0x93AB,
    0x8B6B, 0x834A, 0x8349, 0x8B6A, 0x8BAB, 0x8BCC, 0x940D, 0x9C0D,
    0x9C0D, 0x940D, 0x8BED, 0x8BED, 0x8BAB, 0x72E8, 0x6AA7, 0x6AE9,
    0x7B6C, 0x942D, 0xACAE, 0xB4F0, 0xBD31, 0xB510, 0xACCF, 0xACEF,
    0xACF0, 0xB4F0, 0xB4F0, 0xAD11, 0xA511, 0xA4D0, 0xA490, 0x9C6F,
    0xA4AF, 0xB4F0, 0xB4F0, 0xACD0, 0xACCF, 0xB4F0, 0xB510, 0xAD11,
    0xA4F1, 0xA4B0, 0xA4B0, 0xA48F, 0x9C6E, 0x8C4C, 0x8C2D, 0x9C2F,
    0xB44F, 0xB48E, 0xACCE, 0xB4AF, 0xB48F, 0xB46E, 0xB44E, 0xB48E,
    0xAC8E, 0x9C6D, 0xA46D, 0xA42C, 0x9C0B, 0x942C, 0x942C, 0x940B,
    0x93CA, 0x93CA, 0x9BEB, 0x9C0A, 0x9BCA, 0x93A9, 0x9BA9, 0xA369,
    0x9B68, 0x8B87, 0x8B88, 0x8388, 0x8389, 0x93A9, 0x93CA, 0x93A9,
    0x93C9, 0x93C9, 0x9BE9, 0x9BE9, 0xA3E8, 0xA3C9, 0xA369, 0x9327,
    0x9327, 0x9368, 0x8307, 0x8307, 0x82C7, 0x7A66, 0x7A67, 0x7287,
    0x7267, 0x59E5, 0x5183, 0x59A4, 0x5184, 0x4984, 0x4164, 0x3923,
    0x30E2, 0x20A2, 0x1061, 0x1062, 0x1862, 0x93AB, 0x93AB, 0x93AB,
    0x93AB, 0x93CC, 0x93AC, 0x8B6A, 0x8349, 0x8349, 0x838A, 0x8BAC,
    0x93CD, 0x9BED, 0x9BEC, 0x9C0C, 0x9C0D, 0xA42D, 0x9C0D, 0x93EC,
    0x9C0D, 0x9BCC, 0x936A, 0x8329, 0x7B8B, 0x8C0D, 0xA46E, 0xB511,
    0xB531, 0xACF0, 0xB4F0, 0xB4EF, 0xB4CF, 0xACD0, 0xACF0, 0xAD11,
    0xB512, 0xA4F1, 0x9CB0, 0xA4B0, 0xACD0, 0xB4F0, 0xACD0, 0xB4CF,
    0xACCF, 0xACD0, 0xACF1, 0xAD12, 0xB4F2, 0xA4F1, 0xA4B0, 0x9C6F,
    0x946F, 0x9471, 0x9C91, 0xA4D0, 0xA4AF, 0xA4AF, 0xACB0, 0xACD0,
    0xACF0, 0xACCF, 0xAC8E, 0xA46E, 0x9C4E, 0x93ED, 0x9C0B, 0xA44B,
    0x9C4C, 0x9C2C, 0x9C0B, 0x93CA, 0x93EA, 0x93CA, 0x8B88, 0x8B68,
    0x9369, 0x9B89, 0xA3AB, 0x93A9, 0x7B68, 0x7B28, 0x8BAA, 0x9C2C,
    0x9BEB, 0x93A9, 0x93A9, 0x944B, 0x9C4B, 0x9C2A, 0x9BE9, 0xA3E8,
    0xA3C9, 0x9BA9, 0x8B47, 0x8307, 0x9348, 0x8B27, 0x82E7, 0x7AA6,
    0x7266, 0x7A87, 0x7A87, 0x6205, 0x59C5, 0x59A4, 0x59A4, 0x51A4,
    0x4984, 0x4144, 0x3923, 0x30E2, 0x20A2, 0x1062, 0x1042, 0x1862,
    0x940C, 0x93EC, 0x8BAB, 0x8BCC, 0x93AC, 0x8B4B, 0x8329, 0x8349,
    0x8349, 0x8B69, 0x8B4A, 0x936B, 0x93AC, 0x93EC, 0x93ED, 0x9C0D,
    0x9C2D, 0x9C2D, 0x9C2D, 0x9C0D, 0x9C0D, 0x9BCC, 0x938B, 0x8BEC,
    0x946E, 0xA48E, 0xACF0, 0xB511, 0xB531, 0xB510, 0xB4EF, 0xB4EF,
    0xB4D0, 0xB4CF, 0xACCE, 0xACCF, 0xACD0, 0xACF1, 0xACB0, 0xACAF,
    0xACCF, 0xACD0, 0xB4F0, 0xB4F0, 0xB4CF, 0xB4CE, 0xACCF, 0xACD0,
    0xACF0, 0xACD0, 0xACD0, 0xA4B1, 0x9CB1, 0x9CD0, 0xA4D0, 0xACAF,
    0xAC90, 0xACAF, 0xA48E, 0x9C6E, 0x9C8E, 0xAC8F, 0xA48F, 0x8C4D,
    0x8BEB, 0x9C0B, 0xA44B, 0x9C0B, 0x93EA, 0x8BAA, 0x8B68, 0x8BA9,
    0x93CA, 0x93CA, 0x93EA, 0x93EA, 0x8BEA, 0x8BCA, 0x8BCA, 0x8BCA,
    0x8389, 0x8BAA, 0xA40B, 0xA44D, 0xA44D, 0x942C, 0x8C0B, 0x940A,
    0x9BE9, 0x9BA9, 0xA3E9, 0x9C09, 0x8BA8, 0x8B47, 0x82E6, 0x82C6,
    0x8AE6, 0x8AC7, 0x7A86, 0x7266, 0x7267, 0x7246, 0x59C4, 0x59C4,
    0x59C4, 0x59A4, 0x51A4, 0x4984, 0x3943, 0x3923, 0x28E2, 0x20A2,
    0x1862, 0x1042, 0x1862, 0x940C, 0x93EC, 0x93CC, 0x93CC, 0x8B8B,
    0x8B4A, 0x8349, 0x8328, 0x7B07, 0x7B09, 0x7B2C, 0x838D, 0x9C0C,
    0xAC4C, 0xA44D, 0x9C2D, 0x9C2D, 0x9C0D, 0x9BED, 0x9C0D, 0x9C0D,
    0x8B8C, 0x7B0B, 0x7B6D, 0x8BED, 0xAC6D, 0xBCF0, 0xB511, 0xA530,
    0xAD30, 0xAD30, 0xAD30, 0xB530, 0xB4EF, 0xB4AF, 0xAC8E, 0xACAE,
    0xACD0, 0xACD0, 0xACD0, 0xACAF, 0xACAF, 0xAD10, 0xB550, 0xB530,
    0xB4EF, 0xACAE, 0xAC8E, 0xACAF, 0xACD0, 0xACD0, 0xA4B0, 0xA4AF,
    0xACCF, 0xB4F1, 0xA4B0, 0xA4AF, 0xACCF, 0xACAF, 0xACAF, 0xACD0,
    0xA4B0, 0x946E, 0x942C, 0x944D, 0xA46C, 0xA44B, 0xA44B, 0x9C0B,
    0x9BEB, 0x9BEA, 0x9C0B, 0x9C0B, 0x93CA, 0x8B89, 0x8BAA, 0x93EB,
    0x93AB, 0x8389, 0x8367, 0x8B67, 0x8B68, 0x9389, 0x8B69, 0x8348,
    0x8327, 0x8B49, 0x9BA9, 0x9BC9, 0x93A8, 0xA3E9, 0x9BE9, 0x8B67,
    0x8B47, 0x82E6, 0x82A6, 0x82C6, 0x82C7, 0x7AA7, 0x7286, 0x7266,
    0x6A26, 0x61C5, 0x59C4, 0x59C4, 0x59A4, 0x51A4, 0x4984, 0x3943,
    0x3922, 0x30E2, 0x20A2, 0x1862, 0x1062, 0x1062, 0x93EC, 0x940C,
    0x93EC, 0x8BCC, 0x836C, 0x834A, 0x8348, 0x8328, 0x7B29, 0x832A,
    0x7B2A, 0x72A9, 0x72A9, 0x8B4B, 0x9C2C, 0xAC8E, 0xAC6F, 0x9C0E,
    0x93CC, 0x9BEC, 0x93CC, 0x8B8B, 0x7B2A, 0x7B4B, 0x83ED, 0xA4CF,
    0xBD31, 0xBD12, 0xB4F1, 0xBD11, 0xB510, 0xACCF, 0xB4CF, 0xB4EF,
    0xACCF, 0xACAF, 0xAC8E, 0xACAE, 0xACCF, 0xACCF, 0xACCF, 0xB4CF,
    0xACCF, 0xB4F0, 0xB4D0, 0xB4CF, 0xACCF, 0xACAF, 0xACAE, 0xACCF,
    0xACCF, 0xACB0, 0xACD0, 0xACF1, 0xAD12, 0xB4F1, 0xACB0, 0xA48F,
    0xACAF, 0xB511, 0xAD53, 0x9CB1, 0x9C0D, 0x9C0B, 0x9C4C, 0xA44C,
    0xA44B, 0xA44B, 0x9C2B, 0x9BEA, 0x93CA, 0x8BCA, 0x8BCA, 0x8BA9,
    0x8B69, 0x8B8A, 0x93EA, 0x93CB, 0x8B6A, 0x7B28, 0x8368, 0x7B48,
    0x72C7, 0x72C6, 0x7AC6, 0x7AC6, 0x72E6, 0x7B07, 0x8B88, 0x9BC9,
    0xA40A, 0x9BA9, 0x8B47, 0x8B68, 0x8307, 0x82A6, 0x82A6, 0x82A6,
    0x7AA6, 0x7286, 0x7246, 0x6A26, 0x61E5, 0x59C4, 0x51A4, 0x5984,
    0x51A4, 0x4984, 0x3943, 0x3903, 0x30E2, 0x20A2, 0x1862, 0x1042,
    0x1062, 0x940B, 0x8BEB, 0x7BAB, 0x83AB, 0x8B6B, 0x8308, 0x7B07,
    0x8349, 0x8B4A, 0x7B09, 0x8309, 0x832A, 0x8329, 0x6A88, 0x7B2A,
    0xA44E, 0xA44D, 0x9C2E, 0x93CD, 0x9BEC, 0x836A, 0x7B2A, 0x838B,
    0xA46F, 0xC511, 0xC530, 0xB4EF, 0xACAF, 0xACCF, 0xACCF, 0xB4CF,
    0xACAF, 0xACAF, 0xACAF, 0xACCF, 0xACCF, 0xACCF, 0xACCF, 0xACCF,
    0xACAF, 0xB4F0, 0xB531, 0xB4F0, 0xACAF, 0xAC8E, 0xACAF, 0xACCF,
    0xACCF, 0xACCF, 0xACAE, 0xACCF, 0xB510, 0xB4F0, 0xA48F, 0x9C6F,
    0xA4AF, 0xACCF, 0xA4B0, 0xACCF, 0x9C6F, 0x8C0E, 0x8C2C, 0x942B,
    0x9C0C, 0xA42C, 0xA44C, 0xA46B, 0x9C0B, 0x93C9, 0x93C9, 0x93EA,
    0x8BAA, 0x8BA9, 0x8BCA, 0x93EB, 0x93EB, 0x93CA, 0x8BAA, 0x8369,
    0x7B27, 0x7B48, 0x8348, 0x8328, 0x8328, 0x8B48, 0x8B68, 0x8B68,
    0x8B68, 0x93A9, 0x9BE9, 0x9BE9, 0x9388, 0x8347, 0x8B68, 0x8B08,
    0x82A6, 0x8AC6, 0x82A6, 0x7A86, 0x7286, 0x7266, 0x6A06, 0x6A06,
    0x59E5, 0x59E5, 0x59A4, 0x5184, 0x4163, 0x3923, 0x3903, 0x30E2,
    0x20C2, 0x1862, 0x1042, 0x1062, 0x8BCC, 0x83EC, 0x8BEA, 0x8B69,
    0x7AC8, 0x72A8, 0x8329, 0x8B69, 0x8B69, 0x832A, 0x832A, 0x82E9,
    0x72A8, 0x72A8, 0x8BAB, 0xA48D, 0x9C2B, 0xA40D, 0xA40F, 0xA44E,
    0x9C0D, 0x9C0D, 0xAC4F, 0xBC91, 0xBCB1, 0xBC90, 0xB4D0, 0xB4EF,
    0xB4F0, 0xB4CF, 0xB4CF, 0xB4CF, 0xACCF, 0xACAF, 0xACCF, 0xACCE,
    0xACCF, 0xACAF, 0xAC8E, 0xAC8F, 0xACCF, 0xB4F0, 0xB4F0, 0xACCF,
    0xACAF, 0xACCF, 0xACCF, 0xACCE, 0xACAF, 0xACAF, 0xACAF, 0xACAF,
    0xAC8E, 0xA46E, 0x9C6E, 0x9C6E, 0x9C8E, 0xA4AF, 0xACAF, 0x940D,
    0x7B49, 0x83A9, 0x8C2B, 0x944C, 0x9BEC, 0xA42B, 0xA48B, 0xA46B,
    0x9C2A, 0x9C0B, 0x9C2C, 0x93EB, 0x93CA, 0x93CA, 0x93CA, 0x93EA,
    0x93EA, 0x8BAA, 0x8B8A, 0x8368, 0x8368, 0x7B07, 0x7AE7, 0x8369,
    0x8B89, 0x8348, 0x8348, 0x8348, 0x93A9, 0x9C0A, 0xA40A, 0x9BA9,
    0x8B48, 0x8B48, 0x8307, 0x82C6, 0x82C6, 0x8AA6, 0x8286, 0x7AA7,
    0x7286, 0x6A25, 0x6A05, 0x6206, 0x59E6, 0x59A4, 0x4963, 0x4164,
    0x4144, 0x3923, 0x30E2, 0x20C2, 0x1862, 0x1042, 0x1042, 0x838A,
    0x93CA, 0x8B69, 0x6A86, 0x6246, 0x7AC8, 0x93AB, 0x8B8A, 0x8B49,
    0x8B49, 0x7B29, 0x72E9, 0x7B2A, 0x8BEB, 0x9C2C, 0x9BEC, 0x93AD,
    0x9C0F, 0xA44F, 0x9C4E, 0x9C0E, 0x9C2F, 0xA48F, 0xA4AE, 0xAC8E,
    0xB4AF, 0xB4F0, 0xB4F0, 0xB4CF, 0xACAF, 0xACAF, 0xB4CF, 0xB4CF,
    0xB4CF, 0xACCE, 0xACCF, 0xB4CF, 0xB4CF, 0xACAF, 0xACCF, 0xB4CF,
    0xACCF, 0xACCF, 0xB4CF, 0xB4CF, 0xACCE, 0xACCE, 0xB4CF, 0xB4CF,
    0xACCF, 0xACAF, 0xAC8E, 0xAC8E, 0xA48F, 0x9C6F, 0x942D, 0x9C4E,
    0xA4AF, 0xA48E, 0x9C6D, 0x946D, 0x9C6D, 0x9C4D, 0xA46D, 0x9C4C,
    0x9C4B, 0xA42A, 0xA40A, 0x9BEA, 0x93EB, 0x9C0B, 0x9C0B, 0x93EA,
    0x8BCA, 0x93EA, 0x93EA, 0x8BCA, 0x93CA, 0x9C4C, 0xA48D, 0xA46C,
    0x8BA9, 0x7AE7, 0x7AE7, 0x8328, 0x8B69, 0x8B89, 0x8B69, 0x8B68,
    0x8BA8, 0x8BA9, 0x8B89, 0x8B48, 0x8B47, 0x8307, 0x82A7, 0x82C6,
    0x82C5, 0x82A6, 0x7AA7, 0x7287, 0x7266, 0x6A25, 0x59C5, 0x5184,
    0x5183, 0x4984, 0x4964, 0x3944, 0x3103, 0x28E2, 0x20C2, 0x1062,
    0x1062, 0x1062, 0x93AA, 0x8BAA, 0x8369, 0x7B08, 0x8348, 0x8B8A,
    0x8B8B, 0x834A, 0x8328, 0x8328, 0x8B8C, 0x9C0E, 0xA40D, 0x9BEC,
    0x9BCC, 0x9C0E, 0xA44F, 0xA470, 0xA44F, 0xA46F, 0x9C4F, 0x9C2F,
    0xAC6F, 0xB4CF, 0xB4EF, 0xB4CF, 0xB4F0, 0xB511, 0xB510, 0xACCF,
    0xACAF, 0xACAF, 0xB4CF, 0xB4CF, 0xB4CF, 0xB4CF, 0xACAF, 0xA48E,
    0xA48E, 0xACAF, 0xACCF, 0xACCF, 0xACCF, 0xB4CF, 0xB4CF, 0xACCF,
    0xB4CF, 0xB4CF, 0xA48E, 0xA48E, 0xA4AF, 0xACAF, 0xACAF, 0xA4AF,
    0x9CB0, 0x946F, 0x944E, 0x9C4E, 0x9C6E, 0xA48F, 0xA48E, 0xA46D,
    0xA44C, 0xA46D, 0xA46D, 0xA44C, 0x9C09, 0x93A9, 0x9389, 0x8BA9,
    0x8BA9, 0x8BA9, 0x93A9, 0x9BEA, 0x9BEA, 0x9C0B, 0xA42C, 0xAC6D,
    0xAC6D, 0xA42D, 0x9BCD, 0x8BAB, 0x7B27, 0x6A84, 0x7AE6, 0x9389,
    0x8389, 0x7B08, 0x7B08, 0x8389, 0x8389, 0x8348, 0x8307, 0x8326,
    0x82E7, 0x82A7, 0x82C6, 0x82A5, 0x7A86, 0x7A87, 0x7AA7, 0x7266,
    0x6A26, 0x59E5, 0x59C5, 0x51A4, 0x4984, 0x4144, 0x3103, 0x30E2,
    0x28E2, 0x20C2, 0x1062, 0x1062, 0x1082, 0x8BAA, 0x8B89, 0x8389,
    0x8369, 0x8B89, 0x8B8A, 0x8B6A, 0x8B49, 0x8349, 0x836A, 0x93CC,
    0x93CC, 0x838B, 0x8B8B, 0x93CC, 0x9BEC, 0x93EC, 0x940E, 0x9C2F,
    0x9C6F, 0xA46F, 0xAC8F, 0xB4D0, 0xB4B0, 0xB4D0, 0xB4F0, 0xB510,
    0xB510, 0xB4F0, 0xB511, 0xB510, 0xB4EF, 0xB4F0, 0xB4CF, 0xB4EF,
    0xB4EF, 0xACCF, 0xACAE, 0xA4AE, 0xA48E, 0xAC8F, 0xB4F0, 0xB510,
    0xB510, 0xB4EF, 0xB4CF, 0xB4CF, 0xB4CF, 0xACCF, 0xA4AE, 0xA4AE,
    0xACCF, 0xACAE, 0xA48E, 0x9C6E, 0x944E, 0x946F, 0x9C90, 0x9CB0,
    0x944E, 0x8BEC, 0x8C0C, 0x944C, 0xA44D, 0x9C4C, 0xA44C, 0xA42B,
    0x93C9, 0x93A9, 0x9BEB, 0xA44C, 0x93A9, 0x8B47, 0x9368, 0x93CA,
    0x9C2B, 0xA44C, 0xA42C, 0x9C0B, 0x9C0B, 0x93EC, 0x9C0B, 0x8BA9,
    0x72C6, 0x6AA6, 0x7308, 0x7B49, 0x7B08, 0x72C8, 0x72E7, 0x7308,
    0x7308, 0x7AE7, 0x7B07, 0x82E6, 0x82A6, 0x7AA6, 0x82A5, 0x8286,
    0x7AA6, 0x7286, 0x7266, 0x6A46, 0x6226, 0x5A06, 0x59C5, 0x51A4,
    0x4123, 0x28A2, 0x30E2, 0x2902, 0x20C3, 0x1062, 0x1062, 0x1082,
    0x8B8A, 0x8B69, 0x8328, 0x8348, 0x8369, 0x8B8A, 0x8B8B, 0x8B8A,
    0x8B49, 0x8B28, 0x936A, 0x9BCD, 0x9BEE, 0x9BED, 0x93CC, 0x93EC,
    0x940D, 0x9C2E, 0xA44F, 0xA44F, 0xA46F, 0xA48F, 0xACAF, 0xACB0,
    0xB4D0, 0xB4F0, 0xB4F0, 0xB4F0, 0xB4CF, 0xB4EF, 0xB4EF, 0xB4F0,
    0xB4D0, 0xB4F0, 0xB4F0, 0xB4F0, 0xB4F0, 0xB510, 0xAD0F, 0xACEF,
    0xB4D0, 0xB510, 0xB4F0, 0xB4F0, 0xB4D0, 0xB4F0, 0xB4F0, 0xB4F0,
    0xB4F0, 0xB510, 0xB50F, 0xACCF, 0xA4AE, 0xA48E, 0x9C6E, 0x83EB,
    0x7BCB, 0x942D, 0x946E, 0x946E, 0x946E, 0x946E, 0x944D, 0x9C4C,
    0x9C4C, 0xA42C, 0xA42B, 0xA42B, 0x9BEA, 0x93A9, 0x9C0A, 0x9BEA,
    0x9BEA, 0xA42B, 0xA42C, 0x9C2B, 0x9C2B, 0xA46C, 0xA44C, 0x9C0B,
    0x9BEB, 0x93CA, 0x93AA, 0x8B89, 0x7B28, 0x72E7, 0x7328, 0x8349,
    0x834A, 0x7308, 0x7328, 0x7B28, 0x8328, 0x8328, 0x8307, 0x7AA6,
    0x7A85, 0x82C6, 0x8AE7, 0x7AA6, 0x6A85, 0x6265, 0x6A66, 0x6246,
    0x5A26, 0x59E6, 0x59C5, 0x4144, 0x28A2, 0x28C2, 0x28E2, 0x20C3,
    0x1062, 0x1062, 0x1082, 0x93AB, 0x8B69, 0x8348, 0x8B89, 0x8B89,
    0x8369, 0x8329, 0x8B6A, 0x9369, 0x8308, 0x72C7, 0x6AA7, 0x72C9,
    0x834C, 0xA42E, 0xAC6E, 0x93EE, 0x7BAE, 0x83AF, 0x9C30, 0xA490,
    0xA4B1, 0xACB1, 0xB4D1, 0xB4D0, 0xAC8F, 0xACAF, 0xACAF, 0xB4CF,
    0xB4F0, 0xBD10, 0xBD10, 0xB4F0, 0xB4F0, 0xB4F0, 0xACF0, 0xB4F0,
    0xB4F0, 0xACCF, 0xB4CF, 0xB4F0, 0xB4F0, 0xB510, 0xB510, 0xB4F1,
    0xB4F0, 0xB4F0, 0xACF0, 0xB4F0, 0xB4EF, 0xACEF, 0xACCF, 0xACCE,
    0xA4AD, 0x9C8D, 0x942C, 0x942C, 0x942C, 0x944D, 0x946E, 0x946E,
    0x8C4E, 0x8C2D, 0x9C6C, 0xA46C, 0xA44C, 0xA42B, 0xA40B, 0x9C0A,
    0xA40B, 0xA42B, 0xA3EA, 0x9BEA, 0x9BEA, 0x9C0A, 0x9C2B, 0x9C2B,
    0x940B, 0x93CA, 0x93AA, 0x9BEA, 0x93CA, 0x8BAA, 0x9BAA, 0x9389,
    0x8B27, 0x7AE7, 0x7B08, 0x8349, 0x8369, 0x7B89, 0x7B89, 0x836A,
    0x8349, 0x8307, 0x7AA6, 0x7A85, 0x82A7, 0x8AE7, 0x7AC6, 0x6A85,
    0x6265, 0x6A67, 0x6226, 0x51E5, 0x59C5, 0x59C6, 0x4965, 0x28C3,
    0x28C2, 0x28E2, 0x20C2, 0x1062, 0x1062, 0x10A3, 0x8B6A, 0x8B69,
    0x8B69, 0x8BAA, 0x8349, 0x8328, 0x8B49, 0x9369, 0x9369, 0x8B28,
    0x7AE8, 0x6A88, 0x59E6, 0x40E2, 0x51A5, 0x7B0B, 0x93CF, 0x8BCF,
    0x83AE, 0x9451, 0x9C92, 0xA4B2, 0xACD1, 0xB4F0, 0xBD11, 0xBCF1,
    0xB4F0, 0xBCF0, 0xBD11, 0xBD10, 0xB4CF, 0xB4CF, 0xB4D0, 0xB4F0,
    0xACCF, 0xACD0, 0xACD0, 0xB510, 0xB550, 0xBD10, 0xB4D0, 0xACAF,
    0xACCF, 0xB4CF, 0xB4F0, 0xB4F0, 0xACCF, 0xACD0, 0xB4F0, 0xB510,
    0xB550, 0xC531, 0xB510, 0xA4CE, 0xA4AD, 0xACCE, 0xA4AD, 0x942B,
    0xA48D, 0x9C6D, 0x83CB, 0x7B8A, 0x83EC, 0x8C2D, 0x8BEB, 0x940B,
    0x9C2B, 0xA3EA, 0xA40B, 0xAC4D, 0xAC6D, 0x9BCA, 0x9388, 0x9BE9,
    0x9C2B, 0x9C2B, 0x9C0B, 0x9BEA, 0x93EA, 0x93CA, 0x93CA, 0x9BAA,
    0x9BAA, 0x9BAA, 0x93AA, 0x9389, 0x8B48, 0x8308, 0x7B28, 0x7348,
    0x7368, 0x7B68, 0x8349, 0x8309, 0x82E8, 0x82E6, 0x7AC5, 0x7A85,
    0x7A65, 0x7AA6, 0x72A6, 0x6AA6, 0x7287, 0x5A46, 0x5205, 0x5184,
    0x59C6, 0x51C6, 0x3924, 0x28E2, 0x20E2, 0x20C3, 0x1862, 0x1083,
    0x10A3, 0x938A, 0x93AA, 0x8B69, 0x8348, 0x8307, 0x8327, 0x9369,
    0x9389, 0x9349, 0x8308, 0x7AE7, 0x8329, 0x82EA, 0x59A6, 0x5185,
    0x6A68, 0x8B8D, 0x8BAD, 0x8BAD, 0xACB1, 0xB511, 0xB4F1, 0xACD1,
    0xACD1, 0xB4F1, 0xB4F0, 0xB4F0, 0xB4F0, 0xB4F0, 0xB4F0, 0xB4F0,
    0xB4F0, 0xB4F0, 0xB4F0, 0xB510, 0xB510, 0xB4F0, 0xACCF, 0xA4CF,
    0xB4F0, 0xBD10, 0xB4F0, 0xACF0, 0xB4F0, 0xB4F0, 0xB4F0, 0xB510,
    0xB4F0, 0xB4F0, 0xACCF, 0xACD0, 0xB4F0, 0xB4F0, 0xB510, 0xB50F,
    0xB50F, 0xAD0F, 0xA4CE, 0xA48D, 0x942B, 0x8C0B, 0x8C4C, 0x8C4D,
    0x8C2C, 0x83EB, 0x8C0C, 0x942C, 0x9C0A, 0xA3E9, 0xA3E9, 0x9C2B,
    0x9BCA, 0x9BA9, 0x9BE9, 0x9C2B, 0xA44C, 0x9C0B, 0x9C0B, 0x93EA,
    0x93CA, 0x93CA, 0x9BCA, 0x938A, 0x9369, 0x8B8A, 0x8B8A, 0x8B69,
    0x8348, 0x7B28, 0x7B28, 0x7B29, 0x7B29, 0x7B49, 0x8369, 0x8329,
    0x82C7, 0x6A44, 0x6A24, 0x7A85, 0x82E6, 0x72C7, 0x6AA7, 0x6AA7,
    0x6AC7, 0x5A66, 0x5184, 0x51A6, 0x51E7, 0x3965, 0x3123, 0x20E2,
    0x20C3, 0x1882, 0x10A3, 0x10A4, 0x93CB, 0x8B69, 0x8327, 0x8327,
    0x8B48, 0x8B69, 0x8B68, 0x8B27, 0x8B07, 0x82E7, 0x8AE6, 0x8B28,
    0x834A, 0x7AC9, 0x72C8, 0x7AE8, 0x7B2A, 0x836D, 0x8BAF, 0x9410,
    0x942F, 0xA490, 0xB512, 0xACF1, 0xB4F1, 0xB510, 0xB4F0, 0xB4F0,
    0xB4F0, 0xB4F0, 0xB510, 0xB4F0, 0xB4F0, 0xACF0, 0xB510, 0xB4F0,
    0xB4F0, 0xACD0, 0xA4CF, 0xB4D0, 0xB4D0, 0xACF0, 0xB4F0, 0xB4F0,
    0xB4F0, 0xB4F0, 0xB4F0, 0xB4F0, 0xB4F0, 0xACCF, 0xACCF, 0xACF0,
    0xACF0, 0xACF0, 0xACCF, 0xB4CE, 0xB4CE, 0xACEF, 0xACCF, 0xACCE,
    0xA48D, 0x942C, 0x8C0B, 0x8C2C, 0x942D, 0x942D, 0x940B, 0x93EA,
    0x9BE9, 0xA3EA, 0xA40B, 0xA40B, 0xA40A, 0xA42A, 0xA44B, 0x9C2B,
    0x93EA, 0x940A, 0x9C0A, 0x9BEB, 0x93EB, 0x9BEA, 0x93CA, 0x8B69,
    0x8B89, 0x93CA, 0x93CA, 0x93AA, 0x8369, 0x7B28, 0x7B08, 0x7B28,
    0x8349, 0x8349, 0x8308, 0x7AA7, 0x7225, 0x7A86, 0x8327, 0x8306,
    0x7AC5, 0x7AA6, 0x72C8, 0x6B09, 0x6287, 0x5184, 0x51C5, 0x51E6,
    0x4186, 0x3123, 0x28E2, 0x20C3, 0x18A3, 0x10A4, 0x10C5, 0x8BAB,
    0x8B69, 0x8B48, 0x9368, 0x9348, 0x9368, 0x9389, 0x8B48, 0x8307,
    0x82C7, 0x8AC7, 0x8307, 0x8329, 0x832A, 0x834A, 0x832A, 0x832A,
    0x838D, 0x8BF0, 0x8BF0, 0x9C0F, 0xAC6F, 0xACD0, 0xB511, 0xBD11,
    0xB4F0, 0xB4F0, 0xB4F0, 0xB4F0, 0xB4F0, 0xB4D0, 0xB4D0, 0xACD0,
    0xACF0, 0xB4F0, 0xB4F1, 0xB4F1, 0xB4F1, 0xB511, 0xB510, 0xB4F0,
    0xB510, 0xB4F0, 0xB4D0, 0xACF0, 0xACF0, 0xB511, 0xB4F1, 0xB4F1,
    0xB4F1, 0xB511, 0xB510, 0xB530, 0xAD10, 0xACEF, 0xACAE, 0xACAD,
    0xACAE, 0xACAE, 0xACEF, 0xB50F, 0xACAE, 0x9C2C, 0x8BEB, 0x840B,
    0x8C0C, 0x93EC, 0x9C0B, 0x9BEA, 0x9BC9, 0x9BEB, 0xAC6C, 0xAC8C,
    0x9C2A, 0x9C4B, 0x9C2B, 0x9C0A, 0x9C0A, 0x9C2B, 0xA42C, 0x9C0B,
    0x93AA, 0x9389, 0x938A, 0x93CA, 0x93CB, 0x93AA, 0x93CA, 0x8BA9,
    0x7B28, 0x7B08, 0x7B28, 0x7B49, 0x7B08, 0x7AE7, 0x82C7, 0x82C6,
    0x82E7, 0x8307, 0x7AC6, 0x7AE5, 0x8307, 0x82EA, 0x72EA, 0x6288,
    0x59C6, 0x51C7, 0x51E7, 0x41A5, 0x3144, 0x28E3, 0x20C3, 0x20C3,
    0x10C4, 0x10E5, 0x8BAB, 0x9389, 0x9347, 0x9368, 0x9388, 0x9389,
    0x9389, 0x8328, 0x8307, 0x8B07, 0x8AC7, 0x82E7, 0x8328, 0x8B6B,
    0x834B, 0x7AEA, 0x836D, 0x93EF, 0x942F, 0x942F, 0x9C6F, 0xAC8F,
    0xAC90, 0xACD0, 0xACD0, 0xACB0, 0xACD0, 0xACF0, 0xACF0, 0xB510,
    0xB510, 0xB510, 0xB510, 0xB4F0, 0xACD0, 0xACD0, 0xACF0, 0xB510,
    0xB511, 0xB4F0, 0xB4D0, 0xB4F1, 0xB510, 0xB510, 0xB510, 0xB4F0,
    0xACD0, 0xACD0, 0xACF0, 0xB511, 0xB531, 0xB531, 0xACF0, 0xACD0,
    0xACCF, 0xACCF, 0xACAE, 0xACAE, 0xAC8D, 0xACAE, 0xACCE, 0xB4EF,
    0xB4CF, 0x9C6D, 0x8C0B, 0x8BEA, 0x93EA, 0x9C0C, 0x9C0B, 0x9C0B,
    0x9C2B, 0xA46C, 0xA46C, 0x9C0A, 0x9C2B, 0x9C4C, 0xA44C, 0x9C4C,
    0x9C2B, 0x9C0B, 0x9C4B, 0x9C2B, 0x93EA, 0x93CA, 0x93AA, 0x8B89,
    0x8B69, 0x8B69, 0x8368, 0x7B28, 0x7B08, 0x7B08, 0x7B28, 0x8328,
    0x82E7, 0x82C6, 0x7AC6, 0x82E7, 0x8B07, 0x82E6, 0x7AC6, 0x7AE8,
    0x832B, 0x7B2A, 0x6288, 0x59C7, 0x51E8, 0x5208, 0x41A5, 0x3144,
    0x2903, 0x20C3, 0x20C3, 0x18E5, 0x1106, 0x8B8A, 0x8B8A, 0x9389,
    0x8BAA, 0x8B69, 0x8307, 0x82E7, 0x8307, 0x8B48, 0x9328, 0x8B07,
    0x82E7, 0x8308, 0x8B2A, 0x834B, 0x7B6B, 0x8BCC, 0x8BEC, 0x8BED,
    0x8BEE, 0x8BEE, 0x942F, 0xA490, 0xACB0, 0xB4F0, 0xBD31, 0xB531,
    0xB510, 0xB4F0, 0xB4F0, 0xB510, 0xB510, 0xACEF, 0xACF0, 0xACF0,
    0xACD0, 0xACAF, 0xACD0, 0xACF0, 0xACF0, 0xACD0, 0xB4F1, 0xB531,
    0xB510, 0xACEF, 0xACF0, 0xACD0, 0xACAF, 0xACAF, 0xACD0, 0xACF0,
    0xAD10, 0xB510, 0xB4D0, 0xACAF, 0xACCF, 0xACCF, 0xACAE, 0xACAF,
    0xACCF, 0xACAE, 0xA46D, 0xA46D, 0xA46D, 0x9C0C, 0x93EA, 0x93EA,
    0x93EB, 0xA40C, 0xA42C, 0x9C2B, 0xA42C, 0xA44C, 0x9C0B, 0x9C0A,
    0x940B, 0x9C2B, 0xA44C, 0xA44B, 0x9C0B, 0x9C2B, 0x93EB, 0x8BCA,
    0x8BAA, 0x93AA, 0x93CA, 0x8B89, 0x8348, 0x7B08, 0x7B07, 0x72E7,
    0x72C7, 0x72E7, 0x8328, 0x8B27, 0x82C6, 0x7AA6, 0x7AC6, 0x82E7,
    0x7AE6, 0x7285, 0x7AA7, 0x8B4C, 0x7B4B, 0x6A88, 0x59C6, 0x59E8,
    0x5208, 0x41C5, 0x3184, 0x2923, 0x28C3, 0x20C3, 0x1105, 0x1147,
    0x836A, 0x8B8A, 0x8BA9, 0x8B8A, 0x8328, 0x7B07, 0x8347, 0x8B48,
    0x9368, 0x9369, 0x8B07, 0x8AE7, 0x8308, 0x82EA, 0x7B0A, 0x732A,
    0x838C, 0x8BAD, 0x8BAD, 0x93EE, 0x9C2F, 0xACB0, 0xB4F1, 0xBCF1,
    0xBD10, 0xB510, 0xB4F0, 0xACD0, 0xACF0, 0xACAF, 0xAC8F, 0xACAF,
    0xAC8F, 0xACAF, 0xACCF, 0xB4F0, 0xACD0, 0xACCF, 0xB4F0, 0xB510,
    0xB511, 0xACF0, 0xAC8F, 0xAC8F, 0xAC8F, 0xACCF, 0xACEF, 0xACF0,
    0xACF0, 0xACD0, 0xB4F0, 0xACD0, 0xACD0, 0xACB0, 0xACCF, 0xACCF,
    0xACCF, 0xACAE, 0xACAE, 0xACAE, 0xAC8E, 0xAC8E, 0xA48D, 0x9C6C,
    0xA44D, 0x9C0C, 0x93EA, 0x93EA, 0x9C0B, 0x9C0C, 0x9C0B, 0x9C0B,
    0x9C0B, 0x9BEB, 0x9BEA, 0x9C0B, 0x9C2B, 0x9C2B, 0x9C2B, 0x9C2B,
    0x9C2B, 0x9C0B, 0x93CA, 0x93CA, 0x93CA, 0x8BAA, 0x8348, 0x7B08,
    0x7AE8, 0x72C7, 0x72C7, 0x7AE7, 0x7B07, 0x8307, 0x82E7, 0x82C6,
    0x82C6, 0x82E6, 0x82E7, 0x7AC5, 0x7285, 0x72A7, 0x8B4D, 0x7B2B,
    0x6A88, 0x59E6, 0x59E8, 0x5A09, 0x41C6, 0x31A3, 0x3103, 0x30C4,
    0x18E4, 0x1146, 0x1167, 0x8B6A, 0x8348, 0x7B28, 0x8369, 0x8BAA,
    0x93CA, 0x93CA, 0x8B89, 0x9388, 0x9B89, 0x9328, 0x8B08, 0x8308,
    0x7B0A, 0x72EA, 0x7B0A, 0x8B8C, 0x9C0E, 0xA44F, 0x9C2E, 0x9C2F,
    0xA44F, 0xA46F, 0xACD0, 0xB4D0, 0xAC6F, 0xAC8F, 0xACB0, 0xACCF,
    0xACAF, 0xAC8F, 0xACAF, 0xACB0, 0xACD0, 0xACCF, 0xACAF, 0xACCF,
    0xB4EF, 0xB4CF, 0xB4F0, 0xACF0, 0xACAF, 0xAC8F, 0xACAF, 0xACD0,
    0xACCF, 0xACCF, 0xACAF, 0xACCF, 0xACEF, 0xB4EF, 0xB4EF, 0xACCF,
    0xACCF, 0xACEF, 0xACCE, 0xAC8E, 0xACAE, 0xACCE, 0xACCE, 0xACAD,
    0xAC8E, 0xAC8E, 0xAC8D, 0xA46D, 0xA44D, 0x9C2D, 0x9C0A, 0x93EA,
    0x9BEA, 0x93CB, 0x9BEB, 0x9C0B, 0x942B, 0x93EA, 0x93C9, 0x93CA,
    0x9BEB, 0x9C0B, 0x9C0B, 0x9C0B, 0x9C0B, 0x940B, 0x8BCB, 0x93CC,
    0x93CB, 0x8369, 0x7B28, 0x7AE8, 0x7AE8, 0x8309, 0x8329, 0x8327,
    0x8307, 0x82E6, 0x82E6, 0x82E6, 0x82E7, 0x82E7, 0x82E6, 0x72A5,
    0x72A8, 0x8B2C, 0x832B, 0x7289, 0x59E7, 0x59E8, 0x5A09, 0x41E6,
    0x3184, 0x30E2, 0x30C3, 0x1106, 0x1168, 0x2188, 0x8B8B, 0x8B8B,
    0x938A, 0x8369, 0x83AA, 0x8BCA, 0x93EA, 0x8B89, 0x9388, 0x9BA8,
    0x8B48, 0x8308, 0x8309, 0x832B, 0x832B, 0x832A, 0x8B8C, 0x93ED,
    0x9C2E, 0x9C2F, 0x9C2E, 0x9C4F, 0xA44F, 0xAC8F, 0xB4D0, 0xACB0,
    0xACB0, 0xACB0, 0xACCF, 0xACCF, 0xACAF, 0xB4AF, 0xACD0, 0xACCF,
    0xACCF, 0xACAF, 0xB4EF, 0xB4F0, 0xACAF, 0xAC8F, 0xACAF, 0xACCF,
    0xACAF, 0xACD0, 0xACD0, 0xACCF, 0xACAF, 0xB4AF, 0xB4F0, 0xB4EF,
    0xACCF, 0xACAE, 0xAC8E, 0xACAE, 0xACCE, 0xACCE, 0xACCE, 0xACCE,
    0xACAE, 0xACAE, 0xACAD, 0xA46D, 0xA46D, 0xAC6D, 0xA44C, 0xA46D,
    0xA46E, 0x9C2C, 0x93EA, 0x93CA, 0x93CA, 0x9BEB, 0x9BEB, 0x93CA,
    0x93EA, 0x9C2B, 0x9C2C, 0x9C2C, 0x9C0B, 0x9C0B, 0x9C2C, 0x9C2C,
    0x9C0C, 0x8BCB, 0x8BCB, 0x93EB, 0x8BAB, 0x8329, 0x7AC8, 0x7B09,
    0x7B29, 0x8349, 0x8328, 0x82E7, 0x82E7, 0x82E7, 0x7AE7, 0x82E7,
    0x82E7, 0x8307, 0x72C5, 0x72A7, 0x830C, 0x832C, 0x72A9, 0x51A6,
    0x51C8, 0x5A29, 0x4A27, 0x3983, 0x30E2, 0x30C3, 0x1126, 0x1989,
    0x29C9, 0x8349, 0x93AB, 0x940C, 0x83CB, 0x7B8A, 0x8369, 0x9389,
    0x9348, 0x9369, 0x9BCA, 0x8347, 0x7AC7, 0x82C9, 0x8B6C, 0x8BAC,
    0x836A, 0x8B6B, 0x93CC, 0xA42D, 0xAC6F, 0xAC6F, 0xAC6E, 0xAC8F,
    0xAC8F, 0xB4B0, 0xB4B0, 0xACD0, 0xACCF, 0xACD0, 0xACD0, 0xACD0,
    0xB4CF, 0xB4AF, 0xB4B0, 0xB4F0, 0xB510, 0xB510, 0xACCF, 0xACAF,
    0xACAF, 0xACCF, 0xACCF, 0xACD0, 0xB4D0, 0xB4AF, 0xB4CF, 0xB4F0,
    0xB510, 0xB4F0, 0xACCF, 0xACAF, 0xACAF, 0xACAE, 0xAC8E, 0xA48E,
    0xACAE, 0xACAE, 0xAC8D, 0xAC8D, 0xAC8D, 0xAC6D, 0xAC6C, 0xAC6C,
    0xAC6C, 0xA44D, 0xA46E, 0xA48D, 0xA44C, 0x93EB, 0x8BCA, 0x9C0B,
    0x9C0B, 0x9C0B, 0x9C0A, 0x9BEA, 0x9BEA, 0x9C0B, 0x9C0B, 0x93CA,
    0x93EA, 0x9C0B, 0x9C4C, 0x940C, 0x83AC, 0x8BAB, 0x8BCA, 0x8369,
    0x72C8, 0x72C8, 0x7B49, 0x7B29, 0x7B2A, 0x8329, 0x8308, 0x82E7,
    0x82E7, 0x82E6, 0x7AE7, 0x82C7, 0x8B27, 0x72C5, 0x6A86, 0x7ACA,
    0x832B, 0x72C9, 0x51A6, 0x51A8, 0x5209, 0x4A07, 0x4183, 0x30E2,
    0x28C4, 0x1947, 0x21A9, 0x31C9, 0x7B08, 0x7AE8, 0x72A7, 0x72A6,
    0x82E8, 0x8B49, 0x8B68, 0x8B48, 0x9368, 0x9BA9, 0x8327, 0x7AA7,
    0x7AA9, 0x830B, 0x938D, 0x9BED, 0x9C2D, 0xA42D, 0xA42D, 0xA44E,
    0xA42E, 0xA42E, 0xAC6F, 0xAC90, 0xAC90, 0xACAF, 0xACD0, 0xB4D0,
    0xB4D0, 0xB4D0, 0xACD0, 0xACD0, 0xB4D0, 0xACB0, 0xACCF, 0xACF0,
    0xB4F0, 0xB4CF, 0xACCF, 0xACCF, 0xACD0, 0xACB0, 0xACD0, 0xB4D0,
    0xB4B0, 0xACD0, 0xACF0, 0xB4F0, 0xB4D0, 0xACCF, 0xACAE, 0xACAF,
    0xACAF, 0xACAF, 0xA48E, 0xAC8E, 0xAC8E, 0xAC8D, 0xAC8D, 0xA46C,
    0xA42B, 0xAC4C, 0xAC4C, 0xA44C, 0xA44C, 0x9C4C, 0x9C4C, 0x9C4D,
    0x9C0D, 0x93CB, 0x93C9, 0x93AA, 0x93EA, 0x9C0A, 0x9C0B, 0x9BEB,
    0x9C0B, 0x9BEA, 0xA40A, 0x9C0B, 0x93CA, 0x93EA, 0x8C0B, 0x8BAB,
    0x8389, 0x8328, 0x7B2A, 0x72C9, 0x72E9, 0x7B69, 0x732A, 0x7B09,
    0x8329, 0x8308, 0x82E7, 0x82E7, 0x8307, 0x7AC7, 0x7AC7, 0x8B27,
    0x7AC7, 0x7267, 0x6A68, 0x7AE9, 0x7AC9, 0x59C7, 0x51A8, 0x51E8,
    0x5208, 0x4164, 0x30E2, 0x28C5, 0x2168, 0x29C9, 0x29A9, 0x72E8,
    0x6AA7, 0x6A46, 0x6A86, 0x6A86, 0x6AA6, 0x7B07, 0x8B48, 0x9389,
    0x9389, 0x8306, 0x72A7, 0x7AAA, 0x8B0C, 0x9BAC, 0xA42C, 0xA44D,
    0xA44E, 0xA42F, 0xA44F, 0xAC90, 0xACB0, 0xACB0, 0xACB0, 0xB4D0,
    0xB4D0, 0xACD0, 0xACD0, 0xACD0, 0xACD0, 0xACD0, 0xACCF, 0xACAF,
    0xACCF, 0xB4CF, 0xB4CF, 0xACAF, 0xACAF, 0xB4D0, 0xB4D0, 0xB4D0,
    0xACD0, 0xACCF, 0xACAF, 0xACAF, 0xB4CF, 0xB4CF, 0xB4CF, 0xACAF,
    0xACAF, 0xACCE, 0xACCE, 0xACAF, 0xACAF, 0xA48E, 0xA48E, 0xA48E,
    0xAC8E, 0xAC6C, 0xAC4C, 0xAC6C, 0xAC8D, 0xA46D, 0x9C4C, 0x9C4D,
    0x9C2C, 0x940C, 0xA44E, 0x9C2D, 0x93EB, 0x8BA9, 0x8BA9, 0x93AA,
    0x93CA, 0x9BEB, 0x9C0B, 0x9BCA, 0x8B68, 0x8B68, 0x93A9, 0x9389,
    0x8B89, 0x83AA, 0x838A, 0x8348, 0x7AE7, 0x72C8, 0x72C8, 0x7B09,
    0x8349, 0x7329, 0x7309, 0x8329, 0x8328, 0x8307, 0x8307, 0x82E7,
    0x7AC7, 0x7AC6, 0x8B47, 0x82E7, 0x6A67, 0x6A68, 0x7AC9, 0x7AC9,
    0x6208, 0x51C8, 0x51E8, 0x5228, 0x4184, 0x3903, 0x28E5, 0x29A9,
    0x29CA, 0x29A9, 0x8349, 0x72C8, 0x7287, 0x7B08, 0x7B08, 0x7AE8,
    0x8328, 0x8B69, 0x93A9, 0x8B68, 0x82E6, 0x7286, 0x7AC9, 0x938C,
    0x9BCD, 0x93EB, 0x9C0B, 0xA44C, 0xAC6F, 0xAC91, 0xAC91, 0xAC90,
    0xAC90, 0xAC90, 0xB4B0, 0xB4D0, 0xACB0, 0xACB0, 0xACD0, 0xB4D0,
    0xACD0, 0xACD0, 0xACCF, 0xB4AF, 0xACAF, 0xACCE, 0xACCF, 0xACCF,
    0xACD0, 0xACD0, 0xACCF, 0xB4D0, 0xACD0, 0xACD0, 0xB4AF, 0xB4AE,
    0xACCF, 0xACCF, 0xACCF, 0xACCE, 0xACCE, 0xACCE, 0xACAE, 0xAC8E,
    0xA48E, 0xA4AE, 0xA48E, 0xA46E, 0xAC6D, 0xAC8D, 0xA48D, 0xA44C,
    0xA42C, 0x9C2C, 0x9C4D, 0x9C2E, 0x9C0D, 0x9BEC, 0x93A9, 0x8B68,
    0x8B89, 0x8BAA, 0x93EA, 0x9BEA, 0x93C9, 0x93C8, 0x9BC8, 0x9389,
    0x9348, 0x8B67, 0x8B88, 0x8BAA, 0x8BAB, 0x8349, 0x7B08, 0x7AE7,
    0x7B27, 0x8369, 0x836A, 0x7B29, 0x7B07, 0x8327, 0x8348, 0x8307,
    0x8306, 0x82E7, 0x82E7, 0x7AC6, 0x82E7, 0x8B28, 0x7AC7, 0x6A66,
    0x6A68, 0x7AEA, 0x7ACB, 0x6228, 0x51C8, 0x51E9, 0x5229, 0x49A5,
    0x3124, 0x2906, 0x31AA, 0x29CA, 0x2988, 0x8369, 0x7B08, 0x7AA7,
    0x8328, 0x7B08, 0x7AE7, 0x8328, 0x8B69, 0x9389, 0x8B68, 0x8307,
    0x7AC8, 0x82C9, 0x7AEA, 0x8B4C, 0x9B6E, 0xA3AD, 0x9BED, 0x942F,
    0xA490, 0xAC90, 0xAC4F, 0xA44F, 0xAC90, 0xB4D0, 0xACAF, 0xACAF,
    0xACAF, 0xACCF, 0xACCF, 0xACD0, 0xACB0, 0xAC8E, 0xAC8F, 0xACAF,
    0xACAE, 0xACAE, 0xACAF, 0xB4D1, 0xB4D0, 0xACCF, 0xACD0, 0xACD0,
    0xAC8F, 0xAC8E, 0xB4AE, 0xACAF, 0xAC8E, 0xACAE, 0xACAE, 0xACCE,
    0xACAE, 0xAC8E, 0xAC8E, 0xAC8D, 0xACAE, 0xA4AE, 0xA46D, 0xA42C,
    0xAC2B, 0xAC6D, 0xA48E, 0x9C6E, 0x9C4D, 0x9C4D, 0x9C0D, 0x93CC,
    0x8BAA, 0x8368, 0x8349, 0x9389, 0x93A9, 0x93C9, 0x93C9, 0x93C9,
    0x93E9, 0x9C0A, 0x9BEA, 0x9BC9, 0x9BC9, 0x9BC9, 0x93A9, 0x8B89,
    0x8349, 0x8328, 0x8307, 0x8327, 0x8B89, 0x93CA, 0x8BCA, 0x8B89,
    0x8349, 0x8328, 0x8B48, 0x8B27, 0x7AC6, 0x7AC6, 0x7AC6, 0x82E7,
    0x8B28, 0x7AC7, 0x6A66, 0x6A67, 0x72AA, 0x728C, 0x620A, 0x59E8,
    0x5A08, 0x524A, 0x49E6, 0x3945, 0x2926, 0x31CA, 0x29CA, 0x2167,
    0x7B29, 0x72C8, 0x6AA7, 0x7B08, 0x7B08, 0x7B08, 0x8327, 0x8B69,
    0x9389, 0x8B88, 0x82E7, 0x82C7, 0x8AE9, 0x82E9, 0x7B0A, 0x832A,
    0x834B, 0x8B8D, 0x93CE, 0xA410, 0xA450, 0xAC90, 0xB4B0, 0xB4B0,
    0xB490, 0xACB0, 0xACD0, 0xB4F0, 0xB4AF, 0xAC8E, 0xAC6E, 0xAC6E,
    0xAC4D, 0xAC6E, 0xAC8E, 0xACAD, 0xACAE, 0xACAF, 0xACF1, 0xB4D0,
    0xACAF, 0xAC6E, 0xAC8E, 0xAC6E, 0xAC4D, 0xAC6E, 0xACAE, 0xACAE,
    0xACAE, 0xACAE, 0xACAE, 0xACAE, 0xAC8D, 0xAC8D, 0xAC6D, 0xAC8D,
    0xA48D, 0x9C6D, 0xA46D, 0xA46E, 0x9C6D, 0x9C8E, 0xA4AD, 0xA46D,
    0x9C2E, 0x8BCC, 0x8B8A, 0x93A8, 0x8B89, 0x8B8A, 0x93CA, 0x93CA,
    0x93CA, 0x9BCA, 0x9BCA, 0x9BCA, 0x9BCA, 0x9BC9, 0x93A9, 0x8B88,
    0x9389, 0x8B48, 0x7AE6, 0x6AA5, 0x72E6, 0x8328, 0x8328, 0x8328,
    0x8369, 0x8B89, 0x8B69, 0x8349, 0x8328, 0x8B68, 0x8B28, 0x82C6,
    0x7AC6, 0x7AC6, 0x82E7, 0x8B08, 0x8307, 0x7AC6, 0x7288, 0x6A49,
    0x6A4A, 0x728C, 0x6A4A, 0x5A29, 0x522A, 0x4A08, 0x3986, 0x2927,
    0x31CA, 0x29C9, 0x2988, 0x7B28, 0x6AA7, 0x6A65, 0x8328, 0x8349,
    0x7B08, 0x72E7, 0x7328, 0x7B48, 0x7B07, 0x7AC7, 0x7AC7, 0x8B29,
    0x8B4A, 0x832A, 0x72EA, 0x7B0C, 0x7B2C, 0x838C, 0x93EE, 0x940E,
    0x9C2F, 0xAC50, 0xB48F, 0xB4AF, 0xACAF, 0xAC8E, 0xAC6E, 0xA46E,
    0xAC6E, 0xAC6E, 0xAC6E, 0xAC8E, 0xAC6E, 0xAC6D, 0xAC8D, 0xB4CF,
    0xACAF, 0xA48E, 0xAC6E, 0xB48E, 0xAC6E, 0xAC6E, 0xAC6E, 0xAC8E,
    0xAC6D, 0xAC8D, 0xB4AE, 0xAC8E, 0xAC8D, 0xAC8D, 0xAC8D, 0xAC6D,
    0xAC6D, 0xAC6D, 0xAC6D, 0xA46C, 0xA46C, 0xA46D, 0x9C6D, 0x9C8D,
    0xA48D, 0x9C8D, 0x944D, 0x8C0D, 0x8BCC, 0x8B8A, 0x8B88, 0x8B89,
    0x93CB, 0xA40B, 0xA42C, 0xA42B, 0x9BE9, 0xA40A, 0xA40A, 0x9BC9,
    0x93C9, 0x93C9, 0x93C9, 0x8B48, 0x8328, 0x7B28, 0x7B07, 0x7AE7,
    0x7B07, 0x8B69, 0x8B6A, 0x836A, 0x8369, 0x8369, 0x8348, 0x8327,
    0x8328, 0x8307, 0x82E7, 0x82E5, 0x82C6, 0x82E8, 0x8308, 0x8307,
    0x7B07, 0x7AC9, 0x6A69, 0x6A8A, 0x7AED, 0x6A4A, 0x59E9, 0x522A,
    0x5249, 0x41C8, 0x3147, 0x31CA, 0x29A9, 0x2988, 0x7B49, 0x6A86,
    0x6244, 0x8308, 0x7308, 0x6AA7, 0x6A67, 0x72E8, 0x7308, 0x72C7,
    0x7AC6, 0x82E7, 0x8309, 0x82EA, 0x82EB, 0x7AC9, 0x82E9, 0x834A,
    0x93CD, 0x9C30, 0x9C2F, 0xA42F, 0xAC70, 0xAC8F, 0xAC6E, 0xAC6E,
    0xB46E, 0xAC6E, 0xAC6E, 0xAC6E, 0xAC6E, 0xAC6E, 0xAC8E, 0xACAE,
    0xB4CE, 0xACAD, 0xAC8E, 0xAC6E, 0xAC6E, 0xAC6E, 0xAC6E, 0xAC6E,
    0xAC6E, 0xAC6E, 0xACAE, 0xB4AE, 0xB4AE, 0xAC8E, 0xAC8D, 0xAC8D,
    0xB48D, 0xAC8D, 0xAC6D, 0xAC6D, 0xAC4D, 0xAC4C, 0xAC4C, 0xA46D,
    0x9C4D, 0xA44D, 0xACAE, 0x9C8D, 0x8CAD, 0x8C8D, 0x8BCB, 0x8B29,
    0x7B08, 0x8BA9, 0x93C9, 0x93AA, 0x93CB, 0x9C0C, 0xA42C, 0x9BEA,
    0x9BEA, 0x93A9, 0x8B68, 0x8B88, 0x93C9, 0x9BCA, 0x9369, 0x8B28,
    0x8B69, 0x93AA, 0x8B89, 0x8348, 0x8BA9, 0x8BAA, 0x8BAA, 0x93AA,
    0x93AA, 0x8B69, 0x8307, 0x8307, 0x8307, 0x8307, 0x8306, 0x82E7,
    0x82E7, 0x82E6, 0x7B06, 0x8307, 0x830A, 0x72AA, 0x728B, 0x72CD,
    0x622A, 0x5A09, 0x5A6B, 0x52AA, 0x4208, 0x3168, 0x31CA, 0x31C9,
    0x29A8, 0x8B8A, 0x72E7, 0x5A25, 0x6A87, 0x72E8, 0x72E8, 0x6A87,
    0x6AA7, 0x6AA7, 0x6A67, 0x6A46, 0x7AA7, 0x8328, 0x8328, 0x82E7,
    0x7AA7, 0x7289, 0x7B0B, 0x9BED, 0xAC6E, 0xAC8E, 0xAC8E, 0xAC6F,
    0xAC4E, 0xAC4E, 0xAC6E, 0xACAE, 0xACAE, 0xAC8E, 0xAC8E, 0xAC8E,
    0xAC6E, 0xA44E, 0xAC8E, 0xB4AE, 0xAC8D, 0xAC6D, 0xAC4E, 0xAC6E,
    0xAC6E, 0xAC8E, 0xB48E, 0xAC6E, 0xA46E, 0xAC6E, 0xAC8E, 0xB4AE,
    0xAC8D, 0xAC6D, 0xAC6D, 0xAC6D, 0xAC4D, 0xAC4C, 0xAC4C, 0xAC2B,
    0xB44C, 0xAC6D, 0xA46D, 0xA44C, 0xA44D, 0xA46E, 0x8C2D, 0xA4CE,
    0xA48C, 0x5A25, 0x4183, 0x6AA7, 0xAC6C, 0xA42C, 0x8B8A, 0x9BCB,
    0x9BC9, 0x93C9, 0x9BC9, 0x9C0A, 0x93CA, 0x93A9, 0x93C9, 0x9BEA,
    0x9BEA, 0xA42B, 0xA40B, 0x9BCB, 0x938A, 0x8368, 0x8368, 0x8B8A,
    0x8B8A, 0x8BAA, 0x8BAA, 0x8B89, 0x8B28, 0x8307, 0x8327, 0x8307,
    0x82E7, 0x8307, 0x8307, 0x82E7, 0x7AA5, 0x7AC5, 0x8308, 0x832B,
    0x7B0C, 0x72AB, 0x6A8B, 0x6A6A, 0x6A6B, 0x628D, 0x52AA, 0x4228,
    0x31A8, 0x39CA, 0x31C9, 0x29C9, 0x8B4A, 0x8349, 0x72E7, 0x6267,
    0x6AA7, 0x72E9, 0x7AEA, 0x72C8, 0x72A7, 0x7287, 0x7A67, 0x7AA7,
    0x82E8, 0x82E8, 0x8308, 0x7AE7, 0x7AC8, 0x832B, 0x834D, 0x832C,
    0x93AD, 0xA44E, 0xAC8F, 0xB48F, 0xB46E, 0xAC2D, 0xAC6D, 0xAC8E,
    0xAC8E, 0xAC8E, 0xAC8E, 0xAC6F, 0xAC6F, 0xAC6E, 0xAC6D, 0xAC6D,
    0xAC6E, 0xAC6E, 0xAC8E, 0xAC8E, 0xAC8E, 0xAC8E, 0xAC6E, 0xAC6F,
    0xAC6E, 0xA46D, 0xAC6D, 0xB46D, 0xAC6D, 0xAC6D, 0xA44D, 0xAC4C,
    0xAC4C, 0xB44C, 0xAC4C, 0xAC6C, 0xAC6D, 0xAC6D, 0xAC6D, 0xA46E,
    0xA46D, 0x942B, 0x9C2A, 0x93C9, 0x6AE8, 0x8368, 0x9C09, 0x9BEA,
    0x8B8A, 0x8B8A, 0x9BEA, 0x9BCA, 0x9BCA, 0x9BC9, 0x9BEA, 0x9C0B,
    0xA42B, 0x9C2B, 0xA42B, 0xA42B, 0xA44C, 0xAC6D, 0xA42C, 0x9BEA,
    0x8B89, 0x8348, 0x8369, 0x8389, 0x8BAA, 0x8B8A, 0x8B49, 0x8B28,
    0x8B48, 0x8328, 0x82E7, 0x82E6, 0x8307, 0x8307, 0x82E7, 0x7AC7,
    0x82E7, 0x8309, 0x832B, 0x832C, 0x7AEC, 0x6AAC, 0x6A8A, 0x6A8B,
    0x5A8C, 0x4A4A, 0x3A28, 0x31E8, 0x39EA, 0x31CA, 0x29C9, 0x834B,
    0x8B4A, 0x8B28, 0x7AC7, 0x7286, 0x72A7, 0x7AE9, 0x72C8, 0x7287,
    0x72A6, 0x82C6, 0x8AE7, 0x82E8, 0x8B09, 0x82E8, 0x7AA8, 0x82CA,
    0x834D, 0x93CE, 0x9C0D, 0xAC2C, 0xAC2D, 0xA44E, 0xAC6E, 0xAC6E,
    0xA44D, 0xA44D, 0xA46E, 0xAC8E, 0xACAE, 0xAC8E, 0xAC8E, 0xAC6F,
    0xAC6E, 0xAC6D, 0xAC6D, 0xAC6D, 0xAC6E, 0xA46D, 0xAC6E, 0xAC8E,
    0xACAE, 0xAC8E, 0xAC6E, 0xAC6F, 0xAC6E, 0xAC6D, 0xAC6D, 0xAC6D,
    0xAC6C, 0xAC4C, 0xAC4C, 0xA42B, 0xA42B, 0xA42C, 0xAC4C, 0xAC4C,
    0xA44C, 0xA46D, 0xA46C, 0xA44C, 0xA44C, 0x942B, 0x8BEA, 0x8BCA,
    0x9C2A, 0xA46B, 0x9C2C, 0x9C0C, 0x9BEB, 0x9BCA, 0x9C0B, 0xA40B,
    0x9BEA, 0xA42B, 0xA46C, 0x9C6C, 0x9BEA, 0x9BEA, 0xA40A, 0xA3CA,
    0x93A9, 0x8B88, 0x8388, 0x8369, 0x8369, 0x838A, 0x8389, 0x8B89,
    0x8B89, 0x8B48, 0x8B48, 0x8B68, 0x8B48, 0x8328, 0x8307, 0x8307,
    0x8307, 0x82E6, 0x82E7, 0x82C8, 0x82E8, 0x7B2A, 0x836D, 0x8B8E,
    0x832E, 0x5A48, 0x5228, 0x6AED, 0x528B, 0x3A29, 0x3208, 0x3A0A,
    0x31CA, 0x29A8, 0x8B8A, 0x8B4A, 0x8B09, 0x8328, 0x7AC7, 0x72A7,
    0x72E8, 0x72C8, 0x7287, 0x6A67, 0x7AA7, 0x82E7, 0x8307, 0x82C7,
    0x72C8, 0x7B09, 0x8B6A, 0x8BAB, 0x83AB, 0x8B8B, 0x93AC, 0xA40D,
    0xA44E, 0xA42D, 0xA42C, 0xA44D, 0xA44D, 0xA46E, 0xAC6E, 0xA44D,
    0xA46E, 0xAC6E, 0xAC6E, 0xAC6E, 0xAC6E, 0xAC6D, 0xAC6D, 0xAC6D,
    0xA46D, 0xA46E, 0xA46D, 0xA44D, 0xA46E, 0xAC6E, 0xAC6E, 0xAC6E,
    0xAC6E, 0xAC6D, 0xAC6D, 0xAC6D, 0xAC4C, 0xA42C, 0xA42B, 0xAC2C,
    0xAC4D, 0xAC4D, 0xA46C, 0xA44C, 0x9C4D, 0x9C2D, 0x9C0C, 0x9C0B,
    0x93EA, 0x93EA, 0x9409, 0x940A, 0x9C0C, 0xA44D, 0xAC6D, 0xAC6D,
    0xA42D, 0xA42C, 0xA42B, 0xA42B, 0xA44B, 0xA46C, 0x9C6C, 0x9C0A,
    0x9BEA, 0x9BEA, 0x9367, 0x8B06, 0x8328, 0x836A, 0x7B69, 0x7B47,
    0x7B68, 0x8389, 0x8B8A, 0x8B89, 0x8B48, 0x8B48, 0x8B68, 0x8B68,
    0x8B68, 0x8B48, 0x8328, 0x8307, 0x82E7, 0x82E7, 0x82C7, 0x82E8,
    0x834B, 0x838E, 0x93CF, 0x93AF, 0x5207, 0x49E7, 0x736E, 0x6B0E,
    0x424A, 0x29C7, 0x3A0A, 0x31CA, 0x29A8, 0x8B8A, 0x8349, 0x8309,
    0x834A, 0x82E8, 0x72C8, 0x6B09, 0x72C8, 0x7287, 0x6A67, 0x72A7,
    0x6A86, 0x6225, 0x6225, 0x72A7, 0x7B29, 0x8329, 0x834A, 0x834B,
    0x836B, 0x93AC, 0xA42E, 0xB46F, 0xAC8E, 0xA44D, 0xA40C, 0xA44D,
    0xA46D, 0xAC6D, 0xA46E, 0xA46E, 0xAC6E, 0xAC4D, 0xA42D, 0xA44D,
    0xAC4D, 0xA44C, 0xA44C, 0xA44D, 0xAC6D, 0xA46E, 0xA46E, 0xAC8E,
    0xAC6E, 0xA44D, 0xA42D, 0xA44E, 0xAC6E, 0xAC6D, 0xAC4C, 0xAC2C,
    0xAC4C, 0xAC6D, 0xA46D, 0xAC4C, 0xA42C, 0xA42C, 0xA42D, 0xA44D,
    0x9C2D, 0x9C0C, 0x9C2C, 0x9C2B, 0x93EA, 0x8BCA, 0x93EB, 0x940C,
    0x9C0B, 0x9C2C, 0xA40D, 0xA40C, 0xA42C, 0xAC6C, 0xAC6C, 0x9C0A,
    0x9BE9, 0xA40B, 0x9BEA, 0x9BC9, 0x9367, 0x9326, 0x8B67, 0x8BA9,
    0x8B6B, 0x836A, 0x8368, 0x8369, 0x8389, 0x8B8A, 0x8B89, 0x8B69,
    0x9369, 0x8B69, 0x8368, 0x8368, 0x8B48, 0x8B28, 0x8B08, 0x82E7,
    0x82C6, 0x7AC7, 0x82E9, 0x836C, 0x8B8E, 0x8BAF, 0x93CF, 0x5A68,
    0x5248, 0x7B8F, 0x736F, 0x4A8B, 0x29A7, 0x31A9, 0x31A9, 0x29A8,
    0x8B6A, 0x8329, 0x82E8, 0x8349, 0x8309, 0x7AE8, 0x72E8, 0x72E8,
    0x72C7, 0x72A6, 0x72A7, 0x72A7, 0x72A7, 0x7286, 0x7287, 0x82E8,
    0x8B4B, 0x938B, 0x938B, 0x9BAC, 0xA40D, 0xB46E, 0xB48E, 0xB46D,
    0xA42C, 0x9C0C, 0xA42C, 0xAC4D, 0xAC6E, 0xACAE, 0xA48E, 0xA44D,
    0xAC6E, 0xAC8E, 0xA46D, 0xA44D, 0xAC6D, 0xAC6C, 0xA44C, 0xAC6D,
    0xAC8E, 0xAC8E, 0xA46D, 0xAC4E, 0xAC8F, 0xAC8E, 0xAC6D, 0xA42C,
    0xA42C, 0xA42B, 0xA42B, 0xAC0B, 0xAC2C, 0xA44C, 0xA44D, 0xA44D,
    0xA44D, 0xA44C, 0xA44D, 0x9C0D, 0x9BCC, 0x9BEC, 0x9C2B, 0x9C2B,
    0x9C0C, 0x9C0C, 0x940C, 0x93CA, 0x9C0C, 0x9C2C, 0x9BEA, 0x93CA,
    0x9BCB, 0xA40B, 0x9BE9, 0x9BE9, 0x9BEA, 0x9BEA, 0x9388, 0x9346,
    0x9367, 0x93C9, 0x93EA, 0x93CB, 0x93AA, 0x93AA, 0x93CB, 0x93CA,
    0x8BA9, 0x8B89, 0x9369, 0x8B69, 0x8368, 0x8368, 0x8327, 0x8B28,
    0x8B27, 0x8B28, 0x8307, 0x82E6, 0x7AC6, 0x82E9, 0x8B4D, 0x836E,
    0x836D, 0x838D, 0x6AE9, 0x62CA, 0x734F, 0x6B6F, 0x52AC, 0x31E9,
    0x2989, 0x2988, 0x29A7, 0x8349, 0x8329, 0x832A, 0x8B8A, 0x8B6A,
    0x8329, 0x7309, 0x72E8, 0x7287, 0x6A26, 0x6226, 0x5A06, 0x6205,
    0x7286, 0x82C7, 0x82E8, 0x934A, 0x93AB, 0x93CC, 0x93AC, 0x93AC,
    0x9BCC, 0xA40D, 0xAC4D, 0xA44D, 0x9C2C, 0xA42D, 0xA44D, 0xA44C,
    0xAC6D, 0xAC4D, 0xA42D, 0xA42D, 0xAC4D, 0xAC6D, 0xA46C, 0xA46D,
    0xAC4E, 0xA44D, 0xA44C, 0xAC4C, 0xAC6D, 0xA44D, 0xA42D, 0xA44D,
    0xAC6D, 0xAC4D, 0xA42C, 0xAC4C, 0xAC4C, 0xAC4D, 0xAC4D, 0xA42D,
    0xA44D, 0xA48E, 0xA48E, 0xA46D, 0x9C4C, 0xA42D, 0x9C0C, 0x93AA,
    0x8B8A, 0x8BCB, 0x9C0B, 0x93EB, 0x93CA, 0x93EB, 0x93EB, 0x9C0B,
    0x9BEA, 0x9389, 0x936A, 0x938A, 0x9BC8, 0xA409, 0xA3EA, 0x9BCA,
    0x9389, 0x9BA9, 0xA3EA, 0xA42B, 0xA3EA, 0x9BC9, 0x9C0A, 0x9C2A,
    0x9C2A, 0x9C0B, 0x93AA, 0x8B89, 0x8B89, 0x8B89, 0x8B89, 0x8368,
    0x8348, 0x8B28, 0x8B28, 0x8B27, 0x8B27, 0x8307, 0x7AE6, 0x7AC6,
    0x82E9, 0x8B4C, 0x834D, 0x7B2C, 0x732C, 0x62CA, 0x62EB, 0x732E,
    0x6B2F, 0x5AED, 0x428B, 0x29A9, 0x2147, 0x2987, 0x8B8A, 0x8B4A,
    0x8B2A, 0x8B6A, 0x8B6A, 0x8B6A, 0x7B49, 0x7AE9, 0x6A67, 0x6205,
    0x5226, 0x6287, 0x7AE9, 0x8B29, 0x8308, 0x7AC8, 0x8308, 0x936A,
    0x9BCC, 0x9BCC, 0x9BCB, 0x9BEC, 0xA42D, 0xA42C, 0x9C0C, 0x9BEC,
    0xA42D, 0xA46D, 0x9C4C, 0xA46C, 0xA44D, 0xA44D, 0xA44D, 0xA46D,
    0xAC6D, 0xAC6D, 0xA44B, 0xA42B, 0x9C2D, 0x9C4D, 0xA46C, 0xA46C,
    0xA44D, 0xA44D, 0xA44D, 0xA44D, 0xAC6D, 0xB48E, 0xB4AF, 0xAC8F,
    0xA44F, 0xAC6E, 0x9C6D, 0x9C4C, 0x9C4C, 0xA46D, 0xA46E, 0xA46D,
    0x9C2D, 0x9BCB, 0x9BA9, 0x8B89, 0x8BCA, 0x940B, 0x9C2C, 0x93EA,
    0x93AA, 0x93CA, 0x9BEB, 0x9BCB, 0x938A, 0x9389, 0x9BC9, 0x9BE8,
    0xA3E8, 0x9BA9, 0x9BA9, 0x9BCA, 0x9BCA, 0x9BC9, 0x9BC9, 0x9C0A,
    0xA40B, 0xA40B, 0x9BEA, 0x93E9, 0x8BA9, 0x8B89, 0x8BA9, 0x8BA9,
    0x8BA9, 0x8B89, 0x8369, 0x8348, 0x8328, 0x8B48, 0x8B48, 0x8B28,
    0x8307, 0x7AC6, 0x82E7, 0x8B09, 0x830C, 0x832D, 0x7B0B, 0x72EA,
    0x5A89, 0x5AAB, 0x6B0D, 0x6B2F, 0x630F, 0x4ACD, 0x29A8, 0x2126,
    0x2166, 0x8BAA, 0x836A, 0x8329, 0x8329, 0x8329, 0x7B29, 0x7308,
    0x72C8, 0x6A87, 0x6A87, 0x7B09, 0x8B69, 0x9369, 0x8B49, 0x8B49,
    0x9369, 0x93A9, 0x9BCA, 0xA3CB, 0xA3EC, 0xA3EB, 0xA3EB, 0xAC2C,
    0xA42D, 0x9C0C, 0x9BEC, 0x9C0C, 0x9C2C, 0xA42D, 0x9C2D, 0xA46D,
    0xACAE, 0xB4AF, 0xAC8E, 0xA44D, 0xA42C, 0xAC4C, 0xAC4C, 0x9C0C,
    0x9C0C, 0x9C2D, 0x9C4D, 0xAC8E, 0xB4AE, 0xB4AE, 0xAC8E, 0xAC6D,
    0xAC4D, 0xAC6E, 0xA470, 0xA44F, 0xA42D, 0xA44C, 0xA46D, 0xA48D,
    0xA46D, 0x9C4D, 0x9C6D, 0x942E, 0x93CB, 0x9368, 0x93CA, 0x9C2C,
    0x9C4C, 0x9C4C, 0x9C0B, 0x93EA, 0x93CA, 0x93CA, 0x9BCB, 0x9BEB,
    0xA44B, 0xAC6B, 0xAC4B, 0xAC4A, 0xA429, 0x9BE9, 0x9BCA, 0x9BCA,
    0xA3EA, 0x9BEA, 0x9BEA, 0x9BEA, 0x93E9, 0x93E9, 0x93C9, 0x93CA,
    0x8B89, 0x8B88, 0x8B69, 0x8B89, 0x8389, 0x8349, 0x8328, 0x8308,
    0x8B28, 0x8B48, 0x8B28, 0x8AE7, 0x82E6, 0x8328, 0x832A, 0x7ACC,
    0x830C, 0x832C, 0x7B0C, 0x5AAA, 0x5A8B, 0x6AED, 0x734F, 0x6330,
    0x42AD, 0x2167, 0x1905, 0x2146, 0x836A, 0x836A, 0x8329, 0x8329,
    0x7B08, 0x7AE8, 0x72E7, 0x6AA7, 0x6287, 0x6A87, 0x932A, 0x9B4A,
    0x8B08, 0x8B09, 0x934A, 0x9B8B, 0x9BAA, 0x9BCA, 0x9BCB, 0x9BCC,
    0x9BAB, 0xA3EB, 0xAC2C, 0xA44D, 0xA42D, 0x9BEC, 0x9C0C, 0xA44D,
    0xA46D, 0xA42C, 0x9C0C, 0x9C2D, 0xA44C, 0xAC6D, 0xAC6C, 0xA40C,
    0xA3EC, 0xA40C, 0x9C0C, 0xA46D, 0xA44D, 0x9C0C, 0x9C2C, 0xA44C,
    0xA44C, 0xAC6C, 0xAC6D, 0xAC6E, 0xAC6E, 0xA44E, 0xA42E, 0xA44D,
    0xA44D, 0xA44D, 0xA46D, 0x9C6C, 0x944C, 0x9C6D, 0x9C0C, 0x9389,
    0x8B48, 0x93AA, 0xA42C, 0xA44C, 0xA46C, 0xA44C, 0xA44C, 0xA44B,
    0xA44B, 0xA44C, 0xA42B, 0xA44C, 0xAC4C, 0xAC2C, 0xAC2B, 0xAC4B,
    0xAC6B, 0xAC2B, 0xA3EA, 0x9BE9, 0x9C0A, 0xA40B, 0x9BEA, 0x9BEA,
    0x93C9, 0x93C9, 0x93CA, 0x8B89, 0x8B89, 0x8B8A, 0x93CA, 0x8BAA,
    0x8328, 0x8307, 0x8307, 0x8328, 0x8B49, 0x8B28, 0x8B07, 0x8327,
    0x8349, 0x832B, 0x7AAB, 0x7B0B, 0x834C, 0x830D, 0x72EC, 0x62CC,
    0x62CD, 0x7350, 0x6B30, 0x42AC, 0x1926, 0x10C4, 0x1925, 0x836A,
    0x836A, 0x834A, 0x8349, 0x7B09, 0x72A8, 0x72A7, 0x72A7, 0x6266,
    0x6226, 0x72C8, 0x8B4A, 0x9B8A, 0x9369, 0x9368, 0x9389, 0x9BCA,
    0x9BCC, 0x9BEC, 0xA42C, 0xAC4D, 0xAC2D, 0xAC2D, 0xA42C, 0xA42C,
    0xA40C, 0xA3EB, 0x9BEC, 0xA42D, 0xA44D, 0xA46D, 0xA46D, 0xA44D,
    0xA42C, 0xA42C, 0xA3EC, 0xA40B, 0xA40B, 0x9BEC, 0x9C0D, 0xA44D,
    0xA44D, 0xA46D, 0xA46D, 0xA42C, 0xA44C, 0xA46C, 0xA46C, 0xA42D,
    0xA42D, 0xA42D, 0x9C2D, 0x9C0C, 0x9C2C, 0x9C2D, 0x944D, 0x9C4C,
    0x9C0B, 0x8348, 0x7B08, 0x93AA, 0x9BEB, 0xA40B, 0x9C0A, 0x9BEA,
    0x93EA, 0x9BEB, 0x93EA, 0x93CB, 0x93EB, 0x9C0B, 0x9C0B, 0x9C0B,
    0x9BEB, 0xA3EA, 0xAC0B, 0xAC0B, 0xA40B, 0x9C0A, 0x9C09, 0x9C0B,
    0xA40B, 0xA40B, 0x9C0B, 0x93CA, 0x93AA, 0x9BCA, 0x9BCB, 0x93AA,
    0x8B69, 0x8BAA, 0x8B8A, 0x8B49, 0x8329, 0x8328, 0x8328, 0x8328,
    0x8B08, 0x9328, 0x8348, 0x7B4A, 0x832C, 0x7AED, 0x7B0C, 0x830C,
    0x82CC, 0x7B2C, 0x6B0C, 0x5A8D, 0x7330, 0x6B50, 0x4ACC, 0x1926,
    0x08A3, 0x10E4, 0x8B8A, 0x8B8B, 0x834A, 0x7B08, 0x72C8, 0x6A88,
    0x6A67, 0x7287, 0x72A7, 0x6A66, 0x51C5, 0x49A4, 0x5225, 0x6A87,
    0x834A, 0x9BAC, 0x9BCD, 0xA40E, 0xAC2D, 0xB42D, 0xA40C, 0x9BEB,
    0xA40B, 0xAC2C, 0xAC4C, 0x9C0C, 0x936A, 0x934A, 0xA3EC, 0xA46E,
    0xA4AE, 0xAC8E, 0xAC6E, 0xA42D, 0xA42C, 0xAC2B, 0xA44C, 0x9BEB,
    0x932A, 0x9B8B, 0xA42D, 0xA48E, 0xACAE, 0xAC6E, 0xA44C, 0xAC4D,
    0xAC6D, 0xAC6D, 0xAC6E, 0xA42D, 0xA40C, 0xA44D, 0xA46D, 0xA44C,
    0x93EA, 0xA42A, 0x9C0A, 0x8389, 0x7B27, 0x8B89, 0x9C0B, 0x93CA,
    0x8BA9, 0x93CA, 0x9BEB, 0x9C2C, 0x9C2B, 0x9C0B, 0x9C0B, 0xA42B,
    0xA46C, 0xA46C, 0x9C0B, 0x9BCA, 0x9BCA, 0xA40B, 0xA40B, 0xA40C,
    0xA40C, 0x9C0B, 0x9BEC, 0x9BEC, 0x9BEB, 0x9C0A, 0x93CA, 0x938A,
    0x9389, 0x93A9, 0x93AA, 0x8B8A, 0x8B8A, 0x8B69, 0x8369, 0x8B6A,
    0x8B6A, 0x8B28, 0x8B08, 0x8AE8, 0x8B28, 0x7B47, 0x836A, 0x836D,
    0x7B2E, 0x7B0D, 0x7AEC, 0x82CC, 0x832D, 0x6AEC, 0x4A4B, 0x6B0F,
    0x7391, 0x5B2E, 0x1927, 0x0063, 0x08A3, 0x8B8B, 0x838B, 0x836B,
    0x834A, 0x72E8, 0x6A87, 0x6A68, 0x7288, 0x72A8, 0x7AC7, 0x82E8,
    0x82E9, 0x72A7, 0x5A25, 0x59A4, 0x6A06, 0x7B0A, 0x83CC, 0x940C,
    0xA40D, 0xAC4D, 0xA46D, 0xA42C, 0xA40B, 0xA40B, 0xA40C, 0x9B8A,
    0x936A, 0x9BCB, 0xA44C, 0xAC6E, 0xAC8E, 0xAC8E, 0xA44C, 0x9C0B,
    0xA3CB, 0xA3EB, 0xA3EB, 0x936A, 0x938A, 0xA40C, 0xA46D, 0xAC8E,
    0xAC8E, 0xA46D, 0xA44C, 0xA44C, 0xA44D, 0xA44E, 0xA42D, 0x9C0B,
    0x9C0B, 0x9389, 0x9369, 0x9BCA, 0xA40B, 0x9C0B, 0x940B, 0x944C,
    0x9C4D, 0x9C0D, 0x9C2D, 0x9C4C, 0x9C2C, 0x9C2B, 0x9C2B, 0x9C0B,
    0x9C2B, 0xA44C, 0xAC8D, 0xA46D, 0x9C2C, 0x9C4D, 0xACAE, 0xA48D,
    0xA44C, 0xA44D, 0xB48E, 0xB48E, 0xA44C, 0x9C0C, 0x93EC, 0x93EC,
    0x9C0C, 0x93EB, 0x8389, 0x836A, 0x8BAA, 0x93CA, 0x8B8A, 0x8B8A,
    0x8389, 0x7B49, 0x8349, 0x8349, 0x8B08, 0x9329, 0x82E7, 0x7AC7,
    0x8328, 0x9C2D, 0x9C70, 0x838F, 0x7B0D, 0x830C, 0x82ED, 0x834D,
    0x6AAC, 0x41EA, 0x62AE, 0x7BB1, 0x6BB0, 0x2188, 0x0063, 0x0062,
    0x8BAB, 0x838B, 0x7B6A, 0x838B, 0x7AE9, 0x6A68, 0x72A8, 0x72E9,
    0x72E9, 0x72A7, 0x6A46, 0x7287, 0x8B09, 0x8B29, 0x82E8, 0x7286,
    0x6AA7, 0x838A, 0x9C0C, 0xA3CC, 0xA3CB, 0xA3EC, 0xA42C, 0xA42B,
    0xA40B, 0xA40C, 0x9BCB, 0x9BCB, 0x9C0B, 0xA42C, 0xA44D, 0xA46D,
    0xAC6D, 0xA44D, 0x9BEB, 0x9BAA, 0xA3EB, 0xA40C, 0x9BCB, 0x9BEB,
    0xA40C, 0xA42D, 0xA46D, 0xA44D, 0xA44D, 0xAC6D, 0xAC6C, 0xA42B,
    0x9BEC, 0x93CC, 0x93CB, 0x93AA, 0x9BA9, 0x9BAA, 0x9BEB, 0x9BEA,
    0x9C0A, 0x9C4B, 0x9C4C, 0x942C, 0x93EC, 0x942D, 0x9C6D, 0x9C2C,
    0x9C2B, 0x9C0B, 0x9C0B, 0xA44C, 0xA46D, 0xA46D, 0xA44D, 0x940C,
    0x93EC, 0x9C4D, 0xB4CF, 0xB4CE, 0xA46D, 0xA44D, 0xAC4D, 0xAC4C,
    0xA44D, 0x9C2C, 0x940C, 0x9C2C, 0x940C, 0x8BAB, 0x8BAB, 0x8BAA,
    0x8B8A, 0x838A, 0x8BAA, 0x8BAB, 0x8B8A, 0x8389, 0x7B28, 0x82A8,
    0x8B29, 0x8B07, 0x7AE7, 0x834A, 0x93ED, 0x942E, 0x83AF, 0x836E,
    0x834D, 0x82EC, 0x7B0D, 0x5A8B, 0x41C9, 0x5A6C, 0x7BB1, 0x7C12,
    0x29C9, 0x0063, 0x0041, 0x83AC, 0x7B6B, 0x7B2A, 0x7B09, 0x6A88,
    0x6268, 0x6AE8, 0x72C9, 0x7AC9, 0x7AC9, 0x7287, 0x6A46, 0x6245,
    0x6A66, 0x72C7, 0x7AA8, 0x7A87, 0x7AE9, 0x8BCC, 0xA42C, 0xB44D,
    0xAC2C, 0x9C0B, 0x9BEB, 0x9BEB, 0xA40B, 0xA3EB, 0xA3CB, 0xA3EB,
    0xA42C, 0xA44D, 0xA44D, 0xA44C, 0x9C0C, 0x9BEB, 0xABEB, 0xAC0B,
    0xA40B, 0x9BCB, 0x9BCB, 0xA40C, 0xA42D, 0xA44D, 0xA44C, 0xA42C,
    0xA42C, 0xAC2D, 0xA42D, 0xA44D, 0xA44D, 0xA42C, 0x9BEB, 0x9BAA,
    0x9BA9, 0x93AA, 0x93E9, 0x93E9, 0x8BA9, 0x8B89, 0x8B88, 0x8BA9,
    0x8BEA, 0x9C2C, 0xA44C, 0x9C4B, 0x9C2A, 0x9C2B, 0xAC6D, 0xA46D,
    0x9C4C, 0x9C2C, 0x9C6C, 0x9C8C, 0x9C6C, 0xA48D, 0xAC8E, 0xA46D,
    0xA44D, 0xA44D, 0xA44C, 0xA44C, 0x9C0C, 0x93EB, 0x93CB, 0x8BEC,
    0x8BEC, 0x8BAA, 0x8B69, 0x8BAA, 0x940B, 0x9C0C, 0x9BCC, 0x936A,
    0x8BAA, 0x8389, 0x8309, 0x8B29, 0x8B08, 0x8329, 0x836B, 0x838D,
    0x8BCE, 0x840F, 0x83AF, 0x832D, 0x8AEC, 0x72CC, 0x524B, 0x41EA,
    0x524B, 0x7BB1, 0x8454, 0x3A0A, 0x0883, 0x0021, 0x838B, 0x7B4A,
    0x72E8, 0x72A9, 0x6A69, 0x6AA9, 0x6B09, 0x6AC9, 0x72A9, 0x7AA9,
    0x7AA8, 0x7AC8, 0x7AC8, 0x7287, 0x6245, 0x5A25, 0x7A66, 0x8AE9,
    0x936A, 0x93EB, 0xA3EC, 0xA3EC, 0x9C0B, 0x9BEA, 0x9BEA, 0xA40B,
    0xA40C, 0x9BCB, 0x93AA, 0xA3EC, 0xAC2C, 0xA44C, 0xAC2C, 0xA40C,
    0x9BEB, 0x9BCB, 0xA3EA, 0xA40B, 0x9BEC, 0x9BAB, 0x9BAB, 0xA40C,
    0xAC4C, 0xA42C, 0xA40C, 0xA40C, 0xA3EC, 0xA40B, 0xA44C, 0xA42C,
    0x9BEC, 0x9C0B, 0x9BCA, 0x9BA9, 0x9BAA, 0x93A9, 0x93A9, 0x9368,
    0x9B89, 0x93AA, 0x93CA, 0x93CB, 0x93CA, 0x93CA, 0xA40A, 0xA42A,
    0xA42A, 0xAC4C, 0xAC6E, 0xA48E, 0xA46D, 0xA40C, 0xA40C, 0xA48D,
    0xA4CE, 0x9C8D, 0x9C2C, 0x9C2C, 0xA42B, 0xA40B, 0x9BEB, 0x93EB,
    0x940B, 0x940C, 0x93EC, 0x8BCC, 0x8BAA, 0x8B8A, 0x8B8A, 0x836A,
    0x8B8B, 0x8B6B, 0x8329, 0x7B49, 0x8369, 0x8349, 0x8349, 0x82E8,
    0x832A, 0x8BED, 0xA4B1, 0x9C92, 0x7BAE, 0x6B2B, 0x7B0C, 0x8B2D,
    0x72CD, 0x4A4B, 0x39EA, 0x4A0B, 0x7BB1, 0x8C94, 0x426C, 0x08A4,
    0x0021, 0x7B4A, 0x7B09, 0x6A88, 0x6A47, 0x6A47, 0x7289, 0x72E9,
    0x6AE9, 0x6AC8, 0x7AA8, 0x7A88, 0x72A8, 0x7AE9, 0x82E8, 0x72C7,
    0x6A86, 0x7AA7, 0x92E9, 0x932A, 0x7B29, 0x8B6A, 0x9BCC, 0x9C0C,
    0xA40B, 0xA3EB, 0xA3EA, 0x9BCA, 0x93CB, 0x9BCC, 0x9BCB, 0xA3EB,
    0xA42C, 0xAC4C, 0xA40B, 0x9BCA, 0x9BAA, 0xA3CA, 0xA3EA, 0x9BCA,
    0x9BCB, 0x9BCB, 0x9BCB, 0xA40B, 0xA42C, 0xAC2C, 0xA42C, 0xA40B,
    0xA40B, 0xA3EB, 0x9BEB, 0x9BEC, 0x9C0C, 0x9BEB, 0x9BEB, 0x93CB,
    0x9368, 0x8B06, 0x8307, 0x8349, 0x8B89, 0x8388, 0x8B68, 0x8B68,
    0x8B69, 0x9389, 0x93C9, 0x9BE9, 0x9BEA, 0xA40A, 0xA44B, 0xA44D,
    0x93EC, 0x93AB, 0xA3EC, 0xA42C, 0x9C2C, 0x9BEB, 0x9BEB, 0x93CA,
    0x9BEA, 0xA42B, 0xA44B, 0x9C0B, 0x93CA, 0x8BAA, 0x838A, 0x8348,
    0x8328, 0x8349, 0x8B6B, 0x8BAB, 0x836A, 0x7AE8, 0x6AE7, 0x6AC7,
    0x6AA6, 0x8329, 0x8309, 0x832B, 0x940F, 0xB554, 0xBD96, 0x9C71,
    0x7B6D, 0x7B2C, 0x8B2E, 0x72CD, 0x4A0B, 0x31A9, 0x4A0A, 0x7B90,
    0x8C94, 0x52CE, 0x10E5, 0x0021, 0x7B4A, 0x72E9, 0x6A87, 0x72C7,
    0x7B28, 0x7B29, 0x72E8, 0x72A7, 0x72A7, 0x7AA9, 0x72A8, 0x7287,
    0x7A87, 0x8288, 0x7A87, 0x6A86, 0x82A7, 0x9309, 0x9B8B, 0x9BEC,
    0xA40C, 0xA3EB, 0x93CA, 0x93A9, 0x9389, 0x93A9, 0x9BA9, 0x9BCA,
    0x9C0C, 0xA40C, 0x9BEB, 0x9BEB, 0xAC2C, 0xA40C, 0x93EB, 0x9BEB,
    0x9BAA, 0x9B89, 0x93A9, 0x9BEB, 0xA40C, 0xA3EB, 0xA3EB, 0xA40B,
    0xAC0C, 0xA40C, 0xA40B, 0xA40B, 0xA3EB, 0xA3EB, 0xA40B, 0x9C0C,
    0x9C0C, 0xA42C, 0xAC2C, 0xA42C, 0x9C4D, 0xA44E, 0xABEC, 0xA3EB,
    0x9C0B, 0x93EA, 0x93CA, 0x9BCA, 0x9C0A, 0xA42A, 0x9BE9, 0x9388,
    0x8B68, 0x8BA9, 0x93CA, 0x93CB, 0x936A, 0x9349, 0x9BEA, 0xA44B,
    0x9C2B, 0x9BEA, 0x9BCA, 0x9BEA, 0x9BEA, 0xA44B, 0xA46C, 0x9C2B,
    0x93EB, 0x93CB, 0x93CB, 0x8B8A, 0x836A, 0x836A, 0x7B08, 0x7AE8,
    0x832A, 0x8B8A, 0x7B48, 0x7307, 0x93AB, 0x832A, 0x6AC9, 0x738D,
    0x9C91, 0xB555, 0xB534, 0x9430, 0x836E, 0x834E, 0x72EE, 0x4A0B,
    0x2989, 0x41CA, 0x7350, 0x8C74, 0x634F, 0x2146, 0x0021, 0x7B29,
    0x7AE8, 0x7287, 0x7AC7, 0x7B08, 0x8369, 0x8369, 0x7B29, 0x7AC9,
    0x7AC9, 0x72A8, 0x6A67, 0x7247, 0x7267, 0x6226, 0x5A26, 0x830A,
    0xA3AC, 0xB3EC, 0xB44D, 0xAC2D, 0x9C0C, 0x93EA, 0x93EB, 0x93CB,
    0x9BCA, 0x93AA, 0x93AA, 0x9BEB, 0xA40C, 0xA42C, 0xAC4C, 0xAC2B,
    0xA40C, 0x9C0C, 0x9C0C, 0x9BEB, 0x93AA, 0x93AA, 0x9BCB, 0xA40B,
    0xA42C, 0xA44C, 0xAC4C, 0xAC2C, 0xA3EA, 0xA3EB, 0xA40B, 0xA40B,
    0xA40B, 0x9C0B, 0x9C0C, 0xA40B, 0xA40B, 0x9BEC, 0xA42D, 0xAC4D,
    0xB44D, 0xAC2C, 0xAC4C, 0xAC6D, 0xA44D, 0xA42C, 0xA42C, 0xA46C,
    0xA42C, 0xA40B, 0xAC4D, 0xAC8E, 0xA44E, 0xA3EC, 0xA44D, 0x9C6E,
    0x942D, 0xA42D, 0xAC6D, 0xA46D, 0xA44C, 0xA42B, 0xA40A, 0x9BEA,
    0x9C0B, 0xA40C, 0x9C0C, 0x93EB, 0x8BAA, 0x8B8A, 0x838A, 0x836A,
    0x8B6A, 0x8BAA, 0x93CC, 0x93AC, 0x8389, 0x7B88, 0x8389, 0x93AC,
    0x836B, 0x836B, 0x9471, 0x9C92, 0xA4B2, 0xB554, 0xA4B3, 0x8BF0,
    0x836F, 0x72EE, 0x524D, 0x31CA, 0x3189, 0x630E, 0x8C54, 0x73D1,
    0x29A8, 0x0041, 0x6265, 0x6266, 0x6AA7, 0x7AC8, 0x7AE8, 0x7308,
    0x7B08, 0x7B08, 0x7AE9, 0x7AC9, 0x7288, 0x7287, 0x7287, 0x6226,
    0x6A47, 0x7287, 0x72C7, 0x8328, 0x9B89, 0xA3CB, 0x9BEC, 0x9BEC,
    0x93CB, 0x8BCB, 0x940C, 0xA44D, 0xA44C, 0x9C0B, 0x9BCB, 0x9BEC,
    0xA3EB, 0xA3EB, 0xA3EB, 0xA3EB, 0x9BEC, 0x9BEC, 0xA42C, 0xA44C,
    0x9C2C, 0x9BEB, 0x9BCB, 0xA3EB, 0xA3EB, 0xA3EB, 0xA3EB, 0xA3EB,
    0xA40B, 0xA42B, 0xAC2B, 0xA40B, 0x9C0B, 0x9BEB, 0x9BEB, 0x9BCA,
    0x93AA, 0x9C0B, 0x9C0B, 0x9BEA, 0x9C0B, 0xA42C, 0xA44D, 0xA46D,
    0xA44D, 0xA42D, 0xAC2C, 0xA44C, 0xA44D, 0xA46E, 0xA46F, 0xA44F,
    0xA46E, 0xA4AF, 0xA510, 0xA4EF, 0xA46D, 0xA40C, 0xAC2C, 0xAC8D,
    0xA44C, 0x93CA, 0x93CB, 0x9C0B, 0x9C2B, 0x9C0B, 0x8BAA, 0x8389,
    0x8BAA, 0x8B8B, 0x8B6A, 0x834A, 0x8B8A, 0x9C0D, 0xA44E, 0x8BAB,
    0x7B48, 0x7B69, 0x83AC, 0x8BAC, 0x940D, 0xACB2, 0xA492, 0xA492,
    0xB534, 0xB535, 0xA4D4, 0x8C11, 0x6AAE, 0x4A2C, 0x424C, 0x2968,
    0x5AAD, 0x8C54, 0x8453, 0x3A2A, 0x0062, 0x72C8, 0x72A7, 0x72A7,
    0x7B09, 0x7B29, 0x7B29, 0x7B09, 0x7B08, 0x7AE9, 0x7AC9, 0x6A68,
    0x6246, 0x6205, 0x6A06, 0x7A88, 0x8329, 0x8349, 0x8389, 0x8BAA,
    0x93AB, 0x93AC, 0x9BEC, 0x9BEB, 0x8BAA, 0x8BAA, 0x9BEC, 0xAC6D,
    0xAC6D, 0x9C0C, 0x9BEB, 0x9BAA, 0xA3CA, 0xA3EB, 0xA40B, 0xA40B,
    0x9BEB, 0x9BEB, 0xA42C, 0xAC6D, 0xA44D, 0x9BEC, 0x9BCB, 0x9BAA,
    0xA3CB, 0xA3EB, 0xA3EB, 0xAC0B, 0xAC2B, 0xA42B, 0xA40B, 0x9BEB,
    0x9BCA, 0x9BEA, 0xA42B, 0xA40B, 0x9C0B, 0x9C0B, 0xA40C, 0x9BEB,
    0x93CB, 0x93EB, 0x9C2C, 0xA44C, 0xA44C, 0xA42C, 0x9C2C, 0x944D,
    0x9C6E, 0xA46E, 0xA44E, 0x9C2C, 0x9BEC, 0xA42D, 0xACCE, 0xACEF,
    0x9C6D, 0x9BEB, 0xA42C, 0xAC8D, 0xAC6D, 0x9BEB, 0x93CA, 0x9C2B,
    0xA46B, 0x93EB, 0x8BAB, 0x9C0C, 0x93AB, 0x8B6A, 0x8369, 0x8B8B,
    0x93CC, 0x940D, 0x8B6A, 0x8329, 0x836A, 0x93CD, 0x93EE, 0x942E,
    0xA4B1, 0xA4B2, 0xACD3, 0xB555, 0xB535, 0xAD15, 0x9C94, 0x6AEF,
    0x4A0C, 0x4A4C, 0x2968, 0x528C, 0x8C33, 0x94B5, 0x4A8B, 0x08A3,
    0x832A, 0x8309, 0x7B08, 0x8329, 0x7B29, 0x834A, 0x8B6A, 0x8329,
    0x7AC8, 0x7268, 0x6A47, 0x6226, 0x6227, 0x72A9, 0x830A, 0x9349,
    0x9B8B, 0xA3ED, 0xA40D, 0x9BCC, 0x93AB, 0x93CB, 0x9BEC, 0x9C0B,
    0x942B, 0x942B, 0x9C2C, 0x9C2C, 0x9BEB, 0x9BEB, 0xA3EB, 0xAC0B,
    0xA40C, 0xA42B, 0xA40B, 0x9BEB, 0x940B, 0x9C2B, 0xA42C, 0x9C0C,
    0x9BEB, 0xA3EB, 0xAC0B, 0xAC0C, 0xA3EB, 0x9BCA, 0x9BEA, 0xA42B,
    0xAC2C, 0x9BEB, 0x8B89, 0x8B89, 0x93EB, 0x9C2C, 0xA42C, 0x9BEB,
    0x9BCB, 0x9BEB, 0x93CB, 0x93CB, 0x9BCB, 0x9C0C, 0x9BEB, 0x9BEB,
    0x940B, 0x8BEB, 0x93EB, 0x9C0C, 0x9C0C, 0x9C2C, 0x9C2C, 0x9C2C,
    0x93EB, 0x93AA, 0x93CB, 0x9C4C, 0xA46D, 0x9C0B, 0x9BCA, 0x9C2B,
    0x9C2B, 0x9C2B, 0x9C0A, 0x9BCA, 0x938A, 0x8B6A, 0x8BAB, 0x8BAA,
    0x8BA9, 0x93AA, 0x9C0E, 0xA44F, 0xA44D, 0x93AB, 0x93AB, 0x93ED,
    0x93ED, 0x940E, 0x9450, 0x9CB1, 0xACD3, 0xB515, 0xBD76, 0xAD15,
    0xACF5, 0xA4F6, 0x83B1, 0x5A6D, 0x420C, 0x2948, 0x4A6C, 0x8413,
    0x9CF6, 0x52CD, 0x08C4, 0x938B, 0x7B29, 0x72C8, 0x8329, 0x8349,
    0x8349, 0x8349, 0x7B08, 0x72A8, 0x7288, 0x6A67, 0x6A47, 0x6A68,
    0x6309, 0x7B8A, 0x9BAB, 0x9B8B, 0xA3AC, 0xA3ED, 0xA40C, 0x9C0C,
    0x9BEB, 0x9BCB, 0x9BAA, 0x9BCB, 0x9C4C, 0x9C2B, 0x93EB, 0x93CA,
    0x9BEB, 0xA3EB, 0xA3CB, 0xA40B, 0xAC4B, 0xA42B, 0x93AB, 0x9BEB,
    0x9C4C, 0x940B, 0x93CA, 0x9BCB, 0xA40C, 0xA3CB, 0x9B8A, 0x9B89,
    0xA3CB, 0x9BEB, 0x93AA, 0x93AA, 0x93CA, 0x93AA, 0x8BAA, 0x93AA,
    0xA40C, 0xAC4C, 0xA40C, 0x9BEC, 0x93EB, 0x93EC, 0x9BEB, 0x9BCB,
    0x93EC, 0x93EC, 0x9BEB, 0x9BEB, 0x9C0B, 0x9C2B, 0x9C2C, 0x9C2C,
    0x9C2C, 0x9C2C, 0x940C, 0x93CB, 0x93CA, 0x9BEB, 0x93EB, 0x93EB,
    0x93CA, 0x93CA, 0x93EA, 0x9C2B, 0xA42B, 0x9BEA, 0x9389, 0x8B69,
    0x8369, 0x8B69, 0x9389, 0x8B68, 0x8307, 0x8B6A, 0x93CC, 0x93CB,
    0x8B8B, 0x93CC, 0x9C2E, 0x9C2F, 0x9430, 0x9450, 0x9C90, 0xACF2,
    0xBD35, 0xBD76, 0xAD15, 0xAD15, 0xACF4, 0x9433, 0x6B0F, 0x420C,
    0x2148, 0x4A6C, 0x7BF2, 0xAD58, 0x5B0E, 0x08C4, 0x8B8A, 0x8349,
    0x72E8, 0x8309, 0x8309, 0x8309, 0x7B09, 0x7AC8, 0x7AC8, 0x7AC9,
    0x72A8, 0x6227, 0x51E6, 0x5A07, 0x6A88, 0x7B0A, 0x93AD, 0x9BCC,
    0x9BAB, 0x9BCB, 0x93AB, 0x8BAB, 0x8BAB, 0x936A, 0x9B6A, 0x9BAB,
    0x93CA, 0x93A9, 0x93AA, 0x93CA, 0x93AA, 0x9BCA, 0xAC2C, 0xAC6C,
    0x9C2B, 0x9369, 0x9B6A, 0x9BAB, 0x93C9, 0x93AA, 0x93AA, 0x9BCA,
    0x9BCA, 0x9BCB, 0x9BEB, 0x9BCB, 0x9BAA, 0x9BCA, 0x9C0B, 0xA42C,
    0xA42C, 0xA40C, 0x9BEB, 0x9BEA, 0x9C0B, 0xA40C, 0x9C0C, 0x9BEC,
    0x93CB, 0x93CB, 0x9BCB, 0x93CB, 0x9C0C, 0x9C2C, 0x9C0B, 0x9C0B,
    0x9C2B, 0x9C2B, 0x9C2B, 0x9C0B, 0x940C, 0x93EB, 0x9C2B, 0xA44C,
    0xA44C, 0x9C0C, 0x940C, 0x9C2C, 0x9C2B, 0x9C0A, 0x9C0A, 0x9C0A,
    0x9C0B, 0x9C0B, 0x93CB, 0x938A, 0x8B89, 0x93C9, 0x93A8, 0x8368,
    0x8BAA, 0x9C2D, 0x9C2E, 0x8BEC, 0x83AC, 0x8BCD, 0x9430, 0x9C50,
    0x9C70, 0xA4F2, 0xB514, 0xB555, 0xBD76, 0xAD35, 0xACF4, 0xA492,
    0x9C73, 0x7B91, 0x4A0C, 0x2148, 0x3A0B, 0x7391, 0xB599, 0x634F,
    0x10C4, 0x7B08, 0x7309, 0x7B29, 0x8329, 0x8309, 0x7B08, 0x7B08,
    0x7B08, 0x7AC8, 0x7288, 0x6A87, 0x6267, 0x6A67, 0x7AA9, 0x6206,
    0x4943, 0x6247, 0x93AB, 0xAC4C, 0x9BEB, 0x8B8A, 0x8B6A, 0x8B6A,
    0x8B29, 0x8B08, 0x9349, 0x9BC9, 0x9BEA, 0x93AA, 0x9BAA, 0x9BCB,
    0xA40C, 0xA40B, 0x9C0B, 0x93CA, 0x8B29, 0x8AE8, 0x9369, 0x9BE9,
    0x9BEA, 0x93AA, 0x9BCB, 0xA3EC, 0xA40C, 0x9BEB, 0x9BAA, 0x93AA,
    0x938A, 0x9369, 0x9389, 0x9BAA, 0x9BEB, 0xA40B, 0xA40B, 0x9BEB,
    0x9C0C, 0xA44D, 0xA44D, 0xA3EC, 0xA3EC, 0xA40B, 0x93CA, 0x9BEB,
    0xA44D, 0xA46D, 0x9C4C, 0x9C2C, 0xA46C, 0xA44C, 0x9C2C, 0x9C2D,
    0x9C2C, 0x9C4C, 0xAC6D, 0xAC8E, 0xA48E, 0x9C4C, 0xA46C, 0xA46C,
    0xA44C, 0xA44C, 0xA44C, 0xA42C, 0x9C0C, 0x93CB, 0x9BEC, 0x9C0D,
    0x938B, 0x82E7, 0x8308, 0x93EC, 0xA4B0, 0xA4F1, 0xACF0, 0x9C71,
    0x9412, 0xA471, 0xA490, 0xA491, 0xACF3, 0xB535, 0xBD55, 0xBD75,
    0xB535, 0xACD4, 0x9C31, 0xA4B3, 0x8C12, 0x524D, 0x2128, 0x29A9,
    0x5B2F, 0xB599, 0x7391, 0x18E6, 0x72C9, 0x7309, 0x7B29, 0x8B29,
    0x8309, 0x7B08, 0x7308, 0x7AE8, 0x7AA8, 0x7287, 0x6A88, 0x6A88,
    0x7288, 0x7AA9, 0x72A8, 0x72E7, 0x8B88, 0x9BCA, 0x9BCC, 0x93CB,
    0x8BAA, 0x93AB, 0x9BEC, 0x9C2D, 0x940C, 0x93AA, 0xA3EB, 0xA40C,
    0x9C0B, 0xA40C, 0x9BEB, 0x93CB, 0x9389, 0x93AA, 0x9C0B, 0x940C,
    0x93CB, 0x9BAA, 0xA40C, 0xA40C, 0x9C0B, 0x9C0C, 0x9BEB, 0x938A,
    0x936A, 0x93AA, 0x9BCA, 0x9BCA, 0x93AA, 0x9389, 0x938A, 0xA3EB,
    0xA40C, 0xA3EB, 0x9BCB, 0x9BCB, 0x9BEB, 0x9C0C, 0x9C0C, 0x9BCB,
    0x93AA, 0x8B6A, 0x836A, 0x8BAB, 0x9C0B, 0xA40B, 0x9BCA, 0x9BCB,
    0x93EC, 0x9C0C, 0x9C0C, 0x93EB, 0x93EC, 0x9C2C, 0x9C4C, 0x9C2B,
    0x9C0B, 0xA44B, 0xA44C, 0xA44C, 0xAC4C, 0xAC4D, 0xA42C, 0x9C0C,
    0x93EB, 0x93CB, 0x93AC, 0x9B4A, 0x9B4A, 0x938D, 0x9C2D, 0x9C6D,
    0x8C6E, 0x9CD3, 0xACF5, 0xACD3, 0xB4D2, 0xAC91, 0xA4B2, 0xAD14,
    0xB555, 0xBD56, 0xBD55, 0xBD55, 0xACF5, 0x9431, 0xA4B3, 0x9453,
    0x62AE, 0x296A, 0x2169, 0x52AD, 0xB578, 0x73B1, 0x2168, 0x7B2A,
    0x7B2A, 0x8329, 0x8309, 0x7B09, 0x7309, 0x7AE8, 0x7AC8, 0x7AC8,
    0x72C8, 0x6AA8, 0x6AA8, 0x72A8, 0x6A88, 0x6A87, 0x82C7, 0x938A,
    0x9BEC, 0x9BCC, 0x93EC, 0x9BEC, 0x9C0C, 0x9C0C, 0xA44D, 0xAC8E,
    0xAC6D, 0xA44C, 0x9C0B, 0x9BCB, 0x9BCC, 0x9BEC, 0x9BCB, 0x93AA,
    0x9BAA, 0xA40C, 0xA48E, 0xAC8E, 0xAC6D, 0xA42C, 0x9BEB, 0x9BCB,
    0x9BCC, 0x9BEB, 0xA3EC, 0xA3EB, 0xA3EA, 0x9BEB, 0xA3EB, 0xA40B,
    0x9BEB, 0x9BCB, 0x9BEB, 0xA3EC, 0x9BEC, 0x93CB, 0x9BCB, 0x9BAB,
    0x93AA, 0x93AA, 0x9BEA, 0x93EA, 0x8BAA, 0x836A, 0x8349, 0x8328,
    0x8B29, 0x8B6A, 0x938A, 0x93AB, 0x93CC, 0x93EC, 0x93EC, 0x9C0C,
    0xA44C, 0x9C2B, 0x93EA, 0x8BAA, 0x8B89, 0x93A9, 0x9BEA, 0x9BCA,
    0x9BCB, 0x9BEB, 0x9C0C, 0x8B6A, 0x8309, 0x8B2A, 0x82C8, 0x7267,
    0x6289, 0x8B8C, 0xA450, 0x9CB2, 0xAD55, 0xB555, 0xACF2, 0xA4B2,
    0xA4B1, 0xACD2, 0xACD3, 0xAD15, 0xBD55, 0xBD55, 0xBD76, 0xB535,
    0x9C52, 0xA493, 0x9C53, 0x6B0F, 0x29AB, 0x2169, 0x526C, 0xAD57,
    0x7BF2, 0x31CA, 0x93CB, 0x8B8A, 0x7B49, 0x7B29, 0x7B29, 0x72E9,
    0x7AE8, 0x7AE8, 0x8309, 0x7AE9, 0x72A8, 0x6A47, 0x5A06, 0x51C5,
    0x6226, 0x82E8, 0x934A, 0x938B, 0x93CC, 0x93CC, 0x93EC, 0x9C0C,
    0xA40C, 0x9BEC, 0x9BEC, 0x9C0C, 0x9BCB, 0x9BAA, 0x9B8A, 0x8B6A,
    0x938B, 0x9BCB, 0x9BA9, 0x938A, 0x9BCC, 0xA42C, 0x9C0C, 0x9BEB,
    0x9BCA, 0x9B8A, 0x938A, 0x8B8B, 0x93AA, 0x9BCA, 0x9BEB, 0x9BCB,
    0x9BAA, 0x9369, 0x936A, 0x934A, 0x932A, 0x9349, 0x938A, 0x93AA,
    0x938A, 0x9BAB, 0xA40C, 0xA44D, 0x93CB, 0x93AA, 0x9BEB, 0xA42D,
    0xA44C, 0xA42B, 0x9C0B, 0x9BEC, 0x9BCB, 0x9BCB, 0x93CC, 0x93EC,
    0x9C0B, 0x940B, 0x9C0B, 0x9C0C, 0xA44D, 0xA44D, 0xA44C, 0xA40A,
    0xA40A, 0xA42B, 0x9C0B, 0xA42B, 0xA42C, 0x9BEC, 0x9BCC, 0x9B8C,
    0x8B4D, 0x7309, 0x7348, 0x8C0C, 0x9C90, 0xACD3, 0xAD34, 0xB574,
    0xB534, 0xACF3, 0xAD35, 0xB533, 0xB4D2, 0xACB3, 0xACF4, 0xB535,
    0xBD75, 0xBD96, 0xBD56, 0xA492, 0xA4B3, 0x9C72, 0x734F, 0x3A0D,
    0x2169, 0x422A, 0xAD57, 0x8C34, 0x3A2C, 0x93CB, 0x8B6A, 0x7B09,
    0x7B09, 0x7B29, 0x7B09, 0x7AC8, 0x7AA8, 0x82E9, 0x7AE9, 0x6A87,
    0x5206, 0x51E6, 0x82A9, 0x934B, 0x936A, 0x8B6A, 0x8B8A, 0x93AA,
    0x93AB, 0x9BAB, 0x938B, 0x8349, 0x8328, 0x8AE7, 0x8AA6, 0x8286,
    0x82E8, 0x8B69, 0x8B8A, 0x938B, 0x9BCB, 0x93A9, 0x8B89, 0x8B49,
    0x8308, 0x82A7, 0x8286, 0x82A7, 0x8B49, 0x8B8A, 0x8B6A, 0x93AB,
    0xA3CD, 0xA3CC, 0xA3EC, 0x9B8A, 0x9308, 0x9308, 0x9328, 0x9348,
    0x9B69, 0xA38A, 0xA3CB, 0xA40B, 0x9BEB, 0x9BEB, 0xA42C, 0x9BEB,
    0x9BCB, 0x9C0B, 0x9BEB, 0x9BEB, 0x9BEC, 0xA40D, 0xAC4E, 0xAC6F,
    0xA44F, 0xA42D, 0xA44C, 0xAC8D, 0xA46D, 0xA44D, 0xA44D, 0xAC4D,
    0xAC4D, 0xAC2C, 0xA46C, 0xA46E, 0xA46E, 0xA44C, 0xA46B, 0x9C2B,
    0x8B6B, 0x834A, 0x836A, 0x8BAC, 0x940D, 0x942D, 0x942D, 0x942E,
    0xA4B1, 0xB554, 0xBD75, 0xB575, 0xB555, 0xBD96, 0xBD74, 0xBD33,
    0xAD35, 0xAD14, 0xB534, 0xBD75, 0xC596, 0xBD56, 0xA493, 0xA492,
    0x9C52, 0x7B50, 0x4A6E, 0x2189, 0x31A9, 0xA517, 0x8C75, 0x52CF,
    0x8B89, 0x836A, 0x832A, 0x834A, 0x7B09, 0x72C8, 0x7AC8, 0x7AC8,
    0x7AE9, 0x7AE8, 0x6A87, 0x6A68, 0x82C9, 0x9B49, 0x9349, 0x8329,
    0x8B4A, 0x938B, 0x9BAB, 0x9BEC, 0x938A, 0x8B28, 0x7AE7, 0x7B08,
    0x8B6A, 0x93AA, 0x938A, 0x8B48, 0x938A, 0xB490, 0xB490, 0x93EB,
    0x8B68, 0x8B28, 0x8329, 0x8308, 0x8B8A, 0x93CA, 0x9369, 0x9369,
    0xA3EC, 0xB4B0, 0xAC70, 0x9BED, 0x9BAB, 0xABED, 0xAC2E, 0xA40C,
    0x93CA, 0x9389, 0x9BA9, 0x9BCA, 0x9BCB, 0x9BEB, 0xA40B, 0xA40B,
    0xA40C, 0xAC2C, 0xA3EB, 0x9BEB, 0xA40C, 0xA42D, 0xA44E, 0xAC4E,
    0x9C2D, 0x9C0D, 0xA42E, 0xAC90, 0xAC8F, 0xA46D, 0xAC6D, 0xAC6E,
    0xAC6E, 0xAC8E, 0xACAF, 0xACAF, 0xAC6F, 0xA42D, 0x9C0C, 0xA42C,
    0xA46D, 0xA44C, 0x93EB, 0x8B8B, 0x8BCC, 0x942F, 0x9C50, 0x942D,
    0x8BEB, 0x942E, 0xA4B1, 0xB534, 0xB555, 0xB555, 0xBD75, 0xBD75,
    0xB555, 0xB555, 0xB576, 0xB576, 0xB555, 0xB554, 0xBD75, 0xC596,
    0xBD75, 0xA493, 0x9C51, 0x9431, 0x8391, 0x5ACF, 0x2989, 0x2148,
    0x9496, 0x9496, 0x6331, 0x8B8A, 0x8B4A, 0x832A, 0x834A, 0x830A,
    0x7AC9, 0x7AC8, 0x72A8, 0x7AE9, 0x7B09, 0x8309, 0x72C8, 0x6267,
    0x5A45, 0x6A87, 0x7B0A, 0x8B29, 0x8B29, 0x8B29, 0x8349, 0x8B29,
    0x9308, 0x8B09, 0x8B49, 0x8B6A, 0x9369, 0x938A, 0x8B69, 0x8B48,
    0x9BCC, 0xA42D, 0x9C0C, 0x938A, 0x934A, 0x8B2A, 0x8B49, 0x9369,
    0x938A, 0x9389, 0x8B48, 0x8B49, 0x9BEC, 0xAC8F, 0xA48E, 0x9C0B,
    0x9BCB, 0xA40D, 0xA46F, 0xA46E, 0xAC2C, 0xAC0B, 0xAC0B, 0xA42C,
    0xA42C, 0xAC2C, 0xAC4D, 0xB46E, 0xB48E, 0xA42C, 0xA3EB, 0xA40B,
    0xA40C, 0xA40C, 0xA42D, 0x9C2D, 0xA44D, 0xA44E, 0xAC70, 0xAC90,
    0xA46D, 0xA46C, 0xA46D, 0xA46E, 0xA42C, 0xAC4C, 0xAC6D, 0xAC4D,
    0xA42C, 0xA42C, 0x9C2D, 0x942D, 0x93EB, 0x93CA, 0x93EB, 0x9C4D,
    0x9C90, 0xA491, 0x8BEC, 0x940C, 0xB513, 0xBD55, 0xB555, 0xB555,
    0xBD75, 0xBD95, 0xBD96, 0xBD96, 0xBD96, 0xBD76, 0xBD96, 0xB555,
    0xB555, 0xBD75, 0xCDD7, 0xBD95, 0x9C72, 0x8BF0, 0x93F0, 0x8BD0,
    0x6310, 0x298A, 0x1927, 0x8415, 0x8C76, 0x6B92, 0x8B8B, 0x836A,
    0x7B2A, 0x7B2A, 0x7B09, 0x7AEA, 0x830A, 0x7AC9, 0x72C8, 0x7308,
    0x8328, 0x7AE9, 0x72C9, 0x7ACA, 0x82EA, 0x834A, 0x8B6A, 0x8B49,
    0x82E8, 0x7AE7, 0x8B69, 0x9BEB, 0x9C0C, 0xA3EC, 0xA3CC, 0xA3CC,
    0x938B, 0x938B, 0x9BCB, 0x9BAA, 0x93AB, 0x93CB, 0x93CB, 0x9BCB,
    0xA3EB, 0xA3EC, 0xA3EC, 0x9BAB, 0x938A, 0x9BCB, 0x9BCA, 0x8B8A,
    0x93CB, 0xA42D, 0xAC6E, 0xA44E, 0x9C2D, 0x9C4D, 0x9C4E, 0xA42D,
    0xA40B, 0xA3EB, 0xABEB, 0xA40B, 0xA3CA, 0xA3EB, 0xA42C, 0xA44D,
    0x9BEC, 0x9BCA, 0xA3EA, 0xA3EB, 0x9BCC, 0x93CB, 0x93CB, 0xA44D,
    0xACAF, 0xAC6F, 0xA46E, 0xA46D, 0xA42D, 0xA42C, 0xA40B, 0xA40A,
    0xA3EA, 0x9BC9, 0x9BC9, 0x9C0A, 0xA44D, 0xA44F, 0x940C, 0x8389,
    0x838A, 0x940C, 0xA48E, 0xACCF, 0xA4AF, 0x940C, 0x9C4E, 0xBD75,
    0xBD96, 0xBD76, 0xBD76, 0xBDB6, 0xBDB7, 0xBD96, 0xC5D7, 0xC5D7,
    0xC5B7, 0xBDB7, 0xB555, 0xB555, 0xB575, 0xCDF7, 0xC5B6, 0x9C72,
    0x8BCF, 0x8C0F, 0x8C11, 0x6B30, 0x31AB, 0x1927, 0x7393, 0x8C56,
    0x73F3, 0x8B6B, 0x834B, 0x7B2A, 0x7B2A, 0x7309, 0x72E9, 0x82EA,
    0x7AE9, 0x7AE9, 0x7309, 0x8349, 0x7B09, 0x6AA8, 0x72E9, 0x832A,
    0x8B6A, 0x9369, 0x9369, 0x938A, 0x9BAB, 0xA36B, 0xA36B, 0xA38B,
    0x9BAC, 0x93CC, 0x9BEC, 0xA42D, 0xA42D, 0xA3EC, 0x9BAA, 0x93CB,
    0x93EC, 0x93AB, 0x9BAB, 0xA3AB, 0x9BAC, 0x9BCC, 0xA40D, 0xA42D,
    0xA40D, 0x9BCB, 0x9B8A, 0x9BAA, 0x93CC, 0x9C0D, 0xA42D, 0xAC6E,
    0xACAE, 0xACAE, 0xA48E, 0xA44C, 0xA40B, 0xABCA, 0xABCA, 0xA3EB,
    0xA40B, 0xA40C, 0xAC2C, 0xAC2D, 0xA42C, 0xA42B, 0xA40A, 0x9BCB,
    0x9BEC, 0xA42D, 0xAC6E, 0xAC8E, 0xA46E, 0xA44D, 0xA44D, 0xA46D,
    0xA42B, 0xAC0B, 0xAC0B, 0xA42C, 0xA40B, 0xA3EA, 0xA3EC, 0xAC2D,
    0xA44D, 0x93EB, 0x8BC9, 0x940C, 0xACAF, 0xB4F0, 0xA48E, 0x9C4C,
    0x9C6E, 0xB4D3, 0xC557, 0xB515, 0xAD34, 0xBD95, 0xC5B6, 0xBDB6,
    0xBD96, 0xC5D7, 0xC5D7, 0xBDB7, 0xBD96, 0xB576, 0xB555, 0xB555,
    0xCDF7, 0xCDB6, 0xA4B3, 0x940F, 0x9430, 0x9452, 0x7350, 0x31CB,
    0x1948, 0x6311, 0x8435, 0x8455, 0x8B8B, 0x834A, 0x7B29, 0x834B,
    0x730A, 0x7B0A, 0x832A, 0x72A9, 0x5226, 0x4A05, 0x6AC7, 0x8329,
    0x8309, 0x8B2A, 0x8B6B, 0x938B, 0x9369, 0x9B6A, 0x9B8A, 0x938A,
    0x9349, 0x8B49, 0x8349, 0x7B4A, 0x7309, 0x7B29, 0x8B8B, 0xA40D,
    0xA44D, 0xA3EC, 0x9BCB, 0x93CB, 0x8B69, 0x8329, 0x7B2A, 0x734A,
    0x7309, 0x834A, 0x9BCC, 0xA44D, 0xA42D, 0x9BEB, 0xA40C, 0xA42C,
    0x9BEC, 0x9BAA, 0x9B69, 0x9BAA, 0xA44D, 0xAC8E, 0xAC6E, 0xA42D,
    0xA3EC, 0xA3EB, 0xA40C, 0x9C0B, 0x9BCB, 0xA3EC, 0xAC8E, 0xACAF,
    0x9C4D, 0xA40B, 0xA3CB, 0x9BEC, 0x9BED, 0x9C0D, 0xA44D, 0xA44D,
    0xAC4D, 0xAC2D, 0xAC4C, 0xAC4C, 0xAC2C, 0xA42B, 0xA42C, 0xA44D,
    0xAC4D, 0xAC2D, 0xAC2C, 0xA44B, 0x940B, 0x9C2D, 0xA48F, 0xA48F,
    0xA48F, 0xB4AF, 0xCD2F, 0xC571, 0xBD73, 0xB555, 0xAD34, 0xAD54,
    0xB575, 0xBD76, 0xBD96, 0xBDB6, 0xC5D7, 0xC5D7, 0xBD96, 0xBD76,
    0xB576, 0xB575, 0xBD75, 0xC5D7, 0xC5B6, 0xA4F3, 0x9450, 0x9C30,
    0x9452, 0x7350, 0x3A0B, 0x2169, 0x528F, 0x83F5, 0x94B6, 0x8B8C,
    0x836B, 0x836B, 0x8B6C, 0x832B, 0x834B, 0x8B4B, 0x6A68, 0x5A46,
    0x72E8, 0x936A, 0x9B8B, 0x936A, 0x8B6B, 0x8B6B, 0x8B6A, 0x834A,
    0x834A, 0x7B0A, 0x72E9, 0x730A, 0x7B2A, 0x832A, 0x8B4A, 0x9B8B,
    0x9BAB, 0x8B49, 0x8B49, 0x9BEC, 0xAC8E, 0xA46D, 0x93CA, 0x830A,
    0x7AEA, 0x832A, 0x938B, 0x9BAC, 0x936A, 0x8B49, 0x93CB, 0xA42D,
    0xA42D, 0xA3EC, 0x9BEC, 0x9C0C, 0xA46D, 0xA42C, 0x9BEB, 0xA3EC,
    0xA44D, 0xAC6E, 0xAC4E, 0xAC6E, 0xA48E, 0xAC8F, 0xAC8E, 0xAC6D,
    0xA46D, 0xA46E, 0xA48F, 0xA46D, 0x9C2D, 0x9C2E, 0xA48F, 0xA48E,
    0xA48E, 0xAC6D, 0xAC8E, 0xB4AF, 0xB4CF, 0xB4AE, 0xAC8D, 0xAC8D,
    0xAC6E, 0xB4AE, 0xB4CF, 0xB4CE, 0xACAD, 0xACAD, 0xAC8D, 0xA44D,
    0xAC6E, 0xACAE, 0xB50E, 0xBD10, 0xBD32, 0xBD94, 0xAD34, 0xA513,
    0xB554, 0xBD75, 0xBD76, 0xBD75, 0xB576, 0xBD96, 0xBDB6, 0xC5D7,
    0xC5B7, 0xBD96, 0xB596, 0xB576, 0xBD55, 0xBD96, 0xBDD7, 0xBDB7,
    0xAD14, 0x9431, 0x9410, 0x9431, 0x7371, 0x3A2C, 0x1969, 0x424E,
    0x7C14, 0x9CF7, 0x7B6B, 0x836C, 0x836B, 0x834A, 0x7AE9, 0x6AA8,
    0x72E9, 0x836B, 0xA42E, 0xAC2E, 0x8B8C, 0x72EA, 0x6AA9, 0x72C9,
    0x7AE9, 0x832A, 0x8B6B, 0x8BAC, 0x8B6C, 0x8B4B, 0x8B29, 0x9329,
    0x936A, 0x9BCB, 0xA40C, 0xA44D, 0xAC4D, 0xAC2D, 0xA42D, 0x9C0B,
    0x9BEB, 0x9BAA, 0x936A, 0x934A, 0x9B6A, 0xA3EC, 0xA44D, 0xAC6E,
    0xAC4E, 0xA40D, 0xA40C, 0xA42C, 0x9C0C, 0xA40D, 0xA42D, 0xAC4E,
    0xAC6F, 0xAC6E, 0xAC6D, 0xA44C, 0xAC4C, 0xAC2D, 0xAC4D, 0xAC6D,
    0xAC6E, 0xAC6E, 0xA46D, 0xA46C, 0xAC8E, 0xACAF, 0xAC8F, 0x9C6E,
    0x9C6F, 0xA48F, 0x9CAE, 0xACCF, 0xB512, 0xB513, 0xB512, 0xACF0,
    0xB4CF, 0xAC8D, 0xAC8D, 0xB4AE, 0xB4AE, 0xB4AE, 0xB4CE, 0xB4CF,
    0xACAF, 0xAC8F, 0xB4AF, 0xB4CF, 0xB511, 0xB514, 0xAD34, 0xAD54,
    0xB594, 0xB554, 0xB514, 0xB555, 0xB555, 0xB575, 0xBD96, 0xBD96,
    0xBD96, 0xBDB6, 0xC5D7, 0xC5F7, 0xC5D7, 0xB596, 0xB576, 0xBD96,
    0xB5B7, 0xBDD7, 0xC5D7, 0xBD56, 0x9451, 0x8BCF, 0x8BCF, 0x7BB1,
    0x426D, 0x1968, 0x3A0D, 0x7BF4, 0xA518, 0x838B, 0x8BAD, 0x836B,
    0x6A67, 0x51C5, 0x59E6, 0x6A48, 0x6A68, 0x6247, 0x6A48, 0x7268,
    0x72A9, 0x72C8, 0x7287, 0x7AC8, 0x8309, 0x8B2A, 0x934A, 0x9BAA,
    0xB46D, 0xB46D, 0xAC0C, 0xA3EC, 0xA40C, 0xA42C, 0x9C2C, 0xA40B,
    0xAC4D, 0xA42C, 0x82C7, 0x7AA6, 0x938A, 0xA42D, 0xAC2D, 0xA3EC,
    0xA42C, 0xA42C, 0x9C0B, 0xA3EB, 0xA42D, 0xA42E, 0xA40D, 0x9BEB,
    0xA3EB, 0xA40C, 0xA3EB, 0x9BEB, 0xA40C, 0xAC4D, 0xAC4D, 0xAC2C,
    0xA42B, 0xAC2C, 0xAC4D, 0xA46D, 0xA44D, 0xA44D, 0x9C4C, 0xA46C,
    0xA46E, 0x942F, 0x940E, 0x940D, 0x9C2E, 0x940D, 0x9C6E, 0xACCF,
    0xACD0, 0xACB0, 0xACD0, 0xB4F0, 0xAC8E, 0xAC6D, 0xB4AE, 0xACCE,
    0xACAE, 0xAC8E, 0xB4F0, 0xB4D1, 0xA4AF, 0xACCE, 0xACEF, 0xAD11,
    0xB514, 0xBD55, 0xBD75, 0xB555, 0xB534, 0xAD34, 0xAD34, 0xAD14,
    0xB555, 0xBD96, 0xB596, 0xB596, 0xBDB6, 0xC5D7, 0xC5F7, 0xC5D7,
    0xBD97, 0xBD76, 0xB596, 0xBDD7, 0xC5D7, 0xBDB7, 0xBD76, 0x9472,
    0x83CF, 0x83AE, 0x8BF2, 0x52AE, 0x1948, 0x29AB, 0x73B3, 0x9D18,
    0x836A, 0x7B2A, 0x72E9, 0x7AE9, 0x8B6B, 0x8B6C, 0x7AAA, 0x6A28,
    0x6228, 0x6249, 0x6247, 0x6267, 0x72C8, 0x7AE8, 0x82E8, 0x8AE8,
    0x8B0A, 0x830A, 0x8B2A, 0x9BCB, 0x9BEC, 0x9BCC, 0x9BAB, 0xA3EC,
    0xAC0C, 0xABEC, 0xABEC, 0xAC0C, 0xA40C, 0x8328, 0x8B28, 0x9BCB,
    0xA3EC, 0x9BEC, 0x9BCB, 0xABEC, 0xAC0C, 0xABEC, 0xABCA, 0x9BCB,
    0xA42E, 0xB4B0, 0xB46E, 0xAC4D, 0xAC2C, 0xAC4C, 0xA40B, 0xA3EB,
    0xAC0C, 0xAC2C, 0xAC4D, 0xAC4D, 0xAC6D, 0xAC6E, 0xAC8E, 0xB48F,
    0xAC6E, 0xA44C, 0xA46C, 0xA44D, 0x940D, 0x8BED, 0x8BEC, 0x940C,
    0x940C, 0xA44E, 0xACD0, 0xB532, 0xACD1, 0xA48F, 0xACB0, 0xAC6E,
    0xAC4D, 0xB48D, 0xB4CD, 0xB4CE, 0xAC8F, 0xB4F1, 0xACF1, 0xA4AF,
    0xACAF, 0xACAF, 0xA4D1, 0xB535, 0xB556, 0xB555, 0xB554, 0xB534,
    0xB534, 0xB534, 0xAD34, 0xAD56, 0xB596, 0xB596, 0xBD96, 0xC5B7,
    0xC5D7, 0xC5D7, 0xBDB7, 0xC5B7, 0xBDB7, 0xBDB7, 0xC5F7, 0xBDB6,
    0xB5B6, 0xBD96, 0x9C93, 0x8BD0, 0x838E, 0x93F3, 0x5B0F, 0x1188,
    0x218A, 0x6351, 0x94D6, 0x8B6B, 0x8B8B, 0x836B, 0x7B0A, 0x72AA,
    0x7AEB, 0x836A, 0x8BA9, 0x8348, 0x72A8, 0x7288, 0x7AA8, 0x7AA7,
    0x7AC8, 0x82C9, 0x82C9, 0x8B09, 0x938A, 0x9BCB, 0x938B, 0x9BCB,
    0xA40C, 0xA40C, 0xAC6E, 0xA46E, 0x9C0C, 0xAC2D, 0xAC4D, 0xA42C,
    0x8B48, 0x8B49, 0x9BCB, 0xA3EC, 0xA40C, 0xA42D, 0xAC8E, 0xA44D,
    0xA40C, 0xAC2D, 0xAC2C, 0xA40C, 0xA40C, 0xA40C, 0xAC2C, 0xA42C,
    0xAC2C, 0xA40B, 0x9BCA, 0x9BCA, 0xA3EB, 0xA40C, 0xAC2C, 0xAC6D,
    0xAC4D, 0xA42C, 0xA44D, 0xA44E, 0xA44D, 0xA46D, 0xA44D, 0xA46F,
    0xB511, 0xBD32, 0xACAF, 0x93ED, 0x9C0D, 0xB4CF, 0xBD52, 0xB512,
    0xACD1, 0xB511, 0xB4F0, 0xB4CF, 0xB4D0, 0xB4EF, 0xB510, 0xB4F0,
    0xACD1, 0xACD0, 0xACF1, 0xB512, 0xACF1, 0xACF1, 0xB554, 0xB575,
    0xB575, 0xB574, 0xB554, 0xB554, 0xB555, 0xB575, 0xB575, 0xB575,
    0xBD75, 0xBD96, 0xC5D7, 0xC5D7, 0xC5D7, 0xC5D7, 0xC5D7, 0xBDB7,
    0xBDB7, 0xC638, 0xBDB6, 0xB576, 0xC5B7, 0xA4D4, 0x8BF1, 0x838E,
    0x9413, 0x5B30, 0x19A9, 0x194A, 0x5AF0, 0x8C75, 0x93CB, 0x8BAB,
    0x7B4A, 0x72A9, 0x6A88, 0x72C8, 0x8309, 0x936B, 0x938A, 0x8B48,
    0x82E7, 0x82C8, 0x82E9, 0x8B0A, 0x8B29, 0x9349, 0x9349, 0x934A,
    0x936B, 0x93AB, 0x9BEB, 0x9BEC, 0xA3EC, 0xAC4E, 0xB46F, 0xAC2D,
    0xAC2D, 0xA42C, 0x9BCB, 0x936A, 0x938A, 0x9BEB, 0x9BEB, 0x9BEB,
    0xA40D, 0xB48F, 0xB44E, 0xA40C, 0xA40C, 0xAC2C, 0xAC2C, 0xA40B,
    0xA40B, 0xAC2C, 0xAC2C, 0xA3EB, 0xA3EB, 0xAC2B, 0xAC4C, 0xAC4C,
    0xAC2C, 0xAC4D, 0xAC6D, 0xAC6D, 0xAC4D, 0xA44D, 0xA42D, 0xA42D,
    0xA40D, 0xA42D, 0xA46E, 0xA48F, 0xACAF, 0xB4D0, 0xB4D0, 0xACAF,
    0xA48F, 0xACB0, 0xACD1, 0xB4F2, 0xB512, 0xB4F1, 0xB4F1, 0xB512,
    0xB512, 0xB531, 0xB532, 0xAD12, 0xAD11, 0xAD10, 0xB512, 0xB533,
    0xB552, 0xB574, 0xB575, 0xB555, 0xB555, 0xB575, 0xB575, 0xB555,
    0xB595, 0xBD95, 0xB575, 0xBD76, 0xBD97, 0xBDB7, 0xC5D7, 0xC5D7,
    0xC5D7, 0xC5D7, 0xC5D7, 0xC5B7, 0xC638, 0xBDB6, 0xBDB6, 0xC5F8,
    0xA4D5, 0x8BF1, 0x838E, 0x93F2, 0x6330, 0x21CA, 0x216A, 0x4AAE,
    0x73D2, 0x8B8A, 0x7B09, 0x72C9, 0x936D, 0xA3EE, 0xABED, 0x93AC,
    0x8B6B, 0x8B6B, 0x938B, 0x938A, 0x834A, 0x7AEB, 0x72C9, 0x72C8,
    0x8309, 0x9B8B, 0xA3EC, 0xA40B, 0xAC2C, 0xAC0C, 0xAC0C, 0xA3EC,
    0xA40C, 0xAC2D, 0xAC2D, 0xB46D, 0xAC2C, 0x9BCB, 0x9BAB, 0xA3EC,
    0xAC4C, 0xAC0C, 0xABEC, 0xA3EC, 0xA40D, 0xAC2D, 0xAC4D, 0xAC2D,
    0xAC2C, 0xAC4D, 0xB46D, 0xB46E, 0xB46D, 0xAC2C, 0xA3EB, 0xA40A,
    0xAC0B, 0xA40B, 0xA40C, 0xAC2D, 0xB46D, 0xB46E, 0xB46D, 0xB48E,
    0xAC6D, 0xA44D, 0xA46E, 0xA46E, 0xA44D, 0xA44D, 0xA46E, 0xA48F,
    0xA48F, 0xB4D0, 0xB4D0, 0xACB0, 0xACD1, 0xACF1, 0xB512, 0xB4F2,
    0xB512, 0xB532, 0xB533, 0xB512, 0xB512, 0xB512, 0xB512, 0xB532,
    0xB552, 0xB533, 0xAD33, 0xAD34, 0xB595, 0xB575, 0xB534, 0xB534,
    0xB555, 0xB575, 0xB555, 0xB575, 0xBD96, 0xB575, 0xBD96, 0xBDB7,
    0xC5D7, 0xCDF8, 0xCE18, 0xCE18, 0xC5F7, 0xC5B7, 0xBDB7, 0xCE38,
    0xBDB7, 0xBDD6, 0xCE18, 0xA4D5, 0x83B0, 0x7B4E, 0x8BD2, 0x6330,
    0x21EB, 0x2169, 0x424D, 0x5B30, 0x93AC, 0x8B6C, 0x832B, 0x7B49,
    0x7B68, 0x838A, 0x93AE, 0x93EF, 0x8BEE, 0x8B8B, 0x832A, 0x7AC8,
    0x72A7, 0x7AC9, 0x832A, 0x938B, 0x9BEB, 0xAC2C, 0xAC4D, 0xB46E,
    0xA40C, 0xA3EC, 0xAC4D, 0xB46E, 0xAC6E, 0xAC4D, 0xAC4C, 0xA40C,
    0x9BCC, 0xA3EC, 0xB44D, 0xB44D, 0xA3EC, 0xA40D, 0xB46E, 0xB48E,
    0xAC6D, 0xAC4C, 0xAC2C, 0xAC0C, 0xAC2C, 0xAC4D, 0xAC6E, 0xAC6D,
    0xB46D, 0xB46D, 0xAC4C, 0xB44B, 0xAC4B, 0xB48C, 0xB48D, 0xB48E,
    0xB48E, 0xBC8E, 0xBCAE, 0xB48E, 0xAC6D, 0xA46D, 0xA42D, 0xA44E,
    0xA4AF, 0xACAF, 0xACD0, 0xA4AF, 0xA48F, 0xA490, 0xACD1, 0xACF1,
    0xB512, 0xB532, 0xB532, 0xB512, 0xAD12, 0xB532, 0xB511, 0xB512,
    0xB553, 0xBD53, 0xB553, 0xB532, 0xB533, 0xB554, 0xBD94, 0xBD95,
    0xB575, 0xB534, 0xB555, 0xB555, 0xB555, 0xB555, 0xBD76, 0xBD96,
    0xBD96, 0xBD96, 0xBDB7, 0xC5D7, 0xCE18, 0xCE38, 0xCE18, 0xCE18,
    0xC5F7, 0xC5F7, 0xCE39, 0xBDD7, 0xBDB7, 0xC5F8, 0x9C94, 0x7B70,
    0x7B2D, 0x8BF2, 0x6371, 0x2A0B, 0x218A, 0x320C, 0x4ACE, 0x7AE9,
    0x7B0A, 0x838D, 0x8BD0, 0x8BCE, 0x8B8B, 0x936B, 0x8BAC, 0x83CD,
    0x83CE, 0x7B4E, 0x72EB, 0x72E9, 0x8B4B, 0xA3ED, 0xB46E, 0xAC6E,
    0xAC6E, 0xAC4D, 0xAC4D, 0xAC4D, 0xA44C, 0xA42C, 0xA42C, 0xB48D,
    0xBCAE, 0xB48E, 0x9BEC, 0x938B, 0xA3EC, 0xAC6E, 0xAC6D, 0xA44C,
    0xA42C, 0xA44C, 0xAC6D, 0xB48E, 0xB48E, 0xB48E, 0xB48E, 0xAC8D,
    0xAC8D, 0xAC8D, 0xB4AE, 0xB4AE, 0xB48E, 0xAC8D, 0xB48D, 0xBCD0,
    0xBCD1, 0xB48F, 0xAC6C, 0xB48D, 0xB4AF, 0xB4D0, 0xB4D0, 0xB48F,
    0xAC6D, 0xA44D, 0x9C6F, 0x9C8F, 0x9C6F, 0xA490, 0xACD1, 0xA4D0,
    0xA4B0, 0xACD1, 0xB532, 0xB533, 0xB533, 0xB532, 0xB533, 0xB553,
    0xB553, 0xB553, 0xB553, 0xB532, 0xB533, 0xB533, 0xB533, 0xB553,
    0xB554, 0xB554, 0xB575, 0xB575, 0xB555, 0xB575, 0xB595, 0xB575,
    0xB575, 0xB595, 0xBD96, 0xBD96, 0xBDB7, 0xBDB7, 0xC5B7, 0xCDF8,
    0xCE18, 0xCE18, 0xCE18, 0xCE18, 0xC618, 0xCE59, 0xBDD7, 0xB5B6,
    0xC5D7, 0x9C94, 0x8370, 0x7AED, 0x83F2, 0x6B91, 0x320B, 0x218A,
    0x29EB, 0x428E, 0x838A, 0x83AC, 0x83B0, 0x7B52, 0x7B50, 0x7B4D,
    0x7B2B, 0x832B, 0x72AA, 0x6A48, 0x6A89, 0x838D, 0x9C71, 0x9C2F,
    0x9BED, 0x9BED, 0x9BED, 0x9C0E, 0xA42D, 0xAC4E, 0xBCAF, 0xC4F0,
    0xBCD0, 0xB46F, 0xAC4D, 0xAC6D, 0xA42C, 0x9BCB, 0x9BCB, 0xA40D,
    0xAC4E, 0xB46F, 0xBCCF, 0xBCF0, 0xBC90, 0xAC4E, 0xA44D, 0xAC4C,
    0xAC4C, 0xAC6D, 0xB4AE, 0xBCCF, 0xBCAF, 0xB48E, 0xAC6D, 0xAC4D,
    0xB46D, 0xBCAE, 0xBCCF, 0xBCEF, 0xBCCF, 0xBCCF, 0xBCCF, 0xBCD0,
    0xB4D0, 0xB4D0, 0xB4AF, 0xAC8F, 0xAC8F, 0x9C6E, 0x9C8E, 0x9C90,
    0xA4B1, 0xA4D1, 0xACF2, 0xAD12, 0xAD12, 0xAD13, 0xAD13, 0xB553,
    0xB573, 0xBD74, 0xBD74, 0xB574, 0xBD74, 0xBD74, 0xB573, 0xBD94,
    0xBD94, 0xBD54, 0xB534, 0xB534, 0xB575, 0xBD95, 0xBD75, 0xB555,
    0xB555, 0xBD75, 0xBD95, 0xB575, 0xBD75, 0xBD96, 0xBD96, 0xBD96,
    0xBDB6, 0xBDD7, 0xC5F8, 0xCE38, 0xCE38, 0xCE18, 0xCE18, 0xCE18,
    0xD659, 0xC5D7, 0xB5D7, 0xBDF8, 0x9C94, 0x8B70, 0x7B0E, 0x8C33,
    0x6391, 0x29CA, 0x218A, 0x31EC, 0x428E, 0x8C0B, 0x8BED, 0x8BD1,
    0x93B3, 0x9413, 0x9C32, 0x93B0, 0x7B4D, 0x6ACA, 0x6289, 0x6249,
    0x72AB, 0x8B6C, 0x93ED, 0x9C0C, 0x9BCC, 0x9C0F, 0xA42F, 0xAC4F,
    0xACB0, 0x9C6F, 0x944E, 0x9C70, 0xACF2, 0xB554, 0xB513, 0xAC4D,
    0xA3CA, 0xA3AB, 0xABCB, 0xAC6F, 0xA4B0, 0x946E, 0x9C6F, 0xACD1,
    0xB513, 0xB513, 0xB4D2, 0xB4B0, 0xB48F, 0xBCAE, 0xBCAF, 0xB4AF,
    0xAC8E, 0xAC6E, 0xB48E, 0xB4AF, 0xB4AF, 0xB4AF, 0xB4AE, 0xB4AE,
    0xBCCF, 0xBCCE, 0xB4CE, 0xB4CE, 0xB4CF, 0xB4CF, 0xACAE, 0xA46E,
    0x9C6E, 0x9C90, 0xA4B1, 0xACF3, 0xAD13, 0xACF2, 0xA4B1, 0xA4D2,
    0xB533, 0xAD13, 0xACF2, 0xB553, 0xB553, 0xB532, 0xB532, 0xB553,
    0xB533, 0xB532, 0xB553, 0xBD53, 0xB533, 0xB532, 0xB553, 0xBD74,
    0xBD75, 0xBD75, 0xB574, 0xB574, 0xB575, 0xB576, 0xB576, 0xBD96,
    0xB5B7, 0xB596, 0xB575, 0xBD75, 0xBDD6, 0xBE17, 0xC638, 0xCE18,
    0xCE38, 0xCE18, 0xCE18, 0xD638, 0xC618, 0xC618, 0xC5F8, 0x9C93,
    0x836F, 0x832E, 0x8C33, 0x5B50, 0x21A9, 0x29AA, 0x320C, 0x3A6D,
  };

  const EyeDefinition eye PROGMEM = {
      "leopard_eye", 0.5, 0, 0, nullptr,
      { 0, 0.0, 0.35, 0.8 },
      { 0.5, 0.3, { iris_texture, 256, 115 }, 41736, 0, 0, 0, 0 },
      { { nullptr, 0, 0 }, 65535, 0, 0, 0, 0 },
      { upper, lower, 0, 0.3, 0.0, true },
      { 240, nullptr, nullptr }
  };
}  // namespace
