#pragma once

#include <Arduino.h>
#include "eyes.h"

namespace leopard {

  // upper eyelid lookup table (466 columns, 0-255 range)
  const uint8_t upper[932] PROGMEM = {
    90, 105, 88, 106, 85, 107, 84, 107, 82, 108, 81, 108, 79, 109, 78, 109,
    77, 110, 76, 111, 74, 112, 73, 112, 73, 113, 72, 113, 71, 114, 70, 114,
    69, 115, 68, 116, 67, 116, 66, 117, 65, 117, 65, 118, 64, 118, 63, 119,
    62, 119, 61, 120, 60, 120, 60, 121, 59, 122, 58, 122, 58, 123, 57, 123,
    56, 124, 55, 124, 55, 125, 54, 125, 54, 126, 53, 126, 52, 126, 51, 127,
    51, 128, 50, 128, 50, 128, 49, 129, 49, 129, 48, 130, 48, 130, 47, 131,
    47, 131, 46, 131, 45, 132, 45, 132, 45, 133, 44, 133, 44, 134, 43, 134,
    43, 135, 43, 135, 42, 135, 42, 136, 41, 136, 41, 137, 41, 137, 40, 137,
    39, 138, 39, 138, 39, 138, 38, 139, 38, 140, 38, 140, 37, 141, 37, 141,
    37, 141, 36, 142, 36, 142, 36, 142, 36, 143, 35, 143, 35, 143, 35, 144,
    35, 144, 34, 145, 33, 145, 33, 145, 33, 145, 33, 146, 32, 146, 32, 146,
    32, 146, 32, 147, 31, 147, 31, 147, 31, 148, 31, 148, 31, 148, 30, 148,
    30, 149, 30, 149, 30, 149, 29, 150, 29, 150, 29, 151, 29, 151, 29, 151,
    28, 152, 28, 152, 27, 152, 27, 152, 27, 153, 27, 153, 27, 153, 27, 153,
    26, 154, 26, 154, 26, 154, 26, 154, 26, 155, 26, 155, 26, 155, 25, 155,
    25, 155, 25, 156, 25, 156, 25, 157, 25, 157, 25, 157, 25, 157, 24, 157,
    24, 158, 24, 158, 24, 158, 24, 158, 24, 158, 24, 159, 24, 159, 24, 159,
    24, 159, 24, 160, 23, 160, 23, 160, 23, 160, 23, 160, 23, 160, 23, 161,
    22, 161, 22, 161, 22, 161, 22, 161, 22, 161, 22, 162, 22, 162, 22, 162,
    22, 163, 22, 163, 22, 163, 22, 163, 22, 163, 22, 163, 22, 163, 22, 163,
    21, 163, 21, 164, 21, 164, 21, 164, 21, 164, 21, 164, 21, 164, 21, 164,
    21, 165, 21, 165, 21, 165, 21, 165, 21, 165, 21, 165, 21, 165, 21, 165,
    21, 166, 21, 166, 21, 166, 21, 166, 21, 166, 21, 166, 21, 166, 20, 166,
    20, 167, 20, 167, 20, 167, 20, 167, 20, 167, 20, 167, 20, 167, 20, 167,
    20, 167, 20, 167, 20, 167, 20, 168, 20, 168, 20, 168, 20, 168, 20, 168,
    20, 169, 20, 169, 20, 169, 20, 169, 20, 169, 20, 169, 20, 169, 20, 169,
    20, 169, 20, 169, 20, 169, 20, 169, 20, 169, 20, 170, 20, 170, 20, 170,
    20, 170, 20, 170, 20, 170, 20, 170, 20, 170, 20, 170, 20, 170, 20, 170,
    20, 170, 20, 170, 20, 170, 21, 170, 21, 170, 21, 170, 21, 171, 21, 171,
    21, 171, 21, 171, 21, 171, 21, 171, 21, 171, 21, 171, 21, 171, 21, 171,
    22, 171, 22, 171, 22, 171, 22, 171, 22, 171, 22, 171, 22, 171, 22, 171,
    22, 171, 22, 171, 23, 171, 23, 171, 23, 171, 23, 171, 24, 171, 24, 171,
    24, 171, 24, 171, 24, 171, 24, 171, 24, 171, 24, 171, 25, 171, 25, 171,
    25, 171, 25, 171, 25, 171, 25, 171, 26, 171, 26, 171, 26, 171, 26, 171,
    26, 171, 26, 171, 26, 171, 27, 171, 27, 171, 27, 171, 27, 171, 27, 171,
    27, 171, 28, 171, 28, 171, 28, 171, 29, 171, 29, 171, 29, 171, 29, 171,
    29, 171, 30, 171, 30, 171, 30, 171, 30, 171, 30, 171, 31, 171, 31, 171,
    31, 171, 31, 171, 31, 171, 32, 171, 32, 171, 32, 171, 32, 171, 33, 171,
    33, 171, 33, 171, 33, 171, 34, 171, 34, 171, 34, 171, 35, 170, 35, 170,
    35, 170, 35, 170, 36, 170, 36, 170, 36, 170, 36, 170, 36, 170, 37, 170,
    37, 170, 37, 170, 37, 170, 38, 170, 38, 170, 38, 170, 38, 170, 39, 170,
    39, 170, 39, 169, 40, 169, 41, 169, 41, 169, 41, 169, 42, 169, 42, 169,
    42, 169, 43, 169, 43, 169, 44, 169, 44, 169, 44, 169, 45, 169, 45, 169,
    45, 168, 46, 168, 47, 168, 47, 168, 47, 168, 48, 168, 48, 168, 49, 167,
    49, 167, 50, 167, 50, 167, 50, 167, 51, 167, 51, 167, 52, 167, 53, 167,
    53, 167, 53, 167, 54, 167, 54, 167, 55, 166, 55, 166, 56, 166, 56, 166,
    57, 166, 58, 166, 58, 166, 58, 166, 59, 166, 59, 166, 60, 166, 60, 166,
    61, 165, 61, 165, 62, 165, 62, 165, 63, 165, 64, 165, 65, 165, 65, 165,
    66, 165, 66, 165, 67, 165, 67, 165, 68, 165, 69, 164, 70, 164, 70, 164,
    71, 164, 72, 164, 72, 164, 73, 164, 73, 164, 74, 164, 74, 164, 76, 164,
    77, 164, 77, 163, 78, 163, 78, 163, 79, 163, 80, 163, 80, 163, 82, 163,
    82, 163, 83, 163, 83, 163, 84, 163, 85, 163, 85, 163, 87, 163, 87, 163,
    88, 163, 89, 163, 89, 163, 90, 163, 91, 163, 91, 162, 92, 162, 93, 162,
    94, 162, 94, 162, 95, 162, 96, 162, 96, 162, 97, 162, 98, 162, 99, 162,
    100, 162, 101, 162, 102, 162, 103, 162, 104, 162, 105, 162, 106, 161, 107, 161,
    108, 161, 109, 162, 109, 162, 111, 162, 112, 162, 113, 162, 114, 162, 115, 162,
    116, 162, 118, 162, 119, 162, 120, 162, 122, 162, 123, 162, 124, 162, 126, 162,
    127, 162, 129, 162, 130, 162, 132, 162, 134, 162, 136, 162, 137, 162, 140, 162,
    142, 162, 145, 162,
  };

  // lower eyelid lookup table (466 columns, 0-255 range)
  const uint8_t lower[932] PROGMEM = {
    114, 101, 117, 102, 119, 102, 122, 103, 124, 103, 125, 104, 128, 105, 129, 105,
    131, 106, 132, 106, 135, 107, 136, 107, 137, 108, 139, 108, 141, 109, 142, 109,
    143, 110, 144, 111, 145, 111, 146, 112, 147, 112, 148, 113, 149, 113, 151, 114,
    152, 114, 153, 115, 153, 116, 154, 116, 155, 117, 157, 117, 157, 118, 158, 118,
    159, 119, 160, 119, 161, 120, 162, 120, 163, 121, 163, 122, 164, 122, 165, 123,
    165, 123, 166, 123, 167, 124, 167, 124, 168, 125, 169, 125, 170, 126, 170, 126,
    171, 126, 172, 126, 172, 127, 173, 128, 174, 128, 174, 128, 175, 129, 175, 129,
    176, 130, 177, 130, 177, 130, 178, 131, 178, 131, 179, 131, 180, 132, 180, 132,
    181, 133, 181, 134, 181, 134, 182, 134, 182, 135, 183, 135, 183, 135, 184, 136,
    184, 136, 185, 136, 186, 137, 186, 137, 187, 137, 187, 138, 187, 138, 188, 138,
    188, 139, 189, 140, 189, 140, 189, 140, 190, 141, 190, 141, 191, 141, 191, 141,
    192, 142, 192, 142, 193, 142, 193, 143, 193, 143, 194, 143, 194, 144, 194, 144,
    195, 145, 195, 145, 195, 145, 196, 145, 196, 146, 197, 146, 197, 146, 198, 146,
    198, 147, 198, 147, 199, 147, 199, 147, 199, 148, 199, 148, 200, 148, 200, 148,
    200, 149, 200, 149, 201, 149, 201, 149, 201, 150, 202, 150, 202, 151, 203, 151,
    203, 151, 203, 151, 204, 152, 204, 152, 204, 152, 204, 152, 205, 153, 205, 153,
    205, 153, 205, 153, 206, 153, 206, 154, 206, 154, 206, 154, 207, 154, 207, 155,
    207, 155, 207, 155, 208, 155, 208, 156, 209, 156, 209, 156, 209, 157, 209, 157,
    210, 157, 210, 157, 210, 157, 210, 158, 210, 158, 211, 158, 211, 158, 211, 158,
    211, 158, 211, 159, 212, 159, 212, 159, 212, 159, 212, 159, 212, 160, 212, 160,
    213, 160, 213, 160, 213, 160, 213, 160, 213, 161, 213, 161, 214, 161, 214, 161,
    214, 161, 215, 161, 215, 162, 215, 162, 215, 162, 215, 163, 215, 163, 216, 163,
    216, 163, 216, 163, 216, 163, 216, 163, 216, 163, 216, 163, 217, 163, 217, 163,
    217, 164, 217, 164, 217, 164, 217, 164, 217, 164, 217, 164, 217, 164, 217, 164,
    217, 165, 217, 165, 217, 165, 218, 165, 218, 165, 218, 165, 218, 165, 218, 165,
    218, 165, 218, 166, 218, 166, 218, 166, 219, 166, 219, 166, 219, 166, 219, 166,
    219, 166, 219, 166, 219, 166, 219, 166, 219, 166, 219, 167, 219, 167, 219, 167,
    219, 167, 220, 167, 220, 167, 220, 167, 220, 167, 220, 167, 220, 167, 220, 167,
    220, 167, 221, 167, 221, 167, 221, 168, 221, 168, 221, 168, 221, 168, 221, 168,
    221, 168, 221, 168, 221, 168, 221, 168, 221, 168, 221, 169, 221, 169, 221, 169,
    221, 169, 221, 169, 221, 169, 221, 169, 221, 169, 221, 169, 222, 169, 222, 169,
    222, 169, 222, 169, 222, 169, 222, 169, 222, 169, 222, 169, 222, 169, 222, 169,
    222, 169, 222, 169, 222, 169, 222, 169, 222, 169, 222, 169, 222, 169, 222, 169,
    222, 169, 222, 169, 222, 169, 222, 169, 222, 169, 222, 169, 222, 169, 222, 169,
    222, 169, 222, 169, 222, 169, 222, 169, 222, 169, 222, 169, 222, 169, 222, 169,
    222, 169, 222, 169, 222, 169, 222, 169, 222, 169, 222, 169, 221, 169, 221, 169,
    221, 169, 221, 169, 221, 169, 221, 169, 221, 168, 221, 168, 221, 168, 221, 168,
    221, 168, 221, 168, 221, 168, 221, 168, 221, 168, 220, 168, 220, 168, 220, 167,
    220, 167, 220, 167, 220, 167, 219, 167, 219, 167, 219, 167, 219, 167, 219, 167,
    219, 167, 219, 167, 219, 167, 219, 167, 219, 167, 219, 167, 218, 167, 218, 167,
    218, 167, 218, 166, 218, 166, 218, 166, 218, 166, 218, 166, 218, 166, 217, 166,
    217, 166, 217, 166, 217, 166, 217, 166, 217, 166, 217, 166, 217, 166, 217, 166,
    217, 166, 216, 165, 216, 165, 216, 165, 216, 165, 216, 165, 216, 165, 216, 165,
    215, 165, 215, 165, 215, 165, 215, 165, 215, 165, 215, 165, 214, 165, 214, 165,
    214, 164, 213, 164, 213, 164, 213, 164, 213, 164, 212, 164, 212, 164, 212, 164,
    212, 164, 212, 164, 211, 164, 211, 164, 211, 164, 211, 164, 210, 163, 210, 163,
    210, 163, 209, 163, 209, 163, 209, 163, 209, 163, 208, 163, 208, 163, 207, 163,
    207, 163, 207, 163, 206, 163, 206, 163, 206, 163, 205, 163, 205, 163, 205, 163,
    204, 163, 204, 163, 204, 163, 203, 162, 203, 162, 203, 162, 202, 162, 202, 162,
    201, 162, 201, 162, 200, 161, 200, 161, 200, 161, 199, 161, 199, 161, 199, 161,
    198, 161, 198, 161, 198, 161, 197, 161, 197, 161, 196, 161, 196, 161, 195, 161,
    195, 161, 195, 160, 194, 160, 194, 160, 194, 160, 193, 160, 193, 160, 192, 160,
    192, 160, 192, 160, 191, 160, 190, 160, 190, 160, 190, 160, 189, 160, 189, 160,
    188, 160, 188, 160, 188, 160, 187, 159, 187, 159, 186, 159, 186, 159, 186, 159,
    185, 159, 184, 159, 184, 159, 183, 159, 183, 159, 182, 159, 182, 159, 182, 159,
    181, 159, 181, 159, 181, 159, 180, 159, 180, 159, 180, 159, 179, 159, 178, 159,
    178, 159, 177, 159, 177, 159, 177, 159, 176, 159, 176, 159, 176, 159, 175, 159,
    175, 160, 175, 160, 174, 160, 174, 160, 174, 160, 174, 160, 173, 160, 173, 160,
    172, 160, 172, 160,
  };

  // iris_texture (256x116 px, RGB565 angle-major: T[angle*116+radius])
  const uint16_t iris_texture[29696] PROGMEM = {
    0x730E, 0x72EA, 0x8349, 0x9C2F, 0xA4D2, 0xACF3, 0xA473, 0x9C11,
    0x8BCF, 0x836D, 0x836E, 0x830D, 0x728A, 0x7B6A, 0x942C, 0xB46F,
    0xAC2F, 0xAC4F, 0xA48F, 0xA4D1, 0xA48F, 0xA46F, 0xACF3, 0xACF2,
    0xA48F, 0x9C6F, 0xA46F, 0xACAF, 0xACAF, 0xACAF, 0xA48F, 0xA48F,
    0xA490, 0xA490, 0xA46E, 0xACD0, 0xB512, 0xBD33, 0xB513, 0xB512,
    0xB4F0, 0xB4AE, 0xB48F, 0xB4AF, 0xB4AF, 0xB4AF, 0xB4AF, 0xB4D0,
    0xBCF1, 0xBD11, 0xB4D0, 0xB4CF, 0xBCCF, 0xBCCF, 0xB4CF, 0xB4F0,
    0xB4F0, 0xB4CF, 0xA48E, 0x9C6F, 0x9C70, 0xA4D1, 0xAD13, 0xB533,
    0xAD13, 0xAD12, 0xAD13, 0xACF2, 0xAD13, 0xB533, 0xB574, 0xB574,
    0xB533, 0xB532, 0xB532, 0xB532, 0xB532, 0xB532, 0xB552, 0xB533,
    0xB533, 0xB512, 0xB533, 0xB554, 0xB554, 0xB574, 0xBD94, 0xB595,
    0xB596, 0xB596, 0xBD96, 0xB596, 0xB596, 0xB596, 0xBD96, 0xBD96,
    0xBDB6, 0xC5F7, 0xCE18, 0xCE18, 0xCE18, 0xCE38, 0xCE38, 0xD638,
    0xCE17, 0xC638, 0xC5D8, 0x9C73, 0x836F, 0x7B2E, 0x8C12, 0x5B30,
    0x21AA, 0x29CB, 0x320C, 0x3A4D, 0x7B2E, 0x7B2C, 0x838B, 0x9430,
    0x9471, 0x9C91, 0xA492, 0xAC92, 0xAC92, 0x9C10, 0x8BCF, 0x736C,
    0x6AE9, 0x7B6A, 0x9BED, 0xBC4F, 0xB450, 0xAC70, 0xACB1, 0xACF3,
    0xACD2, 0xA4B1, 0xACF3, 0xB4F2, 0xACD0, 0x9C90, 0xACB1, 0xB4D0,
    0xA46D, 0x9C2D, 0x9C4F, 0xA470, 0xACF3, 0xAD13, 0xA4B0, 0x9C4E,
    0x9C6E, 0xB4F1, 0xBD54, 0xBD74, 0xBD74, 0xBD53, 0xB532, 0xB4F1,
    0xAC8F, 0xB4AF, 0xBD10, 0xB552, 0xB533, 0xB513, 0xB512, 0xBD32,
    0xB512, 0xB4D1, 0xB4F0, 0xBD10, 0xC510, 0xB48E, 0x9C2D, 0x9C4F,
    0xA4B2, 0xAD13, 0xAD13, 0xAD13, 0xB513, 0xB513, 0xB534, 0xB533,
    0xB533, 0xB553, 0xB574, 0xB574, 0xB553, 0xB533, 0xB532, 0xB532,
    0xB552, 0xB552, 0xB552, 0xB532, 0xB532, 0xB513, 0xB533, 0xB574,
    0xB554, 0xB554, 0xB554, 0xB575, 0xB576, 0xB576, 0xB575, 0xB575,
    0xB596, 0xBDB6, 0xBDB6, 0xBDB6, 0xBDD6, 0xC5F7, 0xCE18, 0xCE38,
    0xCE38, 0xCE18, 0xCE38, 0xD659, 0xCE18, 0xC618, 0xC5D7, 0xA4D4,
    0x8BD0, 0x7B0D, 0x83D1, 0x5B30, 0x29EB, 0x29EB, 0x31EB, 0x322C,
    0x734D, 0x7B0A, 0x8B4A, 0x9C70, 0x9C91, 0x9451, 0x9411, 0x9C31,
    0xA452, 0x9BF1, 0x836F, 0x6B0D, 0x630C, 0x7B8E, 0xA40F, 0xBC4E,
    0xAC6E, 0xA46F, 0xA470, 0xA491, 0xACF3, 0xB533, 0xB4F2, 0xACD2,
    0xACD2, 0xACB2, 0xACF2, 0xB514, 0xACF3, 0xACD3, 0xACD2, 0xACF2,
    0xAD13, 0xACF2, 0xACD2, 0xB4F2, 0xB512, 0xB4F2, 0xBD12, 0xC512,
    0xC532, 0xBD53, 0xBD53, 0xBD53, 0xBD54, 0xBD55, 0xBD34, 0xBD13,
    0xB512, 0xB511, 0xB512, 0xBD32, 0xBD32, 0xBD32, 0xB4F2, 0xB4D2,
    0xB4F2, 0xB513, 0xACF3, 0xA4B2, 0xACB2, 0xACF2, 0xAD12, 0xB533,
    0xB533, 0xAD13, 0xAD13, 0xAD13, 0xAD13, 0xAD12, 0xAD13, 0xB534,
    0xB554, 0xB554, 0xB533, 0xACF2, 0xAD13, 0xB513, 0xB533, 0xB512,
    0xB512, 0xAD12, 0xAD33, 0xAD33, 0xB533, 0xB554, 0xB555, 0xB555,
    0xB576, 0xB575, 0xB575, 0xB575, 0xBD96, 0xBDB6, 0xBDD6, 0xC5B6,
    0xC5B6, 0xCE17, 0xCE38, 0xCE38, 0xD638, 0xCE18, 0xCE38, 0xDE9A,
    0xC5F8, 0xBDD7, 0xBDD7, 0xAD15, 0x9411, 0x7B2D, 0x7BB1, 0x5B30,
    0x322C, 0x320B, 0x29EB, 0x320C, 0x7B0B, 0x72EB, 0x7B2C, 0x9C2F,
    0xAC90, 0xA492, 0xA452, 0x9C30, 0x93F0, 0x8BB0, 0x8B71, 0x8330,
    0x7B0E, 0x8BAF, 0xA450, 0xB4B0, 0xC4EF, 0xBCD0, 0xACB2, 0xA4B3,
    0xACD2, 0xB512, 0xB512, 0xB4F3, 0xACF3, 0xACF2, 0xACF2, 0xACD2,
    0xACD2, 0xACD2, 0xACF2, 0xB513, 0xACF2, 0xB4F2, 0xB512, 0xBD12,
    0xBD12, 0xBD12, 0xBD33, 0xBD33, 0xBD13, 0xB512, 0xB4F2, 0xB4F2,
    0xB4F2, 0xB4F3, 0xB513, 0xB533, 0xB533, 0xB533, 0xB512, 0xBD12,
    0xBD32, 0xC552, 0xBD32, 0xB512, 0xACF2, 0xACD2, 0xACD2, 0xACD2,
    0xB4F2, 0xACF3, 0xACF2, 0xAD13, 0xB554, 0xB554, 0xAD33, 0xAD33,
    0xB533, 0xAD33, 0xB534, 0xAD14, 0xAD13, 0xAD13, 0xAD13, 0xACF1,
    0xA4F1, 0xA512, 0xAD12, 0xAD12, 0xAD12, 0xACF2, 0xACF2, 0xAD12,
    0xAD53, 0xB574, 0xB555, 0xAD55, 0xB555, 0xB575, 0xB595, 0xB5B6,
    0xBDB6, 0xBDD6, 0xBDD7, 0xC5D6, 0xC5D6, 0xCDF7, 0xCE38, 0xCE39,
    0xCE38, 0xCE18, 0xCE38, 0xDE9A, 0xC5D7, 0xC5D7, 0xC5F7, 0xAD35,
    0x9431, 0x7B6E, 0x73D1, 0x5310, 0x29EB, 0x320B, 0x29EB, 0x29EB,
    0x730C, 0x7B0C, 0x93AF, 0xB4F3, 0xA4F3, 0x9C51, 0xA430, 0xA410,
    0x9C11, 0x93F1, 0x73B0, 0x6B6E, 0x7B4E, 0xA431, 0xB4F3, 0xA4F2,
    0xACD1, 0xB4F0, 0xACF0, 0xB512, 0xB533, 0xBD33, 0xBD12, 0xB4F2,
    0xACF3, 0xACF3, 0xB513, 0xB513, 0xB513, 0xB4F3, 0xACF3, 0xAD13,
    0xB513, 0xBD12, 0xBD12, 0xBD12, 0xBD12, 0xBCF2, 0xB4F2, 0xB512,
    0xBD12, 0xB512, 0xB4F2, 0xB4F2, 0xB513, 0xB512, 0xB512, 0xBD13,
    0xBD13, 0xB513, 0xB533, 0xB513, 0xB512, 0xC532, 0xC553, 0xBD53,
    0xAD13, 0xAD13, 0xB4F3, 0xB4F2, 0xACF3, 0xB4F3, 0xACF3, 0xB533,
    0xB574, 0xBD94, 0xBD74, 0xBD74, 0xBD74, 0xBD94, 0xBD74, 0xBD74,
    0xBD74, 0xB554, 0xAD33, 0xACF2, 0xAD13, 0xB533, 0xAD12, 0xAD12,
    0xACF2, 0xA4D2, 0xA4D2, 0xAD12, 0xAD33, 0xAD54, 0xAD54, 0xB554,
    0xBD74, 0xBD75, 0xBD75, 0xBD96, 0xC5B6, 0xC5D7, 0xBDB7, 0xC5D6,
    0xC5D6, 0xCDF6, 0xCE18, 0xCE39, 0xCE38, 0xCE18, 0xCE38, 0xDE99,
    0xCE18, 0xCE18, 0xCE18, 0xAD35, 0x9450, 0x7B8E, 0x7BF2, 0x4AEF,
    0x21AA, 0x320C, 0x31EB, 0x29CB, 0x732C, 0x7B4B, 0x940D, 0xB552,
    0xACF2, 0x9C51, 0x9C51, 0x9C51, 0x9C31, 0x9C11, 0x83AF, 0x83D0,
    0x9C31, 0xAC92, 0xACB1, 0xACD1, 0xB4D2, 0xB4F2, 0xACD1, 0xACD1,
    0xACF2, 0xB513, 0xBD33, 0xB533, 0xACF2, 0xA4D2, 0xACF2, 0xACF2,
    0xACF3, 0xACF3, 0xACD2, 0xACF2, 0xB512, 0xBD32, 0xB513, 0xB512,
    0xB512, 0xBD32, 0xBD12, 0xBD12, 0xBCF2, 0xB512, 0xB4F2, 0xACD2,
    0xACF2, 0xB533, 0xBD34, 0xBD33, 0xBD54, 0xBD54, 0xC574, 0xBD53,
    0xBD33, 0xBD54, 0xBD53, 0xB533, 0xB4F2, 0xACF2, 0xACF3, 0xACF3,
    0xACF2, 0xACF2, 0xAD12, 0xB533, 0xB533, 0xB553, 0xBD54, 0xB554,
    0xB554, 0xB553, 0xAD33, 0xAD33, 0xB553, 0xB553, 0xB533, 0xAD13,
    0xAD33, 0xAD13, 0xA4D1, 0x9CB1, 0x9CB1, 0x9C91, 0xA4D2, 0xA4F2,
    0xACF2, 0xA513, 0xAD54, 0xB595, 0xBD96, 0xB575, 0xBD95, 0xBD95,
    0xBDB6, 0xC5D6, 0xBDB6, 0xBDB5, 0xC5D6, 0xD617, 0xD618, 0xCE18,
    0xCE18, 0xCE18, 0xD638, 0xD699, 0xCE18, 0xCE18, 0xCE18, 0xB555,
    0x9C71, 0x7BAE, 0x73D2, 0x428E, 0x1949, 0x322C, 0x320C, 0x29CB,
    0x732A, 0x836A, 0x9C2D, 0xACD2, 0xA4B3, 0x9C72, 0x9C92, 0xA4D4,
    0xA4B4, 0x8C12, 0x734E, 0x7B6F, 0x9C31, 0x9C72, 0xA4B2, 0xAD12,
    0xAD12, 0xAD12, 0xB533, 0xB533, 0xB533, 0xB533, 0xB533, 0xB533,
    0xB4F3, 0xACD1, 0xACF1, 0xAD12, 0xACF2, 0xACF2, 0xACF2, 0xB533,
    0xB533, 0xB533, 0xB533, 0xBD33, 0xB533, 0xB513, 0xAD13, 0xB513,
    0xB533, 0xBD54, 0xBD54, 0xB533, 0xB4F2, 0xB512, 0xBD33, 0xBD33,
    0xB513, 0xACD2, 0xB4F2, 0xBD33, 0xBD54, 0xB555, 0xB533, 0xB4F2,
    0xACF2, 0xACF2, 0xACF2, 0xACF2, 0xB512, 0xB533, 0xB553, 0xBD53,
    0xB553, 0xB553, 0xB553, 0xBD74, 0xBD74, 0xBD74, 0xB554, 0xB553,
    0xB532, 0xB512, 0xB533, 0xB533, 0xAD12, 0xA4B1, 0x9470, 0x9C91,
    0x9CB2, 0x9C92, 0x9C71, 0x9C70, 0xA4D1, 0xAD33, 0xB574, 0xB575,
    0xB575, 0xB575, 0xBD95, 0xBD95, 0xBD96, 0xBDB6, 0xBDB6, 0xBDB6,
    0xC5D6, 0xD618, 0xD618, 0xCE38, 0xCE38, 0xCE38, 0xD639, 0xD679,
    0xCE18, 0xCDF8, 0xCDF7, 0xBD96, 0xA4D2, 0x7BAF, 0x6B90, 0x3A6D,
    0x1969, 0x3A4C, 0x320C, 0x29AB, 0x730C, 0x8B8C, 0xA42E, 0xA471,
    0xA4B3, 0xA4B4, 0x9C73, 0x9C52, 0x9CB2, 0xA4B3, 0x83D1, 0x732F,
    0x7B90, 0x9413, 0xA494, 0xACB1, 0xACB0, 0xB4F2, 0xB534, 0xB554,
    0xB553, 0xBD33, 0xBD54, 0xBD33, 0xB513, 0xACF2, 0xB513, 0xB533,
    0xB513, 0xAD12, 0xAD12, 0xB533, 0xBD54, 0xBD54, 0xB533, 0xB533,
    0xB533, 0xB514, 0xB534, 0xB555, 0xB554, 0xBD33, 0xBD32, 0xBD32,
    0xBD33, 0xBD33, 0xBD33, 0xBD12, 0xB4F2, 0xB513, 0xC574, 0xBDB6,
    0xBDB6, 0xBD74, 0xBD33, 0xBD33, 0xB534, 0xB533, 0xB513, 0xAD12,
    0xACD2, 0xACF2, 0xBD74, 0xC5D6, 0xCDD6, 0xBD94, 0xB553, 0xB553,
    0xBD94, 0xBD94, 0xBD74, 0xB553, 0xB533, 0xB533, 0xBD73, 0xBD73,
    0xACF2, 0xA490, 0xA490, 0xACD1, 0xAD12, 0xA4F2, 0x9491, 0x9470,
    0xA4B1, 0xAD32, 0xB553, 0xB555, 0xB575, 0xB575, 0xB575, 0xB595,
    0xBDB6, 0xBDD6, 0xBDB6, 0xBDB5, 0xC5D6, 0xD618, 0xD638, 0xCE38,
    0xCE38, 0xCE18, 0xCE18, 0xD659, 0xCE17, 0xCDF7, 0xC5D7, 0xC5D7,
    0xB554, 0x840F, 0x634F, 0x3A4D, 0x29AB, 0x3A4C, 0x320C, 0x29CB,
    0x5247, 0x5287, 0x736B, 0xA493, 0xACF4, 0xACF3, 0xB513, 0xACD2,
    0xA493, 0xA493, 0xA4B3, 0x9C51, 0x838E, 0x7B6E, 0x8BF0, 0x9C92,
    0xA4B3, 0xACD3, 0xACB2, 0xACD2, 0xACD2, 0xAD13, 0xBD96, 0xBD75,
    0xB533, 0xA4D1, 0xAD12, 0xB513, 0xACD2, 0xACF2, 0xAD12, 0xAD12,
    0xB534, 0xBD75, 0xBD75, 0xBD95, 0xBD74, 0xBD33, 0xACF3, 0xA4F3,
    0xB534, 0xBD34, 0xBD33, 0xBD54, 0xBD74, 0xBD74, 0xBD54, 0xBD33,
    0xBD53, 0xBD74, 0xBD95, 0xBD94, 0xBD52, 0xBD10, 0xB4D1, 0xACF2,
    0xACF2, 0xB513, 0xB512, 0xB513, 0xB513, 0xB533, 0xBD74, 0xC573,
    0xC574, 0xBD74, 0xB553, 0xB532, 0xBD53, 0xB553, 0xB574, 0xB553,
    0xB553, 0xB533, 0xBD53, 0xBD53, 0xBD53, 0xB512, 0xACF1, 0xACF1,
    0xA4D1, 0x9CB1, 0x9CD2, 0xA533, 0xA554, 0xAD74, 0xB575, 0xB575,
    0xBD95, 0xBD96, 0xB595, 0xBD95, 0xBDB5, 0xBDD6, 0xBDB6, 0xBDB5,
    0xC5D6, 0xD618, 0xD639, 0xCE59, 0xCE59, 0xCE38, 0xCE38, 0xCE59,
    0xCE18, 0xCDF7, 0xBDD7, 0xC638, 0xBDB5, 0x8C30, 0x5B4F, 0x3A6D,
    0x320C, 0x322C, 0x320B, 0x29EB, 0x832C, 0x72C9, 0x7B08, 0xA450,
    0xACB3, 0xA4D4, 0xA4B3, 0xA4B3, 0xA494, 0xA493, 0xA4B4, 0xA4B5,
    0x9C74, 0x8391, 0x736E, 0x7C10, 0xA4D2, 0xBD13, 0xB4D3, 0xACB2,
    0xA4D2, 0xACF2, 0xACF3, 0xB4F3, 0xB4F3, 0xA492, 0xACF3, 0xB513,
    0xA4B1, 0xA4B2, 0xACF4, 0xB533, 0xACF2, 0xACD2, 0xACD2, 0xB513,
    0xBD34, 0xBD75, 0xBD54, 0xBD34, 0xBD74, 0xBD94, 0xBDB4, 0xBD94,
    0xBD74, 0xBD54, 0xBD54, 0xBD53, 0xBD53, 0xBD33, 0xBCF2, 0xBCD1,
    0xBCD1, 0xB511, 0xAD12, 0xACD1, 0xACF1, 0xACF2, 0xB512, 0xB4F2,
    0xAD12, 0xAD32, 0xBD53, 0xC573, 0xBD94, 0xB553, 0xB532, 0xBD32,
    0xBD53, 0xBD52, 0xB532, 0xB533, 0xBD53, 0xBD33, 0xB512, 0xB532,
    0xBD71, 0xBD51, 0xB511, 0xACF2, 0xB533, 0xBD94, 0xB594, 0xAD54,
    0xAD54, 0xAD74, 0xB595, 0xB5B5, 0xB595, 0xB575, 0xB575, 0xB595,
    0xBDB5, 0xBDB6, 0xBDB5, 0xBD95, 0xC5B6, 0xD618, 0xD659, 0xCE59,
    0xD659, 0xCE38, 0xCE38, 0xCE38, 0xCE18, 0xCE17, 0xBDB7, 0xCE59,
    0xBD96, 0x83EF, 0x5B4F, 0x428E, 0x322C, 0x322C, 0x29EB, 0x29EB,
    0x62AB, 0x62A8, 0x7329, 0x9430, 0xA4D3, 0xB4F4, 0xB4B3, 0xACD3,
    0xACD3, 0xACD3, 0xACB4, 0x9C94, 0x8C73, 0x8C72, 0x8C31, 0x83D0,
    0x8BF0, 0x9CB1, 0xAD33, 0xB533, 0xBD13, 0xACD2, 0xACB2, 0xACD2,
    0xB4F2, 0xACD1, 0xB4F2, 0xB4F1, 0xAC90, 0xACB1, 0xB4F2, 0xB512,
    0xACD2, 0xA4B2, 0xACD2, 0xACF2, 0xB4F3, 0xB513, 0xBD54, 0xB553,
    0xB553, 0xBD53, 0xBD74, 0xC574, 0xBD74, 0xBD74, 0xBD74, 0xBD54,
    0xB553, 0xB553, 0xBD53, 0xBD53, 0xB533, 0xB512, 0xB4F2, 0xACF2,
    0xACD2, 0xAD12, 0xB512, 0xB512, 0xB553, 0xBD73, 0xC594, 0xC594,
    0xC593, 0xBD73, 0xBD52, 0xBD73, 0xC593, 0xBD73, 0xBD73, 0xC594,
    0xBD94, 0xBD73, 0xBD53, 0xBD73, 0xBD73, 0xBD73, 0xBD53, 0xB532,
    0xAD32, 0xB553, 0xAD34, 0xAD54, 0xB574, 0xB574, 0xAD54, 0xAD34,
    0xAD34, 0xB554, 0xB575, 0xB594, 0xBDB5, 0xBD95, 0xB595, 0xBD95,
    0xC5D6, 0xD618, 0xD638, 0xCE59, 0xD659, 0xD639, 0xCE38, 0xCE39,
    0xCE18, 0xCE18, 0xC5F8, 0xCE79, 0xB574, 0x736E, 0x5B30, 0x42AF,
    0x322C, 0x322B, 0x29EB, 0x31EB, 0x5A88, 0x5226, 0x6A87, 0x9BCE,
    0xACD2, 0x9CF3, 0x9C93, 0xACD3, 0xBCF3, 0xB4D3, 0xBCD4, 0xB4D4,
    0xA4D2, 0x94D2, 0x8451, 0x73D0, 0x73D0, 0x8C31, 0xACB3, 0xA491,
    0x9C92, 0xACF4, 0xC554, 0xBD73, 0xB552, 0xB4F1, 0xB4F2, 0xB533,
    0xBD53, 0xBD32, 0xB4F1, 0xB512, 0xBD34, 0xBD54, 0xBD74, 0xBD53,
    0xB512, 0xB4F0, 0xB511, 0xBD33, 0xC554, 0xBD54, 0xBD74, 0xBD74,
    0xBD74, 0xBD74, 0xBD73, 0xBD54, 0xBD74, 0xBD75, 0xBD74, 0xBD74,
    0xBD54, 0xB533, 0xAD13, 0xACF2, 0xAD12, 0xB513, 0xB533, 0xBD53,
    0xC594, 0xC594, 0xBD53, 0xBD73, 0xC5B4, 0xC5D4, 0xC593, 0xBD72,
    0xC572, 0xC593, 0xC594, 0xC594, 0xC574, 0xBD73, 0xBD94, 0xBD94,
    0xBD94, 0xBD73, 0xBD73, 0xBD53, 0xB533, 0xB553, 0xAD74, 0xAD75,
    0xB574, 0xB575, 0xB595, 0xB574, 0xB554, 0xB555, 0xB575, 0xAD74,
    0xB595, 0xC595, 0xC5B5, 0xBDB5, 0xC5D5, 0xD618, 0xD639, 0xD659,
    0xD659, 0xD639, 0xCE38, 0xCE59, 0xCE17, 0xCE18, 0xC5F8, 0xCE59,
    0xB574, 0x736E, 0x5B51, 0x428F, 0x31EB, 0x322C, 0x2A0B, 0x29EB,
    0x62AA, 0x62A8, 0x7AE8, 0x9B8D, 0xA491, 0xAD33, 0xACF3, 0xBCD4,
    0xBCF4, 0xACF4, 0xB4F2, 0xB4F1, 0xB4D3, 0xA493, 0x8C52, 0x8431,
    0x9472, 0x9C72, 0x9431, 0x838F, 0x9452, 0xBD75, 0xBD94, 0xBD53,
    0xB533, 0xBD33, 0xBD33, 0xB533, 0xBD33, 0xB513, 0xB513, 0xB533,
    0xBD53, 0xB553, 0xB553, 0xB553, 0xBD53, 0xBD53, 0xBD32, 0xBD32,
    0xBD53, 0xBD74, 0xC595, 0xC5B5, 0xC594, 0xC594, 0xC574, 0xC574,
    0xBD73, 0xBD73, 0xBD53, 0xB553, 0xB533, 0xACF3, 0xACD2, 0xACD2,
    0xB513, 0xAD13, 0xAD13, 0xB533, 0xBD73, 0xBD73, 0xBD73, 0xBD73,
    0xBD73, 0xB573, 0xBD73, 0xBD93, 0xC593, 0xC593, 0xC593, 0xBD73,
    0xC594, 0xBD94, 0xBD74, 0xBD73, 0xBD94, 0xBD93, 0xBD53, 0xB532,
    0xB553, 0xB553, 0xB533, 0xAD33, 0xB533, 0xAD54, 0xB595, 0xB595,
    0xAD34, 0xA4D3, 0xA4D2, 0xAD33, 0xB574, 0xBD95, 0xC5B5, 0xBDB5,
    0xBDD5, 0xCE17, 0xCE38, 0xCE38, 0xCE38, 0xCE38, 0xCE39, 0xD658,
    0xCE17, 0xCDF8, 0xC5F8, 0xCE38, 0xB595, 0x7BF1, 0x5331, 0x322D,
    0x29CA, 0x324D, 0x320C, 0x29CB, 0x6ACB, 0x6AA8, 0x6AE7, 0x838B,
    0xA491, 0xBD55, 0xB514, 0xACF3, 0xACD2, 0xB4D2, 0xC513, 0xBD14,
    0xAC94, 0x8C32, 0x8C31, 0x9472, 0x9C52, 0x8BF1, 0x83F0, 0xA492,
    0xBD34, 0xBD74, 0xB553, 0xB533, 0xBD34, 0xBD33, 0xBD53, 0xB573,
    0xBD73, 0xB533, 0xB512, 0xBD33, 0xBD53, 0xB554, 0xB554, 0xB533,
    0xB533, 0xBD53, 0xBD33, 0xBD33, 0xBD33, 0xBD53, 0xC594, 0xC594,
    0xC594, 0xC594, 0xBD73, 0xB552, 0xB531, 0xBD32, 0xBD73, 0xC553,
    0xBD13, 0xB4F2, 0xACB2, 0xA4B2, 0xACD3, 0xACF3, 0xB513, 0xB513,
    0xB533, 0xBD73, 0xC594, 0xBD95, 0xBD94, 0xBD94, 0xC594, 0xBD94,
    0xBD94, 0xC594, 0xBD73, 0xBD74, 0xC594, 0xC5B5, 0xC5B5, 0xBD94,
    0xBD93, 0xBD73, 0xBD74, 0xBD53, 0xBD74, 0xBD94, 0xB574, 0xB554,
    0xB532, 0xAD12, 0xA4F2, 0xAD13, 0xB554, 0xAD14, 0x9CF3, 0x9CF3,
    0xB534, 0xBD75, 0xBD75, 0xBD95, 0xC5D6, 0xCE17, 0xCE38, 0xCE38,
    0xCE38, 0xCE38, 0xCE38, 0xCE38, 0xCDF7, 0xCDF7, 0xC5F8, 0xCE38,
    0xBDB6, 0x8C53, 0x4AD0, 0x29EC, 0x29CA, 0x3A6E, 0x320C, 0x29AA,
    0x7B0C, 0x6AC9, 0x6AA6, 0x832A, 0xA471, 0xB555, 0xA4D4, 0xA4B4,
    0xACF4, 0xBD14, 0xBCF4, 0xA492, 0x8C51, 0x8C32, 0x83D1, 0x736F,
    0x6B6E, 0x9431, 0xBD15, 0xCD96, 0xBD75, 0xB554, 0xB553, 0xB553,
    0xB533, 0xBD33, 0xBD54, 0xB574, 0xB553, 0xB533, 0xB533, 0xBD53,
    0xB553, 0xBD53, 0xBD74, 0xB533, 0xB533, 0xBD54, 0xBD54, 0xBD74,
    0xBD54, 0xBD53, 0xBD72, 0xC572, 0xC573, 0xC573, 0xBD73, 0xBD73,
    0xBD74, 0xBD54, 0xB553, 0xB553, 0xB533, 0xB4D1, 0xAC90, 0xAC90,
    0xACD2, 0xB4F2, 0xB533, 0xBD53, 0xBD53, 0xBD53, 0xBD73, 0xBD73,
    0xBD73, 0xBD94, 0xBD94, 0xBD95, 0xBD95, 0xBD94, 0xBDB5, 0xC595,
    0xBD74, 0xBD74, 0xBD94, 0xC595, 0xC594, 0xC594, 0xC5B5, 0xC594,
    0xBD94, 0xBD74, 0xBD95, 0xC5B5, 0xBDB5, 0xBDB5, 0xB574, 0xAD53,
    0xB574, 0xBD95, 0xB595, 0xAD54, 0xB576, 0xC5B7, 0xC5B5, 0xBD95,
    0xBD95, 0xC5F7, 0xCE38, 0xCE58, 0xCE39, 0xCE38, 0xCE18, 0xCE18,
    0xCE17, 0xC5F7, 0xBDD7, 0xCE18, 0xC5D7, 0x8C74, 0x42CF, 0x21CB,
    0x31EA, 0x3A6F, 0x322C, 0x21C9, 0x62AB, 0x6A89, 0x72A8, 0x834B,
    0x9C4F, 0xACF2, 0xA4B3, 0xBD56, 0xC576, 0xB4F3, 0x9C92, 0x9492,
    0x9472, 0x8C32, 0x8BF0, 0xA451, 0xBD54, 0xC5B5, 0xBD54, 0xB554,
    0xB534, 0xB554, 0xBD54, 0xB554, 0xB574, 0xBD74, 0xBD54, 0xB553,
    0xB554, 0xAD33, 0xB532, 0xB553, 0xB574, 0xB574, 0xB554, 0xBD75,
    0xBD74, 0xBD74, 0xBD74, 0xBD74, 0xBD74, 0xBD74, 0xC594, 0xC574,
    0xBD74, 0xBD73, 0xBD53, 0xBD54, 0xBD53, 0xBD33, 0xB533, 0xB512,
    0xB512, 0xB512, 0xBD33, 0xBD32, 0xB512, 0xACF1, 0xB4F2, 0xB533,
    0xBD53, 0xBD53, 0xB553, 0xBD74, 0xBD94, 0xBD94, 0xBD94, 0xBD94,
    0xBD95, 0xBD95, 0xBD95, 0xBD94, 0xBD74, 0xBD74, 0xBD94, 0xC595,
    0xC595, 0xBD94, 0xC594, 0xC594, 0xC5B5, 0xC5D6, 0xC5B6, 0xC595,
    0xBD74, 0xBD95, 0xBD95, 0xB574, 0xB595, 0xB595, 0xBD75, 0xBD75,
    0xBD95, 0xC596, 0xBDB5, 0xBD95, 0xBDB5, 0xC5F7, 0xCE38, 0xCE58,
    0xCE38, 0xCE38, 0xCE38, 0xCE38, 0xCDF7, 0xC5D7, 0xBDD7, 0xCE58,
    0xBDD7, 0x7C33, 0x42D0, 0x29EC, 0x31EB, 0x428F, 0x322C, 0x21A9,
    0x728B, 0x5A29, 0x5228, 0x6ACB, 0x9410, 0xACF3, 0xA492, 0xA4D3,
    0x9CB3, 0x8C31, 0x7BF1, 0x73D1, 0x7C12, 0x9C72, 0xBD12, 0xC573,
    0xBD53, 0xACF3, 0xACF3, 0xB534, 0xB554, 0xB554, 0xB554, 0xBD75,
    0xBD75, 0xBD75, 0xBD74, 0xBD74, 0xC5B5, 0xBDB5, 0xBD95, 0xBD95,
    0xBD94, 0xBD74, 0xB554, 0xBD75, 0xBD75, 0xBD55, 0xBD55, 0xBD54,
    0xB533, 0xB533, 0xB533, 0xBD53, 0xBD53, 0xBD54, 0xBD54, 0xBD53,
    0xBD53, 0xBD33, 0xBD33, 0xB533, 0xB533, 0xBD33, 0xBD33, 0xB532,
    0xB533, 0xB533, 0xBD33, 0xBD53, 0xBD53, 0xB553, 0xB553, 0xBD74,
    0xB553, 0xAD33, 0xAD33, 0xB574, 0xBD74, 0xBD74, 0xBD74, 0xBD74,
    0xBD74, 0xBD74, 0xBD94, 0xBD95, 0xBD95, 0xBD94, 0xC594, 0xC5B4,
    0xC5B5, 0xC5D5, 0xBDB5, 0xBD94, 0xBD94, 0xBD95, 0xBD75, 0xB574,
    0xBD75, 0xB575, 0xB555, 0xBD95, 0xC595, 0xC595, 0xBD95, 0xBDB6,
    0xC5F6, 0xC617, 0xCE38, 0xCE38, 0xCE18, 0xCE18, 0xCE18, 0xD638,
    0xC5D7, 0xCE17, 0xCE38, 0xD699, 0xA556, 0x6351, 0x4AF0, 0x3A4D,
    0x31CB, 0x4AAF, 0x322C, 0x21A9, 0x72C9, 0x6AA9, 0x72EA, 0x8B4B,
    0x9C4E, 0xA4F2, 0x9C94, 0x9434, 0x83D3, 0x83F2, 0x9432, 0xACD3,
    0xBD53, 0xC573, 0xBD33, 0xAD13, 0xB534, 0xB534, 0xB533, 0xB533,
    0xBD54, 0xBD95, 0xBD94, 0xB553, 0xB533, 0xBD55, 0xB554, 0xAD33,
    0xB512, 0xB533, 0xBD53, 0xBD74, 0xBD74, 0xBD74, 0xBD54, 0xB553,
    0xB554, 0xBD54, 0xBD54, 0xBD53, 0xBD53, 0xBD54, 0xBD55, 0xBD56,
    0xBD75, 0xC594, 0xC594, 0xC574, 0xC553, 0xBD32, 0xB532, 0xB532,
    0xB552, 0xB553, 0xBD73, 0xBD33, 0xB512, 0xB532, 0xBD53, 0xBD53,
    0xB553, 0xB553, 0xBD74, 0xB574, 0xB574, 0xB574, 0xBD94, 0xBD94,
    0xC594, 0xBD74, 0xBD74, 0xBD94, 0xC595, 0xC5B5, 0xC595, 0xBD95,
    0xBD95, 0xC595, 0xC595, 0xC5B5, 0xC5B5, 0xBD95, 0xBD95, 0xBDB5,
    0xBDB5, 0xBD95, 0xBD95, 0xBD75, 0xBD75, 0xB575, 0xBD75, 0xBD75,
    0xBD75, 0xBD75, 0xBDB6, 0xC5D6, 0xCDF7, 0xCE18, 0xCE38, 0xCE38,
    0xCE38, 0xCE18, 0xCE18, 0xCE38, 0xC5D7, 0xCE18, 0xCE58, 0xCE79,
    0x9D15, 0x52F0, 0x4AF0, 0x3A4D, 0x31AA, 0x4AD0, 0x3A4C, 0x1988,
    0x5A27, 0x6A49, 0x7AEB, 0x6B69, 0x840C, 0xA492, 0xA495, 0x8C33,
    0x8C32, 0xACD4, 0xBD34, 0xBD53, 0xB553, 0xB534, 0xB534, 0xB534,
    0xB554, 0xB554, 0xBD53, 0xBD53, 0xBD53, 0xC554, 0xBD34, 0xBD54,
    0xBD75, 0xBD74, 0xBD53, 0xB512, 0xAD12, 0xB533, 0xB553, 0xB553,
    0xBD54, 0xBD54, 0xC554, 0xC595, 0xC5B5, 0xBD75, 0xBD53, 0xBD53,
    0xBD53, 0xBD73, 0xBD53, 0xBD53, 0xC594, 0xCD95, 0xC574, 0xBD74,
    0xC574, 0xC573, 0xBD33, 0xBD53, 0xBD74, 0xBD74, 0xB573, 0xB553,
    0xB533, 0xBD53, 0xBD53, 0xB533, 0xB553, 0xBD54, 0xBD74, 0xBD94,
    0xBD95, 0xBD75, 0xBDB5, 0xC5B5, 0xC5B4, 0xC594, 0xC594, 0xC594,
    0xBD95, 0xBD94, 0xBD94, 0xBD94, 0xBD94, 0xBD95, 0xBDB5, 0xC5B5,
    0xC5D5, 0xBDB5, 0xBDB5, 0xBDB5, 0xBD95, 0xBDB5, 0xBDB5, 0xBD95,
    0xBD96, 0xC596, 0xBDB6, 0xBDB6, 0xBDB6, 0xBDB6, 0xBDD6, 0xC5D7,
    0xC5F7, 0xC617, 0xCE38, 0xCE38, 0xCE18, 0xCE18, 0xCE18, 0xCE18,
    0xC5F7, 0xC5F8, 0xBDB7, 0xB576, 0x9494, 0x5B52, 0x4B11, 0x3A2D,
    0x31AA, 0x52F1, 0x324C, 0x1967, 0x6246, 0x7268, 0x7AC9, 0x6AE8,
    0x736B, 0x9431, 0xACD5, 0xB515, 0xB534, 0xBD55, 0xB555, 0xB534,
    0xAD14, 0xB534, 0xB534, 0xB533, 0xB554, 0xB554, 0xB554, 0xBD54,
    0xBD74, 0xBD74, 0xBD53, 0xC574, 0xC594, 0xBD73, 0xB553, 0xB534,
    0xBD54, 0xBD53, 0xBD73, 0xBD74, 0xBD74, 0xBD74, 0xBD54, 0xBD74,
    0xC553, 0xBD33, 0xBD52, 0xC553, 0xC533, 0xC512, 0xBD32, 0xBD52,
    0xBD53, 0xBD54, 0xBD53, 0xBD74, 0xC594, 0xC594, 0xB553, 0xB513,
    0xB533, 0xB533, 0xB553, 0xAD33, 0xAD12, 0xB533, 0xB553, 0xB574,
    0xB574, 0xB574, 0xB574, 0xBD94, 0xBD95, 0xBD95, 0xC5B5, 0xBD94,
    0xBD74, 0xBD75, 0xBD95, 0xC5B5, 0xC5B4, 0xBD94, 0xBD94, 0xBDB5,
    0xBDB5, 0xBDB5, 0xC5B5, 0xC5B5, 0xBDB5, 0xBDB5, 0xBDD6, 0xC5D6,
    0xC5B5, 0xC5B6, 0xBDB5, 0xBDB5, 0xBDB6, 0xC5D7, 0xC5D7, 0xBDD6,
    0xBDD6, 0xC5D6, 0xC5B6, 0xC5D6, 0xC5F7, 0xC5F8, 0xCE18, 0xC618,
    0xC5F8, 0xCE18, 0xCE17, 0xCDF7, 0xBDF7, 0xBDD7, 0xB556, 0xA4D5,
    0x8C75, 0x63B4, 0x4AF1, 0x3A0C, 0x39AB, 0x52F1, 0x322C, 0x1146,
    0x6269, 0x6269, 0x6289, 0x6287, 0x7B09, 0x9C50, 0xBD56, 0xBD96,
    0xB534, 0xAD14, 0xB534, 0xB555, 0xB555, 0xB554, 0xB554, 0xB554,
    0xB554, 0xBD54, 0xB554, 0xB554, 0xB554, 0xBD54, 0xBD73, 0xBD53,
    0xBD33, 0xBD53, 0xB533, 0xAD12, 0xACD2, 0xB4D2, 0xB533, 0xBD74,
    0xBD74, 0xBD53, 0xBD53, 0xBD53, 0xBD52, 0xC532, 0xBD32, 0xC512,
    0xC513, 0xC4F2, 0xBD33, 0xBD74, 0xBD74, 0xBD74, 0xBD53, 0xBD53,
    0xBD53, 0xB554, 0xBD74, 0xBD94, 0xBD94, 0xC575, 0xC595, 0xBDB5,
    0xBD95, 0xBD95, 0xBD94, 0xBD95, 0xBD94, 0xBD74, 0xBD74, 0xBD74,
    0xBD74, 0xBD94, 0xC5B5, 0xBD95, 0xBD94, 0xC5B5, 0xC595, 0xBD95,
    0xBDB5, 0xBD94, 0xBD94, 0xBDB5, 0xBD95, 0xBD95, 0xBD95, 0xBD95,
    0xBDB5, 0xBDB5, 0xBDB6, 0xBD96, 0xBDB5, 0xBDB5, 0xBDB5, 0xBDB5,
    0xBDB5, 0xBDB6, 0xBDD6, 0xBDB6, 0xC5D6, 0xC5D6, 0xBDD7, 0xC5D7,
    0xC5F7, 0xC618, 0xCE18, 0xCE18, 0xC618, 0xCDF7, 0xCDF7, 0xCDF7,
    0xBDD7, 0xB596, 0xACF5, 0x9C74, 0x8414, 0x6393, 0x4AF1, 0x420D,
    0x39CB, 0x52F1, 0x320B, 0x1105, 0x5A28, 0x5248, 0x6289, 0x72A8,
    0x7B09, 0x83CC, 0x9CB3, 0xB556, 0xBD75, 0xB554, 0xB554, 0xB534,
    0xB534, 0xB554, 0xB554, 0xB554, 0xB554, 0xBD74, 0xBD74, 0xBD73,
    0xBD53, 0xBD53, 0xBD53, 0xBD53, 0xBD33, 0xBD33, 0xBD33, 0xB512,
    0xB512, 0xBD33, 0xBD74, 0xC574, 0xBD73, 0xBD53, 0xBD53, 0xBD54,
    0xC574, 0xC574, 0xC554, 0xC553, 0xBD32, 0xB512, 0xAD12, 0xAD33,
    0xB553, 0xBD74, 0xB554, 0xB554, 0xB555, 0xB574, 0xB554, 0xB554,
    0xB554, 0xB533, 0xB512, 0xB513, 0xBD53, 0xBD74, 0xBD74, 0xBD74,
    0xBD74, 0xBD74, 0xBD74, 0xC595, 0xC595, 0xBD94, 0xBD74, 0xBD74,
    0xBD95, 0xBD95, 0xBD95, 0xC595, 0xBD95, 0xBD74, 0xB554, 0xB574,
    0xB574, 0xB574, 0xBD95, 0xBD95, 0xBD95, 0xBD95, 0xBD95, 0xBD95,
    0xB595, 0xB5B4, 0xB594, 0xBD95, 0xBDB5, 0xBDB6, 0xC5B6, 0xBD96,
    0xBDB6, 0xC5F7, 0xC5F7, 0xC5D7, 0xC5D7, 0xC5F8, 0xCE18, 0xCE18,
    0xC5F8, 0xCDD7, 0xCDF7, 0xC5F7, 0xC5F7, 0xBD96, 0xA4B4, 0x9474,
    0x7BF3, 0x5312, 0x4290, 0x422D, 0x420C, 0x52F0, 0x29EA, 0x10E5,
    0x49E6, 0x6267, 0x7B08, 0x7AA8, 0x82A7, 0x8B49, 0x942E, 0x9CB3,
    0xACD5, 0xB514, 0xB535, 0xB555, 0xB555, 0xB554, 0xB554, 0xB575,
    0xBD74, 0xBD53, 0xBD32, 0xBD33, 0xBD53, 0xBD54, 0xBD54, 0xBD33,
    0xB512, 0xB4F2, 0xB4F2, 0xBD54, 0xBD75, 0xC594, 0xBD52, 0xBD12,
    0xBD32, 0xBD53, 0xBD74, 0xC554, 0xC574, 0xC574, 0xC594, 0xC574,
    0xBD34, 0xC534, 0xC533, 0xC552, 0xBD53, 0xBD74, 0xBD95, 0xBD75,
    0xB554, 0xB534, 0xAD34, 0xB533, 0xB553, 0xB533, 0xAD12, 0xB512,
    0xB553, 0xB553, 0xB553, 0xBD53, 0xBD74, 0xBD74, 0xBD74, 0xBD74,
    0xC595, 0xC5B5, 0xC595, 0xBD95, 0xBD95, 0xBD95, 0xBD94, 0xBD94,
    0xBD94, 0xBD94, 0xBD95, 0xBD95, 0xBD95, 0xBD95, 0xBDB5, 0xC5B6,
    0xBDB5, 0xBDB5, 0xBD95, 0xBD95, 0xBDB5, 0xBDB5, 0xBDB5, 0xBDB5,
    0xBDB6, 0xC5D6, 0xC5D6, 0xBDD6, 0xBDD6, 0xC5F7, 0xCDF7, 0xC5F7,
    0xC5F7, 0xC5F7, 0xCE18, 0xCE18, 0xC5F8, 0xCDF7, 0xCDD6, 0xB5B6,
    0xB597, 0xAD36, 0x9C73, 0x9C74, 0x7BD3, 0x52D1, 0x3A0E, 0x3A0C,
    0x424D, 0x4AD0, 0x29A9, 0x08C4, 0x5A26, 0x5A66, 0x5A46, 0x41A5,
    0x49C7, 0x6AAA, 0x8BAB, 0x940D, 0x9430, 0xA473, 0xA4B4, 0xA4D3,
    0x9CB3, 0xA4D4, 0xACF4, 0xAD14, 0xB534, 0xBD53, 0xBD74, 0xC594,
    0xBD54, 0xB533, 0xB533, 0xB513, 0xB4F3, 0xB513, 0xB513, 0xB533,
    0xB4F3, 0xB4F3, 0xB4D2, 0xACB1, 0xACB1, 0xB4D2, 0xBD32, 0xBD32,
    0xBD12, 0xBD12, 0xBD33, 0xBD13, 0xBD13, 0xB512, 0xBD32, 0xBD33,
    0xB513, 0xB533, 0xAD33, 0xB533, 0xAD13, 0xAD13, 0xB534, 0xB554,
    0xB553, 0xBD53, 0xBD73, 0xBD73, 0xBD74, 0xBD74, 0xBD74, 0xBD74,
    0xBD74, 0xBD74, 0xBD74, 0xBD74, 0xC595, 0xC5B5, 0xC595, 0xBD95,
    0xBD95, 0xBD95, 0xBD94, 0xBD94, 0xBD95, 0xBD94, 0xBD94, 0xC5D5,
    0xBDB5, 0xBD95, 0xBD95, 0xBD95, 0xBDB5, 0xBDB5, 0xBDB5, 0xBDB5,
    0xBDB5, 0xBDB5, 0xBDB5, 0xBDB5, 0xBDB6, 0xC5D6, 0xC5D6, 0xBDB6,
    0xBDB6, 0xC5D7, 0xC5F7, 0xC5D7, 0xC5D7, 0xC5D7, 0xCE18, 0xCE18,
    0xCDF7, 0xCDF7, 0xCDD7, 0xB596, 0xAD76, 0xA515, 0x9453, 0x9433,
    0x83D3, 0x52D0, 0x31CC, 0x31EC, 0x426E, 0x42AF, 0x2188, 0x0883,
    0x41A5, 0x49E6, 0x5228, 0x5A68, 0x6A88, 0x7AC8, 0x832A, 0x834B,
    0x838D, 0x9430, 0x9CD2, 0xA514, 0xA4F4, 0xAD15, 0xAD35, 0xB555,
    0xB535, 0xAD15, 0xACF5, 0xACF4, 0xACF4, 0xB4F3, 0xB4F3, 0xB4F3,
    0xB4F2, 0xB4F2, 0xB4F2, 0xBD12, 0xBD53, 0xC574, 0xBD54, 0xBD34,
    0xBD33, 0xC533, 0xC533, 0xBD12, 0xBD12, 0xC533, 0xC553, 0xBD33,
    0xBD13, 0xBD13, 0xBD13, 0xB534, 0xAD33, 0xAD33, 0xAD13, 0xB554,
    0xB554, 0xB554, 0xB554, 0xBD54, 0xBD54, 0xB553, 0xB533, 0xB533,
    0xBD53, 0xBD53, 0xBD53, 0xBD54, 0xBD74, 0xBD74, 0xBD94, 0xBDB5,
    0xBDB5, 0xBD95, 0xC595, 0xC595, 0xC595, 0xBD94, 0xBD94, 0xBD95,
    0xBD95, 0xBD95, 0xB575, 0xBD95, 0xBD95, 0xBD95, 0xBD95, 0xBDB5,
    0xC5D6, 0xBDD6, 0xBDB6, 0xBDB5, 0xBDB5, 0xBDB5, 0xBDD6, 0xBDD6,
    0xBDD6, 0xBDB6, 0xBDD6, 0xC5D6, 0xC5D6, 0xC5D7, 0xCDF7, 0xC5F7,
    0xBDD7, 0xC5D7, 0xCE18, 0xCE18, 0xC5F7, 0xCDD7, 0xCDD7, 0xBDD7,
    0xB596, 0xA4F4, 0x8C12, 0x8BF3, 0x7BB2, 0x5AF0, 0x31EB, 0x31EB,
    0x426E, 0x3AAE, 0x2168, 0x0842, 0x41A5, 0x4A05, 0x5AA6, 0x6AE7,
    0x7AE7, 0x82E9, 0x732C, 0x632D, 0x6B6D, 0x8BF0, 0xA493, 0xACB4,
    0xACD3, 0xACD3, 0xACF4, 0xB514, 0xAD14, 0xAD14, 0xB534, 0xBD54,
    0xBD34, 0xBD13, 0xB4F3, 0xB4F3, 0xB4F3, 0xB4F2, 0xBCF3, 0xBCF3,
    0xBD13, 0xBD53, 0xC594, 0xC594, 0xC554, 0xC553, 0xC553, 0xC573,
    0xC573, 0xC574, 0xC574, 0xC594, 0xC594, 0xC594, 0xC594, 0xC5B4,
    0xBD95, 0xBD95, 0xBD95, 0xB595, 0xB595, 0xBD75, 0xB574, 0xB574,
    0xBD74, 0xBD54, 0xBD74, 0xC595, 0xBDB5, 0xBD74, 0xBD74, 0xBD74,
    0xBD54, 0xBD53, 0xBD74, 0xC5B5, 0xBDB5, 0xBD94, 0xB594, 0xB574,
    0xBD74, 0xB594, 0xBDB5, 0xC5D5, 0xBDB5, 0xBD94, 0xBD74, 0xBD95,
    0xBD95, 0xBD95, 0xBD95, 0xBD95, 0xC5B6, 0xC5D6, 0xBDD5, 0xBDB5,
    0xBDB6, 0xBDD5, 0xC5D6, 0xC5D6, 0xC5F7, 0xC5D7, 0xC5D7, 0xC5F7,
    0xC5F7, 0xC5D7, 0xCDF8, 0xCDF7, 0xC5D7, 0xC5D7, 0xCE18, 0xCE18,
    0xC5F7, 0xCDD7, 0xCDD7, 0xC5D7, 0xB575, 0x9CD3, 0x83F2, 0x8BD2,
    0x8392, 0x62D0, 0x31EC, 0x29CC, 0x3A4E, 0x3A8D, 0x1947, 0x0042,
    0x4986, 0x5205, 0x62A5, 0x6AE6, 0x7AC9, 0x82CC, 0x7B0D, 0x7BAD,
    0x8BCD, 0x9B8E, 0x9C12, 0x9CB5, 0xA516, 0xA515, 0xACF4, 0xB514,
    0xB534, 0xB554, 0xBD75, 0xC575, 0xBD54, 0xBD34, 0xBD55, 0xC595,
    0xC595, 0xC575, 0xBD54, 0xBD74, 0xBD74, 0xBD74, 0xC574, 0xBD53,
    0xBD74, 0xC574, 0xC574, 0xC594, 0xC5B5, 0xC5B5, 0xC5B4, 0xC5B4,
    0xC5B4, 0xC594, 0xC574, 0xBD74, 0xB574, 0xB574, 0xB574, 0xB554,
    0xAD54, 0xB575, 0xBDB5, 0xBD95, 0xB574, 0xB554, 0xBD74, 0xBD74,
    0xBD74, 0xBD74, 0xBD74, 0xBD75, 0xBD95, 0xBD95, 0xBD94, 0xBD95,
    0xC595, 0xBD95, 0xB574, 0xB594, 0xBD94, 0xBD94, 0xBDB5, 0xBDB5,
    0xBD95, 0xBD94, 0xBD94, 0xBDB5, 0xBDB5, 0xBDB5, 0xBD95, 0xBDB6,
    0xBDB5, 0xBDB5, 0xC5B5, 0xC5B5, 0xBDB6, 0xBDB6, 0xC5D6, 0xC5D6,
    0xC5F7, 0xCDF7, 0xC5F7, 0xC5D7, 0xCDD7, 0xCDF7, 0xCDF7, 0xCDF7,
    0xCE17, 0xCDF7, 0xCDF8, 0xCDF8, 0xC5F7, 0xCE17, 0xCDF7, 0xBD96,
    0xAD34, 0x94B3, 0x8412, 0x83D2, 0x7B72, 0x62B0, 0x39EE, 0x29ED,
    0x324D, 0x324C, 0x1926, 0x0022, 0x41A4, 0x4985, 0x59A7, 0x7209,
    0x82A9, 0x8B49, 0x93A9, 0x9C0C, 0x9C0D, 0x940E, 0x8C2F, 0x9492,
    0xACF4, 0xAD15, 0xB535, 0xB555, 0xB555, 0xBD55, 0xBD55, 0xBD75,
    0xBD74, 0xBD74, 0xBD74, 0xBD54, 0xB554, 0xBD74, 0xBD74, 0xC574,
    0xC595, 0xC595, 0xBD74, 0xBD74, 0xBD54, 0xBD74, 0xBD75, 0xC595,
    0xC594, 0xC594, 0xC594, 0xC594, 0xC5B5, 0xC5B4, 0xB553, 0xB533,
    0xB554, 0xBD95, 0xB595, 0xB575, 0xB575, 0xBD75, 0xBD96, 0xB595,
    0xB595, 0xB574, 0xB574, 0xB575, 0xB575, 0xBD95, 0xBD95, 0xBD95,
    0xBD95, 0xBD95, 0xBD95, 0xBD95, 0xBD94, 0xBD94, 0xBD95, 0xBD95,
    0xBD95, 0xB594, 0xB595, 0xBD95, 0xBD95, 0xBD75, 0xB574, 0xBD94,
    0xBDB5, 0xBDB5, 0xBD96, 0xBDB6, 0xC5D5, 0xBDB5, 0xBD95, 0xBDB5,
    0xBDD5, 0xBDB6, 0xC5D6, 0xC5F6, 0xC5F7, 0xC5F6, 0xC5D6, 0xCDD7,
    0xCDF7, 0xCDF7, 0xC5F7, 0xC5F7, 0xCDF7, 0xCDF7, 0xCE18, 0xC5F7,
    0xC5F7, 0xCE17, 0xCDF7, 0xBD96, 0xAD14, 0x94B3, 0x8C32, 0x83B1,
    0x7B71, 0x62D0, 0x39EE, 0x29CD, 0x2A0C, 0x2A2B, 0x1105, 0x0021,
    0x3925, 0x3945, 0x49E6, 0x6287, 0x7288, 0x8289, 0x72A9, 0x730C,
    0x736D, 0x83AD, 0x940C, 0xA42E, 0xAC92, 0xB4F4, 0xB535, 0xAD35,
    0xB535, 0xB534, 0xB534, 0xB554, 0xB555, 0xBD54, 0xBD75, 0xBD75,
    0xBD74, 0xBD54, 0xBD54, 0xBD74, 0xBD75, 0xBD75, 0xBD74, 0xBD75,
    0xC575, 0xC595, 0xC595, 0xC595, 0xBD74, 0xBD75, 0xBD75, 0xC595,
    0xC595, 0xC5B5, 0xBD75, 0xBD55, 0xB575, 0xB595, 0xBD95, 0xBD95,
    0xBD75, 0xBD75, 0xBD75, 0xB575, 0xB575, 0xB575, 0xB575, 0xB575,
    0xB575, 0xB575, 0xBD94, 0xBD94, 0xBD74, 0xBD74, 0xBD95, 0xBD94,
    0xBD75, 0xBD75, 0xB594, 0xB574, 0xB575, 0xB595, 0xB594, 0xB5B4,
    0xBDB5, 0xBD75, 0xB534, 0xB534, 0xB574, 0xBD94, 0xB574, 0xB574,
    0xBD74, 0xBDB5, 0xBDB5, 0xBDD5, 0xBDD6, 0xBDB6, 0xC5B6, 0xC5D6,
    0xC5D6, 0xC5D6, 0xC5D6, 0xCDF7, 0xCDF7, 0xCDF7, 0xC5F7, 0xC5D7,
    0xC5D7, 0xCDF7, 0xCE17, 0xC5F7, 0xC5F7, 0xCE17, 0xCDF7, 0xC5B6,
    0xAD14, 0x94B2, 0x8C52, 0x7B91, 0x7330, 0x62CF, 0x39ED, 0x29CC,
    0x2A2B, 0x21EA, 0x08E5, 0x0021, 0x51C6, 0x5207, 0x5A87, 0x62C7,
    0x62A8, 0x6AC8, 0x7B08, 0x8389, 0x7B8A, 0x736B, 0x83CD, 0x8C30,
    0x9C52, 0xA493, 0xA4B3, 0x9C93, 0xA4B3, 0xACD3, 0xACF3, 0xACF4,
    0xACF4, 0xAD14, 0xAD14, 0xAD14, 0xB554, 0xBD75, 0xBD94, 0xBD74,
    0xBD74, 0xC595, 0xC595, 0xBD74, 0xBD74, 0xBD74, 0xBD75, 0xBD95,
    0xBD75, 0xBD95, 0xBD95, 0xC595, 0xC595, 0xC595, 0xBD95, 0xBD95,
    0xBD95, 0xB595, 0xB595, 0xB575, 0xB575, 0xBD75, 0xBD75, 0xBD75,
    0xBD75, 0xBD95, 0xBD96, 0xBD96, 0xBD75, 0xB554, 0xB554, 0xBD75,
    0xBD95, 0xC595, 0xC5B5, 0xC595, 0xBD95, 0xBD95, 0xBD95, 0xBD95,
    0xBDB5, 0xB5B5, 0xB5B5, 0xB555, 0xACF4, 0xA4D4, 0xACD3, 0xACD3,
    0xACF3, 0xAD33, 0xB554, 0xB574, 0xBD95, 0xC5B5, 0xC5B5, 0xC5D6,
    0xC5D7, 0xCE18, 0xC5F7, 0xBDD6, 0xBDD6, 0xC5D6, 0xC5D6, 0xCDF7,
    0xCE17, 0xCDF7, 0xC5D7, 0xC5D7, 0xC5F7, 0xCDF7, 0xCDF7, 0xCDF7,
    0xC5F7, 0xCDF7, 0xCDF7, 0xC5B6, 0xAD14, 0x9CB3, 0x8C52, 0x7B70,
    0x730F, 0x62CF, 0x3A0E, 0x29EC, 0x220B, 0x11A9, 0x08C4, 0x0021,
    0x51A5, 0x4985, 0x51A6, 0x6208, 0x6269, 0x6289, 0x6AA9, 0x8309,
    0x934A, 0x936C, 0x938D, 0x93EF, 0x9C70, 0xA4B1, 0xA4B2, 0xACB3,
    0xACD3, 0xACF3, 0xA4F4, 0xAD34, 0xAD54, 0xAD34, 0xAD14, 0xAD14,
    0xAD14, 0xAD34, 0xAD34, 0xAD34, 0xB555, 0xBD75, 0xBD74, 0xBD54,
    0xBD74, 0xBD74, 0xC595, 0xBD95, 0xBD75, 0xBD75, 0xC595, 0xC595,
    0xC595, 0xC595, 0xC595, 0xC575, 0xBD95, 0xBD75, 0xBD75, 0xBD75,
    0xB575, 0xB575, 0xB595, 0xB595, 0xB575, 0xB575, 0xB574, 0xB554,
    0xB554, 0xB575, 0xB575, 0xBD95, 0xBD95, 0xBDB5, 0xC5B5, 0xC595,
    0xBD95, 0xB595, 0xB596, 0xB5B6, 0xB595, 0xB575, 0xB535, 0xAD14,
    0xA4D2, 0xA4B1, 0xA4B1, 0xB4D3, 0xB513, 0xAD34, 0xB555, 0xBD94,
    0xC5D3, 0xC5B3, 0xBDB5, 0xBDD6, 0xC5F7, 0xC5F7, 0xC5D6, 0xC5B5,
    0xBDB6, 0xC5D6, 0xC5F7, 0xCE17, 0xCDF7, 0xC5D6, 0xC5D7, 0xCDF7,
    0xCDF7, 0xCDF7, 0xCDF7, 0xCDF7, 0xC5D7, 0xCDF7, 0xCDD7, 0xC5B7,
    0xAD14, 0x9CB3, 0x8C72, 0x7390, 0x6AEF, 0x62AE, 0x422D, 0x2A0C,
    0x21EA, 0x1167, 0x00A3, 0x0021, 0x49A6, 0x3985, 0x2923, 0x38E4,
    0x4966, 0x5A68, 0x62EA, 0x7B49, 0x7B48, 0x7B48, 0x8B69, 0x9B6C,
    0xA3EF, 0xAC72, 0xACD4, 0xA4F4, 0xA4F3, 0xA4F4, 0xAD14, 0xAD35,
    0xAD35, 0xB534, 0xB555, 0xB555, 0xB555, 0xB554, 0xB534, 0xAD34,
    0xAD14, 0xAD14, 0xAD34, 0xB554, 0xB554, 0xBD74, 0xC595, 0xC595,
    0xBD75, 0xBD75, 0xBD75, 0xBD75, 0xBD75, 0xC575, 0xBD75, 0xBD75,
    0xBD75, 0xBD75, 0xBD75, 0xBD75, 0xB575, 0xB575, 0xB575, 0xB595,
    0xBD95, 0xB575, 0xB575, 0xB575, 0xB575, 0xB575, 0xAD75, 0xAD55,
    0xAD75, 0xB575, 0xBD95, 0xB595, 0xB595, 0xB595, 0xB595, 0xB575,
    0xB575, 0xB595, 0xBDB5, 0xBD75, 0xAD12, 0xA4D2, 0xAD13, 0xB555,
    0xB555, 0xAD34, 0xAD33, 0xB573, 0xBD94, 0xBD95, 0xB595, 0xB5D6,
    0xBE17, 0xC5F6, 0xBDB5, 0xBD95, 0xBD95, 0xC5D6, 0xCE17, 0xCE17,
    0xCDF7, 0xC5D6, 0xC5D7, 0xCDF7, 0xCDF7, 0xCDF7, 0xCDF7, 0xC5F7,
    0xC5D6, 0xCDD7, 0xD5D7, 0xC5B6, 0xAD14, 0x9CB3, 0x9472, 0x7390,
    0x6B0E, 0x62AE, 0x422D, 0x320C, 0x29E9, 0x0946, 0x0083, 0x0041,
    0x49A6, 0x51C6, 0x5A26, 0x5226, 0x4A06, 0x41A5, 0x3985, 0x522A,
    0x72CC, 0x8B4C, 0x93EC, 0x8C0C, 0x83ED, 0x940E, 0xA451, 0xACB4,
    0xACF5, 0xAD35, 0xAD34, 0xAD54, 0xAD34, 0xAD34, 0xAD54, 0xB575,
    0xBD74, 0xB554, 0xBD75, 0xC595, 0xBD74, 0xBD75, 0xBD75, 0xBD75,
    0xBD75, 0xBD75, 0xBD75, 0xBD95, 0xC595, 0xC595, 0xC595, 0xBD75,
    0xBD95, 0xBDB5, 0xBDB5, 0xBDB5, 0xBD95, 0xBD75, 0xBD75, 0xBD75,
    0xB575, 0xB595, 0xB575, 0xB575, 0xB595, 0xB595, 0xB575, 0xAD55,
    0xAD55, 0xAD75, 0xAD75, 0xAD55, 0xAD55, 0xB575, 0xB595, 0xBD95,
    0xBDB6, 0xB5B6, 0xB595, 0xBD96, 0xC5D6, 0xC5F5, 0xC5D4, 0xC5B4,
    0xBD95, 0xBD95, 0xB574, 0xB555, 0xB554, 0xB554, 0xAD14, 0xAD14,
    0xB555, 0xBD96, 0xBDB5, 0xBDD6, 0xBDD6, 0xBD95, 0xB574, 0xB575,
    0xBDD5, 0xC5F7, 0xCDF8, 0xCE18, 0xCE17, 0xCDF6, 0xC5D7, 0xCDF7,
    0xCE17, 0xCE17, 0xCE17, 0xC5D7, 0xBDB5, 0xCDF7, 0xCDF7, 0xBD96,
    0xACF4, 0x9C93, 0x9451, 0x738F, 0x6B0E, 0x62AD, 0x424C, 0x320B,
    0x21C9, 0x0926, 0x0082, 0x0021, 0x49C6, 0x49C5, 0x49A5, 0x4985,
    0x5207, 0x6288, 0x5A67, 0x4A47, 0x4227, 0x5267, 0x72EA, 0x9BCD,
    0xAC70, 0xA44D, 0x9C2D, 0xA490, 0xA4F3, 0xAD14, 0xACF3, 0xAD14,
    0xB555, 0xB555, 0xAD34, 0xAD14, 0xB514, 0xB534, 0xB574, 0xBD74,
    0xBD74, 0xBD74, 0xBD75, 0xC595, 0xC5B6, 0xC596, 0xC595, 0xC596,
    0xC5B6, 0xC5B5, 0xC596, 0xC595, 0xBD95, 0xBDB5, 0xBDB6, 0xBDB7,
    0xBDB6, 0xBD95, 0xBD95, 0xB575, 0xB575, 0xB575, 0xB575, 0xB595,
    0xB595, 0xBDB6, 0xBDB6, 0xB5B6, 0xB596, 0xB596, 0xAD95, 0xAD75,
    0xB595, 0xB5B6, 0xBD95, 0xB595, 0xB596, 0xBD96, 0xBDB6, 0xC5D6,
    0xC5D6, 0xC5B5, 0xBDB5, 0xBDD6, 0xC5D6, 0xBDB5, 0xB595, 0xBD95,
    0xB595, 0xB596, 0xB597, 0xB598, 0xB597, 0xAD95, 0xB5B5, 0xBDB5,
    0xBD95, 0xB575, 0xB575, 0xB5B5, 0xC617, 0xC617, 0xC5F7, 0xC5F7,
    0xCDF7, 0xCE17, 0xCE18, 0xCE17, 0xCDF7, 0xCE38, 0xC5D7, 0xBD95,
    0xBD95, 0xCE17, 0xCDF7, 0xBD55, 0xACF4, 0x9CB3, 0x8C51, 0x738E,
    0x6B0E, 0x62AD, 0x422B, 0x29EA, 0x21A9, 0x0905, 0x0062, 0x0041,
    0x41A6, 0x41A6, 0x41A6, 0x49C5, 0x49E6, 0x5A47, 0x7288, 0x82A7,
    0x7AC7, 0x6B09, 0x5AA7, 0x5246, 0x6AAA, 0x8BAF, 0xA451, 0xA470,
    0x9C91, 0xA4F3, 0xAD34, 0xB534, 0xB514, 0xB534, 0xBD55, 0xBD54,
    0xBD54, 0xB555, 0xB535, 0xAD34, 0xAD34, 0xB554, 0xB575, 0xBD96,
    0xBDB6, 0xBDB6, 0xBDB5, 0xBD95, 0xBD95, 0xBDB5, 0xBD95, 0xBD95,
    0xBD95, 0xBD95, 0xBD95, 0xBDB6, 0xBDD6, 0xBDB6, 0xB595, 0xB575,
    0xB555, 0xB555, 0xB555, 0xB595, 0xB595, 0xB595, 0xB595, 0xBDB6,
    0xB5B6, 0xB595, 0xB595, 0xB595, 0xB595, 0xB575, 0xB575, 0xB595,
    0xBDB6, 0xBDD6, 0xC5D6, 0xC5B6, 0xBDB6, 0xBDB6, 0xBDB6, 0xBDB5,
    0xBDB5, 0xBDB5, 0xB5B5, 0xB5D6, 0xB5B6, 0xB5B6, 0xBDD7, 0xBDF7,
    0xB5D6, 0xB595, 0xB575, 0xB595, 0xB574, 0xB594, 0xB5B5, 0xBDF7,
    0xCE17, 0xCDF7, 0xC5F7, 0xC5F7, 0xC5F6, 0xCE16, 0xCE17, 0xCE17,
    0xCE17, 0xCE17, 0xBD95, 0xB554, 0xBD95, 0xCDF7, 0xCDF7, 0xBD55,
    0xA514, 0x94B3, 0x8C11, 0x736E, 0x6B0D, 0x62AD, 0x420B, 0x21CA,
    0x1988, 0x08C4, 0x0041, 0x0841, 0x49E6, 0x41E6, 0x5207, 0x6A88,
    0x6A88, 0x5227, 0x41A6, 0x5A48, 0x7AC9, 0x82E9, 0x8B4A, 0x8B4A,
    0x832B, 0x7B6C, 0x840F, 0x9C71, 0xACD2, 0xACD2, 0xACB2, 0xACD3,
    0xB514, 0xBD55, 0xBD55, 0xBD75, 0xBD75, 0xBD74, 0xBD75, 0xBD75,
    0xBD55, 0xBD54, 0xBD75, 0xBD75, 0xBD75, 0xBD75, 0xBD95, 0xBD95,
    0xBD95, 0xC5B6, 0xBD95, 0xBD95, 0xBD75, 0xBD95, 0xBDB5, 0xBD95,
    0xB555, 0xB555, 0xB555, 0xB555, 0xB575, 0xBD75, 0xBD75, 0xB595,
    0xB595, 0xBDB6, 0xBDB6, 0xB595, 0xB575, 0xAD75, 0xAD55, 0xB575,
    0xB575, 0xB595, 0xB595, 0xB595, 0xB595, 0xB596, 0xBDB6, 0xBDB6,
    0xBDB6, 0xBDB5, 0xBDB5, 0xBDB5, 0xB595, 0xBD74, 0xBD94, 0xBDD6,
    0xB5D7, 0xB5B7, 0xB5B6, 0xAD75, 0xB596, 0xB597, 0xB596, 0xB575,
    0xB595, 0xBDB6, 0xBDF6, 0xBDF7, 0xC617, 0xC5F7, 0xC5F7, 0xC5D6,
    0xC5D5, 0xC5F5, 0xC5D6, 0xCDF7, 0xCE17, 0xC5B6, 0xB574, 0xB554,
    0xB575, 0xC5B6, 0xC5D7, 0xB596, 0x9CF4, 0x9452, 0x8BF0, 0x736E,
    0x6B0D, 0x5A8C, 0x420A, 0x21A9, 0x0947, 0x0883, 0x0841, 0x0862,
    0x5A47, 0x5207, 0x4A07, 0x4A47, 0x62A8, 0x6AA9, 0x6248, 0x72E9,
    0x734A, 0x732B, 0x93AD, 0xAC4E, 0xB48E, 0x9BAB, 0x932C, 0x9BCF,
    0xACF2, 0xAD32, 0xA491, 0xA472, 0xACB3, 0xAD13, 0xACF3, 0xACF3,
    0xAD13, 0xACF3, 0xA4D2, 0xACF3, 0xB554, 0xBD54, 0xB554, 0xB534,
    0xB555, 0xBD95, 0xBDB6, 0xBD96, 0xBD96, 0xBD95, 0xBD95, 0xBD95,
    0xBD95, 0xBDB6, 0xBD96, 0xBD75, 0xB555, 0xB555, 0xB555, 0xB555,
    0xB555, 0xB574, 0xB575, 0xB575, 0xB575, 0xB575, 0xB575, 0xB595,
    0xBDB6, 0xBD96, 0xBD95, 0xB596, 0xB596, 0xB596, 0xB595, 0xBDB6,
    0xBDD6, 0xBDB6, 0xBDB6, 0xBDB6, 0xBDB6, 0xB5B6, 0xBDB6, 0xC5D6,
    0xBD95, 0xBD95, 0xB5B5, 0xADD6, 0xA597, 0xA577, 0xA596, 0xAD96,
    0xB596, 0xB596, 0xB595, 0xB5B5, 0xBDD6, 0xC5F7, 0xBDD6, 0xBDB6,
    0xBDD6, 0xC5F7, 0xC5F7, 0xC5D7, 0xC5B6, 0xC5D5, 0xCE16, 0xCDF7,
    0xC5B6, 0xB574, 0xB553, 0xBD74, 0xB554, 0xBD75, 0xC5B6, 0xBDB6,
    0x9CB3, 0x8C11, 0x83EF, 0x736D, 0x6B0C, 0x5A6B, 0x41E9, 0x1968,
    0x00E6, 0x0862, 0x0841, 0x0862, 0x5A68, 0x6288, 0x6AC8, 0x6AC6,
    0x72C7, 0x7B09, 0x834A, 0x7B2A, 0x7B0B, 0x8BAE, 0x9C2F, 0xA42E,
    0xA42D, 0x9C0C, 0x9BEC, 0x9C0D, 0xA4D1, 0xACF3, 0xA472, 0x9C72,
    0x9C92, 0xA4D3, 0xACD4, 0xB514, 0xB534, 0xB4F3, 0xB4F3, 0xAD13,
    0xAD14, 0xB534, 0xB575, 0xBD75, 0xBD95, 0xBD75, 0xBD75, 0xC5B5,
    0xC5D6, 0xBDB6, 0xBD95, 0xBD95, 0xBD95, 0xB575, 0xB575, 0xB595,
    0xAD75, 0xAD54, 0xA534, 0xA534, 0xAD34, 0xB555, 0xBD75, 0xBDB5,
    0xBDB6, 0xC5B7, 0xC5D7, 0xC5D7, 0xC5D6, 0xBDD6, 0xBDD6, 0xBDB6,
    0xB596, 0xB596, 0xB596, 0xBDB6, 0xBDB6, 0xBDD6, 0xBDD6, 0xBDB6,
    0xBDB6, 0xBDD6, 0xBDD6, 0xBD96, 0xBDB6, 0xBE17, 0xBE38, 0xADD7,
    0x9D98, 0xA598, 0xB5B8, 0xB5B7, 0xB5B6, 0xB595, 0xB595, 0xB5B6,
    0xBDD6, 0xBDD6, 0xBDD5, 0xBDD6, 0xBDD6, 0xC5D7, 0xC5F7, 0xC5D7,
    0xC5D6, 0xC5D6, 0xCE16, 0xC5D5, 0xB574, 0xBD74, 0xBD95, 0xBD95,
    0xAD53, 0xBD75, 0xC5B6, 0xB596, 0x9C92, 0x83F0, 0x83EF, 0x736D,
    0x6B0C, 0x5A6A, 0x41A8, 0x1926, 0x00C4, 0x0862, 0x0841, 0x0062,
    0x5207, 0x4A06, 0x5266, 0x6AC8, 0x72E9, 0x72C8, 0x7B0A, 0x834B,
    0x93AD, 0x9C0E, 0x940E, 0x93CD, 0x9BEC, 0xAC8D, 0xB4EE, 0xACCF,
    0xACD0, 0xACB1, 0xA492, 0x9493, 0x9C73, 0xA492, 0x9CB3, 0xAD14,
    0xB555, 0xB575, 0xB575, 0xB575, 0xB555, 0xB575, 0xB575, 0xB575,
    0xB575, 0xB575, 0xB575, 0xB575, 0xB575, 0xB555, 0xB555, 0xAD54,
    0xAD34, 0xAD54, 0xB575, 0xAD95, 0xAD55, 0xAD55, 0xAD55, 0xB555,
    0xAD34, 0xAD14, 0xAD34, 0xAD34, 0xB554, 0xB555, 0xB575, 0xAD75,
    0xAD54, 0xAD55, 0xB555, 0xB575, 0xAD75, 0xB575, 0xB595, 0xB595,
    0xB595, 0xBD95, 0xBDB6, 0xBDD6, 0xB5B6, 0xAD76, 0xB597, 0xC617,
    0xC617, 0xB5F7, 0xA5B8, 0xA578, 0xAD96, 0xB5B6, 0xB5B7, 0xB5B6,
    0xBDB6, 0xBDD5, 0xBDB5, 0xBDD6, 0xBDD6, 0xBDB6, 0xBDB6, 0xBDD6,
    0xBDD6, 0xBDD6, 0xC5F7, 0xC5F6, 0xC5D6, 0xC5B5, 0xCE16, 0xC5D5,
    0xBD74, 0xBD94, 0xBD95, 0xB594, 0xB554, 0xBD95, 0xBDB6, 0xAD55,
    0x9452, 0x8BF0, 0x8BEF, 0x736D, 0x6B0C, 0x5A4A, 0x3987, 0x10E5,
    0x0083, 0x0841, 0x0842, 0x0063, 0x41C6, 0x5A47, 0x72E8, 0x72E8,
    0x7308, 0x7B4A, 0x8B8C, 0x8B6B, 0x836A, 0x93AC, 0xA40E, 0xAC6E,
    0xAC8E, 0xAC8E, 0xAC6E, 0xA46E, 0xA48F, 0xACB1, 0xA4B2, 0x9C93,
    0x9492, 0xA4B2, 0xACD2, 0xACD3, 0xACF3, 0xAD34, 0xB575, 0xB595,
    0xB574, 0xB574, 0xBD75, 0xBD76, 0xB555, 0xB554, 0xB575, 0xB575,
    0xB595, 0xBD95, 0xC5B5, 0xC5D6, 0xBDD6, 0xBD96, 0xB595, 0xB5B5,
    0xB5B6, 0xB596, 0xB596, 0xAD95, 0xAD75, 0xAD54, 0xAD55, 0xB575,
    0xBD96, 0xBD96, 0xBDB5, 0xBDB6, 0xB595, 0xB575, 0xB595, 0xB596,
    0xB595, 0xB595, 0xB5B5, 0xB595, 0xB5B5, 0xBDB5, 0xBDB6, 0xB595,
    0xAD74, 0xAD96, 0xB597, 0xB577, 0xA557, 0xA536, 0xAD35, 0xB574,
    0xB595, 0xAD75, 0xAD75, 0xBDB5, 0xBDB5, 0xBDB5, 0xBD95, 0xBDB5,
    0xBDD6, 0xBDB6, 0xBDD5, 0xBDB5, 0xB5B6, 0xBDD6, 0xC5D6, 0xC5D6,
    0xC5D6, 0xC5D6, 0xC5D6, 0xC5B5, 0xBD94, 0xBDB5, 0xBD95, 0xBD95,
    0xBD95, 0xC595, 0xBD95, 0xAD54, 0x9451, 0x8BCF, 0x8BEF, 0x736D,
    0x630B, 0x5A4A, 0x3966, 0x10A4, 0x0042, 0x0841, 0x0842, 0x0063,
    0x6267, 0x6AA8, 0x7AE9, 0x72A8, 0x7AE9, 0x832B, 0x8B6B, 0x9BEC,
    0xA42D, 0xA42D, 0xA42E, 0xA42E, 0xAC6E, 0xACAF, 0xB4CF, 0xB4AE,
    0xAC8E, 0xA4B0, 0xA4D1, 0xA4B2, 0xA4B1, 0xA4D1, 0xACF2, 0xACF2,
    0xACB2, 0xA491, 0x9C91, 0x9CB2, 0xA4D3, 0xAD13, 0xBD73, 0xC5B5,
    0xBDB6, 0xBD96, 0xBDB5, 0xBD95, 0xBD74, 0xBD75, 0xBD95, 0xBD95,
    0xBD95, 0xBDD6, 0xBDD6, 0xB5B6, 0xB595, 0xB595, 0xAD95, 0xAD75,
    0xAD55, 0xAD55, 0xAD54, 0xB595, 0xBD96, 0xBD96, 0xBD96, 0xBDB5,
    0xB595, 0xB595, 0xB595, 0xB575, 0xB575, 0xB595, 0xB595, 0xB575,
    0xB575, 0xB595, 0xAD55, 0xA534, 0xA534, 0xAD33, 0xA4F4, 0x9CD5,
    0x9CD6, 0xB515, 0xBD54, 0xB574, 0xB575, 0xB575, 0xB575, 0xBDB4,
    0xBDB4, 0xBD95, 0xBD95, 0xBDB5, 0xBDD6, 0xBDD6, 0xBDB6, 0xBDB6,
    0xBDB5, 0xBDD6, 0xC5D6, 0xC5D6, 0xC5F6, 0xCE16, 0xC5B5, 0xBD74,
    0xBD74, 0xC5D5, 0xC5F6, 0xC5D5, 0xBDB5, 0xC5B5, 0xBD94, 0xAD13,
    0x9430, 0x8BAF, 0x83AE, 0x6B2C, 0x6B0B, 0x628A, 0x2946, 0x0062,
    0x0021, 0x0841, 0x0862, 0x0063, 0x5288, 0x5267, 0x5A47, 0x6268,
    0x6A89, 0x72EB, 0x8B8D, 0x9C2E, 0x9C4D, 0x9C4D, 0xA42F, 0xAC2F,
    0xAC8E, 0xA4CF, 0xAD30, 0xB530, 0xB50E, 0xACAE, 0xA491, 0xA4B2,
    0xACF2, 0xACF2, 0xA4B2, 0x9CB1, 0xA4D1, 0xACD2, 0xACD2, 0xA4B2,
    0xA4B3, 0xA4F3, 0xA512, 0xA512, 0xAD13, 0xB554, 0xBD75, 0xBD75,
    0xC595, 0xC5B5, 0xC5B5, 0xBDB5, 0xBD95, 0xBD95, 0xB595, 0xBD95,
    0xBDB5, 0xB5B6, 0xB595, 0xB575, 0xB575, 0xAD75, 0xAD75, 0xAD75,
    0xB596, 0xBD96, 0xBDB6, 0xC5B6, 0xBDB6, 0xBDB6, 0xBDB6, 0xB596,
    0xB595, 0xB575, 0xB575, 0xB575, 0xB595, 0xB595, 0xAD75, 0xAD54,
    0xA534, 0x9CF2, 0x9CF4, 0xA515, 0xACF3, 0xACD1, 0xB4F2, 0xB574,
    0xB594, 0xB574, 0xBD95, 0xBD95, 0xBD95, 0xBD95, 0xBD95, 0xBDB5,
    0xBDB6, 0xBDD6, 0xBDD6, 0xBDB6, 0xB5B5, 0xBDB5, 0xC5D6, 0xC5D6,
    0xC5D5, 0xBD94, 0xB553, 0xB533, 0xB574, 0xC5B5, 0xC5D6, 0xC5D5,
    0xBDB5, 0xC5D5, 0xBD74, 0x9CB2, 0x8C10, 0x8BAE, 0x83AE, 0x6B0B,
    0x6AEB, 0x5AAB, 0x2145, 0x0041, 0x0000, 0x0821, 0x0862, 0x0882,
    0x5A68, 0x6AC9, 0x6AE9, 0x62A7, 0x6269, 0x7AED, 0x93CE, 0x9C6E,
    0xA46E, 0xAC4F, 0xAC50, 0xAC90, 0xA4D0, 0xACF0, 0xACF2, 0xAD13,
    0xB531, 0xACEE, 0xA46D, 0x9C91, 0xA4D2, 0xA4D1, 0xA491, 0xA4B1,
    0xACD2, 0xACF2, 0xAD12, 0xAD12, 0xACF3, 0xA4F3, 0xA4D3, 0xA4F4,
    0xAD14, 0xAD33, 0xB553, 0xB553, 0xB554, 0xB554, 0xB554, 0xB554,
    0xB574, 0xB553, 0xB554, 0xB574, 0xAD74, 0xAD75, 0xAD75, 0xAD75,
    0xAD75, 0xB575, 0xAD75, 0xAD75, 0xB575, 0xB575, 0xB595, 0xB595,
    0xB595, 0xB575, 0xB595, 0xB5B6, 0xB596, 0xB575, 0xB595, 0xB5B5,
    0xB5B5, 0xB5B5, 0xB595, 0xAD75, 0xAD54, 0xA534, 0xAD33, 0xAD13,
    0xACD1, 0xACB1, 0xB4B2, 0xBD54, 0xBDB4, 0xBDD5, 0xBDB6, 0xBDB5,
    0xBD95, 0xBD94, 0xBDB5, 0xBDD6, 0xBDD6, 0xBDB6, 0xB5B5, 0xBDB6,
    0xBDB6, 0xBDD5, 0xC5B5, 0xC5B5, 0xBD74, 0xB533, 0xB552, 0xB573,
    0xBD94, 0xBD74, 0xC5B5, 0xC5D5, 0xBDB5, 0xC5B5, 0xB533, 0x9450,
    0x8BCE, 0x8BAE, 0x8BAE, 0x6AEA, 0x62CA, 0x528A, 0x2145, 0x0841,
    0x0001, 0x0021, 0x0862, 0x0883, 0x6287, 0x6AC8, 0x7B09, 0x7B09,
    0x7B09, 0x834B, 0x93CE, 0x942E, 0x944D, 0x9C8D, 0xA4CF, 0xA4D2,
    0xACD3, 0xA4B2, 0xA4B1, 0xACD2, 0xB533, 0xB532, 0x9C8F, 0x83EF,
    0x8C10, 0xA4B1, 0xACF1, 0xACF1, 0xACD1, 0xA4D1, 0xA4D2, 0xACD1,
    0xACF2, 0xAD33, 0xB555, 0xBD96, 0xC555, 0xBD33, 0xBD32, 0xC553,
    0xBD74, 0xB575, 0xB575, 0xB575, 0xB554, 0xB574, 0xB574, 0xB575,
    0xB554, 0xAD54, 0xAD54, 0xAD75, 0xAD75, 0xAD75, 0xAD75, 0xAD75,
    0xB595, 0xB595, 0xAD75, 0xAD54, 0xAD54, 0xAD54, 0xAD54, 0xAD54,
    0xAD75, 0xB595, 0xB595, 0xB595, 0xB595, 0xB595, 0xB595, 0xB595,
    0xB595, 0xB595, 0xAD74, 0xAD32, 0xB4F2, 0xB513, 0xAD13, 0xAD12,
    0xAD53, 0xB574, 0xB594, 0xB595, 0xBD95, 0xBDB5, 0xBDB6, 0xBDD6,
    0xBDF7, 0xBDF6, 0xBDD6, 0xBDD6, 0xBDD5, 0xBDB6, 0xBDB6, 0xC5B5,
    0xBD94, 0xB573, 0xBD73, 0xBD73, 0xBD74, 0xBD94, 0xC5D5, 0xC5D5,
    0xB574, 0xB573, 0xACF1, 0x942F, 0x8B8E, 0x836E, 0x7B6D, 0x730B,
    0x62CA, 0x4A28, 0x2125, 0x0862, 0x0021, 0x0021, 0x0862, 0x08A3,
    0x6268, 0x5A27, 0x6247, 0x82CA, 0x830A, 0x730B, 0x732D, 0x938E,
    0x9BCF, 0x940E, 0x9470, 0x9CB1, 0xACD1, 0xA4D1, 0xA4D1, 0xACF1,
    0xACD1, 0xACD1, 0xACD1, 0x9470, 0x8C2F, 0x9430, 0x9C51, 0xA4B1,
    0xA4D1, 0xA4B1, 0xACD1, 0xACF2, 0xACD1, 0xACD1, 0xA4B1, 0xA490,
    0xACD1, 0xB513, 0xBD33, 0xB532, 0xB511, 0xB510, 0xB511, 0xB533,
    0xB535, 0xAD34, 0xB553, 0xB574, 0xAD53, 0xA533, 0xAD54, 0xB595,
    0xB575, 0xAD75, 0xB595, 0xB5B6, 0xB5B5, 0xB595, 0xB5B6, 0xB596,
    0xB575, 0xB595, 0xB595, 0xB575, 0xB595, 0xB595, 0xB595, 0xAD75,
    0xAD75, 0xB595, 0xBDD6, 0xB5B5, 0xAD74, 0xB555, 0xB576, 0xB595,
    0xB5B5, 0xAD74, 0xAD33, 0xAD12, 0xAD13, 0xAD33, 0xAD53, 0xB594,
    0xB5B5, 0xBDB5, 0xBDB5, 0xC5B7, 0xBDD8, 0xC5F7, 0xBDF6, 0xBDD6,
    0xBDD5, 0xBDD6, 0xBDB5, 0xBD94, 0xB593, 0xB573, 0xB553, 0xB553,
    0xBD73, 0xBD94, 0xC5B5, 0xBD75, 0xACF2, 0xACF2, 0xACB1, 0x9C30,
    0x8B8E, 0x7B2D, 0x730C, 0x730B, 0x62CA, 0x4207, 0x2104, 0x0862,
    0x0021, 0x0001, 0x0862, 0x10C4, 0x6288, 0x6A87, 0x72C7, 0x7AE8,
    0x8329, 0x834A, 0x7B4A, 0x734B, 0x734C, 0x738E, 0x83AF, 0x9410,
    0xA491, 0xA4D1, 0xACF1, 0xB512, 0xB4F2, 0xBD33, 0xB533, 0xACD0,
    0xA490, 0x9C70, 0x8C10, 0x9430, 0x9C91, 0xACD1, 0xB512, 0xB4F2,
    0xB4F2, 0xB4F2, 0xB4F3, 0xB512, 0xB512, 0xB512, 0xB4F1, 0xB511,
    0xB511, 0xACF0, 0xACEF, 0xB531, 0xBDB5, 0xBDB6, 0xBD95, 0xB573,
    0xB553, 0xB554, 0xB554, 0xAD74, 0xAD75, 0xB595, 0xB595, 0xB5B5,
    0xBDB6, 0xB5B6, 0xB5D6, 0xB5B6, 0xB596, 0xB595, 0xB595, 0xAD95,
    0xB595, 0xB595, 0xB595, 0xB595, 0xB5B5, 0xBDB5, 0xBDB5, 0xBDB5,
    0xB595, 0xB575, 0xAD55, 0xB595, 0xB5D6, 0xB5F6, 0xBDF6, 0xBDF6,
    0xB5B5, 0xAD74, 0xB573, 0xB594, 0xB574, 0xB554, 0xB574, 0xBD95,
    0xC5D7, 0xBDD7, 0xBDD6, 0xBDB6, 0xC5B6, 0xC5D6, 0xBDB5, 0xB594,
    0xB573, 0xB553, 0xBD73, 0xB532, 0xB532, 0xBD74, 0xC5D5, 0xBD72,
    0xACAE, 0xACD1, 0xA4B2, 0x942F, 0x836D, 0x7B0C, 0x730C, 0x72EA,
    0x62A9, 0x41E7, 0x2925, 0x1083, 0x0042, 0x0001, 0x0863, 0x10C4,
    0x5A27, 0x6287, 0x7328, 0x7B48, 0x7B29, 0x7B4B, 0x836D, 0x7B4D,
    0x732C, 0x7B6D, 0x83CE, 0x8C30, 0x9451, 0x9C51, 0xA491, 0xACF1,
    0xB513, 0xBD33, 0xB512, 0xACD0, 0xA4D0, 0xACB0, 0x9C70, 0x9430,
    0x8C30, 0x9C71, 0xACB1, 0xB512, 0xB533, 0xB533, 0xB513, 0xBD32,
    0xBD12, 0xBD11, 0xBD31, 0xB510, 0xB4F0, 0xB4F1, 0xB532, 0xB552,
    0xB531, 0xB512, 0xB513, 0xB513, 0xBD32, 0xB532, 0xB533, 0xAD34,
    0xAD75, 0xB595, 0xB595, 0xB5B6, 0xB596, 0xB575, 0xB595, 0xB594,
    0xBD94, 0xB554, 0xB575, 0xADD6, 0xB5D6, 0xBDB6, 0xBDB6, 0xBDB6,
    0xB596, 0xB595, 0xB595, 0xBDB5, 0xBDB5, 0xB595, 0xAD74, 0xAD54,
    0xB575, 0xB5B6, 0xB5D6, 0xB5D6, 0xB5D6, 0xB5B5, 0xBD94, 0xBD94,
    0xBD94, 0xB574, 0xB573, 0xB573, 0xBD75, 0xBD96, 0xBDB7, 0xBDD6,
    0xB5B6, 0xB5B5, 0xBDB5, 0xBD74, 0xB533, 0xAD32, 0xB553, 0xB512,
    0xACF1, 0xACF2, 0xAD11, 0xACB0, 0x9C4F, 0xACB1, 0xA4B1, 0x93CE,
    0x836D, 0x7B2C, 0x732C, 0x6ACA, 0x6269, 0x41E7, 0x3165, 0x10A3,
    0x0022, 0x0001, 0x0863, 0x10E5, 0x6268, 0x6A68, 0x6A88, 0x6AC7,
    0x7328, 0x834A, 0x7B2A, 0x7B0A, 0x72C9, 0x732A, 0x8C0E, 0xA4B0,
    0xACD1, 0xA4B0, 0xA490, 0xACB0, 0xACB0, 0xACAF, 0xACAF, 0xACD0,
    0xACF0, 0xA4CF, 0x9C8F, 0xA46F, 0xACB0, 0xACD0, 0xA4B0, 0xAC90,
    0xACB0, 0xACAF, 0xACCF, 0xB4D0, 0xACD1, 0xACD1, 0xACB1, 0xACD1,
    0xB4F1, 0xB532, 0xB532, 0xB531, 0xB511, 0xB510, 0xB511, 0xB532,
    0xB511, 0xACF1, 0xAD12, 0xB533, 0xB574, 0xB595, 0xAD95, 0xAD55,
    0xB554, 0xAD55, 0xAD97, 0xA598, 0xA577, 0xAD96, 0xB5D5, 0xBDF6,
    0xBDD6, 0xBDD6, 0xBDD6, 0xBDB6, 0xBD95, 0xBD95, 0xBD95, 0xBDB5,
    0xC5D6, 0xC5D6, 0xB595, 0xAD54, 0xAD75, 0xB5B6, 0xBDB7, 0xB5B6,
    0xB5B5, 0xB5B5, 0xB5B5, 0xB595, 0xBD95, 0xBD94, 0xBD73, 0xB552,
    0xAD32, 0xB553, 0xB554, 0xB533, 0xAD34, 0xAD74, 0xB574, 0xAD54,
    0xAD33, 0xB512, 0xB532, 0xB532, 0xACF2, 0x9C4F, 0x942E, 0x9C4F,
    0x9C50, 0xACB1, 0xA470, 0x8BAD, 0x836D, 0x836D, 0x7B2C, 0x6AA9,
    0x5A68, 0x4A07, 0x3165, 0x10C3, 0x0042, 0x0000, 0x0863, 0x10E5,
    0x5268, 0x6AA8, 0x7AE8, 0x6A68, 0x72C9, 0x8349, 0x7B69, 0x7B28,
    0x72E9, 0x732C, 0x7B8E, 0x8BEE, 0x9C4F, 0xA4B0, 0xACD1, 0xA4B0,
    0xACAF, 0xACB0, 0xACD0, 0xB4D1, 0xB4D0, 0xA48E, 0x8C4C, 0x8C2E,
    0x9C70, 0xACD1, 0xACD0, 0xA4B0, 0xACAF, 0xACB0, 0xACD0, 0xB4F0,
    0xB4F1, 0xB4F1, 0xB4D1, 0xACF1, 0xAD11, 0xB552, 0xBD93, 0xBD93,
    0xBD73, 0xBD53, 0xB532, 0xB511, 0xB532, 0xB532, 0xBD52, 0xB553,
    0xB553, 0xB554, 0xB554, 0xB554, 0xAD75, 0xAD96, 0xA597, 0xA577,
    0xA577, 0xA597, 0xADD7, 0xBDD6, 0xBDD5, 0xBDB6, 0xC5B6, 0xBDB6,
    0xBDB5, 0xBDB5, 0xBDB5, 0xBDB5, 0xBD95, 0xBD95, 0xB595, 0xB595,
    0xB5B5, 0xB5B6, 0xB5D6, 0xBDB6, 0xB5B5, 0xB595, 0xB594, 0xB594,
    0xB574, 0xBD74, 0xBD73, 0xBD53, 0xB573, 0xBD94, 0xB573, 0xAD33,
    0xB574, 0xB574, 0xB574, 0xAD75, 0xB574, 0xB553, 0xACF1, 0xB533,
    0xBD54, 0xB4F2, 0xA4B1, 0xA491, 0x9C30, 0x9C50, 0x942F, 0x8BAE,
    0x836D, 0x7B4C, 0x6AEB, 0x6AA9, 0x5A69, 0x49E7, 0x3145, 0x18C3,
    0x0063, 0x0001, 0x0063, 0x10E5, 0x5A67, 0x72E8, 0x8349, 0x7AC7,
    0x7AC8, 0x7B2A, 0x834A, 0x72E8, 0x72E9, 0x836D, 0x83CF, 0x8BEF,
    0x9C0D, 0xA48F, 0xACD0, 0xACD0, 0xACB0, 0xACAF, 0xB4AF, 0xB48F,
    0xAC8F, 0xA48F, 0x9C8E, 0x9C4E, 0x9C4E, 0xA48F, 0xACD0, 0xACD0,
    0xACAF, 0xB4D0, 0xB4AF, 0xAC8F, 0xB4AF, 0xBCD0, 0xB4F0, 0xBD11,
    0xB4F0, 0xB4AF, 0xB4AF, 0xB4CF, 0xB4F0, 0xB511, 0xB532, 0xBD32,
    0xB511, 0xACD1, 0xACD1, 0xB512, 0xB513, 0xB533, 0xB553, 0xB553,
    0xB553, 0xB533, 0xB533, 0xB553, 0xB554, 0xAD56, 0xAD76, 0xB5B5,
    0xB5B5, 0xBD95, 0xBD74, 0xB574, 0xB594, 0xB594, 0xB574, 0xB595,
    0xBD95, 0xB595, 0xB595, 0xB595, 0xB5B6, 0xB5B6, 0xB5B6, 0xB595,
    0xB595, 0xB595, 0xB5B5, 0xB595, 0xB594, 0xB574, 0xB573, 0xB552,
    0xB553, 0xBD73, 0xB553, 0xAD32, 0xB533, 0xAD33, 0xAD33, 0xAD53,
    0xB574, 0xB553, 0xB4F2, 0xACF2, 0xB533, 0xB513, 0xB4F2, 0x9C50,
    0x8BAE, 0x8BEE, 0x940E, 0x93CE, 0x8B6C, 0x730A, 0x62A9, 0x6AAA,
    0x6269, 0x41E7, 0x3145, 0x18C3, 0x0863, 0x0001, 0x0062, 0x10E4,
    0x5227, 0x6268, 0x72C9, 0x7AC7, 0x8328, 0x8349, 0x7B09, 0x730A,
    0x7B4C, 0x8BCD, 0x840D, 0x8C0D, 0x9C2E, 0x9C4F, 0xA48F, 0xA4B0,
    0xACB0, 0xAC8F, 0xAC8F, 0xBC6F, 0xB48F, 0xA46E, 0x9C4E, 0x9C2D,
    0x9C2E, 0x9C6F, 0xA48F, 0xACB0, 0xA4B0, 0xAC8F, 0xAC6F, 0xAC6E,
    0xB48F, 0xB4B0, 0xB4B0, 0xB4D0, 0xB4F0, 0xBCD0, 0xB4D0, 0xB4D1,
    0xB4F1, 0xACF1, 0xACF1, 0xACF0, 0xACD0, 0xACD0, 0xACD1, 0xAD12,
    0xAD12, 0xAD12, 0xACF2, 0xACF2, 0xB4D2, 0xB4F1, 0xAD12, 0xAD32,
    0xB574, 0xB575, 0xB595, 0xBD74, 0xBD74, 0xB574, 0xB574, 0xB574,
    0xB595, 0xB595, 0xBD94, 0xBD94, 0xB595, 0xB595, 0xB595, 0xB595,
    0xB595, 0xB595, 0xBD96, 0xB596, 0xB595, 0xB594, 0xAD93, 0xB574,
    0xB574, 0xB554, 0xB553, 0xB552, 0xAD32, 0xACD1, 0xACD1, 0xA4F1,
    0xA4F1, 0xA4D1, 0xA4D2, 0xACF2, 0xAD12, 0xAD33, 0xACF3, 0xACF2,
    0xA4F2, 0x9C70, 0x9C50, 0x93EF, 0x8BAD, 0x8BEE, 0x93EE, 0x93AE,
    0x836C, 0x730A, 0x62A8, 0x6ACA, 0x628A, 0x41C6, 0x2924, 0x18C3,
    0x0883, 0x0002, 0x0063, 0x10E4, 0x41C6, 0x5247, 0x6AE9, 0x62C9,
    0x6287, 0x5A46, 0x5A67, 0x7309, 0x7B6B, 0x838B, 0x7B8C, 0x7B8C,
    0x8BEE, 0x9C4F, 0xAC90, 0xACAF, 0xB4D0, 0xB4D0, 0xB4B0, 0xBCD1,
    0xBCF1, 0xB4F0, 0xACCF, 0x9C8E, 0x9C4E, 0xA44F, 0xAC90, 0xACD0,
    0xB4CF, 0xB4AF, 0xB4D0, 0xBCD1, 0xBCF1, 0xBCD0, 0xB4CF, 0xB4CF,
    0xB4F0, 0xBD11, 0xB511, 0xB4F0, 0xB4F1, 0xB511, 0xB532, 0xBD32,
    0xBD32, 0xBD32, 0xB532, 0xBD33, 0xBD53, 0xB573, 0xB553, 0xB554,
    0xB574, 0xB574, 0xB575, 0xB574, 0xB572, 0xB552, 0xB553, 0xB574,
    0xBD95, 0xBD95, 0xBD94, 0xB574, 0xB594, 0xB5B5, 0xB5B5, 0xB595,
    0xB575, 0xB5B5, 0xAD95, 0xAD95, 0xB595, 0xB595, 0xB5B5, 0xB5B5,
    0xB594, 0xB574, 0xAD74, 0xB575, 0xB574, 0xB553, 0xB553, 0xB533,
    0xAD12, 0xB512, 0xB531, 0xB511, 0xA4D1, 0xA4D1, 0xA4D2, 0xAD13,
    0xAD33, 0xB533, 0xB533, 0xB513, 0xA4D2, 0x9C70, 0x9C6F, 0x9C4F,
    0x942E, 0x940E, 0x93CE, 0x8B6D, 0x8B6D, 0x834C, 0x72EA, 0x72CA,
    0x6269, 0x41A6, 0x2104, 0x18C3, 0x10C4, 0x0022, 0x0063, 0x10A4,
    0x49E6, 0x5227, 0x62A8, 0x72C9, 0x6AC8, 0x6287, 0x62A7, 0x72E9,
    0x834B, 0x8BCD, 0x8BCD, 0x93ED, 0xA46E, 0xB4CF, 0xB4D0, 0xAC90,
    0xAC90, 0xACB0, 0xACCF, 0xB4CF, 0xB4AF, 0xAC8F, 0xACAF, 0xA4AF,
    0xAC8F, 0xAC8F, 0xACAF, 0xACB0, 0xACB0, 0xACD0, 0xACCF, 0xACCF,
    0xB4CF, 0xB4CF, 0xB4EF, 0xB4EF, 0xB4F0, 0xB4F0, 0xB4F0, 0xB4F0,
    0xB4F1, 0xB4F1, 0xB511, 0xB532, 0xB532, 0xB532, 0xB512, 0xB512,
    0xBD32, 0xBD33, 0xB553, 0xB553, 0xB573, 0xB574, 0xB574, 0xB574,
    0xB574, 0xB574, 0xB574, 0xBD95, 0xC5B5, 0xBDB5, 0xBD95, 0xB594,
    0xB594, 0xB595, 0xB595, 0xB5B5, 0xB5B5, 0xB5B5, 0xB595, 0xB5B5,
    0xB5D6, 0xB5D6, 0xB5D6, 0xB596, 0xB596, 0xBD96, 0xC5B6, 0xBD95,
    0xB553, 0xB573, 0xBD94, 0xBD74, 0xB533, 0xBD73, 0xBD74, 0xB553,
    0xB531, 0xAD12, 0xAD33, 0xAD33, 0xAD33, 0xAD13, 0xA4F3, 0xA4D3,
    0xACD2, 0xA4D2, 0xA48F, 0x9C4E, 0x9BEE, 0x9C0F, 0x93CE, 0x83AC,
    0x836C, 0x838C, 0x7B8B, 0x6AEA, 0x5A48, 0x41A6, 0x2904, 0x18E4,
    0x10C4, 0x0042, 0x0062, 0x08A3, 0x51E6, 0x49E6, 0x5206, 0x5227,
    0x5227, 0x5A46, 0x72A8, 0x7B09, 0x836B, 0x93ED, 0x8C0D, 0x8BED,
    0x93ED, 0x940D, 0x9C4E, 0xAC8F, 0xB4B0, 0xB4D0, 0xB4D0, 0xB4EF,
    0xB4EF, 0xACAF, 0xA46E, 0xA44D, 0x9C2D, 0x940D, 0xA44E, 0xAC90,
    0xB4B0, 0xB4D0, 0xB4EF, 0xACCF, 0xACCF, 0xACAF, 0xB4CF, 0xB4EF,
    0xB4EF, 0xB4CF, 0xB4D0, 0xB4F0, 0xB511, 0xB511, 0xB532, 0xB532,
    0xB553, 0xBD53, 0xB532, 0xB532, 0xB532, 0xB512, 0xB532, 0xBD53,
    0xBD53, 0xB553, 0xB553, 0xB594, 0xBD94, 0xBD94, 0xBD73, 0xBD74,
    0xB574, 0xB574, 0xB574, 0xBD95, 0xB594, 0xB594, 0xB5B5, 0xBDF6,
    0xBDF6, 0xBDB6, 0xB594, 0xB594, 0xB575, 0xB576, 0xBD96, 0xBD75,
    0xBD74, 0xB553, 0xB552, 0xB572, 0xB552, 0xB553, 0xB553, 0xBD73,
    0xB573, 0xB532, 0xACF1, 0xAD12, 0xB552, 0xB553, 0xAD33, 0xAD13,
    0xAD13, 0xACF3, 0xA492, 0x9C72, 0x9C91, 0xA4D2, 0xA490, 0x9C2E,
    0x9BEE, 0x9BEE, 0x8BCE, 0x83CD, 0x736A, 0x7BAA, 0x83EC, 0x62CA,
    0x4A07, 0x4185, 0x2904, 0x18E4, 0x10C4, 0x0083, 0x0062, 0x0862,
    0x3984, 0x41C5, 0x4A47, 0x52A8, 0x62E9, 0x7B4A, 0x836A, 0x7B29,
    0x7B29, 0x8BAB, 0x93ED, 0x9C0D, 0x9C2D, 0x9C4D, 0xA46E, 0xA46F,
    0xA46E, 0xAC6D, 0xAC8E, 0xACCF, 0xB4CF, 0xAC8F, 0xA48E, 0xA46D,
    0xA46D, 0xA44E, 0xA46F, 0xA48F, 0xAC6E, 0xAC8E, 0xACAE, 0xB4CF,
    0xACAF, 0xACAF, 0xB4EF, 0xBD10, 0xBD10, 0xB510, 0xB4F0, 0xB4F0,
    0xB4F0, 0xB511, 0xB532, 0xB553, 0xB594, 0xBD93, 0xBD53, 0xBD73,
    0xBD73, 0xBD53, 0xB532, 0xB512, 0xB532, 0xAD52, 0xAD32, 0xB513,
    0xB533, 0xB533, 0xAD33, 0xAD33, 0xB533, 0xAD53, 0xB553, 0xB554,
    0xB554, 0xB574, 0xB594, 0xB574, 0xB554, 0xB553, 0xB533, 0xAD33,
    0xB553, 0xB553, 0xB552, 0xB552, 0xB573, 0xB573, 0xB532, 0xB533,
    0xB553, 0xB532, 0xAD32, 0xB512, 0xB512, 0xACF1, 0xAD12, 0xB532,
    0xB532, 0xAD12, 0xAD12, 0xACD2, 0xA4D2, 0xA4D3, 0xACB3, 0x9CB3,
    0x9491, 0x9C70, 0x9C0E, 0x9C0E, 0xA44F, 0x9C0E, 0x8BAD, 0x83AC,
    0x7B4A, 0x7B6A, 0x838B, 0x62C9, 0x4A07, 0x4165, 0x2924, 0x18E4,
    0x1083, 0x0883, 0x0062, 0x0062, 0x51C7, 0x5A48, 0x6B0A, 0x836B,
    0x8B8A, 0x836A, 0x836A, 0x8B8B, 0x93CB, 0x93EB, 0x9C0D, 0x9C0D,
    0x9C0D, 0xA42D, 0xAC4D, 0xA46D, 0xA44D, 0xAC6D, 0xACAF, 0xB4CF,
    0xB4CF, 0xACAF, 0x9C8E, 0xA48E, 0xAC8E, 0xA44D, 0xA44D, 0xA44D,
    0xA44C, 0xAC8E, 0xB4CF, 0xB4AF, 0xB4CF, 0xB4EF, 0xB4EF, 0xB4CF,
    0xB4CF, 0xB4EF, 0xACCE, 0xACCF, 0xAD11, 0xB532, 0xB512, 0xB4F1,
    0xACF1, 0xB511, 0xB511, 0xAD12, 0xAD12, 0xAD12, 0xAD12, 0xA4F2,
    0xA4F2, 0xAD12, 0xAD12, 0xAD12, 0xB533, 0xB534, 0xB534, 0xB533,
    0xB533, 0xB554, 0xB574, 0xB574, 0xAD94, 0xB594, 0xB574, 0xB554,
    0xB553, 0xB553, 0xB553, 0xBD74, 0xBD74, 0xB553, 0xB533, 0xB553,
    0xBD73, 0xB553, 0xAD11, 0xACF1, 0xB511, 0xB532, 0xB532, 0xB532,
    0xB532, 0xAD32, 0xAD32, 0xB532, 0xAD12, 0xA4D1, 0xA4B0, 0xA4D1,
    0xA4D2, 0xA492, 0xA473, 0x9C92, 0x94B1, 0x9C91, 0xA44F, 0x9C0E,
    0x9C2E, 0x9BEE, 0x93CD, 0x8BEC, 0x7B8A, 0x7B6A, 0x734B, 0x62C9,
    0x5228, 0x4185, 0x3145, 0x18C4, 0x0863, 0x0883, 0x0062, 0x0042,
    0x4165, 0x49C6, 0x62A9, 0x8B6B, 0x938B, 0x8B4A, 0x834A, 0x8B8B,
    0x93CB, 0x93EC, 0x940D, 0x9C0D, 0xA44E, 0xAC6E, 0xAC6E, 0xAC8E,
    0xAC8E, 0xACAE, 0xACAF, 0xB48F, 0xAC8E, 0xACAE, 0xA4CF, 0xACF0,
    0xACD0, 0xA46E, 0xAC6E, 0xAC8E, 0xACAE, 0xB4AF, 0xAC8F, 0xAC8E,
    0xACAF, 0xACCF, 0xACCF, 0xB4EF, 0xB4EF, 0xB4CF, 0xB4AE, 0xB4CF,
    0xB532, 0xAD73, 0xB594, 0xAD74, 0xAD12, 0xB4F1, 0xB512, 0xAD12,
    0xAD11, 0xA4F1, 0xAD12, 0xB533, 0xB532, 0xAD12, 0xAD12, 0xAD32,
    0xAD33, 0xAD33, 0xB534, 0xB554, 0xB533, 0xB533, 0xB574, 0xB594,
    0xB573, 0xB552, 0xB512, 0xB513, 0xB553, 0xB553, 0xB553, 0xB532,
    0xB532, 0xB533, 0xB533, 0xB532, 0xAD11, 0xACD0, 0xACB0, 0xACD0,
    0xACF1, 0xACF1, 0xACF0, 0xACF0, 0xB511, 0xB511, 0xAD11, 0xACF1,
    0xA4F2, 0xA4D1, 0xA4B1, 0xA4D1, 0xACD2, 0xA4B2, 0xA492, 0xA4B2,
    0xA4F2, 0xACD1, 0xB4D0, 0xA44F, 0x93CD, 0x93CD, 0x93ED, 0x8BCC,
    0x838B, 0x7B4A, 0x734A, 0x62A9, 0x5228, 0x4185, 0x3145, 0x18C4,
    0x0042, 0x0043, 0x0062, 0x0062, 0x49E6, 0x49C5, 0x49E6, 0x5268,
    0x62E9, 0x7B4A, 0x83AB, 0x93EB, 0x9C0D, 0x9C2E, 0xA44F, 0xA46F,
    0xA46E, 0x9C2D, 0x9C2D, 0xA46E, 0xA46E, 0xA48E, 0xACAF, 0xB4CF,
    0xB4D0, 0xAC8F, 0x942D, 0x8C2E, 0x9C4E, 0xA44D, 0xA44D, 0xA46E,
    0xAC8E, 0xACAF, 0xACAF, 0xB4CF, 0xB4B0, 0xB4AF, 0xAC8F, 0xA46E,
    0xA44D, 0xAC6E, 0xACCF, 0xB511, 0xB511, 0xAD10, 0xACF1, 0xACF2,
    0xACF1, 0xAD11, 0xAD12, 0xB512, 0xB512, 0xAD12, 0xAD12, 0xAD12,
    0xAD12, 0xAD12, 0xAD11, 0xACF1, 0xACF2, 0xACF2, 0xAD33, 0xB554,
    0xB533, 0xAD13, 0xAD12, 0xAD12, 0xAD13, 0xA533, 0xA4F3, 0x9CF3,
    0xA513, 0xAD32, 0xAD12, 0xAD12, 0xAD12, 0xB512, 0xAD12, 0xAD11,
    0xACF0, 0xACF0, 0xACD0, 0xACD0, 0xACD0, 0xACD0, 0xA4AF, 0xA4B0,
    0xACF1, 0xAD12, 0xAD12, 0xA4F1, 0x9CB1, 0xA4B1, 0xA4D1, 0xA4D1,
    0xA4B1, 0xACB1, 0xACD2, 0xB513, 0xBD13, 0xB4D2, 0xAC90, 0x9C0E,
    0x93AC, 0x9BED, 0x9BEE, 0x8BCC, 0x838B, 0x7B6A, 0x7309, 0x6288,
    0x5207, 0x41A6, 0x3165, 0x18C4, 0x0022, 0x0042, 0x0062, 0x0862,
    0x5A27, 0x6288, 0x72E8, 0x6267, 0x4A26, 0x41E5, 0x41E5, 0x6248,
    0x7B0B, 0x7BED, 0x944E, 0xA46E, 0xAC8F, 0xA48E, 0x9C4E, 0xA42E,
    0xA42E, 0x9C2E, 0x9C2E, 0x9C2D, 0xA44D, 0xA48E, 0xA48E, 0x9C6E,
    0x9C4D, 0xA44E, 0xA44E, 0xA44E, 0xA42E, 0x9C2E, 0x9C4E, 0xA44E,
    0xA46D, 0xA46C, 0xA44C, 0xA44D, 0xAC6D, 0xB48D, 0xACD0, 0xAD12,
    0xB532, 0xACF1, 0xACF1, 0xB531, 0xB552, 0xB552, 0xB552, 0xB532,
    0xB532, 0xB532, 0xB532, 0xB532, 0xB512, 0xAD11, 0xAD11, 0xB512,
    0xB533, 0xB533, 0xAD33, 0xAD33, 0xB533, 0xB533, 0xB533, 0xB533,
    0xAD32, 0xAD32, 0xAD32, 0xAD33, 0xAD12, 0xA512, 0xA4F2, 0xA512,
    0xB573, 0xB553, 0xACF1, 0xACD0, 0xACF0, 0xB510, 0xBD11, 0xB4F0,
    0xACD0, 0xA4D0, 0xA4D1, 0xA4B0, 0x9C90, 0x9C90, 0x9C90, 0x9C90,
    0x9C90, 0x9C90, 0xA4B0, 0xA4B0, 0xACB1, 0xB4F1, 0xB511, 0xB510,
    0xB4D0, 0xBCB1, 0xAC4F, 0x9C0D, 0x9C0D, 0xA40E, 0x9BED, 0x83AB,
    0x838A, 0x7B4A, 0x72E9, 0x5A48, 0x51E7, 0x41A6, 0x3165, 0x18C3,
    0x0042, 0x0042, 0x0062, 0x0062, 0x49E6, 0x5246, 0x62A8, 0x6AC9,
    0x834B, 0x8B8B, 0x7B09, 0x6A67, 0x6287, 0x6B6A, 0x8C0D, 0xA42E,
    0xA40D, 0xA44E, 0xA46E, 0xA46D, 0xA44D, 0xA44E, 0x9C4E, 0x9BED,
    0x9BED, 0xA44E, 0xB50F, 0xACCF, 0xA44E, 0xA44D, 0xA46D, 0xA44D,
    0x9C2D, 0x9C2E, 0x9C2E, 0x9C0D, 0xA44E, 0xA44D, 0x9BED, 0x9C0D,
    0xAC4E, 0xBCCE, 0xBCEF, 0xBD10, 0xBD51, 0xB552, 0xB553, 0xB553,
    0xBD73, 0xBD54, 0xBD33, 0xB533, 0xB533, 0xB533, 0xB552, 0xBD53,
    0xBD53, 0xBD74, 0xB573, 0xB573, 0xB574, 0xBD95, 0xBDB5, 0xBDB5,
    0xB574, 0xB554, 0xB554, 0xB595, 0xBD94, 0xBD52, 0xB532, 0xB532,
    0xB532, 0xA532, 0x9CF1, 0x9CB0, 0xA4D0, 0xACF1, 0xACF1, 0xACD0,
    0xACAF, 0xACAF, 0xB4D0, 0xACCF, 0xA4AF, 0xA4B0, 0xA4B0, 0x9C90,
    0xA48F, 0xA4B0, 0xA4D0, 0xA4B0, 0xA490, 0x9C6F, 0x9C6F, 0xA4B0,
    0xACF1, 0xBD31, 0xBD30, 0xB510, 0xBCB0, 0xC470, 0xAC2F, 0x9C2E,
    0xA44F, 0xAC2E, 0x9BEC, 0x83AA, 0x838A, 0x834A, 0x6AA9, 0x5A27,
    0x49C6, 0x4186, 0x3125, 0x10A3, 0x0042, 0x0063, 0x0062, 0x0042,
    0x5206, 0x5A47, 0x62A8, 0x5A67, 0x5A46, 0x6287, 0x6AC8, 0x72E9,
    0x6AC9, 0x72EA, 0x83CD, 0x9C4E, 0xAC2E, 0xAC4D, 0xA46D, 0xA48E,
    0xA46D, 0xACAE, 0xACCE, 0xA44D, 0x93CC, 0x93CC, 0x9C8E, 0xA4AE,
    0xAC6E, 0xAC6D, 0xA46E, 0xA46E, 0xA46D, 0xACCE, 0xACAE, 0x9C2D,
    0x93AD, 0x938D, 0x93AD, 0x93EC, 0x9C0C, 0xAC4D, 0xAC4D, 0xAC4D,
    0xAC6E, 0xACAF, 0xACCF, 0xACD0, 0xACCF, 0xB4CF, 0xB4F0, 0xB4CF,
    0xB4EF, 0xB4CF, 0xACCF, 0xACCF, 0xB4F1, 0xB511, 0xACD0, 0xA48F,
    0xA48F, 0xA4B0, 0xA4D1, 0xA4D2, 0xA4D2, 0xA4D1, 0xACD1, 0xB512,
    0xB532, 0xB532, 0xACF1, 0xA4D0, 0xACD0, 0xACD0, 0xACD0, 0xAC8E,
    0xA46D, 0xA48E, 0xA4AF, 0xA4AF, 0xA48F, 0xA48F, 0xACAF, 0xACAF,
    0xA48F, 0x9C6E, 0x9C6F, 0x9C6F, 0xA48F, 0xA4D0, 0xACF0, 0xA4B0,
    0xA490, 0x9C4E, 0x942E, 0x9C8F, 0xACF0, 0xC531, 0xC551, 0xC530,
    0xBCF0, 0xC4D1, 0xC4F2, 0xBCB0, 0xA3EC, 0xA40D, 0x9BED, 0x8BAB,
    0x8BAA, 0x836A, 0x6AA8, 0x5A07, 0x49C6, 0x3965, 0x2904, 0x10C3,
    0x0883, 0x0062, 0x0042, 0x0042, 0x49E7, 0x5227, 0x6AA8, 0x6AE9,
    0x730A, 0x72E9, 0x6287, 0x5246, 0x5A46, 0x7AC9, 0x8B8C, 0x9C2D,
    0x9C2E, 0xA42E, 0xA42E, 0xA44E, 0xA46E, 0xA4AE, 0xA4AD, 0xAC8D,
    0xACAE, 0xAC8E, 0x946E, 0x9C4E, 0xAC4E, 0xA42E, 0xA42E, 0xA46E,
    0xAC8E, 0xACCE, 0xACAD, 0xAC8D, 0xAC8D, 0xACAE, 0xB4EE, 0xB50F,
    0xB4EF, 0xACAE, 0xA48E, 0xA48E, 0xA48D, 0xA46D, 0xAC8E, 0xB4AF,
    0xACAF, 0xAC8E, 0xAC8E, 0xACAF, 0xB4D0, 0xB4D0, 0xACD0, 0xACD0,
    0xACCF, 0xACCF, 0xACD0, 0xACD0, 0xA4D0, 0x9C8F, 0x944E, 0x9C2E,
    0xA46F, 0xACB0, 0xACB0, 0xA48E, 0xA48E, 0xA4AF, 0xACF0, 0xB531,
    0xB511, 0xA4D0, 0xA4B0, 0xA4B0, 0xACD0, 0xACCF, 0xACAF, 0xA4AF,
    0xA4B0, 0xACB0, 0xACAF, 0xA4AF, 0x9C8F, 0x946E, 0x9C6F, 0x9C4F,
    0x9C4E, 0x9C6F, 0x9C8F, 0x9CAF, 0xA4D0, 0x9CB0, 0x9C6F, 0xA4B0,
    0xB532, 0xC572, 0xBD31, 0xBD10, 0xBCF0, 0xB48F, 0xC512, 0xD553,
    0xC4D0, 0xA40D, 0x938C, 0x8B6B, 0x834A, 0x7B29, 0x6AC8, 0x6248,
    0x51C7, 0x3944, 0x28E4, 0x18C4, 0x08A4, 0x0063, 0x0042, 0x0042,
    0x4A07, 0x5A48, 0x6AA9, 0x6AC8, 0x6AE9, 0x730A, 0x7309, 0x62C8,
    0x62A8, 0x82EA, 0x8B4B, 0x836C, 0x838B, 0x93AC, 0x9BCD, 0x9BED,
    0xA42D, 0xA46E, 0xA48E, 0xA48E, 0xAC8E, 0xACAE, 0xA48E, 0x9C2E,
    0x93CC, 0x936B, 0x938C, 0x9BED, 0xA44D, 0xA48E, 0xA46E, 0xA48E,
    0xACAF, 0xACCF, 0xACD0, 0xACAF, 0xACB0, 0xACD0, 0xACCF, 0xACAF,
    0xB4CF, 0xB4CF, 0xB4CF, 0xB4F0, 0xBD11, 0xBD11, 0xBD11, 0xBD10,
    0xB4F0, 0xACD0, 0xACAF, 0xACCF, 0xACD0, 0xACD0, 0xACD0, 0xACD0,
    0xACD0, 0xACD0, 0xACD0, 0xACCF, 0xACB0, 0xACF1, 0xB532, 0xBD52,
    0xB532, 0xB512, 0xB512, 0xB512, 0xB511, 0xACD0, 0xACB0, 0xA4AF,
    0xACCF, 0xACD0, 0xB4CF, 0xACCF, 0xA4AF, 0xACAF, 0xACB0, 0xA4B0,
    0xA4B0, 0x9CAF, 0x9C6F, 0x9C4E, 0x9C6E, 0xA48F, 0xA4AF, 0x9CAE,
    0x9C8E, 0x9C4F, 0x9C70, 0xA4F1, 0xB532, 0xBD11, 0xB4AF, 0xB4AE,
    0xB4EF, 0xBCD0, 0xC4F1, 0xBCF1, 0xBCD0, 0xA40D, 0x938B, 0x93AB,
    0x8329, 0x7AE9, 0x72A8, 0x6A69, 0x59E7, 0x3944, 0x20E3, 0x18C4,
    0x08A4, 0x0863, 0x0042, 0x0042, 0x39A7, 0x5228, 0x6AC9, 0x6AC8,
    0x6AA8, 0x7288, 0x7288, 0x5A68, 0x6AA8, 0x934A, 0x9BCC, 0x9C2E,
    0x9C4E, 0x9BED, 0x93AC, 0x93CC, 0x9C0D, 0xA42E, 0xA44D, 0xA44D,
    0x9C6D, 0x9C6E, 0x946E, 0x9C4E, 0xA42E, 0x9C2E, 0x9C0E, 0x9C2E,
    0xA42E, 0xA42D, 0x9C2D, 0x9C4D, 0x9C4D, 0x9C4D, 0x9C4D, 0x9C4D,
    0xA44D, 0xA46D, 0x9C4D, 0x9C2D, 0x9C0D, 0x93EC, 0x93EC, 0x93EC,
    0x9C2D, 0xA46F, 0xACB0, 0xB4D0, 0xB4CF, 0xB4CF, 0xACCF, 0xACCF,
    0xACAF, 0xACAF, 0xA48F, 0xA48F, 0xA48F, 0xA48F, 0xA48F, 0xA4B0,
    0xA4B0, 0xA48F, 0xA4B0, 0xACD0, 0xB511, 0xACF1, 0xACD1, 0xA4B0,
    0xA4D0, 0xA4AF, 0xACAF, 0xACAF, 0xACAF, 0xACCF, 0xACAF, 0xA4AF,
    0xA4AF, 0xA4AF, 0xA4AF, 0xA4AF, 0xA4AF, 0x9CB0, 0xA46F, 0xA42E,
    0x9C2E, 0x93ED, 0x9C0D, 0xA46E, 0x9C2E, 0x9C2E, 0xA490, 0xACD1,
    0xACF0, 0xACCF, 0xACAF, 0xAC8E, 0xB4CF, 0xC511, 0xC512, 0xBCD0,
    0xB4AF, 0xA40C, 0x93AB, 0x93AB, 0x8B6A, 0x7AE9, 0x6267, 0x6248,
    0x5A07, 0x3965, 0x28E4, 0x18C4, 0x10A4, 0x0863, 0x0042, 0x0042,
    0x49E6, 0x49E6, 0x5A27, 0x6AA9, 0x6AC9, 0x6288, 0x5227, 0x5227,
    0x62A9, 0x8B8C, 0xABED, 0xB44E, 0xAC8F, 0xAC90, 0xACB1, 0xACD1,
    0xA48F, 0x9C4E, 0x9C2D, 0xA44D, 0xAC8E, 0xA48E, 0x9C6E, 0x9C4E,
    0xA46F, 0xA490, 0xACB0, 0xA48F, 0x9C4E, 0x9C2E, 0x9C4D, 0xA48E,
    0xAC8E, 0xACAF, 0xACEF, 0xB4F0, 0xB4CF, 0xACAF, 0xB4CF, 0xB510,
    0xB531, 0xB531, 0xB510, 0xB4D0, 0xB4CF, 0xB4CF, 0xB4CF, 0xB4CF,
    0xB4CF, 0xB4D0, 0xB4F0, 0xB510, 0xB510, 0xB511, 0xACD0, 0xA48F,
    0xA48F, 0xA4B0, 0xACB0, 0xA490, 0xA48F, 0xA48F, 0xA490, 0xACB0,
    0xACD0, 0xACF0, 0xACF0, 0xAD10, 0xACF0, 0xA48F, 0xA48F, 0xACAF,
    0xACCF, 0xACCF, 0xA4CF, 0xA4CF, 0xACCF, 0xA4AF, 0xA46E, 0xA48F,
    0x9CAF, 0x9CB0, 0xA48F, 0xA46E, 0x9C2D, 0x8BAB, 0x836A, 0x838B,
    0x8B8B, 0x93EC, 0xA46E, 0xA4B0, 0xA48F, 0xA48E, 0xACCF, 0xACAE,
    0xAC8E, 0xB48F, 0xC512, 0xCD93, 0xCD72, 0xAC2D, 0x936A, 0x8B8A,
    0x8B6A, 0x7B09, 0x5A46, 0x5A67, 0x5A27, 0x4166, 0x20E4, 0x10C3,
    0x10C4, 0x0863, 0x0042, 0x0042, 0x4A07, 0x5A67, 0x72E9, 0x7309,
    0x6287, 0x5206, 0x5A47, 0x6AC9, 0x732A, 0x6B29, 0x8389, 0x8BCB,
    0x8BCC, 0x8C0D, 0x942E, 0x942E, 0x9C2D, 0x9C4E, 0xA46E, 0xA4AF,
    0xA48E, 0xA46E, 0xA46F, 0xA46F, 0x9C4E, 0x942D, 0x942E, 0x9C2E,
    0x9C6E, 0xA48E, 0xA48F, 0xA48E, 0x9C4E, 0xA44D, 0xAC8E, 0xACAF,
    0xB4CF, 0xACCF, 0xACCF, 0xACCF, 0xB510, 0xBD30, 0xBD30, 0xB510,
    0xB511, 0xB510, 0xB4F0, 0xB4F0, 0xB4F0, 0xB4F0, 0xACCF, 0xB4CF,
    0xB4F0, 0xB4F0, 0xB4F0, 0xACF0, 0xACD0, 0xA48F, 0xA46F, 0xA48F,
    0xA48F, 0xA4B0, 0xACB0, 0xACF1, 0xB511, 0xB511, 0xB511, 0xB511,
    0xACF0, 0xA4AF, 0xACCF, 0xAD10, 0xB511, 0xB510, 0xAD10, 0xAD10,
    0xAD11, 0xACF0, 0xACAF, 0xA48F, 0xA4AF, 0xA4CF, 0xA4AE, 0x9C8E,
    0xA4AE, 0x9C6E, 0x942D, 0x8BED, 0x8BCB, 0x940C, 0x9C4E, 0xA470,
    0xA46F, 0x9C8E, 0xA48E, 0xA46D, 0xA44D, 0xAC6E, 0xAC90, 0xAC6F,
    0xAC4D, 0xA3CB, 0x938A, 0x8B6A, 0x8B6A, 0x7AE8, 0x5A26, 0x6267,
    0x6247, 0x4985, 0x20E3, 0x10A4, 0x10C4, 0x0863, 0x0042, 0x0041,
    0x5248, 0x6269, 0x6289, 0x5227, 0x4A07, 0x5248, 0x6ACA, 0x832A,
    0x93AB, 0x940D, 0x8C0D, 0x8BED, 0x940E, 0x9C2F, 0xA46F, 0xACB0,
    0xACF0, 0xB4F0, 0xACAF, 0xA4AF, 0xA48E, 0xA48E, 0x9C4E, 0x9C4E,
    0x9C4E, 0x9C2E, 0xA46F, 0xACD0, 0xACD0, 0xACCF, 0xA48F, 0xA4AF,
    0xA48E, 0xA48E, 0xA48E, 0xAC8E, 0xA48E, 0xA48E, 0xACCF, 0xACCF,
    0xACAF, 0xACAF, 0xACCF, 0xACAF, 0xACAF, 0xACAF, 0xB4CF, 0xB4F0,
    0xB510, 0xB510, 0xB4EF, 0xB4F0, 0xB4D0, 0xACD0, 0xA4AF, 0xA4AF,
    0xACB0, 0xA4B0, 0xACB0, 0xACB0, 0xACB0, 0xACB0, 0xA4B0, 0xACD0,
    0xACF1, 0xB511, 0xB4F1, 0xACF1, 0xACF0, 0xA4CF, 0xACF0, 0xAD31,
    0xAD11, 0xB511, 0xB510, 0xB4F0, 0xACD0, 0xACCF, 0xB50F, 0xACF0,
    0xACD1, 0xACD2, 0x9CD2, 0x9CB1, 0xA490, 0x9C6E, 0x9C4D, 0x9C4E,
    0xA44F, 0xA46F, 0xA48F, 0xA48F, 0x9C4E, 0x942C, 0x9C6D, 0xA48E,
    0xACD0, 0xACAF, 0x8BAC, 0x7AEA, 0x932A, 0xA3AB, 0x9BAB, 0x8349,
    0x8329, 0x72C8, 0x5A47, 0x6247, 0x5A06, 0x4164, 0x20A3, 0x10A3,
    0x10C4, 0x0862, 0x0042, 0x0042, 0x4A06, 0x51E7, 0x51E7, 0x5A48,
    0x5A69, 0x62CA, 0x636B, 0x83CC, 0x9BCC, 0x9BEE, 0xA40F, 0xA42F,
    0xA44E, 0x9C0D, 0xA42D, 0xA46E, 0xA46E, 0x9C6E, 0xA48E, 0xACAF,
    0xACAF, 0xA48E, 0xA48F, 0xACD0, 0xACF0, 0xA46E, 0xA42D, 0x9C2D,
    0xA46E, 0x9C6E, 0xA48E, 0xACAF, 0xACAF, 0xA48E, 0xA46E, 0xA48F,
    0xACAF, 0xACAF, 0xB4F0, 0xB510, 0xB4F0, 0xB4F0, 0xB4F0, 0xB4F0,
    0xB4F0, 0xB531, 0xBD31, 0xBD11, 0xB511, 0xB4F0, 0xB4F0, 0xACD0,
    0xACD0, 0xB510, 0xB4F0, 0xACD0, 0xA4B0, 0xA4B0, 0xA4B0, 0xA4B0,
    0xA4B0, 0xACD0, 0xACD0, 0xB4D1, 0xB511, 0xB531, 0xB531, 0xB531,
    0xACF0, 0xACD0, 0xACAF, 0xACAF, 0xA4AF, 0xACD0, 0xACF0, 0xACF0,
    0xACCF, 0xACCF, 0xB4F0, 0xB531, 0xACF0, 0xA4B0, 0xACD1, 0xACD0,
    0xA48F, 0xA46E, 0xA46E, 0x9C6D, 0x942D, 0x940D, 0x940D, 0x944D,
    0x942B, 0x9BEB, 0xA42C, 0xAC2D, 0x9BCB, 0x8308, 0x832A, 0x9B8B,
    0x9B6A, 0x9B69, 0x8B69, 0x8349, 0x8308, 0x72A7, 0x5A46, 0x5A47,
    0x59E6, 0x4144, 0x1882, 0x1083, 0x10C4, 0x0862, 0x0041, 0x0042,
    0x5267, 0x5248, 0x5228, 0x5227, 0x4A07, 0x4A07, 0x5248, 0x6B0B,
    0x83AD, 0x8BCE, 0x93ED, 0x9C0D, 0xA46E, 0xA44E, 0xA46E, 0xA4AE,
    0xA48E, 0xA46D, 0x9C4D, 0x9C4E, 0xA46E, 0xA48E, 0xA48F, 0xA46E,
    0xA46E, 0xA48E, 0xA48E, 0xA48E, 0xA4AE, 0x9C6D, 0x9C2D, 0x9C2D,
    0xA46E, 0xACAF, 0xACAF, 0xA48E, 0xA46E, 0xA48E, 0xACAF, 0xACCF,
    0xB4F0, 0xB4F0, 0xB510, 0xB510, 0xB4F0, 0xB510, 0xB531, 0xBD11,
    0xBD11, 0xB511, 0xB4F0, 0xB4F0, 0xB4F0, 0xB4F0, 0xACD0, 0xA4B0,
    0xA4AF, 0xA48F, 0xA48F, 0xA48F, 0xACD0, 0xACD0, 0xA48F, 0xA48F,
    0xA4AF, 0xACCF, 0xACD0, 0xACF0, 0xACF0, 0xACAF, 0xA48F, 0xA4AF,
    0xACB0, 0xA4AF, 0xA46E, 0xA46E, 0xA46E, 0xA4AF, 0xACF0, 0xACF0,
    0xA48F, 0x9C4E, 0x9C4E, 0x9C4D, 0x940D, 0x9C4E, 0x9C6D, 0x9C6D,
    0x942C, 0x93EC, 0x8BEC, 0x940C, 0x9C2D, 0x9C2C, 0x93CA, 0x8B6A,
    0x8B6A, 0x8B69, 0x9BEC, 0xA3AB, 0x8AE7, 0x82E6, 0x8327, 0x8B69,
    0x8309, 0x6A87, 0x5A46, 0x5A06, 0x51C5, 0x4164, 0x20A3, 0x1083,
    0x10A3, 0x0862, 0x0042, 0x0041, 0x5A67, 0x5268, 0x5268, 0x5A88,
    0x6289, 0x6A89, 0x6A69, 0x49A5, 0x4A06, 0x83AC, 0x9C4D, 0x940B,
    0x8BC9, 0x93EC, 0x9C2E, 0xA44E, 0x9C6E, 0x9C8E, 0x9C6E, 0x9C2D,
    0x9C2D, 0x9C8D, 0xA48E, 0xA48E, 0xA46D, 0x9C4D, 0x9C2E, 0x9C2E,
    0x9C6E, 0xA48E, 0xA46E, 0x9C4E, 0x9C6D, 0x9C8E, 0xA4AE, 0xAC8E,
    0xACAF, 0xACAF, 0xAC8F, 0xACAF, 0xB4D0, 0xB4D0, 0xB4AF, 0xACAF,
    0xACCF, 0xB4F0, 0xB4F0, 0xB4CF, 0xB4D0, 0xB4F0, 0xB4F0, 0xB510,
    0xB510, 0xB510, 0xACF0, 0xA4CF, 0xA48F, 0xA48F, 0xACAF, 0xAC8F,
    0xACB0, 0xACD0, 0xACD0, 0xA4AF, 0x9C8E, 0x9C6E, 0xA4AF, 0xACD0,
    0xACAF, 0xAC8F, 0xA48F, 0xA4AE, 0xACCE, 0xACAF, 0xA4B0, 0xA4CF,
    0xACCF, 0xA4AF, 0x9C6E, 0x9C6E, 0xA46E, 0xA44E, 0x9C0C, 0x93EB,
    0x940C, 0x944D, 0x9C2D, 0x942D, 0x9C2D, 0x9C6E, 0x9C8F, 0x942D,
    0x940B, 0x9C0B, 0x9C2B, 0x93CA, 0x938A, 0x8BAA, 0x9BCC, 0x938B,
    0x8AE7, 0x82E6, 0x8B48, 0x9369, 0x7AE8, 0x6A87, 0x6247, 0x59E5,
    0x51C5, 0x4164, 0x20E3, 0x1083, 0x0883, 0x0862, 0x0841, 0x0841,
    0x6AA9, 0x5A88, 0x5268, 0x62A9, 0x62CA, 0x62AA, 0x6AA9, 0x6AC8,
    0x7B69, 0x940C, 0x93EC, 0x93CC, 0x9C2D, 0xA48F, 0xA4AF, 0x9C6E,
    0x9C6E, 0x9C6E, 0x9C8F, 0x9CAF, 0xA48E, 0xA46D, 0xA44D, 0x9C4D,
    0x9C6E, 0xA48E, 0xA48F, 0xA48E, 0x9C6E, 0x9C6E, 0x9C8E, 0xA4AE,
    0xA48E, 0xA46D, 0xA46D, 0xA48E, 0xACAF, 0xB4D0, 0xB511, 0xB531,
    0xB4F0, 0xACCF, 0xB4F0, 0xB4F0, 0xACCF, 0xACCF, 0xB510, 0xBD31,
    0xBD31, 0xB511, 0xB511, 0xBD11, 0xBD12, 0xBD31, 0xB531, 0xB511,
    0xB4F1, 0xB4F1, 0xACD0, 0xACB0, 0xA48F, 0xA48F, 0xACD0, 0xAD11,
    0xAD10, 0xACF0, 0xB510, 0xB4F0, 0xACCF, 0xA4F0, 0xACF0, 0xACAF,
    0xA4AF, 0xA4AF, 0xA4AF, 0xA4AF, 0xA4AF, 0x9C8D, 0x9C4C, 0x9C2D,
    0x9C4F, 0xA46F, 0xA48E, 0xA48D, 0xA46E, 0xA46E, 0x9C4E, 0x9C4E,
    0x9C2E, 0x9C4E, 0x9C4E, 0x942C, 0x940B, 0x9C2C, 0xAC8D, 0x9BEB,
    0x8B6A, 0x8B8A, 0x9BAC, 0x9BAB, 0x9348, 0x82C6, 0x82E6, 0x9369,
    0x7B08, 0x6287, 0x5A47, 0x59E5, 0x51A5, 0x3944, 0x20E3, 0x10A3,
    0x0863, 0x0042, 0x0042, 0x0041, 0x5A48, 0x5228, 0x5228, 0x6289,
    0x6ACA, 0x62A9, 0x5A67, 0x6AA7, 0x836A, 0x940E, 0x944E, 0x944E,
    0x9C2E, 0x9C6E, 0x9C6E, 0x9C6E, 0x9C6F, 0x9C8F, 0x9C8F, 0x9C6E,
    0xA48E, 0xACCF, 0xACAF, 0x9C6E, 0x9C4E, 0x9C8E, 0xA48E, 0x9C6F,
    0x9C6F, 0x9C8F, 0xA48E, 0xA48E, 0xA4AE, 0xA4AE, 0xAC8E, 0xA48E,
    0xACAF, 0xACB0, 0xB4F0, 0xB4F0, 0xB4F0, 0xB4F1, 0xB4F0, 0xB4F0,
    0xB4D0, 0xACD0, 0xACD0, 0xACF1, 0xACF1, 0xACF1, 0xB532, 0xBD52,
    0xBD52, 0xB531, 0xB511, 0xB511, 0xB512, 0xBD73, 0xBD73, 0xAD32,
    0xA4D1, 0xA4D1, 0xB511, 0xB511, 0xB511, 0xACF0, 0xB4F1, 0xB511,
    0xAD10, 0xAD10, 0xAD11, 0xB511, 0xA4D1, 0x9CD0, 0x9CD0, 0xA4AF,
    0xA4CF, 0xA4AF, 0xA48E, 0xA46F, 0xA46F, 0xA4B0, 0x9CCF, 0xA4B0,
    0xA470, 0x942E, 0x83EC, 0x83EC, 0x83CC, 0x8BED, 0x940D, 0x942C,
    0x942C, 0x9C2C, 0x9C4C, 0x93AA, 0x8B49, 0x93AB, 0x9BEC, 0x9BAB,
    0x9348, 0x7AA5, 0x82C5, 0x9349, 0x7AE8, 0x6287, 0x5A46, 0x5A06,
    0x51C5, 0x3944, 0x20E3, 0x1083, 0x0843, 0x0862, 0x0862, 0x0041,
    0x5206, 0x5A48, 0x62A9, 0x62A9, 0x49E6, 0x3985, 0x5227, 0x72EA,
    0x7B4B, 0x7B8B, 0x83EC, 0x940C, 0xA3ED, 0xAC4F, 0xACB0, 0x9CCF,
    0x9CAF, 0x9C8E, 0x9C8E, 0xA4AE, 0xA4AF, 0xA4B0, 0xA48F, 0x9C6F,
    0x9C6E, 0xA46E, 0xA4AF, 0xA4D0, 0x9CCF, 0x9C8E, 0x9C6E, 0xA48E,
    0xA4AF, 0xACD0, 0xA4B0, 0xA48E, 0x9C6D, 0x9C6E, 0x9C4D, 0xA46E,
    0xACCF, 0xB50F, 0xB50F, 0xB50F, 0xBD30, 0xBD51, 0xB551, 0xB511,
    0xACF1, 0xACB0, 0xA4B0, 0xA4B0, 0xACD1, 0xB511, 0xB531, 0xB511,
    0xACF1, 0xAD32, 0xAD32, 0xAD11, 0xACF0, 0xA4D0, 0xA4D0, 0xACF0,
    0xB510, 0xACF0, 0xACD0, 0xACF0, 0xAD31, 0xAD31, 0xA4F1, 0xA4F1,
    0xAD31, 0xAD32, 0xAD12, 0x9CD0, 0x9CD0, 0xA4F0, 0xA4D0, 0xA48F,
    0xA48F, 0xA4B0, 0x9CD1, 0x94B0, 0x8C4F, 0x83EE, 0x8BEE, 0x940E,
    0x940D, 0x8C0E, 0x8C2E, 0x942D, 0x9C0C, 0x9BEB, 0x9BEB, 0x9BCA,
    0x9BCB, 0x9BEB, 0x9BAB, 0x9369, 0x8B27, 0x82C5, 0x82E6, 0x9329,
    0x7AC8, 0x6267, 0x5A26, 0x5A06, 0x51E5, 0x3944, 0x20C3, 0x1062,
    0x0842, 0x0863, 0x0862, 0x0041, 0x5248, 0x41E7, 0x3186, 0x41E7,
    0x6269, 0x8B2B, 0xA3AC, 0x8B8B, 0x7BAB, 0x83ED, 0x8C2D, 0x8C0C,
    0x8BEC, 0x9C4D, 0xA4AE, 0xA4CF, 0xA4CF, 0xA4CF, 0xA4AF, 0x9C6F,
    0x942D, 0x940C, 0x942D, 0x9CAF, 0xA4CF, 0xA48E, 0x9C6D, 0x9C6E,
    0xA4CF, 0xACD0, 0xA4AF, 0x9C4E, 0x940D, 0x940D, 0x942E, 0x9C4E,
    0x9C4E, 0x9C6E, 0x9C6E, 0x9C4E, 0x9C2E, 0x9C2E, 0xA46F, 0xA4B0,
    0x9C8F, 0xA48F, 0xACEF, 0xB511, 0xC593, 0xC5B4, 0xBD52, 0xB4F1,
    0xB4F1, 0xB511, 0xACF1, 0xB4F1, 0xB512, 0xACF1, 0xA4D0, 0xA4AF,
    0xA4D0, 0xACD0, 0xA48F, 0xA4CF, 0xAD10, 0xAD10, 0xACF0, 0xACAF,
    0xACAF, 0xACD0, 0xACD0, 0xACD0, 0xACF0, 0xACD0, 0xA4B0, 0xA4B0,
    0xA4D0, 0xA4D0, 0xA4B0, 0xA4D0, 0xA4D0, 0xA4B0, 0x9C8F, 0x946F,
    0x8C4F, 0x840E, 0x8C0F, 0x944F, 0x942F, 0x942F, 0x8C0E, 0x8C0D,
    0x940C, 0x9BEB, 0x93EB, 0x9C0B, 0x9C2C, 0x93AB, 0x934A, 0x9329,
    0x9347, 0x8306, 0x82E7, 0x8B28, 0x7AE8, 0x6A67, 0x5A05, 0x5A05,
    0x51E5, 0x3964, 0x20A2, 0x1062, 0x0843, 0x0862, 0x0842, 0x0042,
    0x5288, 0x41E6, 0x39C6, 0x6289, 0x6AC9, 0x62C8, 0x62C7, 0x732A,
    0x7B4B, 0x730A, 0x734A, 0x83AC, 0x8C2D, 0x8BEC, 0x8BED, 0x942E,
    0x9C6E, 0x9C8E, 0xA4AF, 0xA4AF, 0xACAF, 0xAC8E, 0xA48E, 0xA4AF,
    0xA4D0, 0xA4AF, 0x9C4E, 0x942E, 0x9C6D, 0x9C8E, 0xA4AF, 0xACCF,
    0xACAF, 0xA48E, 0xA48D, 0xA4AE, 0xA4AE, 0x9C6E, 0xA46E, 0xA48F,
    0xA48F, 0xA48F, 0xA48F, 0xA48F, 0xA46F, 0xA44F, 0x9C6F, 0x9C8F,
    0xA48F, 0xACD0, 0xBD31, 0xBD52, 0xBD31, 0xB511, 0xB4F0, 0xAD10,
    0xAD11, 0xB512, 0xAD11, 0xACCF, 0xA4CF, 0xACD0, 0xACF0, 0xA4F0,
    0xACF0, 0xB530, 0xB531, 0xAD51, 0xA531, 0xA510, 0xACD0, 0xACD1,
    0xACF1, 0xA4F0, 0xA4D0, 0xA4D0, 0xA4D0, 0xA4D0, 0xA4D0, 0xACF0,
    0xA4D0, 0x9C8F, 0x9C6E, 0x9C4F, 0x9C50, 0x9450, 0x8C2F, 0x8BEE,
    0x83AD, 0x8BED, 0x942E, 0x940D, 0x9BED, 0x9C0C, 0x9C0C, 0x9C0B,
    0x93EB, 0x8B8A, 0x8BAA, 0x93A9, 0x9B68, 0x9327, 0x8B07, 0x8307,
    0x7AC8, 0x6A87, 0x5A25, 0x59E5, 0x51C5, 0x3964, 0x20C2, 0x1062,
    0x0863, 0x0862, 0x0862, 0x0042, 0x5A47, 0x5A48, 0x5A69, 0x6ACA,
    0x62CA, 0x5AA9, 0x6289, 0x6ACA, 0x736B, 0x7BCC, 0x83ED, 0x8BAB,
    0x93AB, 0x93EC, 0x9C8E, 0xACF0, 0xA48E, 0x9C6D, 0x946D, 0xA48D,
    0xACAE, 0xACCF, 0xA46E, 0x9C4D, 0x9C6E, 0xA4AF, 0xACCF, 0xA4AF,
    0xA48E, 0x9C6D, 0x9C8D, 0xA48D, 0xACAE, 0xACAF, 0xA48E, 0xAC8E,
    0xAC8F, 0xA48F, 0xB4F1, 0xB511, 0xB4F0, 0xACCF, 0xA48F, 0xAC8F,
    0xACB0, 0xAC90, 0xAC8F, 0xACD0, 0xACCF, 0xACAF, 0xA48F, 0xA48F,
    0xACF0, 0xB531, 0xB551, 0xB551, 0xB532, 0xB532, 0xB531, 0xB531,
    0xACF1, 0xACD0, 0xACD0, 0xAD10, 0xAD30, 0xAD30, 0xAD0F, 0xAD10,
    0xAD30, 0xA552, 0xA531, 0xA4F0, 0xACD0, 0xA4D0, 0xA4F0, 0xA4F0,
    0xACF0, 0xACD0, 0xA4D0, 0xA4F0, 0xA4AF, 0x9C6F, 0x944F, 0x946F,
    0x9CB0, 0x9C8F, 0x9C90, 0x9C6F, 0x942E, 0x9C2D, 0x9C4D, 0x9C4D,
    0x9C2D, 0xA42D, 0x9C2D, 0xA42C, 0x9C0C, 0x938A, 0x93CB, 0x93EA,
    0x9389, 0x8B48, 0x82E7, 0x7AC7, 0x72A7, 0x6A67, 0x5A05, 0x59E5,
    0x51C5, 0x4184, 0x28C3, 0x1062, 0x0842, 0x0862, 0x0862, 0x0062,
    0x6A88, 0x62CA, 0x5AEB, 0x62EA, 0x5AA8, 0x62C9, 0x7B4B, 0x83AC,
    0x83AC, 0x83CC, 0x8BEC, 0x8C0D, 0x8C2E, 0x942E, 0x944E, 0x9C6D,
    0x9C6E, 0x9C6E, 0x9C4E, 0x9C2D, 0x9C4D, 0x9C8E, 0xA48E, 0xA48E,
    0x9C8E, 0x9C8D, 0x9C6D, 0x942D, 0x9C2E, 0x9C4E, 0x9C6E, 0x9C2D,
    0x9C6D, 0x9C8E, 0xA48E, 0xACCF, 0xB4F0, 0xACD0, 0xACD0, 0xA4CF,
    0xACCF, 0xACEF, 0xACEF, 0xACCF, 0xACCF, 0xACAF, 0xB4D0, 0xB4F0,
    0xB511, 0xB511, 0xB532, 0xBD52, 0xBD52, 0xB532, 0xB511, 0xAD11,
    0xACF0, 0xACF0, 0xAD10, 0xAD30, 0xB550, 0xB530, 0xACF0, 0xACCF,
    0xACF0, 0xAD10, 0xAD10, 0xB50F, 0xB4F0, 0xACF1, 0xA4F1, 0xACF1,
    0xAD11, 0xAD11, 0xA4F0, 0xA4D0, 0xA4CF, 0xAD10, 0xB531, 0xB531,
    0xACF0, 0xA4AF, 0x9C8F, 0x9CB0, 0x9CB0, 0x9C8F, 0x9C6F, 0x9C6F,
    0x9C8F, 0xA4AE, 0xA48D, 0xA48D, 0x9C6D, 0x9C2D, 0xA42D, 0xA42D,
    0x9C2C, 0x93CA, 0x93EB, 0x93EA, 0x9388, 0x8B07, 0x82A6, 0x7286,
    0x6A87, 0x6246, 0x59E4, 0x51E5, 0x51E5, 0x4184, 0x28E3, 0x0862,
    0x0022, 0x0862, 0x0862, 0x0062, 0x5A47, 0x4A47, 0x4A69, 0x6B0B,
    0x732B, 0x732A, 0x7309, 0x730A, 0x732B, 0x83AC, 0x940D, 0x944D,
    0x944D, 0x942D, 0x940E, 0x93EE, 0x940D, 0x9C2D, 0x9C4E, 0x9C4E,
    0x9C6E, 0x9C4D, 0x9C6D, 0x9C6E, 0x9C6E, 0xA48E, 0x9C4E, 0x940E,
    0x9C2E, 0x9C4E, 0xA44E, 0x9C4E, 0x9C6E, 0x9C6E, 0x9C4D, 0x9C6D,
    0xA48F, 0xACCF, 0xACCF, 0xACCF, 0xACCF, 0xACCF, 0xACCF, 0xACD0,
    0xACD0, 0xACAF, 0xACAF, 0xACD0, 0xACF0, 0xACF0, 0xACF0, 0xACD0,
    0xACF0, 0xB511, 0xB531, 0xB510, 0xACD0, 0xB4F2, 0xB533, 0xBD53,
    0xB551, 0xAD10, 0xACF0, 0xAD10, 0xB531, 0xB550, 0xB52F, 0xB50F,
    0xACEF, 0xB4F0, 0xB511, 0xAD11, 0xACF0, 0xACF0, 0xAD11, 0xAD11,
    0xA4D0, 0xA4CF, 0xACF0, 0xAD10, 0xAD10, 0xA4F0, 0xA4AF, 0x9C8F,
    0x9C8F, 0x9C90, 0x9CB0, 0x9CB0, 0x9C6F, 0xA46E, 0xA48D, 0xA48D,
    0xA46C, 0xA42D, 0x9C0D, 0xA42C, 0x9C2C, 0x93CA, 0x93EB, 0x93EA,
    0x9389, 0x8B28, 0x82C7, 0x7286, 0x6266, 0x5A25, 0x51E4, 0x51C5,
    0x51C5, 0x4164, 0x20C2, 0x0862, 0x0042, 0x0862, 0x0862, 0x0062,
    0x72A8, 0x5A68, 0x5269, 0x6AEA, 0x7B6B, 0x8BCC, 0x83CD, 0x7BAC,
    0x7B6B, 0x7B6C, 0x7B8D, 0x83CE, 0x83EE, 0x942E, 0x9C4E, 0x9C4E,
    0x942E, 0x944E, 0x9C6E, 0x9C6E, 0xA46E, 0xA46E, 0x9C6E, 0x944D,
    0x942D, 0x942D, 0x940E, 0x8BEE, 0x8C2E, 0x944D, 0x9C4E, 0xA44E,
    0xA46E, 0x9C4E, 0x9C6E, 0xA48E, 0xA46E, 0x9C2D, 0x9C4D, 0xACAE,
    0xACEF, 0xACCF, 0xA4AE, 0xACAF, 0xB4F0, 0xB531, 0xB551, 0xB531,
    0xB511, 0xACF0, 0xACCF, 0xACD0, 0xACF1, 0xACF1, 0xACF0, 0xACF0,
    0xACF0, 0xB531, 0xBD31, 0xBD31, 0xB531, 0xB531, 0xB531, 0xB531,
    0xB530, 0xB530, 0xB50F, 0xAD0F, 0xAD10, 0xB511, 0xAD11, 0xACF0,
    0xA4B0, 0xA4D0, 0xAD10, 0xAD10, 0xACF0, 0xACF0, 0xACD0, 0xACD0,
    0xACD0, 0xACF0, 0xA4F0, 0x9CD0, 0x9C90, 0x9C8F, 0x9C90, 0x9C8F,
    0x9C6F, 0xA46D, 0xA46D, 0x9C4D, 0xA44D, 0xA44D, 0x9C0D, 0xA40C,
    0x9C2B, 0x93EA, 0x8BCA, 0x8BAA, 0x9389, 0x9328, 0x82E7, 0x7286,
    0x6A66, 0x6225, 0x51E4, 0x49A5, 0x4985, 0x3943, 0x20C2, 0x0862,
    0x0842, 0x0862, 0x0862, 0x0062, 0x6AC9, 0x6AEA, 0x6B0B, 0x7329,
    0x6B09, 0x62EA, 0x6B2A, 0x7BAB, 0x8BEC, 0x8BED, 0x8BCD, 0x83AD,
    0x8BAD, 0x8BCD, 0x940E, 0x944E, 0x942D, 0x8C0D, 0x8C2D, 0x944D,
    0x946E, 0x9C4E, 0x9C4E, 0xA46E, 0xA48E, 0x9C8E, 0x944E, 0x942E,
    0x9C4E, 0x9C6E, 0x946E, 0x946D, 0x9C4E, 0x9C4E, 0x9C4E, 0xA46E,
    0x9C4E, 0x9C4D, 0x9C6D, 0xA4AE, 0xACCF, 0xA48E, 0xA46D, 0xA48E,
    0xACCF, 0xACAF, 0xA48E, 0xAC8E, 0xACCF, 0xB510, 0xACF0, 0xACF0,
    0xACF1, 0xB511, 0xB531, 0xB531, 0xB511, 0xB511, 0xACF0, 0xA4AF,
    0x9C8F, 0xA4AF, 0xA4CF, 0xA4B0, 0xA4D0, 0xAD10, 0xA4CF, 0xA4AF,
    0xACD0, 0xACF0, 0xAD10, 0xAD10, 0xACF0, 0xA4D0, 0xA4AF, 0xA4D0,
    0xACD0, 0xACF0, 0xACF0, 0xB4F0, 0xACD0, 0xA4CF, 0xA4EE, 0xA4EF,
    0x9CB0, 0x9C90, 0x9C70, 0x9C6F, 0x9C4E, 0x9C4C, 0xA46C, 0xA46D,
    0xA44D, 0x9C2D, 0x93EB, 0x9BEB, 0x9C0B, 0x93CA, 0x83AA, 0x8B89,
    0x9B69, 0x9348, 0x8307, 0x7B07, 0x6AA7, 0x6246, 0x59E5, 0x49A5,
    0x4964, 0x3103, 0x18A2, 0x0862, 0x0842, 0x0862, 0x0862, 0x0062,
    0x6AA7, 0x5268, 0x4269, 0x5AC9, 0x5AA9, 0x5AA9, 0x732A, 0x93AB,
    0x9C0C, 0x83ED, 0x83ED, 0x83CD, 0x83CC, 0x7B8C, 0x838C, 0x940E,
    0xA4AF, 0xACD0, 0xAC8F, 0xA48F, 0x9C6E, 0x9C4E, 0xA46E, 0xA48F,
    0xA46E, 0x9C6E, 0xA46E, 0xA48F, 0xA48F, 0xA48F, 0xA48F, 0xA48F,
    0x9C6E, 0x9C6E, 0xA46E, 0xA48F, 0xAC8F, 0xACAF, 0xA4AF, 0xA4AE,
    0xA4AE, 0xA4AE, 0xACCF, 0xACEF, 0xACD0, 0xACD0, 0xB4F0, 0xB510,
    0xB4F0, 0xACD0, 0xA4B0, 0xA4D0, 0xACF1, 0xB511, 0xB511, 0xB511,
    0xB511, 0xB511, 0xB531, 0xB531, 0xB531, 0xAD11, 0xA511, 0xAD11,
    0xB530, 0xB530, 0xAD11, 0xAD11, 0xAD10, 0xA4CF, 0xA4CF, 0xA4CF,
    0xA4F0, 0xA4F0, 0xA4D0, 0xA4AF, 0xA48F, 0xA4AF, 0xA4AF, 0xB4F0,
    0xB511, 0xACF0, 0xA4CE, 0xA4CE, 0xA4D0, 0x9CB0, 0x9C90, 0x9C6F,
    0xA42D, 0xA42C, 0x9C4C, 0xA44D, 0xA44D, 0x9C2C, 0x93EB, 0x93CA,
    0x93CA, 0x8BAA, 0x8389, 0x8B69, 0x9B8A, 0x9348, 0x8326, 0x7B07,
    0x6AA7, 0x6247, 0x6205, 0x5184, 0x4144, 0x3103, 0x1083, 0x0862,
    0x0842, 0x0862, 0x0862, 0x0862, 0x7309, 0x62A9, 0x5289, 0x6B0A,
    0x62CA, 0x5AA9, 0x7309, 0x8BAB, 0x8C0C, 0x8C0E, 0x9C2F, 0xA44F,
    0x9C4F, 0x942D, 0x940D, 0x940E, 0x9C4F, 0x9C4F, 0x942E, 0x9C6E,
    0x9C4E, 0xA44E, 0xA48E, 0xA48F, 0xAC8F, 0xA48F, 0x9C6E, 0x9C4E,
    0x9C4F, 0x9C4F, 0x9C4E, 0x9C6E, 0x9C4E, 0xA46E, 0xA48F, 0xA46E,
    0xA46F, 0xAC8F, 0xACCF, 0xACCF, 0xACCF, 0xA4AF, 0xACD0, 0xB4F0,
    0xB4F0, 0xACEF, 0xACEF, 0xB4F0, 0xB510, 0xAD10, 0xA4D0, 0x9CAF,
    0xA4CF, 0xACF0, 0xB510, 0xB4F0, 0xACF0, 0xACF0, 0xACF0, 0xAD11,
    0xAD31, 0xAD31, 0xACF1, 0xACD0, 0xAD11, 0xB572, 0xAD91, 0xAD50,
    0xACCF, 0x9C8F, 0x9CAF, 0xA4CF, 0xA4F0, 0xA4F0, 0xA4D0, 0xA48F,
    0xACD0, 0xACF1, 0xACF0, 0xACF0, 0xACCF, 0xB4AF, 0xACAE, 0xA4AF,
    0xA4B0, 0x9CB0, 0x94B0, 0x948E, 0x9C2C, 0xA40B, 0xA42B, 0x9C2D,
    0x9C4D, 0xA44D, 0xA44D, 0x9BEB, 0x8BAA, 0x83A9, 0x8BCA, 0x93AA,
    0x9B8A, 0x8B48, 0x8327, 0x7B07, 0x6A87, 0x6247, 0x6226, 0x5184,
    0x4144, 0x30E3, 0x1082, 0x0842, 0x0842, 0x0862, 0x0862, 0x0842,
    0x6AE9, 0x6AA9, 0x6289, 0x72E8, 0x6B28, 0x6369, 0x6B49, 0x7B6A,
    0x93AB, 0x93AC, 0x93AC, 0x93CD, 0x9C4E, 0xA46F, 0xA48F, 0x9C6E,
    0xA48F, 0xA48F, 0xA46F, 0xACAF, 0xA48F, 0x9C4E, 0x9C2D, 0xA44E,
    0xACAF, 0xACCF, 0xACAF, 0xA46E, 0xA48F, 0xA48F, 0xA48F, 0xACAF,
    0xA48E, 0x9C4E, 0x9C2D, 0xA46E, 0xACAF, 0xACCF, 0xACCF, 0xA4CE,
    0xACCF, 0xACEF, 0xACCF, 0xB4CF, 0xACEF, 0xAD10, 0xB4F0, 0xB4F0,
    0xA4D0, 0xA4D0, 0xA4D0, 0xA4D0, 0xACF0, 0xB531, 0xBD51, 0xB531,
    0xB511, 0xB4F1, 0xAD11, 0xAD31, 0xAD31, 0xAD11, 0xAD10, 0xAD30,
    0xAD53, 0xA555, 0xAD53, 0xAD32, 0xA4D0, 0xA4B0, 0xA4D0, 0xA4F0,
    0xA4D0, 0xA4AF, 0x9C8F, 0x9CAF, 0xACD0, 0xB4F0, 0xB4F0, 0xACD0,
    0xB4F0, 0xBD30, 0xB4EF, 0x9C8E, 0x942E, 0x9CB0, 0xA4F0, 0x9C8F,
    0x946E, 0x942D, 0x9C0C, 0xA42C, 0x9C2C, 0x9C2C, 0xA46D, 0x9C2C,
    0x8BCA, 0x8389, 0x93AA, 0xA3EB, 0xA3CB, 0x8BA9, 0x8367, 0x8307,
    0x6A66, 0x6226, 0x5A06, 0x51A4, 0x4143, 0x28C3, 0x1062, 0x0842,
    0x0862, 0x0862, 0x0862, 0x0862, 0x6AA8, 0x5A48, 0x4A28, 0x5A89,
    0x5288, 0x62C8, 0x7B69, 0x838A, 0x836B, 0x83AE, 0x940E, 0x9C6E,
    0xA4AD, 0xA48E, 0x9C6F, 0x9C6F, 0xA48E, 0xA46E, 0xAC6F, 0xA48F,
    0xA4CF, 0xACEF, 0xACAF, 0xAC8F, 0xA48F, 0xA46E, 0xA4AF, 0xACF0,
    0xACCF, 0xA46E, 0xA44E, 0xA4AF, 0xACF0, 0xB4CF, 0xB4AF, 0xAC8F,
    0xA48E, 0xA4AE, 0xA4AF, 0xA4AF, 0xACAF, 0xB50F, 0xBD30, 0xB510,
    0xACF0, 0xACCF, 0xACCF, 0xAD10, 0xAD31, 0xA511, 0xACF0, 0xAD11,
    0xAD31, 0xAD51, 0xAD31, 0xB531, 0xB531, 0xB531, 0xAD31, 0xAD11,
    0xAD31, 0xAD31, 0xAD11, 0xAD31, 0xAD73, 0xAD74, 0xAD12, 0xA4D1,
    0x9CB0, 0xA4F1, 0xA50F, 0x9CED, 0x94AE, 0x9C8E, 0xA48F, 0xA4B0,
    0xACD0, 0xB4F0, 0xB4D0, 0xB4D0, 0xB4F0, 0xBD0F, 0xB4F0, 0xACD0,
    0x9C90, 0x9CCF, 0x9CAE, 0xA46E, 0xA48E, 0x9C8E, 0x9C8E, 0x9C8E,
    0x9C4D, 0x9C2C, 0xA42C, 0x9C2C, 0x93EB, 0x8BCA, 0x93AA, 0x9BAA,
    0xA3AB, 0x93E9, 0x8387, 0x7AA5, 0x6224, 0x6205, 0x5A06, 0x4984,
    0x3923, 0x28A2, 0x1062, 0x0862, 0x0862, 0x0861, 0x0862, 0x0862,
    0x72E9, 0x6288, 0x5248, 0x6AA9, 0x6ACA, 0x6AC9, 0x6AA9, 0x730A,
    0x7B6C, 0x7B8D, 0x732B, 0x832B, 0x9BED, 0xACAE, 0xACCE, 0xACAF,
    0xA46F, 0xA46E, 0xA48F, 0xA48F, 0xACCF, 0xB4CF, 0xAC8E, 0xA46E,
    0xA44E, 0x9C4E, 0xA48E, 0xB4CF, 0xB4CE, 0xA48E, 0x9C6E, 0xACAE,
    0xB4CE, 0xACAE, 0xA46E, 0xA44E, 0xA44E, 0x9C4D, 0xA46E, 0xACAF,
    0xB4F0, 0xB4F0, 0xACCF, 0xACEF, 0xACEF, 0xB510, 0xACF0, 0xA4F0,
    0x9CF0, 0xA4F0, 0xAD11, 0xAD31, 0xAD51, 0xB572, 0xB572, 0xB552,
    0xB531, 0xB511, 0xAD11, 0xAD11, 0xAD11, 0xAD10, 0xAD11, 0xAD31,
    0xAD32, 0xA553, 0xA512, 0xA4F2, 0xA4F2, 0xA4D1, 0x94AF, 0x846E,
    0x8C70, 0x9C71, 0xACB1, 0xACF0, 0xACF0, 0xACF0, 0xACF0, 0xBCF1,
    0xB4B0, 0xA46E, 0xAC8F, 0xACCF, 0x9CAF, 0x94AE, 0x946E, 0x9C4E,
    0xA48E, 0xA48E, 0x9C6E, 0x9C4D, 0x944D, 0x9C4C, 0xA44C, 0x9C2C,
    0x93EB, 0x93EA, 0x93AA, 0x938A, 0x9B6A, 0x93A9, 0x8B87, 0x82E5,
    0x6A25, 0x61C5, 0x59C6, 0x4984, 0x3923, 0x28A3, 0x1862, 0x0862,
    0x0862, 0x0862, 0x0862, 0x0842, 0x7309, 0x6AE9, 0x62A9, 0x6288,
    0x6AE9, 0x734A, 0x732A, 0x834A, 0x834A, 0x7B4A, 0x836B, 0x7B2A,
    0x6AE9, 0x8BAC, 0xAC8F, 0xBCF0, 0xAC8F, 0xA46E, 0xAC8E, 0xAC8E,
    0xACAF, 0xB4AF, 0xAC8E, 0xAC8F, 0xACD0, 0xB510, 0xACEF, 0xAC8F,
    0xACAF, 0xAC8E, 0xAC8E, 0xAC8F, 0xACAF, 0xACAF, 0xACAF, 0xACAF,
    0xACD0, 0xACD0, 0xACCF, 0xACAF, 0xACCE, 0xA4AD, 0xA4AE, 0xA4AE,
    0xA4AE, 0xA4AE, 0xA4CF, 0xA4F0, 0xA4EF, 0xA4EF, 0xA4CF, 0xA4F0,
    0xA4F0, 0xA511, 0xAD31, 0xAD31, 0xAD11, 0xAD31, 0xAD31, 0xAD31,
    0xAD31, 0xB511, 0xAD10, 0xA511, 0xA511, 0xAD32, 0xAD33, 0xAD33,
    0x9D12, 0x9CF1, 0x9CD1, 0x94B1, 0x94D3, 0x9CF2, 0x9D12, 0x9D11,
    0xA4F1, 0xA4F1, 0xA4F1, 0xACF1, 0xACF1, 0xAD10, 0xACF0, 0xA4D0,
    0x9CCF, 0x9CB0, 0x9C6F, 0x9C4D, 0x9C4D, 0x9C6D, 0x9C6D, 0x942C,
    0x9C2C, 0x9C4C, 0xA44C, 0x9C4C, 0x940B, 0x9BEB, 0x93AB, 0x938A,
    0x9BAA, 0x9389, 0x8B48, 0x82E6, 0x7225, 0x61C5, 0x5985, 0x4964,
    0x3944, 0x3104, 0x2082, 0x1041, 0x0062, 0x0862, 0x0862, 0x0842,
    0x6AC9, 0x6AA9, 0x62A9, 0x6AE9, 0x734A, 0x7B6B, 0x6B09, 0x6AE9,
    0x734B, 0x838C, 0x8BAC, 0x7B2A, 0x6AC9, 0x8BCC, 0xACAE, 0xACAD,
    0xA46D, 0xAC8F, 0xB4F0, 0xB4F0, 0xB4CF, 0xB4CF, 0xB4F0, 0xAD10,
    0xAD10, 0xBD51, 0xBD51, 0xB510, 0xB4CF, 0xACAF, 0xB4CF, 0xB4F0,
    0xB4CF, 0xB4D0, 0xB4F0, 0xAD10, 0xB530, 0xBD51, 0xBD51, 0xBD30,
    0xB4F0, 0xACCF, 0xACCF, 0xACEF, 0xACEF, 0xA4CE, 0xA4CE, 0xACEF,
    0xA4F0, 0xA4D0, 0xA4AF, 0xA4CF, 0xA4F0, 0xA4F0, 0xA4F1, 0xA511,
    0xAD31, 0xAD31, 0xAD32, 0xAD52, 0xAD51, 0xAD31, 0xAD10, 0xB511,
    0xB510, 0xAD10, 0xAD11, 0xAD11, 0xAD32, 0xAD32, 0xA512, 0x9CF2,
    0x9D12, 0x9D11, 0xA511, 0xA4F1, 0xA4F1, 0xA4F1, 0xA511, 0xA4F1,
    0x9CF1, 0x9CF1, 0x9CB0, 0x9CB0, 0x9CB0, 0x8C2E, 0x83ED, 0x942D,
    0x9C4D, 0x9C6D, 0x9C4D, 0x942D, 0x9C4C, 0x9C4C, 0x9C2C, 0x9C0B,
    0x9C0B, 0x9C2B, 0x93CB, 0x938A, 0x9B89, 0x93A9, 0x8B68, 0x82A6,
    0x7205, 0x5985, 0x4964, 0x4984, 0x49C5, 0x3965, 0x2061, 0x0800,
    0x0842, 0x0882, 0x0862, 0x0842, 0x6AC9, 0x6AE9, 0x7309, 0x6AA7,
    0x5206, 0x41C7, 0x5269, 0x7B2B, 0x8B4B, 0x830A, 0x730A, 0x736B,
    0x8C2D, 0xA48D, 0xA46D, 0x9C2E, 0xAC6F, 0xACB0, 0xACAF, 0xACAE,
    0xACAE, 0xACAF, 0xACCF, 0xACCF, 0xB4AF, 0xACAF, 0xACEF, 0xB530,
    0xB510, 0xB4CF, 0xAC8E, 0xAC8E, 0xACAE, 0xACCF, 0xACCF, 0xB4AF,
    0xB4AF, 0xACAF, 0xACEF, 0xAD10, 0xB510, 0xB510, 0xBD30, 0xB531,
    0xB530, 0xAD10, 0xAD10, 0xB510, 0xB531, 0xB510, 0xA4CF, 0xA4AF,
    0xA4F0, 0xAD31, 0xA511, 0xA4F1, 0xAD32, 0xAD32, 0xA532, 0xA551,
    0xA551, 0xAD71, 0xAD71, 0xAD51, 0xB531, 0xB510, 0xACCF, 0xACF0,
    0xAD11, 0xAD32, 0xA512, 0xA4F1, 0xA510, 0xAD31, 0xAD32, 0xA512,
    0x9CD1, 0x9CD0, 0xA511, 0x9CD0, 0x9C8F, 0x9CD0, 0xA512, 0x9D11,
    0x8CAF, 0x844D, 0x8C4D, 0x9C4D, 0xA44D, 0x9C6E, 0x9C8E, 0x9C4D,
    0xA44D, 0xA46D, 0x9C2C, 0x9BEB, 0x93CB, 0x93EB, 0x93EB, 0x93AA,
    0x9369, 0x9388, 0x9348, 0x82A7, 0x6A26, 0x5185, 0x4163, 0x4984,
    0x49A5, 0x3965, 0x2082, 0x0821, 0x0821, 0x0862, 0x0862, 0x0842,
    0x62A8, 0x6288, 0x5A48, 0x5A28, 0x6A8A, 0x7B0B, 0x7B4A, 0x7B8A,
    0x7B8D, 0x8BF0, 0x9C71, 0xA48F, 0xA46D, 0xA42E, 0xA44F, 0xACB0,
    0xB4F0, 0xB4CF, 0xACAF, 0xAC8E, 0xACAE, 0xACCF, 0xACCF, 0xACCF,
    0xB4CF, 0xB4CF, 0xB4D0, 0xB4F0, 0xB4F0, 0xB4EF, 0xACCF, 0xACAF,
    0xACAF, 0xACCF, 0xACCF, 0xACCF, 0xACCF, 0xB4CF, 0xB4F0, 0xB4F0,
    0xB4F0, 0xACAF, 0xACAF, 0xB4F0, 0xB4F0, 0xB511, 0xB511, 0xB510,
    0xACF0, 0xACF0, 0xA4CF, 0xA4CF, 0xA4AF, 0xA4D0, 0xA4F0, 0xAD11,
    0xAD32, 0xAD32, 0xAD33, 0xB552, 0xB552, 0xAD31, 0xAD10, 0xAD10,
    0xAD11, 0xAD11, 0xACF1, 0xACF0, 0xAD10, 0xAD10, 0xA511, 0xA4F1,
    0xAD32, 0xA553, 0xAD53, 0xB553, 0xAD12, 0xA4F0, 0x9CF1, 0xA511,
    0xB552, 0xAD73, 0x9CF3, 0x8C70, 0x8C2D, 0x948E, 0x948E, 0x944D,
    0x9C6E, 0x9C6E, 0x944D, 0x940C, 0x9C0B, 0x9C0B, 0x93EA, 0x93AA,
    0x938A, 0x93AA, 0x93CA, 0x938A, 0x9349, 0x8B47, 0x8B27, 0x8AE8,
    0x7247, 0x59A5, 0x4944, 0x4983, 0x49A4, 0x3944, 0x20A3, 0x1021,
    0x0841, 0x0882, 0x0862, 0x0842, 0x6288, 0x5227, 0x4A08, 0x62EA,
    0x8BEC, 0x9C2C, 0x836B, 0x8B8D, 0x9C2F, 0xA46E, 0x942C, 0x8BCC,
    0x8BED, 0x9C2D, 0xA44D, 0xA44E, 0xA48F, 0xACCF, 0xB4F0, 0xB4D0,
    0xB4CF, 0xACAF, 0xACAF, 0xACCF, 0xACEF, 0xACEF, 0xACEF, 0xB4CF,
    0xB4D0, 0xB4F0, 0xB4F0, 0xB4F0, 0xACCF, 0xACAF, 0xACCF, 0xACEF,
    0xACF0, 0xACF0, 0xACCF, 0xACCF, 0xB4CF, 0xB4D0, 0xB510, 0xB531,
    0xB510, 0xB510, 0xB510, 0xACEF, 0xACF0, 0xB4F1, 0xACD0, 0xA4AF,
    0xA4AE, 0xA4F0, 0xAD32, 0xB572, 0xB572, 0xAD31, 0xA510, 0xACF1,
    0xACF0, 0xACF0, 0xACF0, 0xACF0, 0xACF0, 0xAD10, 0xAD10, 0xAD10,
    0xAD10, 0xAD10, 0xAD31, 0xAD52, 0xAD32, 0xA4D0, 0x9CB0, 0xA4F1,
    0xA511, 0xA511, 0xA4F1, 0xA4D0, 0x9CD0, 0x94F2, 0x9D12, 0x9CAF,
    0x9C2D, 0x9C4E, 0x946E, 0x944C, 0x944D, 0x944D, 0x9C4D, 0x9C2C,
    0x9C2B, 0x93EA, 0x8B89, 0x93CB, 0x9C0B, 0x93AA, 0x8B69, 0x8B49,
    0x8B68, 0x9347, 0x8B28, 0x8AC9, 0x7266, 0x59C5, 0x4984, 0x4164,
    0x4184, 0x3964, 0x28C3, 0x1062, 0x0841, 0x0862, 0x0862, 0x0842,
    0x62A8, 0x5A88, 0x5247, 0x5247, 0x5A88, 0x72EB, 0x838C, 0x9C0E,
    0x9C4E, 0x9C2D, 0x942F, 0x9C2F, 0xA44F, 0xA46E, 0x9C4D, 0x9C2D,
    0xA48E, 0xB4EF, 0xB4F0, 0xACD0, 0xA4AF, 0xA4AF, 0xACF0, 0xB510,
    0xB510, 0xB4F0, 0xB510, 0xBD51, 0xB551, 0xB530, 0xB4D0, 0xACCF,
    0xACAF, 0xACD0, 0xAD10, 0xAD10, 0xAD10, 0xB510, 0xB531, 0xB551,
    0xB531, 0xB510, 0xB510, 0xB510, 0xB510, 0xB510, 0xB511, 0xB511,
    0xB511, 0xB510, 0xAD0F, 0xA4CE, 0x9CAF, 0xA4F1, 0xAD52, 0xB572,
    0xAD10, 0xACF0, 0xAD10, 0xAD11, 0xAD10, 0xAD10, 0xAD10, 0xAD10,
    0xACF0, 0xAD10, 0xAD10, 0xAD10, 0xACF0, 0xA4F0, 0xACF0, 0xACF0,
    0xACD0, 0x9CB0, 0x9C90, 0x9CD0, 0x94B0, 0x94B0, 0x9CD0, 0xAD31,
    0xA4D0, 0x83EE, 0x7BCB, 0x840C, 0x8C4D, 0x942D, 0xA44D, 0xA4AE,
    0x9C6D, 0x944D, 0x9C2D, 0x9C2C, 0x9C2C, 0xA44B, 0x9C2B, 0x9BEB,
    0x9BCB, 0x9BEB, 0x938A, 0x8B69, 0x9388, 0x9348, 0x8B08, 0x8AE9,
    0x6A66, 0x51E4, 0x4984, 0x4164, 0x4164, 0x3964, 0x30E3, 0x1882,
    0x0842, 0x0862, 0x0862, 0x0842, 0x6AA8, 0x6AEA, 0x734C, 0x730B,
    0x62A9, 0x5247, 0x5267, 0x5226, 0x41C5, 0x49C5, 0x6288, 0x7B2B,
    0x838C, 0xA44F, 0xACB0, 0xA48F, 0x9C4E, 0x9C6D, 0xACAF, 0xB511,
    0xBD32, 0xB531, 0xB510, 0xACEF, 0xACCF, 0xAD10, 0xB511, 0xB511,
    0xB4F0, 0xB510, 0xB510, 0xACF0, 0xB531, 0xBD31, 0xB510, 0xACEF,
    0xACEF, 0xB510, 0xB511, 0xB511, 0xB4F0, 0xB510, 0xB510, 0xB4F0,
    0xB510, 0xB511, 0xB510, 0xB510, 0xAD10, 0xACF0, 0xA4D1, 0xA4B1,
    0xA4D1, 0xA4F2, 0xAD31, 0xAD31, 0xA510, 0xAD31, 0xAD31, 0xAD11,
    0xACF0, 0xACF0, 0xAD10, 0xAD11, 0xAD10, 0xACF0, 0xAD30, 0xAD30,
    0xAD31, 0xAD11, 0xACF0, 0xA4CF, 0xA4D0, 0xA4F1, 0x9CD1, 0x948F,
    0x946F, 0x9CB0, 0x9CF0, 0xA4F1, 0x946F, 0x840C, 0x8C2C, 0x946D,
    0x948E, 0x944D, 0x9C4D, 0x9C4D, 0x944D, 0x944C, 0x9C2C, 0x9C0C,
    0x93EC, 0x9C0C, 0xA44C, 0x9C0B, 0x93AA, 0x93CA, 0x938A, 0x9349,
    0x9389, 0x8B27, 0x82E7, 0x82C8, 0x6A86, 0x51E4, 0x4163, 0x4164,
    0x4185, 0x3964, 0x3103, 0x1882, 0x0862, 0x0862, 0x0842, 0x0842,
    0x62A8, 0x62E9, 0x6B0A, 0x7309, 0x7B2B, 0x836B, 0x836B, 0x7B6B,
    0x836C, 0x7B4C, 0x7B0B, 0x5A27, 0x4143, 0x51A6, 0x7B2C, 0x9C71,
    0x9C4F, 0x9C4D, 0xA46E, 0xA46E, 0xACAF, 0xBD11, 0xBD32, 0xBD31,
    0xB511, 0xB510, 0xB511, 0xB511, 0xB511, 0xB511, 0xB510, 0xAD10,
    0xB510, 0xBD11, 0xBD11, 0xBD32, 0xB531, 0xB510, 0xB510, 0xB531,
    0xB531, 0xB531, 0xB531, 0xB531, 0xB531, 0xB511, 0xB510, 0xAD31,
    0xAD12, 0xA4F2, 0x9CD1, 0xA511, 0xAD51, 0xB572, 0xB572, 0xAD52,
    0xAD32, 0xAD31, 0xAD31, 0xAD11, 0xA4F0, 0xA4D0, 0xACF0, 0xAD11,
    0xAD10, 0xAD10, 0xAD10, 0xACF0, 0xA4D0, 0xA4EF, 0xA510, 0xA4F0,
    0xA4F0, 0xA4F1, 0xA4F1, 0x9C90, 0x9C90, 0x9CD0, 0x9CD0, 0x9CB0,
    0x9C90, 0x9CD0, 0x9CD0, 0x9CAF, 0x9C8F, 0xA4AF, 0x9CAE, 0x944D,
    0x9C2C, 0x9C2C, 0x9C2C, 0x9C2C, 0x9C0D, 0x93ED, 0x9BCB, 0x9C0B,
    0x9C0C, 0x93AA, 0x9369, 0x9349, 0x9369, 0x8308, 0x82C7, 0x82C8,
    0x6A66, 0x51E4, 0x4163, 0x4184, 0x41A4, 0x3943, 0x3103, 0x20A2,
    0x0842, 0x0042, 0x0842, 0x0862, 0x6AA8, 0x62C9, 0x62EA, 0x62E9,
    0x732A, 0x7309, 0x5AA7, 0x6AEA, 0x83AD, 0x8BCD, 0x8BCC, 0x7B2B,
    0x6A69, 0x51E7, 0x6A88, 0x8BEC, 0x9C6E, 0xACCF, 0xB4F0, 0xBD52,
    0xBD52, 0xBD31, 0xB511, 0xB531, 0xB551, 0xB511, 0xB531, 0xB531,
    0xB531, 0xB552, 0xB531, 0xB4F0, 0xB4F0, 0xB4F0, 0xB511, 0xB531,
    0xB531, 0xB531, 0xB531, 0xB531, 0xB531, 0xB531, 0xB531, 0xB551,
    0xB532, 0xAD52, 0xAD32, 0xAD31, 0xA511, 0xA4F0, 0xA511, 0xAD51,
    0xB552, 0xAD32, 0xAD32, 0xAD52, 0xAD32, 0xAD52, 0xAD31, 0xAD11,
    0xACF0, 0xACF0, 0xAD11, 0xAD11, 0xAD31, 0xAD31, 0xB531, 0xAD11,
    0xA4F0, 0xA4F0, 0xA4CF, 0xA4D0, 0x9CD0, 0x9CF1, 0x9CD0, 0x946F,
    0x942E, 0x942F, 0x944F, 0x940E, 0x942E, 0x9C8E, 0x946E, 0x944E,
    0x9C4D, 0x944D, 0x944D, 0x944D, 0x9C4D, 0x9C2C, 0x93EB, 0x93EC,
    0x9C0C, 0x9C2C, 0x9BEB, 0xA42C, 0xA42C, 0x9B69, 0x8B27, 0x8307,
    0x8B08, 0x82A7, 0x7A86, 0x7AE7, 0x6A86, 0x5A05, 0x5184, 0x4964,
    0x4964, 0x3143, 0x3944, 0x20A3, 0x0821, 0x0041, 0x0062, 0x0862,
    0x6AC8, 0x5A47, 0x4A07, 0x6287, 0x6AEA, 0x7B2B, 0x7B0B, 0x832B,
    0x834B, 0x7B6B, 0x83CC, 0x83CC, 0x838B, 0x7308, 0x7B4A, 0x940F,
    0xB513, 0xC573, 0xBD10, 0xB4D0, 0xAC8F, 0xA48E, 0xACCF, 0xB4F0,
    0xB510, 0xB511, 0xB510, 0xB4F0, 0xB510, 0xB510, 0xB551, 0xBD72,
    0xBD52, 0xB511, 0xB531, 0xB531, 0xB510, 0xB510, 0xB4F0, 0xB4F0,
    0xB510, 0xB510, 0xB551, 0xB571, 0xAD51, 0xAD32, 0xB532, 0xAD52,
    0xAD52, 0xAD31, 0xACF1, 0xACF1, 0xAD52, 0xAD94, 0xBDD4, 0xBDB4,
    0xBD94, 0xAD32, 0xAD11, 0xAD11, 0xB531, 0xB552, 0xB552, 0xB511,
    0xACF0, 0xACF1, 0xB511, 0xB531, 0xAD31, 0xA510, 0x9D11, 0xA532,
    0xA532, 0xAD11, 0xA4D0, 0x9490, 0x942F, 0x9C2F, 0x9C6F, 0x948E,
    0x8C6C, 0x844B, 0x8C0C, 0x942E, 0xA4AF, 0x946E, 0x944D, 0x9C4D,
    0x9C4D, 0x9C6D, 0xA46D, 0x9C4D, 0xA42D, 0xA42C, 0x93EA, 0x8B88,
    0x8B47, 0x8B07, 0x82E7, 0x7AE7, 0x82C7, 0x7A86, 0x7A86, 0x7AE7,
    0x6AA7, 0x5A26, 0x51A5, 0x4964, 0x4164, 0x3943, 0x3944, 0x20A2,
    0x0801, 0x0041, 0x0842, 0x0862, 0x6AC8, 0x5247, 0x4A08, 0x72CA,
    0x7B2B, 0x7B4B, 0x7B4B, 0x7B6B, 0x736B, 0x734A, 0x7B4A, 0x838A,
    0x8BCB, 0x7B4B, 0x7B2C, 0x836C, 0x940D, 0x9C4D, 0xA42D, 0xA46E,
    0xAC8F, 0xB4CF, 0xB4CF, 0xB4EF, 0xB511, 0xBD11, 0xB511, 0xB510,
    0xB510, 0xB4EF, 0xB4CF, 0xB4F0, 0xB511, 0xB511, 0xBD11, 0xB4F0,
    0xB4F0, 0xB510, 0xB511, 0xB510, 0xB510, 0xB4CF, 0xB4AF, 0xB4CF,
    0xACF0, 0xB510, 0xB511, 0xB511, 0xAD11, 0xAD10, 0xAD11, 0xB4F0,
    0xACD0, 0xA4D0, 0xAD52, 0xB573, 0xB552, 0xB531, 0xB511, 0xAD11,
    0xACF0, 0xACF0, 0xAD11, 0xB531, 0xB531, 0xB510, 0xAD10, 0xAD30,
    0xA531, 0xA531, 0xA4F0, 0xA4AF, 0xA4AE, 0x9CAF, 0x9C8F, 0x9C6F,
    0x9C6F, 0x9470, 0x9450, 0x9491, 0x948F, 0x946D, 0xA46E, 0xA46E,
    0x946E, 0x946D, 0x9C6D, 0x9C6D, 0x944D, 0x9C2D, 0x9C0C, 0x9C0B,
    0x9BEB, 0x93CA, 0x8B89, 0x8B27, 0x8B27, 0x9348, 0x9348, 0x8B08,
    0x8308, 0x82E7, 0x82E7, 0x7AE7, 0x6AA7, 0x5A26, 0x51A4, 0x4964,
    0x4164, 0x4164, 0x3944, 0x20A2, 0x0800, 0x0841, 0x0862, 0x0862,
    0x6A87, 0x5227, 0x4207, 0x62A9, 0x6AE9, 0x6B29, 0x734B, 0x738B,
    0x736A, 0x834B, 0x8B8B, 0x93CC, 0x9C0E, 0x938D, 0x7B0A, 0x6AE9,
    0x8BCD, 0xAC90, 0xB4AF, 0xBD0F, 0xBD0F, 0xB510, 0xB4EF, 0xB4EF,
    0xB510, 0xBD31, 0xBD31, 0xB4EF, 0xACCF, 0xB4CF, 0xBCF0, 0xBCF0,
    0xB50F, 0xB510, 0xB510, 0xB510, 0xBD31, 0xBD31, 0xB510, 0xACCF,
    0xACCE, 0xB4EF, 0xB510, 0xB510, 0xB510, 0xB510, 0xB4F0, 0xACD0,
    0xACD0, 0xACF0, 0xACD0, 0xAD10, 0xB530, 0xAD11, 0xA4B0, 0xA490,
    0xACD0, 0xB531, 0xAD31, 0xAD10, 0xB530, 0xB531, 0xB511, 0xACF0,
    0xACD0, 0xB510, 0xAD30, 0xAD31, 0xB531, 0xACF0, 0xACCF, 0xACCF,
    0xACF0, 0xA4D0, 0x9C6F, 0xA46F, 0x9C6F, 0x9470, 0x9491, 0x9CD3,
    0xA4D1, 0xA4AF, 0xA4AD, 0x9C6D, 0x9C6D, 0x9C4D, 0x9C6E, 0x9C6D,
    0x9C0C, 0x9BEC, 0x9BEC, 0x93EB, 0x93AA, 0x9389, 0x93AA, 0x9389,
    0x9BA9, 0xA3C9, 0xA389, 0x9328, 0x8B28, 0x8AC7, 0x82A7, 0x7AC7,
    0x6AA6, 0x5A45, 0x59A5, 0x4944, 0x4164, 0x4185, 0x3923, 0x2081,
    0x0800, 0x0862, 0x0862, 0x0842, 0x6A48, 0x5A47, 0x5A87, 0x7B68,
    0x8369, 0x8309, 0x8308, 0x8369, 0x8BCA, 0x8BAC, 0x838C, 0x8BAC,
    0x9BED, 0x8BED, 0x8BEE, 0x9430, 0xAC90, 0xACCF, 0xACCF, 0xB4F0,
    0xB4F0, 0xB510, 0xB510, 0xB510, 0xB511, 0xB531, 0xB510, 0xB4F0,
    0xB4EF, 0xB4F0, 0xAD10, 0xB510, 0xB511, 0xB511, 0xB511, 0xB510,
    0xB510, 0xB510, 0xB510, 0xB510, 0xB510, 0xB4F0, 0xB4F0, 0xB511,
    0xB531, 0xB531, 0xB511, 0xB511, 0xB511, 0xB511, 0xB510, 0xAD10,
    0xACF1, 0xB533, 0xB553, 0xB592, 0xB572, 0xB573, 0xB552, 0xB511,
    0xB4F0, 0xACF0, 0xB4F0, 0xB510, 0xACF0, 0xB510, 0xB510, 0xB530,
    0xB530, 0xB50F, 0xACF0, 0xAD10, 0xACF0, 0xA48F, 0x9C6E, 0x9C8F,
    0x9C90, 0x9490, 0x9490, 0x9CD1, 0xA4D0, 0xA48E, 0xA4AD, 0xA4AE,
    0xA4AE, 0xA48E, 0x9C4E, 0x9C4D, 0x9C2C, 0xA44D, 0x9C4C, 0x9C0B,
    0x93AA, 0x9389, 0x9BEB, 0x9BEA, 0x9BC9, 0x9388, 0x9B48, 0x9328,
    0x8B28, 0x8B08, 0x8AE8, 0x82A8, 0x6286, 0x5A25, 0x59A5, 0x4944,
    0x4964, 0x4185, 0x3103, 0x1861, 0x0821, 0x0862, 0x0862, 0x0842,
    0x6A47, 0x5A27, 0x5227, 0x62A8, 0x62C8, 0x6AE7, 0x7308, 0x8328,
    0x8B89, 0x9BEB, 0x93EC, 0x8BAC, 0x7B8A, 0x72E8, 0x730B, 0x7BD0,
    0x9CB1, 0xB510, 0xB4EF, 0xB531, 0xB511, 0xB511, 0xB511, 0xB510,
    0xAD30, 0xB530, 0xB4F0, 0xB4F0, 0xBD31, 0xBD31, 0xB511, 0xB4F1,
    0xB4F1, 0xB511, 0xB510, 0xB510, 0xB510, 0xB510, 0xB4D0, 0xB4D0,
    0xBD11, 0xB531, 0xB511, 0xB4F1, 0xB511, 0xB510, 0xB510, 0xB511,
    0xB531, 0xB531, 0xB531, 0xAD12, 0xAD32, 0xAD31, 0xACF0, 0xACCF,
    0xA4AF, 0xACCF, 0xACCF, 0xACEF, 0xACF0, 0xACF0, 0xACF0, 0xACF0,
    0xACEF, 0xACCF, 0xACCF, 0xA4CE, 0xA4CE, 0xACEF, 0xACF0, 0xACD0,
    0xA48F, 0x9C6E, 0x946E, 0x9CAF, 0x9CD1, 0x9CB1, 0x9C8F, 0xA4B0,
    0xA490, 0x9C6F, 0xA48F, 0xA48D, 0x9C6D, 0xAC6E, 0xA46E, 0x9C4D,
    0x942C, 0x9C4C, 0xA44C, 0x9C0B, 0x93CA, 0x8BAA, 0x8BCA, 0x93C9,
    0x9BA9, 0x9348, 0x9B89, 0x9B89, 0x8328, 0x82C7, 0x82A8, 0x82A8,
    0x72A7, 0x6225, 0x5984, 0x5144, 0x4985, 0x4184, 0x30E2, 0x2061,
    0x1021, 0x0862, 0x0862, 0x0842, 0x6A67, 0x59E7, 0x49C7, 0x5A68,
    0x62A9, 0x62A8, 0x6AC9, 0x6B0A, 0x7B4B, 0x838B, 0x93AB, 0x9BCC,
    0x93AD, 0x82EB, 0x6A69, 0x628A, 0x7BD0, 0x9C91, 0xA46E, 0xB48E,
    0xB4CF, 0xB531, 0xB531, 0xB510, 0xB510, 0xB511, 0xB510, 0xACF0,
    0xAD10, 0xAD10, 0xB511, 0xB531, 0xB531, 0xB531, 0xB531, 0xB510,
    0xB4F0, 0xB531, 0xB511, 0xB510, 0xAD10, 0xB511, 0xB511, 0xB531,
    0xB530, 0xB530, 0xB531, 0xB531, 0xB531, 0xB531, 0xB511, 0xAD11,
    0xAD11, 0xACF0, 0xACF0, 0xACF0, 0xACAF, 0xACAF, 0xB4D0, 0xACF0,
    0xACF0, 0xB4F0, 0xB511, 0xB531, 0xB531, 0xB530, 0xB50F, 0xACEF,
    0xACCF, 0xACCF, 0xA48F, 0x9C4E, 0x946F, 0x946E, 0x946E, 0x9CAE,
    0xA4F0, 0xA4D0, 0xA48E, 0xA48F, 0xA4B0, 0xACD0, 0xACD0, 0xA4AF,
    0xA4AD, 0xACCE, 0xA48D, 0x944C, 0x9C2C, 0x9C4C, 0xA44C, 0x93EA,
    0x8BA9, 0x93CA, 0x93CA, 0x8B89, 0x8B68, 0x9328, 0x9349, 0x8B49,
    0x7AE7, 0x82A7, 0x7A67, 0x6A46, 0x6A87, 0x6226, 0x5164, 0x5164,
    0x5185, 0x3944, 0x30C2, 0x2061, 0x1021, 0x0862, 0x0862, 0x0862,
    0x6247, 0x6268, 0x5A88, 0x62C7, 0x62C7, 0x7308, 0x8B4B, 0x832A,
    0x836B, 0x9BCD, 0x93AC, 0x8B6A, 0x838A, 0x8BAB, 0x8BAC, 0x8349,
    0x8309, 0x838B, 0x946E, 0xACEF, 0xBCEE, 0xB4EF, 0xACF0, 0xB510,
    0xBD51, 0xBD51, 0xB551, 0xB551, 0xBD51, 0xBD31, 0xB510, 0xB4F0,
    0xB510, 0xB510, 0xB510, 0xB510, 0xB511, 0xBD31, 0xBD31, 0xB551,
    0xBD31, 0xBD11, 0xB4F1, 0xB4F0, 0xB4F0, 0xB510, 0xB510, 0xB511,
    0xB511, 0xB510, 0xAD10, 0xAD0F, 0xACF0, 0xACD0, 0xACF0, 0xACCF,
    0xAC8E, 0xACD0, 0xAD10, 0xAD10, 0xB50F, 0xACF0, 0xAD11, 0xB531,
    0xBD31, 0xBD32, 0xB531, 0xB510, 0xB4F0, 0xACF0, 0xACF0, 0xA4CF,
    0xA4CF, 0x9C8F, 0x9C6E, 0x9CAE, 0x9CAE, 0xA48E, 0xA46E, 0xA46E,
    0x9C8E, 0xA48E, 0xA4AF, 0xA4B0, 0xA46F, 0xACAE, 0x9C8E, 0x8C2E,
    0x8C0B, 0x9C4B, 0xA46B, 0x940B, 0x93CA, 0x93C9, 0x8BA9, 0x8348,
    0x8308, 0x8B29, 0x82E8, 0x7AC8, 0x82E8, 0x8AE7, 0x7286, 0x5205,
    0x5A46, 0x5A06, 0x5164, 0x5985, 0x5185, 0x3924, 0x30C2, 0x2081,
    0x1041, 0x0841, 0x0862, 0x0862, 0x5A27, 0x5247, 0x52A8, 0x62A8,
    0x6287, 0x62A7, 0x7329, 0x7348, 0x7B69, 0x93CB, 0x93EC, 0x93CC,
    0x93AC, 0x8B8B, 0x9BEC, 0xA44E, 0x9C2D, 0x7B4B, 0x6A88, 0x6A89,
    0x7AEA, 0x93AC, 0xA44F, 0xA4D0, 0xAD11, 0xBD10, 0xBD10, 0xB4F0,
    0xB511, 0xB511, 0xB510, 0xB510, 0xB510, 0xB510, 0xB510, 0xB551,
    0xB551, 0xB511, 0xB4F0, 0xB4F0, 0xB510, 0xB510, 0xB510, 0xB510,
    0xB510, 0xB530, 0xB530, 0xB530, 0xB510, 0xB530, 0xBD51, 0xBD31,
    0xB511, 0xB511, 0xACF0, 0xA4F0, 0xA4D0, 0xACF2, 0xACF1, 0xA4F0,
    0xACD0, 0xAD11, 0xB531, 0xB531, 0xB530, 0xAD11, 0xACF0, 0xACEF,
    0xACF0, 0xACF0, 0xACEF, 0xA4CF, 0xA4CF, 0x9CAE, 0x948E, 0x9CAF,
    0xA48E, 0xA48D, 0x9C6E, 0x9C6E, 0x9C4E, 0x942D, 0x944C, 0x9C6D,
    0x9C6F, 0x9C8F, 0x948F, 0x8C4F, 0x83EE, 0x8BEB, 0x9408, 0x93EA,
    0x8BAA, 0x938A, 0x93A9, 0x8B69, 0x7B08, 0x8309, 0x7B08, 0x8308,
    0x8B29, 0x8B08, 0x7287, 0x5A26, 0x6266, 0x5A05, 0x4944, 0x5165,
    0x5185, 0x4144, 0x38E3, 0x2082, 0x1041, 0x0841, 0x0862, 0x0862,
    0x5A47, 0x5A46, 0x5A66, 0x6AA9, 0x72EA, 0x7B2A, 0x7B49, 0x8329,
    0x8349, 0x93CB, 0x9C0D, 0xA42D, 0xA42D, 0xA3EC, 0xA3EC, 0xA42D,
    0xAC6E, 0xAC8F, 0xAC6E, 0x9C4D, 0x83AA, 0x72E9, 0x6A89, 0x730B,
    0x83EE, 0xA48F, 0xB510, 0xBD30, 0xB511, 0xB511, 0xB510, 0xB530,
    0xB531, 0xB531, 0xB551, 0xBD72, 0xBD52, 0xB511, 0xB511, 0xB511,
    0xB511, 0xB511, 0xB530, 0xB530, 0xB551, 0xB551, 0xB551, 0xBD72,
    0xBD72, 0xBD72, 0xBD52, 0xB531, 0xB511, 0xAD10, 0xB530, 0xB531,
    0xACF1, 0xA4F1, 0xACF1, 0xB532, 0xB532, 0xB531, 0xAD30, 0xB531,
    0xB532, 0xB531, 0xAD11, 0xACF0, 0xACF0, 0xACCF, 0xA4CF, 0xACD0,
    0xACD0, 0x9C6E, 0x944D, 0xA48F, 0xA4AF, 0xA4CF, 0xA4CF, 0xACAF,
    0xA48F, 0x9C6F, 0x9C6D, 0x9CAE, 0x9CAF, 0x9470, 0x8C2F, 0x942E,
    0x9451, 0x9C6E, 0x940A, 0x8BA9, 0x8B89, 0x8BAA, 0x93AA, 0x8B8A,
    0x8329, 0x8308, 0x7AE8, 0x8308, 0x8B08, 0x82E8, 0x72A8, 0x6266,
    0x6266, 0x5A04, 0x4943, 0x5164, 0x5185, 0x4944, 0x3903, 0x20A2,
    0x1061, 0x0841, 0x0841, 0x0862, 0x5A87, 0x5246, 0x5226, 0x62A7,
    0x72C9, 0x72C9, 0x72C9, 0x8B6B, 0xA40C, 0xAC2C, 0x9BCB, 0x8BAB,
    0x9C0C, 0x9C0D, 0x9C0C, 0x9C0C, 0x93CB, 0x93CB, 0x93EC, 0xAC8E,
    0xB4AE, 0x9C2C, 0x734A, 0x7BCE, 0x9CD2, 0xA4D1, 0xAD11, 0xB531,
    0xB551, 0xBD52, 0xBD52, 0xB552, 0xB551, 0xB551, 0xB551, 0xBD52,
    0xBD51, 0xB531, 0xB552, 0xB551, 0xB531, 0xBD52, 0xB572, 0xB552,
    0xB531, 0xB531, 0xB551, 0xBD52, 0xBD52, 0xBD52, 0xBD31, 0xBD31,
    0xB531, 0xB511, 0xB511, 0xB511, 0xACF1, 0xA4AF, 0xA4AF, 0xACF1,
    0xB532, 0xB532, 0xAD31, 0xAD32, 0xB573, 0xB573, 0xAD31, 0xA4F0,
    0xACF0, 0xB511, 0xB4F0, 0xACD0, 0xACCF, 0xA4AF, 0x9C8F, 0xA4AF,
    0xA4AF, 0xA4CF, 0xA4B0, 0xA4AF, 0xA48F, 0x9CAF, 0x9C90, 0x9CB1,
    0x9CB0, 0x9470, 0x8C0F, 0x8BEE, 0x9450, 0x948F, 0x8C2C, 0x8BA9,
    0x8B8A, 0x8BAB, 0x8B6A, 0x8B49, 0x8349, 0x8B49, 0x7B08, 0x7AC7,
    0x82E7, 0x7AE8, 0x72C7, 0x6266, 0x6245, 0x51E4, 0x4944, 0x5164,
    0x5985, 0x4944, 0x3923, 0x20C2, 0x1061, 0x0821, 0x0821, 0x0862,
    0x5A27, 0x4A05, 0x4A25, 0x6AC8, 0x7AE9, 0x7AC9, 0x72C8, 0x6B29,
    0x738B, 0x93CD, 0x9BED, 0xA40C, 0xA42C, 0x9C0C, 0x9C2D, 0xA42D,
    0x9C0D, 0xA42D, 0xA42D, 0x8BAB, 0x7309, 0x732A, 0x8BCD, 0x9C6F,
    0xACD0, 0xB510, 0xBD10, 0xB510, 0xB531, 0xB551, 0xB551, 0xBD51,
    0xBD51, 0xBD52, 0xBD72, 0xBD52, 0xBD31, 0xB510, 0xB551, 0xBD72,
    0xBD71, 0xBD51, 0xBD51, 0xBD52, 0xBD52, 0xBD52, 0xBD52, 0xBD52,
    0xBD31, 0xBD10, 0xBD30, 0xBD31, 0xBD31, 0xBD31, 0xBD31, 0xB531,
    0xB531, 0xACF0, 0xA4D0, 0xACF1, 0xAD31, 0xAD52, 0xAD51, 0xAD32,
    0xAD32, 0xAD32, 0xAD31, 0xAD11, 0xACF1, 0xB531, 0xB511, 0xACD0,
    0xA4D0, 0xA4AF, 0xA48E, 0x9C6E, 0x9C8E, 0xA4AF, 0xA4AF, 0xACCF,
    0xA4CF, 0x9C8F, 0x9C50, 0x9C91, 0xA4F1, 0x9C90, 0x8C0F, 0x8BCE,
    0x8C0F, 0x8C2F, 0x8C0D, 0x93CA, 0x93AA, 0x8B8A, 0x834A, 0x8349,
    0x8B69, 0x8B49, 0x8308, 0x7AC7, 0x82C7, 0x7AE8, 0x72C7, 0x6266,
    0x6225, 0x51E4, 0x49A4, 0x5185, 0x5985, 0x5145, 0x3923, 0x20C1,
    0x1061, 0x0841, 0x0841, 0x0862, 0x5226, 0x49E6, 0x49E7, 0x6A88,
    0x6AA8, 0x6AE8, 0x7329, 0x7B69, 0x7B69, 0x7B6A, 0x838B, 0x93CC,
    0x9BEC, 0x9C0D, 0x93CD, 0x8BAC, 0x93EC, 0x93CC, 0x7B4B, 0x834B,
    0x93CD, 0xAC6E, 0xB48F, 0xB48E, 0xB4EF, 0xBD30, 0xC551, 0xBD30,
    0xBD30, 0xBD51, 0xC571, 0xC572, 0xC531, 0xBD31, 0xBD52, 0xBD31,
    0xB4F0, 0xBCEF, 0xC550, 0xC571, 0xC551, 0xC551, 0xC571, 0xC571,
    0xBD30, 0xBCF0, 0xBD10, 0xBD31, 0xB4F0, 0xB4AF, 0xBCEF, 0xC550,
    0xC551, 0xBD30, 0xBD10, 0xB4F0, 0xACD0, 0xA4CF, 0xA4F0, 0xAD31,
    0xAD32, 0xAD12, 0xAD11, 0xAD11, 0xAD31, 0xAD32, 0xAD52, 0xAD52,
    0xB532, 0xB511, 0xB531, 0xB511, 0xACD0, 0xA4AF, 0xA4AF, 0xA4CF,
    0xACD0, 0xA4D0, 0xA48F, 0xA4AF, 0xACCF, 0xACCE, 0x9CAF, 0x948F,
    0x9CB0, 0x9C6F, 0x942E, 0x8C0F, 0x8C0F, 0x8C0F, 0x83CE, 0x8BAB,
    0x8B8A, 0x836A, 0x834A, 0x834A, 0x8B69, 0x8B49, 0x8308, 0x7AC7,
    0x7AA6, 0x7B08, 0x7AE8, 0x6A66, 0x6225, 0x59E4, 0x51C4, 0x5164,
    0x5165, 0x5165, 0x3923, 0x20C1, 0x1041, 0x0841, 0x0841, 0x0862,
    0x5226, 0x49E6, 0x41C6, 0x49E6, 0x5248, 0x62C9, 0x7B49, 0x838A,
    0x83AB, 0x8BAD, 0x8BAC, 0x838C, 0x83AC, 0x8BAB, 0x8BAA, 0x8389,
    0x7B69, 0x7B6A, 0x8BCC, 0xA44D, 0xACAE, 0xB4EF, 0xBD10, 0xB4F0,
    0xACAF, 0xAC6E, 0xB4CF, 0xBD50, 0xBD30, 0xBD30, 0xBD30, 0xBD30,
    0xBCF0, 0xB4CF, 0xBCEF, 0xB4EF, 0xB4AF, 0xB48E, 0xBD10, 0xBD51,
    0xBD10, 0xBD10, 0xBD30, 0xBD10, 0xBD0F, 0xB4EF, 0xB4CF, 0xB4EF,
    0xB4CF, 0xB4AE, 0xB48E, 0xB4CE, 0xB4EF, 0xB4EF, 0xB510, 0xB510,
    0xB510, 0xB511, 0xACF1, 0xACF1, 0xAD32, 0xB573, 0xBD93, 0xBD93,
    0xBD93, 0xB593, 0xB511, 0xB4F1, 0xB511, 0xBD52, 0xBD72, 0xBD51,
    0xBD31, 0xACF0, 0xACCF, 0xACCE, 0xACCE, 0xACCF, 0xACAF, 0xACCF,
    0xB4CE, 0xACCE, 0x9CED, 0xA4CE, 0xA48F, 0x9C2F, 0x8C2E, 0x8C2E,
    0x8C4F, 0x8C0F, 0x83AE, 0x838C, 0x838A, 0x8389, 0x836B, 0x8B6A,
    0x8368, 0x8328, 0x8329, 0x8308, 0x82E7, 0x8B29, 0x8309, 0x6A87,
    0x6245, 0x5A05, 0x5A05, 0x5164, 0x5165, 0x5185, 0x4143, 0x20C2,
    0x1041, 0x0841, 0x0842, 0x0862, 0x5A47, 0x5A68, 0x5248, 0x5227,
    0x5247, 0x62C7, 0x7B08, 0x8349, 0x8BAB, 0x8BCC, 0x83AB, 0x83AC,
    0x8BED, 0x83CC, 0x7B49, 0x72C8, 0x6B2B, 0x83EF, 0x9C71, 0xAC4F,
    0xB48F, 0xB4EF, 0xB4F0, 0xB4CF, 0xB4AF, 0xBCD0, 0xBCF0, 0xBD10,
    0xBD30, 0xBD31, 0xBD30, 0xB530, 0xBD30, 0xBD30, 0xBD0F, 0xBCEF,
    0xBCEF, 0xBD10, 0xBD31, 0xBD30, 0xBD30, 0xBD51, 0xBD31, 0xBD30,
    0xBD30, 0xBD30, 0xBD10, 0xBCEF, 0xBCEF, 0xBD10, 0xBD10, 0xBD31,
    0xBD30, 0xB4EF, 0xB4EF, 0xB4EF, 0xB4F0, 0xB4F0, 0xB4F1, 0xB511,
    0xAD11, 0xAD31, 0xB552, 0xB552, 0xB532, 0xB531, 0xB552, 0xB531,
    0xBD31, 0xBD52, 0xC551, 0xBD30, 0xB50F, 0xACEF, 0xACF0, 0xACCF,
    0xACCF, 0xACCF, 0xACAE, 0xACAD, 0xA4AD, 0xAC8E, 0xACAE, 0xA4AE,
    0x9C8D, 0x942D, 0x8C0D, 0x8C4E, 0x944F, 0x9430, 0x83CE, 0x738C,
    0x7B6B, 0x8B6C, 0x8B6C, 0x834A, 0x8328, 0x8328, 0x8369, 0x8B69,
    0x8B08, 0x8B08, 0x7B08, 0x6AA7, 0x6246, 0x5A25, 0x5A25, 0x5184,
    0x5164, 0x5184, 0x4143, 0x20A2, 0x0841, 0x0842, 0x0842, 0x0862,
    0x5A47, 0x5A48, 0x5A88, 0x6AE8, 0x72E7, 0x7AC8, 0x7B29, 0x83CB,
    0x8C0C, 0x8BEC, 0x83AC, 0x838B, 0x83AB, 0x83CC, 0x838D, 0x830B,
    0x72A9, 0x734B, 0x94B0, 0xB511, 0xBCF0, 0xBCCE, 0xBCCF, 0xB4AF,
    0xACAF, 0xB4F0, 0xB510, 0xBD10, 0xBD30, 0xBD50, 0xBD51, 0xBD51,
    0xBD30, 0xBD30, 0xBD10, 0xBD30, 0xBD10, 0xBCF0, 0xBD51, 0xBD72,
    0xBD51, 0xBD51, 0xBD51, 0xBD51, 0xBD30, 0xBD30, 0xBD30, 0xBD10,
    0xBD10, 0xBD10, 0xB530, 0xB530, 0xBD31, 0xBD51, 0xC571, 0xC571,
    0xBD71, 0xB531, 0xB511, 0xB511, 0xACF1, 0xB512, 0xB553, 0xB572,
    0xB531, 0xB510, 0xAD11, 0xB511, 0xB511, 0xB510, 0xBD30, 0xBD50,
    0xB530, 0xACF0, 0xACCF, 0xACEF, 0xACF0, 0xACF0, 0xACCE, 0xB4AE,
    0xAC8E, 0xAC8E, 0xACCE, 0xACCE, 0xA48D, 0x9C2D, 0x8C0D, 0x8C4E,
    0x8C4D, 0x8C6F, 0x844F, 0x83AE, 0x834D, 0x834D, 0x836B, 0x834A,
    0x8329, 0x8329, 0x8B28, 0x8B28, 0x7AE7, 0x72E7, 0x72C7, 0x72A8,
    0x6266, 0x5A46, 0x6246, 0x51A5, 0x5164, 0x5164, 0x4144, 0x20C2,
    0x0841, 0x0842, 0x0842, 0x0862, 0x6267, 0x49E6, 0x39C5, 0x5266,
    0x72E8, 0x7B09, 0x7309, 0x6AE9, 0x730A, 0x836C, 0x942E, 0x9C2E,
    0x8BCC, 0x83AB, 0x83CC, 0x8BAC, 0x7B2B, 0x6289, 0x62AA, 0x83CE,
    0x9C70, 0xACD1, 0xBD31, 0xBD0E, 0xBCED, 0xB50E, 0xB530, 0xB531,
    0xB531, 0xB530, 0xBD50, 0xBD71, 0xBD51, 0xBD51, 0xBD30, 0xBD10,
    0xBCF0, 0xBD10, 0xBD51, 0xBD71, 0xBD30, 0xB530, 0xB550, 0xBD71,
    0xBD51, 0xBD30, 0xBD10, 0xBD10, 0xBD30, 0xC551, 0xC572, 0xC571,
    0xBD51, 0xBD51, 0xBD51, 0xBD71, 0xBD71, 0xBD31, 0xB511, 0xB510,
    0xB4F1, 0xB4F1, 0xB511, 0xB532, 0xB552, 0xB551, 0xB531, 0xB511,
    0xB510, 0xB50F, 0xB530, 0xB531, 0xACF1, 0xACF1, 0xAD10, 0xB531,
    0xB510, 0xACEF, 0xACCF, 0xACCF, 0xACAE, 0xAC8D, 0xA4AE, 0xA48D,
    0xAC6C, 0xA48D, 0x9C6E, 0x944D, 0x942D, 0x8C4F, 0x8C30, 0x83CF,
    0x838D, 0x8B6C, 0x836A, 0x8349, 0x8349, 0x8328, 0x82E7, 0x7AC6,
    0x6AA6, 0x6AA6, 0x6AA6, 0x72A7, 0x6A67, 0x6246, 0x6226, 0x51C5,
    0x51A5, 0x5165, 0x4143, 0x20C2, 0x0841, 0x0842, 0x0842, 0x0862,
    0x49E6, 0x4A06, 0x6268, 0x8309, 0x7B09, 0x7309, 0x7B4A, 0x836C,
    0x836B, 0x8B8B, 0x940D, 0x942E, 0x9C2E, 0x9C2E, 0x940E, 0x940D,
    0x942E, 0x83CC, 0x7328, 0x6B07, 0x6AE8, 0x732B, 0x8BEF, 0xA4D2,
    0xB534, 0xB533, 0xBD30, 0xBD2F, 0xACEF, 0xB4F0, 0xB531, 0xBD50,
    0xBD50, 0xBD31, 0xBD31, 0xBD31, 0xBD51, 0xBD71, 0xBD72, 0xBD51,
    0xB510, 0xB530, 0xB530, 0xBD30, 0xBD30, 0xBD51, 0xBD51, 0xBD31,
    0xBD51, 0xBD72, 0xBD71, 0xBD51, 0xB530, 0xB530, 0xBD30, 0xBD30,
    0xB510, 0xBD31, 0xBD31, 0xB511, 0xAD10, 0xAD30, 0xB551, 0xBD72,
    0xB511, 0xACD0, 0xACD0, 0xACCF, 0xA48F, 0xA46F, 0xA490, 0xA4D0,
    0xA4EF, 0xAD10, 0xAD31, 0xAD10, 0xA4CF, 0xA4AE, 0xACEF, 0xACEF,
    0xACAE, 0xAC6D, 0xACAD, 0xA4AD, 0xA46C, 0x9C4C, 0x9C4C, 0x944C,
    0x8BED, 0x8BEF, 0x8C10, 0x83CF, 0x7B4C, 0x7B09, 0x8348, 0x8349,
    0x8329, 0x8308, 0x7AE7, 0x72C6, 0x6286, 0x72C6, 0x72C7, 0x72A7,
    0x6A67, 0x6246, 0x6246, 0x51C5, 0x51A5, 0x5185, 0x4144, 0x20A2,
    0x0821, 0x0842, 0x0842, 0x0862, 0x5A27, 0x5A67, 0x62A8, 0x6A87,
    0x6AA8, 0x7AE9, 0x7B2A, 0x7B4B, 0x738C, 0x7BAC, 0x8BED, 0xA40D,
    0xA42D, 0x9C0D, 0x9C2D, 0xA44E, 0x9C4D, 0x940C, 0x940C, 0x9C2D,
    0x9C0C, 0x8B29, 0x7227, 0x6227, 0x6B4B, 0x7C70, 0xA553, 0xBD92,
    0xBD50, 0xBD51, 0xBD31, 0xB510, 0xB530, 0xBD51, 0xBD72, 0xBD51,
    0xBD51, 0xBD71, 0xBD72, 0xBD71, 0xB530, 0xBD31, 0xBD31, 0xB530,
    0xB551, 0xBD72, 0xBD72, 0xBD51, 0xBD51, 0xBD72, 0xBD72, 0xBD72,
    0xBD51, 0xB510, 0xB510, 0xB510, 0xB510, 0xB510, 0xB4F0, 0xB4F0,
    0xB511, 0xB531, 0xBD31, 0xBD72, 0xBD72, 0xB552, 0xB531, 0xAD11,
    0xAD30, 0xAD31, 0xAD31, 0xAD10, 0xAD10, 0xAD10, 0xAD10, 0xAD10,
    0xAD10, 0xAD10, 0xACAF, 0xA4CE, 0xA4CE, 0xAC8D, 0xA48D, 0xA46D,
    0x9C6D, 0x9C4D, 0x9C4C, 0x944C, 0x8BED, 0x8BCE, 0x8BCF, 0x83EF,
    0x8BAD, 0x8B6B, 0x8349, 0x8349, 0x8349, 0x8328, 0x8328, 0x7B27,
    0x6AC6, 0x7AE7, 0x82E7, 0x7AA7, 0x6A87, 0x6267, 0x6246, 0x51E5,
    0x51C5, 0x5185, 0x3923, 0x1882, 0x0041, 0x0842, 0x0842, 0x0862,
    0x6268, 0x5A88, 0x5288, 0x5A27, 0x6268, 0x6AC9, 0x72E9, 0x732B,
    0x6B6D, 0x73AD, 0x83CD, 0x8BAC, 0x8BCC, 0x940D, 0xA42D, 0xA44E,
    0xA44E, 0xA46E, 0xA44E, 0x9C2D, 0x940D, 0x9C4E, 0x9C8F, 0x93CB,
    0x82E6, 0x7AA6, 0x838B, 0x94B0, 0xAD31, 0xB530, 0xB531, 0xBD92,
    0xBD72, 0xB551, 0xBD52, 0xB552, 0xB552, 0xBD52, 0xBD72, 0xBD72,
    0xB572, 0xB552, 0xBD52, 0xBD71, 0xBD72, 0xBD72, 0xB572, 0xB552,
    0xB552, 0xB573, 0xBD72, 0xBD72, 0xB551, 0xB530, 0xB510, 0xB510,
    0xB510, 0xB510, 0xB510, 0xAD10, 0xBD52, 0xBD72, 0xBD52, 0xB531,
    0xB531, 0xB552, 0xB552, 0xAD72, 0xAD52, 0xAD31, 0xB531, 0xB531,
    0xAD11, 0xAD10, 0xACF0, 0xA4EF, 0xA4EF, 0xA4EF, 0xACEF, 0xB510,
    0xACEF, 0xA4AE, 0xA4CE, 0xA4CD, 0xA4AC, 0x9C4C, 0x9C4C, 0x944C,
    0x8BED, 0x8BCE, 0x8BAE, 0x8BCD, 0x838C, 0x836C, 0x8B8A, 0x8B8A,
    0x8B8A, 0x8328, 0x8327, 0x7B27, 0x7B08, 0x8B08, 0x8AE8, 0x72A7,
    0x6287, 0x6267, 0x6226, 0x51E5, 0x51C5, 0x5185, 0x4103, 0x1882,
    0x0041, 0x0842, 0x0842, 0x0862, 0x5A68, 0x5267, 0x5AA8, 0x72EA,
    0x732A, 0x734B, 0x7B6B, 0x83AB, 0x8BAC, 0x8B8C, 0x8BAD, 0x8BEC,
    0x940D, 0x9C6E, 0x9C6E, 0x9C2D, 0x940D, 0x8BCC, 0x8BEC, 0x9C2D,
    0x9C4E, 0x9C4E, 0x9C6E, 0xA48F, 0xAC4E, 0x938A, 0x7AA7, 0x62C9,
    0x7C0D, 0x946F, 0xA4AF, 0xBD52, 0xBD93, 0xB573, 0xB552, 0xB552,
    0xB572, 0xB572, 0xB551, 0xB552, 0xB573, 0xB572, 0xB572, 0xBD72,
    0xB572, 0xB572, 0xB572, 0xB572, 0xB573, 0xB572, 0xB552, 0xB572,
    0xBD92, 0xC592, 0xBD52, 0xB531, 0xB530, 0xB510, 0xB510, 0xB531,
    0xB552, 0xB552, 0xB551, 0xB531, 0xAD31, 0xAD52, 0xAD52, 0xAD52,
    0xAD32, 0xB551, 0xAD30, 0xAD10, 0xAD10, 0xAD11, 0xAD10, 0xAD10,
    0xA4EF, 0xA4EF, 0xACF0, 0xACEF, 0xA4AE, 0xA48D, 0xA4AE, 0xA4CE,
    0xA4CE, 0x9C6D, 0x9C6C, 0x9C4B, 0x8BCC, 0x8BAE, 0x8BCF, 0x8BEE,
    0x838B, 0x834A, 0x8BAA, 0x8BAA, 0x836A, 0x8328, 0x8327, 0x8307,
    0x8308, 0x8B08, 0x7B27, 0x6AE7, 0x6267, 0x6226, 0x6226, 0x5A05,
    0x59C5, 0x5185, 0x4103, 0x1882, 0x0041, 0x0842, 0x0842, 0x0862,
    0x6AA9, 0x62A9, 0x62A8, 0x6AA8, 0x6AA8, 0x6AC9, 0x732A, 0x83AC,
    0x83AC, 0x836B, 0x8BAC, 0x8BED, 0x8BED, 0x8BEC, 0x940C, 0x942D,
    0x940D, 0x8BED, 0x8BAD, 0x8BAC, 0x93CC, 0x9C0C, 0x9BEC, 0x9C2D,
    0xA44E, 0xAC4E, 0xA3EC, 0x936A, 0x83EC, 0x844E, 0x94AF, 0xA4F0,
    0xB551, 0xB572, 0xAD72, 0xB573, 0xB573, 0xBD93, 0xBD93, 0xB573,
    0xB573, 0xBD93, 0xC593, 0xBD72, 0xB551, 0xAD52, 0xB573, 0xB572,
    0xB573, 0xBD93, 0xBD93, 0xBD73, 0xBD72, 0xBD52, 0xBD52, 0xBD52,
    0xBD51, 0xB551, 0xB551, 0xB531, 0xB531, 0xB552, 0xB552, 0xAD52,
    0xAD52, 0xB573, 0xAD73, 0xAD52, 0xA531, 0xAD11, 0xAD11, 0xAD10,
    0xAD10, 0xA4F0, 0xA4CF, 0xACCF, 0xACEF, 0xAD10, 0xACEF, 0xA4AE,
    0x9CAE, 0xA4CE, 0xA4AE, 0xA4AE, 0x9CAE, 0xA48D, 0x9C6C, 0x944C,
    0x9C4F, 0x940F, 0x83AD, 0x838C, 0x83AB, 0x8BCA, 0x8BAA, 0x836A,
    0x8349, 0x8348, 0x8328, 0x8308, 0x82E7, 0x8306, 0x7B07, 0x7308,
    0x6246, 0x5A05, 0x6226, 0x5A05, 0x59E5, 0x5185, 0x40E3, 0x2082,
    0x0041, 0x0841, 0x0841, 0x1062, 0x6AC9, 0x730A, 0x7B4B, 0x7B6B,
    0x7B4A, 0x732A, 0x730A, 0x730B, 0x7B4B, 0x83AB, 0x93EB, 0x9C0C,
    0x940D, 0x8BCC, 0x838C, 0x838C, 0x8BCC, 0x942D, 0x9C4E, 0xA46E,
    0xA44E, 0x9C0C, 0x93EC, 0x93EC, 0x940D, 0x9C4E, 0x9C0E, 0x93CD,
    0x8C0E, 0x8C8F, 0xA4F0, 0xACF0, 0xBD52, 0xBD93, 0xBD73, 0xB572,
    0xB552, 0xAD52, 0xB552, 0xB552, 0xAD32, 0xAD53, 0xB552, 0xBD72,
    0xBD72, 0xBD73, 0xBD73, 0xB552, 0xAD52, 0xAD32, 0xB553, 0xB552,
    0xB572, 0xBD72, 0xBD72, 0xBD52, 0xB552, 0xB552, 0xBD52, 0xBD52,
    0xBD72, 0xBD73, 0xBD73, 0xB552, 0xAD52, 0xAD52, 0xAD53, 0xAD74,
    0xAD52, 0xAD51, 0xAD30, 0xB4F1, 0xAD10, 0xAD10, 0xAD10, 0xACEF,
    0xA4CF, 0xA4EF, 0xAD10, 0xB530, 0xB530, 0xAD0F, 0xA4CE, 0xA4CE,
    0xA4CE, 0x9CCD, 0x8C8D, 0x8C4E, 0x8C2E, 0x8C0E, 0x8C0D, 0x940C,
    0x8BEA, 0x8BAA, 0x8389, 0x8B8A, 0x8B8A, 0x8348, 0x8327, 0x8308,
    0x82E7, 0x8B07, 0x8327, 0x72E8, 0x6246, 0x5A05, 0x6246, 0x5A25,
    0x59E5, 0x5185, 0x40E3, 0x2082, 0x0862, 0x0841, 0x0841, 0x0861,
    0x6AC9, 0x6AA8, 0x6AC8, 0x6AEA, 0x6B2A, 0x7B6A, 0x838B, 0x8BCC,
    0x836B, 0x6AE9, 0x730A, 0x83AD, 0x942F, 0x8BEE, 0x8BED, 0x8C0E,
    0x940E, 0x940D, 0x8BEC, 0x93CC, 0x93EC, 0x940D, 0x9C2E, 0x940D,
    0x940D, 0x9C4E, 0x8BEC, 0x7B4B, 0x7B6D, 0x83CE, 0x946F, 0xACCF,
    0xC572, 0xC5D4, 0xBDB3, 0xBD72, 0xBD52, 0xB553, 0xB553, 0xBD73,
    0xBD73, 0xBD72, 0xBD73, 0xC573, 0xBD93, 0xBD93, 0xBD93, 0xBD52,
    0xBD53, 0xBD53, 0xBD52, 0xBD73, 0xBD94, 0xBD93, 0xBD73, 0xBD52,
    0xBD71, 0xBD51, 0xBD51, 0xB572, 0xBD73, 0xBD73, 0xB552, 0xAD12,
    0xAD32, 0xAD73, 0xAD73, 0xAD73, 0xAD52, 0xB571, 0xB571, 0xB551,
    0xB552, 0xB552, 0xB551, 0xAD10, 0xA4EF, 0xACF0, 0xB510, 0xB510,
    0xACEF, 0xA4CE, 0x9CCF, 0x9CAF, 0x948F, 0x9CAE, 0x9CCF, 0x8CAF,
    0x844E, 0x8C2E, 0x8C2E, 0x8BEB, 0x8BCA, 0x8BAB, 0x8BAB, 0x93CB,
    0x8BAA, 0x8328, 0x82E8, 0x8308, 0x8308, 0x8B48, 0x8B48, 0x72E8,
    0x6226, 0x6205, 0x6A67, 0x5A25, 0x51E5, 0x5184, 0x38E2, 0x2082,
    0x0862, 0x0861, 0x0841, 0x0842, 0x5A47, 0x5268, 0x5288, 0x62C9,
    0x8329, 0x938A, 0x7B8B, 0x7BAD, 0x836C, 0x7B29, 0x7B09, 0x838B,
    0x9C2E, 0x940D, 0x940D, 0x9C2D, 0x940D, 0x8BED, 0x8BED, 0x940D,
    0x9C2D, 0x940D, 0x8BEC, 0x8BEC, 0x940D, 0x8BCC, 0x838B, 0x7B6B,
    0x83CC, 0x8C2E, 0x9CF1, 0xB572, 0xC572, 0xBD52, 0xBD73, 0xB573,
    0xBD73, 0xC592, 0xC592, 0xBD92, 0xBD72, 0xC572, 0xBD72, 0xBD52,
    0xBD31, 0xBD52, 0xBD73, 0xBD93, 0xBD72, 0xC572, 0xC592, 0xC592,
    0xBD72, 0xB531, 0xB531, 0xB551, 0xB552, 0xB531, 0xB510, 0xB510,
    0xB531, 0xB532, 0xB532, 0xAD32, 0xAD73, 0xB573, 0xAD52, 0xAD53,
    0xB573, 0xBD73, 0xBD72, 0xB571, 0xB551, 0xB531, 0xB531, 0xB530,
    0xAD30, 0xAD30, 0xAD10, 0xA510, 0xA50F, 0x9CEF, 0x9CAF, 0x9C6F,
    0x9450, 0x944F, 0x94AF, 0x8CD0, 0x844E, 0x8C2E, 0x940D, 0x8BEC,
    0x8BEC, 0x940C, 0x9C0B, 0x8BEB, 0x838A, 0x8349, 0x8308, 0x8308,
    0x8308, 0x9368, 0x8B48, 0x72E7, 0x6225, 0x6205, 0x6A46, 0x5A05,
    0x5A05, 0x59A5, 0x30E2, 0x1862, 0x0862, 0x1061, 0x0841, 0x0841,
    0x5AA9, 0x5248, 0x5A47, 0x72C8, 0x8349, 0x838A, 0x7BAC, 0x8BCD,
    0x93AD, 0x8B6C, 0x834C, 0x838C, 0x8C0D, 0x940D, 0x9C0D, 0x9C2D,
    0x9C4D, 0x9C4D, 0x9C2D, 0x9C2D, 0xA42D, 0x9C0C, 0x93EC, 0x9C0D,
    0xA44E, 0x9C4D, 0x83AB, 0x836B, 0x9C2E, 0xBD11, 0xCD92, 0xC591,
    0xBD31, 0xBD31, 0xC551, 0xBD51, 0xBD31, 0xBD31, 0xBD51, 0xBD51,
    0xBD31, 0xBD31, 0xB531, 0xBD51, 0xC551, 0xC551, 0xBD51, 0xBD30,
    0xBD31, 0xBD31, 0xB531, 0xBD31, 0xBD51, 0xBD51, 0xBD51, 0xC551,
    0xC550, 0xBD30, 0xBD51, 0xC551, 0xBD31, 0xAD11, 0xA4F1, 0xA4F1,
    0xAD11, 0xB553, 0xB552, 0xB552, 0xAD32, 0xB512, 0xAD31, 0xB550,
    0xAD31, 0xB531, 0xAD51, 0xA510, 0xA4CF, 0xA4CF, 0xAD10, 0xB551,
    0xAD10, 0xA4CF, 0x9C8E, 0x944F, 0x8C0F, 0x8BEF, 0x8C2F, 0x8C70,
    0x944F, 0x944F, 0x942D, 0x8BEB, 0x8BEB, 0x8BEB, 0x8BCA, 0x8BAA,
    0x8B8A, 0x8B69, 0x8328, 0x8308, 0x7AE7, 0x8B48, 0x8B48, 0x72C7,
    0x6226, 0x6205, 0x6A46, 0x59E4, 0x5A05, 0x59E6, 0x28E2, 0x1041,
    0x0862, 0x1061, 0x0841, 0x0841, 0x6267, 0x62A8, 0x62C8, 0x62C8,
    0x72E8, 0x834A, 0x8B6B, 0x938C, 0x93CD, 0x93ED, 0x93EE, 0x8BAE,
    0x8BCE, 0x940D, 0x9C2D, 0x9C0D, 0x9C0D, 0xA42E, 0xA44E, 0x9C2D,
    0x9C2D, 0xA44E, 0xB4AF, 0x942D, 0x7B8B, 0x8BED, 0xA46E, 0xB4D0,
    0xB4F1, 0xBCF1, 0xBCF1, 0xBD11, 0xBD31, 0xBD31, 0xBCF0, 0xBCCF,
    0xBCEF, 0xBD30, 0xBD31, 0xBD32, 0xBD31, 0xBD31, 0xC531, 0xBD51,
    0xBD31, 0xBD11, 0xBCF0, 0xBCEF, 0xBD0F, 0xBD30, 0xBD31, 0xBD31,
    0xBD51, 0xBD51, 0xC571, 0xC572, 0xC571, 0xC572, 0xC572, 0xBD51,
    0xB531, 0xB551, 0xAD31, 0xA511, 0xA4F1, 0xAD12, 0xB553, 0xB573,
    0xAD32, 0xAD11, 0xB510, 0xB511, 0xB511, 0xAD31, 0xAD30, 0xAD10,
    0xA4AF, 0xA4AF, 0xA4EF, 0xB530, 0xAD11, 0x9C8F, 0x9C6E, 0x944D,
    0x8C0E, 0x83CD, 0x83EE, 0x842F, 0x8C30, 0x842F, 0x840D, 0x942C,
    0x9C0C, 0x93EB, 0x8BCA, 0x8BAA, 0x8B6A, 0x8329, 0x8308, 0x7AE8,
    0x72A7, 0x8B28, 0x8B28, 0x6A86, 0x6225, 0x6A05, 0x6A46, 0x59C4,
    0x51E5, 0x51E6, 0x28E2, 0x1041, 0x0841, 0x1061, 0x0861, 0x0841,
    0x5A87, 0x5AA7, 0x6307, 0x7327, 0x7B29, 0x7B29, 0x832A, 0x834B,
    0x8B6B, 0x7B2A, 0x6A88, 0x6A48, 0x7ACA, 0x9BCD, 0xA46E, 0x9C4D,
    0x9C2D, 0x9C2D, 0x9C4D, 0x9C4E, 0xA42D, 0x93EC, 0x8BAB, 0x7B8B,
    0x83AC, 0x9C2F, 0x9C4F, 0x946F, 0x9CCE, 0xAD0E, 0xB50F, 0xBD31,
    0xBD31, 0xBD31, 0xC552, 0xC592, 0xC592, 0xBD51, 0xBD51, 0xBD51,
    0xBD71, 0xBD71, 0xBD71, 0xBD51, 0xBD31, 0xBD51, 0xC572, 0xC592,
    0xC572, 0xBD51, 0xBD51, 0xBD71, 0xC571, 0xBD51, 0xBD51, 0xC571,
    0xC551, 0xC572, 0xC572, 0xBD72, 0xBD52, 0xB512, 0xACD1, 0xA4F0,
    0xA510, 0xAD32, 0xB533, 0xB553, 0xB573, 0xB573, 0xB573, 0xB552,
    0xB552, 0xB531, 0xB530, 0xB550, 0xACD0, 0xA48F, 0xA4CF, 0xAD30,
    0xAD10, 0xA48F, 0xA4AD, 0x946C, 0x8C0D, 0x8BCF, 0x83EF, 0x7C0E,
    0x840E, 0x83EF, 0x83CF, 0x8C0D, 0x93CA, 0x93CA, 0x940B, 0x8BAA,
    0x8348, 0x7AE7, 0x7AE8, 0x7B08, 0x6AC7, 0x8327, 0x8307, 0x6A45,
    0x59E5, 0x61E5, 0x6A26, 0x6204, 0x59E4, 0x49A5, 0x28C2, 0x1041,
    0x0841, 0x1062, 0x0841, 0x0841, 0x5207, 0x5227, 0x6247, 0x6A88,
    0x72C9, 0x730A, 0x732A, 0x6AC9, 0x6267, 0x6A88, 0x72A9, 0x6A88,
    0x5A06, 0x6227, 0x6A8A, 0x7B0A, 0x93EC, 0x9C2D, 0x940D, 0x944E,
    0x8C4E, 0x83ED, 0x7B6B, 0x836C, 0x8BED, 0x9C8F, 0xA48F, 0xACB0,
    0xBCF1, 0xC550, 0xBD50, 0xB530, 0xBD11, 0xC572, 0xC592, 0xBD92,
    0xBD72, 0xC572, 0xC572, 0xBD51, 0xBD51, 0xC572, 0xC572, 0xBD51,
    0xBD31, 0xC572, 0xC5B3, 0xBD72, 0xBD72, 0xC572, 0xC572, 0xBD51,
    0xBD51, 0xBD51, 0xBD51, 0xC551, 0xC572, 0xC592, 0xC592, 0xC552,
    0xBD51, 0xBD51, 0xB531, 0xA4F1, 0x9CD0, 0xA511, 0xB572, 0xB573,
    0xB573, 0xAD54, 0xAD74, 0xAD74, 0xB573, 0xB552, 0xBD50, 0xBD30,
    0xACF0, 0xA4D0, 0xACF0, 0xACD0, 0xA48F, 0xA46E, 0xA48E, 0x946E,
    0x8C0F, 0x8C10, 0x8C31, 0x9470, 0x8C2F, 0x8BF1, 0x83F1, 0x8BCD,
    0x8BAA, 0x8BA9, 0x8BEB, 0x8B89, 0x8328, 0x7AE7, 0x7B08, 0x7AE8,
    0x72C7, 0x7B07, 0x82C7, 0x7246, 0x69E5, 0x59C5, 0x59E6, 0x6205,
    0x59E4, 0x4164, 0x28C2, 0x1061, 0x0842, 0x1041, 0x0841, 0x0841,
    0x6288, 0x62A8, 0x62A8, 0x6288, 0x6AC8, 0x7B09, 0x7B2A, 0x72E9,
    0x72A9, 0x7AEA, 0x72CA, 0x72C9, 0x7B29, 0x9BAB, 0x9BAB, 0x832A,
    0x7B2A, 0x838C, 0x83CE, 0x838D, 0x7B0B, 0x7ACA, 0x830B, 0x8BAE,
    0x8C2F, 0x940F, 0xA44E, 0xB4CF, 0xBD31, 0xBD51, 0xBD31, 0xBD50,
    0xBD51, 0xC572, 0xC592, 0xC572, 0xC572, 0xC5B2, 0xC5B3, 0xCDB3,
    0xC592, 0xC551, 0xBD51, 0xC571, 0xBD51, 0xC552, 0xC572, 0xC572,
    0xC592, 0xC592, 0xCDB3, 0xCDB3, 0xC592, 0xC571, 0xC551, 0xC572,
    0xC592, 0xC592, 0xC591, 0xBD71, 0xBD71, 0xBD71, 0xBD72, 0xB573,
    0xAD53, 0xAD32, 0xA511, 0xAD32, 0xB553, 0xB573, 0xB553, 0xB553,
    0xAD52, 0xB552, 0xB531, 0xACD0, 0xA4CF, 0xA50F, 0xAD30, 0xACD0,
    0xA48F, 0x9C8E, 0x9CAF, 0x946F, 0x83CF, 0x83D0, 0x8C11, 0x8C50,
    0x8C10, 0x83CF, 0x7BAD, 0x83AB, 0x8BEB, 0x93EB, 0x8BEB, 0x8389,
    0x8328, 0x82E7, 0x7B08, 0x7B08, 0x7AC7, 0x82E7, 0x7AC7, 0x7266,
    0x69E5, 0x59A5, 0x59E5, 0x6205, 0x59E4, 0x4144, 0x28C2, 0x1862,
    0x1062, 0x0861, 0x0841, 0x0841, 0x5A26, 0x6288, 0x72E9, 0x72C9,
    0x72C8, 0x72C8, 0x72E9, 0x6AC9, 0x72E9, 0x834B, 0x72C9, 0x6A88,
    0x7B08, 0x8BCA, 0x9C0C, 0x93CD, 0x940E, 0x940D, 0x93EC, 0x8BCC,
    0x93CC, 0x93AD, 0x834B, 0x732A, 0x7B8B, 0x9C2F, 0xA490, 0xA4AF,
    0xACAF, 0xB4F0, 0xBD31, 0xBD50, 0xBD30, 0xBD10, 0xBD31, 0xC592,
    0xC5B3, 0xBD71, 0xB4F0, 0xACAF, 0xB4F0, 0xBD51, 0xC572, 0xC531,
    0xB510, 0xB510, 0xBD51, 0xC593, 0xC5B2, 0xBD51, 0xB510, 0xB4F0,
    0xB4F0, 0xB4F0, 0xBD31, 0xBD51, 0xC551, 0xBD31, 0xBD31, 0xBD51,
    0xBD31, 0xC551, 0xC552, 0xBD51, 0xB551, 0xAD51, 0xAD11, 0xAD11,
    0xB552, 0xB573, 0xB552, 0xB531, 0xB551, 0xB550, 0xB550, 0xB530,
    0xACEF, 0xA4EF, 0xAD10, 0xAD10, 0xA510, 0xA4F0, 0xA4F0, 0x9470,
    0x83F0, 0x8410, 0x8C30, 0x8C2F, 0x8BD1, 0x83F0, 0x842D, 0x83EA,
    0x8BA9, 0x8B8A, 0x8BAA, 0x8B69, 0x8308, 0x7B08, 0x8328, 0x8309,
    0x7AC7, 0x82E8, 0x82E8, 0x7246, 0x61E5, 0x59E5, 0x59E5, 0x59E5,
    0x51C4, 0x4164, 0x30E2, 0x1882, 0x1042, 0x0841, 0x0841, 0x0841,
    0x6AA8, 0x6AE9, 0x6B09, 0x5A87, 0x5A68, 0x6AC9, 0x7B2A, 0x72E9,
    0x6AA8, 0x72C9, 0x6AA8, 0x7AE9, 0x8B8B, 0x83CD, 0x7BAD, 0x7B8B,
    0x93CB, 0xA42C, 0xA42D, 0xA40D, 0x9BEC, 0x9BEC, 0xA3CC, 0x938B,
    0x836A, 0x7B8C, 0x8C0E, 0x9C8F, 0xACF0, 0xC571, 0xC571, 0xBD11,
    0xB511, 0xBD31, 0xB531, 0xB532, 0xBD52, 0xC552, 0xBD31, 0xBD11,
    0xBD52, 0xC591, 0xC591, 0xC572, 0xB551, 0xB531, 0xBD31, 0xBD32,
    0xBD52, 0xBD31, 0xB4F0, 0xBD11, 0xC552, 0xC572, 0xBD51, 0xBD31,
    0xC551, 0xC571, 0xC551, 0xBD51, 0xC551, 0xC551, 0xBD71, 0xBD71,
    0xBD72, 0xBD52, 0xB531, 0xB531, 0xB552, 0xBD52, 0xB552, 0xB531,
    0xB552, 0xBD52, 0xB551, 0xB550, 0xAD30, 0xAD30, 0xAD30, 0xAD30,
    0xAD51, 0xA530, 0x9CCF, 0x946F, 0x9450, 0x8C30, 0x8430, 0x8450,
    0x8410, 0x940E, 0xA3EB, 0xA3EA, 0x93C9, 0x83A9, 0x8389, 0x8B49,
    0x8B29, 0x8328, 0x7B08, 0x7B08, 0x7AE8, 0x8308, 0x7AC7, 0x6A25,
    0x6A05, 0x6225, 0x6206, 0x59C4, 0x51A4, 0x4164, 0x3103, 0x1882,
    0x1042, 0x0841, 0x0841, 0x0841, 0x6246, 0x49C5, 0x3965, 0x4A07,
    0x72CA, 0x832A, 0x7B2A, 0x7B09, 0x7B0A, 0x836B, 0x7B2A, 0x7B0A,
    0x7B0A, 0x6AEA, 0x732B, 0x83AC, 0x93CC, 0x93CC, 0x93ED, 0xA44E,
    0xA42D, 0x93EC, 0x93CC, 0x9BED, 0x938B, 0x72A9, 0x7B4B, 0x942F,
    0x9C70, 0xACF0, 0xB530, 0xBD50, 0xB510, 0xB511, 0xBD51, 0xBD72,
    0xBD73, 0xBD73, 0xC593, 0xC5B2, 0xC5B2, 0xC551, 0xBCF0, 0xBD10,
    0xB531, 0xBD51, 0xBD51, 0xBD52, 0xC573, 0xC573, 0xC593, 0xC5B2,
    0xC5B2, 0xC591, 0xC571, 0xC551, 0xC571, 0xC571, 0xC572, 0xC572,
    0xC572, 0xBD51, 0xBD50, 0xBD72, 0xC572, 0xBD31, 0xA4D0, 0xA4D0,
    0xB531, 0xBD93, 0xBD74, 0xBD13, 0xB511, 0xB510, 0xB530, 0xB530,
    0xBD2F, 0xB52F, 0xA50F, 0x9CEF, 0xA510, 0xA532, 0xA511, 0x9C90,
    0x940F, 0x8BF0, 0x8C10, 0x842F, 0x8C2F, 0x93EC, 0x938A, 0x93C9,
    0x93EA, 0x8BCB, 0x8369, 0x8349, 0x8B49, 0x8348, 0x7B08, 0x7AC8,
    0x7AE7, 0x8308, 0x7AA7, 0x6A25, 0x6A25, 0x6A26, 0x6205, 0x59C4,
    0x51A4, 0x4164, 0x3103, 0x1882, 0x1041, 0x0841, 0x0841, 0x0841,
    0x51E6, 0x5A48, 0x72CA, 0x7309, 0x732A, 0x7B6B, 0x836A, 0x7B2A,
    0x72EA, 0x7309, 0x7B49, 0x838A, 0x83AC, 0x836C, 0x7B4B, 0x8B6C,
    0x8C0D, 0x8BEC, 0x834A, 0x7B6B, 0x9C0D, 0xB46E, 0xA42E, 0x9C0C,
    0x8BCB, 0x72C8, 0x6A89, 0x732D, 0x8C30, 0x94B1, 0xA4D0, 0xC552,
    0xC551, 0xBD51, 0xBD52, 0xB531, 0xB511, 0xB531, 0xC572, 0xC592,
    0xBD31, 0xBD10, 0xBD10, 0xC531, 0xC572, 0xBD72, 0xBD51, 0xB531,
    0xB531, 0xBD52, 0xC592, 0xC572, 0xC551, 0xC571, 0xC591, 0xC551,
    0xBCF0, 0xBD10, 0xBD30, 0xBD10, 0xBD30, 0xC550, 0xC571, 0xC572,
    0xC552, 0xB531, 0xA4AF, 0xA4AF, 0xA4D0, 0xAD11, 0xB512, 0xB512,
    0xBD32, 0xB531, 0xB531, 0xB530, 0xBD2F, 0xB52F, 0xA530, 0xA511,
    0xA511, 0xA4F2, 0xA4F2, 0x9CB1, 0x946F, 0x8C30, 0x840F, 0x8BEC,
    0x9C2D, 0xA3CB, 0x9B69, 0x9BC9, 0x9C0B, 0x940B, 0x8369, 0x8349,
    0x8B29, 0x7B08, 0x7AE7, 0x7AC7, 0x7AC7, 0x7AC7, 0x7287, 0x6A46,
    0x6A26, 0x6205, 0x51C4, 0x59C5, 0x51A5, 0x4164, 0x3103, 0x1882,
    0x1041, 0x0841, 0x0841, 0x0841, 0x6289, 0x730A, 0x838A, 0x7B29,
    0x6AC9, 0x72C9, 0x834A, 0x7B4A, 0x72E9, 0x7AE9, 0x8B6A, 0x8BAC,
    0x7B8C, 0x7B4B, 0x7B4A, 0x7B8B, 0x83CC, 0x83CC, 0x838B, 0x7B8A,
    0x83AA, 0x9C0D, 0xB44F, 0xB46F, 0x93EC, 0x6AC8, 0x6ACA, 0x838D,
    0x9C6F, 0xACF1, 0xB531, 0xBD72, 0xBD52, 0xBD52, 0xBD52, 0xBD51,
    0xB531, 0xB511, 0xBD32, 0xC572, 0xC572, 0xCDB3, 0xCDB3, 0xC572,
    0xBD31, 0xBD31, 0xBD52, 0xB531, 0xB511, 0xB531, 0xBD72, 0xC572,
    0xC552, 0xBD31, 0xBD30, 0xBD30, 0xBD31, 0xC531, 0xC531, 0xC551,
    0xC551, 0xC551, 0xC551, 0xC551, 0xBD31, 0xB531, 0xB511, 0xB551,
    0xBD72, 0xB532, 0xB532, 0xB532, 0xB552, 0xB552, 0xB551, 0xB551,
    0xB50F, 0xAD0F, 0xA510, 0xA531, 0xA511, 0xA4F1, 0x9CB0, 0x9490,
    0x9490, 0x942F, 0x940D, 0x942B, 0x9C2B, 0x9BEA, 0x9BCA, 0x9BEB,
    0x9C0B, 0x93EC, 0x8B8A, 0x8349, 0x8B29, 0x7B08, 0x7AE7, 0x7AC8,
    0x7AE7, 0x72A7, 0x7286, 0x7267, 0x6A45, 0x59E4, 0x5183, 0x59E5,
    0x51E5, 0x4143, 0x30E2, 0x1882, 0x0842, 0x0841, 0x0841, 0x0841,
    0x6268, 0x6AA8, 0x7B2A, 0x836B, 0x838C, 0x838C, 0x836A, 0x7B2A,
    0x7AE9, 0x8309, 0x8369, 0x83CB, 0x8BCD, 0x93CE, 0x93CC, 0x8BCC,
    0x83AB, 0x83AC, 0x8BAB, 0x738A, 0x736A, 0x83CC, 0xA44D, 0xA42C,
    0x838A, 0x6B09, 0x83CD, 0xAC90, 0xA48F, 0xACCF, 0xB4F0, 0xBD32,
    0xBD52, 0xBD52, 0xBD52, 0xBD32, 0xBD52, 0xBD73, 0xBD72, 0xC572,
    0xC572, 0xC592, 0xBD51, 0xBD31, 0xBD52, 0xBD73, 0xBD53, 0xBD32,
    0xBD52, 0xBD72, 0xBD72, 0xC572, 0xC572, 0xC593, 0xCDB3, 0xCDB3,
    0xCDB3, 0xC552, 0xBD31, 0xC551, 0xC571, 0xC551, 0xBD30, 0xBD51,
    0xC552, 0xBD31, 0xACF0, 0xACF0, 0xB532, 0xB553, 0xBD73, 0xB573,
    0xB552, 0xAD32, 0xB552, 0xB551, 0xBD30, 0xACEF, 0x9CD0, 0x94EF,
    0x9D0F, 0xA4F0, 0x9CD0, 0x94B0, 0x8CB1, 0x9470, 0x9C6E, 0xA46C,
    0x9C0A, 0x9BEB, 0x9C0C, 0x9C2C, 0x9C4C, 0x9C2C, 0x8BCB, 0x8B4A,
    0x8B29, 0x7B28, 0x7AE8, 0x72C8, 0x7AC7, 0x72C7, 0x7287, 0x6A46,
    0x6A46, 0x6A25, 0x59C4, 0x6206, 0x51E6, 0x3923, 0x28C1, 0x1861,
    0x1062, 0x0841, 0x0841, 0x0841, 0x6AC8, 0x6AC8, 0x6AC8, 0x5A88,
    0x6AC9, 0x7B4A, 0x838B, 0x838B, 0x832A, 0x7AE9, 0x8329, 0x8B6B,
    0x936C, 0x93AC, 0x8BCD, 0x940D, 0x942D, 0x9C2D, 0x940D, 0x7B6A,
    0x7B4A, 0x8B8B, 0x9C0B, 0x8BAA, 0x6B29, 0x6B2A, 0x8BCE, 0x9C31,
    0x9C6F, 0xB530, 0xBD72, 0xBD52, 0xB532, 0xBD52, 0xBD72, 0xBD52,
    0xBD52, 0xBD52, 0xBD72, 0xBD72, 0xBD72, 0xC571, 0xC552, 0xBD52,
    0xB531, 0xB531, 0xBD52, 0xBD52, 0xBD72, 0xBD72, 0xBD72, 0xBD72,
    0xBD72, 0xC572, 0xC572, 0xC572, 0xBD51, 0xBD51, 0xBD51, 0xBD51,
    0xBD51, 0xBD51, 0xC551, 0xBD51, 0xBD31, 0xBD31, 0xB510, 0xB531,
    0xB532, 0xB553, 0xB553, 0xB532, 0xAD32, 0xAD32, 0xAD52, 0xB551,
    0xB531, 0xA4CF, 0x948D, 0x94AD, 0x9CCF, 0xA4F0, 0xA4F0, 0x9CAF,
    0xA4AF, 0xA46D, 0xA46D, 0x9C2C, 0x9C0B, 0x9BEB, 0x9BEB, 0xA40C,
    0x9C0C, 0x8BCB, 0x83AA, 0x8B69, 0x8B49, 0x8348, 0x8328, 0x7AE8,
    0x7AE8, 0x7AE8, 0x7287, 0x6A26, 0x7246, 0x7267, 0x6246, 0x6206,
    0x51A5, 0x3923, 0x28C2, 0x1882, 0x1062, 0x0841, 0x0841, 0x0861,
    0x5A48, 0x5A68, 0x5A89, 0x5A89, 0x7B29, 0x93AA, 0x8BAB, 0x8BAC,
    0x836B, 0x7B2A, 0x7B09, 0x7B0A, 0x7B4B, 0x8B8B, 0x93CC, 0x940C,
    0x940C, 0x940C, 0x93ED, 0x8BCC, 0x93CB, 0x9BEB, 0x9C0C, 0x8B8B,
    0x7309, 0x6B2A, 0x83AD, 0xA450, 0xACD1, 0xB551, 0xB551, 0xB532,
    0xB532, 0xB531, 0xB510, 0xB531, 0xBD52, 0xBD52, 0xBD32, 0xBD31,
    0xBD31, 0xBD31, 0xBD52, 0xB551, 0xB531, 0xB511, 0xB511, 0xB531,
    0xBD52, 0xBD52, 0xBD31, 0xBD31, 0xC552, 0xC592, 0xC592, 0xC572,
    0xC572, 0xC571, 0xBD51, 0xBD51, 0xBD31, 0xBD51, 0xC551, 0xBD51,
    0xBD31, 0xBD31, 0xB511, 0xB511, 0xB511, 0xB531, 0xB573, 0xB573,
    0xB533, 0xB554, 0xAD93, 0xA550, 0x9C8E, 0x9BED, 0x93EC, 0xA46E,
    0xACCF, 0xACD0, 0xA48F, 0xA48F, 0x9C8F, 0x9C6D, 0x9C2C, 0x9C0C,
    0x9C2C, 0x9C2C, 0x9C0B, 0xA42C, 0x93EB, 0x83AA, 0x8B8A, 0x8B69,
    0x8B48, 0x8368, 0x8329, 0x8309, 0x82E8, 0x7AC8, 0x72A7, 0x6286,
    0x5A44, 0x62A5, 0x6AE7, 0x5A26, 0x4964, 0x3923, 0x28C2, 0x18A2,
    0x1062, 0x0861, 0x0841, 0x0841, 0x62C9, 0x62A9, 0x6289, 0x5A67,
    0x7AE8, 0x8B8A, 0x838A, 0x83CC, 0x8BCD, 0x93AC, 0x93AC, 0x8BAC,
    0x838C, 0x8BAC, 0x93CC, 0x9C0D, 0x9C2E, 0x9C2E, 0x9C0D, 0x93CC,
    0x93CC, 0x83CC, 0x838B, 0x7B29, 0x7B29, 0x8C0F, 0x9CB2, 0xA4D1,
    0xAC6F, 0xACB0, 0xACF0, 0xB530, 0xBD31, 0xBD52, 0xB532, 0xB511,
    0xB531, 0xBD52, 0xBD52, 0xB531, 0xB531, 0xBD31, 0xBD31, 0xB531,
    0xB531, 0xBD31, 0xB531, 0xB531, 0xBD31, 0xBD31, 0xBD31, 0xBD32,
    0xBD31, 0xB511, 0xB531, 0xBD31, 0xB531, 0xB531, 0xBD31, 0xBD51,
    0xBD71, 0xBD71, 0xC551, 0xBD51, 0xBD51, 0xB531, 0xACF0, 0xAD10,
    0xB551, 0xBD72, 0xB530, 0xACEF, 0xAD10, 0xAD71, 0xAD70, 0xA4AD,
    0x9BEC, 0x93ED, 0x9C4E, 0xACAF, 0xACCF, 0xAC8E, 0x9C4D, 0x9C4D,
    0xA4AE, 0xA48D, 0xA46D, 0xA46D, 0xA44D, 0xA44C, 0xA44C, 0xA42C,
    0x93EB, 0x8BCA, 0x8BAA, 0x9369, 0x8B49, 0x8368, 0x8348, 0x8308,
    0x82E8, 0x7AC8, 0x72A7, 0x6A86, 0x5A44, 0x62A5, 0x72E7, 0x5205,
    0x4143, 0x3902, 0x28E2, 0x18A2, 0x0861, 0x0841, 0x0841, 0x0861,
    0x6247, 0x6AA7, 0x6B28, 0x6329, 0x6B09, 0x7B29, 0x8B6A, 0x938C,
    0x938C, 0x938C, 0x9BED, 0xA42E, 0x9C2D, 0x9C0D, 0x9C0D, 0x9BEC,
    0x9BED, 0x940D, 0x8BEC, 0x8BAB, 0x93AB, 0x8BCB, 0x7B69, 0x6B29,
    0x6B2C, 0x83CF, 0x9C70, 0xA4D0, 0xACAF, 0xACD0, 0xAD10, 0xB511,
    0xB510, 0xB530, 0xB531, 0xB531, 0xB531, 0xBD51, 0xB551, 0xBD51,
    0xCD92, 0xD5B2, 0xC571, 0xB510, 0xB4F0, 0xB510, 0xB531, 0xB531,
    0xBD51, 0xBD52, 0xBD72, 0xB552, 0xBD51, 0xBD51, 0xBD31, 0xBD31,
    0xBD51, 0xC572, 0xC572, 0xBD52, 0xBD51, 0xBD71, 0xC592, 0xC592,
    0xBD51, 0xACF0, 0xA48F, 0xA48F, 0xACF0, 0xB531, 0xB531, 0xACF1,
    0xACF0, 0xAD10, 0xACF0, 0xA48F, 0x9BEC, 0x940C, 0xA4AF, 0xA48E,
    0x9C8D, 0xA48E, 0xA48D, 0xA48D, 0xA46D, 0xA48D, 0xAC8D, 0xA48D,
    0xA46D, 0x9C4D, 0xA42C, 0xA42D, 0xA42C, 0x940B, 0x8BCA, 0x8B69,
    0x8B48, 0x8348, 0x8349, 0x8329, 0x8308, 0x7AC8, 0x7287, 0x6AA6,
    0x6265, 0x6285, 0x6A86, 0x5A05, 0x4984, 0x3903, 0x30E2, 0x18A2,
    0x0841, 0x0861, 0x0861, 0x0841, 0x6288, 0x5A47, 0x5267, 0x6B28,
    0x7B48, 0x8349, 0x8B4A, 0x8B4B, 0x8B6C, 0x93AC, 0x93CB, 0x93EC,
    0x940D, 0x9C2E, 0x9C0D, 0x9BEC, 0x93CC, 0x8B8B, 0x836B, 0x8B6B,
    0x8BCB, 0x8BCB, 0x7B29, 0x7B6C, 0x8C10, 0x9C70, 0xA490, 0xACB0,
    0xB511, 0xBD11, 0xB511, 0xB511, 0xB511, 0xB510, 0xB510, 0xBD31,
    0xBD31, 0xBD10, 0xBD10, 0xC530, 0xC551, 0xBD31, 0xB511, 0xB511,
    0xB510, 0xB511, 0xBD11, 0xBD31, 0xBD30, 0xBD10, 0xBD10, 0xBD30,
    0xC572, 0xCD93, 0xCD92, 0xCD92, 0xC591, 0xBD71, 0xBD71, 0xBD52,
    0xB531, 0xB511, 0xB510, 0xBD31, 0xB531, 0xAD10, 0xACEF, 0xACF0,
    0xB531, 0xB531, 0xB551, 0xB552, 0xB551, 0xAD30, 0xA4D0, 0x9CAF,
    0x9C6E, 0xA46E, 0xA48E, 0x9C6D, 0x9C8D, 0xA4AE, 0xACEE, 0xACAE,
    0xAC6D, 0xA46D, 0xA46C, 0xA44C, 0xA44D, 0xA44D, 0xA44D, 0xA42D,
    0x9C2C, 0x940B, 0x93CA, 0x8B69, 0x8B48, 0x8348, 0x8348, 0x8308,
    0x82E8, 0x7AC7, 0x72C7, 0x72C7, 0x6285, 0x6285, 0x6266, 0x5A06,
    0x4985, 0x3923, 0x3103, 0x1882, 0x0841, 0x0861, 0x0861, 0x0841,
    0x6288, 0x5A47, 0x5A07, 0x6A68, 0x72A8, 0x72E8, 0x7B0A, 0x7B2C,
    0x836C, 0x93CC, 0xA44C, 0xA44C, 0x9C2D, 0x9C2D, 0x9C2D, 0x9C2D,
    0x9C2D, 0x9C2D, 0x9C2D, 0x93CC, 0x8BAB, 0x83CB, 0x8BAB, 0x93ED,
    0x9C30, 0x9C90, 0x9C6E, 0xA46E, 0xB4EF, 0xB510, 0xB511, 0xB510,
    0xB510, 0xBD31, 0xBD31, 0xBD31, 0xBD31, 0xBD30, 0xBD31, 0xBD10,
    0xB4EF, 0xB50F, 0xB510, 0xB511, 0xB510, 0xBD10, 0xBD31, 0xBD31,
    0xBD31, 0xBD30, 0xB530, 0xBD30, 0xBD30, 0xC531, 0xC531, 0xBD31,
    0xB510, 0xB4D0, 0xB4F1, 0xB531, 0xB531, 0xB510, 0xB4F0, 0xACD0,
    0xACF0, 0xB510, 0xB530, 0xB530, 0xB510, 0xACEF, 0xAD30, 0xAD51,
    0xAD31, 0xB552, 0xB531, 0x9CAF, 0x8C2D, 0x8C4D, 0x9CD0, 0xA490,
    0xA490, 0xA4D0, 0xACCF, 0xAC8E, 0xAC8D, 0xA48D, 0xA46D, 0xA44D,
    0xA44D, 0xA46D, 0xA44D, 0xA42C, 0x940B, 0x8BEA, 0x93AA, 0x9389,
    0x8B68, 0x8348, 0x8328, 0x8308, 0x82E8, 0x7AC8, 0x7AC7, 0x72C7,
    0x6A86, 0x6285, 0x6266, 0x5205, 0x4984, 0x3923, 0x30E3, 0x18A2,
    0x0841, 0x0861, 0x0841, 0x0841, 0x6A88, 0x6AA8, 0x6AC8, 0x62C8,
    0x6AA8, 0x72E9, 0x832A, 0x7B2A, 0x72A9, 0x7288, 0x7AEA, 0x93CC,
    0xAC6D, 0xAC6E, 0xA42E, 0x9BED, 0x93EC, 0x93EC, 0x93EC, 0x8B8B,
    0x8BAB, 0x9BED, 0x9C4E, 0x942F, 0x942E, 0xA48E, 0x9C4C, 0x9C0C,
    0xAC8E, 0xBD11, 0xBD52, 0xB531, 0xB531, 0xBD51, 0xBD51, 0xB531,
    0xB531, 0xBD52, 0xBD51, 0xBD10, 0xBCEF, 0xBD10, 0xB531, 0xB531,
    0xBD51, 0xBD52, 0xB551, 0xB531, 0xBD31, 0xBD51, 0xBD51, 0xBD31,
    0xBD10, 0xB4EF, 0xB4EF, 0xB4EF, 0xB510, 0xB511, 0xB511, 0xBD31,
    0xB531, 0xB511, 0xB510, 0xBD11, 0xBD11, 0xBD11, 0xBD10, 0xB4F0,
    0xACCF, 0xA4CF, 0xACCF, 0xA4F0, 0xA4F0, 0xA4F0, 0xACCF, 0xACD0,
    0xA4D1, 0x9CB1, 0x9C90, 0x948F, 0x948F, 0x9C90, 0x9CAF, 0x9CAE,
    0xA48E, 0xA46D, 0xA46D, 0xA46D, 0xA44D, 0xA44C, 0xA42C, 0xA42B,
    0x940B, 0x8C0B, 0x8BEA, 0x8B89, 0x8B48, 0x8348, 0x7B07, 0x82E7,
    0x82E8, 0x82C8, 0x7AC7, 0x6AC6, 0x6AA6, 0x6A85, 0x6245, 0x51C4,
    0x4964, 0x3943, 0x3103, 0x1882, 0x0841, 0x0841, 0x0841, 0x0861,
    0x6247, 0x6287, 0x6AC9, 0x72E9, 0x7AE9, 0x7AC8, 0x72E8, 0x7B09,
    0x832A, 0x834A, 0x6AA8, 0x72C9, 0x9BED, 0xA44E, 0xA44D, 0x9C2D,
    0xA42D, 0xA42D, 0xA42D, 0x9BEC, 0x9BEC, 0x93EC, 0x8BEC, 0x940D,
    0x9C4E, 0xA48F, 0xA46F, 0xA42E, 0xAC6E, 0xB4CF, 0xBD10, 0xB4F0,
    0xB4F1, 0xB511, 0xB511, 0xBD31, 0xB511, 0xB511, 0xB4EF, 0xB4EE,
    0xBD0F, 0xB511, 0xB511, 0xB4F0, 0xB4F1, 0xB511, 0xBD11, 0xBD31,
    0xB511, 0xB4F0, 0xB4EF, 0xBCEF, 0xBCEF, 0xB4ED, 0xB50E, 0xB510,
    0xBD31, 0xBD31, 0xBD31, 0xB531, 0xB531, 0xBD31, 0xBD31, 0xBD30,
    0xBD10, 0xBD10, 0xBD30, 0xB510, 0xACCF, 0xACEF, 0xACD0, 0xACD0,
    0xACD0, 0xB531, 0xB551, 0xACF0, 0xACF0, 0xAD11, 0x9CF0, 0x94AF,
    0x948E, 0x948E, 0x94B0, 0x9CD0, 0xA4B0, 0xA4AE, 0xA46D, 0xA46D,
    0xA44C, 0x9C2C, 0x9C2C, 0x9C0B, 0x93EA, 0x8BEA, 0x8BEA, 0x8BA9,
    0x9368, 0x8B48, 0x7AE8, 0x7AC7, 0x82E8, 0x82E8, 0x72C7, 0x6AA6,
    0x6AA6, 0x6A86, 0x6225, 0x4984, 0x4143, 0x4143, 0x30E3, 0x1882,
    0x0841, 0x1041, 0x0841, 0x0841, 0x6288, 0x72C9, 0x7B29, 0x6AE8,
    0x62A8, 0x62A8, 0x730A, 0x834B, 0x8309, 0x72C8, 0x6A88, 0x834A,
    0xA46D, 0xA44C, 0x9BEB, 0xA40D, 0xAC4E, 0xAC6E, 0x9C0D, 0x93CC,
    0x93AB, 0x93CB, 0x9C0D, 0xA44E, 0xAC8E, 0xA44D, 0xA44E, 0xACAF,
    0xBD11, 0xB4F0, 0xACAF, 0xB4CF, 0xBD10, 0xB511, 0xACD0, 0xB4D0,
    0xB4F0, 0xBD10, 0xB4EE, 0xBCEF, 0xBD11, 0xB4F0, 0xACEF, 0xB4EF,
    0xBD11, 0xB4F1, 0xACD0, 0xB4F0, 0xB4F0, 0xBD0F, 0xB4CF, 0xB4EF,
    0xB4EF, 0xB4EE, 0xBD10, 0xBD32, 0xBD31, 0xBD11, 0xBD11, 0xBD31,
    0xBD31, 0xBD31, 0xBD31, 0xB50F, 0xB50F, 0xBD30, 0xBD50, 0xB510,
    0xACEF, 0xACEF, 0xACCF, 0xACCF, 0xACEF, 0xB510, 0xB531, 0xBD11,
    0xACF0, 0x9CCF, 0x94CF, 0x94CF, 0x9CCF, 0x9CCF, 0x9CD0, 0xA4D1,
    0xA4F0, 0xA4AF, 0xA46D, 0xA44C, 0x9C2C, 0xA42C, 0xA42C, 0x9BEB,
    0x93EA, 0x8BEA, 0x93EB, 0x93AA, 0x8B68, 0x8327, 0x7AC7, 0x7AC8,
    0x82E8, 0x7AE8, 0x72C7, 0x6AA5, 0x72C6, 0x6A86, 0x59E5, 0x4964,
    0x4143, 0x3923, 0x28C2, 0x1882, 0x0841, 0x1061, 0x0861, 0x0841,
    0x6A87, 0x5A26, 0x49C5, 0x41C6, 0x5A68, 0x7AEA, 0x82EA, 0x7AC9,
    0x72C9, 0x734A, 0x8BCC, 0x9C2C, 0x9C0C, 0x93CC, 0x9BEE, 0xA46E,
    0xA44D, 0x9C2D, 0x93ED, 0x93CC, 0x93CB, 0x93CB, 0x93CC, 0x9C0D,
    0xA44E, 0xA46E, 0xACAF, 0xACAF, 0xAC8E, 0xA46E, 0xA48F, 0xACD0,
    0xB4F0, 0xB511, 0xB531, 0xB511, 0xB511, 0xBD30, 0xB4EF, 0xB4CF,
    0xACF0, 0xACCF, 0xACAF, 0xACD0, 0xB511, 0xB531, 0xB531, 0xB511,
    0xB531, 0xBD10, 0xB4CF, 0xB4CE, 0xB4EE, 0xBD0F, 0xBD11, 0xBD12,
    0xBD31, 0xBD32, 0xBD31, 0xBD31, 0xBD31, 0xBD31, 0xBD31, 0xBD31,
    0xBD31, 0xBD31, 0xBD30, 0xB530, 0xB50F, 0xB4EF, 0xB4CE, 0xACEF,
    0xACEE, 0xACEE, 0xB50F, 0xB4EF, 0xAD0F, 0xA510, 0xA4F2, 0x9CF1,
    0x9CD0, 0x9CD0, 0xA4F0, 0xA52F, 0xA50F, 0xA48D, 0xA42C, 0x9C2C,
    0x9C0C, 0x9C2C, 0xA42B, 0xA40B, 0x940B, 0x93EA, 0x93EB, 0x93A9,
    0x8B48, 0x7B07, 0x7AE7, 0x8308, 0x8308, 0x7AC8, 0x7287, 0x6A86,
    0x72A6, 0x6A85, 0x5A05, 0x51A5, 0x4944, 0x3102, 0x28C2, 0x1862,
    0x0841, 0x1061, 0x1041, 0x0841, 0x5A06, 0x5207, 0x6249, 0x72C9,
    0x7B29, 0x7B49, 0x7B4B, 0x8BAE, 0x93EF, 0x9C0D, 0x9BEB, 0x9BCC,
    0x9BEE, 0xA42E, 0xA46E, 0xA48F, 0xA44D, 0x9C0C, 0x9BEC, 0xA42E,
    0xA44E, 0x9C2D, 0x942D, 0x9C4E, 0xA46F, 0xA46E, 0xA44E, 0xA44E,
    0xAC8F, 0xACCF, 0xACCF, 0xACD0, 0xACAF, 0xAC8E, 0xACAF, 0xACAF,
    0xB4EF, 0xBD4F, 0xB4F0, 0xB4B0, 0xB4B0, 0xACD0, 0xACF0, 0xA4AF,
    0xAC8E, 0xAC8E, 0xACAF, 0xB4CF, 0xB4EF, 0xBD30, 0xBCF0, 0xB4EF,
    0xB4EE, 0xBCEF, 0xBCF1, 0xBD31, 0xBD51, 0xBD31, 0xB4F1, 0xB511,
    0xBD32, 0xBD52, 0xBD32, 0xBD31, 0xBD11, 0xBD10, 0xBD0F, 0xB510,
    0xB4EF, 0xAC8E, 0xAC8D, 0xB4CE, 0xB4EF, 0xB4EF, 0xB4CF, 0xB4EF,
    0xA4EE, 0x9CEF, 0xA510, 0xA4D0, 0x9CB0, 0x9CD0, 0xA50F, 0xAD2F,
    0xA4CF, 0xA46E, 0xA46D, 0xA48C, 0xA46C, 0xA42C, 0x9BEB, 0xA42C,
    0x9C2C, 0x940B, 0x93AA, 0x8B69, 0x8348, 0x8328, 0x8328, 0x8308,
    0x8308, 0x72A6, 0x6A66, 0x7286, 0x6A45, 0x6A45, 0x6225, 0x61E6,
    0x4964, 0x30E2, 0x28A2, 0x1882, 0x0841, 0x1061, 0x0841, 0x0841,
    0x6A89, 0x7B0A, 0x8B6A, 0x7308, 0x72E9, 0x7B0B, 0x8B8C, 0x9BED,
    0x93EC, 0x83AB, 0x8BCC, 0x9BED, 0x9C0D, 0x9C0D, 0x9C4D, 0xA46E,
    0xAC6E, 0xA42D, 0x93ED, 0x9C2E, 0x9C4F, 0x9C6E, 0xA48F, 0xA48F,
    0xA48E, 0xAC8E, 0xAC8F, 0xAC8E, 0xACAF, 0xAC8E, 0xACAF, 0xACD0,
    0xB4F0, 0xB4EF, 0xB4CF, 0xACAE, 0xB4CF, 0xBD0F, 0xAC6E, 0xA44D,
    0xACAE, 0xACAF, 0xACD0, 0xB4D0, 0xBCF0, 0xB4CF, 0xACAE, 0xB4AE,
    0xB4CF, 0xBCEF, 0xB4CF, 0xB4CE, 0xB4EF, 0xBD11, 0xBD32, 0xBD32,
    0xBD11, 0xBD11, 0xBD11, 0xBD31, 0xBD31, 0xB510, 0xBD10, 0xBCF0,
    0xB4CF, 0xB4CF, 0xB4EF, 0xB4CF, 0xACAE, 0xAC8E, 0xACAE, 0xB4CF,
    0xB4CF, 0xB4EF, 0xB50F, 0xB510, 0xB550, 0xAD70, 0xAD70, 0xAD30,
    0xAD51, 0xB5B1, 0xAD4F, 0xA4AE, 0xA46D, 0xA4AE, 0xA4AE, 0x9C4D,
    0xA42C, 0xA40B, 0xA40B, 0xA42B, 0x9C2B, 0x940B, 0x93A9, 0x8B89,
    0x8B89, 0x8B68, 0x8348, 0x7B07, 0x7AC7, 0x6A86, 0x6A86, 0x72C7,
    0x6A86, 0x6245, 0x5A05, 0x59C6, 0x5165, 0x3102, 0x28C2, 0x1882,
    0x0841, 0x1061, 0x0861, 0x0841, 0x5246, 0x6AE9, 0x83AC, 0x8B6C,
    0x93CD, 0xA44E, 0xA44D, 0x9C2D, 0x8BCD, 0x836C, 0x8B8C, 0x93CB,
    0x8BCB, 0x93CC, 0x9C0C, 0xA46D, 0xA46E, 0xA46E, 0xA44E, 0x9C2E,
    0x9C2D, 0x9C4D, 0x944D, 0x9C4D, 0x9C4D, 0xAC6E, 0xB4D0, 0xB511,
    0xB4F0, 0xACD0, 0xACAF, 0xACCF, 0xACCF, 0xACCF, 0xB4AF, 0xB4AF,
    0xB4AF, 0xB48E, 0xA44D, 0xAC6D, 0xB4AF, 0xACCF, 0xACD0, 0xA4CF,
    0xACCF, 0xB4CF, 0xB4AF, 0xB4AF, 0xAC8E, 0xAC8E, 0xB4AF, 0xBCCF,
    0xBCCF, 0xBCEF, 0xB4EF, 0xB4F0, 0xB4F0, 0xBD31, 0xBD31, 0xBD10,
    0xBCF0, 0xB4F0, 0xB4CF, 0xBCCF, 0xBCCF, 0xB4CF, 0xB4CF, 0xACCF,
    0xACAE, 0xACAE, 0xB4CF, 0xB4CF, 0xACCF, 0xACCF, 0xB50F, 0xB530,
    0xB571, 0xBD91, 0xBD91, 0xB592, 0xB5B1, 0xBD91, 0xACAE, 0xA44C,
    0x9C6C, 0x9CAE, 0x944E, 0x8BCB, 0x93EB, 0xA42C, 0xA44C, 0xA42B,
    0xA40B, 0x9BEB, 0x93CA, 0x8B89, 0x8B89, 0x8B68, 0x8327, 0x7AC7,
    0x7AC7, 0x6A86, 0x6A86, 0x72C7, 0x7AA7, 0x6A45, 0x49C4, 0x51C4,
    0x51A5, 0x3924, 0x28C2, 0x1061, 0x0841, 0x1061, 0x0861, 0x0841,
    0x6248, 0x51E6, 0x49C5, 0x5206, 0x6288, 0x6288, 0x5A26, 0x6A88,
    0x834B, 0x93EE, 0xA44F, 0xA44E, 0xA44E, 0x9C2D, 0x9C0C, 0xA44D,
    0xAC8E, 0xAC8F, 0xA44F, 0x9C2E, 0x9C2E, 0x9C4E, 0x9C6F, 0xA46E,
    0xAC8E, 0xA46E, 0xA46E, 0xA46D, 0xAC8E, 0xACCF, 0xB4D0, 0xACB0,
    0xACB0, 0xB4B0, 0xAC8F, 0xAC8E, 0xAC8E, 0xB4AE, 0xAC8E, 0xAC8E,
    0xB4AF, 0xACCF, 0xACCF, 0xACB0, 0xB4B0, 0xACAF, 0xAC8E, 0xAC6E,
    0xAC8E, 0xB4AE, 0xB4CF, 0xB4EF, 0xB4CF, 0xB48E, 0xBCAF, 0xBCEF,
    0xB4EF, 0xBCF0, 0xBCCF, 0xB48F, 0xB4AF, 0xBCCF, 0xBCCF, 0xB4CF,
    0xBCEF, 0xBCEF, 0xB4AF, 0xACAE, 0xACAE, 0xACAE, 0xACCF, 0xB4EF,
    0xBD10, 0xB510, 0xB4EF, 0xB4EF, 0xBD10, 0xB530, 0xB530, 0xB571,
    0xBD51, 0xB4AE, 0x9C4D, 0x944C, 0x946D, 0x942E, 0x8C0D, 0x93EC,
    0x93EB, 0x9C0B, 0xA42C, 0xA42B, 0x9C0B, 0x93CB, 0x93CA, 0x8BA9,
    0x8B89, 0x8347, 0x7B07, 0x7AC7, 0x7AC8, 0x72A6, 0x6A86, 0x72A7,
    0x7AA7, 0x6A45, 0x49C4, 0x59E5, 0x59C5, 0x4124, 0x20A2, 0x1041,
    0x1041, 0x1061, 0x0841, 0x0841, 0x730A, 0x7309, 0x72E9, 0x6AA8,
    0x6288, 0x5A46, 0x5226, 0x5A26, 0x5A06, 0x51E6, 0x51C5, 0x72A9,
    0x93CE, 0x93EE, 0x8BCD, 0x8BEC, 0x93EC, 0x9C2D, 0xA46E, 0xA46E,
    0xA44E, 0xA44E, 0x9C4F, 0x9C4E, 0x9C4E, 0x9C4D, 0x9C2D, 0x9C2E,
    0x9C4E, 0xA48E, 0xAC8F, 0xA48E, 0xA44D, 0xA42C, 0xA44D, 0xACAE,
    0xB4AE, 0xAC6D, 0xAC6E, 0xAC8F, 0xACAF, 0xA48F, 0xAC8F, 0xAC8E,
    0xA42C, 0xA42D, 0xA46E, 0xB4CF, 0xAC8E, 0xAC6D, 0xAC6E, 0xB48E,
    0xB48E, 0xB48E, 0xB48E, 0xB48E, 0xB4AF, 0xBCEF, 0xBD10, 0xBCF0,
    0xBCCF, 0xBCCF, 0xBCF0, 0xBCF0, 0xB4EF, 0xB4EF, 0xB4EF, 0xB4CF,
    0xB4AF, 0xB4CF, 0xB4CF, 0xB4AF, 0xB4AF, 0xACCF, 0xB4EF, 0xB510,
    0xBD0F, 0xB4EF, 0xACAF, 0xB50F, 0xACEE, 0x9C2B, 0x940C, 0x942E,
    0x9C6E, 0x942D, 0x942D, 0x9C4D, 0x9C0C, 0x9BEB, 0x9BEB, 0x9C0B,
    0x9BEB, 0x93CB, 0x8B88, 0x8B88, 0x8B88, 0x8327, 0x7B07, 0x7AE7,
    0x8308, 0x72A6, 0x6A86, 0x7286, 0x72A6, 0x6246, 0x49A4, 0x59E5,
    0x59C5, 0x4123, 0x2082, 0x1042, 0x1062, 0x1041, 0x0841, 0x0842,
    0x6288, 0x6AA8, 0x72C9, 0x72C8, 0x6AC8, 0x730A, 0x836D, 0x832C,
    0x7AEA, 0x7289, 0x4964, 0x4164, 0x72AA, 0x8BAE, 0x940D, 0x8BEB,
    0x9C2D, 0xAC6F, 0xA48F, 0xA46F, 0x9C4E, 0x940D, 0x940D, 0x940D,
    0x942D, 0x942D, 0x9C2D, 0x9C2D, 0x942D, 0x940E, 0x9C0E, 0xA46E,
    0xA44D, 0xA44D, 0xAC6E, 0xB4CF, 0xB4CF, 0xAC6E, 0xA42E, 0x9C0E,
    0x9C2E, 0x940D, 0x9C4E, 0xA46D, 0xA44D, 0xA44D, 0xB4AF, 0xB4CF,
    0xACAE, 0xAC6E, 0xAC8E, 0xB48E, 0xB48E, 0xB48E, 0xB48E, 0xB48E,
    0xBCEF, 0xBD0F, 0xBD0F, 0xBCEF, 0xBCEF, 0xBCEF, 0xBCF0, 0xBCF0,
    0xB4F0, 0xB4F0, 0xBCEF, 0xB4EF, 0xB4CF, 0xB4AF, 0xB4AF, 0xB4EF,
    0xB4CF, 0xACCF, 0xB4EF, 0xB50F, 0xB510, 0xB510, 0xB4CF, 0xA46C,
    0x940A, 0x8BAB, 0x8BCD, 0x942E, 0x9C8E, 0x9C6E, 0x944D, 0x942C,
    0x940B, 0x93CA, 0x93AA, 0x9BEB, 0x9C0C, 0x93CA, 0x8388, 0x8B87,
    0x8B88, 0x8347, 0x8307, 0x7AE7, 0x7AC6, 0x72C6, 0x72A6, 0x6A86,
    0x6A66, 0x6225, 0x49C4, 0x59E5, 0x51A4, 0x4102, 0x2061, 0x0841,
    0x1082, 0x1061, 0x0841, 0x0842, 0x6288, 0x6AE9, 0x7309, 0x62A8,
    0x6288, 0x72E9, 0x836A, 0x838B, 0x834A, 0x7B0A, 0x6A48, 0x6207,
    0x6A67, 0x7B4A, 0x9C2E, 0xACD1, 0xBD11, 0xACCF, 0x9C4E, 0x9C4D,
    0xAC8E, 0xACAF, 0xA46E, 0xA46E, 0xA46E, 0xA46E, 0xA46E, 0xA48F,
    0xACB0, 0xACAF, 0xA46E, 0x93CD, 0x938D, 0x93AC, 0x9BEC, 0xAC8E,
    0xBCEF, 0xB4EF, 0xA44D, 0x9C2D, 0xA46E, 0xA48F, 0xA44F, 0x93AE,
    0x938D, 0x93AC, 0xA42C, 0xB4AE, 0xBCEF, 0xB4EF, 0xB4AE, 0xB48E,
    0xB48E, 0xAC6E, 0xAC8E, 0xACAE, 0xB4AE, 0xB4AF, 0xBCCF, 0xBCEF,
    0xB4EF, 0xBCEF, 0xBD10, 0xBCEF, 0xB4CF, 0xB4CF, 0xB4CF, 0xB4EF,
    0xB4EF, 0xACAE, 0xACAE, 0xB4CF, 0xB4EF, 0xB50F, 0xB50F, 0xB4EF,
    0xB4D0, 0xB4F0, 0xB50E, 0x9C6B, 0x8BAB, 0x836D, 0x8BED, 0x9C6D,
    0x9C8E, 0x9C4E, 0x9C2D, 0x942C, 0x940B, 0x93CA, 0x93CA, 0x9C0C,
    0x9C0B, 0x93CA, 0x8B88, 0x8B87, 0x8B87, 0x8B67, 0x8327, 0x7AE7,
    0x72A6, 0x72C7, 0x72A6, 0x6A85, 0x6A45, 0x5A25, 0x51C4, 0x51C5,
    0x51A4, 0x3902, 0x2061, 0x1041, 0x1062, 0x1061, 0x0841, 0x0842,
    0x6267, 0x6268, 0x6A89, 0x72EA, 0x7B0A, 0x7AEA, 0x72EA, 0x732A,
    0x7B6A, 0x7B6A, 0x7B49, 0x7B09, 0x7B2A, 0x8BCE, 0x9C70, 0xA46F,
    0x9C0D, 0x9C0D, 0x9C4D, 0x944D, 0x9C4D, 0xA46E, 0xA46E, 0xA46E,
    0xA46E, 0xA46E, 0xAC8F, 0xACD0, 0xACD0, 0xACCF, 0xA48D, 0xA44D,
    0xA48E, 0xACAE, 0xAC8D, 0xAC8E, 0xAC8E, 0xAC8E, 0xA44D, 0xA46D,
    0xACAF, 0xACCF, 0xA48D, 0xA44C, 0xAC8E, 0xACAE, 0xAC8D, 0xAC6E,
    0xAC8E, 0xB4AE, 0xB4AE, 0xB4AE, 0xAC6D, 0xA46D, 0xAC8E, 0xB4AF,
    0xB4AF, 0xB48E, 0xB48E, 0xB4AF, 0xB4CF, 0xB4F0, 0xBCF0, 0xB4EF,
    0xBCF0, 0xBCF0, 0xB4CF, 0xAC8D, 0xA46D, 0xACAE, 0xACCF, 0xACAF,
    0xACCF, 0xACCE, 0xACCE, 0xA4CF, 0xACF0, 0xB4EF, 0xACCC, 0x940A,
    0x8BAA, 0x83CD, 0x944D, 0x9C8D, 0x9C4E, 0x944D, 0x942D, 0x942C,
    0x940B, 0x940B, 0x940B, 0x940B, 0x8BAB, 0x8B6A, 0x8B69, 0x8B87,
    0x8B87, 0x8B67, 0x8327, 0x8308, 0x7AE7, 0x7B07, 0x7AC7, 0x7286,
    0x6A45, 0x5A25, 0x51C4, 0x51A4, 0x5183, 0x4123, 0x20A2, 0x1061,
    0x0862, 0x1041, 0x0841, 0x0842, 0x7AE9, 0x72C9, 0x6ACA, 0x7AEA,
    0x732A, 0x732A, 0x6B29, 0x6B09, 0x7B09, 0x8329, 0x838B, 0x732B,
    0x6A89, 0x730A, 0x83AB, 0x93EB, 0x9C0C, 0xA42D, 0x9C4E, 0x9C2E,
    0x940D, 0x9C2D, 0x9C4D, 0x9C6E, 0xA48E, 0xACD0, 0xACD0, 0xA48F,
    0xA48E, 0xA46E, 0xA48E, 0xACEF, 0xB510, 0xB510, 0xB4F0, 0xB4D0,
    0xAC8F, 0xA44D, 0xA44D, 0xA46D, 0xA48E, 0xA48E, 0xA4AF, 0xACEF,
    0xB510, 0xB510, 0xB4F0, 0xB4AF, 0xAC8E, 0xAC8E, 0xB48E, 0xAC8E,
    0xAC8D, 0xAC8D, 0xAC8D, 0xAC6D, 0xB48E, 0xB4AF, 0xB4AF, 0xB4CF,
    0xBCCF, 0xBCCF, 0xB4F0, 0xB4D0, 0xBCD0, 0xBCD0, 0xB4CF, 0xB4CF,
    0xACAE, 0xAC8E, 0xACAE, 0xACCE, 0xACCF, 0xACAE, 0xACAF, 0xB4D0,
    0xAD0F, 0xA4CC, 0x8BE8, 0x8348, 0x8B8C, 0x942F, 0x946F, 0x944E,
    0x944E, 0x9C4D, 0x9C2B, 0x942B, 0x940B, 0x9C0C, 0x9C0B, 0x93CB,
    0x8B8A, 0x834A, 0x8B8A, 0x8B88, 0x8367, 0x8B67, 0x8B47, 0x8308,
    0x7AE7, 0x72C7, 0x7AA6, 0x7AC6, 0x6A65, 0x5A25, 0x51E5, 0x5183,
    0x5163, 0x3923, 0x28C2, 0x1062, 0x0842, 0x0841, 0x0841, 0x0862,
    0x6268, 0x5A67, 0x5AA7, 0x6B09, 0x6B2A, 0x6B29, 0x7309, 0x832A,
    0x834B, 0x8B6B, 0x93AD, 0x8B6C, 0x72C9, 0x62C9, 0x7B4C, 0x9C2F,
    0xAC6E, 0xA44D, 0x9C0D, 0x9C0D, 0x9C4E, 0x9C4E, 0x9C2D, 0x942D,
    0x942D, 0x9C4D, 0xA44D, 0xA48E, 0xACCF, 0xA4AE, 0xA46E, 0x9C6E,
    0x9C4D, 0x9C4D, 0xA46E, 0xAC8F, 0xB4AF, 0xACAE, 0xA48E, 0xA46E,
    0xA46E, 0xA48E, 0xA48E, 0xA44D, 0x9C4D, 0x9C4D, 0xA46E, 0xB4AF,
    0xB4AF, 0xACAF, 0xAC8D, 0xAC6C, 0xAC6C, 0xAC8D, 0xAC8E, 0xAC6D,
    0xB48E, 0xB4AE, 0xB4CE, 0xB4CE, 0xB4CE, 0xBCCF, 0xBCCF, 0xBCCF,
    0xB4CF, 0xB4CF, 0xBCEF, 0xBCCF, 0xACAE, 0xA46D, 0xAC8D, 0xB4AE,
    0xB4EF, 0xACEF, 0xB4EF, 0xB50F, 0xACED, 0x940B, 0x7B0A, 0x838C,
    0x942E, 0x944F, 0x9C90, 0x944F, 0x83EC, 0x83CB, 0x8C0B, 0x9C2C,
    0x9C0C, 0x93EB, 0x93EB, 0x93CB, 0x93AA, 0x8B8A, 0x93AA, 0x8BA9,
    0x8B87, 0x8B67, 0x8B47, 0x8307, 0x7AE7, 0x6A65, 0x7265, 0x7AC6,
    0x6A66, 0x5205, 0x51E4, 0x51A4, 0x5164, 0x3923, 0x28E2, 0x1862,
    0x1042, 0x0841, 0x0841, 0x0862, 0x72C8, 0x7AE7, 0x7B07, 0x7AA8,
    0x7AE7, 0x8348, 0x838A, 0x836B, 0x7B2A, 0x7B4A, 0x8B8B, 0x8B8C,
    0x7B8C, 0x8BEF, 0x9C4F, 0xA46D, 0x9C2D, 0x9C0E, 0x9C2E, 0x9C2E,
    0x9C2E, 0x9C2D, 0x942D, 0x9C4D, 0x9C4D, 0x9C4D, 0x9C0C, 0x940C,
    0xA46E, 0xA48E, 0xA48E, 0xA48E, 0xACAF, 0xACCF, 0xACCF, 0xAC8E,
    0xAC8E, 0xB4CF, 0xB4EF, 0xACCF, 0xA48E, 0xA46D, 0xA46E, 0xAC8F,
    0xACCF, 0xACCF, 0xACAF, 0xAC8E, 0xAC8E, 0xB4AE, 0xAC8D, 0xA44C,
    0xA40C, 0xA42D, 0xA44D, 0xAC6D, 0xB48E, 0xB4AF, 0xB4CF, 0xB4CF,
    0xB4CF, 0xB4CE, 0xB4CE, 0xB4EF, 0xBCCF, 0xB4AF, 0xB48F, 0xACAE,
    0xACAE, 0xAC6D, 0xAC8E, 0xACAE, 0xACAD, 0xB4CE, 0xB4CE, 0xACAE,
    0xA46C, 0x9C6D, 0x9C4D, 0x83CB, 0x7B8A, 0x83EB, 0x8C2D, 0x944E,
    0x8C2E, 0x8C0D, 0x8C0D, 0x942C, 0x9BEB, 0x9BCB, 0x9BCB, 0x93CB,
    0x93CB, 0x9BCB, 0x93AA, 0x93A9, 0x9388, 0x8B67, 0x8B47, 0x82E7,
    0x7AA6, 0x6A65, 0x7285, 0x7AC7, 0x6A46, 0x59E5, 0x51E4, 0x59C4,
    0x5184, 0x3923, 0x28C2, 0x1862, 0x1042, 0x0841, 0x0841, 0x0862,
    0x6A88, 0x6287, 0x62A6, 0x72E7, 0x7AE8, 0x82E8, 0x8348, 0x8BAA,
    0x93AC, 0x836B, 0x7B29, 0x72C8, 0x6AA9, 0x6B4E, 0x8C30, 0xACAF,
    0xA44D, 0x93ED, 0x8BCD, 0x8C0D, 0x942D, 0x944D, 0x942D, 0x9C2E,
    0x9C2E, 0x9C2E, 0x9C2D, 0x9C4D, 0xA46E, 0xA48E, 0xA48E, 0xA46E,
    0xACAE, 0xB4CF, 0xB4CF, 0xAC6E, 0xAC6E, 0xACAF, 0xA4CF, 0xA48E,
    0xA44D, 0xA46E, 0xA48E, 0xA48E, 0xACAF, 0xB4CF, 0xACAF, 0xA46E,
    0xAC6E, 0xAC6D, 0xAC4D, 0xA44D, 0xAC4D, 0xAC6D, 0xAC8D, 0xAC6D,
    0xA46C, 0xA46D, 0xAC6D, 0xAC8E, 0xB4AE, 0xB4CE, 0xB4CF, 0xB4CE,
    0xB4AE, 0xAC8E, 0xAC6E, 0xA46D, 0xAC6D, 0xA44D, 0xAC8E, 0xACCE,
    0xACAE, 0xACAE, 0xACAE, 0xAC8E, 0xACAD, 0xA4AC, 0x9C8C, 0x940C,
    0x93EB, 0x8BEB, 0x8BEC, 0x8C0D, 0x8C4E, 0x8C2E, 0x8C0D, 0x942C,
    0x940C, 0x9C0B, 0xA3CB, 0x9BAA, 0x9BEB, 0x9C0B, 0x9BCA, 0x9388,
    0x8B87, 0x8B87, 0x8B47, 0x82E7, 0x7AC7, 0x72A6, 0x7285, 0x7AA6,
    0x6A46, 0x5A05, 0x51C4, 0x59C4, 0x51A4, 0x3923, 0x20A2, 0x1062,
    0x1042, 0x1041, 0x0841, 0x0862, 0x6A87, 0x5A27, 0x5207, 0x5A87,
    0x62A7, 0x6AE9, 0x732A, 0x7B4A, 0x8B6A, 0x936B, 0x936C, 0x7ACA,
    0x6227, 0x5A49, 0x734E, 0x9430, 0x942E, 0x940C, 0x9C4D, 0xA46E,
    0x9C6E, 0x9C4E, 0x9C2E, 0x9C4E, 0xA46E, 0xA46E, 0xAC8F, 0xAC8F,
    0x9C8E, 0x9C8E, 0xA48E, 0xACAF, 0xAC8E, 0xA48E, 0xAC8E, 0xAC6E,
    0xAC8E, 0xACCF, 0xACAF, 0xA46E, 0x9C4D, 0xA48E, 0xA4AF, 0xA48E,
    0xAC8E, 0xAC6E, 0xAC8E, 0xACAE, 0xAC8E, 0xAC6D, 0xA44D, 0xA42C,
    0xAC6D, 0xAC8E, 0xAC8D, 0xAC6D, 0xAC6D, 0xAC6D, 0xAC6D, 0xAC8E,
    0xB4AE, 0xB4CE, 0xB4CE, 0xB4AF, 0xACCF, 0xACCE, 0xAC8E, 0xAC6E,
    0xAC6E, 0xA44D, 0xA44D, 0xA48D, 0xAC8E, 0xA4AE, 0xACEE, 0xBD0F,
    0xBD10, 0xB4CE, 0xA46B, 0xACAD, 0xA48D, 0x942A, 0x944B, 0x942C,
    0x83CB, 0x734A, 0x736A, 0x83EC, 0x83AB, 0x8BCA, 0x93EB, 0x9BA9,
    0xA3CA, 0xA40B, 0x93A9, 0x8B88, 0x9388, 0x9387, 0x8B47, 0x82E7,
    0x7AC7, 0x7AC6, 0x72A6, 0x7286, 0x6A66, 0x5A05, 0x51C4, 0x51A4,
    0x51A4, 0x3943, 0x28C2, 0x1862, 0x1042, 0x1041, 0x0841, 0x0862,
    0x62A7, 0x62A7, 0x62A7, 0x7AC9, 0x72A8, 0x72E8, 0x834A, 0x93AC,
    0x8B8B, 0x7B08, 0x8329, 0x836A, 0x836B, 0x8329, 0x7B08, 0x7B2A,
    0x93ED, 0xA48F, 0xA48F, 0x9C4E, 0x942D, 0x942D, 0x9C4E, 0xA46E,
    0xA46E, 0xA44E, 0xA46E, 0xA48E, 0xAC8F, 0xACAF, 0xA48F, 0xA48E,
    0xA48E, 0xA48E, 0xAC6E, 0xA44D, 0xAC8E, 0xB4EF, 0xB4EF, 0xACAE,
    0xA46E, 0xA48F, 0xA4AF, 0xA48E, 0xA48E, 0xA46E, 0xA46D, 0xAC8E,
    0xAC8E, 0xAC6E, 0xAC4D, 0xAC4D, 0xAC4D, 0xAC6D, 0xB4AE, 0xB4AE,
    0xAC6D, 0xAC6D, 0xAC8D, 0xB48E, 0xACAF, 0xACAF, 0xACAE, 0xB4CF,
    0xB4CF, 0xB4AE, 0xACAE, 0xACAE, 0xAC8E, 0xA44E, 0xA46E, 0xAC8E,
    0xACCE, 0xAC8E, 0xA46D, 0xA48E, 0xACAE, 0xB4CF, 0xB4AE, 0xB4CE,
    0xACCE, 0xA4AE, 0xA48D, 0x940B, 0x83CA, 0x7BCB, 0x7C0C, 0x840C,
    0x83CC, 0x8BCB, 0x8BCA, 0x8BC9, 0x9BCA, 0x9BCA, 0x8B89, 0x93A9,
    0x93A8, 0x8B26, 0x7AC6, 0x7AA6, 0x7AC6, 0x7AC6, 0x72A6, 0x6A66,
    0x6246, 0x5A26, 0x51C4, 0x51A4, 0x51A4, 0x4163, 0x30E2, 0x1862,
    0x0822, 0x0841, 0x0841, 0x0862, 0x6AA8, 0x5A46, 0x5A45, 0x72E8,
    0x7B09, 0x7B09, 0x7B49, 0x8BAA, 0x8BAB, 0x834B, 0x834B, 0x8B6B,
    0x8B6B, 0x93CC, 0x8BCC, 0x838C, 0x93ED, 0x9C2E, 0x9C2E, 0x9C4F,
    0xA46F, 0xA46E, 0x9C2D, 0x940D, 0x9C2E, 0xA46E, 0xACAF, 0xA4AE,
    0xA48E, 0xA4AE, 0xACAE, 0xACAF, 0xAC8F, 0xAC8E, 0xACAE, 0xA42D,
    0xA42D, 0xACAF, 0xB4CF, 0xB4CF, 0xA48E, 0xA4AE, 0xACAF, 0xACAF,
    0xAC8F, 0xAC8E, 0xAC6E, 0xA42D, 0xA44C, 0xAC4D, 0xAC6D, 0xAC6D,
    0xAC4D, 0xAC6D, 0xB48E, 0xAC6E, 0xA44D, 0xAC6D, 0xB48D, 0xB48E,
    0xB4AE, 0xB4CF, 0xB4EF, 0xB4EF, 0xB4CE, 0xACAD, 0xAC8D, 0xAC8E,
    0xAC8E, 0xAC8D, 0xAC4D, 0xA44D, 0xA48E, 0xA4AE, 0xACAE, 0xACCE,
    0xACEF, 0xACCF, 0xAC8E, 0xAC8D, 0xAC8D, 0xACAE, 0xA4AE, 0xA4CE,
    0xA48D, 0x940B, 0x83AA, 0x83CB, 0x83EC, 0x8BCC, 0x8B8A, 0x8BC9,
    0x93EA, 0x9BEA, 0x93A8, 0x9388, 0x9367, 0x82E6, 0x82C6, 0x82C6,
    0x7AA6, 0x7286, 0x6A45, 0x6205, 0x6226, 0x5A05, 0x51A4, 0x51A4,
    0x51A5, 0x4963, 0x3103, 0x1862, 0x0822, 0x1041, 0x1041, 0x0861,
    0x72C8, 0x6287, 0x5A47, 0x6AA7, 0x72E7, 0x7307, 0x7B08, 0x834A,
    0x93AB, 0x9BEC, 0x93CC, 0x93AB, 0x9BAC, 0xA3ED, 0xA42E, 0x9C2D,
    0x9C4E, 0xA46F, 0xA46F, 0xA44E, 0xA46E, 0xA4AF, 0xACAF, 0xAC8F,
    0xA46E, 0xA46E, 0xA48E, 0xA48E, 0xA46E, 0xA46E, 0xACAE, 0xB4EF,
    0xB4AF, 0xAC8F, 0xACCF, 0xB4CF, 0xB48E, 0xAC6E, 0xACAF, 0xA48F,
    0xA46E, 0xA48E, 0xB4CE, 0xB4CF, 0xACAF, 0xAC8F, 0xACCF, 0xB4AF,
    0xB48E, 0xAC6E, 0xAC6E, 0xAC4D, 0xAC4D, 0xAC6D, 0xAC6D, 0xAC6D,
    0xB48D, 0xB4CD, 0xB4CD, 0xAC8E, 0xB4AE, 0xB4CE, 0xB4AF, 0xAC8E,
    0xAC6D, 0xB48D, 0xB48D, 0xB4CE, 0xACAE, 0xA46D, 0x9BCB, 0x9BAB,
    0xAC4D, 0xACCF, 0xAD0F, 0xB4EF, 0xB4EF, 0xACCF, 0xACCE, 0xAC8E,
    0xA46D, 0xA46D, 0xA46D, 0xA48E, 0xACCF, 0xACAE, 0x9C4C, 0x83AA,
    0x7B8A, 0x8BAB, 0x93AB, 0x93CB, 0x93CA, 0x93C9, 0x93C8, 0x8BC8,
    0x9388, 0x8B08, 0x8AC7, 0x82C7, 0x7AA6, 0x6A65, 0x6225, 0x6205,
    0x5A05, 0x51E4, 0x49A3, 0x51A5, 0x51C5, 0x4983, 0x3103, 0x1862,
    0x0821, 0x1041, 0x1041, 0x0841, 0x72E9, 0x72A8, 0x72A8, 0x8309,
    0x8329, 0x7B29, 0x7B28, 0x8329, 0x8B4A, 0x938B, 0x93CC, 0x93EC,
    0x93EC, 0x93EC, 0x940D, 0x9C4E, 0x9C4E, 0x9C4E, 0xA44E, 0x9C4E,
    0xA48F, 0xACAF, 0xACAE, 0xAC6E, 0xA44E, 0xA42E, 0x9C2D, 0x9C2D,
    0xA46E, 0xACAF, 0xB4B0, 0xACCF, 0xACAF, 0xACAF, 0xA48E, 0xAC8E,
    0xAC8E, 0xA48E, 0xAC8E, 0xA48E, 0xA48E, 0xB4B0, 0xB4B0, 0xACAF,
    0xACAF, 0xAC8F, 0xAC8E, 0xA48D, 0xAC8D, 0xB48E, 0xB48E, 0xAC6D,
    0xAC4D, 0xAC6D, 0xAC6E, 0xAC6E, 0xAC8E, 0xBCCE, 0xB4CE, 0xAC6C,
    0xA44C, 0xA46D, 0xAC6E, 0xAC8D, 0xAC6C, 0xAC6C, 0xAC4C, 0xAC6D,
    0xAC6D, 0xAC6D, 0xA40C, 0x9BCB, 0xA42C, 0xAC8D, 0xB4EF, 0xB4EF,
    0xB50F, 0xACCF, 0xAC8E, 0xAC8E, 0xAC8E, 0xA48D, 0xA46D, 0xA46D,
    0xA46D, 0xAC8E, 0xA48E, 0x9C2C, 0x8BAA, 0x8389, 0x8BAA, 0x9BEC,
    0x93CB, 0x8B89, 0x8BAA, 0x8BA9, 0x9388, 0x8B07, 0x8AC7, 0x82C7,
    0x7AE6, 0x7286, 0x6205, 0x59E5, 0x51C5, 0x51C4, 0x49A3, 0x4984,
    0x4984, 0x4163, 0x3102, 0x1862, 0x0821, 0x1041, 0x1041, 0x0841,
    0x7B09, 0x6A88, 0x6227, 0x7288, 0x72C8, 0x6AA8, 0x6A88, 0x730A,
    0x7B4C, 0x7B4B, 0x732B, 0x7B4B, 0x93CC, 0xAC4C, 0xAC6C, 0xA46D,
    0xA44E, 0xA44E, 0xA44E, 0xA44E, 0xA46E, 0xA46E, 0xAC8F, 0xAC6E,
    0xA44D, 0xA46E, 0xA48E, 0xA46E, 0xA48E, 0xA48E, 0xA48D, 0x9C8D,
    0xA46D, 0xAC8E, 0xAC6E, 0xAC2D, 0xA42D, 0xA46E, 0xACCF, 0xACCF,
    0xAC8E, 0xA46D, 0x9C6D, 0xA48D, 0xA46E, 0xAC6E, 0xAC6E, 0xA42D,
    0xA44C, 0xAC4C, 0xAC2D, 0xA44C, 0xA46D, 0xAC8E, 0xB48E, 0xB48E,
    0xAC6D, 0xAC6D, 0xB48D, 0xB48D, 0xAC8D, 0xAC8D, 0xB46D, 0xAC6D,
    0xAC4C, 0xAC4C, 0xAC4C, 0xB46C, 0xB44D, 0xAC6D, 0xAC4D, 0xA42C,
    0xA44D, 0xAC6E, 0xACAE, 0xACAE, 0xACAF, 0xACAE, 0xAC8E, 0xACAE,
    0xACAE, 0xA46E, 0xA48E, 0xAC8D, 0xA46D, 0x9C4D, 0x942C, 0x940C,
    0x93CB, 0x8B89, 0x83A9, 0x93CB, 0x93AA, 0x8BA9, 0x93CA, 0x8B89,
    0x8327, 0x7AA7, 0x82A6, 0x82C6, 0x82E6, 0x7286, 0x6245, 0x6225,
    0x5A05, 0x51E5, 0x49A4, 0x4964, 0x4964, 0x4123, 0x28E3, 0x1862,
    0x1001, 0x1061, 0x0861, 0x0841, 0x8329, 0x72C8, 0x6A67, 0x6AA8,
    0x6AC8, 0x6AC8, 0x72A8, 0x7B09, 0x8329, 0x7B29, 0x7B09, 0x72A8,
    0x6A88, 0x7B0A, 0x9C0D, 0xB4AF, 0xAC6F, 0xA44E, 0xA44E, 0xAC8F,
    0xAC8F, 0xAC8F, 0xB4AF, 0xB4AF, 0xACD0, 0xACF0, 0xB510, 0xBD30,
    0xB4F0, 0xB4CF, 0xACAF, 0xA48E, 0xA48D, 0xA46E, 0xAC6E, 0xAC4E,
    0xA44D, 0xA48D, 0xA46E, 0xAC8F, 0xB4D0, 0xB4CF, 0xA4AE, 0xA48D,
    0xA48D, 0xAC6E, 0xAC4E, 0xA44E, 0xAC6E, 0xAC6D, 0xAC4D, 0xAC2D,
    0xA42D, 0xA42D, 0xA46D, 0xAC8E, 0xB48E, 0xAC6E, 0xAC6D, 0xAC6D,
    0xAC8D, 0xAC6D, 0xAC6D, 0xAC6C, 0xB46C, 0xB48C, 0xB46C, 0xB46D,
    0xB46D, 0xB46D, 0xAC2D, 0xAC2C, 0xAC2D, 0xAC6D, 0xACAE, 0xACCE,
    0xACAE, 0xAC8E, 0xAC8E, 0xACAD, 0xACAD, 0xA46D, 0xA46D, 0xA46D,
    0xA46D, 0xAC6E, 0xA46D, 0x9C2C, 0x9C0C, 0x9BEC, 0x93AA, 0x93A9,
    0x8BA9, 0x8BAA, 0x93AA, 0x8348, 0x7AE7, 0x8B09, 0x8B28, 0x8307,
    0x82A7, 0x7286, 0x6A66, 0x6246, 0x5A26, 0x5206, 0x51C5, 0x4964,
    0x4943, 0x3903, 0x28E3, 0x1882, 0x1021, 0x1041, 0x0861, 0x0841,
    0x7B08, 0x72C8, 0x6A87, 0x72C8, 0x7B29, 0x7B2A, 0x72C9, 0x72C8,
    0x72E9, 0x7AEA, 0x8B6B, 0x8B4A, 0x7AE8, 0x6A68, 0x834B, 0xACAE,
    0xA46C, 0xA42D, 0xAC6F, 0xACAF, 0xACAF, 0xAC6E, 0xAC8F, 0xACAF,
    0xACAF, 0xAC8F, 0xACAF, 0xACEF, 0xACCF, 0xACCF, 0xB4D0, 0xB4CF,
    0xB4F0, 0xB4EF, 0xACAE, 0xA44C, 0xA46D, 0xB4F0, 0xB4F0, 0xACEF,
    0xACCF, 0xB4CF, 0xB4D0, 0xB4D0, 0xB4F0, 0xACCF, 0xAC8E, 0xA46D,
    0xA44D, 0xAC4D, 0xA46D, 0xAC8E, 0xA48E, 0xA44D, 0xA46D, 0xAC8D,
    0xAC6E, 0xAC6E, 0xAC6D, 0xAC6D, 0xB48D, 0xB48D, 0xB48D, 0xB48D,
    0xAC6D, 0xAC6C, 0xB46B, 0xB46C, 0xB48C, 0xAC6D, 0xA44D, 0xA42C,
    0xA40C, 0xAC4D, 0xB48E, 0xAC8E, 0xAC8D, 0xAC8D, 0xACAD, 0xACAD,
    0xAC8D, 0xA46D, 0xA46D, 0xA48D, 0xA46D, 0xA44D, 0xA46D, 0xA46D,
    0x9C2C, 0x9BEC, 0x9BCB, 0x8B89, 0x8BAA, 0x8BCA, 0x8349, 0x7AE8,
    0x8329, 0x8B89, 0x8B87, 0x82E6, 0x7A87, 0x7266, 0x6A46, 0x5A26,
    0x5206, 0x5206, 0x59E5, 0x4984, 0x4143, 0x3904, 0x28E3, 0x1862,
    0x1001, 0x1042, 0x1062, 0x0841, 0x72C8, 0x72C8, 0x72C7, 0x72A7,
    0x5A05, 0x49E6, 0x5A68, 0x730A, 0x830A, 0x7AC9, 0x7AC8, 0x6AA8,
    0x6AA8, 0x838A, 0x9C2C, 0xA46D, 0x9C0E, 0xA44F, 0xAC6F, 0xAC6E,
    0xAC6E, 0xA46E, 0xA48E, 0xAC8F, 0xAC8F, 0xAC8F, 0xAC8E, 0xACAF,
    0xACD0, 0xB4CF, 0xB4CF, 0xACAF, 0xB4AF, 0xB4D0, 0xB4D0, 0xA46E,
    0xA44D, 0xAC6E, 0xACAE, 0xACCF, 0xACCF, 0xB4CF, 0xB4AF, 0xACAF,
    0xB4B0, 0xB4D0, 0xACCF, 0xA48E, 0xA46E, 0xA44D, 0xA44D, 0xA44D,
    0xAC6E, 0xA48E, 0xA44D, 0xA44D, 0xAC6E, 0xAC6E, 0xAC6D, 0xA44C,
    0xAC6D, 0xAC6D, 0xAC6C, 0xAC6C, 0xAC4C, 0xAC2C, 0xAC4C, 0xAC6C,
    0xAC6C, 0xA42B, 0xA40C, 0xA42C, 0xA42D, 0xA42D, 0xAC4D, 0xAC8D,
    0xAC8D, 0xAC8C, 0xAC8D, 0xAC8D, 0xAC6D, 0xA44D, 0xAC6D, 0xA46D,
    0x9C6C, 0x9C4C, 0x9C4C, 0xA44D, 0x9C0C, 0x9C0C, 0x9BEC, 0x93AA,
    0x8B6A, 0x8349, 0x7B28, 0x8329, 0x8B6A, 0x838A, 0x8388, 0x8306,
    0x7A86, 0x7245, 0x6A25, 0x6246, 0x5A26, 0x5A06, 0x59E6, 0x4984,
    0x4123, 0x3904, 0x28E3, 0x1882, 0x0821, 0x1062, 0x1062, 0x0841,
    0x72A8, 0x72A8, 0x6A66, 0x5A06, 0x59E7, 0x6269, 0x7B0A, 0x8329,
    0x7AE9, 0x72EA, 0x838D, 0x940F, 0x9C2E, 0xA44D, 0x9C0D, 0x9BEE,
    0xA44F, 0xACAF, 0xAC8F, 0xACAF, 0xAC8F, 0xAC8F, 0xAC8F, 0xAC8E,
    0xAC8E, 0xACAF, 0xACAF, 0xACAF, 0xAC8E, 0xB48E, 0xAC6F, 0xA46E,
    0xB4AF, 0xB4D0, 0xACCF, 0xA4AE, 0xAC8E, 0xAC8F, 0xA48E, 0xA4AE,
    0xACAF, 0xB48F, 0xAC6E, 0xA48E, 0xACAF, 0xB4CF, 0xB4F0, 0xACCF,
    0xA48E, 0xA44E, 0xA46E, 0xAC8E, 0xAC8E, 0xAC8E, 0xAC8E, 0xAC8E,
    0xAC6E, 0xAC6E, 0xAC6E, 0xAC6D, 0xAC6D, 0xA44C, 0xA40B, 0xA40C,
    0xA42C, 0xA42C, 0xA42B, 0xAC4C, 0xAC4C, 0xA44C, 0x9C2B, 0x9C0B,
    0xAC4D, 0xAC6D, 0xA44C, 0xA44C, 0xAC6D, 0xAC8D, 0xA48D, 0xA46C,
    0xAC6C, 0xAC6C, 0xAC6D, 0xAC4C, 0xA44C, 0xA44C, 0xA46C, 0xA44D,
    0x940B, 0x9BEB, 0x9C0C, 0x9BCB, 0x8349, 0x7AE8, 0x8329, 0x8B49,
    0x8B49, 0x7B29, 0x7307, 0x7AE6, 0x7AA7, 0x7246, 0x6205, 0x5A05,
    0x51C5, 0x51E5, 0x5A06, 0x5184, 0x4123, 0x38E3, 0x28C3, 0x1882,
    0x1041, 0x1041, 0x1042, 0x0862, 0x72C8, 0x6A67, 0x6267, 0x7AEA,
    0x8B8B, 0x8B8A, 0x7B09, 0x730A, 0x836D, 0x93CE, 0x9C0E, 0x93EC,
    0x8BCB, 0x93CC, 0x9C0D, 0x9C2D, 0xA44E, 0xA46E, 0xA48F, 0xB4D0,
    0xACAF, 0xAC6F, 0xAC8E, 0xACAF, 0xACD0, 0xACF0, 0xACD0, 0xACCF,
    0xACCF, 0xACCF, 0xB4D0, 0xB4D0, 0xB4F0, 0xACCF, 0x9C8E, 0xA44D,
    0xA44D, 0xA48F, 0xA4AF, 0xACCF, 0xACCF, 0xACD0, 0xB4CF, 0xB4D0,
    0xB4D0, 0xACD0, 0xACCF, 0xB4D0, 0xACCF, 0xACAE, 0xAC8E, 0xA46E,
    0xA46E, 0xAC8E, 0xAC8E, 0xAC6E, 0xAC4E, 0xAC4D, 0xAC6E, 0xAC6E,
    0xAC6D, 0xAC4C, 0xA40C, 0xA40C, 0xA42C, 0xA42C, 0xA42C, 0xAC4C,
    0xAC4C, 0xAC6C, 0xAC6C, 0xA44C, 0xA44C, 0xAC6D, 0xAC8D, 0xB48D,
    0xAC8D, 0xA46C, 0xAC6C, 0xAC6C, 0xAC6C, 0xAC4C, 0xAC2C, 0xAC2B,
    0xAC2B, 0xA42C, 0x9C4C, 0xA44D, 0xA44C, 0x9C2C, 0x9BEB, 0x93AA,
    0x8348, 0x8328, 0x8349, 0x8349, 0x8328, 0x7B08, 0x6AC6, 0x6A86,
    0x7AA7, 0x7A87, 0x6A46, 0x5A05, 0x51C4, 0x59E5, 0x6206, 0x4964,
    0x3902, 0x30C3, 0x30C3, 0x2082, 0x1062, 0x1041, 0x1041, 0x1062,
    0x72A9, 0x7288, 0x6287, 0x6287, 0x72E9, 0x836B, 0x93AD, 0x9BCD,
    0xA40D, 0xA44D, 0xA46E, 0x940E, 0x8BCD, 0x93ED, 0x93EC, 0x93EC,
    0x9C0D, 0xA46D, 0xB4AE, 0xB4CF, 0xAC90, 0xA48F, 0xACAF, 0xACCF,
    0xACCF, 0xACAF, 0xACCF, 0xB4F0, 0xB4F1, 0xB4F0, 0xB4F0, 0xB4D0,
    0xACCF, 0xACAF, 0xA48E, 0xAC6E, 0xAC6E, 0xAC8E, 0xA46E, 0xA46E,
    0xACAF, 0xB510, 0xB4F0, 0xACAF, 0xB4CF, 0xB4D0, 0xACEF, 0xACCF,
    0xA4AE, 0xA46D, 0xA44D, 0xA44E, 0xA46D, 0xA46D, 0xA46D, 0xAC6D,
    0xAC4D, 0xA42D, 0xA44D, 0xAC4D, 0xA44E, 0xA42D, 0xA42C, 0xAC4C,
    0xAC6C, 0xAC6D, 0xAC2C, 0xAC2C, 0xAC4C, 0xAC4C, 0xAC4C, 0xA44C,
    0xA44D, 0xA44D, 0xAC4D, 0xAC8D, 0xAC6C, 0xA46C, 0xA46C, 0xAC4C,
    0xAC4B, 0xAC2B, 0xAC0B, 0xAC2B, 0xAC6C, 0xA44C, 0x9C4C, 0xA44D,
    0xA46E, 0x9C2C, 0x8BAA, 0x8B69, 0x8349, 0x8328, 0x8329, 0x8329,
    0x8329, 0x7B08, 0x72E7, 0x6AA6, 0x7245, 0x7266, 0x6246, 0x5A05,
    0x51E5, 0x59E5, 0x61E6, 0x4943, 0x38E2, 0x30C3, 0x30C2, 0x2082,
    0x1042, 0x1042, 0x1041, 0x1062, 0x6A67, 0x6AC8, 0x72E9, 0x6A68,
    0x51C6, 0x49A4, 0x49E5, 0x5227, 0x41C5, 0x3943, 0x51A5, 0x6AA9,
    0x8B8C, 0x9BEE, 0xAC4F, 0xACD0, 0x9C4E, 0x940D, 0x9C2D, 0xAC8E,
    0xB4F0, 0xBD11, 0xB511, 0xB4D0, 0xACCF, 0xACAF, 0xACCF, 0xACD0,
    0xACD0, 0xACD0, 0xACD0, 0xB4D0, 0xB4EF, 0xB4CF, 0xB4AE, 0xAC8E,
    0xA46E, 0xA48E, 0xACAF, 0xACCF, 0xACCF, 0xB4D0, 0xB4D0, 0xB4D0,
    0xB4D0, 0xACAF, 0xACCF, 0xACCE, 0xA48E, 0xA46E, 0xAC6E, 0xAC6E,
    0xAC8E, 0xB4AF, 0xACAE, 0xACAE, 0xACAE, 0xAC8E, 0xAC6E, 0xAC2D,
    0xA46D, 0xAC8E, 0xAC4D, 0xAC0C, 0xA42B, 0xA44B, 0xA42B, 0xA42C,
    0xA42C, 0xA40C, 0xA40B, 0xA42C, 0xAC6D, 0xAC6E, 0xA44D, 0xA44C,
    0xAC4C, 0xAC4C, 0xA44B, 0xAC2B, 0xAC4B, 0xAC4B, 0xAC2B, 0xAC2B,
    0xAC2C, 0xA42C, 0xA44D, 0xA46D, 0xA44C, 0x9C0B, 0x8BAA, 0x8B8A,
    0x8328, 0x7AE7, 0x8328, 0x8328, 0x8329, 0x8309, 0x8327, 0x72E6,
    0x6A65, 0x6A46, 0x6226, 0x6205, 0x5A05, 0x5A06, 0x61E6, 0x4943,
    0x3902, 0x3103, 0x30C2, 0x2082, 0x1042, 0x1042, 0x1041, 0x1041,
    0x6268, 0x6288, 0x6AE9, 0x7B09, 0x7B29, 0x7B0A, 0x7B0A, 0x7B09,
    0x7B29, 0x7B0A, 0x72A9, 0x6248, 0x51E6, 0x4102, 0x59C6, 0x836D,
    0x9410, 0x9C2F, 0x942D, 0x9C2D, 0xA44E, 0xAC8F, 0xB4D0, 0xB4F1,
    0xB4F1, 0xB4F0, 0xB4F0, 0xB4F0, 0xB4F0, 0xB4F0, 0xB511, 0xB4F1,
    0xB4F1, 0xB4CF, 0xACAE, 0xAC8E, 0xAC8F, 0xA48E, 0xA48E, 0xACAF,
    0xB4F0, 0xB511, 0xB511, 0xB4F1, 0xB4F1, 0xB4F0, 0xB4CF, 0xB4EE,
    0xB4AE, 0xAC6E, 0xA48E, 0xACAE, 0xB4CF, 0xACCF, 0xB4AF, 0xB4AF,
    0xAC8F, 0xAC8E, 0xAC8E, 0xAC6D, 0xAC8F, 0xAC8F, 0xA46E, 0xA46D,
    0xAC4C, 0xAC4C, 0xA44C, 0xA42D, 0xA42C, 0xA42C, 0xA44C, 0xA44C,
    0xA46D, 0xAC6D, 0xAC4D, 0xA44D, 0xA44C, 0xAC4B, 0xAC4B, 0xAC2A,
    0xA42A, 0xA40A, 0xA40B, 0xAC2C, 0xA42C, 0xA42C, 0x9C2B, 0x9C0B,
    0x9C0C, 0xA42D, 0x9C2C, 0x8369, 0x7AE7, 0x7AC7, 0x8349, 0x8329,
    0x8308, 0x8B29, 0x8328, 0x7B07, 0x72A6, 0x6A66, 0x6226, 0x6225,
    0x5A25, 0x6246, 0x5A06, 0x5184, 0x4123, 0x3103, 0x30A2, 0x2082,
    0x1862, 0x1042, 0x0841, 0x1041, 0x6A88, 0x72C9, 0x6AE9, 0x6AA8,
    0x72A8, 0x72A7, 0x6287, 0x5A67, 0x6AE9, 0x8B8D, 0x8B8C, 0x832A,
    0x7AC9, 0x51A6, 0x4986, 0x6AA9, 0x93EC, 0x9C6E, 0x9C4D, 0xB4AF,
    0xBD11, 0xBD32, 0xB4F1, 0xB4F0, 0xB4F0, 0xACF0, 0xB4F0, 0xB4F0,
    0xB4F0, 0xB4F0, 0xB4F0, 0xB4F0, 0xB4F1, 0xB511, 0xB4EF, 0xAC8E,
    0xA44D, 0xA46E, 0xACAF, 0xB4F0, 0xB4F0, 0xB4F1, 0xB4F0, 0xB4F0,
    0xACF1, 0xB4F1, 0xB4F0, 0xB4EF, 0xB4CE, 0xAC8F, 0xAC8E, 0xACAF,
    0xACAF, 0xAC8F, 0xB4AF, 0xB4AF, 0xB48E, 0xAC8E, 0xB4CE, 0xBCEF,
    0xB4B0, 0xAC90, 0xACB1, 0xAC8F, 0xA44C, 0xA40B, 0x9BEB, 0xA42D,
    0xAC6E, 0xAC6E, 0xAC6D, 0xA44D, 0xA44D, 0xA44D, 0xA42C, 0xA42C,
    0xA44C, 0xA44C, 0xA42C, 0xA42B, 0xA42B, 0xAC4C, 0xAC4C, 0xAC4C,
    0xA42B, 0xA42C, 0x9C0C, 0x93EC, 0x9BED, 0xA42C, 0x9C0B, 0x7B28,
    0x72E8, 0x8309, 0x8349, 0x8328, 0x8308, 0x8328, 0x8328, 0x82E7,
    0x7AA7, 0x6A46, 0x6205, 0x6226, 0x6225, 0x5A25, 0x59E5, 0x51A4,
    0x4144, 0x38E3, 0x28A2, 0x2082, 0x1862, 0x1041, 0x0841, 0x1042,
    0x6AA8, 0x72A8, 0x72C9, 0x6AA7, 0x72C8, 0x72E9, 0x6AC9, 0x72C9,
    0x7AE9, 0x7B09, 0x836A, 0x838B, 0x836B, 0x7B09, 0x72C7, 0x72C8,
    0x8BCE, 0xB4F3, 0xC533, 0xC511, 0xB4AF, 0xAC6F, 0xA46E, 0xAC8E,
    0xACB0, 0xB4F0, 0xB4D0, 0xB4AF, 0xB4CF, 0xACCF, 0xACD0, 0xB510,
    0xB531, 0xB512, 0xACD0, 0xAC6E, 0xAC2D, 0xA44D, 0xA46E, 0xA4AF,
    0xACAF, 0xACD0, 0xB510, 0xB530, 0xB511, 0xACF1, 0xACF1, 0xACAF,
    0xACAF, 0xAC8E, 0xAC6D, 0xA44D, 0xA44E, 0xA44E, 0xA44D, 0xA44D,
    0xAC4D, 0xAC6D, 0xACAE, 0xB4CF, 0xAC6E, 0xA42D, 0xA46E, 0xAC6D,
    0xAC6D, 0xA42C, 0x9BEB, 0x9BCB, 0x9BCC, 0x9BED, 0xA42D, 0xA42D,
    0xA44D, 0xA44D, 0xA42C, 0xA42C, 0xA44C, 0xA42C, 0xA40A, 0xAC0A,
    0xAC4B, 0xA46C, 0xA44C, 0x9C0B, 0xA40B, 0xA42C, 0xA42D, 0x9C0D,
    0x9BEC, 0x93C9, 0x8367, 0x7AC8, 0x830A, 0x8B6A, 0x8B48, 0x8307,
    0x8308, 0x7B08, 0x9309, 0x9308, 0x72C6, 0x5A24, 0x59E5, 0x6A26,
    0x6246, 0x5A25, 0x51A4, 0x4943, 0x4143, 0x3923, 0x28C2, 0x2082,
    0x1862, 0x1041, 0x0841, 0x1062, 0x8329, 0x7B29, 0x7B29, 0x7AE7,
    0x6A88, 0x6A89, 0x7ACA, 0x832B, 0x7B2B, 0x6B0A, 0x6B09, 0x7309,
    0x7B29, 0x836A, 0x7B4B, 0x730C, 0x8BAE, 0x940E, 0x9C0D, 0x9C0D,
    0x9C2D, 0xA46E, 0xAC8E, 0xB4AE, 0xACAF, 0xB4D0, 0xB4F1, 0xB4F0,
    0xB4CF, 0xACEF, 0xB4CF, 0xAC6E, 0xACAF, 0xACF0, 0xB4CF, 0xAC6D,
    0xA42D, 0xA46D, 0xA48F, 0xACD0, 0xB4F0, 0xB4EF, 0xAC8E, 0xAC6E,
    0xB4B0, 0xB510, 0xB52F, 0xB4CE, 0xAC8E, 0xA44E, 0xAC4D, 0xAC4D,
    0xAC4D, 0xAC6E, 0xA44D, 0xA42D, 0xA44D, 0xAC6E, 0xAC8E, 0xAC8E,
    0xAC4D, 0xA40C, 0x9BCB, 0x93CA, 0x9BEB, 0xA40D, 0xA42D, 0xA40C,
    0x9BEC, 0x93CC, 0x9C0C, 0xA42C, 0xA42C, 0xA44C, 0xAC6D, 0xAC6C,
    0xA40B, 0xA3EA, 0xA3EA, 0xA40A, 0xAC0B, 0xA42B, 0xA46D, 0xA46D,
    0x9C2C, 0x9C2C, 0x9C0D, 0x9BCC, 0x93AA, 0x8B68, 0x8327, 0x8329,
    0x8B6A, 0x93AA, 0x8B48, 0x8307, 0x8308, 0x8B08, 0x9328, 0x82E7,
    0x6286, 0x5A24, 0x5A05, 0x6206, 0x6226, 0x5A25, 0x51C4, 0x4963,
    0x4123, 0x3923, 0x30A2, 0x2062, 0x1862, 0x0841, 0x0841, 0x1062,
    0x7B08, 0x7B29, 0x7B49, 0x8329, 0x72E8, 0x6AC8, 0x6B0A, 0x6B4A,
    0x6B2A, 0x7309, 0x7B09, 0x8B4A, 0x8B8B, 0x9BCD, 0x8B4C, 0x6A89,
    0x6AC9, 0x83AC, 0xA46F, 0xB48E, 0xBCAF, 0xBCEF, 0xB4EF, 0xB4CF,
    0xACCF, 0xB4D0, 0xB4F0, 0xB4F0, 0xAC8F, 0xAC8E, 0xACAE, 0xB4AF,
    0xB4D0, 0xB4F0, 0xB4F0, 0xB4AF, 0xAC8E, 0xAC8F, 0xA46E, 0xA46E,
    0xAC8F, 0xACAF, 0xB4AF, 0xB4CF, 0xB4F0, 0xB4F0, 0xB4F0, 0xB4CF,
    0xAC8E, 0xA46E, 0xAC6E, 0xA46D, 0xA44C, 0xAC4D, 0xA46E, 0xAC8E,
    0xAC8E, 0xA46C, 0x9C2B, 0x9C0B, 0xA40D, 0xAC0D, 0xA40B, 0x9C0A,
    0xA42B, 0xA42C, 0xA3EB, 0x9BCA, 0x9BCA, 0x9BCB, 0x9C2C, 0xA44D,
    0xA42D, 0xA40C, 0x9C0B, 0xA42C, 0xAC4C, 0xB46D, 0xB46E, 0xAC4E,
    0xA44D, 0x942C, 0x9C4C, 0xA46C, 0xA46C, 0x9C4D, 0x93EC, 0x93AA,
    0x9388, 0x8B68, 0x8B69, 0x93CA, 0x93CA, 0x8B89, 0x8328, 0x8307,
    0x8B08, 0x9328, 0x8AE7, 0x72A6, 0x62C6, 0x5A85, 0x5A25, 0x6205,
    0x6226, 0x6226, 0x51E5, 0x4984, 0x4143, 0x3923, 0x30C3, 0x2062,
    0x1842, 0x1041, 0x0842, 0x1062, 0x72E8, 0x7B08, 0x7B09, 0x7AE9,
    0x72E8, 0x72A7, 0x7AA7, 0x7B07, 0x8348, 0x838A, 0x8B6B, 0x834B,
    0x836B, 0x93AD, 0x93CD, 0x838C, 0x8BCE, 0x9C2F, 0xAC8F, 0xAC8F,
    0xACAF, 0xACD0, 0xB4D0, 0xB4D0, 0xB4CF, 0xB4F0, 0xACF0, 0xB4F0,
    0xB4CF, 0xB4CF, 0xACCF, 0xACCF, 0xACD0, 0xB4D0, 0xB4CF, 0xB4CF,
    0xACCF, 0xACD0, 0xACCF, 0xACAF, 0xB4AF, 0xB4CF, 0xACCF, 0xACCF,
    0xB4D0, 0xB4D0, 0xB4D0, 0xB4CF, 0xACAE, 0xAC8E, 0xACAF, 0xACAF,
    0xAC8F, 0xA44E, 0x9C4D, 0xA44D, 0xA46E, 0xA44D, 0xA42C, 0xA40C,
    0xA42E, 0xAC4E, 0xAC6D, 0xAC6E, 0xA44D, 0x9BEC, 0x9BEB, 0xA3EB,
    0xA3EB, 0xA40B, 0xA44D, 0xA48D, 0xA48E, 0xAC8D, 0xAC6D, 0xA44C,
    0xAC4C, 0xAC4E, 0xA470, 0xA44E, 0x9C4C, 0x9C6C, 0xA46C, 0x9C4C,
    0x9C4C, 0x942D, 0x8BED, 0x8BAB, 0x8B68, 0x8B88, 0x93AA, 0x93CA,
    0x93A9, 0x8B89, 0x8348, 0x8B27, 0x9327, 0x82E7, 0x7AA6, 0x6AC6,
    0x6B27, 0x5A86, 0x59E4, 0x61E5, 0x6226, 0x6246, 0x59E5, 0x51A4,
    0x4964, 0x3923, 0x30C3, 0x2082, 0x1842, 0x1041, 0x1041, 0x1062,
    0x7B09, 0x7B29, 0x7B09, 0x7B09, 0x72E8, 0x6AC7, 0x72C7, 0x7AC7,
    0x8308, 0x8B68, 0x938A, 0x938B, 0x836B, 0x8349, 0x7B29, 0x732B,
    0x8C11, 0xA4B1, 0xB4CE, 0xB4EF, 0xACF0, 0xACF1, 0xB4F0, 0xB4F0,
    0xACF0, 0xACF0, 0xACF0, 0xACCF, 0xACAF, 0xB4D0, 0xB4F0, 0xACD0,
    0xACD0, 0xB4D0, 0xB4CF, 0xB4AE, 0xAC8F, 0xA4AF, 0xACD0, 0xACEF,
    0xB4CF, 0xB4F0, 0xB4F0, 0xACD0, 0xB4D0, 0xB4CF, 0xB4AE, 0xB4AF,
    0xB4CF, 0xB510, 0xACEF, 0xACAF, 0xACB0, 0xACF1, 0xACF0, 0xA4AF,
    0xA48E, 0xACAF, 0xAC8E, 0xA44D, 0xA44E, 0xA48F, 0xA48F, 0xA44E,
    0x93ED, 0x838B, 0x93CB, 0xA3EB, 0xAC0C, 0xAC2D, 0xA44D, 0xA44D,
    0xA44D, 0xA44C, 0xA44C, 0xA44C, 0xAC4C, 0xAC4D, 0xA44E, 0xA42D,
    0x9C2C, 0xA44C, 0xA46C, 0x946C, 0x8C4C, 0x942C, 0x93CA, 0x8B49,
    0x8348, 0x8B89, 0x93AA, 0x93A9, 0x8BC9, 0x8BE9, 0x9368, 0x9327,
    0x8B06, 0x7AC6, 0x7AE7, 0x7307, 0x62E7, 0x5A85, 0x6245, 0x6A46,
    0x6A25, 0x5A05, 0x51E5, 0x51C4, 0x4984, 0x4123, 0x38E2, 0x20A2,
    0x1862, 0x1041, 0x1041, 0x1062, 0x7B29, 0x834A, 0x834A, 0x8B49,
    0x72A7, 0x5A26, 0x5A47, 0x6288, 0x6AE9, 0x730A, 0x836A, 0x93AB,
    0x9BAC, 0x936C, 0x7289, 0x59E7, 0x62AC, 0x7BF1, 0x9C91, 0xA44E,
    0xAC4E, 0xACD0, 0xACF0, 0xB4F0, 0xB4D0, 0xB4D0, 0xB4F0, 0xB4F0,
    0xACAF, 0xACCF, 0xACF0, 0xB4F0, 0xB4F0, 0xB4F0, 0xB4CF, 0xAC8E,
    0xAC6E, 0xAC6E, 0xACAF, 0xACD0, 0xACF0, 0xACD0, 0xACD0, 0xB4D0,
    0xB510, 0xB4F0, 0xACAF, 0xA46E, 0xAC6E, 0xAC8F, 0xACAF, 0xA4AF,
    0xA48F, 0xACAF, 0xACAF, 0xAC8F, 0xA46E, 0xA48E, 0xA48F, 0xA46F,
    0xAC6E, 0xAC8F, 0xA48F, 0x942E, 0x8BCE, 0x93CE, 0xA40D, 0x9BAA,
    0x8B68, 0x9BCB, 0x9C0C, 0xA42C, 0xA42D, 0x9C0C, 0x9C0B, 0xA44B,
    0xA44B, 0xA42B, 0x9C0C, 0x9C0C, 0x9C2C, 0x9C4C, 0x942C, 0x942C,
    0x9C4B, 0x8B88, 0x72C6, 0x72E8, 0x93CA, 0x9C0B, 0x93A9, 0x93A9,
    0x93A9, 0x93AA, 0x9389, 0x8B27, 0x8AC5, 0x82E7, 0x82E7, 0x7AC6,
    0x62C6, 0x5AC6, 0x5AA6, 0x6A85, 0x6225, 0x59E5, 0x51C4, 0x51A4,
    0x4964, 0x3903, 0x30E3, 0x20A2, 0x1862, 0x1041, 0x1041, 0x1062,
    0x7B29, 0x7B4A, 0x834A, 0x8329, 0x72A7, 0x6A87, 0x72C8, 0x7AC9,
    0x7AE9, 0x832A, 0x938C, 0x8B8A, 0x8329, 0x8B6A, 0x8B8C, 0x832A,
    0x7AC8, 0x7AE8, 0x8BAC, 0x9C8F, 0xB4CF, 0xBCCE, 0xB4CF, 0xACCF,
    0xACF0, 0xBD10, 0xBD10, 0xB510, 0xB511, 0xB511, 0xBCF0, 0xB4D0,
    0xB4AF, 0xACCF, 0xACCF, 0xB4CF, 0xACEF, 0xACCF, 0xA48E, 0xA4AE,
    0xACEF, 0xB510, 0xB4F0, 0xB4B0, 0xACAF, 0xACAF, 0xB4CF, 0xACCF,
    0xACCF, 0xACAF, 0xAC8F, 0xAC6F, 0xAC8F, 0xACAF, 0xA48E, 0xA44E,
    0xA46E, 0xAC8E, 0xAC8E, 0xACAF, 0xAC8F, 0xAC4E, 0xA40D, 0x9C0D,
    0x940E, 0x93CD, 0x9C0C, 0x9BCA, 0x9BC9, 0xA42C, 0xA42D, 0xA42C,
    0xA42C, 0xA42C, 0xA42C, 0xA44C, 0xA44C, 0xA42C, 0xA40C, 0xA44C,
    0xA46C, 0x9C2B, 0x940A, 0x9C09, 0x93EA, 0x7B27, 0x7B07, 0x8B89,
    0x9BEB, 0x93CB, 0x8B89, 0x93A9, 0x93A9, 0x9388, 0x8B88, 0x8B07,
    0x8AE6, 0x8B47, 0x82E6, 0x7AA6, 0x72C7, 0x6AC6, 0x62A5, 0x6245,
    0x6205, 0x61E5, 0x49A4, 0x49A4, 0x4963, 0x38E2, 0x30E2, 0x28C3,
    0x1882, 0x1041, 0x1041, 0x1062, 0x7B29, 0x7B29, 0x8329, 0x8309,
    0x72C8, 0x6286, 0x6287, 0x72E8, 0x7B28, 0x7B28, 0x93AA, 0x93CB,
    0x8B6A, 0x834A, 0x8B4A, 0x93AB, 0xA42D, 0x93CC, 0x72E9, 0x6A68,
    0x72A9, 0x832B, 0x938C, 0x9C2E, 0x9C90, 0xA4AF, 0xB4CF, 0xBCCF,
    0xB4CF, 0xB4CF, 0xB4D0, 0xACD0, 0xACD0, 0xB4CF, 0xB4CE, 0xB4CE,
    0xACEF, 0xA4F0, 0xA48E, 0xA46D, 0xACAF, 0xACCF, 0xB4F0, 0xB4F0,
    0xACD0, 0xB4CF, 0xB4CE, 0xB4EE, 0xACEF, 0xA4F0, 0xA4F0, 0xACCF,
    0xAC8F, 0xAC8E, 0xA48E, 0xAC8E, 0xAC8F, 0xAC6E, 0xAC8E, 0xACAE,
    0xAC6E, 0x9C2D, 0x9C2D, 0xA44E, 0xA44E, 0x9C0E, 0x9C0C, 0x9BEA,
    0x9BCA, 0x9BEA, 0x9C2C, 0xA44D, 0xA42C, 0xA44C, 0xA44C, 0xA42B,
    0xA44C, 0xA42D, 0x9BEC, 0x93CA, 0x8B89, 0x8B88, 0x9BEA, 0x9C2B,
    0x940A, 0x93CA, 0x93EA, 0x9C0A, 0x9BCB, 0x93AA, 0x93A9, 0x93A9,
    0x93A9, 0x9389, 0x8B69, 0x9348, 0x8B06, 0x8B26, 0x7AE6, 0x7AE7,
    0x7B07, 0x72E7, 0x62A5, 0x5A45, 0x6205, 0x59C4, 0x51A4, 0x51A4,
    0x4143, 0x30C2, 0x28C2, 0x28C3, 0x20A3, 0x1041, 0x1041, 0x1062,
    0x7B29, 0x7B29, 0x7B09, 0x7AE8, 0x72C8, 0x72A8, 0x72C8, 0x7308,
    0x7B08, 0x8308, 0x8B6A, 0x93EC, 0xA40D, 0xA3EC, 0xA3CB, 0xA3CC,
    0xA40D, 0xAC4E, 0xAC4F, 0xA42E, 0x93EC, 0x836A, 0x72A8, 0x6A89,
    0x730B, 0x83CE, 0xA46F, 0xB4CF, 0xB510, 0xB4F0, 0xACD0, 0xB4F0,
    0xB4CF, 0xB4CF, 0xACAE, 0xACAE, 0xACAE, 0xACAE, 0xACCF, 0xACF0,
    0xB4F0, 0xACCF, 0xB4D0, 0xB4F0, 0xB4CF, 0xACCE, 0xACCE, 0xACAE,
    0xB4AE, 0xB4CF, 0xA4D0, 0xA4B0, 0xACAF, 0xB4AE, 0xACAE, 0xA48E,
    0xAC8E, 0xACAF, 0xB4CF, 0xB4CF, 0xAC8E, 0xA44D, 0x9C4E, 0xA46F,
    0xA46E, 0x9C2D, 0x9BEC, 0x9BEB, 0x9BEB, 0x93C9, 0x93A9, 0x93CA,
    0x9BEC, 0xA40C, 0xA44C, 0xA44B, 0x9C2A, 0x9BEB, 0x9BAB, 0x9BCB,
    0x9BCB, 0x93CA, 0x9BEA, 0x9BEA, 0x93C9, 0x8B88, 0x8BA9, 0x9BEA,
    0x9BEB, 0x9BEB, 0x9BA9, 0x9389, 0x9389, 0x93A9, 0x9389, 0x9368,
    0x9307, 0x8B06, 0x82E6, 0x72E7, 0x6AC6, 0x6AA6, 0x6A86, 0x6265,
    0x5A05, 0x59A4, 0x5183, 0x51A4, 0x4964, 0x38E2, 0x30C2, 0x28C3,
    0x20A3, 0x1862, 0x1041, 0x1062, 0x7B29, 0x7B29, 0x7B09, 0x7AE8,
    0x72C8, 0x72A8, 0x7AA8, 0x72A8, 0x832A, 0xA3EC, 0xAC0B, 0x9BAA,
    0x938A, 0x93CB, 0x9BEC, 0x93EC, 0x93CB, 0x93AB, 0x93AA, 0x9BEC,
    0xAC6E, 0xAC6E, 0x8BAB, 0x736C, 0x840F, 0xA4D2, 0xACD1, 0xACB0,
    0xB511, 0xB531, 0xB511, 0xB4F0, 0xB4CF, 0xACCF, 0xACEF, 0xB4EE,
    0xBCAD, 0xB48D, 0xACAF, 0xACD0, 0xB4F0, 0xB510, 0xB4F0, 0xB4F0,
    0xB4CF, 0xACEF, 0xB4EF, 0xB4CE, 0xB4AD, 0xB4AE, 0xB48F, 0xB4B0,
    0xACCF, 0xACAF, 0xACAF, 0xB4AF, 0xAC8E, 0xAC8E, 0xACAE, 0xB4EF,
    0xB4CF, 0xAC8E, 0xA44D, 0xA44E, 0xA44E, 0x9C2D, 0x9BEB, 0x9BEA,
    0x9BEB, 0x9BEB, 0x9C0B, 0x9C0B, 0xA40C, 0x9BEB, 0x9BEB, 0xA40C,
    0xA40C, 0xA40C, 0xA42C, 0xA42C, 0x9BEB, 0x93A9, 0x93A9, 0x93CA,
    0x9BC9, 0x93C9, 0x93C9, 0x93CA, 0x93AA, 0x93CA, 0x9BCA, 0x9389,
    0x9388, 0x9388, 0x9389, 0x9348, 0x8B27, 0x8B07, 0x8307, 0x7AE7,
    0x72A6, 0x6A86, 0x6265, 0x5A24, 0x59E4, 0x51A4, 0x4983, 0x49A4,
    0x4184, 0x3923, 0x30C3, 0x28C3, 0x20C3, 0x1862, 0x1041, 0x1061,
    0x7308, 0x7B29, 0x7B09, 0x7AE8, 0x72C8, 0x72A7, 0x7268, 0x6A88,
    0x6AE8, 0x7B4A, 0x8B8C, 0x9BAC, 0x9BEB, 0x9BEB, 0x9BEC, 0x9BEC,
    0x9C0C, 0xA40D, 0xA40D, 0xA40D, 0x836A, 0x72E9, 0x7B2A, 0x93CD,
    0x9C4E, 0xACAE, 0xB4CF, 0xBCEF, 0xB4D0, 0xB4F0, 0xB511, 0xBD11,
    0xB510, 0xB50F, 0xB4EE, 0xB4EE, 0xB4CE, 0xB4CE, 0xB4CF, 0xB4D0,
    0xB4F0, 0xB4F0, 0xBD11, 0xBD31, 0xB4F0, 0xB4EF, 0xB50E, 0xB4CE,
    0xB4CE, 0xB4CE, 0xB4CF, 0xACAF, 0xA48E, 0xA46E, 0xACAF, 0xB4CF,
    0xB4AF, 0xB48E, 0xB48E, 0xB48F, 0xB4AE, 0xACAE, 0xA48F, 0xA46F,
    0x9C4E, 0x9C2D, 0x9C0C, 0x9BEB, 0x9BEB, 0x9BEA, 0x9BEB, 0x9C0C,
    0x9BEB, 0x9BEA, 0xA3EA, 0xA3EB, 0x9BCA, 0x93AA, 0x93AA, 0x9BCB,
    0x9BEA, 0x9BCA, 0x93CA, 0x93CA, 0x93CA, 0x9C0A, 0x93CA, 0x8B88,
    0x93A9, 0x9BC9, 0x9BC9, 0x9B89, 0x9368, 0x9348, 0x9347, 0x8B47,
    0x8B27, 0x8307, 0x82E7, 0x7AC6, 0x72C6, 0x72A6, 0x6265, 0x59E4,
    0x51A3, 0x5183, 0x5184, 0x49A4, 0x41A3, 0x3943, 0x3903, 0x28C3,
    0x20A2, 0x1862, 0x1061, 0x1061, 0x7B49, 0x8329, 0x8309, 0x7AE8,
    0x72E8, 0x72C8, 0x6AA8, 0x7309, 0x7B28, 0x7328, 0x7B49, 0x8B6B,
    0x93AB, 0x9BEC, 0x9BEC, 0x93AC, 0x93AC, 0x93AC, 0x8B8B, 0x7B2A,
    0x832B, 0x9BCD, 0xB44E, 0xB46F, 0xB48E, 0xB4CF, 0xB4F0, 0xBD10,
    0xBD10, 0xBD10, 0xB4CF, 0xACAF, 0xACAE, 0xACAF, 0xACAE, 0xAC8E,
    0xAC6D, 0xA46E, 0xB4CF, 0xBD11, 0xB4F0, 0xACAF, 0xACAF, 0xACCF,
    0xACAF, 0xACAF, 0xACAE, 0xAC6D, 0xAC6E, 0xACAE, 0xB4CF, 0xB4CF,
    0xACAF, 0xAC8E, 0xA48E, 0xAC8E, 0xACAF, 0xACAE, 0xB4AF, 0xB48F,
    0xB48E, 0xACAD, 0xACAD, 0xA46E, 0xA44F, 0xA44E, 0xA40C, 0xA40B,
    0xA40B, 0x9C0B, 0x9C0C, 0x9C0B, 0x9BEA, 0x9BEA, 0x9BCA, 0x9BEB,
    0xA40B, 0xA3EB, 0x9BCA, 0x9BCA, 0x9BCA, 0x9BCA, 0x9BC9, 0xA3EA,
    0x9BEB, 0x93C9, 0x8B87, 0x9387, 0x9BC9, 0xA3C9, 0x9BA9, 0x9B88,
    0x8B47, 0x8B26, 0x9327, 0x9327, 0x8B07, 0x82E6, 0x7AC6, 0x7AA7,
    0x7266, 0x7AA7, 0x6A66, 0x59E4, 0x4983, 0x5183, 0x59C5, 0x49A4,
    0x4183, 0x4143, 0x3923, 0x30E3, 0x20A2, 0x1862, 0x1042, 0x1062,
    0x8B69, 0x8349, 0x7B2A, 0x7B0A, 0x8309, 0x72C8, 0x6A88, 0x6AE7,
    0x7B49, 0x8B8B, 0x8B8B, 0x836B, 0x836B, 0x838B, 0x8B8B, 0x8B89,
    0x8368, 0x7B48, 0x7B6A, 0x93AC, 0xA42D, 0xAC6E, 0xB4AF, 0xB4D0,
    0xB4AF, 0xA44E, 0xA44D, 0xB4AE, 0xBD10, 0xBD10, 0xACCF, 0xACCF,
    0xACAF, 0xACAF, 0xB4CF, 0xB4AF, 0xAC8E, 0xA48E, 0xACEF, 0xB4F0,
    0xB4F0, 0xB4F0, 0xACCF, 0xACAF, 0xACAF, 0xB4CF, 0xB4AF, 0xAC8E,
    0xACAE, 0xACAE, 0xA48E, 0xA4AE, 0xACAE, 0xACAE, 0xAC8E, 0xA46E,
    0xAC6E, 0xAC4E, 0xAC6E, 0xB4AF, 0xB4AF, 0xB48D, 0xAC8C, 0xAC8E,
    0xA46F, 0x9C4E, 0x9C0B, 0x9C0A, 0x9C0B, 0x9BEB, 0xA40B, 0xAC0A,
    0xAC2B, 0xAC2B, 0xA40B, 0x9BEA, 0x9BCA, 0x9BEB, 0xA40B, 0xA40B,
    0x9BEA, 0xA40B, 0xA3EA, 0x9BCA, 0x93A9, 0x9388, 0x93A8, 0x9BC9,
    0x9BC9, 0x9BA8, 0x9367, 0x9347, 0x8B27, 0x9327, 0x8B27, 0x9327,
    0x8B27, 0x82E6, 0x7AC6, 0x72A7, 0x7266, 0x7286, 0x7265, 0x6224,
    0x51A3, 0x5184, 0x59A4, 0x4984, 0x4183, 0x4163, 0x4144, 0x30E3,
    0x20A2, 0x1882, 0x1062, 0x1062, 0x938A, 0x8B6A, 0x8B6A, 0x8B6A,
    0x8349, 0x7B08, 0x7AE8, 0x72A7, 0x7B08, 0x93AB, 0x8BAC, 0x838B,
    0x838B, 0x83CC, 0x83AB, 0x7B08, 0x6AA7, 0x6B0B, 0x83EF, 0xA450,
    0xAC4F, 0xAC6E, 0xB4CF, 0xB4AF, 0xB48F, 0xB48F, 0xB4AF, 0xB4D0,
    0xB4CF, 0xBD10, 0xB510, 0xACF0, 0xACAF, 0xB4CF, 0xB52F, 0xB550,
    0xAD0F, 0xA48D, 0xA46E, 0xACD0, 0xBD31, 0xBD10, 0xB4F0, 0xACCF,
    0xACAE, 0xB4EF, 0xB530, 0xB530, 0xACEF, 0xAC8D, 0xA44D, 0xA44D,
    0xA48E, 0xACAF, 0xACAE, 0xA46E, 0xAC4E, 0xB48F, 0xB4AF, 0xB48E,
    0xBC8E, 0xB46D, 0xA46C, 0xA44E, 0xA46F, 0xA46E, 0x9C2B, 0x9C0A,
    0x9C0B, 0x9BEB, 0x9BEB, 0x9BEA, 0x93CA, 0x93CA, 0x9BEA, 0xA40B,
    0xA3EA, 0x9BC9, 0x9BA9, 0x9BEA, 0xA40A, 0x9BEA, 0x9BCA, 0x93CA,
    0x9BEA, 0x9BC9, 0xA3A7, 0xA3C8, 0xA3EA, 0x9BCA, 0x8B88, 0x8B48,
    0x9347, 0x9327, 0x8B27, 0x8B27, 0x8B07, 0x82E6, 0x7AC6, 0x7AA7,
    0x7286, 0x7266, 0x7266, 0x6A46, 0x59E5, 0x5183, 0x5183, 0x4963,
    0x4184, 0x4164, 0x3944, 0x30E3, 0x2082, 0x1862, 0x1062, 0x1062,
    0x8B8A, 0x8B8A, 0x8B8B, 0x938B, 0x8B6B, 0x832A, 0x8309, 0x7AE8,
    0x7328, 0x838A, 0x8BAB, 0x8B8B, 0x836B, 0x838B, 0x83AC, 0x836C,
    0x82EA, 0x6A89, 0x732B, 0x9490, 0xB511, 0xBCAF, 0xB4AE, 0xAC8E,
    0xAC8E, 0xAC8E, 0xB4AF, 0xB4F0, 0xB4F0, 0xB510, 0xB4EF, 0xB4CF,
    0xB4CF, 0xACF1, 0xA513, 0xB552, 0xACF0, 0xA46E, 0xA46E, 0xACD0,
    0xB531, 0xB511, 0xB4CF, 0xB4CF, 0xACEF, 0xAD12, 0xAD33, 0xB531,
    0xACCF, 0xA46E, 0xA46E, 0xA48E, 0xAC8E, 0xAC8E, 0xA46E, 0xA44E,
    0xAC6E, 0xB4AF, 0xB48F, 0xB48E, 0xC4EF, 0xC4EE, 0xAC6D, 0x9C2E,
    0xA46E, 0xA4AE, 0xA44C, 0xA42B, 0x9C2B, 0x9BEA, 0x93CA, 0x93A9,
    0x93AA, 0x9BCA, 0x9BCA, 0x9BCA, 0x9BC9, 0x9BC9, 0x9BCA, 0x9BEA,
    0x9BC9, 0x93A9, 0xA3CA, 0xA40B, 0x9BEA, 0x9BC9, 0x9BE9, 0x9BEA,
    0x9BC9, 0x9388, 0x8B68, 0x9368, 0x9368, 0x9347, 0x9347, 0x8B27,
    0x8B07, 0x82E6, 0x7AC6, 0x7AA7, 0x7286, 0x7266, 0x7266, 0x7267,
    0x59E4, 0x5163, 0x5183, 0x4983, 0x4184, 0x4164, 0x4144, 0x30E3,
    0x2082, 0x1062, 0x1062, 0x1062, 0x9BEB, 0x93CB, 0x8B8B, 0x8B8B,
    0x8B8B, 0x834A, 0x8329, 0x8329, 0x8369, 0x8B6A, 0x8BAC, 0x93CD,
    0x93ED, 0x8BAC, 0x838B, 0x83AB, 0x8B8C, 0x7AEA, 0x6A68, 0x6AA9,
    0x838D, 0xA490, 0xB4F0, 0xBD10, 0xBCEF, 0xB4EF, 0xACCF, 0xACCF,
    0xB4F0, 0xB511, 0xB510, 0xB4EF, 0xB50F, 0xAD31, 0xAD53, 0xB512,
    0xAC90, 0x9C6E, 0xA4AE, 0xACEF, 0xB511, 0xB4F1, 0xB4F0, 0xB4EF,
    0xAD10, 0xAD52, 0xAD33, 0xACD1, 0xA48F, 0xA48F, 0xACCF, 0xACCD,
    0xA48C, 0x9C4D, 0xA42D, 0xAC4E, 0xAC6F, 0xB48F, 0xBCAF, 0xBCAF,
    0xBC8D, 0xBC6D, 0xB48E, 0xA48E, 0x9C6D, 0xA44C, 0xA42C, 0xA46D,
    0xA46C, 0x9C0B, 0x93CA, 0x93C9, 0x8BA9, 0x93CA, 0x9BEA, 0x9BCA,
    0x9BCA, 0x9BEA, 0x9BC9, 0x9BC9, 0x9BC9, 0x9BA8, 0x93A8, 0x93E9,
    0x9C2B, 0xA42B, 0x9BEA, 0x8B68, 0x8B26, 0x8B67, 0x93A8, 0x9BC8,
    0x9B88, 0x9368, 0x9347, 0x9327, 0x8B06, 0x82E5, 0x8307, 0x82E8,
    0x7A67, 0x7266, 0x7267, 0x7287, 0x59C4, 0x4963, 0x5183, 0x4984,
    0x49A4, 0x4184, 0x4143, 0x30E3, 0x20A2, 0x1061, 0x1062, 0x1862,
    0x9BEB, 0x9BCB, 0x93AB, 0x93AC, 0x93AC, 0x93AB, 0x8B8B, 0x834A,
    0x8349, 0x8B6A, 0x8BAB, 0x8BCC, 0x93ED, 0x9C0D, 0x9C0D, 0x940D,
    0x93ED, 0x8BED, 0x8BAB, 0x7B08, 0x6AA7, 0x6AC8, 0x7B4B, 0x8C0D,
    0xA48E, 0xB4F0, 0xBD31, 0xB531, 0xACCF, 0xACCF, 0xACF0, 0xB4EF,
    0xB4F0, 0xB4F1, 0xAD11, 0xA4D1, 0xA490, 0x9C6F, 0xA48F, 0xACF0,
    0xB510, 0xACD0, 0xACCF, 0xB4F0, 0xB510, 0xAD11, 0xA4F1, 0xA4B0,
    0xA4B0, 0xA490, 0xA48F, 0x944D, 0x8C2D, 0x942F, 0xAC4F, 0xB46E,
    0xACAE, 0xB4CF, 0xB4AF, 0xB48F, 0xB44E, 0xB46E, 0xB48E, 0xA48D,
    0xA46D, 0xA44D, 0xA42B, 0x9C2B, 0x942C, 0x942C, 0x93EB, 0x93AA,
    0x9BCA, 0x9C0B, 0x9BEA, 0x93AA, 0x9BA9, 0x9BA9, 0xA369, 0x9387,
    0x8B87, 0x8B88, 0x8389, 0x8BA9, 0x93A9, 0x93AA, 0x93C9, 0x93C9,
    0x9BC9, 0x9BE9, 0x9BE9, 0xA3E8, 0xA3A9, 0x9B69, 0x9327, 0x9347,
    0x9348, 0x8307, 0x8B07, 0x82C7, 0x7A66, 0x7A87, 0x72A7, 0x7266,
    0x59C4, 0x5183, 0x51A4, 0x5184, 0x4984, 0x4164, 0x3923, 0x30C2,
    0x20A2, 0x1061, 0x1062, 0x1862, 0x93AB, 0x93AB, 0x93AB, 0x93AB,
    0x93CC, 0x93AC, 0x8B6B, 0x8349, 0x8349, 0x838A, 0x8BAC, 0x93CD,
    0x9BED, 0x9BED, 0x9C0C, 0x9C0D, 0xA42D, 0x9C0D, 0x93EC, 0x9C0D,
    0x9BEC, 0x938A, 0x8329, 0x7B6B, 0x840D, 0x9C4E, 0xB4F0, 0xB531,
    0xACF0, 0xB4F0, 0xB4EF, 0xB4CF, 0xACCF, 0xACD0, 0xACF1, 0xB512,
    0xACF2, 0x9CD0, 0xA4B0, 0xACAF, 0xB4F0, 0xACF0, 0xACD0, 0xB4CF,
    0xACD0, 0xACF0, 0xAD12, 0xB4F2, 0xACF1, 0xA4D0, 0x9C8F, 0x946F,
    0x9470, 0x9C91, 0xA4B1, 0xA4CF, 0xA4AF, 0xA4B0, 0xACD0, 0xACF0,
    0xACF0, 0xACAF, 0xA48E, 0x9C6E, 0x942D, 0x93EC, 0x9C2B, 0x9C4B,
    0x9C4C, 0x9C2C, 0x93EB, 0x93CA, 0x93EA, 0x8BA9, 0x8B68, 0x8B68,
    0x9369, 0x9B8A, 0xA3AB, 0x8B89, 0x7B47, 0x7B48, 0x8BEB, 0x9C2C,
    0x9BCA, 0x9389, 0x93CA, 0x9C4B, 0x9C4B, 0x9C2A, 0x9BE9, 0xA3E8,
    0xA3C9, 0x93A9, 0x8327, 0x8B27, 0x9348, 0x8B27, 0x82E7, 0x7A86,
    0x7266, 0x7A87, 0x7287, 0x6205, 0x59C5, 0x59A4, 0x59A4, 0x51A4,
    0x4984, 0x4144, 0x3923, 0x30E2, 0x20A2, 0x1062, 0x1042, 0x1862,
    0x940C, 0x93EC, 0x8BAB, 0x8BCC, 0x93AC, 0x8B6B, 0x8329, 0x8349,
    0x8349, 0x8B69, 0x8B4A, 0x936B, 0x93AC, 0x93CC, 0x93ED, 0x9C0D,
    0x9C0D, 0x9C2D, 0x9C2D, 0x9C0D, 0x9C0D, 0x9BEC, 0x938B, 0x8BCC,
    0x8C6E, 0x9C8E, 0xACD0, 0xB511, 0xB531, 0xB530, 0xB4F0, 0xB4EF,
    0xB4D0, 0xB4CF, 0xB4CE, 0xACCF, 0xACD0, 0xACF1, 0xACD0, 0xACAF,
    0xACAF, 0xACCF, 0xB4F0, 0xB4F0, 0xB4D0, 0xB4CF, 0xB4CE, 0xACCF,
    0xACF0, 0xACF0, 0xACD0, 0xA4B1, 0x9CB1, 0x9CD0, 0xA4D0, 0xACCF,
    0xAC90, 0xACB0, 0xA4AF, 0x9C6E, 0x9C6E, 0xA48F, 0xA48F, 0x9C6E,
    0x8C0C, 0x93EB, 0xA42B, 0xA42B, 0x940A, 0x93CA, 0x8B89, 0x8B88,
    0x8BA9, 0x93CA, 0x9BEA, 0x93EA, 0x8BEA, 0x8BEA, 0x93CA, 0x8BCA,
    0x83CA, 0x8389, 0x93CA, 0xA40C, 0xA44D, 0x9C4C, 0x942B, 0x8C0B,
    0x940A, 0x9BE9, 0x9BA9, 0xA40A, 0x9BE9, 0x8B88, 0x8B27, 0x82C6,
    0x82C6, 0x8AE6, 0x8AC7, 0x7A86, 0x7266, 0x7267, 0x7226, 0x59C4,
    0x59C4, 0x59C4, 0x59A4, 0x51A4, 0x4984, 0x3943, 0x3923, 0x28E2,
    0x20A2, 0x1862, 0x1042, 0x1862, 0x940C, 0x93EC, 0x93CC, 0x93CC,
    0x8B8B, 0x8B4A, 0x8349, 0x8328, 0x7B07, 0x7B09, 0x7B2C, 0x838D,
    0x9C0C, 0xAC4C, 0xA44D, 0x9C2D, 0x9C2D, 0x9C0D, 0x9BED, 0x9C0D,
    0x9C0D, 0x8BAC, 0x7B2B, 0x7B4C, 0x8BCD, 0xA44D, 0xB4CF, 0xBD11,
    0xA510, 0xAD30, 0xAD30, 0xAD30, 0xB530, 0xB4F0, 0xB4CF, 0xACAE,
    0xAC8E, 0xACAF, 0xACD0, 0xACD0, 0xACAF, 0xAC8F, 0xACCF, 0xAD30,
    0xB530, 0xB4EF, 0xB4AE, 0xAC8E, 0xACAE, 0xACD0, 0xACD0, 0xA4D0,
    0xA4AF, 0xACCF, 0xB4F0, 0xACD1, 0xA490, 0xA4CF, 0xACCF, 0xAC8F,
    0xACD0, 0xA4D0, 0x9C90, 0x944D, 0x944C, 0x9C6D, 0xA46B, 0xA44B,
    0x9C2B, 0x9C0B, 0x9BEA, 0x9BEA, 0x9C2B, 0x93EB, 0x93AA, 0x8B89,
    0x93CA, 0x93CB, 0x8BAA, 0x8369, 0x8367, 0x8B67, 0x9389, 0x9389,
    0x8369, 0x8327, 0x8328, 0x9369, 0x9BC9, 0x9BC8, 0x93A8, 0xA40A,
    0x9BC9, 0x8B67, 0x8B27, 0x82C6, 0x82A6, 0x82C6, 0x82C7, 0x7AA6,
    0x7266, 0x7266, 0x6A26, 0x59C4, 0x59C4, 0x59C4, 0x59A4, 0x51A4,
    0x4984, 0x3943, 0x3922, 0x30E2, 0x20A2, 0x1862, 0x1062, 0x1062,
    0x93EC, 0x940C, 0x93EC, 0x8BCC, 0x836C, 0x834A, 0x8348, 0x8328,
    0x7B29, 0x8329, 0x7B2A, 0x72C9, 0x7289, 0x832A, 0x9C0C, 0xAC8D,
    0xAC6F, 0xA40E, 0x93CD, 0x9BEC, 0x93CC, 0x8B8C, 0x834A, 0x7B4B,
    0x83CD, 0x9CAF, 0xB531, 0xBD32, 0xB4F1, 0xB511, 0xB510, 0xACEF,
    0xB4CF, 0xB4EF, 0xACCF, 0xACAF, 0xAC8E, 0xACAE, 0xACCF, 0xACD0,
    0xACCF, 0xB4CF, 0xACCF, 0xACCF, 0xB4D0, 0xB4CF, 0xACCF, 0xACAF,
    0xACAE, 0xACAE, 0xACCF, 0xACAF, 0xACD0, 0xACF1, 0xAD11, 0xB512,
    0xB4F1, 0xA48F, 0xA48F, 0xACCF, 0xAD53, 0xA513, 0x9C6F, 0x9C0C,
    0x9C2C, 0x9C4D, 0xA44C, 0xA44B, 0xA44B, 0x9C0B, 0x93EA, 0x93CA,
    0x8BCA, 0x8BCA, 0x8B89, 0x8B69, 0x93AA, 0x93EB, 0x93AB, 0x8349,
    0x7B48, 0x8368, 0x7B27, 0x72C6, 0x72C6, 0x7AC6, 0x72C6, 0x72E6,
    0x8327, 0x9388, 0x9BC9, 0xA3EA, 0x9388, 0x8B47, 0x8B68, 0x82E7,
    0x82A6, 0x82A6, 0x82A6, 0x7AA6, 0x7286, 0x7246, 0x6A06, 0x61E5,
    0x59C4, 0x51A4, 0x5984, 0x51A4, 0x4184, 0x3923, 0x3903, 0x30E2,
    0x20A2, 0x1862, 0x1042, 0x1062, 0x940B, 0x8BEB, 0x7BAB, 0x83AB,
    0x8B6B, 0x8309, 0x7B07, 0x8349, 0x8B6A, 0x7B09, 0x8309, 0x832A,
    0x8329, 0x6AA8, 0x7B0A, 0xA42E, 0xAC6D, 0xA42E, 0x93CD, 0x9BEC,
    0x8B8A, 0x7B29, 0x7B6B, 0x9C2E, 0xBCF0, 0xC550, 0xB510, 0xACCF,
    0xACAF, 0xACCF, 0xB4CF, 0xB4AF, 0xACAF, 0xACAF, 0xACCF, 0xACCF,
    0xACCF, 0xACCF, 0xACCF, 0xACAF, 0xB4D0, 0xB531, 0xB510, 0xB4CF,
    0xAC8E, 0xACAE, 0xACCF, 0xACCF, 0xACCF, 0xACAE, 0xACAF, 0xB4F0,
    0xB4F0, 0xACAF, 0xA46F, 0x9C8F, 0xACAF, 0xA4B0, 0xACB0, 0xACAF,
    0x944F, 0x8C2D, 0x942B, 0x9C2C, 0x9C0C, 0xA42C, 0xA46C, 0xA44B,
    0x93EA, 0x93C9, 0x93CA, 0x8BCA, 0x8BAA, 0x8BAA, 0x93EA, 0x93EB,
    0x93EA, 0x8BCA, 0x8BAA, 0x8369, 0x7B27, 0x8348, 0x8348, 0x8328,
    0x8328, 0x8B68, 0x8B68, 0x8B68, 0x8B68, 0x93C9, 0x9BEA, 0x9BC9,
    0x9388, 0x8347, 0x8B68, 0x8307, 0x82A6, 0x8AC6, 0x82A6, 0x7A86,
    0x7286, 0x7246, 0x6A06, 0x6A05, 0x59E5, 0x59C5, 0x59A4, 0x4984,
    0x4163, 0x3923, 0x3903, 0x30E2, 0x20C2, 0x1862, 0x1042, 0x1062,
    0x8BCC, 0x83EC, 0x8BEB, 0x8B89, 0x7AE8, 0x72A8, 0x8329, 0x8B69,
    0x8B69, 0x8329, 0x832A, 0x8309, 0x72A8, 0x72A8, 0x8B8B, 0xA48D,
    0x9C2B, 0x9C0C, 0xA40F, 0xA44F, 0x9C2D, 0x9C0D, 0xAC4E, 0xB491,
    0xBCB1, 0xBC90, 0xB4D0, 0xB4EF, 0xB4F0, 0xB4CF, 0xB4CF, 0xB4CF,
    0xACCF, 0xACCF, 0xACAF, 0xACCE, 0xACCF, 0xACAF, 0xACAE, 0xAC8E,
    0xACAF, 0xB4F0, 0xB4F0, 0xB4CF, 0xACAF, 0xACAF, 0xACCF, 0xACCE,
    0xACCF, 0xACAF, 0xACAF, 0xACAF, 0xAC8F, 0xA46E, 0x9C6E, 0x9C6E,
    0x9C6E, 0xA4AF, 0xACD0, 0xA46F, 0x8B8B, 0x7B69, 0x8BEA, 0x944C,
    0x9C2C, 0xA3EB, 0xAC6B, 0xA48B, 0x9C4A, 0x9C0A, 0x9C0B, 0x9C0C,
    0x93CB, 0x93CA, 0x93CA, 0x93CA, 0x93EA, 0x93CA, 0x8BAA, 0x8B89,
    0x8368, 0x7B48, 0x72E7, 0x7B07, 0x8B69, 0x8B69, 0x8348, 0x8348,
    0x8B68, 0x93C9, 0xA40A, 0xA3E9, 0x93A8, 0x8B48, 0x8B48, 0x8307,
    0x82C6, 0x82C6, 0x8AA6, 0x82A6, 0x7AA7, 0x7266, 0x6A25, 0x6A05,
    0x6206, 0x59E6, 0x59A4, 0x4963, 0x4164, 0x4144, 0x3923, 0x28E2,
    0x20C2, 0x1862, 0x1042, 0x1042, 0x838A, 0x93CA, 0x8B89, 0x6A86,
    0x6246, 0x72C8, 0x938B, 0x8B8A, 0x8349, 0x8B49, 0x7B29, 0x72E9,
    0x7B2A, 0x8BEB, 0x9C2C, 0x9BEC, 0x93AD, 0x9C0E, 0xA44F, 0x9C4E,
    0x9C0E, 0x9C2F, 0xA48F, 0xA4AE, 0xA48E, 0xAC8F, 0xB4D0, 0xB4F0,
    0xB4EF, 0xACCF, 0xACAF, 0xB4CF, 0xB4CF, 0xB4CF, 0xACAE, 0xACCE,
    0xB4CF, 0xB4CF, 0xACAF, 0xACAF, 0xB4CF, 0xACCF, 0xACCF, 0xB4CF,
    0xB4CF, 0xB4CF, 0xACCE, 0xACCF, 0xB4CF, 0xB4CF, 0xACAF, 0xAC8E,
    0xAC8E, 0xAC8F, 0xA48F, 0x944E, 0x942D, 0x9C8F, 0xA48F, 0x9C6E,
    0x9C6D, 0x9C6D, 0x9C6D, 0xA44D, 0x9C6D, 0x9C4C, 0x9C4B, 0xA42A,
    0xA40A, 0x9BCA, 0x9BEB, 0x9C0B, 0x93EA, 0x8BCA, 0x8BCA, 0x93EA,
    0x93CA, 0x93CA, 0x93EB, 0xA46C, 0xA48D, 0x9C4B, 0x8368, 0x72E7,
    0x7B07, 0x8348, 0x8B69, 0x8B89, 0x8B68, 0x8B88, 0x8BA9, 0x8BA9,
    0x8B88, 0x8B47, 0x8B47, 0x82E7, 0x82A7, 0x82C5, 0x82A5, 0x82A6,
    0x7AA7, 0x7287, 0x6A66, 0x6A25, 0x59C5, 0x5184, 0x5183, 0x4984,
    0x4964, 0x3943, 0x3103, 0x28E2, 0x20C2, 0x1062, 0x1062, 0x1062,
    0x93AA, 0x8BAA, 0x8389, 0x7B08, 0x8348, 0x8B8A, 0x8B8B, 0x8B4A,
    0x8328, 0x8328, 0x8B8C, 0x9BEE, 0x9C0E, 0x9BEC, 0x9BCC, 0x9BEE,
    0xA44F, 0xA46F, 0xA44F, 0xA46F, 0x9C4F, 0x9C2F, 0xA46F, 0xB4CF,
    0xB4EF, 0xB4CF, 0xB4D0, 0xB511, 0xB510, 0xB4EF, 0xACAF, 0xACAF,
    0xB4CF, 0xB4CF, 0xACCF, 0xB4CF, 0xACCF, 0xA48E, 0xA48E, 0xA4AE,
    0xACCF, 0xACCF, 0xACCF, 0xACCF, 0xB4CF, 0xB4CF, 0xACCF, 0xB4CF,
    0xACAE, 0xA48E, 0xA4AE, 0xACAF, 0xACAF, 0xACAF, 0x9CB0, 0x948F,
    0x944E, 0x9C4E, 0x9C4E, 0x9C6E, 0xA48F, 0xA48E, 0xA44D, 0xA44C,
    0xA46D, 0xA46D, 0xA44B, 0x9BC9, 0x93A9, 0x9389, 0x8BA9, 0x8BA9,
    0x93A9, 0x9BCA, 0x9BEA, 0x9BEB, 0x9C0B, 0xA44C, 0xAC8D, 0xAC6D,
    0x9C0D, 0x93CC, 0x8B8A, 0x72E6, 0x6A84, 0x8327, 0x93A9, 0x8369,
    0x7B08, 0x7B28, 0x8389, 0x8389, 0x8348, 0x8307, 0x8326, 0x82E7,
    0x82A6, 0x82C6, 0x82A5, 0x7A86, 0x7AA7, 0x72A7, 0x7266, 0x6A25,
    0x59E5, 0x59A5, 0x51A4, 0x4984, 0x4144, 0x30E3, 0x30E2, 0x28E2,
    0x20C2, 0x1062, 0x1062, 0x1082, 0x8BAA, 0x8B89, 0x8389, 0x8369,
    0x8B89, 0x8B8A, 0x8B6A, 0x8B49, 0x8329, 0x836A, 0x93CC, 0x93CC,
    0x8B8B, 0x8B8B, 0x93CC, 0x9BEC, 0x93EC, 0x93EE, 0x9C2F, 0x9C4F,
    0xA46F, 0xAC8F, 0xB4B0, 0xB4B0, 0xB4D0, 0xB4F0, 0xB510, 0xB510,
    0xB4F0, 0xB511, 0xB510, 0xB4F0, 0xB4EF, 0xB4CF, 0xB4CF, 0xB4EF,
    0xB4EF, 0xACAF, 0xA4AE, 0xA48E, 0xAC8F, 0xB4D0, 0xB510, 0xB510,
    0xB4EF, 0xB4CF, 0xB4CF, 0xB4CF, 0xACCF, 0xA4AE, 0xA4AE, 0xACCF,
    0xACCF, 0xA48E, 0x9C8E, 0x946E, 0x944E, 0x9C8F, 0xA4B0, 0x9C90,
    0x8C2D, 0x8BEC, 0x942C, 0x9C4D, 0xA44D, 0x9C4C, 0xA44B, 0x9BEA,
    0x93A9, 0x9BAA, 0xA40B, 0xA42B, 0x8B68, 0x8B47, 0x9388, 0x9BEA,
    0x9C4C, 0xA44C, 0x9C2C, 0x9C0B, 0x93EB, 0x93EC, 0x9C0B, 0x8368,
    0x6AA6, 0x6AA7, 0x7B28, 0x7B49, 0x7AE8, 0x72C7, 0x72E8, 0x7308,
    0x7AE8, 0x7AE7, 0x8307, 0x82E6, 0x82A6, 0x7AA6, 0x82A5, 0x8286,
    0x7AA6, 0x7286, 0x7266, 0x6A46, 0x6226, 0x5A06, 0x59C4, 0x5184,
    0x4123, 0x28A2, 0x30E2, 0x28E2, 0x20C3, 0x1062, 0x1062, 0x1082,
    0x8B8A, 0x8B69, 0x8328, 0x8348, 0x8369, 0x8B8A, 0x8B8B, 0x8B8A,
    0x8B49, 0x8B28, 0x936A, 0x9BCD, 0x9BEE, 0x9BED, 0x93CC, 0x93CC,
    0x93EC, 0x9C2E, 0xA44F, 0xA44F, 0xA46F, 0xA48F, 0xACAF, 0xACB0,
    0xB4D0, 0xB4F0, 0xB4F0, 0xB4F0, 0xB4CF, 0xB4EF, 0xB4EF, 0xB510,
    0xB4F0, 0xB4F0, 0xB4F0, 0xB4F0, 0xB4F0, 0xB4F0, 0xAD10, 0xACEF,
    0xB4D0, 0xB4F0, 0xB510, 0xB4F0, 0xB4D0, 0xB4F0, 0xB4F0, 0xB4F0,
    0xB4F0, 0xB4F0, 0xB510, 0xACEF, 0xA4AE, 0xA48E, 0xA48E, 0x8C2D,
    0x7BAB, 0x83EC, 0x946E, 0x946E, 0x946E, 0x946E, 0x946E, 0x9C4D,
    0x9C4C, 0xA44C, 0xA42B, 0xA42B, 0xA40B, 0x93C9, 0x9BC9, 0x9C0A,
    0x9BCA, 0x9BEA, 0xA42B, 0xA42C, 0x9C2B, 0x9C2B, 0xA46C, 0xA44C,
    0x9C0B, 0x9BEB, 0x93CA, 0x93AA, 0x8B89, 0x7308, 0x72E7, 0x7B28,
    0x836A, 0x7B4A, 0x7308, 0x7328, 0x7B28, 0x8328, 0x8328, 0x82E7,
    0x7AA6, 0x7A85, 0x8AC6, 0x8AE7, 0x7AA6, 0x6A65, 0x6265, 0x6A66,
    0x6246, 0x5A26, 0x59E5, 0x59C5, 0x4144, 0x28A2, 0x28E2, 0x28E2,
    0x20C3, 0x1062, 0x1062, 0x1082, 0x93AB, 0x8B69, 0x8348, 0x8B89,
    0x8B89, 0x8369, 0x8329, 0x8B6A, 0x9369, 0x8308, 0x7AC7, 0x6AA7,
    0x72C9, 0x834C, 0xA40E, 0xAC6F, 0x940E, 0x7BAE, 0x83AF, 0x9430,
    0xA470, 0xA4B0, 0xACB1, 0xACD1, 0xB4D0, 0xACAF, 0xAC8F, 0xACAF,
    0xB4CF, 0xB4EF, 0xB4F0, 0xBD10, 0xB4F0, 0xB4F0, 0xB4F0, 0xACF0,
    0xACF0, 0xB4F0, 0xACCF, 0xACCF, 0xB4F0, 0xB4F0, 0xB510, 0xB510,
    0xB4F1, 0xB4F0, 0xB4F0, 0xACF0, 0xACF0, 0xB4F0, 0xACEF, 0xACCF,
    0xACCE, 0xA4CD, 0xA48E, 0x9C4D, 0x942C, 0x942C, 0x942D, 0x946E,
    0x946E, 0x944E, 0x8C2D, 0x944C, 0x9C6C, 0xA46C, 0xA44C, 0xA40B,
    0xA40B, 0x9C0A, 0xA40B, 0xA40B, 0xA3EA, 0x9BEA, 0x9C0A, 0x9C0B,
    0x9C2B, 0x9C2B, 0x93EA, 0x93AA, 0x93CA, 0x9BEA, 0x93CA, 0x8BAA,
    0x9BAA, 0x9368, 0x8327, 0x7AE7, 0x8328, 0x8349, 0x7B69, 0x7B89,
    0x7B89, 0x836A, 0x8329, 0x7AE7, 0x7AA5, 0x7A85, 0x82C7, 0x8AE7,
    0x7AC6, 0x6A85, 0x6A66, 0x6A67, 0x5A26, 0x51E5, 0x59C5, 0x59C6,
    0x4165, 0x28C3, 0x28C2, 0x28E2, 0x20C2, 0x1062, 0x1062, 0x10A3,
    0x8B6A, 0x8B69, 0x8B69, 0x8BAA, 0x8349, 0x8328, 0x8B49, 0x9369,
    0x9369, 0x8B28, 0x8308, 0x7288, 0x5A07, 0x4102, 0x5164, 0x7AEA,
    0x93CF, 0x8BCF, 0x838E, 0x8C51, 0x9C92, 0xA493, 0xACB1, 0xB4F0,
    0xBD11, 0xBCF1, 0xB4F1, 0xBCF0, 0xBD11, 0xBD10, 0xB4CF, 0xB4CF,
    0xB4D0, 0xB4F0, 0xB4EF, 0xACCF, 0xACD0, 0xB4F0, 0xB530, 0xB530,
    0xB4F0, 0xACCF, 0xACCF, 0xB4CF, 0xB4F0, 0xB4F0, 0xACCF, 0xACD0,
    0xACD0, 0xB4F0, 0xB530, 0xBD31, 0xBD30, 0xACEF, 0xA4AD, 0xA4AD,
    0xACCE, 0x9C4B, 0x9C4B, 0xA4AE, 0x8C0C, 0x7B8A, 0x7BAB, 0x840D,
    0x8C2D, 0x8BEB, 0x9C2B, 0xA40B, 0xA3EA, 0xAC2C, 0xAC6D, 0xA42C,
    0x9389, 0x93A8, 0x9C0A, 0x9C2B, 0x9C2B, 0x9BEB, 0x9BEA, 0x93EA,
    0x93CA, 0x93AA, 0x9BAA, 0x9BAA, 0x93AA, 0x93AA, 0x9369, 0x8B28,
    0x8308, 0x7B28, 0x7348, 0x7368, 0x7B48, 0x8349, 0x8309, 0x82E8,
    0x82E6, 0x7AC5, 0x7A65, 0x7A66, 0x7AA6, 0x72A6, 0x6AA6, 0x6A87,
    0x5A46, 0x51E5, 0x5184, 0x59C6, 0x51A6, 0x3924, 0x28E2, 0x20E2,
    0x20C3, 0x1862, 0x1083, 0x10A3, 0x938A, 0x93AA, 0x8B69, 0x8348,
    0x8307, 0x8327, 0x9369, 0x9389, 0x9349, 0x8308, 0x82E7, 0x8329,
    0x830A, 0x59C6, 0x5165, 0x6248, 0x8B6C, 0x8BAD, 0x8B8C, 0xA490,
    0xB512, 0xB4F1, 0xACD1, 0xACD1, 0xB4F1, 0xB4F1, 0xB4F0, 0xB4F0,
    0xB4F0, 0xB4F0, 0xB4F0, 0xB4F0, 0xB4F0, 0xB4F0, 0xB510, 0xB510,
    0xB4F0, 0xACCF, 0xA4CF, 0xACF0, 0xBCF0, 0xB510, 0xB4F0, 0xB4F0,
    0xB4F0, 0xB4F0, 0xB510, 0xB4F0, 0xB4F0, 0xACEF, 0xACCF, 0xACF0,
    0xB4F0, 0xB4F0, 0xB510, 0xB50F, 0xB50F, 0xACEE, 0xA4AD, 0x9C4C,
    0x940B, 0x8C0C, 0x8C4D, 0x8C2D, 0x8C0C, 0x83EB, 0x942C, 0x9C0B,
    0x9BEA, 0xA3E9, 0x9C0A, 0x9C0B, 0x9BAA, 0x9BC9, 0x9C0A, 0x9C4C,
    0xA42B, 0x9C0B, 0x9C0A, 0x93CA, 0x93CA, 0x93CA, 0x9BAA, 0x938A,
    0x8B69, 0x8B8A, 0x8B8A, 0x8B69, 0x8328, 0x7B28, 0x7B29, 0x7B29,
    0x7B29, 0x7B49, 0x8369, 0x8328, 0x7AA6, 0x6A44, 0x7224, 0x7A86,
    0x82E6, 0x72C7, 0x6AA7, 0x6AA7, 0x6AC7, 0x5A46, 0x5164, 0x59C6,
    0x51E7, 0x3965, 0x3103, 0x20E2, 0x20C3, 0x1882, 0x10A3, 0x10A4,
    0x93CB, 0x8B6A, 0x8327, 0x8327, 0x8B48, 0x8B69, 0x8B68, 0x8B27,
    0x8B07, 0x82E7, 0x8AE6, 0x8B08, 0x8B4A, 0x7AE9, 0x72A8, 0x72E8,
    0x7B29, 0x836D, 0x8BAF, 0x9410, 0x942F, 0xA470, 0xB4F2, 0xB4F2,
    0xB4D1, 0xB4F0, 0xB510, 0xB4F0, 0xB4F0, 0xB4F0, 0xB4F0, 0xB510,
    0xB4F0, 0xACF0, 0xB510, 0xB4F0, 0xB4F0, 0xB4F0, 0xACD0, 0xACCF,
    0xB4D0, 0xB4D0, 0xACF0, 0xB4F0, 0xB4F0, 0xB4F0, 0xB4F0, 0xB4F0,
    0xB4F0, 0xACD0, 0xACCF, 0xACEF, 0xAD10, 0xACF0, 0xACD0, 0xB4CF,
    0xB4CE, 0xACCE, 0xACEF, 0xA4CF, 0xACAE, 0xA44C, 0x8C0B, 0x8C0C,
    0x8C2D, 0x942D, 0x940C, 0x93EB, 0x93E9, 0x9BEA, 0xA40B, 0xA40B,
    0xA40B, 0xA40A, 0xA42B, 0x9C4C, 0x9C0B, 0x93EA, 0x940A, 0x9C0B,
    0x9BEB, 0x93EB, 0x9BEA, 0x93A9, 0x8B69, 0x8B89, 0x93CA, 0x93AA,
    0x8B8A, 0x8349, 0x7B28, 0x7B08, 0x7B28, 0x8349, 0x8349, 0x8308,
    0x7A86, 0x7225, 0x7AA6, 0x8327, 0x82E6, 0x7AC5, 0x7AA6, 0x72C8,
    0x6B09, 0x6287, 0x5184, 0x51C5, 0x51E6, 0x4166, 0x3123, 0x28E2,
    0x20C3, 0x18A3, 0x10A4, 0x10C5, 0x8BAB, 0x8B89, 0x8B48, 0x9368,
    0x9348, 0x9368, 0x9389, 0x8B48, 0x8308, 0x82E7, 0x8AC7, 0x8AE7,
    0x8328, 0x832A, 0x834A, 0x832A, 0x832A, 0x836C, 0x8BEF, 0x8BF0,
    0x9C0F, 0xA46F, 0xA4B0, 0xACF1, 0xBD11, 0xB4F1, 0xB4F0, 0xB4F0,
    0xB4F0, 0xB4F0, 0xB4D0, 0xB4D0, 0xACD0, 0xACD0, 0xB4F0, 0xB4F1,
    0xB4F1, 0xB4F1, 0xB511, 0xB510, 0xB4F0, 0xB510, 0xB4F0, 0xB4D0,
    0xACD0, 0xACF0, 0xB4F0, 0xB511, 0xB4F1, 0xB4F1, 0xB511, 0xB510,
    0xB530, 0xAD10, 0xACF0, 0xACCF, 0xACAE, 0xACAE, 0xACAE, 0xACAE,
    0xACEF, 0xB4EF, 0xAC8D, 0x940B, 0x83EB, 0x8C0C, 0x940C, 0x9C0C,
    0x9C0B, 0x9BC9, 0x9BCA, 0xA40C, 0xAC8D, 0xA46B, 0x9C2A, 0x9C4C,
    0x9C0B, 0x9C0A, 0x9C0B, 0x9C2B, 0x9C2C, 0x9BEB, 0x93AA, 0x9389,
    0x93AA, 0x93CA, 0x9BCB, 0x93AA, 0x93CA, 0x8B89, 0x7B28, 0x7B08,
    0x7B29, 0x7B49, 0x7B08, 0x7AE7, 0x82C6, 0x82C6, 0x82E7, 0x8307,
    0x7AC6, 0x7AE5, 0x8307, 0x82EA, 0x72EA, 0x6288, 0x59A6, 0x51C7,
    0x51E7, 0x41A5, 0x3143, 0x28E3, 0x20C3, 0x20C3, 0x10C4, 0x10E5,
    0x8BAB, 0x9389, 0x9347, 0x9368, 0x9388, 0x9389, 0x9389, 0x8348,
    0x7B07, 0x8B07, 0x8AE7, 0x82C7, 0x8308, 0x8B6B, 0x834B, 0x7AEA,
    0x834C, 0x93EF, 0x9C2F, 0x942F, 0x9C4F, 0xAC8F, 0xAC90, 0xACB0,
    0xACD0, 0xACB0, 0xACD0, 0xACF0, 0xACF0, 0xB510, 0xB530, 0xB510,
    0xB510, 0xB4F0, 0xACD0, 0xACD0, 0xACF0, 0xB510, 0xB511, 0xB510,
    0xB4F0, 0xB4F0, 0xB4F0, 0xB510, 0xB510, 0xB4F0, 0xACD0, 0xACD0,
    0xACD0, 0xB4F0, 0xB511, 0xB531, 0xB510, 0xACF0, 0xACCF, 0xACCF,
    0xACCF, 0xACAE, 0xAC8D, 0xAC8E, 0xACAE, 0xACCE, 0xB4EF, 0xACAE,
    0x942C, 0x8BEB, 0x93EA, 0x93EB, 0x9C0C, 0x9C0B, 0x9C0B, 0x9C4C,
    0xAC8D, 0xA44B, 0x9C0A, 0x9C2C, 0x9C4C, 0xA44C, 0x9C4C, 0x9C2B,
    0x9C2B, 0x9C4B, 0x9C0B, 0x93CA, 0x93AA, 0x8BAA, 0x8B89, 0x8B69,
    0x8B69, 0x8368, 0x7B28, 0x7B08, 0x7B08, 0x7B28, 0x8328, 0x82E7,
    0x82C6, 0x7AC6, 0x82E7, 0x8B07, 0x82E6, 0x7AC6, 0x7AE8, 0x832B,
    0x730A, 0x6288, 0x51C7, 0x51E9, 0x5208, 0x41A5, 0x3144, 0x2903,
    0x20C3, 0x20C3, 0x18E5, 0x1106, 0x8B8A, 0x8B8A, 0x9389, 0x93AA,
    0x8B69, 0x8307, 0x82E7, 0x8307, 0x8B48, 0x9328, 0x8B07, 0x82E7,
    0x8308, 0x832A, 0x834B, 0x7B6B, 0x8BAC, 0x8BEC, 0x8BED, 0x8BEE,
    0x8BEE, 0x940F, 0xA470, 0xACB0, 0xB4F0, 0xBD30, 0xB551, 0xB511,
    0xB4F0, 0xB4F0, 0xB4F0, 0xB510, 0xB510, 0xACEF, 0xACF0, 0xACD0,
    0xACAF, 0xACB0, 0xACF0, 0xACF0, 0xACD0, 0xACF1, 0xB511, 0xBD30,
    0xB4EF, 0xACF0, 0xACD0, 0xACD0, 0xACAF, 0xACCF, 0xACF0, 0xAD10,
    0xB511, 0xB4F0, 0xACD0, 0xACAF, 0xACEF, 0xACAE, 0xACAE, 0xACAF,
    0xACAE, 0xAC8D, 0xA46D, 0xA48D, 0x9C4D, 0x93EB, 0x93EA, 0x93EA,
    0x9C0B, 0xA42C, 0xA42C, 0xA42B, 0xA44C, 0xA42C, 0x9C0B, 0x940A,
    0x9C2B, 0xA44C, 0xA44C, 0x9C2B, 0x9C0B, 0x9C0B, 0x93EA, 0x8BAA,
    0x8BAA, 0x93CA, 0x93CA, 0x8B89, 0x8328, 0x7B08, 0x7B07, 0x72E7,
    0x72C7, 0x72E7, 0x8328, 0x8B07, 0x82C6, 0x7AA6, 0x82C6, 0x82E7,
    0x7AE6, 0x7285, 0x7AC8, 0x8B6D, 0x7B2B, 0x6A88, 0x59C6, 0x59E8,
    0x5208, 0x41C5, 0x3184, 0x2923, 0x28C3, 0x20C3, 0x1105, 0x1147,
    0x836A, 0x8B8A, 0x8BA9, 0x8B8A, 0x8328, 0x7B07, 0x8347, 0x8B48,
    0x8B68, 0x9369, 0x8B28, 0x8AE7, 0x8307, 0x82EA, 0x7B0A, 0x732A,
    0x838C, 0x8BAD, 0x8BAD, 0x93CE, 0x9C2E, 0xAC90, 0xB4F1, 0xBCF1,
    0xBD11, 0xB510, 0xB510, 0xACD0, 0xACF0, 0xACD0, 0xAC8F, 0xACAF,
    0xAC8F, 0xACAF, 0xACCF, 0xB4EF, 0xACF0, 0xACCF, 0xB4CF, 0xB510,
    0xB511, 0xACF0, 0xACAF, 0xAC8F, 0xAC8F, 0xACAF, 0xACEF, 0xACF0,
    0xACF0, 0xACD0, 0xB4D0, 0xB4F0, 0xACD0, 0xACD0, 0xACCF, 0xACCF,
    0xACCF, 0xACCE, 0xACAE, 0xACAE, 0xAC8E, 0xAC8E, 0xAC8E, 0x9C6C,
    0x9C4C, 0xA42C, 0x9BEB, 0x93EA, 0x93EA, 0x9C0B, 0x9C0B, 0x9C0B,
    0x9C0B, 0x9C0B, 0x9BEB, 0x9C0A, 0x9C2B, 0x9C2B, 0x9C2B, 0x9C2B,
    0x9C2B, 0x9C2B, 0x93EB, 0x93CA, 0x93CA, 0x93CA, 0x8B89, 0x8328,
    0x7B08, 0x7AE8, 0x72A7, 0x7AC8, 0x7AE7, 0x7B07, 0x8307, 0x82E7,
    0x82C6, 0x7AC6, 0x82E6, 0x82E7, 0x7AC5, 0x6A65, 0x72A8, 0x8B4D,
    0x7B2B, 0x6A88, 0x59E6, 0x59E8, 0x5208, 0x41C6, 0x31A3, 0x3103,
    0x28C4, 0x18E4, 0x1146, 0x1167, 0x8B6A, 0x8348, 0x7B28, 0x8369,
    0x8BAA, 0x93CA, 0x93CA, 0x8B89, 0x9388, 0x9B89, 0x9328, 0x8B08,
    0x8308, 0x7B0A, 0x7AEA, 0x7B09, 0x8B8C, 0x9C0E, 0xA44F, 0x9C2E,
    0x9C2F, 0xA44F, 0xA46F, 0xACB0, 0xB4D0, 0xAC8F, 0xAC6F, 0xACB0,
    0xACD0, 0xACCF, 0xACAF, 0xACAF, 0xACAF, 0xACD0, 0xACCF, 0xACAF,
    0xACCF, 0xB4EF, 0xB4CF, 0xB4F0, 0xACF0, 0xACCF, 0xAC8F, 0xAC8F,
    0xACD0, 0xACD0, 0xACCF, 0xACAF, 0xACCF, 0xACEF, 0xACCF, 0xB4EF,
    0xACCF, 0xACCF, 0xACCF, 0xACCE, 0xACAE, 0xAC8E, 0xACAE, 0xACCE,
    0xACAD, 0xAC8E, 0xAC8E, 0xAC8D, 0xA48D, 0xA46D, 0xA44D, 0x9C0C,
    0x93EA, 0x9BEA, 0x9BCA, 0x93CB, 0x9BEB, 0x9C0B, 0x940A, 0x93E9,
    0x93C9, 0x9BEA, 0x9C0B, 0x9C0B, 0x9C0B, 0x9C0B, 0x9C2B, 0x93EB,
    0x8BCB, 0x93EC, 0x8BCA, 0x8348, 0x7B08, 0x72E8, 0x7AE8, 0x8309,
    0x8328, 0x8327, 0x82E7, 0x82E6, 0x82E6, 0x82E6, 0x82E7, 0x82E7,
    0x7AE6, 0x72A5, 0x7AC8, 0x8B2D, 0x830B, 0x6A88, 0x59C7, 0x59E8,
    0x5A09, 0x41E6, 0x3163, 0x30E2, 0x30C3, 0x1106, 0x1168, 0x2188,
    0x8B8B, 0x8B8B, 0x938A, 0x8369, 0x83AA, 0x83CA, 0x93EA, 0x8BA9,
    0x9388, 0x9BA8, 0x8B48, 0x8308, 0x8309, 0x832B, 0x832B, 0x7B2A,
    0x8B6B, 0x93CD, 0x9C0E, 0x9C2F, 0x9C2E, 0x9C2F, 0x9C4F, 0xAC8F,
    0xB4D0, 0xB4D0, 0xACB0, 0xACB0, 0xACD0, 0xACCF, 0xACAF, 0xB4AF,
    0xACD0, 0xACD0, 0xACCF, 0xACAF, 0xACCF, 0xB4F0, 0xACCF, 0xAC8F,
    0xACAF, 0xACCF, 0xACAF, 0xACAF, 0xACD0, 0xACCF, 0xACCF, 0xB4AF,
    0xB4CF, 0xB4F0, 0xACCF, 0xACAE, 0xAC8E, 0xAC8E, 0xACAE, 0xACCE,
    0xACCE, 0xACCE, 0xACAE, 0xA4AE, 0xACAE, 0xAC8D, 0xA46C, 0xAC6D,
    0xA46C, 0x9C4C, 0xA48E, 0xA44E, 0x9C0B, 0x93EA, 0x93CA, 0x93EB,
    0x9BEB, 0x9BEB, 0x93CA, 0x93EA, 0x9C2B, 0x9C2C, 0x9C2B, 0x9C0B,
    0x9C0B, 0x9C2C, 0x9C2C, 0x940C, 0x8BCB, 0x8BEB, 0x93EB, 0x8B8A,
    0x7B08, 0x7AC8, 0x7B09, 0x7B29, 0x8349, 0x8308, 0x82E7, 0x82E7,
    0x82E7, 0x7AE6, 0x82E7, 0x82E7, 0x8307, 0x72A5, 0x72C7, 0x8B2C,
    0x832C, 0x7289, 0x51A6, 0x59C8, 0x5A29, 0x4A27, 0x3983, 0x30E2,
    0x28C3, 0x1126, 0x1989, 0x29C9, 0x8349, 0x93AB, 0x940C, 0x83CB,
    0x7B8A, 0x836A, 0x9389, 0x9348, 0x9369, 0x9BCA, 0x8B47, 0x7AC7,
    0x82C9, 0x8B4C, 0x8BAC, 0x838A, 0x836B, 0x93AC, 0x9C0D, 0xAC4F,
    0xAC6F, 0xAC6E, 0xAC8F, 0xAC8F, 0xB4B0, 0xB4B0, 0xACD0, 0xACCF,
    0xACD0, 0xACD0, 0xACD0, 0xB4D0, 0xB4AF, 0xB4AF, 0xB4D0, 0xB510,
    0xB510, 0xB4EF, 0xACAF, 0xACAF, 0xACCF, 0xACCF, 0xACCF, 0xACD0,
    0xB4AF, 0xB4AF, 0xB4F0, 0xB510, 0xB510, 0xB4CF, 0xACAF, 0xACAF,
    0xACAE, 0xACAE, 0xA48E, 0xA48E, 0xACAE, 0xACAD, 0xAC8D, 0xAC8D,
    0xAC8D, 0xAC6D, 0xAC6C, 0xAC6C, 0xAC4D, 0xA46E, 0xA48E, 0xA48D,
    0x9C2C, 0x93CA, 0x93EA, 0x9C0B, 0x9C0B, 0x9C0B, 0x9C0A, 0x9BEA,
    0x9BEB, 0x9C0B, 0x9BEB, 0x93CA, 0x9BEA, 0x9C2C, 0x9C4D, 0x8BEC,
    0x83AB, 0x8BCA, 0x8BAA, 0x7B49, 0x72A7, 0x72E8, 0x7B49, 0x7B29,
    0x7B2A, 0x8329, 0x82E8, 0x82E7, 0x82E7, 0x82E6, 0x7AC7, 0x82E7,
    0x8327, 0x72A5, 0x6A86, 0x7ACB, 0x832B, 0x72A9, 0x4986, 0x51A8,
    0x5209, 0x4A07, 0x3983, 0x30E2, 0x28C4, 0x1947, 0x21A9, 0x31C9,
    0x7B08, 0x7AE8, 0x72A7, 0x72A6, 0x7AE8, 0x8B49, 0x8B68, 0x8B48,
    0x8B68, 0x9BA9, 0x8327, 0x7AC7, 0x7AA9, 0x830B, 0x938D, 0x9BCC,
    0x9C2D, 0xA42D, 0xA42D, 0xA44E, 0xA42E, 0xA42E, 0xAC6F, 0xAC90,
    0xAC90, 0xAC8F, 0xACB0, 0xB4D0, 0xB4D0, 0xB4D0, 0xB4D0, 0xACD0,
    0xB4D0, 0xB4B0, 0xACCF, 0xACF0, 0xB4F0, 0xB4CF, 0xACCF, 0xACCF,
    0xACCF, 0xACB0, 0xACD0, 0xB4D0, 0xB4B0, 0xACD0, 0xACF0, 0xACF0,
    0xB4F0, 0xB4CF, 0xACAF, 0xACAF, 0xACAF, 0xACAF, 0xA48E, 0xAC8E,
    0xAC8E, 0xAC8E, 0xAC8D, 0xAC6C, 0xA44B, 0xAC2C, 0xAC4C, 0xAC4C,
    0xA44C, 0x9C4D, 0x9C4C, 0x9C4D, 0x9C2D, 0x93EC, 0x93CA, 0x93A9,
    0x93CA, 0x93EA, 0x9C0A, 0x9C0B, 0x9C0C, 0x9BEB, 0x9BEA, 0xA40A,
    0x9BEA, 0x93CA, 0x93EB, 0x8BEC, 0x8BAB, 0x8369, 0x8329, 0x7B0A,
    0x72C9, 0x7309, 0x7B6A, 0x7329, 0x7B29, 0x8329, 0x8308, 0x82E7,
    0x82E7, 0x8307, 0x7AC7, 0x82C7, 0x8B27, 0x7AC7, 0x6A67, 0x7268,
    0x82E9, 0x7AA9, 0x59A7, 0x51A8, 0x5208, 0x5207, 0x4164, 0x30E2,
    0x28C5, 0x2168, 0x29C9, 0x29A9, 0x72E8, 0x6AA7, 0x6A46, 0x6A86,
    0x6A86, 0x6AA6, 0x7B07, 0x8B48, 0x9369, 0x9389, 0x8326, 0x72A7,
    0x7AA9, 0x82EB, 0x9B8C, 0xA40C, 0xA44D, 0xA44E, 0xA42F, 0xA44F,
    0xAC70, 0xACB0, 0xACB0, 0xACB0, 0xB4B0, 0xB4D0, 0xB4D0, 0xACD0,
    0xACD0, 0xACD0, 0xACD0, 0xACCF, 0xACAF, 0xACAF, 0xB4CF, 0xB4CF,
    0xACCF, 0xACAF, 0xACCF, 0xB4D0, 0xB4D0, 0xB4D0, 0xACD0, 0xACCF,
    0xACAF, 0xACCF, 0xB4CF, 0xB4CF, 0xACAF, 0xACAF, 0xACAE, 0xACCE,
    0xACCE, 0xACAF, 0xACAE, 0xA48E, 0xA48E, 0xA48E, 0xAC8D, 0xAC6C,
    0xAC4C, 0xAC6D, 0xAC6D, 0xA44C, 0x9C4C, 0x9C4D, 0x940C, 0x9C2D,
    0xA44E, 0x9C0C, 0x93CA, 0x8BA9, 0x8BA9, 0x93AA, 0x93EA, 0x9C0B,
    0x9C0B, 0x93A9, 0x8B47, 0x8B89, 0x93A9, 0x8B89, 0x8B89, 0x83AA,
    0x8369, 0x7B28, 0x72C7, 0x72C8, 0x72C8, 0x7B29, 0x7B49, 0x7329,
    0x7B29, 0x8329, 0x8308, 0x8307, 0x82E7, 0x82E7, 0x7AC6, 0x82E7,
    0x8B47, 0x7AC7, 0x6A67, 0x6A68, 0x7AE9, 0x7AC9, 0x6208, 0x51C8,
    0x51E8, 0x5228, 0x4184, 0x3903, 0x2905, 0x29A9, 0x29CA, 0x29A9,
    0x8349, 0x72E8, 0x7287, 0x7B08, 0x7B08, 0x7AE8, 0x8328, 0x8B68,
    0x93A9, 0x8B89, 0x82E6, 0x7286, 0x7AC9, 0x936C, 0x9BCD, 0x93EB,
    0x9C0B, 0xA44C, 0xAC6E, 0xAC90, 0xAC91, 0xAC90, 0xAC90, 0xAC90,
    0xB4B0, 0xB4D0, 0xACD0, 0xACB0, 0xACD0, 0xB4D0, 0xB4D0, 0xACF0,
    0xACCF, 0xB4AF, 0xB4AF, 0xACAE, 0xACCF, 0xACCF, 0xACD0, 0xACD0,
    0xACCF, 0xACD0, 0xB4D0, 0xACD0, 0xB4AF, 0xB4AE, 0xACAF, 0xACCF,
    0xACCF, 0xACCE, 0xACCE, 0xACCE, 0xACAE, 0xAC8E, 0xA48E, 0xA48E,
    0xA4AE, 0xA48E, 0xA46D, 0xAC6D, 0xAC8D, 0xA46D, 0xA42C, 0x9C2C,
    0x9C4C, 0x9C4D, 0x9C0E, 0x9C0D, 0x93CB, 0x8B88, 0x8B69, 0x8B8A,
    0x93CA, 0x93EA, 0x9BEA, 0x93C9, 0x93C8, 0x9BA9, 0x9368, 0x9348,
    0x8B67, 0x8B89, 0x8BCB, 0x8B8A, 0x8348, 0x7AE7, 0x7B07, 0x8327,
    0x8B69, 0x836A, 0x7B29, 0x7B07, 0x8328, 0x8348, 0x8307, 0x8306,
    0x82E7, 0x82E7, 0x7AC6, 0x82E7, 0x8B28, 0x7AC7, 0x6A66, 0x6A68,
    0x7AEA, 0x7ACB, 0x6208, 0x51C8, 0x51E9, 0x5228, 0x41A5, 0x3124,
    0x2906, 0x31CA, 0x29CA, 0x2988, 0x8369, 0x7B08, 0x7AA7, 0x8328,
    0x7B08, 0x7AE7, 0x8328, 0x8B69, 0x9389, 0x8B68, 0x8307, 0x7AC7,
    0x82C9, 0x7AEA, 0x832C, 0x9B6E, 0xA3AD, 0x9BED, 0x942E, 0xA490,
    0xAC90, 0xAC6F, 0xA44F, 0xAC70, 0xB4B0, 0xACD0, 0xACAF, 0xACAF,
    0xACAF, 0xACCF, 0xACD0, 0xACD0, 0xAC8F, 0xAC8E, 0xB4AF, 0xACAE,
    0xACAE, 0xACAF, 0xB4D0, 0xB4D0, 0xACCF, 0xACD0, 0xACD0, 0xACAF,
    0xAC8E, 0xAC8E, 0xB4AF, 0xACAE, 0xAC8E, 0xACAE, 0xACCE, 0xACAE,
    0xACAE, 0xAC8E, 0xAC8D, 0xACAE, 0xA4AE, 0xA48E, 0xA44C, 0xAC2B,
    0xAC4C, 0xA48D, 0xA48E, 0x9C4D, 0x9C2D, 0x9C2D, 0x9BED, 0x93CB,
    0x8B89, 0x8348, 0x8B69, 0x93A9, 0x93A9, 0x93C9, 0x93C9, 0x93C9,
    0x9BEA, 0x9BEA, 0x9BEA, 0x9BC9, 0x9BC9, 0x9BC9, 0x93A9, 0x8B69,
    0x8328, 0x8308, 0x8307, 0x8348, 0x8BA9, 0x8BCA, 0x8BAA, 0x8B89,
    0x8348, 0x8328, 0x8B48, 0x8307, 0x7AC6, 0x7AC6, 0x7AC6, 0x82E7,
    0x8B28, 0x7AA7, 0x6A66, 0x6A67, 0x72AA, 0x728C, 0x620A, 0x59E8,
    0x5A08, 0x524A, 0x49C6, 0x3145, 0x2926, 0x31CB, 0x29CA, 0x2167,
    0x7B29, 0x72C8, 0x6A87, 0x7B08, 0x7B08, 0x7B08, 0x8327, 0x8B68,
    0x9389, 0x9388, 0x8307, 0x82C7, 0x8AE9, 0x82E9, 0x7B0A, 0x832A,
    0x834B, 0x836D, 0x8BAE, 0x9C0F, 0xA450, 0xAC90, 0xB4B0, 0xB4B0,
    0xB4B0, 0xAC90, 0xACD0, 0xB4F0, 0xB4AF, 0xAC8E, 0xAC8E, 0xAC6E,
    0xAC6D, 0xAC4D, 0xAC6E, 0xAC8E, 0xACAE, 0xACAF, 0xACD0, 0xACF1,
    0xACAF, 0xAC8E, 0xAC6E, 0xAC8E, 0xAC4D, 0xAC6D, 0xAC8E, 0xACAE,
    0xACAE, 0xAC8E, 0xACAE, 0xACAE, 0xAC8E, 0xAC8D, 0xAC6D, 0xAC8D,
    0xA48D, 0x9C8D, 0xA46D, 0xAC6E, 0x9C6D, 0x9C6E, 0xA4AE, 0xA48D,
    0x9C4D, 0x940D, 0x8BAB, 0x8B89, 0x93A8, 0x8B8A, 0x93AA, 0x93C9,
    0x93AA, 0x93CA, 0x9BCA, 0x9BCA, 0x9BC9, 0x9BCA, 0x93C9, 0x9388,
    0x8B89, 0x8B89, 0x8327, 0x72C5, 0x6AA5, 0x7B07, 0x8348, 0x8328,
    0x8348, 0x8369, 0x8B89, 0x8B69, 0x8348, 0x8328, 0x8B68, 0x8B27,
    0x82C6, 0x7AC6, 0x7AC6, 0x82E7, 0x8B08, 0x82E7, 0x72C7, 0x7288,
    0x6A49, 0x6A6A, 0x728C, 0x6A4A, 0x5A29, 0x522A, 0x4A08, 0x3986,
    0x2927, 0x31CA, 0x29C9, 0x2988, 0x7B28, 0x6AA7, 0x6A65, 0x8328,
    0x8349, 0x7B08, 0x72E7, 0x7308, 0x7B48, 0x7B27, 0x7AC7, 0x7AC7,
    0x8B29, 0x8B4A, 0x832A, 0x72EA, 0x7B0C, 0x7B2C, 0x7B8C, 0x93EE,
    0x940E, 0x9C0F, 0xAC50, 0xAC70, 0xB4AF, 0xACAF, 0xAC8E, 0xAC6E,
    0xA44E, 0xAC6E, 0xAC6E, 0xAC6E, 0xAC8E, 0xAC6E, 0xAC6D, 0xAC8D,
    0xB4AE, 0xB4CF, 0xAC8F, 0xAC6E, 0xB48E, 0xAC6E, 0xAC6E, 0xAC6E,
    0xAC8E, 0xAC6D, 0xAC6D, 0xB4AE, 0xB4AE, 0xAC8E, 0xAC8D, 0xAC8D,
    0xAC8D, 0xAC6D, 0xAC6D, 0xAC6D, 0xA46D, 0xAC6C, 0xA46D, 0xA46D,
    0x9C8D, 0xA48D, 0xA48D, 0x9C6D, 0x8C2D, 0x83ED, 0x8BAB, 0x8B69,
    0x8B88, 0x8BA9, 0x9BEB, 0xA42C, 0xA44C, 0x9C0B, 0x9BE9, 0xA40A,
    0x9BEA, 0x93C9, 0x93C9, 0x93E9, 0x93A9, 0x8B48, 0x8328, 0x7B07,
    0x7B07, 0x7AE7, 0x8327, 0x8B69, 0x8B6A, 0x836A, 0x8369, 0x8369,
    0x8348, 0x8327, 0x8328, 0x8307, 0x82E6, 0x82E5, 0x82C7, 0x82E8,
    0x8308, 0x8306, 0x7AE7, 0x7ACA, 0x6A69, 0x6A8A, 0x7AED, 0x6A2A,
    0x59E9, 0x522A, 0x5249, 0x41C8, 0x3147, 0x31CA, 0x29A9, 0x2988,
    0x7B49, 0x6AA6, 0x6244, 0x7B08, 0x7308, 0x6AA7, 0x6A67, 0x72E8,
    0x7308, 0x72C7, 0x7AC6, 0x82E7, 0x8309, 0x830A, 0x82EB, 0x7ACA,
    0x82E9, 0x832A, 0x8BAD, 0x9C30, 0x9C30, 0x9C0F, 0xA470, 0xAC8F,
    0xAC8E, 0xAC6E, 0xB46E, 0xB46E, 0xAC6E, 0xAC6E, 0xAC6E, 0xAC6E,
    0xAC6E, 0xAC8E, 0xB4CE, 0xB4AE, 0xAC8E, 0xAC6E, 0xAC6E, 0xAC6E,
    0xAC6D, 0xAC6E, 0xAC6E, 0xAC6E, 0xAC8E, 0xB4AE, 0xB4AE, 0xACAE,
    0xAC8D, 0xAC8D, 0xAC8D, 0xAC8D, 0xAC8D, 0xAC6D, 0xAC4D, 0xAC4D,
    0xAC4C, 0xA46C, 0xA46D, 0x9C2D, 0xAC8E, 0xACAE, 0x948D, 0x8CAD,
    0x8C2C, 0x8B8A, 0x8308, 0x8328, 0x93C9, 0x8BA9, 0x93CA, 0x9BEB,
    0x9C2C, 0xA42B, 0x9BEA, 0x9BE9, 0x9389, 0x8B88, 0x93A8, 0x93C9,
    0x93AA, 0x8B49, 0x8B28, 0x8B69, 0x93CA, 0x8369, 0x8348, 0x8BAA,
    0x8BAA, 0x8BAA, 0x93AA, 0x93AA, 0x8B48, 0x82E7, 0x8307, 0x8307,
    0x8307, 0x8306, 0x82E7, 0x82E7, 0x82E6, 0x7B06, 0x8307, 0x830B,
    0x72AA, 0x728B, 0x72AC, 0x622A, 0x5A09, 0x5A6B, 0x528A, 0x4208,
    0x3168, 0x31CA, 0x31C9, 0x29A8, 0x8B8A, 0x72E8, 0x5A25, 0x6A87,
    0x72C8, 0x72E8, 0x6A87, 0x6AA7, 0x6AA7, 0x6A87, 0x6A46, 0x72A7,
    0x8328, 0x8328, 0x8307, 0x7AC7, 0x7288, 0x7AEB, 0x93CD, 0xA44E,
    0xAC8E, 0xAC8E, 0xAC6F, 0xAC4E, 0xAC4E, 0xAC6E, 0xACAE, 0xACAE,
    0xAC8E, 0xAC8E, 0xAC8E, 0xAC6E, 0xA44E, 0xAC6E, 0xB4AE, 0xB4AD,
    0xAC6D, 0xAC4D, 0xAC6E, 0xAC6E, 0xAC8E, 0xB48E, 0xAC8E, 0xA46E,
    0xA46E, 0xAC8E, 0xB4AE, 0xB48D, 0xAC8D, 0xAC6D, 0xAC8D, 0xAC6D,
    0xAC4D, 0xAC4C, 0xAC4B, 0xB44B, 0xB46D, 0xAC6D, 0xA46D, 0xA44C,
    0xA46D, 0x944D, 0x8C4D, 0xAD0E, 0x8B89, 0x4983, 0x49C5, 0x8369,
    0xB48D, 0x93CB, 0x8B8B, 0x9BEA, 0x93C9, 0x93C9, 0x9BEA, 0x9C0A,
    0x93C9, 0x93A9, 0x93EA, 0x9BEA, 0x9BEA, 0xA42B, 0xA40C, 0x9BAB,
    0x8B89, 0x8348, 0x8368, 0x8BAA, 0x8B8A, 0x8BAA, 0x8BAA, 0x8B69,
    0x8B28, 0x8307, 0x8327, 0x8307, 0x82E7, 0x8307, 0x8307, 0x82E6,
    0x7AA5, 0x7AE5, 0x8328, 0x832B, 0x7B0C, 0x72AB, 0x6A8B, 0x6A6A,
    0x6A6B, 0x5A8D, 0x52AA, 0x3A28, 0x31A8, 0x39CA, 0x31C9, 0x29C9,
    0x8B4A, 0x8349, 0x72E8, 0x6287, 0x6A87, 0x72E9, 0x7AEA, 0x72C8,
    0x72A7, 0x72A7, 0x7A67, 0x7A87, 0x82E8, 0x82E8, 0x8308, 0x7AE7,
    0x7AC7, 0x832A, 0x836D, 0x832C, 0x8B8C, 0xA44E, 0xAC8F, 0xB48F,
    0xB46E, 0xAC2D, 0xAC4D, 0xAC8E, 0xAC6E, 0xAC8E, 0xAC8E, 0xAC8F,
    0xAC6F, 0xAC6E, 0xAC6D, 0xAC6D, 0xAC6D, 0xAC6E, 0xAC6E, 0xAC8E,
    0xAC8E, 0xAC8E, 0xAC8E, 0xAC6F, 0xAC6F, 0xAC6E, 0xAC6D, 0xAC6D,
    0xAC8D, 0xAC6D, 0xA44D, 0xAC4D, 0xAC4C, 0xAC4C, 0xAC4C, 0xAC4C,
    0xAC6D, 0xAC6C, 0xAC6D, 0xAC6E, 0xA46E, 0x9C4C, 0x942A, 0x9C2A,
    0x7B49, 0x6AE8, 0x93C9, 0x9C09, 0x93CA, 0x8B89, 0x93AA, 0x9BEA,
    0x9BCA, 0x9BCA, 0x9BC9, 0x9BEA, 0x9C0B, 0xA42B, 0x9C2B, 0xA42B,
    0xA42B, 0xA46C, 0xA44D, 0xA42C, 0x93CA, 0x8368, 0x7B48, 0x8369,
    0x8389, 0x8BAA, 0x8B8A, 0x8B48, 0x8B48, 0x8B48, 0x8327, 0x82E7,
    0x82E6, 0x8307, 0x8307, 0x82E7, 0x7AC7, 0x82E7, 0x8309, 0x832B,
    0x832C, 0x7AEC, 0x6AAC, 0x6A8A, 0x6A8B, 0x5A8C, 0x4A4A, 0x3A28,
    0x31E8, 0x39EA, 0x31CA, 0x29C9, 0x834B, 0x8B4A, 0x8B28, 0x7AC7,
    0x7286, 0x72A7, 0x7AE9, 0x72C8, 0x7287, 0x72A6, 0x82C6, 0x8AE7,
    0x82E8, 0x8B09, 0x82E8, 0x7AA8, 0x82C9, 0x834C, 0x8BCE, 0x9BED,
    0xA40C, 0xAC2C, 0xA44E, 0xAC6E, 0xAC6E, 0xA44D, 0xA44D, 0xA46E,
    0xAC6E, 0xAC8E, 0xACAE, 0xAC8E, 0xAC6F, 0xAC6F, 0xAC6E, 0xAC6D,
    0xAC6D, 0xAC6E, 0xA46D, 0xAC6D, 0xAC8E, 0xACAE, 0xAC8E, 0xAC8E,
    0xAC6F, 0xAC6E, 0xAC6D, 0xAC6D, 0xAC6D, 0xAC6C, 0xAC4C, 0xAC4C,
    0xAC4C, 0xA42B, 0xA42C, 0xA42C, 0xAC4D, 0xAC4C, 0xA44C, 0xA46D,
    0xA46C, 0xA44C, 0x9C4B, 0x940B, 0x8BCA, 0x93EA, 0xA46B, 0xA44B,
    0x9C0C, 0xA40C, 0x9BCB, 0x9BCB, 0xA40C, 0x9C0B, 0x9BEA, 0xA44B,
    0xA46C, 0x9C4B, 0x9BEA, 0x9C0A, 0xA40A, 0x9BCA, 0x9389, 0x8388,
    0x8389, 0x8369, 0x8369, 0x838A, 0x8389, 0x8B89, 0x8B69, 0x8B48,
    0x8B48, 0x8B68, 0x8B28, 0x8307, 0x8307, 0x8307, 0x82E6, 0x82E6,
    0x82E7, 0x82C8, 0x82E8, 0x7B2A, 0x836D, 0x8B8E, 0x832D, 0x5A28,
    0x5A28, 0x6AED, 0x528B, 0x3A29, 0x3208, 0x3A0A, 0x31CA, 0x29A8,
    0x8B8A, 0x8B4A, 0x8B09, 0x8328, 0x7AE7, 0x72A7, 0x72E8, 0x72C8,
    0x72A7, 0x6A67, 0x7AA7, 0x82E7, 0x8B07, 0x82E7, 0x72C8, 0x7AE9,
    0x8B6A, 0x8BAB, 0x83AB, 0x8B8B, 0x93AC, 0x9BED, 0xA44E, 0xA44D,
    0xA42C, 0xA44D, 0xA44D, 0xA46E, 0xAC6E, 0xA44D, 0xA44D, 0xA46E,
    0xAC6E, 0xAC6E, 0xAC6E, 0xAC6D, 0xAC6D, 0xAC6D, 0xA46D, 0xA46E,
    0xA46E, 0xA44D, 0xA46E, 0xAC6E, 0xAC6E, 0xAC6E, 0xAC6E, 0xAC6D,
    0xAC6D, 0xAC6D, 0xAC4D, 0xAC4C, 0xA42C, 0xA42C, 0xAC4C, 0xAC4D,
    0xAC6D, 0xA44C, 0xA44C, 0x9C4D, 0x9C2D, 0x9C0C, 0x9C0B, 0x93EA,
    0x9409, 0x9409, 0x940B, 0x9C2D, 0xAC4D, 0xAC6D, 0xAC4D, 0xA42D,
    0xA42C, 0xA42B, 0xA44B, 0xA44C, 0xA46C, 0x9C4C, 0x9BEA, 0x9C0A,
    0x9BC9, 0x9346, 0x8307, 0x8329, 0x836B, 0x7B49, 0x7B47, 0x7B68,
    0x8389, 0x8B8A, 0x8B69, 0x8B48, 0x8B48, 0x8B68, 0x8B68, 0x8B69,
    0x8B48, 0x8327, 0x82E7, 0x82E7, 0x82E7, 0x82C7, 0x82E8, 0x834B,
    0x8B8E, 0x93D0, 0x93AF, 0x51E7, 0x4A07, 0x7B6E, 0x6AED, 0x422A,
    0x29C7, 0x3A0A, 0x31CA, 0x29A8, 0x8B8A, 0x8349, 0x8309, 0x834A,
    0x82E8, 0x7AC8, 0x6B09, 0x72C8, 0x7287, 0x6A67, 0x72A7, 0x6A87,
    0x6225, 0x6225, 0x7287, 0x7B09, 0x8329, 0x834A, 0x834B, 0x836B,
    0x93AC, 0xA40D, 0xB46F, 0xAC8E, 0xA46D, 0xA42C, 0xA42C, 0xA46D,
    0xAC6D, 0xA46E, 0xA46E, 0xAC6E, 0xAC6D, 0xA44D, 0xA42D, 0xA44E,
    0xA44D, 0xA44C, 0xA44C, 0xAC4D, 0xA46E, 0xA46E, 0xA46E, 0xAC6E,
    0xAC4D, 0xA42D, 0xA42D, 0xAC6E, 0xAC6D, 0xAC4D, 0xA42C, 0xAC2B,
    0xAC4C, 0xAC6D, 0xAC6D, 0xA42C, 0xA42C, 0xA42C, 0xA44D, 0xA42D,
    0x9C0C, 0x9C0C, 0x9C2B, 0x9C0B, 0x93CA, 0x8BCA, 0x940C, 0x940C,
    0x9C0B, 0xA42C, 0xA40D, 0xA42C, 0xA44C, 0xAC6C, 0xAC6B, 0x9BE9,
    0x9BEA, 0x9C0B, 0x9BEA, 0x9BA9, 0x9347, 0x8B26, 0x8B88, 0x8B8A,
    0x8B6B, 0x8369, 0x7B68, 0x8369, 0x8B89, 0x8B89, 0x8B89, 0x8B69,
    0x9369, 0x8B68, 0x8368, 0x8368, 0x8B48, 0x8B28, 0x8B07, 0x82E7,
    0x7AC6, 0x7AC7, 0x82E9, 0x836C, 0x8B8E, 0x93AF, 0x93AF, 0x5A48,
    0x5A68, 0x7B8F, 0x736F, 0x4A8B, 0x29A7, 0x31A9, 0x31A9, 0x29A8,
    0x8B6A, 0x8329, 0x82E8, 0x8349, 0x8309, 0x7AE8, 0x72E8, 0x72E8,
    0x7AC8, 0x72A6, 0x72A7, 0x72A7, 0x72A7, 0x7286, 0x7287, 0x7AC8,
    0x8B4A, 0x938B, 0x938B, 0x93AB, 0xA3ED, 0xB46E, 0xB48E, 0xB46E,
    0xAC4D, 0x9C0C, 0xA42C, 0xAC4D, 0xAC6D, 0xACAE, 0xA48E, 0xA44D,
    0xAC6E, 0xAC8E, 0xAC6D, 0xA44D, 0xAC4D, 0xAC6D, 0xA44C, 0xAC4D,
    0xAC8E, 0xACAE, 0xA46D, 0xA44D, 0xAC6E, 0xAC8E, 0xAC6D, 0xA44C,
    0xA42C, 0xA42C, 0xA42B, 0xAC0B, 0xAC0B, 0xA42C, 0xA44C, 0xA44D,
    0xA44D, 0xA44C, 0xA44D, 0xA44D, 0x9BEC, 0x9BCC, 0x9C0B, 0x9C2B,
    0x9C2C, 0x9C0C, 0x9C0C, 0x93EB, 0x93EB, 0x9C2D, 0x9C2B, 0x9BCA,
    0x93CA, 0xA3EB, 0xA40B, 0x9BE9, 0x9BE9, 0x9BEA, 0x9BC9, 0x9367,
    0x9346, 0x9387, 0x93C9, 0x93EA, 0x93CB, 0x8BAA, 0x93CA, 0x93CB,
    0x8BAA, 0x8B89, 0x8B69, 0x9369, 0x8B69, 0x8368, 0x8348, 0x8327,
    0x8B28, 0x8B27, 0x8308, 0x82E7, 0x82E6, 0x7AC7, 0x82E9, 0x8B6D,
    0x836D, 0x836D, 0x838D, 0x62C9, 0x62CA, 0x736F, 0x6B4F, 0x52AC,
    0x31E8, 0x2989, 0x2988, 0x29A7, 0x8349, 0x8329, 0x832A, 0x8B8A,
    0x8B6A, 0x832A, 0x7309, 0x72E8, 0x7287, 0x6A26, 0x6226, 0x5A06,
    0x6205, 0x7266, 0x7AC7, 0x82E8, 0x8B4A, 0x93AB, 0x93CC, 0x93CC,
    0x93AC, 0x93CC, 0xA40C, 0xAC4D, 0xA44D, 0x9C2C, 0xA42D, 0xAC4D,
    0xA44C, 0xAC6C, 0xAC6D, 0xA44D, 0xA42D, 0xA44D, 0xAC6D, 0xAC6C,
    0xA46D, 0xAC6D, 0xA44E, 0xA44D, 0xA44C, 0xAC6D, 0xA46D, 0xA42D,
    0xA44D, 0xAC6D, 0xAC6D, 0xA42C, 0xAC2C, 0xAC4C, 0xAC4C, 0xAC4D,
    0xAC2D, 0xA42D, 0xA46E, 0xA48E, 0xA46D, 0x9C4C, 0x9C2D, 0xA42D,
    0x9BCB, 0x8B8A, 0x8B8B, 0x93EB, 0x9C0B, 0x93EA, 0x93CA, 0x93EB,
    0x9BEB, 0x9C0B, 0x93CA, 0x9389, 0x938A, 0x93A9, 0x9BE8, 0xA40A,
    0x9BEA, 0x93A9, 0x93A9, 0x9BC9, 0xA40A, 0xA42A, 0xA3EA, 0x9BE9,
    0x9C2A, 0x9C2A, 0x9C2A, 0x9BEA, 0x8BAA, 0x8B89, 0x8B89, 0x8B89,
    0x8B89, 0x8368, 0x8348, 0x8B28, 0x8B28, 0x8B27, 0x8327, 0x8307,
    0x7AE6, 0x7AC7, 0x82E9, 0x8B4D, 0x834D, 0x7B2C, 0x730B, 0x62CA,
    0x62EB, 0x732E, 0x6B2F, 0x5AED, 0x428B, 0x29A9, 0x2147, 0x2987,
    0x8B8A, 0x8B4A, 0x8B2A, 0x8B6A, 0x8B6A, 0x8B6A, 0x7B49, 0x7AE9,
    0x6A87, 0x6206, 0x5226, 0x6287, 0x7AC8, 0x8B29, 0x8B28, 0x82E8,
    0x8308, 0x8B4A, 0x9BAC, 0x9BCC, 0x9BCB, 0x9BEB, 0xA40D, 0xA42D,
    0x9C0C, 0x9BEC, 0xA42D, 0xA46D, 0x9C4D, 0xA46C, 0xA44D, 0xA44D,
    0xA44D, 0xA44D, 0xAC6D, 0xAC6D, 0xA46C, 0xA42B, 0xA42C, 0x9C4D,
    0xA46D, 0xA46C, 0xA46D, 0xA44D, 0xA44D, 0xA44D, 0xA46D, 0xAC6D,
    0xB4AF, 0xB4B0, 0xAC6F, 0xAC4F, 0xA46E, 0x9C4D, 0x9C4C, 0x9C4D,
    0xA46E, 0xA48E, 0xA44D, 0x9C0D, 0x9BCA, 0x93A9, 0x8BAA, 0x93EB,
    0x9C2C, 0x9C0B, 0x93CA, 0x93AA, 0x93CB, 0x9BEC, 0x93AB, 0x9389,
    0x93A9, 0x9BC8, 0xA408, 0xA3E8, 0x9BA9, 0x9BAA, 0x9BCA, 0x9BCA,
    0x9BC9, 0x9BE9, 0xA40A, 0xA40B, 0xA40B, 0x9BE9, 0x93C9, 0x8BA9,
    0x8B89, 0x8BA9, 0x8BA9, 0x8BA9, 0x8B89, 0x8368, 0x8348, 0x8328,
    0x8B48, 0x8B48, 0x8B28, 0x8307, 0x7AC6, 0x82E7, 0x8B0A, 0x830C,
    0x832D, 0x7B0B, 0x6AEA, 0x5A89, 0x5AAB, 0x6B2D, 0x6B2F, 0x630F,
    0x4ACD, 0x29A8, 0x2126, 0x2166, 0x8BAA, 0x8B6A, 0x8329, 0x8329,
    0x8329, 0x8329, 0x7308, 0x72C8, 0x72A7, 0x6A87, 0x7B08, 0x8B69,
    0x9369, 0x8B49, 0x8B29, 0x9369, 0x93A9, 0x9BCA, 0xA3CB, 0xA3EC,
    0xA3EC, 0xA3EB, 0xAC2C, 0xA42D, 0x9C0D, 0x9BEC, 0x9BEB, 0x9C2C,
    0xA42D, 0x9C2D, 0xA44D, 0xACAE, 0xB4AF, 0xB4AF, 0xA46D, 0xA42C,
    0xAC2C, 0xAC4D, 0x9C0C, 0x9C0C, 0x9C2D, 0x9C4D, 0xA48D, 0xACAE,
    0xB4AE, 0xAC8E, 0xAC8D, 0xAC6D, 0xAC4E, 0xA46F, 0xA450, 0xA42E,
    0xA42C, 0xA46D, 0xA48D, 0xA48D, 0x9C6D, 0x9C6D, 0x944E, 0x940D,
    0x9389, 0x9388, 0x9C0B, 0x9C2C, 0x9C4C, 0x9C2C, 0x9BEA, 0x93CA,
    0x93CA, 0x9BCB, 0x9BCB, 0x9C0B, 0xAC6B, 0xAC6B, 0xAC4A, 0xA44A,
    0xA409, 0x9BE9, 0x9BCA, 0x9BCA, 0xA3EA, 0x9BEA, 0x9BEA, 0x93EA,
    0x93E9, 0x93C9, 0x93C9, 0x93AA, 0x8B89, 0x8B89, 0x8B69, 0x8B89,
    0x8369, 0x8348, 0x8328, 0x8308, 0x8B28, 0x8B48, 0x8B28, 0x8AE7,
    0x82E7, 0x8328, 0x830A, 0x7ACC, 0x830C, 0x832C, 0x730C, 0x5A8A,
    0x5A8B, 0x6B0D, 0x732F, 0x632F, 0x428D, 0x2167, 0x1925, 0x2146,
    0x836A, 0x836A, 0x8349, 0x8329, 0x7B08, 0x7AE8, 0x72E7, 0x6AA7,
    0x6A87, 0x6A67, 0x8B09, 0x9B4A, 0x8B08, 0x8B09, 0x934A, 0x9B6B,
    0x9BAA, 0x9BCA, 0x9BCB, 0x9BCC, 0x9BAB, 0xA3CB, 0xAC2C, 0xAC4D,
    0xA42D, 0xA40C, 0x9BEC, 0x9C2D, 0xA46D, 0xA44D, 0x9C0C, 0x9C2C,
    0xA44C, 0xAC6D, 0xAC6D, 0xA42C, 0xA3EC, 0xA40C, 0x9C0C, 0xA44D,
    0xAC6D, 0x9C2C, 0x9C0C, 0x9C2D, 0xA44C, 0xAC4C, 0xAC6D, 0xAC6D,
    0xAC6E, 0xAC4E, 0xA42E, 0xA42E, 0xA44D, 0x9C4D, 0xA46D, 0xA46D,
    0x944C, 0x946D, 0x9C4C, 0x9BCB, 0x8B49, 0x8B69, 0x9BEB, 0xA44C,
    0xA46C, 0xA46C, 0xA44C, 0xA44C, 0xA44B, 0xA44B, 0xA44B, 0xA42B,
    0xAC4C, 0xAC2C, 0xAC2B, 0xAC2B, 0xAC6B, 0xAC4B, 0xA40B, 0xA3EA,
    0x9C0A, 0xA42A, 0xA40B, 0x9BEA, 0x9BEA, 0x93C9, 0x93CA, 0x93AA,
    0x8B89, 0x8B89, 0x8B8A, 0x93CA, 0x8B89, 0x8328, 0x8307, 0x8307,
    0x8B28, 0x8B49, 0x8B08, 0x8B07, 0x8327, 0x8B49, 0x832B, 0x7AAB,
    0x7B0B, 0x834C, 0x82ED, 0x6AEC, 0x62CC, 0x62CD, 0x7350, 0x6330,
    0x428C, 0x1926, 0x10C4, 0x1925, 0x836A, 0x836A, 0x834A, 0x8349,
    0x7B09, 0x72A8, 0x72A7, 0x72A7, 0x6A66, 0x6225, 0x72A8, 0x8B4A,
    0x9B8A, 0x9B69, 0x9348, 0x9388, 0x9BCA, 0xA3CC, 0x9BCC, 0xA42C,
    0xAC4D, 0xAC2D, 0xAC2D, 0xA42C, 0xA42C, 0xA42C, 0xA3EB, 0x9BEC,
    0xA42D, 0x9C2D, 0xA44D, 0xA46D, 0xA44D, 0xA44D, 0xA42C, 0xA40C,
    0xA3EB, 0xA40B, 0x9BEB, 0x9C0C, 0xA42D, 0xA44D, 0xA46D, 0xAC6D,
    0xA42D, 0xA42C, 0xA46C, 0xA46C, 0xA44C, 0xA42D, 0xA42D, 0x9C2D,
    0x9C2C, 0x9C0C, 0x9C2C, 0x9C4D, 0x944D, 0x9C4B, 0x8BA9, 0x7B08,
    0x8B69, 0x9BEB, 0x9C0B, 0xA40A, 0x9BEA, 0x93EA, 0x9BEB, 0x93EB,
    0x93EA, 0x93CB, 0x9BEB, 0x9C0B, 0x9C0B, 0x9C0B, 0x9BEA, 0xA3EB,
    0xAC0B, 0xA40B, 0x9C0B, 0x9C0A, 0x9C0A, 0x9C0B, 0xA40B, 0x9C0B,
    0x9BEA, 0x93CA, 0x93CA, 0xA3CA, 0x9BCB, 0x938A, 0x8B69, 0x8BAA,
    0x8B8A, 0x8B49, 0x8328, 0x8328, 0x8328, 0x8B28, 0x9308, 0x8B28,
    0x7B48, 0x834A, 0x832C, 0x7AED, 0x7B0C, 0x830C, 0x82CC, 0x7B2C,
    0x6AEC, 0x5A8D, 0x7330, 0x6B50, 0x4AAC, 0x1906, 0x08A3, 0x10E4,
    0x8B8A, 0x8B8B, 0x834A, 0x7B08, 0x72C8, 0x6A88, 0x6A67, 0x7287,
    0x72A7, 0x6A66, 0x51E5, 0x49A4, 0x4A05, 0x6287, 0x832A, 0x93AC,
    0x9BCD, 0xA40D, 0xAC2D, 0xB44D, 0xAC0C, 0x9BEB, 0xA3EB, 0xAC2C,
    0xAC4C, 0xA42C, 0x938A, 0x9329, 0xA3AB, 0xA44D, 0xA4AE, 0xAC8E,
    0xAC8E, 0xA44D, 0xA42C, 0xAC2B, 0xAC2B, 0xA40C, 0x936A, 0x934A,
    0xA40C, 0xA48E, 0xACAE, 0xAC8E, 0xA44D, 0xA44D, 0xAC6D, 0xAC6D,
    0xAC6D, 0xA44D, 0xA40C, 0xA42C, 0xA46D, 0xA46D, 0x9C0B, 0x9BEA,
    0xA42A, 0x8BC9, 0x7B48, 0x8328, 0x93CA, 0x9C0B, 0x8BA9, 0x93A9,
    0x93CA, 0x9C0C, 0x9C2C, 0x9C2B, 0x9C0B, 0x9C0B, 0xA44C, 0xA46C,
    0x9C4C, 0x9BEB, 0x9BCA, 0x9BEA, 0xA40B, 0xA40C, 0xA40D, 0xA40B,
    0x9C0B, 0x9BEC, 0x9BEC, 0x9BEB, 0x9C0A, 0x93CA, 0x938A, 0x9389,
    0x93AA, 0x93AA, 0x8B8A, 0x8B8A, 0x8B69, 0x8369, 0x8B6A, 0x8B49,
    0x8B28, 0x8B08, 0x8B08, 0x8B28, 0x7B47, 0x836A, 0x836D, 0x7B2E,
    0x7B0D, 0x7AEC, 0x82CC, 0x832D, 0x6AEC, 0x524B, 0x6B10, 0x7391,
    0x532E, 0x1927, 0x0063, 0x08A3, 0x8B8B, 0x838B, 0x836B, 0x834A,
    0x7AE8, 0x6A87, 0x6A67, 0x7288, 0x72A8, 0x72C7, 0x82E8, 0x82E9,
    0x7AC8, 0x6225, 0x59A4, 0x69E6, 0x7AE9, 0x83CB, 0x8C0C, 0xA40D,
    0xAC4D, 0xA46D, 0xA42C, 0xA40B, 0xA40B, 0xA40C, 0x9BAB, 0x936A,
    0x9BAA, 0xA42C, 0xAC6E, 0xAC8E, 0xACAE, 0xAC6D, 0xA40C, 0xA3CB,
    0xA3EB, 0xA40B, 0x9B8A, 0x936A, 0x9BEB, 0xA44C, 0xAC8E, 0xAC8E,
    0xA46D, 0xA44C, 0xA44C, 0xA44D, 0xA44E, 0xA42D, 0x9C0C, 0x9C2B,
    0x9BCA, 0x9369, 0x93A9, 0x9C0A, 0xA42B, 0x940A, 0x942B, 0x9C6D,
    0x9C2D, 0x9C2D, 0x9C4C, 0x9C4C, 0x9C4C, 0x9C2B, 0x9C0B, 0x9C0B,
    0xA42C, 0xA46D, 0xAC8D, 0xA46D, 0x942C, 0xA46E, 0xACAE, 0xA46D,
    0xA42C, 0xA44D, 0xB48F, 0xAC8D, 0xA44C, 0x9C0C, 0x93EC, 0x93EC,
    0x9C0C, 0x93CA, 0x8369, 0x836A, 0x93AA, 0x93CA, 0x8B8A, 0x8B8A,
    0x8369, 0x7B49, 0x8349, 0x8329, 0x8B08, 0x8B29, 0x82E7, 0x7AC7,
    0x8349, 0x9C4E, 0x9C50, 0x7B6E, 0x7B0D, 0x830C, 0x830D, 0x834D,
    0x62AB, 0x41EA, 0x62AE, 0x7BB1, 0x6BB0, 0x2188, 0x0063, 0x0062,
    0x8BAB, 0x838B, 0x7B6A, 0x838B, 0x7AE9, 0x6A68, 0x72A8, 0x72E9,
    0x72E9, 0x72A7, 0x6A46, 0x7287, 0x8309, 0x8B29, 0x82E8, 0x7287,
    0x6AA7, 0x7B6A, 0x940C, 0xA3CC, 0xA3AB, 0xA3EC, 0xA42C, 0xA42B,
    0xA40B, 0xA40C, 0xA3EB, 0x9BCB, 0x9BEB, 0xA40C, 0xA42D, 0xA44D,
    0xAC6D, 0xAC4D, 0xA40C, 0x9BAA, 0xA3CA, 0xA40B, 0x9BEB, 0x9BCB,
    0xA40B, 0xA42C, 0xA44D, 0xA46D, 0xA44D, 0xAC4D, 0xAC6C, 0xA44B,
    0x9C0C, 0x9BEC, 0x93CC, 0x93AB, 0x9BAA, 0x9BA9, 0x9BCA, 0x9BEA,
    0x9BEA, 0x9C2A, 0x9C4B, 0x9C4C, 0x93EC, 0x940D, 0x944D, 0x9C4C,
    0x9C2B, 0x9C0B, 0x9C0B, 0x9C2C, 0xA44C, 0xA46D, 0xA46D, 0xA42C,
    0x93EB, 0x940C, 0xA46E, 0xB4EF, 0xB4AE, 0xA44D, 0xA44D, 0xAC4C,
    0xAC4C, 0xA44D, 0x9C0C, 0x9C0C, 0x9C2C, 0x93EC, 0x8BAB, 0x8BAB,
    0x93AA, 0x8B8A, 0x838A, 0x8BAA, 0x8B8B, 0x838A, 0x8389, 0x7B08,
    0x82C8, 0x9349, 0x8307, 0x7AE8, 0x836B, 0x940D, 0x940F, 0x838F,
    0x836E, 0x834D, 0x82EC, 0x7B0D, 0x5A6B, 0x41C9, 0x5A8C, 0x7BD1,
    0x7BF2, 0x29C9, 0x0063, 0x0041, 0x83AC, 0x7B6B, 0x7B2A, 0x7B09,
    0x6A88, 0x6248, 0x6AC8, 0x72E9, 0x72C9, 0x7AC9, 0x7288, 0x6A66,
    0x6245, 0x6A66, 0x72A7, 0x7AC8, 0x7A87, 0x7AC9, 0x8BAB, 0x9C0C,
    0xB44D, 0xB42C, 0xA40B, 0x9BEB, 0x9BEB, 0xA40B, 0xA3EB, 0xA3CB,
    0xA3EB, 0xA40C, 0xA44D, 0xA44D, 0xA44C, 0xA42C, 0x9BEB, 0xA3EB,
    0xAC0B, 0xA40B, 0xA3CB, 0x9BCB, 0xA3EB, 0xA42D, 0xA44D, 0xA44C,
    0xA42C, 0xA42C, 0xAC2D, 0xA42D, 0xA44D, 0xA44D, 0xA42D, 0x9C0C,
    0x9BCA, 0xA3AA, 0x9BAA, 0x93CA, 0x93E9, 0x8BC9, 0x8B89, 0x8B89,
    0x8BA8, 0x8BC9, 0x940B, 0x9C4C, 0xA44B, 0x9C2B, 0x9C2A, 0xA44C,
    0xAC6D, 0xA46C, 0x9C2C, 0x9C2C, 0x9C6D, 0x9C6C, 0x9C6D, 0xAC8E,
    0xAC8E, 0xA46D, 0xA44D, 0xA44C, 0xA44C, 0xA44C, 0x9C0B, 0x93CB,
    0x8BEB, 0x8BEC, 0x8BCC, 0x8B8A, 0x8B69, 0x8BAA, 0x940C, 0x9C0D,
    0x9BAC, 0x8B6A, 0x8BAA, 0x8369, 0x8309, 0x8B29, 0x8B08, 0x8329,
    0x838B, 0x838D, 0x8BCE, 0x840F, 0x83AF, 0x832D, 0x82EC, 0x72CC,
    0x524B, 0x41EA, 0x524B, 0x7BD1, 0x8454, 0x3A0A, 0x0883, 0x0021,
    0x838B, 0x7B4A, 0x72E8, 0x72A9, 0x6A69, 0x6AA9, 0x6B09, 0x6AE9,
    0x72A9, 0x7AA9, 0x7AA8, 0x7AC8, 0x7AE8, 0x72A7, 0x6245, 0x5A25,
    0x7266, 0x8AC8, 0x936A, 0x93CB, 0x9C0C, 0xA3EC, 0x9C0B, 0x9BEB,
    0x9BCA, 0xA3EB, 0xA40C, 0x9BEB, 0x93AA, 0x9BCB, 0xA42C, 0xA44C,
    0xAC2C, 0xA40C, 0x9BEB, 0x9BCB, 0xA3CA, 0xA40B, 0xA3EB, 0x9BCB,
    0x9BAA, 0xA3EC, 0xAC4C, 0xA44C, 0xA40C, 0xA40C, 0xA3EC, 0xA3EB,
    0xA42C, 0xA42C, 0x9BEC, 0x9BEC, 0x9BEB, 0x9BA9, 0x9BA9, 0x93AA,
    0x93A9, 0x9388, 0x9B69, 0x9BAA, 0x93CA, 0x93CA, 0x93CB, 0x93CA,
    0x9BEA, 0xA42A, 0x9C29, 0xA42B, 0xAC4D, 0xAC6E, 0xA48E, 0xA44D,
    0xA3EC, 0xA44C, 0xA4AD, 0xA4AD, 0x9C6C, 0x9C2C, 0x9C2C, 0xA42B,
    0x9C0B, 0x93EB, 0x93EB, 0x940B, 0x940C, 0x93EC, 0x8BCB, 0x8BAA,
    0x8B8A, 0x8B6A, 0x8B6A, 0x8B8B, 0x8B6A, 0x8329, 0x7B49, 0x8349,
    0x8349, 0x8348, 0x82E8, 0x834B, 0x93EE, 0xA4B2, 0x9C71, 0x7B8D,
    0x6B0B, 0x7B0C, 0x8B2D, 0x72CD, 0x4A2B, 0x39EA, 0x522B, 0x7BB1,
    0x8C94, 0x424B, 0x08A4, 0x0021, 0x7B4A, 0x7B09, 0x72A8, 0x6A47,
    0x6A47, 0x7288, 0x72E9, 0x6AE9, 0x6AC8, 0x7AA8, 0x7A88, 0x72A8,
    0x7AE9, 0x82E8, 0x7AC7, 0x6A87, 0x7A87, 0x8AE9, 0x932A, 0x8329,
    0x8B6A, 0x9BCB, 0x9C0C, 0xA40B, 0xA3EB, 0xA3EA, 0x9BCA, 0x93CB,
    0x9BCC, 0x9BCB, 0xA3CB, 0xA40B, 0xAC2C, 0xA42C, 0x9BCA, 0x9BAA,
    0x9BCA, 0xA3EA, 0x9BCA, 0x93CB, 0x9BCC, 0x9BCB, 0x9BEB, 0xA42C,
    0xAC2C, 0xA42C, 0xA40C, 0xA40B, 0xA3EB, 0x9BEB, 0x9BEC, 0x9C0C,
    0x9C0C, 0x9BEB, 0x93CB, 0x938A, 0x9347, 0x8AE6, 0x8328, 0x8B69,
    0x8389, 0x8368, 0x8B68, 0x8B68, 0x8B69, 0x938A, 0x9BC9, 0x9BE9,
    0x9BEA, 0xA42B, 0xA44C, 0x9C2C, 0x93AB, 0x9BAB, 0xA40C, 0xA44C,
    0x9C2B, 0x9BEB, 0x9BEB, 0x93CA, 0x9C0A, 0xA42B, 0x9C2B, 0x93EB,
    0x93CA, 0x8BAA, 0x8369, 0x8328, 0x8328, 0x8349, 0x8B8B, 0x8BAB,
    0x834A, 0x72C8, 0x6AE7, 0x6AA7, 0x72C7, 0x8349, 0x7B09, 0x834B,
    0x942F, 0xB574, 0xBD75, 0x9451, 0x7B6D, 0x7B2C, 0x8B2E, 0x6AAD,
    0x4A0B, 0x31A9, 0x4A0A, 0x7BB1, 0x8C94, 0x52CD, 0x10E5, 0x0021,
    0x7B4A, 0x72E9, 0x6A87, 0x72C7, 0x7B08, 0x7B29, 0x72E8, 0x72A7,
    0x72A7, 0x7AA9, 0x72A8, 0x7287, 0x7A87, 0x8288, 0x7A88, 0x6A86,
    0x7AA7, 0x92E8, 0x9B6B, 0x9BEC, 0x9C0C, 0xA3EC, 0x93EA, 0x93A9,
    0x9389, 0x9389, 0x9BA9, 0x9BCA, 0x9C0C, 0xA40C, 0x9BEB, 0x9BEB,
    0xAC0B, 0xAC0C, 0x9BEB, 0x9BEB, 0x9BCA, 0x9BA9, 0x9389, 0x9BCB,
    0xA40C, 0xA3EC, 0xA3EB, 0xA3EB, 0xAC0B, 0xA40C, 0xA40B, 0xA40C,
    0xA40B, 0xA3EB, 0xA40B, 0x9C0B, 0x9C0C, 0xA42C, 0xAC2C, 0xA42C,
    0x9C2C, 0x9C4E, 0xA42D, 0xABEB, 0xA40B, 0x9C0A, 0x93EA, 0x93CA,
    0x9BEA, 0xA42A, 0xA40A, 0x9BA9, 0x8B68, 0x8B89, 0x93CA, 0x93CB,
    0x93AB, 0x934A, 0x936A, 0x9C2B, 0x9C4B, 0x9C0B, 0x9BEA, 0x9BEA,
    0x9BEA, 0xA40B, 0xAC4C, 0xA44C, 0x940B, 0x93CB, 0x93CB, 0x93AB,
    0x8B8A, 0x836A, 0x834A, 0x7B08, 0x7AE8, 0x834A, 0x8B8A, 0x7B48,
    0x7B27, 0x93CB, 0x830A, 0x6AC9, 0x7BAE, 0xA4B2, 0xBD55, 0xB534,
    0x8C10, 0x836E, 0x834E, 0x72CE, 0x4A0B, 0x2969, 0x41CA, 0x7370,
    0x8C74, 0x634F, 0x2146, 0x0021, 0x7B29, 0x7AE8, 0x7287, 0x7AC7,
    0x7B08, 0x8369, 0x8369, 0x7B29, 0x7AE9, 0x7AC9, 0x72A8, 0x6A67,
    0x7247, 0x7267, 0x6A26, 0x5A05, 0x7AE9, 0xA38C, 0xB3EC, 0xB42D,
    0xAC4D, 0x9C0C, 0x93EB, 0x93EB, 0x93CB, 0x9BCA, 0x93AA, 0x93AA,
    0x9BCB, 0xA40B, 0xA42C, 0xAC4C, 0xAC2B, 0xA40B, 0x9C0C, 0x9C0C,
    0x9BEB, 0x93AA, 0x93AA, 0x93AA, 0x9BEB, 0xA42B, 0xA44C, 0xAC4C,
    0xAC2C, 0xA40B, 0xA3EA, 0xA40B, 0xA40B, 0xA40B, 0xA40B, 0x9C0B,
    0x9C0C, 0xA40B, 0x9BEB, 0x9C0C, 0xAC4D, 0xAC4D, 0xAC4C, 0xAC2C,
    0xAC6D, 0xAC6D, 0xA42C, 0xA42C, 0xA44C, 0xA44C, 0xA40B, 0xAC2C,
    0xB46D, 0xAC8E, 0xA42D, 0xA40C, 0xA46E, 0x944E, 0x9C2D, 0xAC4D,
    0xAC6D, 0xA46D, 0xA44C, 0xA42A, 0x9C0A, 0x9BEB, 0x9C0C, 0xA40C,
    0x9C0C, 0x93CB, 0x8B8A, 0x8B8A, 0x838A, 0x836A, 0x8B6B, 0x8BAB,
    0x93CC, 0x93AC, 0x7B69, 0x7B88, 0x8B89, 0x93AC, 0x834A, 0x838C,
    0x9491, 0x9C72, 0xACB3, 0xB554, 0x9CB2, 0x8BF0, 0x836F, 0x72EE,
    0x524D, 0x31CA, 0x3989, 0x6B0F, 0x8C54, 0x73B1, 0x29A8, 0x0041,
    0x6265, 0x6266, 0x6AA7, 0x7AC8, 0x7AE8, 0x7308, 0x7B08, 0x7B08,
    0x7B09, 0x7AC9, 0x7288, 0x7287, 0x72A7, 0x6226, 0x6226, 0x7287,
    0x72A7, 0x8308, 0x9369, 0xA3AA, 0x9BEC, 0x9C0C, 0x9BEB, 0x93CB,
    0x93EC, 0xA44D, 0xA44C, 0x9C0B, 0x9BCB, 0x9BEB, 0x9BEC, 0xA3EB,
    0xA3EB, 0xA3EB, 0xA3EC, 0x9BEC, 0x9C0C, 0xA44D, 0x9C2C, 0x9BEB,
    0x9BCB, 0x9BEB, 0xA3EB, 0xA3EB, 0xA3EB, 0xA3EB, 0xA40B, 0xA40B,
    0xAC2B, 0xA42B, 0x9C0B, 0x9C0B, 0x9BEB, 0x9BEA, 0x93AA, 0x9BCA,
    0xA42B, 0x9BEB, 0x9BEB, 0xA42C, 0xA44D, 0xA44D, 0xA46D, 0xA44D,
    0xAC2C, 0xAC4C, 0xA44C, 0xA46D, 0xA46F, 0xA46F, 0xA44E, 0xA46E,
    0xA4EF, 0xA50F, 0xA4CE, 0xA42C, 0xA40C, 0xAC4D, 0xAC8D, 0x9C0B,
    0x93AA, 0x93CB, 0x9C0C, 0x9C0B, 0x93EB, 0x8389, 0x8389, 0x8BAA,
    0x8B8B, 0x834A, 0x834A, 0x938B, 0x9C2D, 0x9C4E, 0x838A, 0x7B48,
    0x7B69, 0x8BAC, 0x8BAC, 0x9C0E, 0xACB3, 0xA472, 0xA492, 0xB554,
    0xAD35, 0xA4B4, 0x8BF1, 0x62AE, 0x4A2C, 0x424C, 0x2968, 0x5AAD,
    0x8C54, 0x8453, 0x3A29, 0x0062, 0x72C8, 0x72A7, 0x72A7, 0x7B09,
    0x8329, 0x7B29, 0x7B09, 0x7B08, 0x7B08, 0x7AC9, 0x6A88, 0x6246,
    0x6205, 0x6206, 0x7268, 0x8309, 0x8349, 0x8389, 0x8BA9, 0x93AA,
    0x93AB, 0x93EC, 0x9BEC, 0x93CA, 0x8BAA, 0x93CB, 0xA44D, 0xAC8D,
    0xA42D, 0x9BEC, 0x9BCB, 0xA3AA, 0xA3EB, 0xA40B, 0xA40B, 0x9BEB,
    0x9BEB, 0x9C0C, 0xAC6D, 0xA46D, 0x9C0C, 0x9BEB, 0x9BCB, 0xA3CA,
    0xA3EB, 0xA3EB, 0xABEB, 0xAC2B, 0xAC2B, 0xA42B, 0x9C0B, 0x9BCA,
    0x9BCA, 0x9C0B, 0xA42B, 0x9C0B, 0x9BEB, 0xA40C, 0xA40C, 0x93CB,
    0x8BCB, 0x93EB, 0xA42C, 0xA44C, 0xA42C, 0x9C2C, 0x9C2C, 0x944D,
    0x9C6E, 0xA46E, 0xA44D, 0x9C0C, 0x9C0C, 0xA46D, 0xACEF, 0xA4CE,
    0x9C2C, 0x9BEB, 0xA44C, 0xAC8E, 0xA44D, 0x93CB, 0x93EA, 0x9C4B,
    0xA44B, 0x93CA, 0x93CB, 0x9BEC, 0x938B, 0x8B6A, 0x836A, 0x8B8B,
    0x93EC, 0x93EC, 0x8B49, 0x8349, 0x838B, 0x93ED, 0x93EE, 0x942F,
    0xA4B2, 0xA4B3, 0xACF4, 0xBD55, 0xB535, 0xAD15, 0x9474, 0x62CE,
    0x4A0C, 0x4A4C, 0x2968, 0x528D, 0x8C33, 0x94B5, 0x428B, 0x08A3,
    0x832A, 0x8309, 0x7B08, 0x8329, 0x8329, 0x834A, 0x8B6A, 0x8329,
    0x7AC8, 0x7268, 0x6A47, 0x6226, 0x6227, 0x6A89, 0x830A, 0x9349,
    0x9B6A, 0xA3ED, 0xA40E, 0x9BCC, 0x93AB, 0x93CB, 0x9BEB, 0x9C0B,
    0x942B, 0x942B, 0x9C2C, 0xA42C, 0x9C0B, 0x9BEB, 0xA3EB, 0xAC0B,
    0xA40C, 0xA40B, 0xA42B, 0xA3EB, 0x9BEB, 0x940B, 0x9C2C, 0x9C2C,
    0x9BEB, 0x9BEB, 0xA40B, 0xAC0C, 0xABEB, 0xA3CA, 0x9BEA, 0xA40B,
    0xAC4C, 0xA40B, 0x93AA, 0x8369, 0x8BAA, 0x9C0C, 0xA42C, 0xA40C,
    0x9BCB, 0x9BEB, 0x9BEB, 0x93CB, 0x93CB, 0x9BEC, 0x9C0B, 0x9BEB,
    0x93EB, 0x8BEB, 0x8BEB, 0x93EB, 0x9C0C, 0x9C0C, 0x9C2C, 0x9C4D,
    0x9C2C, 0x93CB, 0x93AA, 0x9BEB, 0xA46D, 0xA44D, 0x9BEB, 0x9BEA,
    0x9C2B, 0x9C2B, 0x9C2B, 0x9BEA, 0x9BCA, 0x8B8A, 0x8B8A, 0x8BAB,
    0x8B8A, 0x8BA9, 0x93CB, 0x9C2E, 0xA44F, 0x9C2C, 0x93AA, 0x93AC,
    0x93ED, 0x93ED, 0x942E, 0x9470, 0x9CB1, 0xACD3, 0xB515, 0xBD76,
    0xAD14, 0xACF5, 0xA4F5, 0x8391, 0x5A6D, 0x420B, 0x2948, 0x528D,
    0x8413, 0x9CF6, 0x52CD, 0x08C4, 0x938B, 0x7B29, 0x72C8, 0x8329,
    0x8349, 0x8349, 0x8349, 0x7B08, 0x72C8, 0x7288, 0x6A67, 0x6A47,
    0x6A48, 0x62E9, 0x7B8A, 0x93AA, 0x9B8B, 0xA3AC, 0xA3ED, 0xA40C,
    0x9C0C, 0x9BEB, 0x9BCB, 0x9BAB, 0x9BAB, 0x9C2C, 0x9C4C, 0x940B,
    0x93CA, 0x9BEB, 0xA3EB, 0xA3CB, 0xA3EB, 0xA42B, 0xA44B, 0x9BCB,
    0x93CB, 0x9C4C, 0x9C2B, 0x93EA, 0x93CA, 0xA40C, 0xA3EC, 0x9BAA,
    0x9B69, 0xA3AA, 0xA3EB, 0x93AA, 0x93AA, 0x93AA, 0x93CA, 0x93AA,
    0x93AA, 0x9BEB, 0xA44C, 0xA44C, 0x9BEC, 0x93EC, 0x93EB, 0x9BEC,
    0x9BEB, 0x9BCB, 0x93EC, 0x9BEB, 0x9BEB, 0x9BEB, 0x9C0B, 0x9C2C,
    0x9C2C, 0x9C2C, 0x9C2C, 0x9C2C, 0x93EB, 0x93CA, 0x93CA, 0x9BEB,
    0x93EB, 0x93CA, 0x93CA, 0x93CA, 0x9C0B, 0xA42B, 0x9C0B, 0x93CA,
    0x8B89, 0x8369, 0x8369, 0x8B89, 0x9389, 0x8B48, 0x8327, 0x8B8B,
    0x93CC, 0x93CB, 0x8B8B, 0x93EC, 0x9C2E, 0x9C2F, 0x9430, 0x9450,
    0xA490, 0xACF3, 0xBD55, 0xBD76, 0xAD15, 0xAD15, 0xACD4, 0x9412,
    0x6AEF, 0x41EB, 0x2148, 0x4A6C, 0x7BF2, 0xAD58, 0x5B0E, 0x08C4,
    0x8B8A, 0x8349, 0x72E8, 0x8309, 0x8309, 0x8309, 0x8309, 0x7AC8,
    0x7AC8, 0x7AC9, 0x72A8, 0x6247, 0x51E6, 0x5206, 0x6268, 0x7B0A,
    0x938C, 0x9BCD, 0x9BAB, 0x9BCB, 0x93AB, 0x8BAB, 0x8BAB, 0x8B6A,
    0x9349, 0x9BAB, 0x9BCA, 0x93A9, 0x93AA, 0x93AA, 0x93AA, 0x9BAA,
    0xAC0B, 0xAC4C, 0xA44C, 0x93AA, 0x934A, 0x9BAB, 0x93CA, 0x93AA,
    0x938A, 0x9BCA, 0x9BCA, 0x9BCA, 0x9BEB, 0x9BCB, 0x9BAA, 0x9BAA,
    0x9BEB, 0xA42C, 0xA42C, 0xA42C, 0x9C0B, 0x9BEA, 0x9BEB, 0xA40B,
    0xA40C, 0x9C0C, 0x9BEB, 0x93CB, 0x93CB, 0x9BCB, 0x93EC, 0x9C2C,
    0x9C0C, 0x9BEB, 0x9C0B, 0x9C2B, 0x9C2B, 0x9C0B, 0x940B, 0x940B,
    0x9C0B, 0xA44C, 0xA44C, 0x9C2C, 0x940C, 0x940C, 0xA44C, 0x9C2B,
    0x9C0A, 0x9C0A, 0x9C0B, 0x9C0B, 0x9BEB, 0x93AB, 0x8B8A, 0x8B89,
    0x93C9, 0x8BA8, 0x8368, 0x93CB, 0x9C2E, 0x9C2E, 0x8BCC, 0x83AC,
    0x8BCE, 0x9430, 0x9C50, 0x9C90, 0xACF2, 0xB514, 0xB555, 0xBD76,
    0xAD15, 0xACF4, 0xA492, 0x9C73, 0x7B71, 0x4A0C, 0x2148, 0x3A0B,
    0x73B1, 0xB599, 0x634F, 0x10C4, 0x7B08, 0x7309, 0x7B29, 0x8329,
    0x8309, 0x7AE8, 0x7B08, 0x7B08, 0x7AC8, 0x7288, 0x6A87, 0x6A67,
    0x6A67, 0x7AA9, 0x6A26, 0x4943, 0x5A06, 0x8B8B, 0xAC4C, 0x9C0B,
    0x8B8A, 0x8B8A, 0x8B6A, 0x8B29, 0x8B08, 0x9329, 0x93A9, 0x9BEA,
    0x93CA, 0x93AA, 0x9BCB, 0xA40C, 0xA40C, 0xA40B, 0x93EA, 0x8B49,
    0x8AE9, 0x9328, 0x93C9, 0x9C0A, 0x93AA, 0x93AB, 0x9BEB, 0xA40C,
    0x9BEB, 0x9BCA, 0x93AA, 0x938A, 0x936A, 0x9369, 0x9389, 0x9BCA,
    0xA40B, 0xA40B, 0x9BEB, 0x9C0B, 0xA42C, 0xA44D, 0xA42D, 0xA3EC,
    0xA40C, 0x9BEB, 0x93CA, 0x9C0C, 0xA44D, 0xA46D, 0x9C2C, 0xA44C,
    0xA46C, 0x9C2C, 0x9C2C, 0x9C2D, 0x9C4C, 0xA44D, 0xAC8E, 0xAC8F,
    0xA46D, 0x9C4C, 0xA46C, 0xA44C, 0xA44C, 0xA44C, 0xA44C, 0xA42C,
    0x9BEB, 0x93CB, 0x9C0C, 0x9BED, 0x8B4A, 0x82E7, 0x8328, 0x940D,
    0xA4D1, 0xACF1, 0xA4D0, 0x9C51, 0x9412, 0xA471, 0xA490, 0xA4B1,
    0xB514, 0xB535, 0xBD55, 0xBD75, 0xB535, 0xACD4, 0x9431, 0xA4B3,
    0x8BF2, 0x522D, 0x2128, 0x29CA, 0x634F, 0xB599, 0x6B70, 0x18E6,
    0x72C9, 0x7309, 0x7B29, 0x8B29, 0x8309, 0x7B08, 0x7308, 0x7AE8,
    0x7AA8, 0x7287, 0x6A87, 0x6A88, 0x7288, 0x7AA9, 0x72A8, 0x72C7,
    0x8368, 0x9BCA, 0xA3CC, 0x93CB, 0x8BAA, 0x93AA, 0x9BCB, 0x9C0D,
    0x940C, 0x93AB, 0x9BCB, 0xA40C, 0x9C0B, 0xA40C, 0x9C0B, 0x9BCB,
    0x938A, 0x93A9, 0x9BEB, 0x940C, 0x93EC, 0x93AA, 0xA3EB, 0xA40C,
    0x9C0B, 0x9C0C, 0x9BEB, 0x9BAB, 0x936A, 0x938A, 0x9BCA, 0x9BCA,
    0x9BAA, 0x9389, 0x9369, 0x9BCA, 0xA40C, 0xA40C, 0x9BEB, 0x9BCB,
    0x9BEB, 0x9C0C, 0xA40C, 0x9BEB, 0x93AA, 0x8B8A, 0x836A, 0x8B8A,
    0x93EB, 0xA42B, 0x9BEB, 0x9BCA, 0x93CB, 0x93EC, 0x9C0C, 0x9C0B,
    0x93EB, 0x940C, 0x9C2D, 0xA44C, 0x9C2B, 0x9C2B, 0xA44B, 0xA44C,
    0xAC4C, 0xAC4D, 0xAC4D, 0xA42C, 0x9C0C, 0x93CB, 0x93CB, 0x93AB,
    0x9B4A, 0x9B4B, 0x93AD, 0x9C4E, 0x946D, 0x948F, 0xA4F4, 0xA4F5,
    0xACD3, 0xB4D2, 0xA491, 0xA4B2, 0xAD14, 0xB556, 0xBD56, 0xBD55,
    0xBD55, 0xACD4, 0x9431, 0xA4B4, 0x9433, 0x5A8E, 0x296A, 0x2169,
    0x52CD, 0xB578, 0x73B1, 0x2168, 0x7B2A, 0x7B2A, 0x8329, 0x8309,
    0x7B09, 0x7309, 0x7AE8, 0x7AC8, 0x7AC8, 0x72C8, 0x72A8, 0x6AA8,
    0x72A8, 0x6A88, 0x6A87, 0x7AC7, 0x936A, 0x9BEC, 0x9BCC, 0x93EC,
    0x9BEC, 0x9C0C, 0x9BEC, 0x9C2D, 0xAC8E, 0xAC6D, 0xAC6D, 0x9C2C,
    0x9BEB, 0x9BCC, 0x9BCC, 0x9BCB, 0x9BAA, 0x9BAA, 0xA3CB, 0xA46D,
    0xACAE, 0xAC6D, 0xA44C, 0x9C0B, 0x9BCB, 0x9BCB, 0x9BEC, 0xA3EB,
    0xA3EC, 0xA3EB, 0x9BEA, 0xA3EB, 0xA40B, 0x9BEB, 0x9BCB, 0x9BEB,
    0xA3EC, 0x9BEC, 0x9BCB, 0x9BCB, 0x9BCB, 0x93AA, 0x93AA, 0x9BCA,
    0x9C0A, 0x93CA, 0x8B8A, 0x834A, 0x8328, 0x8B28, 0x8B49, 0x8B8A,
    0x93AA, 0x93CB, 0x93EC, 0x93EC, 0x93EC, 0x9C2C, 0xA44B, 0x9C0B,
    0x93CA, 0x8BAA, 0x8B89, 0x93C9, 0x9BEA, 0x9BCA, 0x9BCB, 0x9C0C,
    0x93EB, 0x8349, 0x8309, 0x8B2A, 0x82A7, 0x6A67, 0x6AA9, 0x93CD,
    0x9C70, 0x9CD3, 0xB575, 0xB554, 0xACD2, 0xA4B2, 0xA4B1, 0xACD2,
    0xACD3, 0xB515, 0xBD55, 0xBD55, 0xBD76, 0xB515, 0x9C52, 0xA4B3,
    0x9C52, 0x6AEE, 0x29AB, 0x2169, 0x528C, 0xB558, 0x7BF2, 0x31CA,
    0x93CB, 0x8B8A, 0x8349, 0x7B29, 0x7B29, 0x7AE9, 0x7AE8, 0x7AE8,
    0x8309, 0x7AE9, 0x72A8, 0x6A47, 0x6206, 0x51C5, 0x6225, 0x82E8,
    0x8B2A, 0x938B, 0x93CC, 0x93CC, 0x93CC, 0x9C0C, 0xA40C, 0xA3EC,
    0x9BEC, 0x9C0C, 0x9BEB, 0x9BAA, 0x9B8A, 0x8B6A, 0x8B8B, 0x9BCB,
    0x9BAA, 0x938A, 0x9BAB, 0x9C0C, 0xA42C, 0x9BEC, 0x9BCB, 0x9BAA,
    0x938A, 0x8B6B, 0x938A, 0x9BCA, 0x9BCB, 0x9BEC, 0x9BAB, 0x938A,
    0x9369, 0x9B6A, 0x932A, 0x932A, 0x936A, 0x93AA, 0x93AA, 0x938A,
    0xA3EC, 0xAC4D, 0xA40C, 0x93AA, 0x93CB, 0xA40C, 0xA44D, 0xA44B,
    0x9C2B, 0x9BEC, 0x9BEB, 0x9BCB, 0x93CB, 0x93CC, 0x93EB, 0x9C0B,
    0x940B, 0x9C0B, 0x9C2C, 0xA44D, 0xA44D, 0xA42B, 0xA409, 0xA40A,
    0xA42B, 0x9C0B, 0xA42C, 0xA40C, 0x9BCC, 0x9BCC, 0x9B8C, 0x8B4C,
    0x72E8, 0x7369, 0x8C2D, 0xA491, 0xACF3, 0xAD54, 0xB575, 0xAD34,
    0xACF3, 0xAD55, 0xB513, 0xB4D2, 0xACB3, 0xACF4, 0xB555, 0xBD75,
    0xBD96, 0xB535, 0x9C92, 0xA4B3, 0x9C52, 0x732F, 0x3A0C, 0x2169,
    0x422A, 0xB558, 0x8434, 0x3A2C, 0x93CB, 0x8B6A, 0x7B09, 0x7B09,
    0x7B29, 0x7B09, 0x7AC8, 0x7AA8, 0x82C9, 0x7AE9, 0x6AA7, 0x5206,
    0x51E6, 0x7A88, 0x932B, 0x936A, 0x8B6A, 0x8B8A, 0x93AA, 0x93AB,
    0x9BAC, 0x93AB, 0x8B6A, 0x8329, 0x82E7, 0x8AC7, 0x8286, 0x82C7,
    0x8B49, 0x8B8A, 0x8B8B, 0x9BCB, 0x93CA, 0x8BA9, 0x8B6A, 0x8328,
    0x82C7, 0x8A86, 0x82A7, 0x8308, 0x8B8A, 0x8B6A, 0x938B, 0x9BCC,
    0xA3CC, 0xA3EC, 0x9BCB, 0x9328, 0x9308, 0x9308, 0x9348, 0x9B68,
    0x9B6A, 0xA3AB, 0xA3EB, 0xA40B, 0x9BEB, 0xA40C, 0x9C0C, 0x93CB,
    0x9BEB, 0x9C0B, 0x9BEB, 0x9BEB, 0x9BEC, 0xA42D, 0xAC6E, 0xAC6F,
    0xA42E, 0xA42C, 0xA46D, 0xAC8E, 0xA44D, 0x9C4D, 0xA44D, 0xAC4D,
    0xAC4D, 0xA44C, 0xA46C, 0xA46E, 0xA46E, 0xA44C, 0xA46C, 0x93EB,
    0x8B4B, 0x834A, 0x836A, 0x8BCC, 0x940D, 0x942D, 0x942D, 0x9C2F,
    0xACD2, 0xBD55, 0xBD75, 0xB555, 0xB555, 0xBD96, 0xBD74, 0xB533,
    0xAD35, 0xAD14, 0xB534, 0xBD75, 0xC596, 0xBD35, 0xA493, 0xA4B2,
    0x9C52, 0x7B50, 0x4A6E, 0x2169, 0x31C9, 0xA517, 0x8C75, 0x52CF,
    0x8B89, 0x836A, 0x832A, 0x834A, 0x7B09, 0x72C8, 0x7AC8, 0x7AC8,
    0x7AE9, 0x7AE9, 0x6A87, 0x6A68, 0x7AA9, 0x9B29, 0x9B49, 0x8329,
    0x8B4A, 0x938B, 0x9BAB, 0x9BEC, 0x93AB, 0x8B49, 0x7AE7, 0x7B08,
    0x8B49, 0x93AA, 0x93AA, 0x8B69, 0x9349, 0xB44F, 0xBCB1, 0x9C0D,
    0x8B89, 0x8B48, 0x8B29, 0x8308, 0x8B69, 0x93CA, 0x9389, 0x9348,
    0x9BAB, 0xB46F, 0xB490, 0x9C2E, 0x9BAC, 0xA3CC, 0xAC0E, 0xA42D,
    0x9BEB, 0x93A9, 0x9B89, 0x9BAA, 0x9BCA, 0x9BCB, 0xA40B, 0xA42B,
    0xA40B, 0xAC2C, 0xAC0C, 0x9BEB, 0x9BEB, 0xA40C, 0xA42E, 0xAC4E,
    0xA44E, 0x9C0D, 0x9C0D, 0xAC4F, 0xB490, 0xAC8E, 0xA46D, 0xAC6D,
    0xAC6E, 0xAC8E, 0xACAE, 0xACAF, 0xAC8F, 0xAC4E, 0x9C2C, 0x9C0C,
    0xA44D, 0xA46D, 0x9C4C, 0x93CA, 0x8B8B, 0x93ED, 0x9C2F, 0x9C50,
    0x940D, 0x93EC, 0x9C4F, 0xACD2, 0xB554, 0xB555, 0xB555, 0xBD75,
    0xBD75, 0xB555, 0xB556, 0xB576, 0xB576, 0xB555, 0xB554, 0xBD75,
    0xC5B6, 0xBD55, 0x9C92, 0x9C51, 0x9431, 0x8391, 0x5ACF, 0x2969,
    0x2968, 0x9496, 0x9476, 0x6331, 0x8B8A, 0x8B6A, 0x832A, 0x834A,
    0x830A, 0x7AC9, 0x7AC8, 0x72A8, 0x7AC9, 0x7B09, 0x8309, 0x7AC9,
    0x6287, 0x5A45, 0x6287, 0x7B0A, 0x8B2A, 0x8B29, 0x8B29, 0x8349,
    0x8B29, 0x8B08, 0x8B08, 0x8B49, 0x8B6A, 0x9369, 0x938A, 0x9369,
    0x8B28, 0x93AB, 0xA42D, 0x9C0C, 0x93CA, 0x9349, 0x8B2A, 0x8B29,
    0x8B69, 0x938A, 0x938A, 0x8B48, 0x8B48, 0x9BAB, 0xA44E, 0xAC8F,
    0x9C2C, 0x9BCB, 0xA3EC, 0xA44E, 0xA48F, 0xA44D, 0xAC0B, 0xABEB,
    0xA40C, 0xA42C, 0xA42B, 0xAC2C, 0xAC6E, 0xB48F, 0xAC6D, 0xA40B,
    0xA3EB, 0xA40B, 0xA40C, 0xA42D, 0xA42D, 0xA42D, 0xA44D, 0xAC6F,
    0xAC70, 0xAC8F, 0xA46D, 0xA46C, 0xA46E, 0xA44D, 0xA42C, 0xAC4C,
    0xAC6D, 0xAC4D, 0xA42C, 0xA42D, 0x9C2D, 0x942D, 0x93CB, 0x93CA,
    0x940B, 0x9C6E, 0xA4B1, 0xA470, 0x8BCB, 0x9C4D, 0xBD34, 0xBD54,
    0xB555, 0xB555, 0xBD75, 0xBD95, 0xBD96, 0xBD96, 0xBD76, 0xBD76,
    0xBD76, 0xB555, 0xB555, 0xBD96, 0xCDD7, 0xBD75, 0x9C72, 0x8BF0,
    0x93F0, 0x8BD0, 0x6310, 0x298A, 0x1927, 0x8C35, 0x8C76, 0x6B92,
    0x8B8B, 0x836A, 0x7B2A, 0x7B2A, 0x7B09, 0x7AEA, 0x830A, 0x7AC9,
    0x72C8, 0x72E8, 0x8328, 0x7B09, 0x72C9, 0x7ACA, 0x82EA, 0x832A,
    0x8B6A, 0x8B49, 0x82E8, 0x7AE7, 0x8348, 0x9BCB, 0x9C0C, 0xA3EC,
    0xA3CC, 0xA3CC, 0x9BAB, 0x938B, 0x9BCB, 0x9BAA, 0x93AA, 0x93AB,
    0x93CB, 0x9BCB, 0x9BCB, 0xA3EC, 0xA3EC, 0xA3CB, 0x938B, 0x9BAA,
    0x9BCB, 0x938A, 0x938A, 0x9C0D, 0xAC6E, 0xAC6E, 0xA44D, 0x9C4D,
    0x9C4D, 0x9C2D, 0xA40C, 0xA3EB, 0xABEB, 0xA40B, 0xA3EB, 0xA3EA,
    0xA40B, 0xA44C, 0x9C2D, 0x93CB, 0x9BEA, 0xA3EB, 0x9BCC, 0x93CC,
    0x8BCB, 0x93EC, 0xA48E, 0xAC8F, 0xA44E, 0xA46D, 0xA44D, 0xA42C,
    0xA40B, 0xA40B, 0xA3EA, 0xA3EA, 0x9BA9, 0x9BE9, 0xA42B, 0xA46E,
    0x9C4E, 0x93CB, 0x8389, 0x8BAA, 0x9C4C, 0xA4AE, 0xACCF, 0xA48E,
    0x8C0C, 0xA490, 0xBD96, 0xBD96, 0xBD76, 0xBD76, 0xBDB6, 0xBDB6,
    0xBDB6, 0xC5D7, 0xC5D7, 0xC5B7, 0xBD97, 0xB555, 0xB555, 0xBD75,
    0xCE17, 0xC596, 0x9C52, 0x8BCF, 0x940F, 0x8C11, 0x6B30, 0x298A,
    0x1927, 0x7393, 0x8C56, 0x73F3, 0x8B6B, 0x834B, 0x7B2A, 0x7B2A,
    0x7309, 0x72E9, 0x830A, 0x7AE9, 0x7AE9, 0x7309, 0x8349, 0x7B09,
    0x6AA8, 0x72E8, 0x832A, 0x8B6A, 0x9369, 0x9369, 0x9369, 0x9BAB,
    0xA38B, 0xA36A, 0xA38B, 0x9BAC, 0x93AC, 0x9BCC, 0xA40D, 0xA42D,
    0xA3EC, 0x9BAA, 0x93AA, 0x93EC, 0x93CC, 0x9BAB, 0xA3AB, 0x9BAC,
    0x93CC, 0x9BEC, 0xA42D, 0xA42D, 0xA3EC, 0x9B8A, 0x9B8A, 0x93AB,
    0x93EC, 0x9C2D, 0xA44D, 0xACAE, 0xACAE, 0xAC8E, 0xA46D, 0xA42C,
    0xA3EA, 0xABCA, 0xA3CB, 0xA3EB, 0xA40B, 0xA40C, 0xAC2D, 0xAC2D,
    0xA42C, 0xA40B, 0xA3EB, 0x9BEC, 0x9C0D, 0xAC4E, 0xAC8E, 0xAC6E,
    0xA44E, 0xA44D, 0xA44D, 0xA44C, 0xA40B, 0xAC0B, 0xAC2B, 0xA42C,
    0xA3EA, 0xA3EA, 0xA40C, 0xA44D, 0x9C2C, 0x93CA, 0x8BCA, 0x9C2C,
    0xACCF, 0xACD0, 0xA48D, 0x9C4C, 0xA46F, 0xB514, 0xBD57, 0xAD14,
    0xB554, 0xBD95, 0xC5B6, 0xBD96, 0xBD96, 0xC5D7, 0xC5D7, 0xBDB7,
    0xBD96, 0xB575, 0xB555, 0xB575, 0xCDF7, 0xC5B6, 0xA4B2, 0x940F,
    0x9430, 0x9452, 0x7350, 0x31AA, 0x1948, 0x6311, 0x8435, 0x8455,
    0x8B8B, 0x834A, 0x7B29, 0x834B, 0x730A, 0x730A, 0x832A, 0x72A9,
    0x5226, 0x4205, 0x62A7, 0x8329, 0x8309, 0x8B2A, 0x8B6B, 0x938B,
    0x936A, 0x9369, 0x9B8A, 0x938A, 0x936A, 0x8B49, 0x8349, 0x7B4A,
    0x7329, 0x7309, 0x8B6A, 0x9C0C, 0xA44D, 0xA40C, 0x9BCB, 0x93EC,
    0x8B8A, 0x8B49, 0x8329, 0x7B4A, 0x7329, 0x7B29, 0x93AB, 0xA42D,
    0xA44D, 0xA3EC, 0xA3EB, 0xA42C, 0xA40C, 0x9BCB, 0x9B6A, 0x9B89,
    0xA40C, 0xAC8E, 0xAC8E, 0xA44E, 0xA40C, 0xA3EB, 0xA40B, 0xA40B,
    0x9BEB, 0x9BCB, 0xAC2D, 0xACAF, 0xA46E, 0x9C0C, 0xA3EB, 0x9BCB,
    0x9BEC, 0x9C0D, 0x9C2D, 0xA44D, 0xAC4D, 0xAC2D, 0xAC2D, 0xAC4C,
    0xAC4C, 0xA42C, 0x9C2B, 0xA44C, 0xA44D, 0xAC4D, 0xAC2D, 0xA44C,
    0x9C4B, 0x940B, 0xA44D, 0xA48F, 0xA48F, 0xA48F, 0xBCCE, 0xCD4F,
    0xC571, 0xBD74, 0xB555, 0xAD34, 0xB554, 0xB575, 0xBD76, 0xBD96,
    0xBDB6, 0xC5D7, 0xC5D7, 0xBD96, 0xBD76, 0xB576, 0xB575, 0xBD75,
    0xC5D7, 0xBD96, 0xA4F3, 0x9450, 0x9C50, 0x9432, 0x6B50, 0x31EB,
    0x2169, 0x52B0, 0x83F5, 0x94B6, 0x8B8C, 0x836B, 0x836B, 0x8B6C,
    0x832B, 0x832B, 0x8B4B, 0x6A88, 0x5A26, 0x72E8, 0x8B6A, 0x9B8B,
    0x936A, 0x8B6B, 0x8B6B, 0x8B6A, 0x836A, 0x834A, 0x7B2A, 0x72E9,
    0x730A, 0x7B2A, 0x832A, 0x8B4A, 0x9B8B, 0x9BAC, 0x936A, 0x8B49,
    0x93AB, 0xAC6E, 0xAC8D, 0x9BEB, 0x834A, 0x7AEA, 0x7B0A, 0x8B6B,
    0x9BAC, 0x9B8B, 0x8B49, 0x8B8A, 0x9C2D, 0xA42D, 0xA40C, 0x9BEC,
    0x9C0C, 0xA44D, 0xA44D, 0xA3EC, 0x9BEC, 0xA42D, 0xAC4E, 0xAC6E,
    0xAC4E, 0xA46E, 0xAC8F, 0xAC8E, 0xAC8D, 0xA46C, 0xA46D, 0xAC8F,
    0xA48E, 0xA44D, 0x9C2D, 0x9C4E, 0xA48F, 0xA48E, 0xAC6D, 0xAC6D,
    0xAC8E, 0xB4D0, 0xB4CF, 0xAC8E, 0xAC8D, 0xAC6D, 0xB48E, 0xB4AE,
    0xB4CF, 0xB4CE, 0xACAD, 0xACAD, 0xAC8D, 0xA44D, 0xAC8E, 0xACCE,
    0xB50F, 0xBD10, 0xBD53, 0xBD95, 0xAD34, 0xAD13, 0xB554, 0xBD76,
    0xBD76, 0xB575, 0xB576, 0xBD96, 0xC5B6, 0xC5D7, 0xC5B7, 0xBD96,
    0xB596, 0xB575, 0xBD55, 0xBD96, 0xBDD7, 0xBDB7, 0xAD14, 0x9431,
    0x9410, 0x9431, 0x7371, 0x3A0C, 0x1969, 0x424E, 0x7C14, 0x9CF7,
    0x7B6B, 0x836C, 0x836B, 0x834A, 0x7B09, 0x6AA8, 0x72C9, 0x836B,
    0x9C0E, 0xAC2E, 0x938D, 0x72EA, 0x6AA9, 0x72A9, 0x7AE9, 0x832A,
    0x8B6B, 0x8BAC, 0x8B6C, 0x8B6B, 0x8B29, 0x9329, 0x936A, 0x9BAB,
    0xA40C, 0xA44D, 0xAC6D, 0xAC4D, 0xA42D, 0xA40C, 0x9BEB, 0x9BCB,
    0x938A, 0x934A, 0x936A, 0xA3CB, 0xA42D, 0xAC6D, 0xAC4E, 0xA42D,
    0xA40C, 0xA40C, 0x9C2C, 0x9C0C, 0xA42D, 0xAC4E, 0xAC6F, 0xAC6E,
    0xAC6D, 0xAC4C, 0xA44C, 0xAC2C, 0xAC2D, 0xAC4D, 0xAC6D, 0xAC6E,
    0xAC6E, 0xA46D, 0xA46D, 0xAC8F, 0xACAF, 0xA48F, 0x9C6E, 0x9C6F,
    0xA48F, 0xA4AE, 0xACF0, 0xB513, 0xB513, 0xB511, 0xB4F0, 0xB4AF,
    0xAC8D, 0xAC8D, 0xB4AE, 0xB4AE, 0xB4AE, 0xB4CE, 0xACCF, 0xACAF,
    0xAC8F, 0xB4AF, 0xB4EF, 0xB511, 0xB514, 0xAD34, 0xAD74, 0xB594,
    0xB534, 0xB514, 0xB555, 0xB555, 0xB576, 0xBD96, 0xBD96, 0xBD96,
    0xBDB6, 0xC5D7, 0xC5F7, 0xC5D7, 0xB596, 0xBD76, 0xBD96, 0xB5D7,
    0xBDD7, 0xC5D7, 0xB555, 0x9431, 0x8BCF, 0x8BCF, 0x7B91, 0x426D,
    0x1968, 0x3A0D, 0x7BF4, 0xA518, 0x838B, 0x8BAC, 0x836B, 0x6A67,
    0x51C5, 0x51E6, 0x6A48, 0x6A68, 0x6247, 0x6A48, 0x7268, 0x72A9,
    0x72C8, 0x7287, 0x7AC8, 0x8309, 0x8B2A, 0x934A, 0x9BAA, 0xAC4C,
    0xB46D, 0xAC2C, 0xA3EC, 0xA3EC, 0xA42C, 0xA42C, 0x9C0B, 0xA42C,
    0xAC4D, 0x8B28, 0x7A86, 0x8B49, 0xA40C, 0xAC2D, 0xA3EC, 0xA40C,
    0xA42C, 0x9C2C, 0xA3EB, 0xA40C, 0xA44E, 0xA40D, 0x9BEB, 0xA3EB,
    0xA40C, 0xA3EC, 0xA3EB, 0x9BEB, 0xA42C, 0xAC4D, 0xAC2C, 0xA42B,
    0xA42C, 0xAC4D, 0xA46D, 0xA44D, 0xA44D, 0xA44C, 0xA44C, 0xA46D,
    0x9C4F, 0x940F, 0x940D, 0x9C2D, 0x9C2D, 0x942D, 0xA4AF, 0xACF0,
    0xACD0, 0xACB0, 0xB4D0, 0xB4D0, 0xAC6E, 0xAC8E, 0xB4CE, 0xACAE,
    0xAC8D, 0xACAE, 0xB4F1, 0xACD0, 0xA4AE, 0xACCE, 0xACEF, 0xB512,
    0xBD35, 0xBD55, 0xBD75, 0xB554, 0xAD34, 0xAD34, 0xAD34, 0xAD35,
    0xB575, 0xBD96, 0xB596, 0xBD96, 0xBDB6, 0xC5D7, 0xC5F7, 0xC5D7,
    0xBD97, 0xB576, 0xB596, 0xBDD7, 0xC5D7, 0xC5B7, 0xB556, 0x9452,
    0x83CF, 0x83AE, 0x83F2, 0x4AAE, 0x1948, 0x29CB, 0x73B3, 0x9D18,
    0x836A, 0x7B2A, 0x72E9, 0x7AE9, 0x8B6B, 0x8B6C, 0x7ACA, 0x6A29,
    0x6228, 0x6249, 0x6247, 0x6267, 0x72C8, 0x7AE8, 0x82E8, 0x8AE8,
    0x8B0A, 0x830A, 0x8B2A, 0x93AB, 0x9BEC, 0x9BEC, 0x9BAB, 0xA3CB,
    0xAC0C, 0xABEC, 0xABEC, 0xABEC, 0xA42C, 0x8B49, 0x8308, 0x9BAB,
    0xA3EC, 0x9BEC, 0x9BCB, 0xA3EC, 0xAC0C, 0xABEC, 0xABCB, 0xA3CA,
    0xA40D, 0xAC8F, 0xB48F, 0xB44D, 0xAC2C, 0xAC4C, 0xAC2B, 0xA3EB,
    0xA40B, 0xAC2C, 0xAC4D, 0xAC4D, 0xAC4D, 0xAC6E, 0xAC6E, 0xB48E,
    0xAC8F, 0xA44D, 0xA44C, 0xA46D, 0x9C2D, 0x93ED, 0x8BCC, 0x8C0C,
    0x940C, 0x9C2D, 0xA48E, 0xB511, 0xB532, 0xA4B0, 0xAC8F, 0xACAF,
    0xAC4D, 0xAC6D, 0xB4AD, 0xB4CD, 0xACAE, 0xACB0, 0xB4F2, 0xACD0,
    0xACAE, 0xACAF, 0xACAF, 0xACD2, 0xB535, 0xB556, 0xB555, 0xAD34,
    0xB534, 0xB534, 0xB534, 0xAD35, 0xB556, 0xB596, 0xB596, 0xBD96,
    0xC5B7, 0xC5D7, 0xC5D7, 0xBDB7, 0xC5B7, 0xBDB7, 0xBDB7, 0xC5F7,
    0xBDB6, 0xBDB6, 0xBD96, 0x9C93, 0x8BD0, 0x838F, 0x9413, 0x5AEF,
    0x1168, 0x218B, 0x6B72, 0x94D6, 0x8B6B, 0x8B8B, 0x8B6B, 0x7B0A,
    0x72AA, 0x7AEB, 0x836A, 0x8BA9, 0x8348, 0x72C8, 0x7288, 0x7AA8,
    0x7AA7, 0x7AC8, 0x82C9, 0x82A9, 0x8B09, 0x938A, 0x9BCB, 0x93AB,
    0x9BAB, 0xA40C, 0xA40C, 0xA46E, 0xAC8E, 0x9C2C, 0xA42D, 0xAC4D,
    0xA44C, 0x9389, 0x8B28, 0x9BAB, 0xA3EC, 0xA40C, 0xA42D, 0xAC6E,
    0xA46E, 0xA40C, 0xA42D, 0xAC2D, 0xAC0C, 0xA40C, 0xA40C, 0xAC2C,
    0xA42C, 0xAC2C, 0xAC0C, 0xA3EB, 0x9BCA, 0xA3CB, 0xA40B, 0xAC2C,
    0xAC4D, 0xAC6D, 0xA42D, 0xA42D, 0xA44D, 0xA44D, 0xA44D, 0xA46D,
    0xA44E, 0xACB0, 0xB532, 0xB511, 0xA44E, 0x93EC, 0xA44E, 0xB510,
    0xBD32, 0xACD1, 0xACF1, 0xB511, 0xB4EF, 0xB4D0, 0xB4D0, 0xB4EF,
    0xB510, 0xB4F0, 0xACD1, 0xACD0, 0xB511, 0xB512, 0xACF0, 0xAD11,
    0xBD75, 0xB575, 0xB575, 0xB574, 0xB554, 0xB554, 0xB575, 0xB575,
    0xB575, 0xB575, 0xBD75, 0xBD96, 0xC5D7, 0xC5D7, 0xC5D7, 0xC5D7,
    0xC5D7, 0xBD97, 0xC5D7, 0xC638, 0xB5B6, 0xBD96, 0xBD97, 0xA4B4,
    0x8BF0, 0x838E, 0x9413, 0x5B30, 0x19A9, 0x216A, 0x5AF0, 0x8C75,
    0x93CB, 0x8BAB, 0x7B4A, 0x72A9, 0x6A88, 0x72C8, 0x8309, 0x936B,
    0x938A, 0x8B48, 0x82E7, 0x82C8, 0x82C9, 0x8B0A, 0x8B29, 0x9349,
    0x9349, 0x934A, 0x936B, 0x93AB, 0x9BCB, 0x9BEC, 0x9BEC, 0xAC4E,
    0xB46F, 0xAC2D, 0xAC2D, 0xAC2C, 0x9BEB, 0x936A, 0x936A, 0x9BCB,
    0x9BEB, 0x9BEB, 0xA3EC, 0xAC6E, 0xB46E, 0xAC2C, 0xA40C, 0xA42C,
    0xAC4C, 0xAC0B, 0xA40B, 0xA40C, 0xAC2C, 0xA40B, 0x9BEB, 0xA40B,
    0xAC4C, 0xAC4C, 0xAC2C, 0xAC2D, 0xAC4D, 0xAC6D, 0xAC6D, 0xA44D,
    0xA42D, 0xA42D, 0xA42D, 0xA42D, 0xA44E, 0xA46E, 0xA48F, 0xACD0,
    0xB4D0, 0xACB0, 0xA48F, 0xA48F, 0xACB0, 0xB4F1, 0xB512, 0xB4F2,
    0xB4F1, 0xB4F1, 0xB512, 0xB511, 0xB531, 0xB532, 0xAD12, 0xAD10,
    0xAD11, 0xB533, 0xB532, 0xB553, 0xB574, 0xB555, 0xB555, 0xB554,
    0xB575, 0xB555, 0xB555, 0xBD95, 0xBD95, 0xB575, 0xBD76, 0xBD97,
    0xC5D7, 0xC5D7, 0xC5D7, 0xC5D7, 0xC5D7, 0xC5B7, 0xC5D7, 0xC638,
    0xBDB6, 0xBDB6, 0xC5F8, 0xA4B4, 0x8BD0, 0x838E, 0x93F3, 0x5B30,
    0x21CA, 0x216A, 0x52AE, 0x73D2, 0x8B8A, 0x7B09, 0x72C9, 0x936D,
    0xA3CE, 0xABED, 0x9BAC, 0x8B6B, 0x8B6B, 0x938B, 0x938A, 0x8B6A,
    0x7B0B, 0x72CA, 0x72C8, 0x8309, 0x938B, 0xA3EC, 0x9BEB, 0xAC2C,
    0xAC0C, 0xAC0C, 0xA3EC, 0xA40C, 0xAC2D, 0xAC2D, 0xB46D, 0xAC4D,
    0x9BCB, 0x9BAB, 0xA3CB, 0xAC2C, 0xAC2C, 0xABEC, 0xABEC, 0xA40C,
    0xAC2D, 0xAC4D, 0xAC4D, 0xAC2C, 0xAC4D, 0xAC4D, 0xB46E, 0xB46D,
    0xAC4D, 0xA40B, 0xA3EA, 0xAC0B, 0xA40B, 0xA40C, 0xA42C, 0xAC4D,
    0xB46E, 0xB46D, 0xB46E, 0xAC6E, 0xA44D, 0xA46E, 0xA46E, 0xA44E,
    0xA44D, 0xA44E, 0xA48F, 0xA46E, 0xACAF, 0xB4F0, 0xB4D0, 0xACB0,
    0xACD1, 0xB4F2, 0xB512, 0xB512, 0xB532, 0xB532, 0xB533, 0xB512,
    0xB512, 0xB512, 0xB512, 0xB532, 0xB552, 0xB533, 0xAD33, 0xB555,
    0xBD95, 0xB555, 0xB534, 0xB554, 0xB575, 0xB575, 0xB555, 0xB595,
    0xBD96, 0xB576, 0xBD97, 0xBDB7, 0xC5D7, 0xCDF8, 0xCE18, 0xCE18,
    0xC5F7, 0xBDB7, 0xBDB7, 0xCE38, 0xBDB6, 0xBDD7, 0xC618, 0x9CB4,
    0x83B0, 0x836E, 0x8BF2, 0x5B30, 0x21EB, 0x2169, 0x424D, 0x5B30,
    0x93AB, 0x8B6C, 0x832B, 0x7B49, 0x7B68, 0x838A, 0x93AE, 0x93CF,
    0x8BEE, 0x8B8B, 0x834A, 0x7AC8, 0x72A7, 0x72C8, 0x832A, 0x938B,
    0x9BCB, 0xAC2C, 0xAC4D, 0xB46E, 0xAC0D, 0xA3EC, 0xAC2D, 0xB46E,
    0xAC6E, 0xAC6D, 0xAC4C, 0xA42C, 0x9BCC, 0x9BEC, 0xAC2D, 0xB46D,
    0xA40C, 0xA3EC, 0xAC4D, 0xB48E, 0xAC8D, 0xAC4D, 0xAC2C, 0xAC0B,
    0xAC2C, 0xAC4D, 0xAC6D, 0xAC6E, 0xB46D, 0xB46D, 0xAC6C, 0xB44B,
    0xAC4B, 0xAC6C, 0xB48D, 0xB48D, 0xB48E, 0xB46E, 0xBC8E, 0xBCAE,
    0xAC6E, 0xA46D, 0xA44D, 0xA42D, 0xA46E, 0xA4AF, 0xACD0, 0xACAF,
    0xA48F, 0xA48F, 0xACB0, 0xACD1, 0xAD11, 0xB512, 0xB532, 0xB532,
    0xB512, 0xB512, 0xB512, 0xB4F1, 0xB512, 0xB553, 0xBD53, 0xB532,
    0xB532, 0xB533, 0xB574, 0xBD95, 0xBD95, 0xB554, 0xB554, 0xB555,
    0xB555, 0xB555, 0xB575, 0xBD96, 0xBD96, 0xBD96, 0xBD96, 0xBDB7,
    0xC5D7, 0xCE18, 0xCE38, 0xCE18, 0xCE18, 0xC5F7, 0xC5F7, 0xCE39,
    0xBDB7, 0xBDD7, 0xC5F8, 0x9474, 0x7B6F, 0x7B2D, 0x8BF2, 0x6350,
    0x2A0B, 0x218A, 0x320C, 0x4ACE, 0x7AE9, 0x7B0A, 0x838D, 0x8BD0,
    0x8BCE, 0x8B8B, 0x936A, 0x8BAB, 0x8BCD, 0x83CE, 0x7B6E, 0x72EB,
    0x6AE9, 0x834A, 0xA3ED, 0xB46E, 0xAC6E, 0xAC6E, 0xAC4D, 0xAC4D,
    0xAC4D, 0xA44C, 0xA42C, 0xA42C, 0xAC6D, 0xB4AE, 0xB4AE, 0xA40C,
    0x938B, 0x9BCC, 0xAC4D, 0xAC6E, 0xAC6D, 0xA42C, 0xA42C, 0xAC6D,
    0xB48E, 0xB48E, 0xB48E, 0xB48E, 0xAC8D, 0xAC8D, 0xAC8D, 0xB48D,
    0xB4AE, 0xB48E, 0xAC8D, 0xB48D, 0xB4AF, 0xBCD1, 0xBCB0, 0xB48D,
    0xAC6C, 0xB4AE, 0xB4CF, 0xB4D0, 0xB4AF, 0xAC8E, 0xA46D, 0xA44E,
    0x9C8F, 0x9C90, 0x9C70, 0xA4B0, 0xACD0, 0xA4D0, 0xA4B1, 0xACF2,
    0xB533, 0xB533, 0xB533, 0xB532, 0xB553, 0xB553, 0xB553, 0xB553,
    0xB553, 0xB532, 0xB533, 0xB533, 0xB533, 0xB554, 0xB554, 0xB574,
    0xBD75, 0xB555, 0xB575, 0xB575, 0xB595, 0xB575, 0xB575, 0xBD95,
    0xBD96, 0xBD97, 0xBDB7, 0xBDB7, 0xC5D7, 0xCE18, 0xCE18, 0xCE18,
    0xCE18, 0xCDF8, 0xC618, 0xCE59, 0xBDB6, 0xBDB6, 0xBDD7, 0x9474,
    0x834F, 0x7B0D, 0x8C13, 0x6371, 0x31EB, 0x218A, 0x29EB, 0x428E,
    0x838A, 0x83AC, 0x83B0, 0x7B72, 0x7B50, 0x7B4D, 0x7B2B, 0x832B,
    0x72AA, 0x6A48, 0x6A69, 0x836D, 0x9C51, 0x9C2F, 0x9BED, 0x9BED,
    0x9BED, 0x9BEE, 0xA42D, 0xAC4E, 0xB48E, 0xBCD0, 0xC4D1, 0xB48F,
    0xAC4E, 0xAC6D, 0xA44C, 0x9BEB, 0x93CB, 0x9C0C, 0xAC4E, 0xB46E,
    0xBCAF, 0xBCF0, 0xBCB0, 0xB46F, 0xAC4D, 0xA44C, 0xAC4C, 0xAC6C,
    0xB48E, 0xB4AF, 0xBCAF, 0xB48E, 0xB46D, 0xAC4D, 0xAC4D, 0xB48E,
    0xBCCF, 0xBCEF, 0xBCCF, 0xBCCF, 0xBCCF, 0xBCCF, 0xB4D0, 0xB4D0,
    0xB4D0, 0xB4AF, 0xAC8F, 0xA48E, 0x9C6E, 0x9C8F, 0x9C90, 0xA4B1,
    0xA4D1, 0xACF2, 0xAD12, 0xAD13, 0xAD13, 0xAD33, 0xB553, 0xBD73,
    0xBD74, 0xBD74, 0xB574, 0xBD74, 0xB573, 0xB574, 0xBD94, 0xBD74,
    0xBD54, 0xB534, 0xB554, 0xBD75, 0xBD95, 0xB575, 0xB555, 0xB555,
    0xBD95, 0xB595, 0xB575, 0xBD75, 0xBD96, 0xBD96, 0xBD96, 0xBDB6,
    0xBDD7, 0xC618, 0xCE38, 0xCE38, 0xCE18, 0xCE18, 0xCE18, 0xD639,
    0xC5D7, 0xBDD7, 0xBDD7, 0x9C73, 0x8350, 0x7B0E, 0x8C33, 0x6370,
    0x29CA, 0x218A, 0x31EC, 0x428E, 0x8C0B, 0x8BED, 0x8BD1, 0x93B3,
    0x9413, 0x9C32, 0x93D0, 0x834D, 0x6ACA, 0x6289, 0x6249, 0x72AA,
    0x836C, 0x93ED, 0x9C0C, 0x9BCC, 0x9C0F, 0xA42F, 0xAC4F, 0xACB0,
    0xA48F, 0x944E, 0x9C6F, 0xACD2, 0xB534, 0xB534, 0xAC8F, 0xA3CA,
    0xA3AA, 0xA3CB, 0xAC4E, 0xACB0, 0x9C8F, 0x944E, 0xA4B1, 0xB513,
    0xB534, 0xB4F2, 0xB4B1, 0xB48F, 0xBC8E, 0xBCAE, 0xBCAF, 0xB48F,
    0xAC6E, 0xAC6E, 0xB48F, 0xB4AF, 0xB4AF, 0xB4AE, 0xB4AE, 0xBCAF,
    0xBCCE, 0xB4CE, 0xB4CE, 0xB4CE, 0xB4CF, 0xB4CF, 0xACAE, 0x9C6E,
    0x9C6F, 0x9CB1, 0xA4D2, 0xAD13, 0xACF2, 0xA4D2, 0xA4B1, 0xACF2,
    0xB533, 0xACF2, 0xAD13, 0xB573, 0xB553, 0xB532, 0xB532, 0xB553,
    0xB533, 0xB533, 0xB553, 0xBD53, 0xB533, 0xB532, 0xB553, 0xBD75,
    0xBD75, 0xBD74, 0xB574, 0xB574, 0xB575, 0xB576, 0xB576, 0xBD97,
    0xB5B7, 0xB596, 0xB555, 0xBD96, 0xBDD7, 0xBE18, 0xCE38, 0xCE18,
    0xCE18, 0xCE18, 0xCE18, 0xD638, 0xC617, 0xC638, 0xC5F8, 0x9473,
    0x836F, 0x832E, 0x8C33, 0x5B30, 0x21A9, 0x29AA, 0x320C, 0x3A6D,
  };

  const EyeDefinition eye PROGMEM = {
      "leopard_eye", 0.5, 0, 0, nullptr,
      { 0, 0.0, 0.35, 0.8 },
      { 0.5, { iris_texture, 256, 116 }, 41736, 0, 0, 0, 0 },
      { { nullptr, 0, 0 }, 65535, 0, 0, 0, 0 },
      { upper, lower, 0, 0.3, 0.0, true },
      { 233, nullptr, nullptr }
  };
}  // namespace
